{"DatasetPath": "datasets/workload_dataset/workload.csv", "MarkovChain": {"CPU": [[0.00011571395510298542, 0.9989585744040732, 0.00011571395510298542, 0.00011571395510298542, 0.00011571395510298542, 0.00011571395510298542, 0.00011571395510298542, 0.00011571395510298542, 0.00011571395510298542, 0.0001157139551026809], [0.00011571395510298542, 0.00011571395510298542, 0.9989585744040732, 0.00011571395510298542, 0.00011571395510298542, 0.00011571395510298542, 0.00011571395510298542, 0.00011571395510298542, 0.00011571395510298542, 0.00011571395510279192], [0.00011571395510298542, 0.00011571395510298542, 0.00011571395510298542, 0.9989585744040732, 0.00011571395510298542, 0.00011571395510298542, 0.00011571395510298542, 0.00011571395510298542, 0.00011571395510298542, 0.00011571395510279192], [0.00011571395510298542, 0.00011571395510298542, 0.00011571395510298542, 0.00011571395510298542, 0.9989585744040732, 0.00011571395510298542, 0.00011571395510298542, 0.00011571395510298542, 0.00011571395510298542, 0.00011571395510279192], [0.00011571395510298542, 0.00011571395510298542, 0.00011571395510298542, 0.00011571395510298542, 0.00011571395510298542, 0.9989585744040732, 0.00011571395510298542, 0.00011571395510298542, 0.00011571395510298542, 0.00011571395510279192], [0.00011571395510298542, 0.00011571395510298542, 0.00011571395510298542, 0.00011571395510298542, 0.00011571395510298542, 0.00011571395510298542, 0.9989585744040732, 0.00011571395510298542, 0.00011571395510298542, 0.00011571395510290294], [0.00011571395510298542, 0.00011571395510298542, 0.00011571395510298542, 0.00011571395510298542, 0.00011571395510298542, 0.00011571395510298542, 0.00011571395510298542, 0.9989585744040732, 0.00011571395510298542, 0.00011571395510290294], [0.00011571395510298542, 0.00011571395510298542, 0.00011571395510298542, 0.00011571395510298542, 0.00011571395510298542, 0.00011571395510298542, 0.00011571395510298542, 0.00011571395510298542, 0.9989585744040732, 0.00011571395510290294], [0.00011571395510298542, 0.00011571395510298542, 0.00011571395510298542, 0.00011571395510298542, 0.00011571395510298542, 0.00011571395510298542, 0.00011571395510298542, 0.00011571395510298542, 0.00011571395510298542, 0.9989585744040731], [0.9989585744040732, 0.00011571395510298542, 0.00011571395510298542, 0.00011571395510298542, 0.00011571395510298542, 0.00011571395510298542, 0.00011571395510298542, 0.00011571395510298542, 0.00011571395510298542, 0.0001157139551026809]], "Memory": [[0.1, 0.1, 0.1, 0.1, 0.1, 0.1, 0.1, 0.1, 0.1, 0.10000000000000009], [0.1, 0.1, 0.1, 0.1, 0.1, 0.1, 0.1, 0.1, 0.1, 0.10000000000000009], [0.1, 0.1, 0.1, 0.1, 0.1, 0.1, 0.1, 0.1, 0.1, 0.10000000000000009], [0.1, 0.1, 0.1, 0.1, 0.1, 0.1, 0.1, 0.1, 0.1, 0.10000000000000009], [0.1, 0.1, 0.1, 0.1, 0.1, 0.1, 0.1, 0.1, 0.1, 0.10000000000000009], [0.1, 0.1, 0.1, 0.1, 0.1, 0.1, 0.1, 0.1, 0.1, 0.10000000000000009], [0.1, 0.1, 0.1, 0.1, 0.1, 0.1, 0.1, 0.1, 0.1, 0.10000000000000009], [0.1, 0.1, 0.1, 0.1, 0.1, 0.1, 0.1, 0.1, 0.1, 0.10000000000000009], [0.1, 0.1, 0.1, 0.1, 0.1, 0.1, 0.1, 0.1, 0.1, 0.10000000000000009], [0.1, 0.1, 0.1, 0.1, 0.1, 0.1, 0.1, 0.1, 0.1, 0.10000000000000009]], "Network": [[0.00012344155042587335, 0.9988890260461671, 0.00012344155042587335, 0.00012344155042587335, 0.00012344155042587335, 0.00012344155042587335, 0.00012344155042587335, 0.00012344155042587335, 0.00012344155042587335, 0.00012344155042587346], [0.0001157809424568716, 0.0001157809424568716, 0.9989579715178881, 0.0001157809424568716, 0.0001157809424568716, 0.0001157809424568716, 0.0001157809424568716, 0.0001157809424568716, 0.0001157809424568716, 0.00011578094245678905], [0.00011575413821044102, 0.00011575413821044102, 0.00011575413821044102, 0.998958212756106, 0.00011575413821044102, 0.00011575413821044102, 0.00011575413821044102, 0.00011575413821044102, 0.00011575413821044102, 0.00011575413821063307], [0.00011575413821044102, 0.00011575413821044102, 0.00011575413821044102, 0.00011575413821044102, 0.998958212756106, 0.00011575413821044102, 0.00011575413821044102, 0.00011575413821044102, 0.00011575413821044102, 0.00011575413821063307], [0.00011575413821044102, 0.00011575413821044102, 0.00011575413821044102, 0.00011575413821044102, 0.00011575413821044102, 0.998958212756106, 0.00011575413821044102, 0.00011575413821044102, 0.00011575413821044102, 0.00011575413821063307], [0.00011575413821044102, 0.00011575413821044102, 0.00011575413821044102, 0.00011575413821044102, 0.00011575413821044102, 0.00011575413821044102, 0.998958212756106, 0.00011575413821044102, 0.00011575413821044102, 0.00011575413821052205], [0.00011575413821044102, 0.00011575413821044102, 0.00011575413821044102, 0.00011575413821044102, 0.00011575413821044102, 0.00011575413821044102, 0.00011575413821044102, 0.998958212756106, 0.00011575413821044102, 0.00011575413821052205], [0.00011575413821044102, 0.00011575413821044102, 0.00011575413821044102, 0.00011575413821044102, 0.00011575413821044102, 0.00011575413821044102, 0.00011575413821044102, 0.00011575413821044102, 0.998958212756106, 0.00011575413821052205], [0.00011575413821044102, 0.00011575413821044102, 0.00011575413821044102, 0.00011575413821044102, 0.00011575413821044102, 0.00011575413821044102, 0.00011575413821044102, 0.00011575413821044102, 0.00011575413821044102, 0.9989582127561061], [0.936899386361005, 0.06205858515688318, 0.0002315618849137432, 0.0001157809424568716, 0.0001157809424568716, 0.0001157809424568716, 0.0001157809424568716, 0.0001157809424568716, 0.0001157809424568716, 0.00011578094245667803]]}}