{"DatasetPath": "D:/кпі/4 курс/2 семестр/диплом/workload_generator/workloadGenerator/my_datasets/1.csv", "MarkovChain": {"CPU": [[2.2603825019269763e-06, 0.9999932188524943, 2.2603825019269763e-06, 2.260382501839686e-06], [1.0724079096517784e-06, 1.0724079096517784e-06, 0.999996782776271, 1.0724079096968708e-06], [7.512318323971733e-07, 7.512318323971733e-07, 7.512318323971733e-07, 0.9999977463045028], [0.283776745188496, 0.3143597190969433, 0.2557236435291974, 0.14613989218536327]], "Memory": [[2.2572548169817793e-06, 0.999993228235549, 2.2572548169817793e-06, 2.257254817061849e-06], [1.072183695088112e-06, 1.072183695088112e-06, 0.9999967834489147, 1.0721836950500219e-06], [7.50950891566446e-07, 7.50950891566446e-07, 7.50950891566446e-07, 0.9999977471473253], [0.28420841937923774, 0.3141341103607288, 0.25595264444003923, 0.14570482581999422]], "Network": [[2.2637699466429423e-06, 0.9999932086901601, 2.2637699466429423e-06, 2.2637699467198402e-06], [1.073525780721624e-06, 1.073525780721624e-06, 0.9999967794226579, 1.0735257807148457e-06], [7.508668758081205e-07, 7.508668758081205e-07, 7.508668758081205e-07, 0.9999977473993725], [0.28333120601993345, 0.31413833865589286, 0.25674256792597205, 0.1457878873982017]]}}