Date,Time,CPU,RAM,CHANNEL
2013-08-12,16:40:46,3.3666666666666667,5.066649119059244,12.0
2013-08-12,16:45:46,3.7,5.266650517781576,12.333333333333336
2013-08-12,16:50:46,3.4,6.266641616821289,12.266666666666667
2013-08-12,16:55:46,3.333333333333333,4.1333166758219395,11.533333333333333
2013-08-12,17:00:46,3.533333333333333,4.866650899251302,10.6
2013-08-12,17:05:46,3.166666666666667,8.133316040039062,11.6
2013-08-12,17:10:46,3.3666666666666667,5.333305994669597,11.266666666666667
2013-08-12,17:15:46,3.666666666666667,4.199981689453125,11.4
2013-08-12,17:20:46,3.333333333333333,5.733308792114258,11.0
2013-08-12,17:25:46,3.1,6.533323923746743,10.933333333333335
2013-08-12,17:30:46,3.9,6.7333221435546875,11.0
2013-08-12,17:35:46,3.633333333333333,8.399982452392578,9.133333333333333
2013-08-12,17:40:46,3.0,5.066652297973633,7.6
2013-08-12,17:45:46,3.3,7.533308664957682,7.666666666666668
2013-08-12,17:50:46,3.0,7.066647211710614,7.333333333333332
2013-08-12,17:55:46,3.0,5.399993260701496,7.333333333333332
2013-08-12,18:00:46,3.3,5.399990081787109,7.333333333333332
2013-08-12,18:05:46,3.0,5.199985504150391,7.133333333333334
2013-08-12,18:10:46,3.0,4.733308156331381,7.066666666666666
2013-08-12,18:15:46,3.3,6.466643015543622,7.333333333333332
2013-08-12,18:20:46,3.0,7.733319600423178,7.066666666666666
2013-08-12,18:25:46,3.0,7.266651789347329,7.066666666666666
2013-08-12,18:30:46,3.333333333333333,4.266649881998697,7.333333333333332
2013-08-12,18:35:46,3.0,6.199989318847656,7.466666666666668
2013-08-12,18:40:46,3.0,4.5999908447265625,7.2
2013-08-12,18:45:46,3.333333333333333,5.866648356119793,7.2
2013-08-12,18:50:47,3.033333333333333,4.533319473266602,7.0
2013-08-12,18:55:47,3.0,3.3999792734781895,7.0
2013-08-12,19:00:47,3.3,5.399980545043945,7.133333333333334
2013-08-12,19:05:47,3.0,5.9999847412109375,7.066666666666666
2013-08-12,19:10:47,3.033333333333333,5.533320109049479,7.0
2013-08-12,19:15:47,3.3,8.066651026407877,7.133333333333334
2013-08-12,19:20:47,3.066666666666667,5.9999847412109375,7.066666666666666
2013-08-12,19:25:47,3.0,5.199975967407227,7.133333333333334
2013-08-12,19:30:47,3.3666666666666667,5.9999847412109375,7.2
2013-08-12,19:35:47,3.0,5.266653696695964,7.0
2013-08-12,19:40:47,2.966666666666667,6.399974822998048,7.133333333333334
2013-08-12,19:45:47,3.3,5.5999819437662754,7.466666666666668
2013-08-12,19:50:47,3.0,5.799989700317383,7.466666666666668
2013-08-12,19:55:47,3.0,4.533313115437824,7.333333333333332
2013-08-12,20:00:47,3.3666666666666667,5.399980545043945,7.2666666666666675
2013-08-12,20:05:47,3.033333333333333,7.599983215332032,7.2666666666666675
2013-08-12,20:10:47,3.0,5.599985122680664,7.333333333333332
2013-08-12,20:15:47,3.3,7.666648228963218,7.4
2013-08-12,20:20:47,3.1,6.933320363362632,7.2666666666666675
2013-08-12,20:25:47,3.0,5.199985504150391,7.066666666666666
2013-08-12,20:30:47,3.333333333333333,4.599971771240234,7.333333333333332
2013-08-12,20:35:47,3.0,5.399980545043945,7.0
2013-08-12,20:40:47,2.966666666666667,4.799985885620117,7.0
2013-08-12,20:45:47,3.4,4.866641362508139,7.2
2013-08-12,20:50:47,3.0,6.999988555908203,7.0
2013-08-12,20:55:47,3.033333333333333,7.399988174438477,7.0
2013-08-12,21:00:47,3.3,6.599979400634766,7.066666666666666
2013-08-12,21:05:47,3.0,6.799974441528319,7.066666666666666
2013-08-12,21:10:47,3.0,4.199981689453125,7.2
2013-08-12,21:15:47,3.3,4.666652679443359,7.4
2013-08-12,21:20:47,3.1,5.399990081787109,7.2666666666666675
2013-08-12,21:25:47,2.933333333333333,4.199981689453125,7.066666666666666
2013-08-12,21:30:47,3.3,5.9999847412109375,7.2
2013-08-12,21:35:47,2.966666666666667,5.599985122680664,7.133333333333334
2013-08-12,21:40:47,3.066666666666667,4.866660435994466,7.066666666666666
2013-08-12,21:45:47,3.3,8.399972915649414,7.333333333333332
2013-08-12,21:50:47,3.0,6.933320363362632,7.0
2013-08-12,21:55:47,3.0,5.999994277954102,7.2666666666666675
2013-08-12,22:00:47,3.333333333333333,5.399980545043945,7.2
2013-08-12,22:05:47,3.0,6.399974822998048,7.066666666666666
2013-08-12,22:10:47,2.966666666666667,5.666656494140625,7.066666666666666
2013-08-12,22:15:47,3.3666666666666667,8.599977493286133,7.2666666666666675
2013-08-12,22:20:47,3.066666666666667,6.399984359741211,7.0
2013-08-12,22:25:47,3.0,5.133310953776041,7.533333333333332
2013-08-12,22:30:47,3.333333333333333,5.799980163574219,7.466666666666668
2013-08-12,22:35:47,2.966666666666667,8.799982070922852,7.2666666666666675
2013-08-12,22:40:47,2.933333333333333,5.599985122680664,6.933333333333334
2013-08-12,22:45:47,3.333333333333333,6.199979782104492,7.2
2013-08-12,22:50:47,3.0,6.399984359741211,7.066666666666666
2013-08-12,22:55:47,3.0,4.466654459635417,7.2
2013-08-12,23:00:47,3.3,6.466639836629233,7.133333333333334
2013-08-12,23:05:47,3.0,8.399972915649414,7.333333333333332
2013-08-12,23:10:48,3.033333333333333,3.9333184560139984,7.2
2013-08-12,23:15:48,3.333333333333333,5.733327865600586,7.333333333333332
2013-08-12,23:20:48,3.0,6.199976603190104,7.333333333333332
2013-08-12,23:25:48,3.0,6.799977620442708,7.133333333333334
2013-08-12,23:30:48,3.4,5.199975967407227,7.2
2013-08-12,23:35:48,3.033333333333333,6.399984359741211,6.933333333333334
2013-08-12,23:40:48,3.0,4.866660435994466,7.0
2013-08-12,23:45:48,3.4,5.86665153503418,7.133333333333334
2013-08-12,23:50:48,3.0,6.933317184448243,7.0
2013-08-12,23:55:48,3.0,6.199982961018879,7.133333333333334
2013-08-13,00:00:48,3.466666666666667,7.3333104451497375,7.133333333333334
2013-08-13,00:05:48,3.0,7.266651789347329,7.0
2013-08-13,00:10:48,3.0,4.999980926513672,7.2666666666666675
2013-08-13,00:15:48,3.333333333333333,8.399979273478191,7.4
2013-08-13,00:20:48,3.1,8.59998067220052,7.2666666666666675
2013-08-13,00:25:48,3.0,5.533313751220703,7.533333333333332
2013-08-13,00:30:48,3.3,7.199983596801758,7.7333333333333325
2013-08-13,00:35:48,3.0,6.599979400634766,7.2666666666666675
2013-08-13,00:40:48,3.0,4.399979909261067,7.2666666666666675
2013-08-13,00:45:48,3.333333333333333,4.999980926513672,7.2666666666666675
2013-08-13,00:50:48,3.0,5.999987920125326,7.133333333333334
2013-08-13,00:55:48,3.0,5.066649119059244,7.0
2013-08-13,01:00:48,3.233333333333333,5.53331693013509,7.066666666666666
2013-08-13,01:05:48,3.033333333333333,9.266646703084309,7.0
2013-08-13,01:10:48,2.933333333333333,5.333315531412761,7.0
2013-08-13,01:15:48,3.3666666666666667,5.799980163574219,7.2666666666666675
2013-08-13,01:20:48,3.066666666666667,7.199977238972982,7.066666666666666
2013-08-13,01:25:48,3.0,7.399984995524088,7.066666666666666
2013-08-13,01:30:48,3.3666666666666667,7.333313624064126,7.333333333333332
2013-08-13,01:35:48,3.033333333333333,10.933313369750977,7.2
2013-08-13,01:40:48,3.066666666666667,6.933310826619467,7.133333333333334
2013-08-13,01:45:48,3.3,5.5999819437662754,7.4
2013-08-13,01:50:48,3.066666666666667,6.666647593180337,7.333333333333332
2013-08-13,01:55:48,3.033333333333333,8.46665064493815,7.2666666666666675
2013-08-13,02:00:48,3.433333333333333,7.466643651326497,7.2666666666666675
2013-08-13,02:05:49,3.066666666666667,7.533318201700847,7.066666666666666
2013-08-13,02:10:49,3.033333333333333,5.666640599568684,7.066666666666666
2013-08-13,02:15:49,3.4,6.266647974650065,7.4
2013-08-13,02:20:49,3.1333333333333333,7.1333154042561855,7.333333333333332
2013-08-13,02:25:49,3.0,4.866647720336914,7.2666666666666675
2013-08-13,02:30:49,3.3,6.06665293375651,7.333333333333332
2013-08-13,02:35:49,3.0,6.999988555908203,7.2
2013-08-13,02:40:49,3.0,6.06665293375651,7.333333333333332
2013-08-13,02:45:49,3.3,6.733303070068359,7.2666666666666675
2013-08-13,02:50:49,3.0,5.399983723958334,7.066666666666666
2013-08-13,02:55:49,3.0,4.133326212565104,7.066666666666666
2013-08-13,03:00:49,3.3,6.866642634073893,7.2666666666666675
2013-08-13,03:05:49,3.0,8.06664784749349,7.133333333333334
2013-08-13,03:10:49,3.033333333333333,6.266647974650065,7.2
2013-08-13,03:15:49,3.3,5.5999819437662754,7.466666666666668
2013-08-13,03:20:49,3.066666666666667,7.733306884765626,7.0
2013-08-13,03:25:49,3.0,4.799985885620117,7.133333333333334
2013-08-13,03:30:49,3.3,6.133308410644531,7.333333333333332
2013-08-13,03:35:49,3.0,7.999979654947915,7.066666666666666
2013-08-13,03:40:49,3.033333333333333,3.9333248138427734,6.933333333333334
2013-08-13,03:45:49,3.333333333333333,6.0666433970133475,7.2
2013-08-13,03:50:49,3.0,6.599988937377929,7.0
2013-08-13,03:55:49,3.0,5.2666441599528,6.933333333333334
2013-08-13,04:00:49,3.3,7.533318201700847,7.0
2013-08-13,04:05:49,3.0,7.666645050048829,7.066666666666666
2013-08-13,04:10:49,3.0,4.999971389770508,7.066666666666666
2013-08-13,04:15:49,3.3,4.7333113352457685,7.2
2013-08-13,04:20:49,3.033333333333333,6.999975840250651,7.4
2013-08-13,04:25:49,4.233333333333333,8.733323415120443,7.4
2013-08-13,04:30:49,3.8,20.5999755859375,7.2666666666666675
2013-08-13,04:35:49,3.0,10.799986521402992,7.333333333333332
2013-08-13,04:40:49,3.033333333333333,7.599976857503256,7.2666666666666675
2013-08-13,04:45:49,3.333333333333333,5.79997698465983,7.2
2013-08-13,04:50:49,3.0,6.06665293375651,7.133333333333334
2013-08-13,04:55:49,2.933333333333333,5.0666459401448565,7.133333333333334
2013-08-13,05:00:50,3.3,4.399989446004231,7.133333333333334
2013-08-13,05:05:50,3.0,6.066649754842123,7.2
2013-08-13,05:10:50,3.0,4.533313115437824,7.2
2013-08-13,05:15:50,3.266666666666667,5.399980545043945,7.4
2013-08-13,05:20:50,3.0,6.666647593180337,7.133333333333334
2013-08-13,05:25:50,3.0,5.999987920125326,7.066666666666666
2013-08-13,05:30:50,3.333333333333333,6.666650772094726,7.133333333333334
2013-08-13,05:35:50,3.0,6.399993896484375,7.0
2013-08-13,05:40:50,2.966666666666667,6.799983978271484,7.0
2013-08-13,05:45:50,3.3,6.199992497762043,7.2
2013-08-13,05:50:50,2.966666666666667,7.399969100952148,7.0
2013-08-13,05:55:50,3.0,6.466646194458008,7.133333333333334
2013-08-13,06:00:49,3.333333333333333,7.199980417887369,7.2
2013-08-13,06:05:49,2.966666666666667,6.799983978271484,7.066666666666666
2013-08-13,06:10:49,3.0,4.533313115437824,6.933333333333334
2013-08-13,06:15:49,3.433333333333333,5.333315531412761,7.533333333333332
2013-08-13,06:20:49,3.1,6.199986139933268,7.466666666666668
2013-08-13,06:25:49,3.0,3.7333106994628906,7.333333333333332
2013-08-13,06:30:50,3.333333333333333,7.5999800364176435,7.466666666666668
2013-08-13,06:35:50,2.966666666666667,5.599985122680664,7.133333333333334
2013-08-13,06:40:50,3.0,5.199988683064779,7.066666666666666
2013-08-13,06:45:50,3.3,4.333314895629883,7.2
2013-08-13,06:50:50,3.1,6.466636657714845,7.066666666666666
2013-08-13,06:55:50,3.0,6.53331438700358,7.0
2013-08-13,07:00:50,3.333333333333333,7.53331184387207,6.933333333333334
2013-08-13,07:05:50,3.0,8.73331387837728,7.066666666666666
2013-08-13,07:10:50,3.0,7.266645431518555,7.0
2013-08-13,07:15:50,3.3,6.59998575846354,7.2666666666666675
2013-08-13,07:20:50,3.1,5.599988301595051,7.2
2013-08-13,07:25:50,3.0,5.86665153503418,7.066666666666666
2013-08-13,07:30:50,3.3666666666666667,7.933308283487955,7.066666666666666
2013-08-13,07:35:50,3.0,4.799979527791342,7.133333333333334
2013-08-13,07:40:50,3.0,6.999982198079429,7.333333333333332
2013-08-13,07:45:50,3.3,6.53331438700358,7.333333333333332
2013-08-13,07:50:50,3.0,7.399978637695312,7.133333333333334
2013-08-13,07:55:50,3.0,5.5999819437662754,7.2666666666666675
2013-08-13,08:00:50,3.3,4.866650899251302,7.066666666666666
2013-08-13,08:05:50,3.0,6.333319346110028,7.0
2013-08-13,08:10:50,3.0,5.199985504150391,7.0
2013-08-13,08:15:50,3.333333333333333,6.799987157185873,7.133333333333334
2013-08-13,08:20:50,3.166666666666667,5.5999755859375,7.0
2013-08-13,08:25:50,3.033333333333333,4.533325831095378,7.0
2013-08-13,08:30:50,3.3,6.733306248982745,7.133333333333334
2013-08-13,08:35:50,3.0,7.199980417887369,7.466666666666668
2013-08-13,08:40:50,3.0,4.733317693074545,7.333333333333332
2013-08-13,08:45:50,3.3,5.9999847412109375,7.466666666666668
2013-08-13,08:50:50,2.966666666666667,5.1333173116048165,7.2
2013-08-13,08:55:50,3.0,4.99998410542806,7.4
2013-08-13,09:00:51,3.4,5.866638819376627,7.133333333333334
2013-08-13,09:05:51,3.0,5.399983723958334,7.333333333333332
2013-08-13,09:10:51,3.0,7.1333154042561855,7.466666666666668
2013-08-13,09:15:51,3.3,6.533308029174805,7.666666666666668
2013-08-13,09:20:51,3.066666666666667,8.666636149088541,7.466666666666668
2013-08-13,09:25:51,3.033333333333333,6.99997901916504,7.2666666666666675
2013-08-13,09:30:51,3.3,6.399993896484375,7.2
2013-08-13,09:35:51,2.966666666666667,5.466645558675131,7.066666666666666
2013-08-13,09:40:51,2.966666666666667,4.733317693074545,7.133333333333334
2013-08-13,09:45:51,3.266666666666667,7.533315022786459,7.2
2013-08-13,09:50:51,3.0,6.266651153564454,7.0
2013-08-13,09:55:51,3.033333333333333,4.466654459635417,7.2
2013-08-13,10:00:51,3.3,5.999991099039713,7.2
2013-08-13,10:05:51,3.0,5.733311971028645,7.066666666666666
2013-08-13,10:10:51,3.0,7.199974060058594,7.0
2013-08-13,10:15:51,3.3,6.799974441528319,7.333333333333332
2013-08-13,10:20:51,3.066666666666667,6.066656112670898,7.333333333333332
2013-08-13,10:25:51,2.966666666666667,4.733317693074545,7.2666666666666675
2013-08-13,10:30:51,3.333333333333333,4.666643142700195,7.533333333333332
2013-08-13,10:35:51,3.0,6.666650772094726,7.666666666666668
2013-08-13,10:40:51,3.0,6.99997901916504,7.533333333333332
2013-08-13,10:45:51,3.333333333333333,4.999980926513672,7.666666666666668
2013-08-13,10:50:51,3.0,5.399980545043945,7.2666666666666675
2013-08-13,10:55:51,2.933333333333333,4.7333113352457685,7.333333333333332
2013-08-13,11:00:51,3.333333333333333,6.599979400634766,7.2
2013-08-13,11:05:51,3.0,6.799993515014649,7.133333333333334
2013-08-13,11:10:51,3.0,3.799982070922851,7.133333333333334
2013-08-13,11:15:51,3.333333333333333,6.066649754842123,7.2
2013-08-13,11:20:51,3.033333333333333,6.199989318847656,7.0
2013-08-13,11:25:51,2.933333333333333,4.933315912882486,7.0
2013-08-13,11:30:51,3.3666666666666667,7.266651789347329,7.133333333333334
2013-08-13,11:35:51,3.0,6.599988937377929,7.066666666666666
2013-08-13,11:40:51,2.966666666666667,3.199977874755859,7.0
2013-08-13,11:45:51,3.3,4.066651662190756,7.2
2013-08-13,11:50:51,3.066666666666667,6.199989318847656,7.066666666666666
2013-08-13,11:55:51,3.0,5.399990081787109,6.866666666666666
2013-08-13,12:00:51,3.266666666666667,6.199982961018879,7.0
2013-08-13,12:05:52,3.0,7.399978637695312,7.066666666666666
2013-08-13,12:10:52,3.0,5.399980545043945,7.133333333333334
2013-08-13,12:15:52,3.333333333333333,5.53331693013509,7.866666666666666
2013-08-13,12:20:52,3.1,6.199989318847656,7.533333333333332
2013-08-13,12:25:52,3.0,5.799980163574219,7.2
2013-08-13,12:30:52,3.3,6.266647974650065,7.466666666666668
2013-08-13,12:35:52,3.0,8.599977493286133,7.6
2013-08-13,12:40:52,3.033333333333333,6.799974441528319,7.133333333333334
2013-08-13,12:45:52,3.3,6.133321126302082,7.4
2013-08-13,12:50:52,3.0,7.199983596801758,7.2
2013-08-13,12:55:52,2.9,4.399983088175455,7.133333333333334
2013-08-13,13:00:52,3.4,7.533315022786459,7.0
2013-08-13,13:05:52,3.0,6.599979400634766,7.0
2013-08-13,13:10:52,3.0,5.599985122680664,7.0
2013-08-13,13:15:52,3.3666666666666667,5.933313369750977,7.133333333333334
2013-08-13,13:20:52,3.033333333333333,5.9999847412109375,7.066666666666666
2013-08-13,13:25:52,3.0,4.466654459635417,7.066666666666666
2013-08-13,13:30:52,3.3666666666666667,7.7999814351399746,7.2
2013-08-13,13:35:52,3.0,9.999980926513672,7.466666666666668
2013-08-13,13:40:52,3.1,6.799974441528319,8.066666666666666
2013-08-13,13:45:52,3.3666666666666667,6.799974441528319,7.466666666666668
2013-08-13,13:50:52,3.166666666666667,5.399980545043945,7.7333333333333325
2013-08-13,13:55:52,3.1333333333333333,3.199977874755859,8.133333333333333
2013-08-13,14:00:52,3.3666666666666667,5.399990081787109,8.0
2013-08-13,14:05:52,3.1,5.466648737589518,8.0
2013-08-13,14:10:52,3.033333333333333,4.26664670308431,7.933333333333334
2013-08-13,14:15:52,3.5,5.799989700317383,8.133333333333333
2013-08-13,14:20:53,3.166666666666667,7.199983596801758,7.933333333333334
2013-08-13,14:25:53,3.066666666666667,6.333312988281251,8.266666666666667
2013-08-13,14:30:53,3.666666666666667,5.533320109049479,9.666666666666666
2013-08-13,14:35:53,3.166666666666667,6.666653951009114,8.666666666666666
2013-08-13,14:40:53,3.1,5.399980545043945,8.4
2013-08-13,14:45:53,3.5,6.3333161671956395,8.4
2013-08-13,14:50:53,3.033333333333333,5.333315531412761,8.266666666666667
2013-08-13,14:55:53,3.0,4.733317693074545,8.2
2013-08-13,15:00:53,3.466666666666667,6.333319346110028,8.066666666666666
2013-08-13,15:05:52,3.066666666666667,6.066649754842123,8.0
2013-08-13,15:10:52,3.1,6.799980799357096,8.2
2013-08-13,15:15:52,3.433333333333333,8.799978892008463,8.466666666666667
2013-08-13,15:20:52,3.1333333333333333,7.266654968261718,8.0
2013-08-13,15:25:52,3.066666666666667,5.86665153503418,8.066666666666666
2013-08-13,15:30:52,3.433333333333333,4.466648101806641,7.2666666666666675
2013-08-13,15:35:52,3.033333333333333,5.86665153503418,8.533333333333333
2013-08-13,15:40:52,3.2,7.3333104451497375,11.0
2013-08-13,15:45:52,3.666666666666667,6.99997901916504,14.133333333333333
2013-08-13,15:50:52,3.433333333333333,6.599979400634766,15.666666666666664
2013-08-13,15:55:52,3.3666666666666667,5.333315531412761,15.6
2013-08-13,16:00:53,3.766666666666667,7.199989954630532,14.2
2013-08-13,16:05:53,3.266666666666667,6.86664899190267,16.066666666666666
2013-08-13,16:10:53,3.3666666666666667,7.333316802978515,16.266666666666666
2013-08-13,16:15:53,3.8,7.933308283487955,16.533333333333335
2013-08-13,16:20:53,3.533333333333333,6.066646575927734,15.666666666666664
2013-08-13,16:25:53,3.4,4.5333099365234375,15.733333333333333
2013-08-13,16:30:53,3.766666666666667,6.933320363362632,15.866666666666667
2013-08-13,16:35:53,3.466666666666667,8.799972534179688,15.666666666666664
2013-08-13,16:40:53,3.466666666666667,4.99998410542806,15.6
2013-08-13,16:45:53,3.733333333333333,4.466657638549805,15.333333333333336
2013-08-13,16:50:53,3.333333333333333,5.199975967407227,15.2
2013-08-13,16:55:53,3.3,4.933319091796875,15.333333333333336
2013-08-13,17:00:53,3.733333333333333,5.2666473388671875,13.2
2013-08-13,17:05:53,3.466666666666667,9.266646703084309,14.6
2013-08-13,17:10:53,3.433333333333333,5.533323287963867,14.466666666666667
2013-08-13,17:15:53,3.633333333333333,5.466642379760742,15.133333333333333
2013-08-13,17:20:53,3.466666666666667,6.599976221720377,15.266666666666667
2013-08-13,17:25:53,3.5,6.59998575846354,13.133333333333333
2013-08-13,17:30:53,3.7,6.666647593180337,10.133333333333333
2013-08-13,17:35:53,3.3,7.266645431518555,9.4
2013-08-13,17:40:53,3.166666666666667,8.99997075398763,9.4
2013-08-13,17:45:53,3.566666666666667,5.93331019083659,9.533333333333333
2013-08-13,17:50:53,3.3666666666666667,6.399981180826825,9.266666666666667
2013-08-13,17:55:53,3.3666666666666667,5.799980163574219,9.2
2013-08-13,18:00:53,3.6,6.86664899190267,8.666666666666666
2013-08-13,18:05:53,3.166666666666667,7.933311462402344,8.466666666666667
2013-08-13,18:10:53,3.2,5.999981562296551,8.266666666666667
2013-08-13,18:15:54,3.7,6.199979782104492,8.533333333333333
2013-08-13,18:20:54,3.2,6.933317184448243,8.4
2013-08-13,18:25:54,3.166666666666667,3.9999834696451817,8.6
2013-08-13,18:30:54,3.633333333333333,6.266644795735678,8.533333333333333
2013-08-13,18:35:54,3.666666666666667,5.533320109049479,8.466666666666667
2013-08-13,18:40:54,3.1333333333333333,4.333311716715494,8.333333333333334
2013-08-13,18:45:54,3.7,6.06665293375651,10.8
2013-08-13,18:50:54,3.3666666666666667,5.999987920125326,13.533333333333333
2013-08-13,18:55:54,3.333333333333333,6.13331158955892,14.466666666666667
2013-08-13,19:00:54,3.733333333333333,5.666643778483072,12.933333333333335
2013-08-13,19:05:54,3.466666666666667,5.399983723958334,13.933333333333335
2013-08-13,19:10:54,3.433333333333333,4.599974950154621,13.933333333333335
2013-08-13,19:15:54,3.766666666666667,6.199989318847656,14.0
2013-08-13,19:20:54,3.733333333333333,6.3999875386555996,13.866666666666667
2013-08-13,19:25:54,4.1,14.199968973795574,14.0
2013-08-13,19:30:54,3.766666666666667,9.533309936523438,13.666666666666664
2013-08-13,19:35:54,3.3,9.733314514160156,13.8
2013-08-13,19:40:54,3.166666666666667,6.066656112670898,13.533333333333333
2013-08-13,19:45:54,3.566666666666667,4.999987284342447,13.8
2013-08-13,19:50:54,3.3666666666666667,5.733305613199869,13.533333333333333
2013-08-13,19:55:54,3.4,7.7999750773112,15.466666666666667
2013-08-13,20:00:55,3.666666666666667,7.399978637695312,13.733333333333333
2013-08-13,20:05:55,3.333333333333333,5.866641998291016,16.466666666666665
2013-08-13,20:10:55,3.466666666666667,8.533322016398111,17.333333333333332
2013-08-13,20:15:55,3.833333333333333,5.999972025553387,17.6
2013-08-13,20:20:55,3.533333333333333,5.933316548665365,17.066666666666666
2013-08-13,20:25:55,3.4,5.333325068155924,16.933333333333334
2013-08-13,20:30:55,3.8,5.399980545043945,17.0
2013-08-13,20:35:55,3.466666666666667,6.06663703918457,16.933333333333334
2013-08-13,20:40:55,3.466666666666667,5.199982325236003,16.266666666666666
2013-08-13,20:45:55,3.7,5.799983342488606,16.733333333333334
2013-08-13,20:50:55,3.4,6.199976603190104,16.466666666666665
2013-08-13,20:55:55,3.4,5.9999847412109375,16.266666666666666
2013-08-13,21:00:55,3.8,8.533312479654947,14.4
2013-08-13,21:05:55,3.333333333333333,7.799984614054361,15.466666666666667
2013-08-13,21:10:55,3.233333333333333,5.933316548665365,15.4
2013-08-13,21:15:55,4.766666666666667,6.799993515014649,16.0
2013-08-13,21:20:55,3.5,7.9333241780598955,14.0
2013-08-13,21:25:55,3.633333333333333,6.533317565917969,13.133333333333333
2013-08-13,21:30:55,3.8666666666666663,6.9333140055338545,12.066666666666665
2013-08-13,21:35:55,3.233333333333333,7.1333154042561855,11.666666666666664
2013-08-13,21:40:55,3.533333333333333,5.333309173583984,11.466666666666667
2013-08-13,21:45:55,3.766666666666667,6.13331158955892,11.533333333333333
2013-08-13,21:50:55,3.6,8.73331069946289,11.2
2013-08-13,21:55:55,3.166666666666667,5.733318328857422,10.4
2013-08-13,22:00:55,3.666666666666667,7.3333104451497375,9.466666666666667
2013-08-13,22:05:55,3.666666666666667,8.399982452392578,9.4
2013-08-13,22:10:55,3.233333333333333,5.066649119059244,8.866666666666667
2013-08-13,22:15:55,3.733333333333333,7.266651789347329,8.866666666666667
2013-08-13,22:20:55,3.166666666666667,8.733317057291666,8.333333333333334
2013-08-13,22:25:55,3.066666666666667,5.1333173116048165,8.333333333333334
2013-08-13,22:30:55,3.566666666666667,6.666650772094726,8.533333333333333
2013-08-13,22:35:55,3.166666666666667,5.733315149943033,8.266666666666667
2013-08-13,22:40:56,3.266666666666667,6.466655731201172,8.266666666666667
2013-08-13,22:45:56,3.4,5.799983342488606,8.133333333333333
2013-08-13,22:50:56,3.066666666666667,5.733318328857422,7.7333333333333325
2013-08-13,22:55:56,3.066666666666667,4.4666512807210275,8.0
2013-08-13,23:00:56,3.533333333333333,5.9333038330078125,7.7333333333333325
2013-08-13,23:05:56,3.033333333333333,5.399986902872721,7.6
2013-08-13,23:10:56,3.0,3.9999771118164067,7.2666666666666675
2013-08-13,23:15:56,3.3666666666666667,6.799980799357096,7.533333333333332
2013-08-13,23:20:56,3.1333333333333333,7.133318583170572,7.0
2013-08-13,23:25:56,3.066666666666667,4.866657257080078,7.0
2013-08-13,23:30:56,3.433333333333333,7.93331464131673,7.333333333333332
2013-08-13,23:35:56,3.0,6.399981180826825,7.133333333333334
2013-08-13,23:40:56,3.0,4.933328628540039,7.066666666666666
2013-08-13,23:45:56,3.3666666666666667,6.799977620442708,7.2666666666666675
2013-08-13,23:50:56,3.0,5.2666441599528,7.2666666666666675
2013-08-13,23:55:56,3.033333333333333,5.2666473388671875,7.2666666666666675
2013-08-14,00:00:56,3.3666666666666667,4.599984486897787,7.2
2013-08-14,00:05:56,3.0,5.599985122680664,7.0
2013-08-14,00:10:56,3.0,5.599985122680664,7.133333333333334
2013-08-14,00:15:56,3.3666666666666667,6.933317184448243,7.466666666666668
2013-08-14,00:20:56,3.1,9.199968973795574,7.333333333333332
2013-08-14,00:25:56,3.0,4.3333180745442705,7.666666666666668
2013-08-14,00:30:56,3.333333333333333,6.86664899190267,7.466666666666668
2013-08-14,00:35:56,3.0,4.999980926513672,7.133333333333334
2013-08-14,00:40:56,3.0,3.799988428751628,7.0
2013-08-14,00:45:56,3.3,5.399971008300781,7.2
2013-08-14,00:50:56,2.966666666666667,8.466647466023764,7.0
2013-08-14,00:55:56,3.033333333333333,7.199983596801758,7.066666666666666
2013-08-14,01:00:56,3.4,6.533317565917969,7.0
2013-08-14,01:05:56,3.0,6.333309809366862,7.133333333333334
2013-08-14,01:10:56,3.0,8.199987411499023,7.0
2013-08-14,01:15:56,3.266666666666667,5.399971008300781,7.4
2013-08-14,01:20:56,3.066666666666667,5.9999847412109375,7.2
2013-08-14,01:25:56,3.0,4.5999908447265625,7.066666666666666
2013-08-14,01:30:56,3.3666666666666667,5.5333105723063145,7.2
2013-08-14,01:35:56,3.033333333333333,7.399978637695312,7.066666666666666
2013-08-14,01:40:56,3.0,5.9999847412109375,7.066666666666666
2013-08-14,01:45:56,3.4,3.799991607666016,7.4
2013-08-14,01:50:56,3.033333333333333,4.599994023640951,7.2
2013-08-14,01:55:56,3.0,5.666646957397461,7.2666666666666675
2013-08-14,02:00:56,3.433333333333333,6.999969482421875,7.2
2013-08-14,02:05:56,3.033333333333333,7.599973678588867,7.066666666666666
2013-08-14,02:10:56,3.0,3.9999771118164067,7.0
2013-08-14,02:15:56,3.433333333333333,4.799985885620117,7.2
2013-08-14,02:20:56,3.066666666666667,5.199985504150391,7.133333333333334
2013-08-14,02:25:56,3.0,5.333318710327148,7.0
2013-08-14,02:30:56,3.433333333333333,6.133324305216471,7.2666666666666675
2013-08-14,02:35:56,3.066666666666667,7.599976857503256,7.2666666666666675
2013-08-14,02:40:56,3.0,4.399986267089844,7.066666666666666
2013-08-14,02:45:56,3.4,6.999975840250651,7.2666666666666675
2013-08-14,02:50:56,3.0,8.199987411499023,7.066666666666666
2013-08-14,02:55:56,3.0,5.5999755859375,7.0
2013-08-14,03:00:56,3.3666666666666667,6.466639836629233,7.133333333333334
2013-08-14,03:05:56,3.0,7.199983596801758,7.066666666666666
2013-08-14,03:10:56,3.033333333333333,5.399990081787109,7.2666666666666675
2013-08-14,03:15:56,3.266666666666667,4.999980926513672,7.533333333333332
2013-08-14,03:20:56,3.033333333333333,5.199975967407227,7.133333333333334
2013-08-14,03:25:56,3.0,5.199985504150391,7.2
2013-08-14,03:30:56,3.3666666666666667,5.399980545043945,7.2
2013-08-14,03:35:57,3.0,6.933307647705078,7.066666666666666
2013-08-14,03:40:57,2.933333333333333,5.199991861979167,7.0
2013-08-14,03:45:57,3.466666666666667,5.199988683064779,7.2666666666666675
2013-08-14,03:50:57,3.0,5.599985122680664,6.933333333333334
2013-08-14,03:55:57,3.0,4.599981307983398,7.133333333333334
2013-08-14,04:00:57,3.3,5.266650517781576,7.133333333333334
2013-08-14,04:05:57,3.0,6.99997901916504,7.066666666666666
2013-08-14,04:10:57,3.0,5.399980545043945,7.2666666666666675
2013-08-14,04:15:57,3.4,8.599983851114908,7.466666666666668
2013-08-14,04:20:57,3.0,7.79998779296875,7.066666666666666
2013-08-14,04:25:57,3.033333333333333,5.866648356119793,7.4
2013-08-14,04:30:57,4.033333333333333,9.599971771240234,7.133333333333334
2013-08-14,04:35:57,3.0,6.799983978271484,7.066666666666666
2013-08-14,04:40:57,3.0,6.7333126068115225,7.0
2013-08-14,04:45:57,3.233333333333333,7.399978637695312,7.2
2013-08-14,04:50:57,3.0,8.199981053670248,7.0
2013-08-14,04:55:57,3.033333333333333,5.399990081787109,7.0
2013-08-14,05:00:57,3.3,6.0666433970133475,7.0
2013-08-14,05:05:57,3.0,7.53331184387207,7.133333333333334
2013-08-14,05:10:57,3.0,6.066646575927734,7.0
2013-08-14,05:15:57,3.433333333333333,7.999976476033527,7.2
2013-08-14,05:20:57,3.066666666666667,9.333318074544271,7.0
2013-08-14,05:25:57,3.0,4.599981307983398,7.0
2013-08-14,05:30:57,3.266666666666667,6.399974822998048,7.2
2013-08-14,05:35:57,3.0,7.799984614054361,7.066666666666666
2013-08-14,05:40:57,2.9,5.999987920125326,7.133333333333334
2013-08-14,05:45:57,3.466666666666667,5.733315149943033,7.8
2013-08-14,05:50:57,3.066666666666667,5.933313369750977,7.533333333333332
2013-08-14,05:55:57,3.0,6.599979400634766,7.333333333333332
2013-08-14,06:00:57,3.433333333333333,5.466645558675131,7.2
2013-08-14,06:05:58,3.1333333333333333,6.666650772094726,7.133333333333334
2013-08-14,06:10:58,3.0,6.333312988281251,7.0
2013-08-14,06:15:58,3.3666666666666667,5.866657892862957,7.4
2013-08-14,06:20:58,3.0,6.59998575846354,7.133333333333334
2013-08-14,06:25:58,2.9,5.666646957397461,7.2666666666666675
2013-08-14,06:30:58,3.433333333333333,6.799993515014649,7.333333333333332
2013-08-14,06:35:58,3.0,7.333323160807291,7.2666666666666675
2013-08-14,06:40:58,2.933333333333333,3.8666566212972016,7.0
2013-08-14,06:45:58,3.333333333333333,5.733318328857422,7.2
2013-08-14,06:50:58,3.0,5.066652297973633,7.0
2013-08-14,06:55:58,2.933333333333333,5.733308792114258,7.0
2013-08-14,07:00:58,3.266666666666667,7.7999750773112,7.133333333333334
2013-08-14,07:05:58,2.966666666666667,8.333311080932617,7.133333333333334
2013-08-14,07:10:58,2.9,5.9999847412109375,6.933333333333334
2013-08-14,07:15:58,3.5,5.93331019083659,7.2666666666666675
2013-08-14,07:20:58,3.066666666666667,7.133312225341797,7.066666666666666
2013-08-14,07:25:58,2.966666666666667,6.399974822998048,7.0
2013-08-14,07:30:58,3.266666666666667,5.0666459401448565,7.2
2013-08-14,07:35:58,3.0,5.999975204467773,7.133333333333334
2013-08-14,07:40:58,3.0,5.266650517781576,7.2
2013-08-14,07:45:58,3.433333333333333,7.7999750773112,7.4
2013-08-14,07:50:58,3.0,8.066644668579102,7.2666666666666675
2013-08-14,07:55:58,3.0,5.866654713948568,7.2666666666666675
2013-08-14,08:00:58,3.266666666666667,5.466642379760742,7.2
2013-08-14,08:05:58,3.0,4.866650899251302,7.0
2013-08-14,08:10:58,3.0,4.26666259765625,7.0
2013-08-14,08:15:59,3.333333333333333,5.199985504150391,7.2
2013-08-14,08:20:59,3.0,6.066656112670898,7.0
2013-08-14,08:25:59,3.0,5.533320109049479,7.066666666666666
2013-08-14,08:30:59,3.3666666666666667,7.199974060058594,7.2666666666666675
2013-08-14,08:35:59,3.033333333333333,7.7999814351399746,7.133333333333334
2013-08-14,08:40:59,3.066666666666667,7.533321380615235,9.266666666666667
2013-08-14,08:45:59,3.633333333333333,8.13330332438151,11.6
2013-08-14,08:50:59,3.333333333333333,6.933307647705078,11.066666666666665
2013-08-14,08:55:59,3.166666666666667,5.3999773661295585,11.066666666666665
2013-08-14,09:00:59,3.633333333333333,8.999980290730795,10.266666666666667
2013-08-14,09:05:59,3.1333333333333333,8.266646067301432,10.666666666666666
2013-08-14,09:10:59,3.066666666666667,4.799979527791342,10.466666666666667
2013-08-14,09:15:59,6.033333333333334,16.999963124593098,30.86666666666667
2013-08-14,09:20:58,3.266666666666667,10.199979146321615,10.8
2013-08-14,09:25:58,3.266666666666667,8.599990208943685,10.133333333333333
2013-08-14,09:30:58,3.5,8.26664924621582,10.4
2013-08-14,09:35:58,3.033333333333333,7.999973297119141,10.333333333333334
2013-08-14,09:40:58,3.266666666666667,5.333318710327148,10.2
2013-08-14,09:45:58,3.633333333333333,6.399978001912436,10.333333333333334
2013-08-14,09:50:59,3.333333333333333,8.199987411499023,9.4
2013-08-14,09:55:59,3.1333333333333333,6.599982579549152,9.6
2013-08-14,10:00:59,3.5,6.266647974650065,9.133333333333333
2013-08-14,10:05:59,3.233333333333333,6.466652552286783,9.6
2013-08-14,10:10:59,3.266666666666667,4.266653060913086,8.933333333333334
2013-08-14,10:15:59,3.533333333333333,7.399988174438477,9.2
2013-08-14,10:20:59,3.233333333333333,8.066644668579102,9.0
2013-08-14,10:25:59,3.1333333333333333,5.5333105723063145,9.133333333333333
2013-08-14,10:30:59,3.533333333333333,4.53332265218099,8.8
2013-08-14,10:35:59,3.1,5.93331019083659,8.333333333333334
2013-08-14,10:40:59,3.1333333333333333,5.799989700317383,8.4
2013-08-14,10:45:59,3.6,6.933307647705078,8.666666666666666
2013-08-14,10:50:59,3.3,7.333307266235352,8.6
2013-08-14,10:55:59,3.1333333333333333,4.933306376139322,7.866666666666666
2013-08-14,11:00:59,3.466666666666667,5.86665153503418,7.8
2013-08-14,11:05:59,3.1,7.733316421508789,7.8
2013-08-14,11:10:59,3.0,7.333316802978515,7.533333333333332
2013-08-14,11:15:59,3.3666666666666667,5.933313369750977,7.7333333333333325
2013-08-14,11:20:59,3.1333333333333333,6.599976221720377,7.2666666666666675
2013-08-14,11:25:59,3.066666666666667,7.199986775716144,7.133333333333334
2013-08-14,11:30:59,3.333333333333333,7.066650390625,7.2666666666666675
2013-08-14,11:35:59,3.0,7.399988174438477,7.2
2013-08-14,11:40:59,3.0,4.933306376139322,7.533333333333332
2013-08-14,11:45:59,3.4,7.5999800364176435,7.7333333333333325
2013-08-14,11:50:59,3.0,5.933313369750977,7.0
2013-08-14,11:55:59,3.066666666666667,4.533319473266602,7.133333333333334
2013-08-14,12:00:59,3.466666666666667,5.066661834716797,7.2666666666666675
2013-08-14,12:05:59,3.066666666666667,7.333316802978515,7.066666666666666
2013-08-14,12:10:59,3.0,5.933313369750977,7.133333333333334
2013-08-14,12:15:59,3.333333333333333,6.933310826619467,7.2
2013-08-14,12:20:59,3.0,8.642830167497907,7.2142857142857135
2013-08-14,12:25:59,3.0357142857142856,6.4285414559500555,7.2142857142857135
2013-08-14,12:30:59,3.5357142857142856,7.2856903076171875,7.071428571428571
2013-08-14,12:35:59,3.0,6.857122693743024,7.142857142857142
2013-08-14,12:41:00,2.8928571428571432,6.2857014792306085,7.0
2013-08-14,12:46:00,3.321428571428572,7.714271545410156,7.2142857142857135
2013-08-14,12:51:00,2.9285714285714284,8.499983378819056,7.142857142857142
2013-08-14,12:56:00,3.0,5.85712024143764,7.0
2013-08-14,13:01:00,3.3928571428571432,5.499982833862305,7.2142857142857135
2013-08-14,13:06:00,3.0,5.714263234819685,7.142857142857142
2013-08-14,13:11:00,3.0,4.999981607709612,7.0
2013-08-14,13:16:00,3.3928571428571432,5.142835208347867,7.357142857142858
2013-08-14,13:21:00,3.1428571428571432,5.428549221583776,7.0
2013-08-14,13:26:00,3.0,4.7142710004534045,7.0
2013-08-14,13:31:00,3.3928571428571432,5.499986239842007,7.357142857142858
2013-08-14,13:36:00,3.1071428571428568,7.92855875832694,7.142857142857142
2013-08-14,13:41:00,3.0,5.64283984048026,7.071428571428571
2013-08-14,13:46:00,3.3666666666666667,4.799976348876953,7.333333333333332
2013-08-14,13:51:00,3.0,4.466657638549805,7.333333333333332
2013-08-14,13:56:00,3.0,4.39997673034668,7.533333333333332
2013-08-14,14:01:00,3.4,7.1333154042561855,7.333333333333332
2013-08-14,14:06:00,3.066666666666667,5.2666473388671875,7.2
2013-08-14,14:11:00,3.0,4.999971389770508,7.4
2013-08-14,14:16:00,3.3666666666666667,6.199986139933268,7.7333333333333325
2013-08-14,14:21:00,2.966666666666667,5.93331019083659,7.7333333333333325
2013-08-14,14:26:00,3.033333333333333,6.933320363362632,7.666666666666668
2013-08-14,14:31:00,3.433333333333333,7.866646448771158,7.333333333333332
2013-08-14,14:36:00,3.033333333333333,5.5999914805094395,7.066666666666666
2013-08-14,14:41:00,2.966666666666667,4.666646321614584,7.0
2013-08-14,14:46:00,3.3,6.399974822998048,7.2
2013-08-14,14:51:00,2.966666666666667,7.266648610432941,7.0
2013-08-14,14:56:00,2.933333333333333,6.866652170817058,7.0
2013-08-14,15:01:00,3.4,5.3999773661295585,7.2
2013-08-14,15:06:00,2.933333333333333,7.266645431518555,7.333333333333332
2013-08-14,15:11:01,2.966666666666667,5.999978383382162,7.2666666666666675
2013-08-14,15:16:01,3.4,7.399978637695312,7.4
2013-08-14,15:21:01,3.1,6.866645812988281,7.333333333333332
2013-08-14,15:26:01,3.1,7.333313624064126,7.933333333333334
2013-08-14,15:31:01,3.333333333333333,7.7999814351399746,7.2666666666666675
2013-08-14,15:36:01,3.066666666666667,5.533320109049479,7.133333333333334
2013-08-14,15:41:01,3.0,4.3333180745442705,7.2666666666666675
2013-08-14,15:46:01,3.4,5.2666441599528,7.333333333333332
2013-08-14,15:51:01,3.0,6.066640218098959,7.2
2013-08-14,15:56:01,3.0,6.666657129923502,7.2
2013-08-14,16:01:01,3.4,5.1333173116048165,7.133333333333334
2013-08-14,16:06:01,3.1,7.466643651326497,7.133333333333334
2013-08-14,16:11:01,3.0,4.533316294352214,7.133333333333334
2013-08-14,16:16:01,3.433333333333333,6.333312988281251,7.4
2013-08-14,16:21:01,3.0,6.3333161671956395,7.0
2013-08-14,16:26:01,3.0,5.399986902872721,7.2666666666666675
2013-08-14,16:31:01,3.4,7.866649627685547,7.2
2013-08-14,16:36:01,3.033333333333333,7.066653569539389,7.333333333333332
2013-08-14,16:41:01,3.0,5.199985504150391,7.066666666666666
2013-08-14,16:46:01,3.3,5.13331413269043,7.533333333333332
2013-08-14,16:51:01,3.0,6.466646194458008,7.2
2013-08-14,16:56:01,3.0,5.5999819437662754,7.066666666666666
2013-08-14,17:01:01,3.4,8.93331527709961,7.2666666666666675
2013-08-14,17:06:01,3.0,6.999982198079429,7.0
2013-08-14,17:11:01,3.066666666666667,6.266641616821289,7.133333333333334
2013-08-14,17:16:01,3.3666666666666667,5.466655095418293,7.4
2013-08-14,17:21:01,3.033333333333333,5.066652297973633,7.133333333333334
2013-08-14,17:26:02,3.0,5.866657892862957,7.133333333333334
2013-08-14,17:31:02,3.333333333333333,4.599984486897787,7.333333333333332
2013-08-14,17:36:02,3.0,5.2666473388671875,7.0
2013-08-14,17:41:02,3.0,4.266643524169922,6.933333333333334
2013-08-14,17:46:02,3.466666666666667,7.133305867513022,7.333333333333332
2013-08-14,17:51:02,3.0,7.733316421508789,7.133333333333334
2013-08-14,17:56:02,3.0,4.799992243448893,7.0
2013-08-14,18:01:02,3.333333333333333,6.466636657714845,7.066666666666666
2013-08-14,18:06:02,3.0,6.53331438700358,7.066666666666666
2013-08-14,18:11:02,3.0,5.266650517781576,6.933333333333334
2013-08-14,18:16:02,3.333333333333333,4.199978510538736,7.466666666666668
2013-08-14,18:21:02,3.0,5.666637420654297,7.666666666666668
2013-08-14,18:26:02,3.066666666666667,5.133320490519206,7.466666666666668
2013-08-14,18:31:01,3.7,6.066649754842123,7.333333333333332
2013-08-14,18:36:01,3.1333333333333333,7.1333154042561855,7.0
2013-08-14,18:41:01,2.966666666666667,5.933322906494141,6.933333333333334
2013-08-14,18:46:01,3.333333333333333,4.933306376139322,7.2666666666666675
2013-08-14,18:51:01,2.966666666666667,6.066646575927734,7.066666666666666
2013-08-14,18:56:01,3.0,4.999987284342447,7.2
2013-08-14,19:01:01,3.3666666666666667,7.399975458780923,7.133333333333334
2013-08-14,19:06:02,3.0,8.133312861124674,7.2
2013-08-14,19:11:02,3.033333333333333,6.933317184448243,7.066666666666666
2013-08-14,19:16:02,3.4,7.3333104451497375,7.333333333333332
2013-08-14,19:21:02,3.033333333333333,6.533317565917969,7.066666666666666
2013-08-14,19:26:02,2.966666666666667,5.999981562296551,7.0
2013-08-14,19:31:02,3.3666666666666667,8.466647466023764,7.333333333333332
2013-08-14,19:36:02,3.033333333333333,8.666645685831705,7.133333333333334
2013-08-14,19:41:02,3.0,5.333312352498373,7.133333333333334
2013-08-14,19:46:02,3.4,5.333325068155924,7.4
2013-08-14,19:51:02,2.966666666666667,6.666647593180337,7.2
2013-08-14,19:56:02,3.0,8.666652043660482,7.0
2013-08-14,20:01:02,3.3666666666666667,5.599985122680664,7.133333333333334
2013-08-14,20:06:02,3.0,5.466658274332682,7.066666666666666
2013-08-14,20:11:02,2.966666666666667,4.26664670308431,7.2
2013-08-14,20:16:02,3.4,8.866650263468424,7.2666666666666675
2013-08-14,20:21:02,3.033333333333333,8.199987411499023,7.2666666666666675
2013-08-14,20:26:02,3.0,5.266650517781576,7.2666666666666675
2013-08-14,20:31:02,3.4,7.266654968261718,7.466666666666668
2013-08-14,20:36:02,3.0,8.799972534179688,7.133333333333334
2013-08-14,20:41:02,2.9,4.73332405090332,7.066666666666666
2013-08-14,20:46:02,3.433333333333333,5.199985504150391,7.4
2013-08-14,20:51:02,3.0,6.599988937377929,7.4
2013-08-14,20:56:02,3.0,4.999971389770508,7.333333333333332
2013-08-14,21:01:03,3.3666666666666667,6.399984359741211,7.466666666666668
2013-08-14,21:06:03,2.966666666666667,6.733318964640299,7.333333333333332
2013-08-14,21:11:03,2.966666666666667,6.733309427897134,7.133333333333334
2013-08-14,21:16:03,3.3666666666666667,7.66664187113444,7.333333333333332
2013-08-14,21:21:03,3.0,7.199974060058594,7.133333333333334
2013-08-14,21:26:03,2.933333333333333,4.266656239827474,7.133333333333334
2013-08-14,21:31:03,3.3,4.799976348876953,7.4
2013-08-14,21:36:03,3.0,5.199995040893555,7.2666666666666675
2013-08-14,21:41:03,3.0,4.533316294352214,7.066666666666666
2013-08-14,21:46:03,3.433333333333333,7.7999750773112,7.2
2013-08-14,21:51:03,3.033333333333333,8.199987411499023,7.0
2013-08-14,21:56:03,3.0,6.399984359741211,7.0
2013-08-14,22:01:03,3.3666666666666667,5.799989700317383,7.2
2013-08-14,22:06:03,3.0,5.799989700317383,7.2
2013-08-14,22:11:03,3.0,3.9999866485595703,7.2
2013-08-14,22:16:03,8.933333333333334,18.26663335164388,100.0
2013-08-14,22:21:03,3.033333333333333,13.799962997436523,7.333333333333332
2013-08-14,22:26:03,3.4,7.999973297119141,7.2
2013-08-14,22:31:03,3.4,6.799983978271484,7.533333333333332
2013-08-14,22:36:03,3.0,5.8666451772054025,6.866666666666666
2013-08-14,22:41:03,3.0,5.799980163574219,7.0
2013-08-14,22:46:03,3.4,7.599983215332032,7.466666666666668
2013-08-14,22:51:03,3.033333333333333,7.399988174438477,7.4
2013-08-14,22:56:03,3.0,5.799980163574219,7.333333333333332
2013-08-14,23:01:03,3.3,7.599983215332032,7.0
2013-08-14,23:06:03,3.0,5.799980163574219,7.0
2013-08-14,23:11:04,3.0,5.399980545043945,7.133333333333334
2013-08-14,23:16:04,3.4,5.066642761230469,7.4
2013-08-14,23:21:04,3.1,5.199985504150391,7.2666666666666675
2013-08-14,23:26:04,3.0,5.799986521402996,7.333333333333332
2013-08-14,23:31:04,3.433333333333333,6.399984359741211,7.533333333333332
2013-08-14,23:36:04,3.066666666666667,7.799978256225586,7.2666666666666675
2013-08-14,23:41:04,3.0,5.86665153503418,7.333333333333332
2013-08-14,23:46:04,3.433333333333333,6.999982198079429,7.333333333333332
2013-08-14,23:51:04,3.0,6.999969482421875,7.2
2013-08-14,23:56:04,2.933333333333333,4.999980926513672,7.066666666666666
2013-08-15,00:01:04,3.5,7.399969100952148,7.2666666666666675
2013-08-15,00:06:04,3.066666666666667,6.399984359741211,7.2
2013-08-15,00:11:04,3.033333333333333,5.5999819437662754,7.2
2013-08-15,00:16:04,3.4,7.533321380615235,7.2
2013-08-15,00:21:04,3.033333333333333,7.79998779296875,7.0
2013-08-15,00:26:04,3.033333333333333,6.599979400634766,7.133333333333334
2013-08-15,00:31:04,3.466666666666667,5.599985122680664,7.666666666666668
2013-08-15,00:36:04,3.0,7.666648228963218,7.333333333333332
2013-08-15,00:41:04,3.0,5.533307393391928,7.133333333333334
2013-08-15,00:46:04,3.4,6.933326721191406,7.4
2013-08-15,00:51:04,3.1333333333333333,6.399984359741211,7.466666666666668
2013-08-15,00:56:05,3.066666666666667,4.266640345255533,7.6
2013-08-15,01:01:05,3.333333333333333,6.9333044687906895,7.2666666666666675
2013-08-15,01:06:05,2.933333333333333,5.466645558675131,7.333333333333332
2013-08-15,01:11:05,2.966666666666667,6.799974441528319,7.066666666666666
2013-08-15,01:16:05,3.4,9.933319091796875,7.333333333333332
2013-08-15,01:21:05,3.1,8.199981053670248,7.466666666666668
2013-08-15,01:26:05,2.9,5.666646957397461,7.466666666666668
2013-08-15,01:31:05,3.3666666666666667,6.666647593180337,7.6
2013-08-15,01:36:05,3.0,6.733318964640299,7.2
2013-08-15,01:41:05,3.0,5.466648737589518,7.2
2013-08-15,01:46:05,5.233333333333333,8.933308919270834,7.466666666666668
2013-08-15,01:51:05,3.0,7.399978637695312,7.133333333333334
2013-08-15,01:56:05,3.0,5.666643778483072,7.066666666666666
2013-08-15,02:01:05,3.5,8.399985631306967,7.333333333333332
2013-08-15,02:06:05,3.0,9.13331667582194,7.133333333333334
2013-08-15,02:11:05,3.0,5.666656494140625,7.066666666666666
2013-08-15,02:16:05,3.333333333333333,5.733315149943033,7.2
2013-08-15,02:21:05,3.033333333333333,4.933319091796875,7.2
2013-08-15,02:26:05,3.0,4.4666512807210275,7.2
2013-08-15,02:31:05,3.3666666666666667,7.9333241780598955,7.2
2013-08-15,02:36:05,3.0,5.466651916503906,7.2666666666666675
2013-08-15,02:41:05,3.0,5.199982325236003,7.066666666666666
2013-08-15,02:46:05,3.3666666666666667,6.933317184448243,7.6
2013-08-15,02:51:05,3.0,5.933326085408529,7.7333333333333325
2013-08-15,02:56:05,3.033333333333333,8.399976094563803,7.6
2013-08-15,03:01:05,3.3666666666666667,7.399984995524088,7.4
2013-08-15,03:06:05,3.0,7.53331184387207,7.333333333333332
2013-08-15,03:11:05,3.0,6.199973424275717,7.2666666666666675
2013-08-15,03:16:05,3.3666666666666667,6.266641616821289,7.4
2013-08-15,03:21:05,3.066666666666667,5.199985504150391,7.4
2013-08-15,03:26:05,3.0,4.399973551432291,7.333333333333332
2013-08-15,03:31:05,3.433333333333333,7.1333154042561855,7.6
2013-08-15,03:36:05,3.033333333333333,6.333319346110028,7.066666666666666
2013-08-15,03:41:05,3.0,7.199980417887369,7.133333333333334
2013-08-15,03:46:05,3.333333333333333,8.866643905639648,7.333333333333332
2013-08-15,03:51:05,3.0,5.799983342488606,6.933333333333334
2013-08-15,03:56:05,3.0,4.133326212565104,7.066666666666666
2013-08-15,04:01:05,3.3666666666666667,6.599982579549152,7.066666666666666
2013-08-15,04:06:05,3.0,5.999991099039713,7.0
2013-08-15,04:11:05,3.0,4.599981307983398,7.066666666666666
2013-08-15,04:16:05,3.333333333333333,5.933319727579754,7.2
2013-08-15,04:21:06,3.0,4.5999908447265625,7.0
2013-08-15,04:26:06,3.0,5.133320490519206,7.333333333333332
2013-08-15,04:31:06,4.1,9.666649500528973,7.533333333333332
2013-08-15,04:36:06,3.0,10.733308792114258,7.466666666666668
2013-08-15,04:41:06,3.0,5.533313751220703,7.2666666666666675
2013-08-15,04:46:06,3.3666666666666667,7.266642252604166,7.466666666666668
2013-08-15,04:51:06,3.0,6.999975840250651,7.333333333333332
2013-08-15,04:56:06,3.0,3.799982070922851,7.466666666666668
2013-08-15,05:01:06,3.4,5.7999738057454415,7.4
2013-08-15,05:06:06,3.033333333333333,4.999980926513672,7.0
2013-08-15,05:11:06,3.033333333333333,6.333325703938803,7.133333333333334
2013-08-15,05:16:06,3.4,6.733309427897134,7.466666666666668
2013-08-15,05:21:06,3.1,7.399969100952148,7.066666666666666
2013-08-15,05:26:06,2.966666666666667,7.93331464131673,7.2
2013-08-15,05:31:06,3.433333333333333,5.866654713948568,7.333333333333332
2013-08-15,05:36:06,3.1,6.0666433970133475,7.133333333333334
2013-08-15,05:41:06,3.0,5.599988301595051,7.066666666666666
2013-08-15,05:46:06,3.333333333333333,6.599982579549152,7.333333333333332
2013-08-15,05:51:06,3.0,6.6666412353515625,7.133333333333334
2013-08-15,05:56:06,3.0,4.533319473266602,7.2666666666666675
2013-08-15,06:01:06,3.433333333333333,5.066649119059244,7.133333333333334
2013-08-15,06:06:06,3.033333333333333,7.799978256225586,7.133333333333334
2013-08-15,06:11:06,2.966666666666667,6.59998575846354,7.066666666666666
2013-08-15,06:16:06,3.333333333333333,8.333320617675781,7.466666666666668
2013-08-15,06:21:06,3.1,5.9999847412109375,7.333333333333332
2013-08-15,06:26:06,3.0,5.2666441599528,7.333333333333332
2013-08-15,06:31:06,3.333333333333333,8.133319218953451,7.466666666666668
2013-08-15,06:36:06,3.0,7.93331464131673,7.133333333333334
2013-08-15,06:41:06,3.033333333333333,6.0666433970133475,7.0
2013-08-15,06:46:06,3.4,5.999987920125326,7.533333333333332
2013-08-15,06:51:06,3.0,6.133321126302082,7.6
2013-08-15,06:56:07,3.0,5.666650136311848,7.4
2013-08-15,07:01:07,3.333333333333333,6.999985376993817,7.2666666666666675
2013-08-15,07:06:07,3.066666666666667,8.333307902018229,7.2
2013-08-15,07:11:07,3.066666666666667,5.2666473388671875,7.133333333333334
2013-08-15,07:16:07,3.433333333333333,6.06665293375651,7.533333333333332
2013-08-15,07:21:06,3.0,7.866652806599933,7.466666666666668
2013-08-15,07:26:06,3.0,4.9333254496256504,7.333333333333332
2013-08-15,07:31:06,3.3,6.599982579549152,7.533333333333332
2013-08-15,07:36:06,3.0,6.333309809366862,7.4
2013-08-15,07:41:06,3.0,5.066652297973633,7.333333333333332
2013-08-15,07:46:06,3.4,6.466652552286783,7.333333333333332
2013-08-15,07:51:07,2.933333333333333,7.066650390625,7.066666666666666
2013-08-15,07:56:07,3.0,7.933308283487955,7.0
2013-08-15,08:01:07,3.4,6.799987157185873,7.133333333333334
2013-08-15,08:06:07,3.0,7.666648228963218,7.133333333333334
2013-08-15,08:11:07,2.966666666666667,6.599979400634766,7.066666666666666
2013-08-15,08:16:07,3.433333333333333,7.1333154042561855,7.466666666666668
2013-08-15,08:21:07,3.0,8.399979273478191,7.2
2013-08-15,08:26:07,3.0,5.799989700317383,7.333333333333332
2013-08-15,08:31:07,3.3,5.799986521402996,7.466666666666668
2013-08-15,08:36:07,3.0,6.199989318847656,7.533333333333332
2013-08-15,08:41:07,3.066666666666667,4.666652679443359,7.466666666666668
2013-08-15,08:46:07,3.4,7.4666404724121085,7.866666666666666
2013-08-15,08:51:07,3.0,7.199974060058594,7.333333333333332
2013-08-15,08:56:07,3.0,7.133312225341797,7.4
2013-08-15,09:01:07,3.333333333333333,5.999972025553387,7.2
2013-08-15,09:06:07,3.0,5.933307011922199,7.4
2013-08-15,09:11:07,3.0,6.199976603190104,7.066666666666666
2013-08-15,09:16:07,3.4,6.199982961018879,7.2666666666666675
2013-08-15,09:21:07,3.0,5.666646957397461,7.066666666666666
2013-08-15,09:26:07,2.933333333333333,5.26664098103841,7.133333333333334
2013-08-15,09:31:07,3.4,6.266644795735678,7.2
2013-08-15,09:36:07,3.0,8.266646067301432,7.2
2013-08-15,09:41:07,3.0,4.399989446004231,7.066666666666666
2013-08-15,09:46:07,3.3666666666666667,3.399982452392578,7.2
2013-08-15,09:51:07,3.0,4.799979527791342,7.0
2013-08-15,09:56:07,2.966666666666667,5.333318710327148,7.066666666666666
2013-08-15,10:01:07,3.3666666666666667,5.5333105723063145,7.2
2013-08-15,10:06:07,2.933333333333333,7.133318583170572,7.2666666666666675
2013-08-15,10:11:07,2.966666666666667,4.666662216186523,7.2666666666666675
2013-08-15,10:16:08,3.3666666666666667,6.133321126302082,7.2
2013-08-15,10:21:08,3.1333333333333333,7.933311462402344,7.133333333333334
2013-08-15,10:26:08,2.966666666666667,8.799975713094076,7.333333333333332
2013-08-15,10:31:08,3.333333333333333,6.799980799357096,7.4
2013-08-15,10:36:08,3.0,6.199982961018879,7.4
2013-08-15,10:41:08,3.0,7.399984995524088,7.466666666666668
2013-08-15,10:46:08,3.466666666666667,4.866650899251302,7.7333333333333325
2013-08-15,10:51:08,3.033333333333333,4.133323033650716,7.533333333333332
2013-08-15,10:56:08,2.966666666666667,3.9999802907307953,7.333333333333332
2013-08-15,11:01:08,3.266666666666667,5.599985122680664,7.2
2013-08-15,11:06:08,3.0,5.93331019083659,7.4
2013-08-15,11:11:08,3.033333333333333,7.466653188069662,7.2
2013-08-15,11:16:08,3.4,7.999982833862304,7.466666666666668
2013-08-15,11:21:08,3.0,5.666650136311848,7.0
2013-08-15,11:26:08,3.033333333333333,4.933315912882486,7.0
2013-08-15,11:31:08,3.3666666666666667,4.599984486897787,7.333333333333332
2013-08-15,11:36:08,3.0,5.533323287963867,7.2
2013-08-15,11:41:08,3.0,5.466651916503906,7.133333333333334
2013-08-15,11:46:08,3.3,5.9999847412109375,7.2
2013-08-15,11:51:08,3.066666666666667,7.066653569539389,7.066666666666666
2013-08-15,11:56:08,3.066666666666667,5.999975204467773,7.2
2013-08-15,12:01:08,3.433333333333333,7.266645431518555,7.2
2013-08-15,12:06:08,3.0,7.999982833862304,7.333333333333332
2013-08-15,12:11:08,6.7333333333333325,11.999972661336262,7.333333333333332
2013-08-15,12:16:08,3.4,10.399980545043945,7.466666666666668
2013-08-15,12:21:08,3.1333333333333333,9.999980926513672,7.133333333333334
2013-08-15,12:26:08,3.033333333333333,7.199983596801758,7.333333333333332
2013-08-15,12:31:08,3.3666666666666667,6.466646194458008,7.4
2013-08-15,12:36:08,3.0,5.799980163574219,7.2666666666666675
2013-08-15,12:41:08,3.0,5.06665547688802,7.2666666666666675
2013-08-15,12:46:08,3.3666666666666667,6.399984359741211,7.333333333333332
2013-08-15,12:51:08,3.066666666666667,6.99997901916504,7.2666666666666675
2013-08-15,12:56:08,3.0,6.799983978271484,7.066666666666666
2013-08-15,13:01:08,3.3666666666666667,6.599988937377929,7.133333333333334
2013-08-15,13:06:08,3.0,6.599979400634766,7.2
2013-08-15,13:11:08,3.0,5.399971008300781,7.0
2013-08-15,13:16:08,3.3666666666666667,7.799978256225586,7.2
2013-08-15,13:21:08,2.933333333333333,6.399974822998048,7.2
2013-08-15,13:26:08,2.933333333333333,5.466648737589518,7.133333333333334
2013-08-15,13:31:08,3.4,5.399980545043945,7.2666666666666675
2013-08-15,13:36:08,3.0,4.999977747599283,7.2
2013-08-15,13:41:09,3.0,5.06663958231608,7.0
2013-08-15,13:46:09,3.3666666666666667,6.999982198079429,7.333333333333332
2013-08-15,13:51:09,3.0,7.199983596801758,7.133333333333334
2013-08-15,13:56:09,3.0,5.199985504150391,7.2666666666666675
2013-08-15,14:01:09,3.4,7.666657765706381,7.133333333333334
2013-08-15,14:06:09,2.933333333333333,8.599977493286133,7.133333333333334
2013-08-15,14:11:09,3.0,4.799985885620117,7.133333333333334
2013-08-15,14:16:09,3.4,6.199989318847656,7.333333333333332
2013-08-15,14:21:09,3.1,6.199979782104492,7.2666666666666675
2013-08-15,14:26:09,3.0,5.799980163574219,7.133333333333334
2013-08-15,14:31:09,3.3666666666666667,7.199974060058594,7.2666666666666675
2013-08-15,14:36:09,3.0,8.599977493286133,7.066666666666666
2013-08-15,14:41:09,3.0,4.999980926513672,7.2666666666666675
2013-08-15,14:46:09,3.3666666666666667,6.799983978271484,7.533333333333332
2013-08-15,14:51:09,2.966666666666667,5.466648737589518,7.466666666666668
2013-08-15,14:56:09,2.966666666666667,6.199979782104492,7.333333333333332
2013-08-15,15:01:09,3.4,5.9999847412109375,7.2
2013-08-15,15:06:09,3.0,3.599987030029297,7.066666666666666
2013-08-15,15:11:09,3.0,6.06665293375651,7.133333333333334
2013-08-15,15:16:09,3.3666666666666667,9.39997673034668,7.6
2013-08-15,15:21:09,3.066666666666667,5.9999847412109375,7.4
2013-08-15,15:26:09,3.0,6.999969482421875,7.133333333333334
2013-08-15,15:31:09,3.4,5.599985122680664,7.2666666666666675
2013-08-15,15:36:09,3.0,5.13331413269043,7.2666666666666675
2013-08-15,15:41:09,3.0,5.9999847412109375,7.2
2013-08-15,15:46:09,3.266666666666667,5.199982325236003,7.333333333333332
2013-08-15,15:51:09,3.0,5.399990081787109,7.2
2013-08-15,15:56:09,3.0,5.199985504150391,7.2
2013-08-15,16:01:09,3.3666666666666667,6.199989318847656,7.2666666666666675
2013-08-15,16:06:09,2.966666666666667,6.599988937377929,7.133333333333334
2013-08-15,16:11:09,3.0,5.666656494140625,7.066666666666666
2013-08-15,16:16:09,3.4,7.999982833862304,7.4
2013-08-15,16:21:09,3.1,7.79998779296875,6.933333333333334
2013-08-15,16:26:09,3.0,4.199981689453125,7.2
2013-08-15,16:31:09,3.3666666666666667,4.53332265218099,7.2666666666666675
2013-08-15,16:36:09,2.966666666666667,4.999980926513672,7.0
2013-08-15,16:41:09,3.0,3.599977493286133,7.066666666666666
2013-08-15,16:46:09,3.333333333333333,3.8666566212972016,7.533333333333332
2013-08-15,16:51:09,3.0,7.866646448771158,7.066666666666666
2013-08-15,16:56:09,2.966666666666667,6.199979782104492,7.133333333333334
2013-08-15,17:01:09,3.4,6.9333140055338545,7.133333333333334
2013-08-15,17:06:09,3.1333333333333333,9.533309936523438,7.2
2013-08-15,17:11:09,3.0,5.599985122680664,7.2666666666666675
2013-08-15,17:16:09,3.3666666666666667,6.399984359741211,7.533333333333332
2013-08-15,17:21:09,3.033333333333333,7.466646830240885,7.666666666666668
2013-08-15,17:26:09,2.966666666666667,5.466648737589518,7.333333333333332
2013-08-15,17:31:09,3.466666666666667,5.466642379760742,7.333333333333332
2013-08-15,17:36:09,3.0,4.733314514160156,7.2
2013-08-15,17:41:09,3.0,2.9333114624023438,7.133333333333334
2013-08-15,17:46:10,3.3666666666666667,6.333319346110028,7.4
2013-08-15,17:51:10,3.1,8.199981053670248,7.066666666666666
2013-08-15,17:56:10,3.066666666666667,8.19997469584147,7.2
2013-08-15,18:01:10,3.3666666666666667,5.933319727579754,7.2
2013-08-15,18:06:10,3.0,6.933307647705078,7.2666666666666675
2013-08-15,18:11:10,3.0,5.266653696695964,7.2
2013-08-15,18:16:10,3.4,5.733305613199869,7.333333333333332
2013-08-15,18:21:10,3.066666666666667,6.199982961018879,6.933333333333334
2013-08-15,18:26:10,3.0,4.466654459635417,7.133333333333334
2013-08-15,18:31:10,3.4,6.199970245361328,7.2666666666666675
2013-08-15,18:36:10,3.0,6.53331438700358,6.933333333333334
2013-08-15,18:41:10,3.066666666666667,6.666647593180337,7.066666666666666
2013-08-15,18:46:10,3.3666666666666667,6.733315785725911,7.666666666666668
2013-08-15,18:51:10,3.0,6.799980799357096,7.4
2013-08-15,18:56:10,3.0,4.266656239827474,7.0
2013-08-15,19:01:10,3.333333333333333,7.066647211710614,7.0
2013-08-15,19:06:10,2.966666666666667,6.59997304280599,7.0
2013-08-15,19:11:10,3.033333333333333,6.666647593180337,7.4
2013-08-15,19:16:10,3.333333333333333,4.799976348876953,7.7333333333333325
2013-08-15,19:21:10,3.066666666666667,4.333314895629883,7.666666666666668
2013-08-15,19:26:10,3.0,3.933327992757162,7.333333333333332
2013-08-15,19:31:10,3.433333333333333,7.199986775716144,7.4
2013-08-15,19:36:10,3.0,8.599974314371744,7.4
2013-08-15,19:41:10,3.0,6.266641616821289,7.0
2013-08-15,19:46:10,3.333333333333333,6.466646194458008,7.333333333333332
2013-08-15,19:51:10,3.0,6.3333161671956395,7.0
2013-08-15,19:56:10,3.0,5.199975967407227,7.066666666666666
2013-08-15,20:01:10,3.4,6.599992116292317,7.2
2013-08-15,20:06:10,3.0,4.866647720336914,7.0
2013-08-15,20:11:10,3.0,5.9999847412109375,7.066666666666666
2013-08-15,20:16:10,3.3666666666666667,6.599982579549152,7.333333333333332
2013-08-15,20:21:10,3.1,5.599988301595051,7.066666666666666
2013-08-15,20:26:11,2.966666666666667,5.666646957397461,7.133333333333334
2013-08-15,20:31:11,3.333333333333333,6.466649373372396,7.533333333333332
2013-08-15,20:36:11,2.966666666666667,5.866648356119793,7.333333333333332
2013-08-15,20:41:11,3.033333333333333,3.866643905639648,7.333333333333332
2013-08-15,20:46:11,3.3666666666666667,6.333322525024414,7.533333333333332
2013-08-15,20:51:11,3.0,7.666648228963218,7.333333333333332
2013-08-15,20:56:11,3.0,5.266653696695964,7.2666666666666675
2013-08-15,21:01:10,3.3666666666666667,7.86665916442871,7.333333333333332
2013-08-15,21:06:10,3.0,7.933311462402344,7.333333333333332
2013-08-15,21:11:10,3.066666666666667,6.199989318847656,7.2
2013-08-15,21:16:10,3.433333333333333,6.599976221720377,7.6
2013-08-15,21:21:10,3.0,7.133318583170572,7.2666666666666675
2013-08-15,21:26:10,3.0,5.666650136311848,7.133333333333334
2013-08-15,21:31:10,3.4,6.799977620442708,7.2
2013-08-15,21:36:11,3.0,7.266654968261718,7.066666666666666
2013-08-15,21:41:11,2.933333333333333,5.133323669433594,6.933333333333334
2013-08-15,21:46:11,3.3666666666666667,5.86665153503418,7.4
2013-08-15,21:51:11,2.966666666666667,6.599988937377929,7.0
2013-08-15,21:56:11,3.0,5.3999773661295585,7.0
2013-08-15,22:01:11,3.333333333333333,6.99997901916504,7.066666666666666
2013-08-15,22:06:11,2.966666666666667,6.933307647705078,7.0
2013-08-15,22:11:11,2.966666666666667,5.133320490519206,7.066666666666666
2013-08-15,22:16:11,3.4,7.866652806599933,7.2666666666666675
2013-08-15,22:21:11,3.0,6.933320363362632,7.0
2013-08-15,22:26:11,2.9,5.733308792114258,6.933333333333334
2013-08-15,22:31:11,3.333333333333333,7.266645431518555,7.2
2013-08-15,22:36:11,3.0,6.799990336100261,7.4
2013-08-15,22:41:11,3.0,5.399993260701496,7.4
2013-08-15,22:46:11,3.3666666666666667,5.7999738057454415,7.4
2013-08-15,22:51:11,3.066666666666667,6.866645812988281,6.933333333333334
2013-08-15,22:56:11,2.966666666666667,7.1333154042561855,7.2
2013-08-15,23:01:11,3.4,5.466645558675131,7.2666666666666675
2013-08-15,23:06:11,3.0,6.266660690307617,7.2666666666666675
2013-08-15,23:11:11,3.0,4.866647720336914,7.2
2013-08-15,23:16:11,3.4,4.533329010009766,7.533333333333332
2013-08-15,23:21:11,3.033333333333333,4.99998410542806,7.333333333333332
2013-08-15,23:26:11,3.033333333333333,4.466648101806641,7.066666666666666
2013-08-15,23:31:11,3.4,6.199979782104492,7.2666666666666675
2013-08-15,23:36:11,3.0,7.466643651326497,7.066666666666666
2013-08-15,23:41:11,3.0,5.79997698465983,7.2666666666666675
2013-08-15,23:46:11,3.433333333333333,7.533305486043294,7.2
2013-08-15,23:51:11,3.066666666666667,6.133314768473307,7.133333333333334
2013-08-15,23:56:11,3.0,4.9333254496256504,7.2666666666666675
2013-08-16,00:01:11,3.4,7.4666404724121085,7.333333333333332
2013-08-16,00:06:11,3.0,6.066646575927734,7.333333333333332
2013-08-16,00:11:12,3.0,5.266650517781576,7.2666666666666675
2013-08-16,00:16:12,3.4,5.933307011922199,7.333333333333332
2013-08-16,00:21:12,3.033333333333333,5.666643778483072,7.2
2013-08-16,00:26:12,3.0,4.666652679443359,7.066666666666666
2013-08-16,00:31:12,3.4,6.066656112670898,7.2
2013-08-16,00:36:12,3.0,6.933317184448243,6.933333333333334
2013-08-16,00:41:12,3.0,4.933319091796875,7.2666666666666675
2013-08-16,00:46:12,3.433333333333333,5.799989700317383,7.7333333333333325
2013-08-16,00:51:12,3.0,4.733314514160156,7.2
2013-08-16,00:56:12,3.033333333333333,4.599981307983398,7.133333333333334
2013-08-16,01:01:12,3.4,4.066658020019531,7.2666666666666675
2013-08-16,01:06:12,3.0,6.866645812988281,7.2666666666666675
2013-08-16,01:11:12,3.0,5.86665153503418,7.2666666666666675
2013-08-16,01:16:12,3.3666666666666667,7.066650390625,7.933333333333334
2013-08-16,01:21:12,3.1,6.399978001912436,7.933333333333334
2013-08-16,01:26:12,3.066666666666667,6.666650772094726,7.4
2013-08-16,01:31:12,3.333333333333333,5.533323287963867,7.533333333333332
2013-08-16,01:36:12,3.0,4.866647720336914,7.466666666666668
2013-08-16,01:41:12,3.0,6.466652552286783,7.0
2013-08-16,01:46:12,3.4,8.133306503295898,7.2
2013-08-16,01:51:12,3.0,5.999975204467773,7.0
2013-08-16,01:56:12,3.0,5.066649119059244,7.133333333333334
2013-08-16,02:01:12,3.433333333333333,5.9999847412109375,7.2666666666666675
2013-08-16,02:06:12,3.0,8.333320617675781,7.133333333333334
2013-08-16,02:11:12,3.066666666666667,5.999975204467773,7.0
2013-08-16,02:16:12,3.4,6.799980799357096,7.333333333333332
2013-08-16,02:21:12,3.033333333333333,7.999982833862304,7.0
2013-08-16,02:26:12,3.0,5.399980545043945,7.0
2013-08-16,02:31:12,3.333333333333333,6.999985376993817,7.4
2013-08-16,02:36:12,3.0,6.6666444142659484,7.0
2013-08-16,02:41:12,3.0,5.533320109049479,7.2666666666666675
2013-08-16,02:46:12,3.3666666666666667,6.0666433970133475,7.666666666666668
2013-08-16,02:51:12,3.0,7.066644032796225,7.2666666666666675
2013-08-16,02:56:12,3.1,4.533316294352214,7.2
2013-08-16,03:01:12,3.466666666666667,5.399986902872721,7.2666666666666675
2013-08-16,03:06:12,3.0,6.7333126068115225,7.133333333333334
2013-08-16,03:11:12,3.0,4.666655858357748,7.2666666666666675
2013-08-16,03:16:12,3.3666666666666667,6.2666384379069004,7.933333333333334
2013-08-16,03:21:12,5.066666666666666,13.199974695841469,7.666666666666668
2013-08-16,03:26:12,3.033333333333333,7.3999818166097,7.4
2013-08-16,03:31:12,3.433333333333333,7.399978637695312,7.466666666666668
2013-08-16,03:36:12,3.0,7.133318583170572,7.2666666666666675
2013-08-16,03:41:12,3.0,5.8666451772054025,7.066666666666666
2013-08-16,03:46:12,3.433333333333333,7.399978637695312,7.2666666666666675
2013-08-16,03:51:12,3.0,9.39997673034668,7.0
2013-08-16,03:56:12,3.0,5.399990081787109,7.066666666666666
2013-08-16,04:01:12,3.333333333333333,5.0666459401448565,7.2
2013-08-16,04:06:12,3.033333333333333,6.199989318847656,7.066666666666666
2013-08-16,04:11:12,3.033333333333333,6.199979782104492,7.133333333333334
2013-08-16,04:16:12,3.4,4.999980926513672,7.466666666666668
2013-08-16,04:21:12,3.066666666666667,4.999980926513672,7.2
2013-08-16,04:26:12,3.066666666666667,5.466648737589518,7.133333333333334
2013-08-16,04:31:12,4.166666666666667,7.799968719482423,7.533333333333332
2013-08-16,04:36:13,3.033333333333333,7.599983215332032,7.0
2013-08-16,04:41:13,3.033333333333333,5.533313751220703,7.333333333333332
2013-08-16,04:46:13,3.3,8.19997787475586,7.466666666666668
2013-08-16,04:51:13,2.966666666666667,7.999982833862304,7.2
2013-08-16,04:56:13,3.0,5.866648356119793,7.2
2013-08-16,05:01:13,3.466666666666667,6.99997901916504,7.2
2013-08-16,05:06:13,3.0,6.999988555908203,7.0
2013-08-16,05:11:13,2.933333333333333,4.73332405090332,7.0
2013-08-16,05:16:13,3.3666666666666667,7.266642252604166,7.7333333333333325
2013-08-16,05:21:13,3.0,7.199983596801758,7.6
2013-08-16,05:26:13,3.0,6.199973424275717,7.4
2013-08-16,05:31:13,3.433333333333333,11.399974822998047,7.2666666666666675
2013-08-16,05:36:13,3.0,8.066651026407877,7.333333333333332
2013-08-16,05:41:13,3.0,6.799983978271484,7.2
2013-08-16,05:46:13,3.4,4.999980926513672,7.466666666666668
2013-08-16,05:51:13,3.0,6.399984359741211,7.466666666666668
2013-08-16,05:56:13,3.0,5.199975967407227,7.6
2013-08-16,06:01:13,3.333333333333333,5.399990081787109,7.4
2013-08-16,06:06:13,3.033333333333333,6.399984359741211,7.333333333333332
2013-08-16,06:11:13,3.0,5.199995040893555,7.2666666666666675
2013-08-16,06:16:13,3.333333333333333,6.466649373372396,7.466666666666668
2013-08-16,06:21:13,3.033333333333333,6.199979782104492,7.133333333333334
2013-08-16,06:26:13,3.0,5.199975967407227,7.2
2013-08-16,06:31:13,3.3666666666666667,6.199979782104492,7.133333333333334
2013-08-16,06:36:13,3.033333333333333,6.799983978271484,7.066666666666666
2013-08-16,06:41:13,3.0,5.799989700317383,7.066666666666666
2013-08-16,06:46:13,3.3666666666666667,7.999992370605469,7.333333333333332
2013-08-16,06:51:13,3.0,4.999971389770508,7.133333333333334
2013-08-16,06:56:13,3.0,6.399984359741211,7.066666666666666
2013-08-16,07:01:13,3.433333333333333,7.599983215332032,7.066666666666666
2013-08-16,07:06:13,3.066666666666667,7.599973678588867,7.2
2013-08-16,07:11:13,3.033333333333333,5.999981562296551,7.066666666666666
2013-08-16,07:16:13,3.3,6.999982198079429,7.533333333333332
2013-08-16,07:21:13,3.1,6.933317184448243,7.4
2013-08-16,07:26:13,3.0,5.599994659423828,7.4
2013-08-16,07:31:13,3.333333333333333,6.399984359741211,7.466666666666668
2013-08-16,07:36:13,3.0,6.999988555908203,7.133333333333334
2013-08-16,07:41:13,2.966666666666667,4.4666512807210275,7.066666666666666
2013-08-16,07:46:13,3.3,6.333309809366862,7.466666666666668
2013-08-16,07:51:13,3.0,5.466655095418293,7.133333333333334
2013-08-16,07:56:13,3.0,5.733315149943033,7.466666666666668
2013-08-16,08:01:13,3.333333333333333,9.066648483276367,7.8
2013-08-16,08:06:13,3.0,9.733314514160156,7.466666666666668
2013-08-16,08:11:13,3.033333333333333,4.73332405090332,7.066666666666666
2013-08-16,08:16:13,3.333333333333333,5.2666473388671875,7.2666666666666675
2013-08-16,08:21:14,2.933333333333333,6.466643015543622,7.133333333333334
2013-08-16,08:26:14,3.0,6.466646194458008,7.0
2013-08-16,08:31:14,3.333333333333333,4.5999908447265625,7.466666666666668
2013-08-16,08:36:14,3.0,5.2666473388671875,7.466666666666668
2013-08-16,08:41:14,3.0,5.133310953776041,7.133333333333334
2013-08-16,08:46:14,3.3666666666666667,5.466648737589518,7.4
2013-08-16,08:51:14,3.0,9.066638946533203,7.2666666666666675
2013-08-16,08:56:14,2.966666666666667,6.86664899190267,7.133333333333334
2013-08-16,09:01:14,3.333333333333333,4.466654459635417,7.2666666666666675
2013-08-16,09:06:14,3.0,5.599985122680664,7.133333333333334
2013-08-16,09:11:14,3.0,5.9333038330078125,7.2
2013-08-16,09:16:14,3.233333333333333,7.133312225341797,7.2
2013-08-16,09:21:14,3.066666666666667,7.933308283487955,7.066666666666666
2013-08-16,09:26:14,3.0,7.799978256225586,7.066666666666666
2013-08-16,09:31:14,3.333333333333333,6.199989318847656,7.2666666666666675
2013-08-16,09:36:14,3.0,5.999978383382162,7.2
2013-08-16,09:41:14,3.033333333333333,4.933322270711263,7.2666666666666675
2013-08-16,09:46:14,3.3666666666666667,5.866648356119793,7.466666666666668
2013-08-16,09:51:14,2.966666666666667,5.533323287963867,7.2
2013-08-16,09:56:14,3.0,4.799979527791342,7.533333333333332
2013-08-16,10:01:14,3.333333333333333,5.866648356119793,7.2666666666666675
2013-08-16,10:06:14,3.0,7.066637674967448,7.333333333333332
2013-08-16,10:11:14,3.0,6.7333126068115225,7.333333333333332
2013-08-16,10:16:14,3.433333333333333,7.066640853881837,7.4
2013-08-16,10:21:14,2.966666666666667,5.933313369750977,7.2666666666666675
2013-08-16,10:26:14,3.0,4.933322270711263,7.333333333333332
2013-08-16,10:31:14,3.3,7.799984614054361,7.4
2013-08-16,10:36:14,3.0,6.9333140055338545,7.2666666666666675
2013-08-16,10:41:14,3.0,4.933306376139322,7.466666666666668
2013-08-16,10:46:14,3.3,7.666654586791992,7.666666666666668
2013-08-16,10:51:14,3.0,5.933313369750977,7.133333333333334
2013-08-16,10:56:14,3.0,5.26664098103841,6.933333333333334
2013-08-16,11:01:14,3.3,5.333312352498373,7.2
2013-08-16,11:06:14,3.0,6.799983978271484,7.066666666666666
2013-08-16,11:11:14,3.0,5.799983342488606,7.2666666666666675
2013-08-16,11:16:14,3.466666666666667,5.133310953776041,7.466666666666668
2013-08-16,11:21:15,3.066666666666667,9.066654841105143,7.466666666666668
2013-08-16,11:26:15,3.0,6.53331438700358,7.6
2013-08-16,11:31:15,3.333333333333333,6.799983978271484,7.466666666666668
2013-08-16,11:36:15,3.0,5.466658274332682,7.333333333333332
2013-08-16,11:41:15,3.0,5.066649119059244,7.133333333333334
2013-08-16,11:46:15,3.4,4.666646321614584,7.333333333333332
2013-08-16,11:51:15,3.0,5.533320109049479,7.466666666666668
2013-08-16,11:56:15,2.933333333333333,6.9333140055338545,7.866666666666666
2013-08-16,12:01:15,3.3666666666666667,5.999987920125326,7.666666666666668
2013-08-16,12:06:15,3.0,5.933313369750977,7.666666666666668
2013-08-16,12:11:15,3.066666666666667,4.866657257080078,7.333333333333332
2013-08-16,12:16:15,3.3666666666666667,6.066646575927734,7.533333333333332
2013-08-16,12:21:15,3.0,6.99997901916504,7.466666666666668
2013-08-16,12:26:15,2.933333333333333,4.533313115437824,7.4
2013-08-16,12:31:15,3.3666666666666667,5.733321507771809,7.533333333333332
2013-08-16,12:36:15,3.0,3.599987030029297,7.4
2013-08-16,12:41:15,3.0,4.933306376139322,7.2
2013-08-16,12:46:15,3.3666666666666667,6.599982579549152,7.466666666666668
2013-08-16,12:51:15,3.033333333333333,6.666647593180337,7.066666666666666
2013-08-16,12:56:15,3.0,4.666649500528972,7.0
2013-08-16,13:01:15,3.3666666666666667,8.26664924621582,7.333333333333332
2013-08-16,13:06:15,2.966666666666667,8.533315658569336,7.0
2013-08-16,13:11:15,2.966666666666667,6.3333161671956395,7.4
2013-08-16,13:16:15,3.3666666666666667,5.533304214477539,7.4
2013-08-16,13:21:15,3.033333333333333,7.866649627685547,7.333333333333332
2013-08-16,13:26:15,3.0,5.9333038330078125,7.4
2013-08-16,13:31:15,3.266666666666667,6.06665293375651,7.2666666666666675
2013-08-16,13:36:15,2.933333333333333,5.599988301595051,7.333333333333332
2013-08-16,13:41:15,3.0,5.333312352498373,7.333333333333332
2013-08-16,13:46:15,3.466666666666667,5.39997418721517,7.2666666666666675
2013-08-16,13:51:16,3.033333333333333,8.799978892008463,7.2
2013-08-16,13:56:16,3.0,6.066646575927734,7.4
2013-08-16,14:01:16,3.266666666666667,4.599984486897787,7.6
2013-08-16,14:06:16,3.0,6.466649373372396,7.533333333333332
2013-08-16,14:11:16,3.0,5.2666473388671875,7.133333333333334
2013-08-16,14:16:16,3.333333333333333,5.799989700317383,7.4
2013-08-16,14:21:16,3.0,5.799980163574219,7.0
2013-08-16,14:26:16,3.0,6.199986139933268,7.533333333333332
2013-08-16,14:31:16,3.3666666666666667,7.33332633972168,7.933333333333334
2013-08-16,14:36:16,3.0,6.666650772094726,7.666666666666668
2013-08-16,14:41:16,3.033333333333333,7.199983596801758,7.7333333333333325
2013-08-16,14:46:16,3.333333333333333,7.333316802978515,7.466666666666668
2013-08-16,14:51:16,3.066666666666667,6.133321126302082,7.6
2013-08-16,14:56:16,3.066666666666667,5.5999819437662754,7.8
2013-08-16,15:01:16,3.433333333333333,5.399986902872721,8.133333333333333
2013-08-16,15:06:16,3.066666666666667,5.26666005452474,8.066666666666666
2013-08-16,15:11:16,3.033333333333333,4.26664670308431,7.866666666666666
2013-08-16,15:16:16,3.3666666666666667,5.999975204467773,7.933333333333334
2013-08-16,15:21:16,3.266666666666667,9.199978510538736,7.8
2013-08-16,15:26:16,3.1,5.466655095418293,8.266666666666667
2013-08-16,15:31:16,3.466666666666667,8.399976094563803,8.066666666666666
2013-08-16,15:36:16,3.066666666666667,7.533315022786459,8.0
2013-08-16,15:41:16,3.0,5.8666451772054025,8.0
2013-08-16,15:46:16,3.5,7.533318201700847,8.066666666666666
2013-08-16,15:51:16,3.166666666666667,6.133314768473307,8.266666666666667
2013-08-16,15:56:16,3.033333333333333,5.266650517781576,8.2
2013-08-16,16:01:16,3.533333333333333,8.06664784749349,8.266666666666667
2013-08-16,16:06:16,3.033333333333333,9.399970372517902,8.133333333333333
2013-08-16,16:11:16,3.0,5.5999819437662754,8.133333333333333
2013-08-16,16:16:16,3.3666666666666667,5.2666473388671875,8.066666666666666
2013-08-16,16:21:16,3.1,10.199979146321615,7.933333333333334
2013-08-16,16:26:16,3.066666666666667,6.59998575846354,8.066666666666666
2013-08-16,16:31:16,3.433333333333333,5.533326466878254,8.2
2013-08-16,16:36:16,3.066666666666667,6.066656112670898,8.333333333333334
2013-08-16,16:41:16,3.033333333333333,5.399983723958334,8.4
2013-08-16,16:46:16,3.466666666666667,6.333309809366862,8.6
2013-08-16,16:51:16,3.2,6.399981180826825,7.2
2013-08-16,16:56:16,3.066666666666667,4.666652679443359,7.4
2013-08-16,17:01:16,3.3,5.799983342488606,7.333333333333332
2013-08-16,17:06:16,2.966666666666667,5.066649119059244,7.533333333333332
2013-08-16,17:11:16,3.0,6.399978001912436,7.2666666666666675
2013-08-16,17:16:16,3.3,5.53331693013509,7.333333333333332
2013-08-16,17:21:16,3.4,7.733316421508789,7.2666666666666675
2013-08-16,17:26:16,3.733333333333333,14.466648101806639,7.066666666666666
2013-08-16,17:31:17,3.333333333333333,7.799978256225586,7.4
2013-08-16,17:36:17,3.0,7.199974060058594,7.4
2013-08-16,17:41:17,3.0,4.5999908447265625,7.2666666666666675
2013-08-16,17:46:17,3.333333333333333,7.066650390625,7.6
2013-08-16,17:51:17,3.0,6.199979782104492,7.333333333333332
2013-08-16,17:56:17,2.966666666666667,4.9333254496256504,7.466666666666668
2013-08-16,18:01:17,3.633333333333333,7.79998779296875,8.4
2013-08-16,18:06:17,3.233333333333333,7.999973297119141,8.066666666666666
2013-08-16,18:11:17,3.266666666666667,6.799974441528319,7.8
2013-08-16,18:16:17,3.666666666666667,8.999977111816406,7.933333333333334
2013-08-16,18:21:17,3.3,9.799985885620117,8.0
2013-08-16,18:26:17,3.2,5.133307774861653,8.2
2013-08-16,18:31:17,3.6,6.199979782104492,8.6
2013-08-16,18:36:17,3.266666666666667,7.999982833862304,8.2
2013-08-16,18:41:17,3.1333333333333333,6.733309427897134,8.2
2013-08-16,18:46:17,3.433333333333333,8.599977493286133,8.2
2013-08-16,18:51:17,3.1,11.266641616821289,7.933333333333334
2013-08-16,18:56:17,3.033333333333333,6.133314768473307,7.933333333333334
2013-08-16,19:01:17,3.5,6.799983978271484,7.866666666666666
2013-08-16,19:06:17,3.1,6.3333161671956395,8.066666666666666
2013-08-16,19:11:17,3.1333333333333333,5.999994277954102,8.266666666666667
2013-08-16,19:16:17,3.666666666666667,6.133314768473307,8.266666666666667
2013-08-16,19:21:17,3.3666666666666667,6.799974441528319,7.866666666666666
2013-08-16,19:26:17,3.1333333333333333,5.199988683064779,7.8
2013-08-16,19:31:17,3.566666666666667,5.666653315226236,8.0
2013-08-16,19:36:17,3.1,8.99998664855957,7.8
2013-08-16,19:41:17,3.2,8.599977493286133,8.2
2013-08-16,19:46:17,3.666666666666667,5.466648737589518,8.266666666666667
2013-08-16,19:51:18,3.1333333333333333,6.799983978271484,8.2
2013-08-16,19:56:18,3.166666666666667,4.399983088175455,8.266666666666667
2013-08-16,20:01:18,3.633333333333333,6.0666433970133475,8.133333333333333
2013-08-16,20:06:18,3.233333333333333,7.799978256225586,8.0
2013-08-16,20:11:18,3.1,6.199979782104492,7.933333333333334
2013-08-16,20:16:18,3.4,6.999969482421875,8.133333333333333
2013-08-16,20:21:18,3.166666666666667,6.399984359741211,8.133333333333333
2013-08-16,20:26:18,3.066666666666667,5.799980163574219,8.266666666666667
2013-08-16,20:31:18,3.566666666666667,9.39997673034668,8.333333333333334
2013-08-16,20:36:18,3.1,7.1333154042561855,8.133333333333333
2013-08-16,20:41:18,3.066666666666667,5.799980163574219,8.066666666666666
2013-08-16,20:46:18,3.533333333333333,4.199972152709961,8.2
2013-08-16,20:51:18,3.266666666666667,5.199985504150391,8.0
2013-08-16,20:56:18,3.233333333333333,6.599979400634766,8.2
2013-08-16,21:01:18,3.533333333333333,7.79998779296875,8.2
2013-08-16,21:06:18,3.166666666666667,6.599979400634766,7.8
2013-08-16,21:11:18,3.1333333333333333,6.266654332478843,7.866666666666666
2013-08-16,21:16:18,3.633333333333333,8.133312861124674,8.0
2013-08-16,21:21:18,3.333333333333333,9.799976348876953,7.866666666666666
2013-08-16,21:26:18,3.266666666666667,7.599983215332032,7.8
2013-08-16,21:31:18,3.533333333333333,6.999988555908203,8.133333333333333
2013-08-16,21:36:18,3.266666666666667,5.9999847412109375,8.0
2013-08-16,21:41:18,3.2,5.599985122680664,7.866666666666666
2013-08-16,21:46:18,3.6,6.399984359741211,8.2
2013-08-16,21:51:18,3.1,7.599983215332032,8.4
2013-08-16,21:56:18,3.033333333333333,5.9999847412109375,8.2
2013-08-16,22:01:19,3.566666666666667,6.199970245361328,7.933333333333334
2013-08-16,22:06:19,3.333333333333333,6.733318964640299,7.933333333333334
2013-08-16,22:11:19,3.166666666666667,7.999982833862304,7.8
2013-08-16,22:16:19,3.533333333333333,4.999990463256836,8.066666666666666
2013-08-16,22:21:19,3.233333333333333,5.9999847412109375,7.866666666666666
2013-08-16,22:26:19,3.266666666666667,6.999988555908203,8.133333333333333
2013-08-16,22:31:19,3.633333333333333,6.799983978271484,8.333333333333334
2013-08-16,22:36:19,3.166666666666667,7.399978637695312,7.933333333333334
2013-08-16,22:41:19,3.1333333333333333,6.99997901916504,7.866666666666666
2013-08-16,22:46:19,3.566666666666667,6.333312988281251,8.066666666666666
2013-08-16,22:51:19,3.3666666666666667,7.599983215332032,7.933333333333334
2013-08-16,22:56:19,3.166666666666667,4.866650899251302,8.066666666666666
2013-08-16,23:01:19,3.6,7.199986775716144,7.666666666666668
2013-08-16,23:06:19,3.233333333333333,6.266647974650065,8.2
2013-08-16,23:11:19,3.2,5.399990081787109,8.4
2013-08-16,23:16:19,3.6,6.466655731201172,8.6
2013-08-16,23:21:19,3.433333333333333,6.399984359741211,8.133333333333333
2013-08-16,23:26:19,3.2,5.933319727579754,8.066666666666666
2013-08-16,23:31:19,3.433333333333333,6.599982579549152,8.266666666666667
2013-08-16,23:36:19,3.233333333333333,8.466653823852539,7.933333333333334
2013-08-16,23:41:19,3.333333333333333,5.333318710327148,8.133333333333333
2013-08-16,23:46:19,3.566666666666667,5.9999847412109375,8.533333333333333
2013-08-16,23:51:19,3.3,7.599973678588867,8.533333333333333
2013-08-16,23:56:19,3.1,4.799985885620117,8.2
2013-08-17,00:01:19,3.8,7.066647211710614,8.266666666666667
2013-08-17,00:06:19,3.2,7.599976857503256,8.133333333333333
2013-08-17,00:11:19,3.1,5.866641998291016,7.7333333333333325
2013-08-17,00:16:19,3.566666666666667,6.399981180826825,8.266666666666667
2013-08-17,00:21:19,3.166666666666667,8.466644287109375,8.133333333333333
2013-08-17,00:26:19,3.3666666666666667,6.066649754842123,8.133333333333333
2013-08-17,00:31:19,3.633333333333333,6.999975840250651,8.133333333333333
2013-08-17,00:36:19,3.233333333333333,5.733321507771809,8.266666666666667
2013-08-17,00:41:19,3.3666666666666667,6.733309427897134,8.133333333333333
2013-08-17,00:46:19,3.633333333333333,6.466649373372396,8.2
2013-08-17,00:51:19,3.166666666666667,6.599982579549152,7.933333333333334
2013-08-17,00:56:19,3.3666666666666667,4.799985885620117,8.066666666666666
2013-08-17,01:01:19,3.633333333333333,6.933310826619467,7.866666666666666
2013-08-17,01:06:19,3.3,9.866657257080078,8.266666666666667
2013-08-17,01:11:19,3.433333333333333,5.199985504150391,8.333333333333334
2013-08-17,01:16:19,3.733333333333333,6.399978001912436,8.4
2013-08-17,01:21:19,3.4,5.399983723958334,8.466666666666667
2013-08-17,01:26:19,3.1,5.666646957397461,7.866666666666666
2013-08-17,01:31:19,3.566666666666667,8.866653442382812,8.0
2013-08-17,01:36:19,3.266666666666667,7.933311462402344,8.066666666666666
2013-08-17,01:41:19,3.233333333333333,4.8666540781656895,8.066666666666666
2013-08-17,01:46:19,3.633333333333333,7.466643651326497,8.0
2013-08-17,01:51:20,3.1,5.799989700317383,7.8
2013-08-17,01:56:20,3.1,6.199979782104492,8.4
2013-08-17,02:01:20,3.766666666666667,8.46665064493815,7.866666666666666
2013-08-17,02:06:20,3.4,8.19997787475586,7.933333333333334
2013-08-17,02:11:20,3.1333333333333333,5.5999755859375,7.8
2013-08-17,02:16:20,3.566666666666667,6.399993896484375,8.466666666666667
2013-08-17,02:21:20,3.3,10.399980545043945,8.466666666666667
2013-08-17,02:26:20,3.2,6.599988937377929,8.066666666666666
2013-08-17,02:31:20,3.5,5.666650136311848,8.133333333333333
2013-08-17,02:36:20,3.066666666666667,5.799983342488606,7.8
2013-08-17,02:41:20,3.1,7.999992370605469,8.0
2013-08-17,02:46:20,3.566666666666667,6.999985376993817,8.133333333333333
2013-08-17,02:51:20,3.3,6.399984359741211,8.0
2013-08-17,02:56:20,3.233333333333333,6.866652170817058,7.933333333333334
2013-08-17,03:01:20,3.533333333333333,9.999971389770508,7.866666666666666
2013-08-17,03:06:20,3.266666666666667,7.466653188069662,8.2
2013-08-17,03:11:20,3.1,7.599983215332032,8.0
2013-08-17,03:16:20,3.566666666666667,6.799983978271484,8.333333333333334
2013-08-17,03:21:20,3.166666666666667,8.399982452392578,8.266666666666667
2013-08-17,03:26:20,3.066666666666667,5.799980163574219,8.133333333333333
2013-08-17,03:31:20,3.533333333333333,4.799985885620117,8.2
2013-08-17,03:36:20,3.233333333333333,5.799980163574219,7.7333333333333325
2013-08-17,03:41:20,3.166666666666667,5.133326848347982,8.133333333333333
2013-08-17,03:46:20,3.533333333333333,7.799978256225586,8.4
2013-08-17,03:51:20,3.1785714285714284,7.071406500680107,8.5
2013-08-17,03:56:20,3.266666666666667,6.99997901916504,8.333333333333334
2013-08-17,04:01:20,3.6,8.99998664855957,8.133333333333333
2013-08-17,04:06:21,3.166666666666667,6.599979400634766,8.133333333333333
2013-08-17,04:11:21,3.1333333333333333,4.466644922892252,7.7333333333333325
2013-08-17,04:16:21,3.566666666666667,6.466649373372396,7.933333333333334
2013-08-17,04:21:21,3.266666666666667,6.199979782104492,7.866666666666666
2013-08-17,04:26:21,3.1333333333333333,5.799980163574219,7.866666666666666
2013-08-17,04:31:21,4.433333333333334,8.399982452392578,8.2
2013-08-17,04:36:21,3.1,9.199972152709961,7.866666666666666
2013-08-17,04:41:21,3.466666666666667,5.399980545043945,8.133333333333333
2013-08-17,04:46:21,3.7,7.599983215332032,8.2
2013-08-17,04:51:21,3.2,7.199983596801758,7.666666666666668
2013-08-17,04:56:21,3.1,4.5999908447265625,8.066666666666666
2013-08-17,05:01:21,3.6,5.5999755859375,7.8
2013-08-17,05:06:21,3.1333333333333333,5.9999847412109375,8.066666666666666
2013-08-17,05:11:21,3.2,5.5999755859375,8.266666666666667
2013-08-17,05:16:21,3.6,5.266656875610352,8.2
2013-08-17,05:21:21,3.2,7.199983596801758,7.866666666666666
2013-08-17,05:26:21,3.166666666666667,4.999980926513672,7.933333333333334
2013-08-17,05:31:21,3.633333333333333,5.933319727579754,7.933333333333334
2013-08-17,05:36:21,3.233333333333333,7.3999818166097,7.7333333333333325
2013-08-17,05:41:21,3.333333333333333,7.466643651326497,7.866666666666666
2013-08-17,05:46:21,3.5,5.666650136311848,8.0
2013-08-17,05:51:21,3.066666666666667,6.399984359741211,8.133333333333333
2013-08-17,05:56:21,3.2,6.133314768473307,7.8
2013-08-17,06:01:21,3.6,7.266642252604166,7.7333333333333325
2013-08-17,06:06:21,3.1333333333333333,6.266644795735678,7.933333333333334
2013-08-17,06:11:21,3.4,7.9333241780598955,7.7333333333333325
2013-08-17,06:16:21,3.666666666666667,7.399991353352865,8.0
2013-08-17,06:21:21,3.4,6.799977620442708,8.0
2013-08-17,06:26:21,3.2,6.733315785725911,8.266666666666667
2013-08-17,06:31:21,3.633333333333333,7.999979654947915,8.533333333333333
2013-08-17,06:36:21,3.1,6.399984359741211,8.266666666666667
2013-08-17,06:41:21,3.166666666666667,4.266643524169922,8.266666666666667
2013-08-17,06:46:21,3.7,6.533311208089193,8.333333333333334
2013-08-17,06:51:21,3.4,6.933307647705078,8.066666666666666
2013-08-17,06:56:21,3.333333333333333,5.53331693013509,8.266666666666667
2013-08-17,07:01:22,3.566666666666667,5.066649119059244,8.2
2013-08-17,07:06:22,3.3,6.599976221720377,8.133333333333333
2013-08-17,07:11:22,3.266666666666667,5.933313369750977,7.7333333333333325
2013-08-17,07:16:22,3.7,7.866652806599933,8.0
2013-08-17,07:21:22,3.266666666666667,6.99997901916504,7.8
2013-08-17,07:26:22,3.1,5.199979146321613,7.666666666666668
2013-08-17,07:31:22,3.566666666666667,6.866642634073893,8.066666666666666
2013-08-17,07:36:22,3.2,5.866638819376627,7.866666666666666
2013-08-17,07:41:22,3.333333333333333,6.733303070068359,8.133333333333333
2013-08-17,07:46:22,3.5,6.333309809366862,8.066666666666666
2013-08-17,07:51:22,3.2,6.999985376993817,7.7333333333333325
2013-08-17,07:56:22,3.2,6.799990336100261,7.7333333333333325
2013-08-17,08:01:22,3.566666666666667,9.333311716715494,7.7333333333333325
2013-08-17,08:06:22,3.166666666666667,9.333314895629883,7.8
2013-08-17,08:11:22,3.033333333333333,6.733315785725911,7.866666666666666
2013-08-17,08:16:22,3.566666666666667,7.399988174438477,8.2
2013-08-17,08:21:22,3.266666666666667,8.266655604044598,8.0
2013-08-17,08:26:22,3.266666666666667,6.99997901916504,8.0
2013-08-17,08:31:22,3.566666666666667,7.799978256225586,8.333333333333334
2013-08-17,08:36:22,3.233333333333333,6.399978001912436,8.266666666666667
2013-08-17,08:41:22,3.066666666666667,8.399979273478191,8.133333333333333
2013-08-17,08:46:22,3.633333333333333,6.533311208089193,8.4
2013-08-17,08:51:22,3.3666666666666667,5.466658274332682,7.8
2013-08-17,08:56:22,3.233333333333333,5.2666441599528,8.066666666666666
2013-08-17,09:01:22,3.533333333333333,8.066641489664713,8.066666666666666
2013-08-17,09:06:22,3.1,7.333319981892903,8.266666666666667
2013-08-17,09:11:22,3.333333333333333,5.9999847412109375,8.4
2013-08-17,09:16:22,3.6,6.266651153564454,8.533333333333333
2013-08-17,09:21:22,4.066666666666666,7.666648228963218,7.933333333333334
2013-08-17,09:26:22,3.533333333333333,17.533302307128906,7.7333333333333325
2013-08-17,09:31:22,3.566666666666667,8.799975713094076,8.266666666666667
2013-08-17,09:36:22,3.2,7.333307266235352,8.066666666666666
2013-08-17,09:41:22,3.066666666666667,6.933307647705078,8.0
2013-08-17,09:46:22,3.533333333333333,7.599970499674479,8.133333333333333
2013-08-17,09:51:22,3.066666666666667,8.666652043660482,7.8
2013-08-17,09:56:22,3.166666666666667,4.866650899251302,7.7333333333333325
2013-08-17,10:01:22,3.666666666666667,6.599979400634766,7.866666666666666
2013-08-17,10:06:22,3.1,5.666646957397461,7.8
2013-08-17,10:11:22,3.1,4.933319091796875,7.7333333333333325
2013-08-17,10:16:22,3.5,5.266653696695964,8.133333333333333
2013-08-17,10:21:22,3.2,5.933326085408529,7.866666666666666
2013-08-17,10:26:22,3.3666666666666667,5.13331413269043,7.866666666666666
2013-08-17,10:31:22,3.633333333333333,4.266659418741861,8.0
2013-08-17,10:36:22,3.166666666666667,6.999988555908203,7.7333333333333325
2013-08-17,10:41:22,3.1,8.799991607666016,8.2
2013-08-17,10:46:22,3.566666666666667,6.466639836629233,8.266666666666667
2013-08-17,10:51:22,3.1,6.799983978271484,8.0
2013-08-17,10:56:22,3.1,5.599978764851887,8.2
2013-08-17,11:01:22,3.466666666666667,9.1999880472819,7.933333333333334
2013-08-17,11:06:22,3.233333333333333,5.199979146321613,8.266666666666667
2013-08-17,11:11:22,3.333333333333333,6.333325703938803,8.2
2013-08-17,11:16:22,3.6,7.466646830240885,8.0
2013-08-17,11:21:22,3.166666666666667,5.666640599568684,8.066666666666666
2013-08-17,11:26:22,3.166666666666667,7.333313624064126,7.866666666666666
2013-08-17,11:31:22,3.6,6.599982579549152,8.2
2013-08-17,11:36:23,3.4,5.933322906494141,7.866666666666666
2013-08-17,11:41:23,3.233333333333333,5.133320490519206,7.866666666666666
2013-08-17,11:46:23,3.633333333333333,6.999988555908203,8.133333333333333
2013-08-17,11:51:23,3.1,6.799980799357096,7.933333333333334
2013-08-17,11:56:23,3.166666666666667,6.133324305216471,8.0
2013-08-17,12:01:23,3.6,6.999988555908203,7.7333333333333325
2013-08-17,12:06:23,3.2,6.999991734822592,8.133333333333333
2013-08-17,12:11:23,3.066666666666667,4.999980926513672,7.8
2013-08-17,12:16:23,3.566666666666667,7.866646448771158,8.266666666666667
2013-08-17,12:21:23,3.266666666666667,7.599983215332032,7.933333333333334
2013-08-17,12:26:23,3.4,5.733311971028645,7.933333333333334
2013-08-17,12:31:23,3.6,6.333325703938803,8.333333333333334
2013-08-17,12:36:23,3.1333333333333333,6.06665293375651,8.2
2013-08-17,12:41:23,3.2,5.399980545043945,8.133333333333333
2013-08-17,12:46:23,3.666666666666667,6.9333044687906895,8.2
2013-08-17,12:51:23,3.1333333333333333,6.6666444142659484,7.8
2013-08-17,12:56:23,3.066666666666667,5.333305994669597,7.866666666666666
2013-08-17,13:01:23,3.466666666666667,6.666660308837891,7.7333333333333325
2013-08-17,13:06:23,3.166666666666667,5.599988301595051,7.866666666666666
2013-08-17,13:11:23,3.266666666666667,5.733315149943033,7.866666666666666
2013-08-17,13:16:23,3.633333333333333,6.866645812988281,8.066666666666666
2013-08-17,13:21:23,3.2,6.6666444142659484,7.933333333333334
2013-08-17,13:26:24,3.1333333333333333,6.866652170817058,7.866666666666666
2013-08-17,13:31:24,3.7,8.999977111816406,8.266666666666667
2013-08-17,13:36:24,3.3,7.199986775716144,7.933333333333334
2013-08-17,13:41:24,3.1,4.933315912882486,7.7333333333333325
2013-08-17,13:46:24,3.466666666666667,4.799976348876953,7.933333333333334
2013-08-17,13:51:24,3.1,5.466648737589518,7.933333333333334
2013-08-17,13:56:24,3.266666666666667,7.533321380615235,7.666666666666668
2013-08-17,14:01:24,3.666666666666667,7.79998779296875,7.8
2013-08-17,14:06:24,3.233333333333333,6.933317184448243,7.933333333333334
2013-08-17,14:11:24,3.166666666666667,4.7333113352457685,7.8
2013-08-17,14:16:24,3.6,6.333319346110028,7.933333333333334
2013-08-17,14:21:24,3.166666666666667,7.066647211710614,7.8
2013-08-17,14:26:24,3.2,7.733313242594403,7.666666666666668
2013-08-17,14:31:24,3.533333333333333,6.59997304280599,8.133333333333333
2013-08-17,14:36:24,3.1,6.799974441528319,7.666666666666668
2013-08-17,14:41:24,3.166666666666667,7.199974060058594,7.866666666666666
2013-08-17,14:46:24,3.733333333333333,7.933317820231118,8.0
2013-08-17,14:51:24,3.2,4.999980926513672,7.8
2013-08-17,14:56:24,3.1,4.866657257080078,8.066666666666666
2013-08-17,15:01:24,3.5,6.066656112670898,8.066666666666666
2013-08-17,15:06:24,3.233333333333333,6.466652552286783,8.066666666666666
2013-08-17,15:11:24,3.3666666666666667,6.599979400634766,7.8
2013-08-17,15:16:24,3.6,5.599978764851887,8.4
2013-08-17,15:21:24,3.266666666666667,7.333316802978515,7.933333333333334
2013-08-17,15:26:24,3.1,5.999981562296551,8.0
2013-08-17,15:31:24,3.633333333333333,7.199983596801758,8.066666666666666
2013-08-17,15:36:24,3.233333333333333,7.199974060058594,7.7333333333333325
2013-08-17,15:41:24,3.166666666666667,6.3333161671956395,7.7333333333333325
2013-08-17,15:46:24,3.5,7.066653569539389,7.933333333333334
2013-08-17,15:51:25,3.1,6.599979400634766,7.7333333333333325
2013-08-17,15:56:25,3.1,5.999987920125326,7.7333333333333325
2013-08-17,16:01:25,3.6,5.666650136311848,7.8
2013-08-17,16:06:25,3.233333333333333,7.599983215332032,7.6
2013-08-17,16:11:25,3.066666666666667,4.599971771240234,7.666666666666668
2013-08-17,16:16:25,3.5,6.466649373372396,7.866666666666666
2013-08-17,16:21:25,3.3,6.199979782104492,7.8
2013-08-17,16:26:25,3.2,7.399978637695312,7.933333333333334
2013-08-17,16:31:25,3.6,7.999982833862304,8.0
2013-08-17,16:36:25,3.1333333333333333,6.666647593180337,7.8
2013-08-17,16:41:25,3.4,5.9999847412109375,7.8
2013-08-17,16:46:25,3.566666666666667,6.466649373372396,8.133333333333333
2013-08-17,16:51:25,3.3,5.599985122680664,7.8
2013-08-17,16:56:25,3.1,4.066651662190756,7.933333333333334
2013-08-17,17:01:25,3.433333333333333,6.599979400634766,8.0
2013-08-17,17:06:25,3.1,5.199985504150391,7.866666666666666
2013-08-17,17:11:25,3.266666666666667,5.466645558675131,8.0
2013-08-17,17:16:25,3.666666666666667,6.999972661336264,8.333333333333334
2013-08-17,17:21:25,3.166666666666667,6.99997901916504,7.933333333333334
2013-08-17,17:26:25,3.1,4.999980926513672,7.7333333333333325
2013-08-17,17:31:25,3.5,5.466645558675131,8.066666666666666
2013-08-17,17:36:25,3.1,6.399984359741211,7.666666666666668
2013-08-17,17:41:25,3.066666666666667,5.533326466878254,8.0
2013-08-17,17:46:25,3.466666666666667,7.999973297119141,8.266666666666667
2013-08-17,17:51:25,3.166666666666667,5.9999847412109375,7.7333333333333325
2013-08-17,17:56:25,3.233333333333333,5.199995040893555,7.8
2013-08-17,18:01:25,3.533333333333333,8.799982070922852,7.7333333333333325
2013-08-17,18:06:25,3.3,6.933310826619467,7.933333333333334
2013-08-17,18:11:25,3.166666666666667,6.06665293375651,7.933333333333334
2013-08-17,18:16:26,3.533333333333333,6.199989318847656,8.133333333333333
2013-08-17,18:21:26,3.333333333333333,6.599979400634766,7.933333333333334
2013-08-17,18:26:26,3.233333333333333,4.599981307983398,7.7333333333333325
2013-08-17,18:31:25,3.533333333333333,6.399984359741211,8.133333333333333
2013-08-17,18:36:25,3.2,5.666643778483072,8.333333333333334
2013-08-17,18:41:25,3.1,5.666643778483072,8.333333333333334
2013-08-17,18:46:25,3.733333333333333,8.599987030029297,8.266666666666667
2013-08-17,18:51:25,3.3,5.8666451772054025,8.066666666666666
2013-08-17,18:56:25,3.266666666666667,6.599982579549152,8.133333333333333
2013-08-17,19:01:25,3.6,8.59998067220052,7.8
2013-08-17,19:06:25,3.066666666666667,5.9999847412109375,7.8
2013-08-17,19:11:25,3.233333333333333,5.466655095418293,7.8
2013-08-17,19:16:25,3.566666666666667,8.19997787475586,7.933333333333334
2013-08-17,19:21:25,3.266666666666667,5.599985122680664,7.8
2013-08-17,19:26:25,3.1333333333333333,6.066649754842123,7.933333333333334
2013-08-17,19:31:25,3.633333333333333,6.066649754842123,8.133333333333333
2013-08-17,19:36:25,3.0,7.466650009155273,8.066666666666666
2013-08-17,19:41:25,3.166666666666667,6.599988937377929,8.0
2013-08-17,19:46:25,3.633333333333333,8.799991607666016,8.266666666666667
2013-08-17,19:51:25,3.1333333333333333,5.599985122680664,7.7333333333333325
2013-08-17,19:56:25,3.3,4.9333254496256504,7.8
2013-08-17,20:01:25,3.533333333333333,8.999980290730795,7.7333333333333325
2013-08-17,20:06:26,3.033333333333333,6.933317184448243,7.8
2013-08-17,20:11:26,3.266666666666667,6.799983978271484,8.0
2013-08-17,20:16:26,3.533333333333333,5.199975967407227,8.066666666666666
2013-08-17,20:21:26,3.3,7.133318583170572,7.933333333333334
2013-08-17,20:26:26,3.233333333333333,6.866642634073893,7.933333333333334
2013-08-17,20:31:26,3.6,10.266650517781576,8.0
2013-08-17,20:36:26,3.1333333333333333,6.666657129923502,8.2
2013-08-17,20:41:26,3.266666666666667,6.7333126068115225,8.066666666666666
2013-08-17,20:46:26,3.666666666666667,6.866642634073893,8.4
2013-08-17,20:51:26,3.033333333333333,7.599983215332032,8.066666666666666
2013-08-17,20:56:26,3.1,5.133310953776041,8.0
2013-08-17,21:01:26,3.633333333333333,7.133309046427411,7.7333333333333325
2013-08-17,21:06:26,3.3666666666666667,7.333316802978515,7.666666666666668
2013-08-17,21:11:26,3.4,6.13331158955892,7.8
2013-08-17,21:16:26,3.666666666666667,7.799984614054361,8.0
2013-08-17,21:21:26,3.766666666666667,8.93331527709961,7.8
2013-08-17,21:26:26,3.066666666666667,6.133308410644531,7.133333333333334
2013-08-17,21:31:26,3.6,6.866655349731446,7.533333333333332
2013-08-17,21:36:26,3.2,6.7333221435546875,7.2666666666666675
2013-08-17,21:41:26,3.033333333333333,4.666643142700195,7.2666666666666675
2013-08-17,21:46:26,3.3,5.799980163574219,7.466666666666668
2013-08-17,21:51:26,3.0,7.466650009155273,7.333333333333332
2013-08-17,21:56:26,3.0,6.53331438700358,7.2
2013-08-17,22:01:26,3.433333333333333,6.666647593180337,7.4
2013-08-17,22:06:26,3.0,5.466651916503906,7.4
2013-08-17,22:11:26,3.1333333333333333,4.533316294352214,7.2
2013-08-17,22:16:26,3.7,8.466641108194988,7.466666666666668
2013-08-17,22:21:26,3.2,6.266651153564454,7.2
2013-08-17,22:26:26,3.033333333333333,6.466636657714845,7.2
2013-08-17,22:31:26,3.4,7.133312225341797,7.466666666666668
2013-08-17,22:36:27,3.0,5.533326466878254,7.333333333333332
2013-08-17,22:41:27,3.066666666666667,3.9999866485595703,7.6
2013-08-17,22:46:27,3.533333333333333,5.866648356119793,7.7333333333333325
2013-08-17,22:51:27,3.033333333333333,6.599982579549152,7.4
2013-08-17,22:56:27,3.0,5.199985504150391,7.333333333333332
2013-08-17,23:01:27,3.466666666666667,9.73330815633138,7.6
2013-08-17,23:06:27,3.1333333333333333,9.733304977416992,7.466666666666668
2013-08-17,23:11:27,3.1,5.733324686686199,7.666666666666668
2013-08-17,23:16:27,3.3666666666666667,6.266651153564454,7.466666666666668
2013-08-17,23:21:27,3.1333333333333333,5.8666451772054025,7.4
2013-08-17,23:26:27,3.0,4.399983088175455,7.333333333333332
2013-08-17,23:31:27,3.466666666666667,8.5333251953125,7.533333333333332
2013-08-17,23:36:27,3.0,5.333318710327148,7.2666666666666675
2013-08-17,23:41:27,3.033333333333333,6.06665293375651,7.133333333333334
2013-08-17,23:46:27,3.533333333333333,5.399983723958334,7.466666666666668
2013-08-17,23:51:27,3.233333333333333,6.466646194458008,7.2666666666666675
2013-08-17,23:56:27,3.166666666666667,7.133312225341797,7.333333333333332
2013-08-18,00:01:27,3.433333333333333,6.599982579549152,7.333333333333332
2013-08-18,00:06:27,4.133333333333333,8.333317438761394,7.333333333333332
2013-08-18,00:11:27,3.066666666666667,10.333309173583984,7.066666666666666
2013-08-18,00:16:27,3.5,6.399984359741211,7.466666666666668
2013-08-18,00:21:27,3.1333333333333333,7.599983215332032,7.4
2013-08-18,00:26:27,3.033333333333333,5.733318328857422,7.4
2013-08-18,00:31:27,3.3666666666666667,7.199986775716144,7.533333333333332
2013-08-18,00:36:27,3.0,5.933307011922199,7.2
2013-08-18,00:41:27,3.0,5.466655095418293,7.2666666666666675
2013-08-18,00:46:28,3.4,6.266651153564454,7.466666666666668
2013-08-18,00:51:28,3.0,5.666650136311848,7.4
2013-08-18,00:56:28,3.0,6.866652170817058,7.533333333333332
2013-08-18,01:01:31,3.4,6.333322525024414,7.7333333333333325
2013-08-18,01:06:31,3.033333333333333,6.799987157185873,7.7333333333333325
2013-08-18,01:11:31,3.066666666666667,5.0666459401448565,7.866666666666666
2013-08-18,01:16:31,3.533333333333333,7.133318583170572,7.866666666666666
2013-08-18,01:21:31,3.1,6.99997901916504,7.7333333333333325
2013-08-18,01:26:31,3.033333333333333,6.533311208089193,7.8
2013-08-18,01:31:31,3.433333333333333,7.866646448771158,7.866666666666666
2013-08-18,01:36:31,3.066666666666667,8.066651026407877,7.666666666666668
2013-08-18,01:41:31,3.0,5.2666473388671875,7.666666666666668
2013-08-18,01:46:31,3.3666666666666667,6.066646575927734,7.533333333333332
2013-08-18,01:51:31,3.1,5.399986902872721,7.333333333333332
2013-08-18,01:56:31,3.1333333333333333,4.266649881998697,7.2666666666666675
2013-08-18,02:01:31,3.466666666666667,5.46666145324707,7.333333333333332
2013-08-18,02:06:31,3.0,6.53331438700358,7.2666666666666675
2013-08-18,02:11:31,3.0,6.066649754842123,7.2
2013-08-18,02:16:31,3.4,6.799987157185873,7.2666666666666675
2013-08-18,02:21:31,3.1333333333333333,6.133314768473307,7.0
2013-08-18,02:26:31,3.066666666666667,6.599982579549152,7.2
2013-08-18,02:31:31,3.4,4.533316294352214,7.2
2013-08-18,02:36:31,3.0,5.999987920125326,7.2
2013-08-18,02:41:31,3.0,5.333315531412761,7.0
2013-08-18,02:46:31,3.433333333333333,6.999975840250651,7.333333333333332
2013-08-18,02:51:31,3.066666666666667,6.399978001912436,7.2666666666666675
2013-08-18,02:56:31,3.066666666666667,6.199973424275717,7.2666666666666675
2013-08-18,03:01:31,3.5,7.399975458780923,7.6
2013-08-18,03:06:32,3.1,8.399972915649414,7.666666666666668
2013-08-18,03:11:32,3.0,4.39997673034668,7.866666666666666
2013-08-18,03:16:32,3.433333333333333,9.333311716715494,7.933333333333334
2013-08-18,03:21:32,3.066666666666667,7.466643651326497,7.7333333333333325
2013-08-18,03:26:32,3.1333333333333333,5.2666441599528,7.533333333333332
2013-08-18,03:31:32,3.466666666666667,8.133312861124674,7.6
2013-08-18,03:36:31,3.0,7.933311462402344,7.533333333333332
2013-08-18,03:41:31,3.0,7.133318583170572,7.466666666666668
2013-08-18,03:46:31,3.3666666666666667,5.533323287963867,7.866666666666666
2013-08-18,03:51:31,3.0,5.9999847412109375,7.8
2013-08-18,03:56:31,3.2,5.799980163574219,7.533333333333332
2013-08-18,04:01:31,3.3666666666666667,5.333309173583984,7.333333333333332
2013-08-18,04:06:31,3.066666666666667,6.266644795735678,7.133333333333334
2013-08-18,04:11:31,3.0,6.399978001912436,7.2666666666666675
2013-08-18,04:16:31,3.4,5.93331019083659,7.4
2013-08-18,04:21:31,3.1,4.599981307983398,7.2666666666666675
2013-08-18,04:26:31,3.033333333333333,4.666649500528972,7.133333333333334
2013-08-18,04:31:31,4.266666666666667,6.266644795735678,7.333333333333332
2013-08-18,04:36:31,3.033333333333333,8.333320617675781,7.066666666666666
2013-08-18,04:41:32,3.1333333333333333,5.533313751220703,7.133333333333334
2013-08-18,04:46:32,3.3666666666666667,9.799976348876953,7.466666666666668
2013-08-18,04:51:32,3.0,7.133312225341797,7.066666666666666
2013-08-18,04:56:32,3.1,8.66663932800293,7.0
2013-08-18,05:01:32,3.5,8.066641489664713,7.2
2013-08-18,05:06:32,3.0,7.199986775716144,7.2
2013-08-18,05:11:32,3.0,5.466648737589518,7.2666666666666675
2013-08-18,05:16:32,3.3666666666666667,6.999982198079429,7.466666666666668
2013-08-18,05:21:32,3.1,5.333321889241537,7.333333333333332
2013-08-18,05:26:32,3.033333333333333,6.533311208089193,7.333333333333332
2013-08-18,05:31:32,3.433333333333333,6.3333161671956395,7.466666666666668
2013-08-18,05:36:32,3.0,7.466650009155273,7.533333333333332
2013-08-18,05:41:32,3.0,5.066642761230469,7.533333333333332
2013-08-18,05:46:32,3.466666666666667,6.866645812988281,7.533333333333332
2013-08-18,05:51:32,3.033333333333333,6.333312988281251,7.333333333333332
2013-08-18,05:56:32,3.066666666666667,5.266656875610352,7.466666666666668
2013-08-18,06:01:32,3.433333333333333,6.266647974650065,7.666666666666668
2013-08-18,06:06:32,3.333333333333333,5.79997698465983,7.333333333333332
2013-08-18,06:11:32,3.0,4.666646321614584,7.066666666666666
2013-08-18,06:16:32,3.3666666666666667,4.999977747599283,7.2666666666666675
2013-08-18,06:21:32,3.1,7.066640853881837,7.2666666666666675
2013-08-18,06:26:32,3.0,3.6666393280029297,7.2666666666666675
2013-08-18,06:31:32,3.3,6.666653951009114,7.133333333333334
2013-08-18,06:36:32,3.0,8.933318456013998,7.2666666666666675
2013-08-18,06:41:32,3.0,5.86665153503418,7.4
2013-08-18,06:46:32,3.333333333333333,6.799980799357096,7.466666666666668
2013-08-18,06:51:33,3.0,6.066649754842123,7.333333333333332
2013-08-18,06:56:33,3.0,5.799980163574219,7.333333333333332
2013-08-18,07:01:33,3.333333333333333,7.599986394246421,7.2
2013-08-18,07:06:33,3.033333333333333,6.866652170817058,7.2666666666666675
2013-08-18,07:11:33,3.0,3.6666520436604815,7.533333333333332
2013-08-18,07:16:33,3.333333333333333,5.799970626831055,7.8
2013-08-18,07:21:33,3.066666666666667,5.199985504150391,7.333333333333332
2013-08-18,07:26:33,3.033333333333333,6.066646575927734,7.2
2013-08-18,07:31:33,3.3,7.3333104451497375,7.666666666666668
2013-08-18,07:36:33,3.0,7.733319600423178,7.466666666666668
2013-08-18,07:41:33,3.0,4.866641362508139,7.333333333333332
2013-08-18,07:46:33,3.333333333333333,5.3999773661295585,7.4
2013-08-18,07:51:33,3.0,4.999980926513672,7.2
2013-08-18,07:56:33,3.0,5.5999819437662754,7.2666666666666675
2013-08-18,08:01:33,3.3,8.199984232584635,7.2
2013-08-18,08:06:33,2.9,7.799978256225586,7.2666666666666675
2013-08-18,08:11:33,3.0,5.399980545043945,7.133333333333334
2013-08-18,08:16:33,3.3666666666666667,9.99998410542806,7.333333333333332
2013-08-18,08:21:33,3.1,8.199987411499023,7.2666666666666675
2013-08-18,08:26:33,2.966666666666667,4.5999908447265625,7.0
2013-08-18,08:31:33,3.266666666666667,5.599985122680664,7.2
2013-08-18,08:36:33,3.0,5.399980545043945,7.133333333333334
2013-08-18,08:41:33,3.033333333333333,4.599981307983398,7.133333333333334
2013-08-18,08:46:33,3.266666666666667,3.9999771118164067,7.333333333333332
2013-08-18,08:51:33,3.0,4.999971389770508,7.2666666666666675
2013-08-18,08:56:33,2.966666666666667,4.399983088175455,7.133333333333334
2013-08-18,09:01:33,3.3,6.999988555908203,7.133333333333334
2013-08-18,09:06:33,3.033333333333333,7.866652806599933,7.2666666666666675
2013-08-18,09:11:33,3.0,7.199983596801758,7.2666666666666675
2013-08-18,09:16:33,3.3,6.399978001912436,7.533333333333332
2013-08-18,09:21:33,3.066666666666667,6.999969482421875,7.2
2013-08-18,09:26:33,3.0,5.799970626831055,7.2666666666666675
2013-08-18,09:31:33,3.3,5.399990081787109,7.466666666666668
2013-08-18,09:36:33,3.0,5.9999847412109375,7.533333333333332
2013-08-18,09:41:33,2.933333333333333,5.199985504150391,7.2666666666666675
2013-08-18,09:46:33,3.333333333333333,5.599978764851887,7.866666666666666
2013-08-18,09:51:33,3.0,6.599979400634766,7.2
2013-08-18,09:56:33,3.0,6.599988937377929,7.066666666666666
2013-08-18,10:01:33,3.3,5.599985122680664,7.133333333333334
2013-08-18,10:06:33,3.0,7.399978637695312,7.2
2013-08-18,10:11:34,3.0,4.999980926513672,7.4
2013-08-18,10:16:34,3.3,7.199977238972982,7.2
2013-08-18,10:21:34,3.066666666666667,6.799983978271484,7.133333333333334
2013-08-18,10:26:34,3.0,5.466645558675131,7.0
2013-08-18,10:31:34,3.3,6.3333161671956395,7.2
2013-08-18,10:36:34,3.0,5.999975204467773,7.066666666666666
2013-08-18,10:41:34,3.0,4.466654459635417,7.133333333333334
2013-08-18,10:46:34,3.4,8.599974314371744,7.6
2013-08-18,10:51:34,3.0,6.799983978271484,7.2
2013-08-18,10:56:34,3.0,5.799980163574219,7.2
2013-08-18,11:01:34,3.3,6.199989318847656,7.066666666666666
2013-08-18,11:06:34,3.0,6.399984359741211,7.466666666666668
2013-08-18,11:11:34,3.0,6.399984359741211,7.466666666666668
2013-08-18,11:16:34,3.266666666666667,6.399993896484375,7.466666666666668
2013-08-18,11:21:34,3.033333333333333,5.399980545043945,7.333333333333332
2013-08-18,11:26:34,3.0,4.399986267089844,7.0
2013-08-18,11:31:34,3.3,6.533311208089193,7.466666666666668
2013-08-18,11:36:34,3.033333333333333,7.133318583170572,7.466666666666668
2013-08-18,11:41:34,3.0,7.599983215332032,7.666666666666668
2013-08-18,11:46:34,3.333333333333333,7.933311462402344,7.7333333333333325
2013-08-18,11:51:34,3.0,7.199983596801758,7.2666666666666675
2013-08-18,11:56:34,3.0,4.933319091796875,7.133333333333334
2013-08-18,12:01:34,3.333333333333333,7.199974060058594,7.2666666666666675
2013-08-18,12:06:34,3.0,5.333318710327148,7.0
2013-08-18,12:11:34,3.0,7.599973678588867,7.0
2013-08-18,12:16:34,3.3,6.666647593180337,7.2666666666666675
2013-08-18,12:21:34,3.1,6.666653951009114,7.2666666666666675
2013-08-18,12:26:34,3.033333333333333,7.599983215332032,7.133333333333334
2013-08-18,12:31:34,3.333333333333333,7.199983596801758,7.333333333333332
2013-08-18,12:36:34,3.0,4.799985885620117,7.0
2013-08-18,12:41:34,3.0,4.799995422363281,7.066666666666666
2013-08-18,12:46:34,3.3,5.199975967407227,7.2
2013-08-18,12:51:34,2.9,5.399980545043945,7.133333333333334
2013-08-18,12:56:34,3.0,4.399986267089844,7.133333333333334
2013-08-18,13:01:34,3.3,7.533321380615235,7.2
2013-08-18,13:06:34,3.0,5.399980545043945,7.133333333333334
2013-08-18,13:11:34,2.966666666666667,4.399983088175455,7.2666666666666675
2013-08-18,13:16:34,3.4,8.066654205322266,7.2666666666666675
2013-08-18,13:21:34,4.133333333333333,10.533304214477539,7.2
2013-08-18,13:26:34,3.0,14.999980926513674,7.2
2013-08-18,13:31:34,3.3666666666666667,8.599977493286133,7.466666666666668
2013-08-18,13:36:34,3.0,6.066649754842123,7.6
2013-08-18,13:41:34,2.933333333333333,5.999994277954102,7.7333333333333325
2013-08-18,13:46:34,3.3666666666666667,5.399990081787109,7.8
2013-08-18,13:51:34,3.0,5.933316548665365,7.533333333333332
2013-08-18,13:56:34,2.933333333333333,6.99997901916504,7.133333333333334
2013-08-18,14:01:34,3.266666666666667,7.3333104451497375,7.133333333333334
2013-08-18,14:06:35,2.966666666666667,7.466650009155273,7.066666666666666
2013-08-18,14:11:35,3.0,6.066646575927734,7.2
2013-08-18,14:16:35,3.3,6.6666412353515625,7.4
2013-08-18,14:21:35,3.1,6.599982579549152,7.2666666666666675
2013-08-18,14:26:35,3.0,5.2666441599528,7.133333333333334
2013-08-18,14:31:35,3.266666666666667,6.06663703918457,7.533333333333332
2013-08-18,14:36:35,3.0,5.93331019083659,7.4
2013-08-18,14:41:35,3.0,5.1333173116048165,7.533333333333332
2013-08-18,14:46:35,3.3,7.133321762084961,7.533333333333332
2013-08-18,14:51:35,2.966666666666667,5.9999847412109375,7.4
2013-08-18,14:56:35,3.066666666666667,6.799990336100261,7.2666666666666675
2013-08-18,15:01:35,3.4,6.333309809366862,7.2
2013-08-18,15:06:35,3.0,6.3333161671956395,7.2666666666666675
2013-08-18,15:11:35,3.0,4.199991226196289,7.4
2013-08-18,15:16:35,3.266666666666667,6.399984359741211,7.2666666666666675
2013-08-18,15:21:35,3.066666666666667,7.666651407877606,7.2666666666666675
2013-08-18,15:26:35,3.0,6.066646575927734,7.2
2013-08-18,15:31:35,3.333333333333333,6.3333161671956395,7.6
2013-08-18,15:36:35,3.0,5.199985504150391,7.533333333333332
2013-08-18,15:41:35,2.966666666666667,4.933319091796875,7.2
2013-08-18,15:46:35,3.3666666666666667,8.46665064493815,7.2
2013-08-18,15:51:35,3.0,7.53331184387207,7.4
2013-08-18,15:56:35,3.0,5.266650517781576,7.133333333333334
2013-08-18,16:01:35,3.3,7.266645431518555,7.066666666666666
2013-08-18,16:06:35,3.0,6.333322525024414,7.066666666666666
2013-08-18,16:11:35,3.0,4.866650899251302,7.0
2013-08-18,16:16:36,3.333333333333333,6.3999875386555996,7.466666666666668
2013-08-18,16:21:36,3.1,6.199976603190104,7.066666666666666
2013-08-18,16:26:36,3.0,4.799985885620117,7.133333333333334
2013-08-18,16:31:36,3.266666666666667,5.866657892862957,7.533333333333332
2013-08-18,16:36:36,3.0,7.5999800364176435,7.133333333333334
2013-08-18,16:41:36,3.0,4.666649500528972,7.2666666666666675
2013-08-18,16:46:36,3.3,6.733315785725911,7.533333333333332
2013-08-18,16:51:36,2.966666666666667,6.799980799357096,7.2666666666666675
2013-08-18,16:56:36,3.0,4.666646321614584,7.533333333333332
2013-08-18,17:01:35,3.333333333333333,4.399989446004231,7.7333333333333325
2013-08-18,17:06:35,3.0,5.13331413269043,7.6
2013-08-18,17:11:35,3.0,6.266647974650065,7.4
2013-08-18,17:16:35,3.3,7.1333154042561855,7.466666666666668
2013-08-18,17:21:35,3.1,5.333312352498373,7.2
2013-08-18,17:26:35,3.1,7.399969100952148,7.333333333333332
2013-08-18,17:31:35,3.233333333333333,7.53331184387207,7.533333333333332
2013-08-18,17:36:35,3.0,6.53331438700358,7.133333333333334
2013-08-18,17:41:35,3.0,3.5999902089436846,6.933333333333334
2013-08-18,17:46:35,3.3,3.6666584014892574,7.2666666666666675
2013-08-18,17:51:35,3.0,4.866647720336914,7.066666666666666
2013-08-18,17:56:35,2.966666666666667,3.866647084554036,7.0
2013-08-18,18:01:36,3.266666666666667,5.06665547688802,7.066666666666666
2013-08-18,18:06:36,3.0,6.0666433970133475,7.0
2013-08-18,18:11:36,3.0,5.999981562296551,7.2666666666666675
2013-08-18,18:16:36,3.3666666666666667,9.06664530436198,7.466666666666668
2013-08-18,18:21:36,3.033333333333333,7.666645050048829,7.2
2013-08-18,18:26:36,3.0,4.333311716715494,7.333333333333332
2013-08-18,18:31:36,3.333333333333333,5.799989700317383,7.666666666666668
2013-08-18,18:36:36,3.0,6.7333126068115225,7.333333333333332
2013-08-18,18:41:36,3.0,6.399984359741211,7.4
2013-08-18,18:46:36,3.3,6.999988555908203,7.2666666666666675
2013-08-18,18:51:36,3.0,6.199982961018879,7.333333333333332
2013-08-18,18:56:36,3.0,4.533319473266602,7.666666666666668
2013-08-18,19:01:36,3.3666666666666667,7.066653569539389,7.866666666666666
2013-08-18,19:06:36,3.033333333333333,6.599979400634766,7.533333333333332
2013-08-18,19:11:36,2.966666666666667,4.466648101806641,7.333333333333332
2013-08-18,19:16:36,3.266666666666667,6.133308410644531,7.466666666666668
2013-08-18,19:21:36,3.066666666666667,6.866655349731446,7.4
2013-08-18,19:26:36,2.966666666666667,5.333315531412761,7.2666666666666675
2013-08-18,19:31:36,3.3,6.333312988281251,7.7333333333333325
2013-08-18,19:36:36,3.0,4.133313496907553,7.333333333333332
2013-08-18,19:41:36,2.966666666666667,4.399979909261067,7.133333333333334
2013-08-18,19:46:36,3.333333333333333,5.666656494140625,7.333333333333332
2013-08-18,19:51:36,3.0,6.399984359741211,6.933333333333334
2013-08-18,19:56:36,3.0,9.399986267089844,7.0
2013-08-18,20:01:36,3.266666666666667,6.266654332478843,7.2666666666666675
2013-08-18,20:06:36,3.0,6.7333126068115225,7.2666666666666675
2013-08-18,20:11:36,3.033333333333333,4.866641362508139,6.933333333333334
2013-08-18,20:16:36,3.333333333333333,5.666653315226236,7.2
2013-08-18,20:21:36,3.033333333333333,4.799989064534505,7.2
2013-08-18,20:26:36,3.0,4.533319473266602,7.2666666666666675
2013-08-18,20:31:36,3.3,8.933324813842773,7.466666666666668
2013-08-18,20:36:36,3.0,6.133308410644531,7.333333333333332
2013-08-18,20:41:36,3.0,4.666652679443359,7.133333333333334
2013-08-18,20:46:36,3.333333333333333,8.066644668579102,7.4
2013-08-18,20:51:36,2.966666666666667,4.8666445414225254,7.0
2013-08-18,20:56:36,3.0,3.7333138783772783,7.0
2013-08-18,21:01:36,3.3,5.999987920125326,7.333333333333332
2013-08-18,21:06:36,2.933333333333333,6.733309427897134,7.066666666666666
2013-08-18,21:11:36,3.0,5.199995040893555,7.0
2013-08-18,21:16:36,3.3666666666666667,9.399979909261068,7.4
2013-08-18,21:21:36,3.033333333333333,7.399975458780923,7.133333333333334
2013-08-18,21:26:36,3.0,4.466648101806641,7.133333333333334
2013-08-18,21:31:36,3.266666666666667,6.133321126302082,7.7333333333333325
2013-08-18,21:36:36,2.933333333333333,9.333305358886719,7.4
2013-08-18,21:41:36,3.033333333333333,7.133312225341797,7.466666666666668
2013-08-18,21:46:36,3.4,7.933317820231118,7.7333333333333325
2013-08-18,21:51:36,3.0,7.266654968261718,7.2
2013-08-18,21:56:36,2.966666666666667,5.399986902872721,7.0
2013-08-18,22:01:36,3.3,6.199979782104492,7.2
2013-08-18,22:06:36,3.0,5.999972025553387,7.2
2013-08-18,22:11:36,3.0,5.3333282470703125,7.333333333333332
2013-08-18,22:16:36,3.3,5.799980163574219,7.6
2013-08-18,22:21:37,3.0,5.999987920125326,7.133333333333334
2013-08-18,22:26:36,3.0,8.133316040039062,7.133333333333334
2013-08-18,22:31:37,3.3,7.666645050048829,7.333333333333332
2013-08-18,22:36:37,3.0,5.466648737589518,7.0
2013-08-18,22:41:37,2.933333333333333,7.266654968261718,7.133333333333334
2013-08-18,22:46:37,3.266666666666667,7.399988174438477,7.133333333333334
2013-08-18,22:51:37,2.966666666666667,5.399990081787109,7.066666666666666
2013-08-18,22:56:37,3.0,5.533320109049479,7.0
2013-08-18,23:01:37,3.266666666666667,6.733325322469076,7.2666666666666675
2013-08-18,23:06:37,2.933333333333333,6.7333126068115225,7.2666666666666675
2013-08-18,23:11:37,2.9,5.2666441599528,7.2
2013-08-18,23:16:37,3.266666666666667,7.933305104573568,7.2666666666666675
2013-08-18,23:21:37,3.1,7.799978256225586,7.133333333333334
2013-08-18,23:26:37,3.0,4.999971389770508,7.2
2013-08-18,23:31:37,3.3,6.399978001912436,7.4
2013-08-18,23:36:37,3.0,4.666652679443359,7.533333333333332
2013-08-18,23:41:37,3.033333333333333,6.733309427897134,7.466666666666668
2013-08-18,23:46:37,3.333333333333333,6.533304850260419,7.533333333333332
2013-08-18,23:51:37,3.0,6.399984359741211,7.066666666666666
2013-08-18,23:56:37,2.966666666666667,6.466649373372396,7.066666666666666
2013-08-19,00:01:37,3.3,6.999988555908203,7.066666666666666
2013-08-19,00:06:37,3.066666666666667,9.066635767618815,7.066666666666666
2013-08-19,00:11:37,3.0,4.933312733968099,7.133333333333334
2013-08-19,00:16:37,3.3666666666666667,6.333319346110028,7.333333333333332
2013-08-19,00:21:37,3.033333333333333,7.666645050048829,7.066666666666666
2013-08-19,00:26:37,3.0,4.9333254496256504,7.2
2013-08-19,00:31:37,3.4,6.199979782104492,7.333333333333332
2013-08-19,00:36:37,3.0,5.799980163574219,7.333333333333332
2013-08-19,00:41:37,3.0,4.266640345255533,7.2
2013-08-19,00:46:37,3.233333333333333,6.799983978271484,7.2666666666666675
2013-08-19,00:51:37,2.966666666666667,7.199974060058594,6.8
2013-08-19,00:56:37,3.033333333333333,6.199989318847656,7.2666666666666675
2013-08-19,01:01:38,3.3,5.79997698465983,7.066666666666666
2013-08-19,01:06:38,3.0,7.4666404724121085,7.2666666666666675
2013-08-19,01:11:38,3.0,4.399983088175455,7.133333333333334
2013-08-19,01:16:38,3.333333333333333,5.3999773661295585,7.4
2013-08-19,01:21:38,3.066666666666667,5.333315531412761,7.2
2013-08-19,01:26:38,3.0,4.066661198933919,7.466666666666668
2013-08-19,01:31:38,3.3,4.866647720336914,7.6
2013-08-19,01:36:38,3.0,4.666655858357748,7.666666666666668
2013-08-19,01:41:38,3.0,5.333318710327148,7.4
2013-08-19,01:46:38,3.433333333333333,7.599976857503256,7.7333333333333325
2013-08-19,01:51:39,3.033333333333333,5.333315531412761,7.2666666666666675
2013-08-19,01:56:39,2.966666666666667,4.933309555053711,7.2666666666666675
2013-08-19,02:01:39,3.4,7.199983596801758,7.2666666666666675
2013-08-19,02:06:39,3.0,6.199982961018879,7.333333333333332
2013-08-19,02:11:40,2.966666666666667,6.399984359741211,7.133333333333334
2013-08-19,02:16:41,3.3666666666666667,7.399978637695312,7.2666666666666675
2013-08-19,02:21:41,2.933333333333333,7.133312225341797,7.2
2013-08-19,02:26:41,2.966666666666667,4.533316294352214,7.2
2013-08-19,02:31:41,4.466666666666667,9.799979527791342,7.4
2013-08-19,02:36:41,3.0,14.599978129069008,7.133333333333334
2013-08-19,02:41:41,3.0,7.266654968261718,7.133333333333334
2013-08-19,02:46:41,3.3,6.7333221435546875,7.333333333333332
2013-08-19,02:51:41,3.033333333333333,6.333322525024414,6.933333333333334
2013-08-19,02:56:41,3.066666666666667,5.8666451772054025,7.066666666666666
2013-08-19,03:01:41,3.333333333333333,6.799990336100261,7.0
2013-08-19,03:06:41,3.0,6.866645812988281,7.0
2013-08-19,03:11:41,2.966666666666667,5.06665547688802,7.0
2013-08-19,03:16:41,3.333333333333333,6.733309427897134,7.2666666666666675
2013-08-19,03:21:41,3.066666666666667,7.133321762084961,6.933333333333334
2013-08-19,03:26:41,2.966666666666667,6.333312988281251,7.066666666666666
2013-08-19,03:31:41,3.3,4.99998410542806,7.333333333333332
2013-08-19,03:36:41,3.0,5.333315531412761,7.6
2013-08-19,03:41:41,3.0,4.999990463256836,7.6
2013-08-19,03:46:41,3.3666666666666667,7.599983215332032,7.466666666666668
2013-08-19,03:51:41,2.966666666666667,5.533313751220703,7.066666666666666
2013-08-19,03:56:41,2.966666666666667,5.2666473388671875,7.2
2013-08-19,04:01:41,3.333333333333333,6.53331438700358,7.333333333333332
2013-08-19,04:06:41,3.066666666666667,5.666650136311848,7.466666666666668
2013-08-19,04:11:41,3.0,7.266645431518555,7.6
2013-08-19,04:16:41,3.3,9.799976348876953,7.2
2013-08-19,04:21:41,3.033333333333333,5.999981562296551,7.066666666666666
2013-08-19,04:26:41,3.033333333333333,4.799985885620117,7.0
2013-08-19,04:31:41,3.8666666666666663,6.799983978271484,7.2666666666666675
2013-08-19,04:36:41,3.3,11.066646575927734,7.0
2013-08-19,04:41:41,3.0,6.599982579549152,7.0
2013-08-19,04:46:41,3.333333333333333,6.999982198079429,7.2666666666666675
2013-08-19,04:51:41,3.033333333333333,5.9999847412109375,7.066666666666666
2013-08-19,04:56:41,3.0,5.866641998291016,7.133333333333334
2013-08-19,05:01:41,3.4,7.533305486043294,7.066666666666666
2013-08-19,05:06:41,3.0,8.733307520548502,7.2
2013-08-19,05:11:42,3.0,6.399978001912436,7.133333333333334
2013-08-19,05:16:42,3.3666666666666667,5.933319727579754,7.466666666666668
2013-08-19,05:21:42,3.1333333333333333,6.466643015543622,7.133333333333334
2013-08-19,05:26:42,2.933333333333333,4.799985885620117,7.066666666666666
2013-08-19,05:31:42,3.2,5.9999847412109375,7.2
2013-08-19,05:36:42,3.0,5.999978383382162,7.066666666666666
2013-08-19,05:41:42,3.0,4.733320871988932,7.466666666666668
2013-08-19,05:46:42,3.333333333333333,6.933310826619467,7.4
2013-08-19,05:51:42,3.0,6.066649754842123,7.0
2013-08-19,05:56:42,2.966666666666667,6.933317184448243,7.0
2013-08-19,06:01:42,3.4,5.933322906494141,7.2666666666666675
2013-08-19,06:06:42,3.0,5.733315149943033,7.333333333333332
2013-08-19,06:11:42,3.0,4.933312733968099,7.2666666666666675
2013-08-19,06:16:42,3.3,7.93331464131673,7.2666666666666675
2013-08-19,06:21:42,2.966666666666667,7.199974060058594,7.133333333333334
2013-08-19,06:26:42,3.066666666666667,4.599981307983398,7.333333333333332
2013-08-19,06:31:42,3.333333333333333,5.9999847412109375,7.4
2013-08-19,06:36:42,3.0,7.199983596801758,7.2
2013-08-19,06:41:42,3.0,7.999973297119141,7.066666666666666
2013-08-19,06:46:42,3.3,7.599983215332032,7.133333333333334
2013-08-19,06:51:42,2.966666666666667,6.799974441528319,7.0
2013-08-19,06:56:42,3.0,5.199975967407227,7.133333333333334
2013-08-19,07:01:42,3.266666666666667,7.199974060058594,7.2666666666666675
2013-08-19,07:06:42,2.966666666666667,4.599981307983398,7.0
2013-08-19,07:11:42,2.966666666666667,6.399984359741211,7.2
2013-08-19,07:16:42,3.333333333333333,4.399986267089844,7.6
2013-08-19,07:21:42,3.0,4.199981689453125,7.333333333333332
2013-08-19,07:26:42,3.0,3.733307520548502,7.6
2013-08-19,07:31:42,3.3,7.133309046427411,7.7333333333333325
2013-08-19,07:36:42,3.0,5.599985122680664,7.4
2013-08-19,07:41:42,3.0,4.999980926513672,7.4
2013-08-19,07:46:42,3.3,7.399988174438477,7.2666666666666675
2013-08-19,07:51:42,3.0,4.799995422363281,7.066666666666666
2013-08-19,07:56:42,2.933333333333333,3.199987411499024,7.2666666666666675
2013-08-19,08:01:42,3.466666666666667,5.066652297973633,7.333333333333332
2013-08-19,08:06:42,3.066666666666667,5.599985122680664,7.0
2013-08-19,08:11:42,3.0,5.799989700317383,7.0
2013-08-19,08:16:43,3.3,5.199975967407227,7.4
2013-08-19,08:21:43,3.0,7.733313242594403,7.133333333333334
2013-08-19,08:26:43,2.966666666666667,8.599987030029297,7.2
2013-08-19,08:31:43,3.333333333333333,6.599969863891602,7.2666666666666675
2013-08-19,08:36:43,2.966666666666667,5.799980163574219,7.0
2013-08-19,08:41:43,3.0,4.39997673034668,7.066666666666666
2013-08-19,08:46:43,3.333333333333333,6.799974441528319,7.066666666666666
2013-08-19,08:51:43,3.0,4.8666445414225254,7.133333333333334
2013-08-19,08:56:43,3.0,6.999969482421875,7.2
2013-08-19,09:01:43,3.3,6.733309427897134,7.133333333333334
2013-08-19,09:06:43,3.0,4.933309555053711,7.0
2013-08-19,09:11:43,3.0,7.199983596801758,7.0
2013-08-19,09:16:43,3.3666666666666667,6.666660308837891,7.333333333333332
2013-08-19,09:21:43,3.033333333333333,5.999975204467773,7.133333333333334
2013-08-19,09:26:43,3.0,3.5333283742268877,7.066666666666666
2013-08-19,09:31:43,3.4,6.266660690307617,7.2666666666666675
2013-08-19,09:36:43,3.066666666666667,5.9999847412109375,7.333333333333332
2013-08-19,09:41:43,3.033333333333333,4.999990463256836,7.133333333333334
2013-08-19,09:46:43,3.333333333333333,6.066656112670898,7.4
2013-08-19,09:51:43,2.966666666666667,5.9999847412109375,7.4
2013-08-19,09:56:43,3.0,5.733315149943033,7.2
2013-08-19,10:01:43,3.433333333333333,8.999980290730795,7.4
2013-08-19,10:06:43,3.066666666666667,7.333313624064126,7.2666666666666675
2013-08-19,10:11:44,3.0,5.399980545043945,7.6
2013-08-19,10:16:44,3.266666666666667,7.799978256225586,7.866666666666666
2013-08-19,10:21:44,3.0,4.399986267089844,7.333333333333332
2013-08-19,10:26:44,3.0,4.5999908447265625,7.0
2013-08-19,10:31:44,3.3,7.133309046427411,7.2666666666666675
2013-08-19,10:36:44,3.0,6.399981180826825,7.133333333333334
2013-08-19,10:41:44,3.066666666666667,5.799983342488606,7.133333333333334
2013-08-19,10:46:44,3.333333333333333,7.533308664957682,7.2
2013-08-19,10:51:44,3.033333333333333,7.599983215332032,7.066666666666666
2013-08-19,10:56:44,3.0,6.399984359741211,7.2
2013-08-19,11:01:44,3.3,7.133312225341797,7.2
2013-08-19,11:06:44,2.933333333333333,6.199989318847656,7.133333333333334
2013-08-19,11:11:44,3.033333333333333,5.533313751220703,7.2666666666666675
2013-08-19,11:16:44,3.3666666666666667,7.399988174438477,7.466666666666668
2013-08-19,11:21:44,3.033333333333333,5.733318328857422,6.933333333333334
2013-08-19,11:26:44,3.0,3.9999866485595703,7.066666666666666
2013-08-19,11:31:44,3.3,5.666650136311848,7.133333333333334
2013-08-19,11:36:44,2.966666666666667,6.13331158955892,7.2
2013-08-19,11:41:44,3.1,7.866646448771158,7.2666666666666675
2013-08-19,11:46:44,3.3666666666666667,7.799978256225586,7.533333333333332
2013-08-19,11:51:44,3.0,6.933317184448243,7.2
2013-08-19,11:56:44,3.0,5.933316548665365,7.0
2013-08-19,12:01:44,3.3,6.933317184448243,7.6
2013-08-19,12:06:44,3.0,6.733318964640299,7.466666666666668
2013-08-19,12:11:44,3.0,4.666646321614584,7.4
2013-08-19,12:16:44,3.333333333333333,6.799987157185873,7.666666666666668
2013-08-19,12:21:44,3.1,6.333312988281251,7.4
2013-08-19,12:26:44,3.0,4.799985885620117,7.4
2013-08-19,12:31:44,3.333333333333333,9.533309936523438,7.333333333333332
2013-08-19,12:36:44,3.0,7.53331184387207,7.133333333333334
2013-08-19,12:41:44,3.0,4.066661198933919,6.933333333333334
2013-08-19,12:46:44,3.433333333333333,5.733308792114258,7.333333333333332
2013-08-19,12:51:44,3.033333333333333,5.86665153503418,7.2
2013-08-19,12:56:44,3.0,4.26664670308431,7.066666666666666
2013-08-19,13:01:44,3.3,4.399983088175455,7.2666666666666675
2013-08-19,13:06:44,3.0,6.7333126068115225,7.2
2013-08-19,13:11:44,2.966666666666667,4.199981689453125,6.933333333333334
2013-08-19,13:16:44,3.433333333333333,5.466645558675131,7.4
2013-08-19,13:21:44,3.066666666666667,9.733314514160156,7.333333333333332
2013-08-19,13:26:44,2.966666666666667,5.933316548665365,7.2666666666666675
2013-08-19,13:31:44,3.233333333333333,5.733305613199869,7.2666666666666675
2013-08-19,13:36:44,3.0,6.266644795735678,6.933333333333334
2013-08-19,13:41:44,3.033333333333333,5.533323287963867,7.066666666666666
2013-08-19,13:46:44,3.433333333333333,5.5999819437662754,7.4
2013-08-19,13:51:44,3.0,6.266647974650065,7.066666666666666
2013-08-19,13:56:44,3.0,5.666643778483072,7.133333333333334
2013-08-19,14:01:44,3.333333333333333,5.799983342488606,7.533333333333332
2013-08-19,14:06:44,3.0,4.733317693074545,7.0
2013-08-19,14:11:45,3.033333333333333,6.399981180826825,7.4
2013-08-19,14:16:45,3.266666666666667,6.466646194458008,7.666666666666668
2013-08-19,14:21:45,3.033333333333333,8.066644668579102,7.333333333333332
2013-08-19,14:26:45,3.0,4.999990463256836,7.133333333333334
2013-08-19,14:31:45,3.333333333333333,6.933307647705078,7.2666666666666675
2013-08-19,14:36:45,2.966666666666667,5.933316548665365,7.066666666666666
2013-08-19,14:41:45,3.0,3.2666460673014326,7.2
2013-08-19,14:46:45,3.333333333333333,5.0666459401448565,7.2666666666666675
2013-08-19,14:51:45,3.066666666666667,4.999993642171223,7.066666666666666
2013-08-19,14:56:45,3.0,5.2666473388671875,6.933333333333334
2013-08-19,15:01:45,3.333333333333333,8.93331209818522,7.0
2013-08-19,15:06:45,3.0,6.6666444142659484,7.066666666666666
2013-08-19,15:11:45,3.0,5.866654713948568,7.0
2013-08-19,15:16:45,3.3666666666666667,6.266647974650065,7.333333333333332
2013-08-19,15:21:45,3.166666666666667,5.466648737589518,7.066666666666666
2013-08-19,15:26:45,3.0,5.266656875610352,7.2
2013-08-19,15:31:45,3.3666666666666667,8.599987030029297,7.2
2013-08-19,15:36:45,3.0,6.0666433970133475,7.2666666666666675
2013-08-19,15:41:45,3.0,6.133317947387695,7.2
2013-08-19,15:46:45,3.333333333333333,7.999986012776692,7.533333333333332
2013-08-19,15:51:45,3.066666666666667,6.666647593180337,7.2
2013-08-19,15:56:45,3.0,4.333311716715494,7.4
2013-08-19,16:01:45,3.3,5.666656494140625,7.6
2013-08-19,16:06:45,3.0,7.599986394246421,7.333333333333332
2013-08-19,16:11:45,3.0,4.7333113352457685,7.2666666666666675
2013-08-19,16:16:45,3.3,5.733321507771809,7.333333333333332
2013-08-19,16:21:45,3.0,7.599976857503256,7.066666666666666
2013-08-19,16:26:45,3.066666666666667,5.199985504150391,7.133333333333334
2013-08-19,16:31:45,3.3666666666666667,5.13331413269043,7.2666666666666675
2013-08-19,16:36:45,3.0,5.266653696695964,7.133333333333334
2013-08-19,16:41:45,2.9,5.333318710327148,7.066666666666666
2013-08-19,16:46:45,3.3666666666666667,7.999982833862304,7.2666666666666675
2013-08-19,16:51:46,3.0,6.933307647705078,7.133333333333334
2013-08-19,16:56:46,3.0,6.133305231730144,7.133333333333334
2013-08-19,17:01:46,3.333333333333333,7.866649627685547,7.2666666666666675
2013-08-19,17:06:46,3.0,6.733309427897134,7.2
2013-08-19,17:11:46,3.0,6.266651153564454,6.933333333333334
2013-08-19,17:16:46,3.3666666666666667,4.933319091796875,7.466666666666668
2013-08-19,17:21:46,3.033333333333333,6.399990717569986,7.2
2013-08-19,17:26:46,3.0,7.399975458780923,7.133333333333334
2013-08-19,17:31:46,3.4,8.333311080932617,7.2
2013-08-19,17:36:46,3.0,5.399980545043945,7.133333333333334
2013-08-19,17:41:46,3.0,5.333321889241537,7.066666666666666
2013-08-19,17:46:46,4.3,8.399976094563803,7.2666666666666675
2013-08-19,17:51:46,2.966666666666667,11.199970245361328,7.133333333333334
2013-08-19,17:56:46,2.966666666666667,6.399984359741211,7.333333333333332
2013-08-19,18:01:46,3.4,7.399984995524088,7.533333333333332
2013-08-19,18:06:46,3.0,6.999985376993817,7.4
2013-08-19,18:11:46,2.966666666666667,5.0666459401448565,7.4
2013-08-19,18:16:46,3.233333333333333,6.666650772094726,7.466666666666668
2013-08-19,18:21:46,3.166666666666667,6.333312988281251,7.2666666666666675
2013-08-19,18:26:46,3.066666666666667,5.733321507771809,7.2
2013-08-19,18:31:46,3.4,6.866658528645835,7.466666666666668
2013-08-19,18:36:46,3.0,7.066653569539389,7.4
2013-08-19,18:41:46,3.0,4.066645304361979,7.533333333333332
2013-08-19,18:46:46,3.3,5.0666459401448565,7.7333333333333325
2013-08-19,18:51:46,3.0,9.13331667582194,7.2
2013-08-19,18:56:46,2.966666666666667,5.666656494140625,7.133333333333334
2013-08-19,19:01:46,3.333333333333333,4.599987665812175,7.133333333333334
2013-08-19,19:06:46,2.933333333333333,5.799983342488606,7.333333333333332
2013-08-19,19:11:46,3.066666666666667,7.866640090942383,7.2
2013-08-19,19:16:46,3.4,7.4666404724121085,7.466666666666668
2013-08-19,19:21:46,3.033333333333333,6.799980799357096,7.0
2013-08-19,19:26:46,2.933333333333333,5.799989700317383,7.066666666666666
2013-08-19,19:31:46,3.333333333333333,5.599985122680664,7.4
2013-08-19,19:36:47,3.0,5.8666451772054025,7.2666666666666675
2013-08-19,19:41:47,3.0,5.5999755859375,7.2
2013-08-19,19:46:47,3.3,6.066640218098959,7.333333333333332
2013-08-19,19:51:47,2.966666666666667,5.266650517781576,6.8
2013-08-19,19:56:47,3.0,4.533316294352214,7.0
2013-08-19,20:01:47,3.433333333333333,7.799978256225586,7.2666666666666675
2013-08-19,20:06:47,3.0,6.199976603190104,7.2666666666666675
2013-08-19,20:11:47,3.0,4.933322270711263,7.333333333333332
2013-08-19,20:16:47,3.3666666666666667,4.933309555053711,7.4
2013-08-19,20:21:47,3.066666666666667,6.333319346110028,7.2666666666666675
2013-08-19,20:26:47,3.0,5.79997698465983,7.4
2013-08-19,20:31:47,3.333333333333333,5.999978383382162,7.4
2013-08-19,20:36:47,2.9,4.799985885620117,7.533333333333332
2013-08-19,20:41:47,3.0,5.399980545043945,7.533333333333332
2013-08-19,20:46:47,3.333333333333333,4.933315912882486,7.8
2013-08-19,20:51:47,3.066666666666667,7.866643269856771,7.333333333333332
2013-08-19,20:56:47,3.0,7.666645050048829,7.0
2013-08-19,21:01:47,3.333333333333333,5.866648356119793,7.0
2013-08-19,21:06:47,3.0,4.999987284342447,7.0
2013-08-19,21:11:47,3.0,5.133310953776041,7.0
2013-08-19,21:16:47,3.3666666666666667,5.399980545043945,7.2666666666666675
2013-08-19,21:21:47,2.966666666666667,4.3333180745442705,7.0
2013-08-19,21:26:47,2.8666666666666667,3.666642506917318,7.066666666666666
2013-08-19,21:31:47,3.433333333333333,6.666657129923502,7.333333333333332
2013-08-19,21:36:47,3.033333333333333,6.599979400634766,7.333333333333332
2013-08-19,21:41:47,3.1,6.199976603190104,7.133333333333334
2013-08-19,21:46:47,3.3,7.799978256225586,7.333333333333332
2013-08-19,21:51:47,3.0,5.799980163574219,7.0
2013-08-19,21:56:47,3.033333333333333,4.599981307983398,7.0
2013-08-19,22:01:47,3.3,6.866652170817058,7.066666666666666
2013-08-19,22:06:48,3.0,6.799990336100261,7.2
2013-08-19,22:11:48,3.0,6.199979782104492,7.0
2013-08-19,22:16:48,3.333333333333333,4.5999908447265625,7.333333333333332
2013-08-19,22:21:48,3.0,6.133314768473307,7.0
2013-08-19,22:26:48,2.933333333333333,5.199975967407227,7.0
2013-08-19,22:31:48,3.333333333333333,7.533318201700847,7.4
2013-08-19,22:36:48,3.0,6.999969482421875,7.066666666666666
2013-08-19,22:41:48,2.966666666666667,6.999988555908203,7.066666666666666
2013-08-19,22:46:48,3.3666666666666667,7.133321762084961,7.4
2013-08-19,22:51:48,3.0,8.799991607666016,7.133333333333334
2013-08-19,22:56:48,2.966666666666667,4.3333180745442705,7.2
2013-08-19,23:01:48,3.233333333333333,6.3333161671956395,7.133333333333334
2013-08-19,23:06:48,3.0,6.399974822998048,7.066666666666666
2013-08-19,23:11:48,3.0,7.066650390625,7.066666666666666
2013-08-19,23:16:48,3.4,5.26664098103841,7.6
2013-08-19,23:21:48,3.1,10.466642379760742,7.066666666666666
2013-08-19,23:26:48,3.0,6.799974441528319,7.2
2013-08-19,23:31:48,3.333333333333333,6.999985376993817,7.2666666666666675
2013-08-19,23:36:48,2.966666666666667,6.999988555908203,7.0
2013-08-19,23:41:48,3.0,4.266659418741861,7.066666666666666
2013-08-19,23:46:48,3.333333333333333,8.266646067301432,7.133333333333334
2013-08-19,23:51:48,2.966666666666667,7.399978637695312,7.066666666666666
2013-08-19,23:56:48,3.0,6.599988937377929,7.066666666666666
2013-08-20,00:01:48,3.333333333333333,7.799978256225586,7.133333333333334
2013-08-20,00:06:48,3.0,6.199979782104492,7.2
2013-08-20,00:11:48,3.066666666666667,6.799983978271484,7.133333333333334
2013-08-20,00:16:48,3.4,7.399988174438477,7.333333333333332
2013-08-20,00:21:49,3.033333333333333,6.199989318847656,7.333333333333332
2013-08-20,00:26:49,3.0,4.599981307983398,7.133333333333334
2013-08-20,00:31:49,3.3666666666666667,6.599988937377929,7.4
2013-08-20,00:36:49,3.0,5.466651916503906,7.133333333333334
2013-08-20,00:41:49,3.066666666666667,5.333312352498373,7.2666666666666675
2013-08-20,00:46:49,3.4,6.399984359741211,7.2666666666666675
2013-08-20,00:51:49,3.033333333333333,5.133310953776041,7.2
2013-08-20,00:56:48,3.0,2.79998779296875,6.933333333333334
2013-08-20,01:01:49,3.433333333333333,8.266646067301432,7.133333333333334
2013-08-20,01:06:49,3.0,6.599988937377929,7.066666666666666
2013-08-20,01:11:49,3.1,5.333315531412761,7.2
2013-08-20,01:16:49,3.3666666666666667,8.19997787475586,7.2666666666666675
2013-08-20,01:21:49,3.0,5.9999847412109375,7.466666666666668
2013-08-20,01:26:49,2.966666666666667,4.199991226196289,7.466666666666668
2013-08-20,01:31:49,3.3,4.466648101806641,7.466666666666668
2013-08-20,01:36:49,3.033333333333333,4.199981689453125,7.2666666666666675
2013-08-20,01:41:49,3.033333333333333,3.799982070922851,7.2
2013-08-20,01:46:49,3.433333333333333,6.199989318847656,7.4
2013-08-20,01:51:49,3.1,6.199982961018879,7.133333333333334
2013-08-20,01:56:49,3.0,5.933316548665365,7.066666666666666
2013-08-20,02:01:49,3.466666666666667,6.599988937377929,7.2666666666666675
2013-08-20,02:06:50,3.0,7.599983215332032,7.066666666666666
2013-08-20,02:11:50,3.0,5.866648356119793,7.133333333333334
2013-08-20,02:16:50,3.4,7.666648228963218,7.333333333333332
2013-08-20,02:21:50,3.033333333333333,5.599985122680664,7.0
2013-08-20,02:26:50,3.0,3.9333184560139984,7.0
2013-08-20,02:31:50,3.3,6.666657129923502,7.2666666666666675
2013-08-20,02:36:50,3.0,7.266648610432941,6.933333333333334
2013-08-20,02:41:50,3.066666666666667,6.933320363362632,7.066666666666666
2013-08-20,02:46:50,3.3666666666666667,6.866652170817058,7.2666666666666675
2013-08-20,02:51:50,3.033333333333333,6.599979400634766,7.0
2013-08-20,02:56:50,2.966666666666667,5.3999773661295585,7.066666666666666
2013-08-20,03:01:50,3.3,8.26664924621582,7.0
2013-08-20,03:06:50,3.0,6.6666412353515625,7.066666666666666
2013-08-20,03:11:50,3.0,5.06665547688802,7.133333333333334
2013-08-20,03:16:50,3.3666666666666667,5.999972025553387,7.4
2013-08-20,03:21:50,3.033333333333333,5.666653315226236,7.2
2013-08-20,03:26:50,3.0,5.599985122680664,7.2666666666666675
2013-08-20,03:31:50,3.3666666666666667,11.133308410644531,7.466666666666668
2013-08-20,03:36:50,3.0,7.199980417887369,7.333333333333332
2013-08-20,03:41:50,2.966666666666667,4.066651662190756,7.2666666666666675
2013-08-20,03:46:50,3.333333333333333,6.333312988281251,7.2666666666666675
2013-08-20,03:51:50,3.033333333333333,5.666656494140625,7.2
2013-08-20,03:56:50,3.1,5.666640599568684,6.933333333333334
2013-08-20,04:01:50,3.333333333333333,5.666637420654297,7.133333333333334
2013-08-20,04:06:50,3.0,4.5333099365234375,7.0
2013-08-20,04:11:50,3.0,3.7333138783772783,7.066666666666666
2013-08-20,04:16:50,3.4,5.933313369750977,7.2
2013-08-20,04:21:50,3.066666666666667,9.599971771240234,7.0
2013-08-20,04:26:50,2.966666666666667,6.133317947387695,7.0
2013-08-20,04:31:51,3.333333333333333,6.199992497762043,7.2666666666666675
2013-08-20,04:36:51,3.766666666666667,9.799973169962566,7.2
2013-08-20,04:41:51,3.0,7.199983596801758,7.133333333333334
2013-08-20,04:46:51,3.333333333333333,8.733301162719727,7.2666666666666675
2013-08-20,04:51:51,2.966666666666667,6.533311208089193,7.2666666666666675
2013-08-20,04:56:51,3.0,5.266656875610352,7.2666666666666675
2013-08-20,05:01:51,3.3666666666666667,6.53331438700358,7.133333333333334
2013-08-20,05:06:51,3.0,4.733314514160156,7.133333333333334
2013-08-20,05:11:51,3.033333333333333,5.06665547688802,7.133333333333334
2013-08-20,05:16:51,3.333333333333333,4.399986267089844,7.4
2013-08-20,05:21:51,2.9,4.933315912882486,7.2666666666666675
2013-08-20,05:26:51,3.0,5.0666459401448565,7.133333333333334
2013-08-20,05:31:51,3.4,6.666647593180337,7.2666666666666675
2013-08-20,05:36:51,3.0,8.533318837483723,7.133333333333334
2013-08-20,05:41:51,3.0,5.533320109049479,7.0
2013-08-20,05:46:51,3.333333333333333,4.866650899251302,7.333333333333332
2013-08-20,05:51:51,3.033333333333333,5.53331693013509,7.066666666666666
2013-08-20,05:56:51,3.033333333333333,4.066654841105143,7.066666666666666
2013-08-20,06:01:51,3.4,6.599992116292317,7.133333333333334
2013-08-20,06:06:51,2.966666666666667,7.333316802978515,7.133333333333334
2013-08-20,06:11:51,2.966666666666667,6.133317947387695,7.2666666666666675
2013-08-20,06:16:51,3.333333333333333,7.399984995524088,7.533333333333332
2013-08-20,06:21:51,3.0,6.466646194458008,7.2
2013-08-20,06:26:51,2.933333333333333,6.3333161671956395,7.133333333333334
2013-08-20,06:31:51,3.333333333333333,7.533318201700847,7.2666666666666675
2013-08-20,06:36:51,2.966666666666667,6.06665293375651,7.133333333333334
2013-08-20,06:41:51,3.0,4.466644922892252,7.2
2013-08-20,06:46:51,3.3666666666666667,6.6666412353515625,7.2666666666666675
2013-08-20,06:51:51,3.0,9.13331667582194,7.066666666666666
2013-08-20,06:56:51,3.0,7.46663729349772,7.0
2013-08-20,07:01:51,3.4,6.399981180826825,7.133333333333334
2013-08-20,07:06:51,3.033333333333333,5.53331693013509,7.066666666666666
2013-08-20,07:11:51,3.0,4.866650899251302,7.333333333333332
2013-08-20,07:16:51,3.4,5.466658274332682,7.533333333333332
2013-08-20,07:21:52,3.0,5.399990081787109,7.466666666666668
2013-08-20,07:26:52,3.0,4.8666540781656895,7.333333333333332
2013-08-20,07:31:52,3.3666666666666667,6.533308029174805,7.466666666666668
2013-08-20,07:36:52,3.0,5.5999819437662754,7.4
2013-08-20,07:41:52,3.0,7.266651789347329,7.2
2013-08-20,07:46:52,3.266666666666667,6.466649373372396,7.2
2013-08-20,07:51:52,3.0,6.799987157185873,7.0
2013-08-20,07:56:52,3.0,4.199984868367513,7.066666666666666
2013-08-20,08:01:52,3.333333333333333,4.933309555053711,7.4
2013-08-20,08:06:52,3.0,5.666646957397461,7.066666666666666
2013-08-20,08:11:52,3.0,4.466648101806641,7.0
2013-08-20,08:16:52,3.3666666666666667,5.199985504150391,7.2666666666666675
2013-08-20,08:21:52,3.033333333333333,6.399978001912436,7.0
2013-08-20,08:26:52,2.966666666666667,5.999975204467773,7.133333333333334
2013-08-20,08:31:52,3.3,7.933305104573568,7.2666666666666675
2013-08-20,08:36:52,2.933333333333333,7.933311462402344,7.0
2013-08-20,08:41:52,3.0,5.533320109049479,7.0
2013-08-20,08:46:52,3.3666666666666667,6.266654332478843,7.333333333333332
2013-08-20,08:51:52,3.0,6.86664899190267,7.066666666666666
2013-08-20,08:56:52,3.0,5.799989700317383,7.0
2013-08-20,09:01:52,3.4,7.333307266235352,7.2
2013-08-20,09:06:52,3.033333333333333,6.199976603190104,7.066666666666666
2013-08-20,09:11:52,3.0,5.533313751220703,7.066666666666666
2013-08-20,09:16:52,3.433333333333333,6.666653951009114,7.333333333333332
2013-08-20,09:21:52,3.066666666666667,9.333311716715494,7.2666666666666675
2013-08-20,09:26:52,3.033333333333333,7.733316421508789,7.2
2013-08-20,09:31:52,3.3,7.93331464131673,7.333333333333332
2013-08-20,09:36:52,3.033333333333333,6.999985376993817,7.2
2013-08-20,09:41:52,3.066666666666667,5.066649119059244,7.4
2013-08-20,09:46:52,4.5,16.199973424275715,8.333333333333334
2013-08-20,09:51:52,3.066666666666667,9.933319091796875,7.7333333333333325
2013-08-20,09:56:52,3.1333333333333333,8.399982452392578,7.7333333333333325
2013-08-20,10:01:52,3.433333333333333,7.466653188069662,7.7333333333333325
2013-08-20,10:06:52,3.066666666666667,5.199975967407227,8.466666666666667
2013-08-20,10:11:52,3.1,7.866652806599933,8.333333333333334
2013-08-20,10:16:52,3.6,6.466655731201172,8.466666666666667
2013-08-20,10:21:52,3.1,5.333321889241537,8.333333333333334
2013-08-20,10:26:52,3.066666666666667,4.799976348876953,7.8
2013-08-20,10:31:52,3.4,7.66664187113444,8.2
2013-08-20,10:36:52,3.1,5.666646957397461,8.066666666666666
2013-08-20,10:41:52,3.1333333333333333,5.06665547688802,7.933333333333334
2013-08-20,10:46:52,3.4,7.999976476033527,8.133333333333333
2013-08-20,10:51:52,3.0,5.733315149943033,8.133333333333333
2013-08-20,10:56:52,3.0,5.399980545043945,7.8
2013-08-20,11:01:52,3.433333333333333,9.266649881998697,7.7333333333333325
2013-08-20,11:06:52,3.066666666666667,5.666650136311848,8.066666666666666
2013-08-20,11:11:52,3.066666666666667,5.933316548665365,8.0
2013-08-20,11:16:52,3.533333333333333,8.866650263468424,8.6
2013-08-20,11:21:52,3.066666666666667,6.666650772094726,8.466666666666667
2013-08-20,11:26:52,3.0,6.06665293375651,8.333333333333334
2013-08-20,11:31:52,3.5,5.999975204467773,8.333333333333334
2013-08-20,11:36:52,3.033333333333333,6.599979400634766,8.066666666666666
2013-08-20,11:41:52,3.033333333333333,5.066649119059244,7.8
2013-08-20,11:46:52,3.433333333333333,6.199992497762043,7.933333333333334
2013-08-20,11:51:52,3.433333333333333,8.866643905639648,7.7333333333333325
2013-08-20,11:56:52,3.0,5.466642379760742,8.0
2013-08-20,12:01:52,3.4,5.866657892862957,7.8
2013-08-20,12:06:52,3.033333333333333,7.799978256225586,7.8
2013-08-20,12:11:52,3.066666666666667,6.199979782104492,7.666666666666668
2013-08-20,12:16:52,3.466666666666667,9.333318074544271,8.066666666666666
2013-08-20,12:21:52,3.033333333333333,8.399972915649414,7.8
2013-08-20,12:26:52,3.0,5.666646957397461,7.866666666666666
2013-08-20,12:31:52,3.4,7.866643269856771,8.0
2013-08-20,12:36:52,3.066666666666667,7.5999800364176435,7.8
2013-08-20,12:41:52,3.166666666666667,7.399978637695312,7.666666666666668
2013-08-20,12:46:52,3.433333333333333,7.79998779296875,8.2
2013-08-20,12:51:52,3.0,6.799983978271484,7.933333333333334
2013-08-20,12:56:52,3.0,6.999988555908203,7.933333333333334
2013-08-20,13:01:53,3.5,7.266642252604166,8.0
2013-08-20,13:06:53,3.1,5.733311971028645,8.133333333333333
2013-08-20,13:11:53,3.033333333333333,5.133310953776041,8.0
2013-08-20,13:16:53,3.466666666666667,7.199986775716144,7.933333333333334
2013-08-20,13:27:03,3.033333333333333,5.13331413269043,7.666666666666668
2013-08-20,13:32:04,3.4,10.5999755859375,7.866666666666666
2013-08-20,13:37:04,3.0,7.533315022786459,7.666666666666668
2013-08-20,13:42:04,3.066666666666667,5.5999819437662754,7.8
2013-08-20,13:47:04,3.4,8.666652043660482,7.8
2013-08-20,13:52:04,3.033333333333333,7.599973678588867,7.666666666666668
2013-08-20,13:57:04,3.0,6.799974441528319,7.7333333333333325
2013-08-20,14:02:04,3.4,6.866639455159505,7.6
2013-08-20,14:07:04,3.0,5.533323287963867,7.7333333333333325
2013-08-20,14:12:04,3.066666666666667,5.933322906494141,8.0
2013-08-20,14:17:04,3.566666666666667,7.333307266235352,8.2
2013-08-20,14:22:04,3.066666666666667,8.93331209818522,7.866666666666666
2013-08-20,14:27:04,3.0,6.399978001912436,7.8
2013-08-20,14:32:04,3.4,6.866655349731446,7.866666666666666
2013-08-20,14:37:04,3.033333333333333,6.199992497762043,7.666666666666668
2013-08-20,14:42:04,3.1333333333333333,4.599974950154621,7.933333333333334
2013-08-20,14:47:04,3.4,6.266654332478843,8.133333333333333
2013-08-20,14:52:04,3.0,5.599978764851887,8.133333333333333
2013-08-20,14:57:04,3.0,6.266641616821289,7.866666666666666
2013-08-20,15:02:04,3.433333333333333,6.466652552286783,7.8
2013-08-20,15:07:04,3.066666666666667,5.333318710327148,7.7333333333333325
2013-08-20,15:12:04,3.1333333333333333,7.4666404724121085,7.7333333333333325
2013-08-20,15:17:04,3.433333333333333,6.799971262613931,7.8
2013-08-20,15:22:04,3.033333333333333,5.8666451772054025,7.8
2013-08-20,15:27:04,3.166666666666667,4.266656239827474,7.666666666666668
2013-08-20,15:32:04,3.433333333333333,7.333316802978515,8.0
2013-08-20,15:37:04,3.0,6.533320744832355,7.666666666666668
2013-08-20,15:42:04,3.033333333333333,3.533315658569336,7.7333333333333325
2013-08-20,15:47:04,3.433333333333333,5.466658274332682,8.0
2013-08-20,15:52:05,3.066666666666667,5.666656494140625,7.7333333333333325
2013-08-20,15:57:05,3.1,3.9999802907307953,7.7333333333333325
2013-08-20,16:02:05,3.433333333333333,8.533315658569336,7.666666666666668
2013-08-20,16:07:05,3.033333333333333,7.733313242594403,7.666666666666668
2013-08-20,16:12:05,3.066666666666667,4.999990463256836,7.8
2013-08-20,16:17:05,3.533333333333333,6.399993896484375,7.866666666666666
2013-08-20,16:22:05,3.1,6.066646575927734,7.7333333333333325
2013-08-20,16:27:05,3.266666666666667,4.799995422363281,7.466666666666668
2013-08-20,16:32:05,3.266666666666667,8.46665064493815,7.2
2013-08-20,16:37:05,3.0,7.066644032796225,7.133333333333334
2013-08-20,16:42:05,3.0,6.333319346110028,7.2
2013-08-20,16:47:05,3.4,6.599982579549152,7.333333333333332
2013-08-20,16:52:05,3.0,7.466650009155273,7.0
2013-08-20,16:57:05,3.0,5.5999914805094395,7.0
2013-08-20,17:02:05,3.3666666666666667,5.533323287963867,7.2
2013-08-20,17:07:05,3.0,4.333327611287434,7.2
2013-08-20,17:12:05,3.0,4.5999908447265625,7.133333333333334
2013-08-20,17:17:05,3.333333333333333,6.333319346110028,7.4
2013-08-20,17:22:05,3.033333333333333,6.06665293375651,7.066666666666666
2013-08-20,17:27:05,3.0,5.8666451772054025,7.0
2013-08-20,17:32:05,3.4,7.666654586791992,7.2
2013-08-20,17:37:05,3.0,6.199989318847656,7.0
2013-08-20,17:42:05,3.0,5.9999847412109375,7.133333333333334
2013-08-20,17:47:05,3.4,7.599983215332032,7.133333333333334
2013-08-20,17:52:05,3.066666666666667,5.466651916503906,7.066666666666666
2013-08-20,17:57:05,2.966666666666667,4.3333180745442705,7.066666666666666
2013-08-20,18:02:05,3.4,7.133324940999347,7.133333333333334
2013-08-20,18:07:06,3.0,6.799983978271484,7.133333333333334
2013-08-20,18:12:06,3.0,5.599985122680664,7.0
2013-08-20,18:17:06,3.5,5.599985122680664,7.2
2013-08-20,18:22:06,2.966666666666667,5.199982325236003,7.0
2013-08-20,18:27:06,2.966666666666667,6.466639836629233,7.066666666666666
2013-08-20,18:32:06,3.3666666666666667,6.399984359741211,7.2
2013-08-20,18:37:06,3.0,5.799980163574219,7.133333333333334
2013-08-20,18:42:06,3.0,5.399990081787109,7.0
2013-08-20,18:47:06,3.3666666666666667,7.199983596801758,7.2
2013-08-20,18:52:06,2.966666666666667,4.799976348876953,7.066666666666666
2013-08-20,18:57:06,3.0,5.199975967407227,7.0
2013-08-20,19:02:06,3.466666666666667,7.199986775716144,7.466666666666668
2013-08-20,19:07:05,3.0,7.799978256225586,7.4
2013-08-20,19:12:05,3.0,6.199979782104492,7.466666666666668
2013-08-20,19:17:05,3.433333333333333,6.133324305216471,7.533333333333332
2013-08-20,19:22:05,3.066666666666667,8.99998664855957,7.333333333333332
2013-08-20,19:27:05,3.1333333333333333,5.399980545043945,7.333333333333332
2013-08-20,19:32:05,3.4,6.59998575846354,7.533333333333332
2013-08-20,19:37:05,3.0,6.599988937377929,7.2666666666666675
2013-08-20,19:42:05,3.0,5.399990081787109,7.2666666666666675
2013-08-20,19:47:05,3.3666666666666667,7.999982833862304,7.466666666666668
2013-08-20,19:52:06,3.033333333333333,5.199985504150391,7.2
2013-08-20,19:57:06,3.033333333333333,4.399986267089844,7.4
2013-08-20,20:02:06,3.433333333333333,6.99997901916504,7.466666666666668
2013-08-20,20:07:06,3.166666666666667,5.5999755859375,7.4
2013-08-20,20:12:06,3.0,7.199974060058594,7.4
2013-08-20,20:17:06,3.466666666666667,5.599985122680664,7.533333333333332
2013-08-20,20:22:06,3.0,5.399990081787109,7.466666666666668
2013-08-20,20:27:06,3.033333333333333,4.999980926513672,7.333333333333332
2013-08-20,20:32:06,3.4,5.79997698465983,7.7333333333333325
2013-08-20,20:37:06,3.0,6.799974441528319,7.2666666666666675
2013-08-20,20:42:06,3.033333333333333,4.799995422363281,7.2666666666666675
2013-08-20,20:47:06,3.4,5.599985122680664,7.466666666666668
2013-08-20,20:52:06,3.0,4.599978129069011,7.4
2013-08-20,20:57:06,3.3,8.266652425130209,7.4
2013-08-20,21:02:06,3.433333333333333,6.799983978271484,7.133333333333334
2013-08-20,21:07:06,3.0,5.0666459401448565,7.133333333333334
2013-08-20,21:12:06,3.0,6.733315785725911,6.866666666666666
2013-08-20,21:17:06,3.266666666666667,6.999988555908203,7.333333333333332
2013-08-20,21:22:06,3.0,6.466652552286783,7.2
2013-08-20,21:27:06,3.0,6.199989318847656,7.333333333333332
2013-08-20,21:32:06,3.4,6.99997901916504,7.2
2013-08-20,21:37:06,2.933333333333333,6.199979782104492,7.0
2013-08-20,21:42:06,3.0,3.399982452392578,7.133333333333334
2013-08-20,21:47:06,3.3666666666666667,4.999990463256836,7.466666666666668
2013-08-20,21:52:06,3.0,6.799983978271484,7.2666666666666675
2013-08-20,21:57:06,3.0,4.799985885620117,7.4
2013-08-20,22:02:06,3.3666666666666667,6.6666444142659484,7.4
2013-08-20,22:07:07,3.033333333333333,5.599994659423828,7.4
2013-08-20,22:12:07,3.0,5.066658655802409,7.2666666666666675
2013-08-20,22:17:07,3.4,7.199983596801758,7.4
2013-08-20,22:22:07,3.0,7.333319981892903,7.2666666666666675
2013-08-20,22:27:07,2.966666666666667,6.599976221720377,7.2
2013-08-20,22:32:07,3.333333333333333,8.466644287109375,7.2666666666666675
2013-08-20,22:37:07,3.033333333333333,7.199974060058594,7.2666666666666675
2013-08-20,22:42:07,3.0,5.9999847412109375,7.133333333333334
2013-08-20,22:47:07,3.266666666666667,5.399990081787109,7.333333333333332
2013-08-20,22:52:07,3.0,4.066645304361979,7.133333333333334
2013-08-20,22:57:07,3.0,6.266657511393231,7.2
2013-08-20,23:02:07,3.4,7.133312225341797,7.333333333333332
2013-08-20,23:07:07,3.033333333333333,5.533304214477539,7.4
2013-08-20,23:12:07,3.0,4.799976348876953,7.2
2013-08-20,23:17:07,3.433333333333333,7.733313242594403,7.466666666666668
2013-08-20,23:22:07,3.033333333333333,8.599977493286133,7.0
2013-08-20,23:27:07,3.066666666666667,6.6666444142659484,7.0
2013-08-20,23:32:07,3.4,7.333313624064126,7.2666666666666675
2013-08-20,23:37:07,2.966666666666667,4.399995803833008,7.066666666666666
2013-08-20,23:42:07,3.0,4.799985885620117,7.066666666666666
2013-08-20,23:47:07,4.6,10.733308792114258,7.4
2013-08-20,23:52:07,3.0,11.799971262613933,7.066666666666666
2013-08-20,23:57:07,3.033333333333333,6.133308410644531,7.333333333333332
2013-08-21,00:02:07,3.4,6.399978001912436,7.4
2013-08-21,00:07:07,3.066666666666667,5.199972788492838,7.2666666666666675
2013-08-21,00:12:07,3.1,4.999971389770508,7.133333333333334
2013-08-21,00:17:07,3.466666666666667,7.199977238972982,7.4
2013-08-21,00:22:07,3.0,8.133316040039062,7.333333333333332
2013-08-21,00:27:07,3.0,6.133308410644531,7.333333333333332
2013-08-21,00:32:07,3.4,6.933317184448243,7.533333333333332
2013-08-21,00:37:07,3.066666666666667,5.399980545043945,7.333333333333332
2013-08-21,00:42:08,3.033333333333333,4.999980926513672,7.2666666666666675
2013-08-21,00:47:08,3.4,7.066637674967448,7.133333333333334
2013-08-21,00:52:08,3.0,6.799977620442708,7.0
2013-08-21,00:57:08,3.0,4.533329010009766,7.066666666666666
2013-08-21,01:02:08,3.4,6.399990717569986,7.066666666666666
2013-08-21,01:07:08,3.033333333333333,5.9999847412109375,7.133333333333334
2013-08-21,01:12:08,3.0,5.733308792114258,7.2666666666666675
2013-08-21,01:17:08,3.5,6.399984359741211,7.466666666666668
2013-08-21,01:22:08,3.0,5.066649119059244,7.333333333333332
2013-08-21,01:27:08,3.0,4.733314514160156,7.133333333333334
2013-08-21,01:32:08,3.3666666666666667,6.533308029174805,7.6
2013-08-21,01:37:09,3.0,6.199979782104492,7.333333333333332
2013-08-21,01:42:09,3.033333333333333,6.399984359741211,7.333333333333332
2013-08-21,01:47:09,3.433333333333333,6.066649754842123,7.2666666666666675
2013-08-21,01:52:09,3.0,5.066652297973633,7.2666666666666675
2013-08-21,01:57:09,3.0,7.933320999145507,7.2
2013-08-21,02:02:09,3.433333333333333,6.666638056437174,7.333333333333332
2013-08-21,02:07:09,3.0,6.799977620442708,7.2
2013-08-21,02:12:09,3.066666666666667,4.866647720336914,7.2
2013-08-21,02:17:09,3.566666666666667,5.666653315226236,7.4
2013-08-21,02:22:09,3.0,5.933316548665365,7.4
2013-08-21,02:27:09,3.0,5.999987920125326,7.2666666666666675
2013-08-21,02:32:09,3.3666666666666667,5.399990081787109,7.533333333333332
2013-08-21,02:37:09,3.033333333333333,4.39999262491862,7.333333333333332
2013-08-21,02:42:09,3.033333333333333,4.333311716715494,7.333333333333332
2013-08-21,02:47:09,3.4,7.7999814351399746,7.2
2013-08-21,02:52:09,3.0,5.599985122680664,7.333333333333332
2013-08-21,02:57:09,3.066666666666667,6.6666444142659484,7.2
2013-08-21,03:02:09,3.4,7.066644032796225,7.2666666666666675
2013-08-21,03:07:09,3.0,5.199979146321613,7.066666666666666
2013-08-21,03:12:09,3.0,4.999990463256836,7.0
2013-08-21,03:17:09,3.5,5.5999819437662754,7.466666666666668
2013-08-21,03:22:09,3.033333333333333,5.93331019083659,7.2
2013-08-21,03:27:09,3.0,4.599994023640951,7.066666666666666
2013-08-21,03:32:09,3.3666666666666667,5.9999847412109375,7.2666666666666675
2013-08-21,03:37:09,3.066666666666667,7.466650009155273,7.2
2013-08-21,03:42:09,3.0,6.866645812988281,7.133333333333334
2013-08-21,03:47:09,3.4,6.666647593180337,7.2666666666666675
2013-08-21,03:52:09,3.066666666666667,6.3333161671956395,7.133333333333334
2013-08-21,03:57:09,3.0,5.799992879231771,7.333333333333332
2013-08-21,04:02:09,3.333333333333333,5.666653315226236,7.2666666666666675
2013-08-21,04:07:10,3.0,6.066649754842123,7.333333333333332
2013-08-21,04:12:09,3.0,6.199982961018879,7.333333333333332
2013-08-21,04:17:09,3.4,5.133310953776041,7.4
2013-08-21,04:22:09,2.933333333333333,5.133310953776041,7.066666666666666
2013-08-21,04:27:09,2.933333333333333,7.866652806599933,7.0
2013-08-21,04:32:09,3.3,9.133319854736328,7.466666666666668
2013-08-21,04:37:09,3.766666666666667,7.7999814351399746,7.133333333333334
2013-08-21,04:42:09,3.0,4.466648101806641,7.333333333333332
2013-08-21,04:47:09,3.433333333333333,7.199986775716144,7.4
2013-08-21,04:52:09,3.066666666666667,5.066661834716797,7.2
2013-08-21,04:57:09,3.033333333333333,5.199985504150391,7.0
2013-08-21,05:02:09,3.3666666666666667,7.399975458780923,7.2666666666666675
2013-08-21,05:07:09,2.933333333333333,6.06663703918457,7.133333333333334
2013-08-21,05:12:09,3.0,4.333314895629883,7.066666666666666
2013-08-21,05:17:09,3.466666666666667,6.999972661336264,7.2
2013-08-21,05:22:09,3.0,6.999982198079429,7.0
2013-08-21,05:27:09,3.0,5.466651916503906,7.333333333333332
2013-08-21,05:32:09,3.3,5.999987920125326,7.4
2013-08-21,05:37:09,3.0,5.466642379760742,7.0
2013-08-21,05:42:09,3.0,4.799976348876953,7.066666666666666
2013-08-21,05:47:09,3.3666666666666667,7.199989954630532,7.333333333333332
2013-08-21,05:52:09,2.966666666666667,6.933317184448243,7.066666666666666
2013-08-21,05:57:10,2.933333333333333,4.7333113352457685,7.333333333333332
2013-08-21,06:02:10,3.266666666666667,7.333319981892903,7.333333333333332
2013-08-21,06:07:10,3.066666666666667,9.533309936523438,7.2666666666666675
2013-08-21,06:12:10,3.0,6.266651153564454,7.2
2013-08-21,06:17:10,3.433333333333333,7.33332633972168,7.333333333333332
2013-08-21,06:22:10,2.966666666666667,6.666650772094726,7.2666666666666675
2013-08-21,06:27:10,3.0,7.199986775716144,7.2
2013-08-21,06:32:10,3.3666666666666667,6.733315785725911,7.333333333333332
2013-08-21,06:37:10,3.0,6.399974822998048,7.066666666666666
2013-08-21,06:42:10,2.933333333333333,5.466651916503906,7.0
2013-08-21,06:47:10,3.333333333333333,7.199980417887369,7.133333333333334
2013-08-21,06:52:10,2.966666666666667,6.3999875386555996,7.133333333333334
2013-08-21,06:57:10,3.066666666666667,6.999985376993817,7.066666666666666
2013-08-21,07:02:10,3.333333333333333,8.199981053670248,7.4
2013-08-21,07:07:10,3.0,5.79997698465983,7.2666666666666675
2013-08-21,07:12:10,3.0,4.733320871988932,7.133333333333334
2013-08-21,07:17:10,3.433333333333333,6.933320363362632,7.2666666666666675
2013-08-21,07:22:10,3.0,7.733319600423178,7.133333333333334
2013-08-21,07:27:10,3.0,5.53331693013509,7.2
2013-08-21,07:32:10,3.4,7.7999750773112,7.466666666666668
2013-08-21,07:37:10,3.0,5.933307011922199,7.066666666666666
2013-08-21,07:42:10,3.0,5.533320109049479,7.0
2013-08-21,07:47:10,3.466666666666667,8.133309682210287,7.333333333333332
2013-08-21,07:52:10,3.0,6.7333126068115225,7.4
2013-08-21,07:57:10,3.0,5.5333105723063145,7.066666666666666
2013-08-21,08:02:10,3.3,7.533308664957682,7.133333333333334
2013-08-21,08:07:11,3.0,5.666653315226236,7.2666666666666675
2013-08-21,08:12:11,3.0,4.799985885620117,7.2
2013-08-21,08:17:11,3.333333333333333,4.999990463256836,7.333333333333332
2013-08-21,08:22:11,3.0,5.06663958231608,7.2666666666666675
2013-08-21,08:27:11,2.933333333333333,5.799980163574219,7.4
2013-08-21,08:32:11,3.3,7.733316421508789,7.4
2013-08-21,08:37:11,3.0,7.066647211710614,7.2
2013-08-21,08:42:11,3.0,8.399982452392578,7.133333333333334
2013-08-21,08:47:11,3.333333333333333,6.133314768473307,7.333333333333332
2013-08-21,08:52:11,3.0,5.9999847412109375,7.2
2013-08-21,08:57:11,3.033333333333333,7.066647211710614,6.8
2013-08-21,09:02:11,3.333333333333333,6.999982198079429,7.2
2013-08-21,09:07:11,2.966666666666667,5.666650136311848,7.133333333333334
2013-08-21,09:12:11,2.9,4.933312733968099,7.2666666666666675
2013-08-21,09:17:11,3.466666666666667,5.599985122680664,7.533333333333332
2013-08-21,09:22:11,3.0,4.5999908447265625,7.4
2013-08-21,09:27:11,3.1,5.466639200846355,7.2666666666666675
2013-08-21,09:32:11,3.333333333333333,7.199983596801758,7.533333333333332
2013-08-21,09:37:11,3.0,6.399974822998048,7.2666666666666675
2013-08-21,09:42:11,3.0,4.5999908447265625,7.333333333333332
2013-08-21,09:47:11,3.3666666666666667,7.466650009155273,7.6
2013-08-21,09:52:11,3.0,6.599988937377929,7.2666666666666675
2013-08-21,09:57:11,2.966666666666667,4.999980926513672,7.2666666666666675
2013-08-21,10:02:11,3.333333333333333,6.399984359741211,7.2666666666666675
2013-08-21,10:07:11,3.0,5.466639200846355,7.2666666666666675
2013-08-21,10:12:11,3.0,6.599979400634766,7.133333333333334
2013-08-21,10:17:12,3.466666666666667,7.199983596801758,7.2666666666666675
2013-08-21,10:22:12,3.0,6.399974822998048,7.133333333333334
2013-08-21,10:27:12,3.0,5.333315531412761,7.466666666666668
2013-08-21,10:32:12,3.433333333333333,6.799983978271484,7.466666666666668
2013-08-21,10:37:12,3.0,6.199979782104492,7.2
2013-08-21,10:42:12,2.966666666666667,5.399990081787109,7.0
2013-08-21,10:47:12,3.266666666666667,6.399974822998048,7.2666666666666675
2013-08-21,10:52:12,3.0,3.9999961853027344,7.133333333333334
2013-08-21,10:57:12,3.0,5.466658274332682,7.2666666666666675
2013-08-21,11:02:12,3.3666666666666667,6.3333161671956395,7.533333333333332
2013-08-21,11:07:12,3.033333333333333,7.199983596801758,7.2666666666666675
2013-08-21,11:12:12,3.0,5.799980163574219,7.133333333333334
2013-08-21,11:17:12,3.3666666666666667,6.666647593180337,7.133333333333334
2013-08-21,11:22:12,3.0,5.199985504150391,7.0
2013-08-21,11:27:12,2.933333333333333,4.5999908447265625,7.0
2013-08-21,11:32:12,3.233333333333333,6.066640218098959,7.2666666666666675
2013-08-21,11:37:12,3.0,4.199991226196289,7.133333333333334
2013-08-21,11:42:12,3.0,5.399980545043945,7.333333333333332
2013-08-21,11:47:12,3.3666666666666667,5.999975204467773,7.4
2013-08-21,11:52:12,3.166666666666667,6.799983978271484,8.733333333333333
2013-08-21,11:57:12,3.1,5.5999755859375,8.2
2013-08-21,12:02:12,3.4,8.733317057291666,7.7333333333333325
2013-08-21,12:07:12,3.033333333333333,5.866657892862957,7.933333333333334
2013-08-21,12:12:12,3.0,5.06665547688802,7.866666666666666
2013-08-21,12:17:12,3.466666666666667,6.799971262613931,8.066666666666666
2013-08-21,12:22:12,3.0,7.199983596801758,7.7333333333333325
2013-08-21,12:27:12,3.0,4.8666445414225254,8.0
2013-08-21,12:32:12,3.4,7.266648610432941,8.266666666666667
2013-08-21,12:37:12,3.033333333333333,7.066647211710614,8.0
2013-08-21,12:42:12,3.033333333333333,4.333327611287434,7.866666666666666
2013-08-21,12:47:12,3.466666666666667,6.599979400634766,8.066666666666666
2013-08-21,12:52:12,3.0,5.399980545043945,7.7333333333333325
2013-08-21,12:57:12,3.066666666666667,4.666649500528972,7.7333333333333325
2013-08-21,13:02:12,3.4,8.599977493286133,8.0
2013-08-21,13:07:12,3.066666666666667,5.333318710327148,8.066666666666666
2013-08-21,13:12:12,3.0,4.1999880472819004,7.8
2013-08-21,13:17:12,3.5,6.066640218098959,7.933333333333334
2013-08-21,13:22:12,3.433333333333333,6.3333066304524746,7.7333333333333325
2013-08-21,13:27:12,3.766666666666667,11.599969863891602,7.7333333333333325
2013-08-21,13:32:12,3.4,10.599985122680664,7.933333333333334
2013-08-21,13:37:12,3.233333333333333,9.466644922892252,7.866666666666666
2013-08-21,13:42:12,3.1333333333333333,6.99997901916504,7.7333333333333325
2013-08-21,13:47:12,3.466666666666667,6.799980799357096,8.133333333333333
2013-08-21,13:52:12,3.0,5.199979146321613,8.0
2013-08-21,13:57:12,3.0,4.533316294352214,8.066666666666666
2013-08-21,14:02:12,3.4,5.666650136311848,7.7333333333333325
2013-08-21,14:07:12,3.066666666666667,6.199970245361328,7.7333333333333325
2013-08-21,14:12:12,3.1,4.666655858357748,7.7333333333333325
2013-08-21,14:17:12,3.5,5.399983723958334,7.8
2013-08-21,14:22:12,3.0,5.333318710327148,7.933333333333334
2013-08-21,14:27:12,3.066666666666667,5.999991099039713,8.266666666666667
2013-08-21,14:32:12,3.5,7.93331464131673,8.266666666666667
2013-08-21,14:37:12,3.0,5.86665153503418,7.933333333333334
2013-08-21,14:42:12,3.066666666666667,3.9999866485595703,7.666666666666668
2013-08-21,14:47:12,3.4,8.19997787475586,7.933333333333334
2013-08-21,14:52:12,3.0,6.599979400634766,7.666666666666668
2013-08-21,14:57:12,3.0,4.999980926513672,7.8
2013-08-21,15:02:12,3.5,4.933312733968099,8.0
2013-08-21,15:07:12,3.033333333333333,5.399980545043945,7.866666666666666
2013-08-21,15:12:12,3.166666666666667,4.933322270711263,8.066666666666666
2013-08-21,15:17:12,3.633333333333333,7.599976857503256,8.0
2013-08-21,15:22:12,3.066666666666667,9.266646703084309,7.7333333333333325
2013-08-21,15:27:12,3.0,5.799986521402996,7.866666666666666
2013-08-21,15:32:12,3.4,6.799983978271484,8.0
2013-08-21,15:37:13,3.1,5.933316548665365,7.7333333333333325
2013-08-21,15:42:13,3.1333333333333333,5.599994659423828,7.7333333333333325
2013-08-21,15:47:13,3.433333333333333,6.933317184448243,7.933333333333334
2013-08-21,15:52:13,3.0,7.533318201700847,7.7333333333333325
2013-08-21,15:57:13,3.0,4.733317693074545,7.933333333333334
2013-08-21,16:02:13,3.3666666666666667,6.866645812988281,7.8
2013-08-21,16:07:13,3.233333333333333,7.266648610432941,7.8
2013-08-21,16:12:13,3.066666666666667,5.199988683064779,7.7333333333333325
2013-08-21,16:17:13,3.533333333333333,8.799975713094076,7.866666666666666
2013-08-21,16:22:13,3.0,5.79997698465983,7.866666666666666
2013-08-21,16:27:13,3.0,4.4666512807210275,8.0
2013-08-21,16:32:13,3.3666666666666667,8.999973932902018,8.133333333333333
2013-08-21,16:37:13,3.066666666666667,6.933307647705078,7.8
2013-08-21,16:42:13,3.033333333333333,6.133317947387695,7.933333333333334
2013-08-21,16:47:13,3.433333333333333,7.199986775716144,8.0
2013-08-21,16:52:13,3.033333333333333,6.199979782104492,7.866666666666666
2013-08-21,16:57:13,3.033333333333333,7.066653569539389,7.7333333333333325
2013-08-21,17:02:13,3.333333333333333,8.133319218953451,8.066666666666666
2013-08-21,17:07:13,3.0,5.666643778483072,8.0
2013-08-21,17:12:13,3.066666666666667,5.533307393391928,8.0
2013-08-21,17:17:13,3.533333333333333,6.866645812988281,8.2
2013-08-21,17:22:13,3.1,4.866647720336914,7.933333333333334
2013-08-21,17:27:13,3.066666666666667,5.2666473388671875,8.0
2013-08-21,17:32:13,3.333333333333333,6.9333140055338545,8.133333333333333
2013-08-21,17:37:13,3.0,6.266641616821289,7.7333333333333325
2013-08-21,17:42:13,3.166666666666667,4.666643142700195,7.8
2013-08-21,17:47:13,3.466666666666667,7.799978256225586,8.0
2013-08-21,17:52:13,3.1,5.86665153503418,7.933333333333334
2013-08-21,17:57:13,3.0,4.99998410542806,7.866666666666666
2013-08-21,18:02:13,3.3666666666666667,7.399972279866534,8.0
2013-08-21,18:07:13,3.1333333333333333,5.666656494140625,7.866666666666666
2013-08-21,18:12:13,3.1,4.066645304361979,8.0
2013-08-21,18:17:14,3.6,5.466642379760742,7.866666666666666
2013-08-21,18:22:14,3.066666666666667,6.799977620442708,8.066666666666666
2013-08-21,18:27:14,3.0,5.13331413269043,8.0
2013-08-21,18:32:14,3.466666666666667,6.799977620442708,8.133333333333333
2013-08-21,18:37:14,3.4,7.866649627685547,8.133333333333333
2013-08-21,18:42:14,3.066666666666667,5.066661834716797,7.933333333333334
2013-08-21,18:47:14,3.5,5.86665153503418,8.2
2013-08-21,18:52:14,3.1,5.533313751220703,8.0
2013-08-21,18:57:14,3.033333333333333,5.866648356119793,8.0
2013-08-21,19:02:14,3.433333333333333,6.799980799357096,8.0
2013-08-21,19:07:14,3.066666666666667,6.199970245361328,8.066666666666666
2013-08-21,19:12:14,3.033333333333333,6.933307647705078,7.7333333333333325
2013-08-21,19:17:14,3.5,5.999981562296551,8.2
2013-08-21,19:22:14,3.066666666666667,6.799993515014649,7.7333333333333325
2013-08-21,19:27:14,3.033333333333333,6.599979400634766,7.6
2013-08-21,19:32:14,3.3666666666666667,7.333313624064126,8.066666666666666
2013-08-21,19:37:14,3.0,6.599982579549152,7.8
2013-08-21,19:42:14,3.0,5.399971008300781,7.7333333333333325
2013-08-21,19:47:14,3.466666666666667,7.53331184387207,7.8
2013-08-21,19:52:14,3.0,5.599972407023111,7.666666666666668
2013-08-21,19:57:14,3.066666666666667,4.599981307983398,7.8
2013-08-21,20:02:14,3.3666666666666667,4.666649500528972,7.666666666666668
2013-08-21,20:07:14,3.0,4.066651662190756,7.7333333333333325
2013-08-21,20:12:14,3.0,4.333311716715494,7.7333333333333325
2013-08-21,20:17:14,3.5,8.333317438761394,8.066666666666666
2013-08-21,20:22:15,3.066666666666667,6.999975840250651,7.866666666666666
2013-08-21,20:27:15,3.066666666666667,5.466655095418293,8.133333333333333
2013-08-21,20:32:15,3.5,5.999975204467773,8.066666666666666
2013-08-21,20:37:15,3.0,4.533319473266602,8.066666666666666
2013-08-21,20:42:15,3.0,5.133320490519206,7.933333333333334
2013-08-21,20:47:15,3.433333333333333,7.66664187113444,7.866666666666666
2013-08-21,20:52:15,3.1333333333333333,5.999978383382162,7.8
2013-08-21,20:57:15,3.1,4.533316294352214,8.0
2013-08-21,21:02:15,3.333333333333333,7.533321380615235,7.866666666666666
2013-08-21,21:07:15,3.066666666666667,6.86664899190267,7.866666666666666
2013-08-21,21:12:15,3.066666666666667,5.599988301595051,7.933333333333334
2013-08-21,21:17:15,3.7,6.7333126068115225,8.133333333333333
2013-08-21,21:22:15,3.1333333333333333,7.199974060058594,7.666666666666668
2013-08-21,21:27:15,3.0,5.0666459401448565,7.666666666666668
2013-08-21,21:32:15,3.4,6.533320744832355,8.133333333333333
2013-08-21,21:37:15,3.033333333333333,7.066647211710614,7.866666666666666
2013-08-21,21:42:15,3.0,5.066661834716797,7.8
2013-08-21,21:47:15,3.4,6.799983978271484,7.933333333333334
2013-08-21,21:52:15,3.0,6.7333126068115225,8.066666666666666
2013-08-21,21:57:15,3.1,8.199984232584635,7.933333333333334
2013-08-21,22:02:16,3.433333333333333,7.199983596801758,7.7333333333333325
2013-08-21,22:07:16,3.1,6.133317947387695,7.7333333333333325
2013-08-21,22:12:16,3.033333333333333,4.1999880472819004,7.8
2013-08-21,22:17:16,3.533333333333333,5.86665153503418,8.2
2013-08-21,22:22:15,3.266666666666667,4.533313115437824,8.0
2013-08-21,22:27:15,3.1,6.066649754842123,7.933333333333334
2013-08-21,22:32:15,3.3666666666666667,6.533320744832355,8.133333333333333
2013-08-21,22:37:15,3.0,6.466646194458008,7.8
2013-08-21,22:42:15,3.0,4.733320871988932,7.7333333333333325
2013-08-21,22:47:15,3.433333333333333,10.999972025553383,8.133333333333333
2013-08-21,22:52:15,3.1333333333333333,8.133316040039062,7.7333333333333325
2013-08-21,22:57:15,3.066666666666667,6.466646194458008,7.8
2013-08-21,23:02:15,3.433333333333333,7.4666404724121085,8.0
2013-08-21,23:07:15,3.033333333333333,5.466651916503906,7.866666666666666
2013-08-21,23:12:15,3.033333333333333,5.266650517781576,8.0
2013-08-21,23:17:15,3.566666666666667,6.59998575846354,8.2
2013-08-21,23:22:15,3.0,6.199979782104492,7.866666666666666
2013-08-21,23:27:15,3.0,4.066654841105143,7.866666666666666
2013-08-21,23:32:15,3.433333333333333,6.266651153564454,8.2
2013-08-21,23:37:15,3.1333333333333333,7.3999818166097,8.0
2013-08-21,23:42:15,3.066666666666667,5.26664098103841,8.0
2013-08-21,23:47:16,3.533333333333333,6.266654332478843,8.0
2013-08-21,23:52:16,3.166666666666667,5.733321507771809,7.933333333333334
2013-08-21,23:57:16,3.0,4.866650899251302,8.0
2013-08-22,00:02:16,3.6,5.9999847412109375,7.6
2013-08-22,00:07:16,3.066666666666667,6.599976221720377,7.7333333333333325
2013-08-22,00:12:16,3.066666666666667,4.866641362508139,7.8
2013-08-22,00:17:16,3.433333333333333,6.199986139933268,8.133333333333333
2013-08-22,00:22:16,3.0,6.799980799357096,7.866666666666666
2013-08-22,00:27:16,3.233333333333333,7.133312225341797,7.933333333333334
2013-08-22,00:32:16,3.4,7.199977238972982,8.2
2013-08-22,00:37:16,3.066666666666667,5.466658274332682,8.0
2013-08-22,00:42:16,3.1,4.133319854736328,7.933333333333334
2013-08-22,00:47:16,3.433333333333333,5.333312352498373,8.066666666666666
2013-08-22,00:52:16,3.1333333333333333,4.399986267089844,8.0
2013-08-22,00:57:16,3.0,6.99997901916504,8.2
2013-08-22,01:02:17,3.4,9.86663818359375,8.066666666666666
2013-08-22,01:07:17,3.1,6.9333140055338545,8.0
2013-08-22,01:12:17,3.166666666666667,4.399986267089844,7.7333333333333325
2013-08-22,01:17:17,3.533333333333333,7.466646830240885,8.133333333333333
2013-08-22,01:22:17,3.3,8.46665064493815,8.0
2013-08-22,01:27:17,3.033333333333333,6.99997901916504,8.0
2013-08-22,01:32:17,3.466666666666667,6.866652170817058,8.266666666666667
2013-08-22,01:37:17,3.2,6.399974822998048,8.2
2013-08-22,01:42:17,3.1,5.399980545043945,8.0
2013-08-22,01:47:17,3.3666666666666667,6.399990717569986,8.266666666666667
2013-08-22,01:52:17,3.0,7.599992752075195,7.8
2013-08-22,01:57:17,3.1,4.599978129069011,7.7333333333333325
2013-08-22,02:02:17,3.6,5.799980163574219,7.666666666666668
2013-08-22,02:07:17,3.033333333333333,7.399988174438477,7.8
2013-08-22,02:12:17,3.0,6.199979782104492,7.666666666666668
2013-08-22,02:17:17,3.566666666666667,6.199989318847656,8.066666666666666
2013-08-22,02:22:17,3.166666666666667,5.599985122680664,7.8
2013-08-22,02:27:17,3.166666666666667,5.599985122680664,7.933333333333334
2013-08-22,02:32:17,3.4,5.13331413269043,7.933333333333334
2013-08-22,02:37:17,3.0,6.799983978271484,7.933333333333334
2013-08-22,02:42:17,3.066666666666667,6.666657129923502,7.8
2013-08-22,02:47:17,3.5,7.999992370605469,7.866666666666666
2013-08-22,02:52:17,3.066666666666667,6.399984359741211,7.8
2013-08-22,02:57:17,3.1333333333333333,7.533324559529624,7.8
2013-08-22,03:02:17,3.3666666666666667,8.333317438761394,8.0
2013-08-22,03:07:17,3.0,6.399984359741211,8.066666666666666
2013-08-22,03:12:17,3.1333333333333333,3.9999866485595703,7.7333333333333325
2013-08-22,03:17:17,3.6,7.399975458780923,7.8
2013-08-22,03:22:17,3.1,6.799983978271484,7.7333333333333325
2013-08-22,03:27:17,3.0,5.399971008300781,7.666666666666668
2013-08-22,03:32:17,3.533333333333333,6.199979782104492,8.133333333333333
2013-08-22,03:37:17,3.033333333333333,4.399986267089844,7.7333333333333325
2013-08-22,03:42:18,3.066666666666667,4.399995803833008,8.0
2013-08-22,03:47:18,3.3,9.866641362508139,8.066666666666666
2013-08-22,03:52:18,3.0,6.133327484130859,7.866666666666666
2013-08-22,03:57:18,3.0,5.9999847412109375,7.666666666666668
2013-08-22,04:02:18,3.466666666666667,5.9999847412109375,7.666666666666668
2013-08-22,04:07:18,3.033333333333333,4.666655858357748,7.7333333333333325
2013-08-22,04:12:18,3.0,5.9999847412109375,7.8
2013-08-22,04:17:18,3.4,5.466651916503906,7.933333333333334
2013-08-22,04:22:18,3.166666666666667,6.3333161671956395,7.933333333333334
2013-08-22,04:27:18,3.3,4.399986267089844,8.0
2013-08-22,04:32:18,3.6,6.3333066304524746,8.0
2013-08-22,04:37:18,4.3,10.866641998291016,7.533333333333332
2013-08-22,04:42:18,3.0,8.19997787475586,7.2
2013-08-22,04:47:18,3.433333333333333,7.799978256225586,7.4
2013-08-22,04:52:18,2.966666666666667,6.466643015543622,7.0
2013-08-22,04:57:18,3.0,5.799980163574219,7.4
2013-08-22,05:02:18,3.333333333333333,6.933320363362632,7.466666666666668
2013-08-22,05:07:18,3.0,8.333307902018229,7.133333333333334
2013-08-22,05:12:18,3.0,4.599981307983398,7.2666666666666675
2013-08-22,05:17:18,3.3666666666666667,6.86664899190267,7.333333333333332
2013-08-22,05:22:18,4.1,13.333314259847004,7.2
2013-08-22,05:27:18,3.0,12.266648610432945,7.066666666666666
2013-08-22,05:32:18,3.333333333333333,8.266646067301432,7.2666666666666675
2013-08-22,05:37:18,3.0,5.466655095418293,7.066666666666666
2013-08-22,05:42:18,3.0,5.333315531412761,7.333333333333332
2013-08-22,05:47:18,3.333333333333333,6.599979400634766,7.333333333333332
2013-08-22,05:52:18,3.0,4.933312733968099,7.0
2013-08-22,05:57:18,2.966666666666667,4.199981689453125,7.066666666666666
2013-08-22,06:02:18,3.266666666666667,6.666657129923502,7.133333333333334
2013-08-22,06:07:18,3.0,5.666650136311848,7.0
2013-08-22,06:12:18,2.966666666666667,4.999987284342447,7.2
2013-08-22,06:17:18,3.533333333333333,6.733315785725911,7.2666666666666675
2013-08-22,06:22:18,3.0,5.799980163574219,7.2
2013-08-22,06:27:18,3.0,5.266650517781576,7.2666666666666675
2013-08-22,06:32:18,3.266666666666667,5.199985504150391,7.6
2013-08-22,06:37:18,3.0,6.199989318847656,7.0
2013-08-22,06:42:18,3.033333333333333,5.133323669433594,7.2666666666666675
2013-08-22,06:47:18,3.3666666666666667,6.666657129923502,7.4
2013-08-22,06:52:18,3.0,6.199979782104492,7.333333333333332
2013-08-22,06:57:18,3.0,5.466648737589518,7.2
2013-08-22,07:02:18,3.3,6.866645812988281,7.4
2013-08-22,07:07:18,3.033333333333333,9.799976348876953,7.0
2013-08-22,07:12:18,3.0,6.666657129923502,7.0
2013-08-22,07:17:19,3.4,5.9999847412109375,7.2
2013-08-22,07:22:19,3.0,5.399980545043945,7.2
2013-08-22,07:27:18,2.933333333333333,7.3999818166097,7.4
2013-08-22,07:32:18,3.3,8.399979273478191,7.4
2013-08-22,07:37:18,3.0,6.333322525024414,7.333333333333332
2013-08-22,07:42:18,3.0,5.26664098103841,7.2666666666666675
2013-08-22,07:47:18,3.3666666666666667,6.199986139933268,7.4
2013-08-22,07:52:18,3.033333333333333,6.933307647705078,7.133333333333334
2013-08-22,07:57:18,3.033333333333333,6.866658528645835,7.0
2013-08-22,08:02:18,3.333333333333333,6.866655349731446,7.4
2013-08-22,08:07:18,3.0,6.533317565917969,7.133333333333334
2013-08-22,08:12:18,2.966666666666667,7.133312225341797,7.2
2013-08-22,08:17:18,3.3666666666666667,6.466646194458008,7.333333333333332
2013-08-22,08:22:18,3.033333333333333,4.933315912882486,7.2
2013-08-22,08:27:18,3.0,3.06664784749349,7.066666666666666
2013-08-22,08:32:18,3.3,6.266651153564454,7.2
2013-08-22,08:37:19,3.0,7.466643651326497,7.2666666666666675
2013-08-22,08:42:19,3.0,6.199982961018879,7.2
2013-08-22,08:47:19,3.4,7.399975458780923,7.2666666666666675
2013-08-22,08:52:19,3.0,5.8666451772054025,7.333333333333332
2013-08-22,08:57:19,3.0,6.06665293375651,7.333333333333332
2013-08-22,09:02:19,3.3,6.866645812988281,7.333333333333332
2013-08-22,09:07:19,3.0,6.53331438700358,7.533333333333332
2013-08-22,09:12:19,3.0,7.133309046427411,7.2666666666666675
2013-08-22,09:17:19,3.4,5.199985504150391,7.4
2013-08-22,09:22:19,3.0,5.533313751220703,7.2
2013-08-22,09:27:19,3.0,3.799982070922851,7.2666666666666675
2013-08-22,09:32:19,3.466666666666667,6.266651153564454,7.466666666666668
2013-08-22,09:37:19,3.0,7.733316421508789,7.4
2013-08-22,09:42:19,2.966666666666667,4.999990463256836,7.2666666666666675
2013-08-22,09:47:19,3.266666666666667,6.99997901916504,7.466666666666668
2013-08-22,09:52:19,2.966666666666667,5.93331019083659,7.2
2013-08-22,09:57:19,3.0,5.466642379760742,7.133333333333334
2013-08-22,10:02:19,3.3,6.13331158955892,7.2666666666666675
2013-08-22,10:07:19,3.0,6.066646575927734,7.066666666666666
2013-08-22,10:12:19,3.0,5.1333173116048165,7.4
2013-08-22,10:17:19,3.4,7.199980417887369,7.533333333333332
2013-08-22,10:22:19,3.033333333333333,6.53331438700358,7.466666666666668
2013-08-22,10:27:19,3.0,7.133318583170572,7.133333333333334
2013-08-22,10:32:19,3.3,8.199984232584635,7.333333333333332
2013-08-22,10:37:19,3.0,5.999981562296551,7.133333333333334
2013-08-22,10:42:19,3.0,6.133317947387695,7.466666666666668
2013-08-22,10:47:19,3.4,6.466646194458008,7.666666666666668
2013-08-22,10:52:19,3.0,4.933322270711263,7.333333333333332
2013-08-22,10:57:19,3.0,4.133319854736328,7.2666666666666675
2013-08-22,11:02:19,3.333333333333333,6.799977620442708,7.2666666666666675
2013-08-22,11:07:20,3.0,6.466652552286783,7.133333333333334
2013-08-22,11:12:20,3.0,5.133310953776041,7.0
2013-08-22,11:17:20,3.5,8.799991607666016,7.2
2013-08-22,11:22:20,2.966666666666667,5.999994277954102,7.2
2013-08-22,11:27:20,3.0,4.333324432373047,7.066666666666666
2013-08-22,11:32:20,3.333333333333333,6.199976603190104,7.4
2013-08-22,11:37:20,3.0,5.266650517781576,7.2666666666666675
2013-08-22,11:42:20,3.0,5.466642379760742,7.2
2013-08-22,11:47:20,3.3,5.933313369750977,7.333333333333332
2013-08-22,11:52:20,3.0,3.4666570027669272,7.2
2013-08-22,11:57:20,3.0,3.866647084554036,7.2
2013-08-22,12:02:20,3.333333333333333,8.93331527709961,7.2666666666666675
2013-08-22,12:07:19,3.0,8.59998067220052,7.533333333333332
2013-08-22,12:12:19,3.0,5.642843246459961,7.357142857142858
2013-08-22,12:17:19,3.4285714285714284,6.214261054992676,7.428571428571429
2013-08-22,12:22:19,3.0,5.142835208347867,7.2142857142857135
2013-08-22,12:27:19,3.0,4.785704612731934,7.142857142857142
2013-08-22,12:32:19,3.2857142857142856,5.785700253077916,7.357142857142858
2013-08-22,12:37:19,3.0357142857142856,3.9285591670445035,7.428571428571429
2013-08-22,12:42:20,3.0,4.571424211774554,7.2857142857142865
2013-08-22,12:47:20,3.321428571428572,9.071411405290876,7.571428571428571
2013-08-22,12:52:20,3.0,5.571409634181432,7.2857142857142865
2013-08-22,12:57:20,2.9642857142857144,6.857132911682129,7.142857142857142
2013-08-22,13:02:20,3.3928571428571432,6.857122693743024,7.357142857142858
2013-08-22,13:07:20,3.0,6.933307647705078,7.133333333333334
2013-08-22,13:12:20,3.0,5.799980163574219,7.2666666666666675
2013-08-22,13:17:20,3.3666666666666667,7.999982833862304,7.333333333333332
2013-08-22,13:22:20,3.0,5.066649119059244,7.0
2013-08-22,13:27:20,3.0,5.1333173116048165,7.066666666666666
2013-08-22,13:32:20,3.466666666666667,6.733309427897134,7.4
2013-08-22,13:37:20,3.0,6.333312988281251,7.533333333333332
2013-08-22,13:42:20,3.066666666666667,5.133323669433594,7.2666666666666675
2013-08-22,13:47:20,3.3,8.866647084554037,7.4
2013-08-22,13:52:20,3.0,5.399983723958334,7.2666666666666675
2013-08-22,13:57:20,3.0,5.799983342488606,7.066666666666666
2013-08-22,14:02:20,3.4,8.599974314371744,7.2666666666666675
2013-08-22,14:07:20,3.0,5.666637420654297,7.333333333333332
2013-08-22,14:12:20,3.0,6.7333126068115225,7.2666666666666675
2013-08-22,14:17:20,3.433333333333333,6.199973424275717,7.533333333333332
2013-08-22,14:22:20,3.0,5.199985504150391,7.133333333333334
2013-08-22,14:27:20,3.0,5.133323669433594,7.0
2013-08-22,14:32:20,3.3666666666666667,6.99997901916504,7.4
2013-08-22,14:37:20,3.0,9.06664530436198,7.2666666666666675
2013-08-22,14:42:20,3.033333333333333,7.333316802978515,7.2
2013-08-22,14:47:21,3.333333333333333,5.666643778483072,7.466666666666668
2013-08-22,14:52:21,3.0,7.066647211710614,7.333333333333332
2013-08-22,14:57:21,3.0,4.666643142700195,7.133333333333334
2013-08-22,15:02:21,3.333333333333333,6.999975840250651,7.2666666666666675
2013-08-22,15:07:21,3.1,5.333309173583984,7.2
2013-08-22,15:12:21,3.033333333333333,5.333318710327148,7.2666666666666675
2013-08-22,15:17:21,3.3,6.266660690307617,7.4
2013-08-22,15:22:21,2.933333333333333,4.933315912882486,7.2
2013-08-22,15:27:21,3.0,5.666643778483072,7.333333333333332
2013-08-22,15:32:21,3.3666666666666667,8.933318456013998,7.6
2013-08-22,15:37:21,3.0,5.933313369750977,7.333333333333332
2013-08-22,15:42:21,3.0,5.266650517781576,7.2666666666666675
2013-08-22,15:47:21,3.4,7.399978637695312,7.2666666666666675
2013-08-22,15:52:21,3.0,6.3333161671956395,7.133333333333334
2013-08-22,15:57:21,3.0,4.53332265218099,7.333333333333332
2013-08-22,16:02:21,3.333333333333333,6.266651153564454,7.4
2013-08-22,16:07:21,3.0,5.199979146321613,7.333333333333332
2013-08-22,16:12:21,3.0,5.266656875610352,7.2666666666666675
2013-08-22,16:17:21,3.5,8.799991607666016,7.466666666666668
2013-08-22,16:22:21,3.0,6.666647593180337,7.133333333333334
2013-08-22,16:27:21,3.0,4.3333180745442705,7.133333333333334
2013-08-22,16:32:21,3.333333333333333,6.59998575846354,7.4
2013-08-22,16:37:21,3.033333333333333,4.999977747599283,7.666666666666668
2013-08-22,16:42:21,3.0,5.333315531412761,7.533333333333332
2013-08-22,16:47:21,3.3,5.799986521402996,7.466666666666668
2013-08-22,16:52:21,3.0,4.799985885620117,7.333333333333332
2013-08-22,16:57:21,2.966666666666667,5.933316548665365,7.2
2013-08-22,17:02:21,3.4,6.466652552286783,7.2
2013-08-22,17:07:21,3.0,7.93331464131673,7.0
2013-08-22,17:12:21,3.0,6.13331158955892,7.066666666666666
2013-08-22,17:17:21,3.4,5.866657892862957,7.333333333333332
2013-08-22,17:22:21,3.0,6.266641616821289,7.066666666666666
2013-08-22,17:27:21,3.0,6.399984359741211,7.2
2013-08-22,17:32:21,3.3666666666666667,6.7333126068115225,7.4
2013-08-22,17:37:21,3.0,7.599983215332032,7.333333333333332
2013-08-22,17:42:22,2.966666666666667,4.799976348876953,7.2
2013-08-22,17:47:22,3.333333333333333,6.666660308837891,7.2666666666666675
2013-08-22,17:52:22,3.033333333333333,6.533317565917969,7.066666666666666
2013-08-22,17:57:22,3.0,8.26664924621582,7.333333333333332
2013-08-22,18:02:22,3.333333333333333,7.133321762084961,7.533333333333332
2013-08-22,18:07:22,3.0,5.333318710327148,7.4
2013-08-22,18:12:22,3.033333333333333,6.066659291585285,7.2
2013-08-22,18:17:22,3.433333333333333,7.999986012776692,7.4
2013-08-22,18:22:22,3.0,6.799980799357096,7.2
2013-08-22,18:27:22,3.0,5.1333173116048165,7.066666666666666
2013-08-22,18:32:22,3.3,8.466641108194988,7.2666666666666675
2013-08-22,18:37:22,2.966666666666667,5.933313369750977,7.333333333333332
2013-08-22,18:42:22,2.966666666666667,5.79997698465983,7.533333333333332
2013-08-22,18:47:22,3.3,8.533312479654947,7.6
2013-08-22,18:52:22,3.0,7.3999818166097,7.4
2013-08-22,18:57:22,2.933333333333333,5.666646957397461,7.2
2013-08-22,19:02:22,3.333333333333333,7.266635894775391,7.066666666666666
2013-08-22,19:07:22,3.0,5.599985122680664,7.333333333333332
2013-08-22,19:12:22,2.966666666666667,4.133319854736328,7.2666666666666675
2013-08-22,19:17:22,3.333333333333333,6.133317947387695,7.4
2013-08-22,19:22:22,2.933333333333333,4.333321253458658,7.333333333333332
2013-08-22,19:27:22,3.0,4.399989446004231,7.2
2013-08-22,19:32:22,3.433333333333333,6.999982198079429,7.533333333333332
2013-08-22,19:37:22,2.966666666666667,4.999977747599283,7.2
2013-08-22,19:42:22,2.966666666666667,5.533323287963867,7.2
2013-08-22,19:47:22,3.333333333333333,7.999976476033527,7.2666666666666675
2013-08-22,19:52:22,3.0,3.3999856313069667,7.066666666666666
2013-08-22,19:57:23,3.0,4.399979909261067,7.4
2013-08-22,20:02:23,3.3,8.26664924621582,7.466666666666668
2013-08-22,20:07:23,2.966666666666667,5.1333173116048165,7.466666666666668
2013-08-22,20:12:23,3.0,4.266653060913086,7.2666666666666675
2013-08-22,20:17:23,3.5,8.066651026407877,7.333333333333332
2013-08-22,20:22:23,3.066666666666667,6.6666444142659484,7.0
2013-08-22,20:27:23,2.933333333333333,4.666649500528972,7.0
2013-08-22,20:32:23,3.3666666666666667,5.666650136311848,7.466666666666668
2013-08-22,20:37:23,2.966666666666667,5.799986521402996,7.133333333333334
2013-08-22,20:42:23,3.0,8.399982452392578,7.2666666666666675
2013-08-22,20:47:23,3.266666666666667,6.59997304280599,7.466666666666668
2013-08-22,20:52:23,2.933333333333333,5.599985122680664,7.333333333333332
2013-08-22,20:57:23,2.933333333333333,6.0666433970133475,7.4
2013-08-22,21:02:23,4.366666666666667,7.999973297119141,7.2
2013-08-22,21:07:23,3.0,12.799968719482422,7.133333333333334
2013-08-22,21:12:23,3.0,7.599973678588867,7.066666666666666
2013-08-22,21:17:23,3.4,8.599977493286133,7.533333333333332
2013-08-22,21:22:23,3.033333333333333,6.066646575927734,7.466666666666668
2013-08-22,21:27:23,3.033333333333333,5.466648737589518,7.333333333333332
2013-08-22,21:32:23,3.3666666666666667,9.933312733968098,7.533333333333332
2013-08-22,21:37:23,2.966666666666667,6.799974441528319,7.333333333333332
2013-08-22,21:42:23,2.9,4.4666512807210275,7.333333333333332
2013-08-22,21:47:23,3.266666666666667,7.466653188069662,7.2666666666666675
2013-08-22,21:52:23,3.0,5.93331019083659,7.0
2013-08-22,21:57:23,3.0,6.133324305216471,7.466666666666668
2013-08-22,22:02:23,3.3666666666666667,8.866650263468424,7.466666666666668
2013-08-22,22:07:23,3.0,11.599979400634766,7.333333333333332
2013-08-22,22:12:23,3.0,6.399984359741211,7.2
2013-08-22,22:17:23,3.433333333333333,7.266648610432941,7.4
2013-08-22,22:22:23,3.0,6.599979400634766,7.066666666666666
2013-08-22,22:27:23,2.933333333333333,5.79997698465983,7.133333333333334
2013-08-22,22:32:23,3.266666666666667,6.399984359741211,7.2666666666666675
2013-08-22,22:37:23,3.0,6.599988937377929,7.133333333333334
2013-08-22,22:42:23,3.0,4.399986267089844,7.333333333333332
2013-08-22,22:47:23,3.333333333333333,6.9333140055338545,7.4
2013-08-22,22:52:23,3.1,5.999975204467773,7.333333333333332
2013-08-22,22:57:23,3.0,6.399984359741211,7.333333333333332
2013-08-22,23:02:23,3.3,6.733309427897134,7.2
2013-08-22,23:07:23,3.0,5.799989700317383,7.133333333333334
2013-08-22,23:12:23,3.0,5.0666459401448565,7.133333333333334
2013-08-22,23:17:23,3.466666666666667,5.999994277954102,7.4
2013-08-22,23:22:23,3.0,4.799976348876953,7.2666666666666675
2013-08-22,23:27:23,3.1333333333333333,5.666650136311848,7.333333333333332
2013-08-22,23:32:23,3.4,8.133309682210287,7.466666666666668
2013-08-22,23:37:24,3.0,5.199985504150391,7.333333333333332
2013-08-22,23:42:24,3.066666666666667,6.3333161671956395,7.0
2013-08-22,23:47:24,3.3666666666666667,7.399978637695312,7.4
2013-08-22,23:52:24,3.0,6.199979782104492,7.133333333333334
2013-08-22,23:57:24,3.0,5.599985122680664,7.466666666666668
2013-08-23,00:02:24,3.433333333333333,6.333309809366862,7.333333333333332
2013-08-23,00:07:24,2.933333333333333,6.399984359741211,7.2666666666666675
2013-08-23,00:12:24,2.966666666666667,4.999980926513672,7.066666666666666
2013-08-23,00:17:24,3.433333333333333,4.799979527791342,7.533333333333332
2013-08-23,00:22:24,3.0,7.199993133544921,7.2666666666666675
2013-08-23,00:27:24,3.0,6.199979782104492,7.066666666666666
2013-08-23,00:32:24,3.4,7.199983596801758,7.133333333333334
2013-08-23,00:37:24,2.933333333333333,6.933320363362632,7.066666666666666
2013-08-23,00:42:24,3.0,4.999980926513672,7.066666666666666
2013-08-23,00:47:24,3.3,6.666647593180337,7.2666666666666675
2013-08-23,00:52:24,3.0,5.199975967407227,7.0
2013-08-23,00:57:24,3.0,4.399986267089844,7.066666666666666
2013-08-23,01:02:24,3.433333333333333,8.199987411499023,7.133333333333334
2013-08-23,01:07:25,3.0,4.5999908447265625,7.066666666666666
2013-08-23,01:12:25,2.9,4.4666512807210275,7.133333333333334
2013-08-23,01:17:25,3.233333333333333,7.199983596801758,7.333333333333332
2013-08-23,01:22:25,3.033333333333333,6.199976603190104,7.333333333333332
2013-08-23,01:27:25,3.0,7.199974060058594,7.333333333333332
2013-08-23,01:32:25,3.3,5.799980163574219,7.4
2013-08-23,01:37:25,2.933333333333333,4.999990463256836,7.2666666666666675
2013-08-23,01:42:25,3.0,4.599971771240234,7.2666666666666675
2013-08-23,01:47:25,3.5,6.199979782104492,7.466666666666668
2013-08-23,01:52:25,3.066666666666667,4.466644922892252,7.066666666666666
2013-08-23,01:57:25,3.0,4.666646321614584,7.4
2013-08-23,02:02:25,3.5,8.19997787475586,7.533333333333332
2013-08-23,02:07:25,3.1,7.599983215332032,7.533333333333332
2013-08-23,02:12:25,3.1,4.466657638549805,7.2666666666666675
2013-08-23,02:17:25,3.633333333333333,8.399982452392578,7.4
2013-08-23,02:22:25,3.0,6.399993896484375,7.0
2013-08-23,02:27:25,3.0,4.199991226196289,7.0
2013-08-23,02:32:25,3.333333333333333,5.799989700317383,7.333333333333332
2013-08-23,02:37:25,3.1333333333333333,6.799983978271484,7.2666666666666675
2013-08-23,02:42:25,3.0,6.133317947387695,7.333333333333332
2013-08-23,02:47:25,3.4,7.7999814351399746,7.666666666666668
2013-08-23,02:52:25,3.0,6.86664899190267,7.4
2013-08-23,02:57:25,2.966666666666667,6.133317947387695,7.2
2013-08-23,03:02:25,3.466666666666667,6.399984359741211,7.2666666666666675
2013-08-23,03:07:25,3.0,5.399980545043945,7.2
2013-08-23,03:12:25,3.0,4.466648101806641,7.2666666666666675
2013-08-23,03:17:25,3.3666666666666667,7.266648610432941,7.2666666666666675
2013-08-23,03:22:25,3.0,5.666646957397461,7.0
2013-08-23,03:27:25,3.033333333333333,4.666655858357748,7.333333333333332
2013-08-23,03:32:25,3.333333333333333,6.533311208089193,7.533333333333332
2013-08-23,03:37:25,3.0,6.06665293375651,7.533333333333332
2013-08-23,03:42:25,3.0,5.9999847412109375,7.2
2013-08-23,03:47:25,3.3,7.799984614054361,7.2666666666666675
2013-08-23,03:52:25,3.0,5.9999847412109375,7.2
2013-08-23,03:57:25,2.966666666666667,6.333312988281251,7.333333333333332
2013-08-23,04:02:25,3.3,8.533312479654947,7.533333333333332
2013-08-23,04:07:25,3.0,6.199979782104492,7.066666666666666
2013-08-23,04:12:25,3.0,5.599985122680664,7.333333333333332
2013-08-23,04:17:26,3.333333333333333,8.066651026407877,7.2666666666666675
2013-08-23,04:22:26,3.0,7.4666404724121085,7.066666666666666
2013-08-23,04:27:26,3.0,5.1333173116048165,7.2666666666666675
2013-08-23,04:32:26,3.3666666666666667,5.466642379760742,7.333333333333332
2013-08-23,04:37:26,3.833333333333333,7.666638692220053,7.4
2013-08-23,04:42:26,3.066666666666667,9.999974568684895,7.466666666666668
2013-08-23,04:47:26,3.266666666666667,10.399980545043945,7.533333333333332
2013-08-23,04:52:26,3.0,6.066656112670898,7.133333333333334
2013-08-23,04:57:26,3.0,4.333324432373047,7.133333333333334
2013-08-23,05:02:26,3.3666666666666667,7.799984614054361,6.933333333333334
2013-08-23,05:07:26,3.0,6.466646194458008,6.666666666666668
2013-08-23,05:12:26,2.966666666666667,5.86665153503418,6.666666666666668
2013-08-23,05:17:26,3.4,7.7333100636800145,6.866666666666666
2013-08-23,05:22:26,3.0,6.733315785725911,6.666666666666668
2013-08-23,05:27:26,3.0,5.2666441599528,6.7333333333333325
2013-08-23,05:32:26,3.333333333333333,6.999969482421875,7.0
2013-08-23,05:37:26,3.0,5.999987920125326,6.933333333333334
2013-08-23,05:42:26,3.0,5.133310953776041,6.8
2013-08-23,05:47:26,3.3666666666666667,6.999969482421875,6.866666666666666
2013-08-23,05:52:26,3.0,6.3333161671956395,6.7333333333333325
2013-08-23,05:57:26,2.933333333333333,5.933322906494141,6.666666666666668
2013-08-23,06:02:26,3.3,5.133320490519206,7.0
2013-08-23,06:07:26,3.0,5.06665547688802,6.933333333333334
2013-08-23,06:12:26,3.0,4.533313115437824,6.933333333333334
2013-08-23,06:17:26,3.4,4.266653060913086,6.7333333333333325
2013-08-23,06:22:26,2.9,6.199976603190104,6.533333333333332
2013-08-23,06:27:26,3.0,5.133304595947266,6.533333333333332
2013-08-23,06:32:26,3.333333333333333,6.933307647705078,6.7333333333333325
2013-08-23,06:37:26,3.0,5.799983342488606,6.7333333333333325
2013-08-23,06:42:26,3.0,3.866653442382813,6.7333333333333325
2013-08-23,06:47:26,3.3,4.866657257080078,6.933333333333334
2013-08-23,06:52:26,3.0,5.0666459401448565,6.666666666666668
2013-08-23,06:57:26,3.0,6.133321126302082,6.4
2013-08-23,07:02:26,3.3,5.999981562296551,6.8
2013-08-23,07:07:26,2.966666666666667,4.466660817464193,6.4
2013-08-23,07:12:26,3.0,4.866650899251302,6.533333333333332
2013-08-23,07:17:26,3.3666666666666667,7.066653569539389,6.8
2013-08-23,07:22:26,3.0,4.533319473266602,6.866666666666666
2013-08-23,07:27:26,2.933333333333333,4.933309555053711,6.7333333333333325
2013-08-23,07:32:26,3.266666666666667,5.666653315226236,6.8
2013-08-23,07:37:26,2.9,6.93332354227702,6.666666666666668
2013-08-23,07:42:26,3.0,5.466651916503906,6.533333333333332
2013-08-23,07:47:27,3.3,7.999982833862304,6.7333333333333325
2013-08-23,07:52:27,3.0,4.99998410542806,6.333333333333332
2013-08-23,07:57:27,2.933333333333333,5.199972788492838,6.6
2013-08-23,08:02:27,3.266666666666667,8.266646067301432,7.0
2013-08-23,08:07:27,2.933333333333333,7.3999818166097,6.8
2013-08-23,08:12:27,3.0,4.933322270711263,6.666666666666668
2013-08-23,08:17:27,3.4,6.999982198079429,6.533333333333332
2013-08-23,08:22:27,3.0,6.199986139933268,6.533333333333332
2013-08-23,08:27:27,2.966666666666667,4.866660435994466,6.666666666666668
2013-08-23,08:32:27,3.3,7.266645431518555,6.866666666666666
2013-08-23,08:37:27,3.0,5.266653696695964,6.666666666666668
2013-08-23,08:42:27,2.966666666666667,4.466644922892252,7.0
2013-08-23,08:47:27,3.266666666666667,8.266639709472656,6.7333333333333325
2013-08-23,08:52:27,2.933333333333333,7.466646830240885,6.466666666666668
2013-08-23,08:57:27,3.0,7.866643269856771,6.666666666666668
2013-08-23,09:02:27,3.3,7.533308664957682,6.7333333333333325
2013-08-23,09:07:27,3.0,6.13331158955892,6.4
2013-08-23,09:12:27,2.933333333333333,3.866653442382813,6.6
2013-08-23,09:17:27,3.4,6.399981180826825,6.6
2013-08-23,09:22:27,3.0,3.999989827473959,6.7333333333333325
2013-08-23,09:27:27,3.0,4.133323033650716,6.8
2013-08-23,09:32:27,3.3,6.199989318847656,7.066666666666666
2013-08-23,09:37:27,2.966666666666667,7.999976476033527,6.666666666666668
2013-08-23,09:42:27,3.066666666666667,6.199986139933268,6.533333333333332
2013-08-23,09:47:27,3.4,9.999980926513672,6.8
2013-08-23,09:52:27,3.0,6.066656112670898,6.6
2013-08-23,09:57:27,3.0,7.1333154042561855,6.666666666666668
2013-08-23,10:02:27,3.3,6.466652552286783,7.066666666666666
2013-08-23,10:07:27,3.0,3.7999852498372393,7.0
2013-08-23,10:12:27,3.0,3.4666506449381504,6.6
2013-08-23,10:17:27,3.333333333333333,6.99997901916504,6.666666666666668
2013-08-23,10:22:27,2.9,5.3333282470703125,6.666666666666668
2013-08-23,10:27:28,2.933333333333333,4.26664670308431,6.666666666666668
2013-08-23,10:32:28,4.566666666666666,9.199978510538736,6.6
2013-08-23,10:37:28,3.066666666666667,15.5999755859375,6.7333333333333325
2013-08-23,10:42:28,3.066666666666667,6.99997901916504,6.7333333333333325
2013-08-23,10:47:28,3.3,8.466644287109375,6.866666666666666
2013-08-23,10:52:27,3.0,5.466655095418293,6.6
2013-08-23,10:57:27,3.0,5.666653315226236,6.333333333333332
2013-08-23,11:02:27,3.333333333333333,6.599979400634766,6.533333333333332
2013-08-23,11:07:27,2.933333333333333,7.066647211710614,6.666666666666668
2013-08-23,11:12:27,2.933333333333333,5.199979146321613,6.6
2013-08-23,11:17:27,3.3666666666666667,8.266642888387045,7.2
2013-08-23,11:22:27,3.033333333333333,6.733309427897134,7.0
2013-08-23,11:27:27,2.966666666666667,6.133321126302082,6.8
2013-08-23,11:32:28,3.3,6.133317947387695,6.8
2013-08-23,11:37:28,3.0,5.066652297973633,6.7333333333333325
2013-08-23,11:42:28,3.0,5.1333173116048165,6.466666666666668
2013-08-23,11:47:28,3.3,6.466649373372396,6.6
2013-08-23,11:52:28,3.0,4.799976348876953,6.333333333333332
2013-08-23,11:57:28,2.9,5.266656875610352,6.4
2013-08-23,12:02:28,3.3,7.799984614054361,7.066666666666666
2013-08-23,12:07:28,3.0,6.599988937377929,6.933333333333334
2013-08-23,12:12:28,3.0,5.53331693013509,6.866666666666666
2013-08-23,12:17:28,3.433333333333333,9.06664530436198,7.0
2013-08-23,12:22:28,3.0,5.933319727579754,6.666666666666668
2013-08-23,12:27:28,2.933333333333333,3.93331527709961,6.333333333333332
2013-08-23,12:32:28,3.3,5.999981562296551,6.7333333333333325
2013-08-23,12:37:28,3.0,5.466658274332682,6.6
2013-08-23,12:42:28,2.933333333333333,5.9999847412109375,6.666666666666668
2013-08-23,12:47:28,3.433333333333333,7.199983596801758,7.6
2013-08-23,12:52:28,3.0,6.199989318847656,6.666666666666668
2013-08-23,12:57:28,3.033333333333333,6.399974822998048,6.8
2013-08-23,13:02:28,3.3666666666666667,7.7999750773112,6.6
2013-08-23,13:07:28,2.933333333333333,8.599977493286133,6.6
2013-08-23,13:12:28,3.0,5.599985122680664,6.7333333333333325
2013-08-23,13:17:28,3.4,7.199989954630532,7.066666666666666
2013-08-23,13:22:28,3.0,6.999988555908203,6.933333333333334
2013-08-23,13:27:28,3.0,7.199974060058594,6.866666666666666
2013-08-23,13:32:28,3.266666666666667,5.599985122680664,6.933333333333334
2013-08-23,13:37:28,3.0,4.733314514160156,6.666666666666668
2013-08-23,13:42:28,3.0,4.399973551432291,6.666666666666668
2013-08-23,13:47:28,3.3666666666666667,8.599974314371744,6.7333333333333325
2013-08-23,13:52:28,2.966666666666667,6.933307647705078,6.533333333333332
2013-08-23,13:57:28,3.0,6.99997901916504,6.533333333333332
2013-08-23,14:02:28,3.233333333333333,7.599992752075195,6.8
2013-08-23,14:07:28,3.0,6.599988937377929,6.533333333333332
2013-08-23,14:12:28,2.966666666666667,5.8666451772054025,6.666666666666668
2013-08-23,14:17:28,3.333333333333333,7.866646448771158,6.933333333333334
2013-08-23,14:22:28,3.1,8.399979273478191,7.2
2013-08-23,14:27:29,3.166666666666667,5.399990081787109,7.066666666666666
2013-08-23,14:32:29,3.3,5.799980163574219,6.8
2013-08-23,14:37:29,3.1,5.799989700317383,7.466666666666668
2013-08-23,14:42:29,3.066666666666667,5.799989700317383,7.4
2013-08-23,14:47:29,3.333333333333333,7.799978256225586,7.666666666666668
2013-08-23,14:52:29,3.0,6.399984359741211,7.4
2013-08-23,14:57:29,3.033333333333333,5.199985504150391,7.2666666666666675
2013-08-23,15:02:29,3.333333333333333,6.599979400634766,7.2
2013-08-23,15:07:29,3.0,6.399984359741211,7.466666666666668
2013-08-23,15:12:29,3.0,6.3333161671956395,7.466666666666668
2013-08-23,15:17:29,3.466666666666667,8.399972915649414,7.6
2013-08-23,15:22:29,3.033333333333333,6.199979782104492,7.333333333333332
2013-08-23,15:27:29,3.033333333333333,6.399984359741211,7.466666666666668
2013-08-23,15:32:29,3.466666666666667,6.866655349731446,7.533333333333332
2013-08-23,15:37:29,3.0,7.399988174438477,7.4
2013-08-23,15:42:29,3.033333333333333,5.799980163574219,7.333333333333332
2013-08-23,15:47:29,3.4,7.399988174438477,7.533333333333332
2013-08-23,15:52:29,3.0,5.799980163574219,7.133333333333334
2013-08-23,15:57:29,3.0,4.599981307983398,7.133333333333334
2013-08-23,16:02:29,3.433333333333333,7.066647211710614,7.4
2013-08-23,16:07:29,3.1,5.199985504150391,7.4
2013-08-23,16:12:29,3.066666666666667,4.599981307983398,7.6
2013-08-23,16:17:29,3.466666666666667,6.333312988281251,7.666666666666668
2013-08-23,16:22:29,3.1,6.066656112670898,7.333333333333332
2013-08-23,16:27:29,3.1333333333333333,7.3333104451497375,7.333333333333332
2013-08-23,16:32:29,3.466666666666667,5.333318710327148,7.533333333333332
2013-08-23,16:37:29,3.0,6.999969482421875,7.4
2013-08-23,16:42:29,3.033333333333333,5.866654713948568,7.6
2013-08-23,16:47:29,3.3666666666666667,5.266656875610352,7.8
2013-08-23,16:52:29,3.1333333333333333,4.999990463256836,7.4
2013-08-23,16:57:29,3.066666666666667,4.399995803833008,7.2666666666666675
2013-08-23,17:02:29,3.633333333333333,7.599983215332032,7.7333333333333325
2013-08-23,17:07:29,3.033333333333333,7.866646448771158,7.933333333333334
2013-08-23,17:12:29,3.1333333333333333,5.199985504150391,7.666666666666668
2013-08-23,17:17:29,3.6,7.399978637695312,7.933333333333334
2013-08-23,17:22:29,3.1333333333333333,6.399981180826825,8.0
2013-08-23,17:27:29,3.6,6.599979400634766,7.866666666666666
2013-08-23,17:32:29,3.333333333333333,8.599987030029297,7.4
2013-08-23,17:37:29,3.033333333333333,5.9999847412109375,7.2
2013-08-23,17:42:29,3.066666666666667,4.799995422363281,7.066666666666666
2013-08-23,17:47:29,3.433333333333333,7.733313242594403,7.333333333333332
2013-08-23,17:52:29,3.1,5.399980545043945,7.2
2013-08-23,17:57:29,3.0,4.799985885620117,7.4
2013-08-23,18:02:29,3.4,6.99997901916504,7.466666666666668
2013-08-23,18:07:29,3.1333333333333333,10.5999755859375,7.4
2013-08-23,18:12:29,3.1,6.533311208089193,7.4
2013-08-23,18:17:29,3.5,8.399982452392578,7.6
2013-08-23,18:22:29,3.0,6.866642634073893,7.2666666666666675
2013-08-23,18:27:29,3.0,5.333318710327148,7.133333333333334
2013-08-23,18:32:30,3.333333333333333,6.066656112670898,7.4
2013-08-23,18:37:30,3.0,5.533326466878254,7.333333333333332
2013-08-23,18:42:30,3.033333333333333,4.533306757609049,7.466666666666668
2013-08-23,18:47:30,3.433333333333333,8.266639709472656,7.7333333333333325
2013-08-23,18:52:30,3.1333333333333333,6.799977620442708,7.466666666666668
2013-08-23,18:57:30,3.1,7.466659545898438,7.4
2013-08-23,19:02:30,3.4,6.199989318847656,7.2666666666666675
2013-08-23,19:07:30,3.0,4.799982706705729,7.0
2013-08-23,19:12:30,3.066666666666667,4.599984486897787,7.133333333333334
2013-08-23,19:17:30,3.466666666666667,9.133319854736328,7.533333333333332
2013-08-23,19:22:30,3.1,8.19997469584147,7.333333333333332
2013-08-23,19:27:30,3.033333333333333,6.933317184448243,7.333333333333332
2013-08-23,19:32:30,3.4,7.599976857503256,7.4
2013-08-23,19:37:30,3.0,4.999980926513672,7.333333333333332
2013-08-23,19:42:30,3.166666666666667,4.599994023640951,7.333333333333332
2013-08-23,19:47:30,3.333333333333333,7.79998779296875,7.533333333333332
2013-08-23,19:52:30,3.0,5.799989700317383,7.2666666666666675
2013-08-23,19:57:30,3.0,5.133320490519206,7.133333333333334
2013-08-23,20:02:30,3.4,8.199981053670248,7.533333333333332
2013-08-23,20:07:30,3.033333333333333,6.933307647705078,7.466666666666668
2013-08-23,20:12:30,3.0,5.866641998291016,7.333333333333332
2013-08-23,20:17:30,3.4,7.666657765706381,7.4
2013-08-23,20:22:30,3.033333333333333,5.86665153503418,7.2
2013-08-23,20:27:30,3.066666666666667,5.53331693013509,7.0
2013-08-23,20:32:30,3.466666666666667,7.466650009155273,7.333333333333332
2013-08-23,20:37:30,3.0,8.73331069946289,7.2
2013-08-23,20:42:30,3.0,5.533320109049479,7.533333333333332
2013-08-23,20:47:30,3.333333333333333,7.999986012776692,7.533333333333332
2013-08-23,20:52:30,3.1,4.933312733968099,7.333333333333332
2013-08-23,20:57:30,3.0,5.666650136311848,7.2666666666666675
2013-08-23,21:02:30,3.3666666666666667,7.266648610432941,7.333333333333332
2013-08-23,21:07:30,3.033333333333333,5.399980545043945,7.333333333333332
2013-08-23,21:12:31,3.0,4.533306757609049,7.466666666666668
2013-08-23,21:17:31,3.4,6.6666412353515625,7.466666666666668
2013-08-23,21:22:31,3.1333333333333333,6.199979782104492,7.2
2013-08-23,21:27:31,3.033333333333333,6.3999875386555996,7.466666666666668
2013-08-23,21:32:31,3.4,6.466649373372396,7.666666666666668
2013-08-23,21:37:31,3.066666666666667,5.53331693013509,7.2666666666666675
2013-08-23,21:42:31,3.0,4.333311716715494,7.2
2013-08-23,21:47:31,3.433333333333333,6.533320744832355,7.333333333333332
2013-08-23,21:52:31,3.0,6.266641616821289,7.466666666666668
2013-08-23,21:57:31,3.033333333333333,4.466648101806641,7.066666666666666
2013-08-23,22:02:31,3.533333333333333,7.266654968261718,7.666666666666668
2013-08-23,22:07:31,3.033333333333333,5.733321507771809,7.466666666666668
2013-08-23,22:12:31,3.066666666666667,5.06665547688802,7.4
2013-08-23,22:17:31,3.466666666666667,8.999973932902018,7.466666666666668
2013-08-23,22:22:31,3.033333333333333,7.066640853881837,7.066666666666666
2013-08-23,22:27:31,3.0,4.5333099365234375,7.2666666666666675
2013-08-23,22:32:31,3.533333333333333,8.799978892008463,7.466666666666668
2013-08-23,22:37:31,3.0,6.7333126068115225,7.333333333333332
2013-08-23,22:42:31,3.066666666666667,6.199979782104492,7.4
2013-08-23,22:47:31,3.4,9.999974568684895,7.6
2013-08-23,22:52:31,3.033333333333333,8.666652043660482,7.4
2013-08-23,22:57:31,3.033333333333333,4.933315912882486,7.4
2013-08-23,23:02:31,3.466666666666667,6.933307647705078,7.2
2013-08-23,23:07:31,3.0,7.9333241780598955,7.2
2013-08-23,23:12:31,3.0,4.799989064534505,7.4
2013-08-23,23:17:31,3.6,6.266654332478843,7.6
2013-08-23,23:22:31,3.066666666666667,5.666656494140625,7.333333333333332
2013-08-23,23:27:31,3.033333333333333,4.4666512807210275,7.466666666666668
2013-08-23,23:32:31,3.433333333333333,5.666646957397461,7.666666666666668
2013-08-23,23:37:31,3.0,4.933309555053711,7.466666666666668
2013-08-23,23:42:31,3.0,5.5999755859375,7.333333333333332
2013-08-23,23:47:32,3.3666666666666667,7.733319600423178,7.466666666666668
2013-08-23,23:52:32,3.1333333333333333,4.999990463256836,7.333333333333332
2013-08-23,23:57:32,3.033333333333333,6.333312988281251,7.4
2013-08-24,00:02:32,3.466666666666667,7.333316802978515,7.466666666666668
2013-08-24,00:07:32,3.1,6.199979782104492,7.466666666666668
2013-08-24,00:12:32,3.0,3.4666506449381504,7.2666666666666675
2013-08-24,00:17:32,3.433333333333333,6.399981180826825,7.466666666666668
2013-08-24,00:22:32,3.1333333333333333,5.8666451772054025,7.066666666666666
2013-08-24,00:27:32,3.1333333333333333,5.199988683064779,7.2
2013-08-24,00:32:31,3.433333333333333,6.666650772094726,7.666666666666668
2013-08-24,00:37:31,3.066666666666667,5.533323287963867,7.6
2013-08-24,00:42:31,3.0,7.133305867513022,7.466666666666668
2013-08-24,00:47:31,3.4,9.199972152709961,7.6
2013-08-24,00:52:31,3.066666666666667,6.733318964640299,7.533333333333332
2013-08-24,00:57:31,4.066666666666666,12.133321762084961,7.333333333333332
2013-08-24,01:02:32,3.4,9.933312733968098,7.333333333333332
2013-08-24,01:07:32,3.0,7.533318201700847,7.2
2013-08-24,01:12:32,3.0,6.066656112670898,7.333333333333332
2013-08-24,01:17:32,3.466666666666667,7.53331184387207,7.533333333333332
2013-08-24,01:22:32,3.033333333333333,6.266651153564454,7.4
2013-08-24,01:27:32,3.033333333333333,5.266656875610352,7.4
2013-08-24,01:32:32,3.466666666666667,6.866655349731446,7.533333333333332
2013-08-24,01:37:32,3.3,5.733318328857422,7.333333333333332
2013-08-24,01:42:32,3.0,7.7333100636800145,6.666666666666668
2013-08-24,01:47:32,3.3666666666666667,7.53331184387207,6.933333333333334
2013-08-24,01:52:32,3.0,6.866645812988281,6.666666666666668
2013-08-24,01:57:32,3.0,5.93331019083659,6.7333333333333325
2013-08-24,02:02:32,3.433333333333333,7.333316802978515,6.6
2013-08-24,02:07:32,3.0,5.933313369750977,6.666666666666668
2013-08-24,02:12:32,2.966666666666667,6.066649754842123,6.6
2013-08-24,02:17:32,3.4,7.799978256225586,6.6
2013-08-24,02:22:32,3.0,7.666651407877606,6.533333333333332
2013-08-24,02:27:32,3.0,7.7333100636800145,6.466666666666668
2013-08-24,02:32:32,3.3,6.533308029174805,7.066666666666666
2013-08-24,02:37:32,2.966666666666667,4.799982706705729,6.666666666666668
2013-08-24,02:42:32,3.0,4.866657257080078,6.933333333333334
2013-08-24,02:47:32,3.4,7.399978637695312,6.7333333333333325
2013-08-24,02:52:32,3.0,5.066652297973633,6.6
2013-08-24,02:57:32,2.966666666666667,4.266656239827474,6.666666666666668
2013-08-24,03:02:32,3.3,6.199979782104492,6.7333333333333325
2013-08-24,03:07:32,2.933333333333333,4.599981307983398,6.6
2013-08-24,03:12:32,3.0,5.06663958231608,6.666666666666668
2013-08-24,03:17:32,3.433333333333333,7.066644032796225,6.866666666666666
2013-08-24,03:22:32,3.0,6.533317565917969,6.7333333333333325
2013-08-24,03:27:32,3.0,4.7333113352457685,6.466666666666668
2013-08-24,03:32:32,3.333333333333333,7.066650390625,6.666666666666668
2013-08-24,03:37:32,3.0,5.333318710327148,6.6
2013-08-24,03:42:33,3.0,5.466645558675131,6.466666666666668
2013-08-24,03:47:33,3.333333333333333,6.399981180826825,6.866666666666666
2013-08-24,03:52:33,3.0,6.99997901916504,6.6
2013-08-24,03:57:33,2.966666666666667,5.866661071777344,6.7333333333333325
2013-08-24,04:02:33,3.333333333333333,8.799982070922852,6.933333333333334
2013-08-24,04:07:33,3.0,6.466649373372396,6.4
2013-08-24,04:12:33,2.9,4.933315912882486,6.533333333333332
2013-08-24,04:17:33,3.3666666666666667,5.333318710327148,6.866666666666666
2013-08-24,04:22:33,3.0,6.6666412353515625,6.6
2013-08-24,04:27:33,3.0,5.2666473388671875,6.4
2013-08-24,04:32:33,3.3,6.999975840250651,6.866666666666666
2013-08-24,04:37:33,3.666666666666667,7.599973678588867,6.8
2013-08-24,04:42:33,2.9,7.7999750773112,6.7333333333333325
2013-08-24,04:47:33,3.333333333333333,7.266648610432941,6.866666666666666
2013-08-24,04:52:33,2.966666666666667,7.866646448771158,6.533333333333332
2013-08-24,04:57:33,3.0,7.599976857503256,6.4
2013-08-24,05:02:33,3.3,7.266651789347329,6.933333333333334
2013-08-24,05:07:33,2.966666666666667,5.933316548665365,6.6
2013-08-24,05:12:33,2.966666666666667,5.666656494140625,6.333333333333332
2013-08-24,05:17:33,3.3666666666666667,5.733318328857422,6.866666666666666
2013-08-24,05:22:33,3.0,5.266656875610352,6.8
2013-08-24,05:27:33,2.933333333333333,5.799980163574219,6.666666666666668
2013-08-24,05:32:33,3.266666666666667,5.199985504150391,6.866666666666666
2013-08-24,05:37:33,3.0,4.4666512807210275,6.8
2013-08-24,05:42:33,3.0,6.7333126068115225,6.4
2013-08-24,05:47:33,3.3,9.466641743977865,6.533333333333332
2013-08-24,05:52:33,3.0,5.733321507771809,6.533333333333332
2013-08-24,05:57:33,3.0,5.399983723958334,6.666666666666668
2013-08-24,06:02:33,3.3,7.399988174438477,6.866666666666666
2013-08-24,06:07:33,3.0,5.999975204467773,6.7333333333333325
2013-08-24,06:12:33,2.9,5.266653696695964,6.6
2013-08-24,06:17:33,3.3,5.266653696695964,6.8
2013-08-24,06:22:33,3.0,6.6666444142659484,6.6
2013-08-24,06:27:33,3.0,5.399980545043945,6.533333333333332
2013-08-24,06:32:34,3.4,6.799983978271484,6.666666666666668
2013-08-24,06:37:34,2.966666666666667,6.599988937377929,6.666666666666668
2013-08-24,06:42:34,3.0,4.7333113352457685,6.666666666666668
2013-08-24,06:47:34,3.266666666666667,8.133306503295898,6.8
2013-08-24,06:52:34,2.933333333333333,6.199979782104492,6.6
2013-08-24,06:57:34,2.966666666666667,5.733318328857422,6.6
2013-08-24,07:02:34,3.3,8.666652043660482,6.533333333333332
2013-08-24,07:07:34,3.0,6.199989318847656,6.466666666666668
2013-08-24,07:12:34,3.0,3.9999866485595703,6.4
2013-08-24,07:17:34,3.3666666666666667,8.333311080932617,6.866666666666666
2013-08-24,07:22:34,3.066666666666667,6.399984359741211,6.666666666666668
2013-08-24,07:27:34,3.0,6.199979782104492,6.666666666666668
2013-08-24,07:32:34,3.3,5.999994277954102,6.866666666666666
2013-08-24,07:37:34,3.0,6.799974441528319,6.6
2013-08-24,07:42:34,3.0,5.533304214477539,6.466666666666668
2013-08-24,07:47:34,3.3,6.999988555908203,6.666666666666668
2013-08-24,07:52:34,2.933333333333333,4.999980926513672,6.533333333333332
2013-08-24,07:57:34,3.0,4.799985885620117,6.7333333333333325
2013-08-24,08:02:34,3.3666666666666667,5.599985122680664,6.8
2013-08-24,08:07:34,3.0,5.599985122680664,6.7333333333333325
2013-08-24,08:12:34,3.033333333333333,5.933319727579754,6.6
2013-08-24,08:17:34,3.5,8.999977111816406,6.8
2013-08-24,08:22:34,2.966666666666667,5.199975967407227,6.466666666666668
2013-08-24,08:27:34,3.0,4.999971389770508,6.666666666666668
2013-08-24,08:32:34,3.3666666666666667,5.9999847412109375,6.866666666666666
2013-08-24,08:37:35,2.966666666666667,6.466649373372396,6.6
2013-08-24,08:42:35,2.933333333333333,5.199975967407227,6.866666666666666
2013-08-24,08:47:35,3.333333333333333,6.799983978271484,6.7333333333333325
2013-08-24,08:52:35,2.966666666666667,5.399990081787109,6.4
2013-08-24,08:57:35,3.0,6.799983978271484,6.533333333333332
2013-08-24,09:02:35,3.3,7.399978637695312,6.866666666666666
2013-08-24,09:07:35,3.0,6.999988555908203,7.0
2013-08-24,09:12:35,3.0,5.666650136311848,6.6
2013-08-24,09:17:35,3.3666666666666667,6.399984359741211,6.8
2013-08-24,09:22:35,3.0,4.733317693074545,6.6
2013-08-24,09:27:35,3.0,4.999990463256836,6.6
2013-08-24,09:32:35,3.3,5.599985122680664,6.7333333333333325
2013-08-24,09:37:35,2.966666666666667,5.799983342488606,6.6
2013-08-24,09:42:34,3.0,5.399980545043945,6.7333333333333325
2013-08-24,09:47:34,3.233333333333333,5.799980163574219,6.8
2013-08-24,09:52:34,3.0,5.199972788492838,6.933333333333334
2013-08-24,09:57:34,3.0,6.199989318847656,6.866666666666666
2013-08-24,10:02:35,3.3,7.999982833862304,6.933333333333334
2013-08-24,10:07:35,3.0,4.199991226196289,6.533333333333332
2013-08-24,10:12:35,2.966666666666667,4.599981307983398,6.533333333333332
2013-08-24,10:17:35,3.3666666666666667,5.46666145324707,6.7333333333333325
2013-08-24,10:22:35,3.0,4.933309555053711,6.666666666666668
2013-08-24,10:27:35,3.0,6.266651153564454,6.8
2013-08-24,10:32:35,3.4,8.333317438761394,7.0
2013-08-24,10:37:35,2.966666666666667,6.99997901916504,6.6
2013-08-24,10:42:35,3.033333333333333,6.799974441528319,6.466666666666668
2013-08-24,10:47:35,3.3,8.866656621297201,6.8
2013-08-24,10:52:35,3.0,5.066649119059244,6.466666666666668
2013-08-24,10:57:35,2.966666666666667,6.133314768473307,6.7333333333333325
2013-08-24,11:02:35,3.3,7.533324559529624,6.933333333333334
2013-08-24,11:07:35,3.0,5.866648356119793,6.866666666666666
2013-08-24,11:12:35,3.0,5.066652297973633,6.533333333333332
2013-08-24,11:17:35,3.3666666666666667,5.86665153503418,6.8
2013-08-24,11:22:35,3.0,7.7999750773112,6.666666666666668
2013-08-24,11:27:35,2.966666666666667,7.4666404724121085,6.8
2013-08-24,11:32:35,3.333333333333333,9.133323033650715,6.866666666666666
2013-08-24,11:37:35,3.0,7.066647211710614,6.466666666666668
2013-08-24,11:42:35,3.0,5.133307774861653,6.4
2013-08-24,11:47:35,3.266666666666667,6.133308410644531,6.866666666666666
2013-08-24,11:52:35,2.966666666666667,4.666655858357748,6.8
2013-08-24,11:57:35,3.0,6.9333140055338545,6.7333333333333325
2013-08-24,12:02:35,3.3666666666666667,7.533305486043294,6.866666666666666
2013-08-24,12:07:35,3.0,5.466651916503906,6.6
2013-08-24,12:12:35,3.0,3.066641489664713,6.533333333333332
2013-08-24,12:17:35,3.4,5.199979146321613,6.866666666666666
2013-08-24,12:22:35,3.1,7.066650390625,6.6
2013-08-24,12:27:35,3.0,6.0666433970133475,6.6
2013-08-24,12:32:35,3.233333333333333,6.066640218098959,6.933333333333334
2013-08-24,12:37:35,2.933333333333333,4.799989064534505,6.666666666666668
2013-08-24,12:42:35,3.0,4.266640345255533,6.666666666666668
2013-08-24,12:47:35,3.3,5.733311971028645,6.933333333333334
2013-08-24,12:52:35,3.0,5.466651916503906,6.8
2013-08-24,12:57:35,2.966666666666667,7.066647211710614,6.4
2013-08-24,13:02:35,3.3,6.066649754842123,6.7333333333333325
2013-08-24,13:07:35,3.0,5.06665547688802,6.4
2013-08-24,13:12:36,2.966666666666667,5.333315531412761,6.466666666666668
2013-08-24,13:17:36,3.3,8.199968338012695,6.866666666666666
2013-08-24,13:22:36,3.0,7.666648228963218,6.7333333333333325
2013-08-24,13:27:36,2.9,4.1999880472819004,6.666666666666668
2013-08-24,13:32:36,3.3666666666666667,7.066640853881837,6.8
2013-08-24,13:37:36,2.933333333333333,5.199975967407227,6.533333333333332
2013-08-24,13:42:36,3.0,4.73332405090332,6.466666666666668
2013-08-24,13:47:36,3.3,4.933322270711263,6.8
2013-08-24,13:52:36,3.0,4.933328628540039,6.6
2013-08-24,13:57:36,3.0,6.799983978271484,6.7333333333333325
2013-08-24,14:02:36,3.466666666666667,9.199978510538736,6.866666666666666
2013-08-24,14:07:36,3.8,14.333314895629885,6.7333333333333325
2013-08-24,14:12:36,2.966666666666667,7.066653569539389,6.533333333333332
2013-08-24,14:17:36,3.3,8.533315658569336,6.666666666666668
2013-08-24,14:22:36,3.0,5.933322906494141,6.666666666666668
2013-08-24,14:27:36,3.0,5.199982325236003,6.466666666666668
2013-08-24,14:32:36,3.3,8.733323415120443,6.8
2013-08-24,14:37:36,2.966666666666667,5.733318328857422,6.7333333333333325
2013-08-24,14:42:36,2.933333333333333,4.533316294352214,6.533333333333332
2013-08-24,14:47:36,3.3666666666666667,6.799980799357096,6.666666666666668
2013-08-24,14:52:36,3.0,6.333309809366862,6.6
2013-08-24,14:57:36,2.966666666666667,6.733309427897134,6.6
2013-08-24,15:02:36,3.333333333333333,5.733321507771809,7.066666666666666
2013-08-24,15:07:36,3.033333333333333,5.066652297973633,6.866666666666666
2013-08-24,15:12:36,3.0,5.13331413269043,6.666666666666668
2013-08-24,15:17:36,3.3666666666666667,6.266647974650065,6.933333333333334
2013-08-24,15:22:36,3.0,5.266653696695964,6.8
2013-08-24,15:27:36,2.933333333333333,4.1333071390787754,6.6
2013-08-24,15:32:36,3.333333333333333,6.266644795735678,6.7333333333333325
2013-08-24,15:37:36,2.933333333333333,6.199992497762043,6.6
2013-08-24,15:42:36,2.966666666666667,6.9333140055338545,6.666666666666668
2013-08-24,15:47:36,3.3,7.533318201700847,6.8
2013-08-24,15:52:37,2.966666666666667,4.799985885620117,6.533333333333332
2013-08-24,15:57:37,3.0,6.199982961018879,6.7333333333333325
2013-08-24,16:02:37,3.3,6.53331438700358,6.933333333333334
2013-08-24,16:07:37,2.9,6.599988937377929,6.533333333333332
2013-08-24,16:12:37,3.0,5.199985504150391,6.4
2013-08-24,16:17:37,3.333333333333333,6.9333140055338545,6.6
2013-08-24,16:22:37,3.0,5.533313751220703,6.466666666666668
2013-08-24,16:27:37,3.0,5.933319727579754,6.7333333333333325
2013-08-24,16:32:37,3.333333333333333,8.599974314371744,6.933333333333334
2013-08-24,16:37:37,3.0,6.666647593180337,6.7333333333333325
2013-08-24,16:42:37,3.0,5.733321507771809,6.533333333333332
2013-08-24,16:47:37,3.3666666666666667,6.133317947387695,6.533333333333332
2013-08-24,16:52:37,3.0,5.199982325236003,6.4
2013-08-24,16:57:37,2.966666666666667,3.533318837483724,6.6
2013-08-24,17:02:37,3.3,5.733315149943033,7.133333333333334
2013-08-24,17:07:37,3.0,5.533313751220703,6.8
2013-08-24,17:12:37,3.033333333333333,6.59998575846354,6.933333333333334
2013-08-24,17:17:37,3.4,6.3999875386555996,6.933333333333334
2013-08-24,17:22:37,2.966666666666667,7.199974060058594,6.7333333333333325
2013-08-24,17:27:37,3.0,5.866641998291016,6.7333333333333325
2013-08-24,17:32:37,3.333333333333333,7.666651407877606,6.8
2013-08-24,17:37:37,3.0,6.3333161671956395,6.6
2013-08-24,17:42:37,3.0,4.999980926513672,6.466666666666668
2013-08-24,17:47:37,3.333333333333333,6.0666433970133475,6.866666666666666
2013-08-24,17:52:37,3.0,5.266650517781576,7.0
2013-08-24,17:57:37,3.0,5.266653696695964,6.8
2013-08-24,18:02:37,3.3,6.53331438700358,6.933333333333334
2013-08-24,18:07:37,2.966666666666667,6.266647974650065,6.6
2013-08-24,18:12:37,2.933333333333333,6.133308410644531,6.466666666666668
2013-08-24,18:17:37,3.433333333333333,9.199981689453125,6.7333333333333325
2013-08-24,18:22:37,3.0,5.399983723958334,6.6
2013-08-24,18:27:37,3.0,5.533320109049479,6.933333333333334
2013-08-24,18:32:37,3.3,4.799985885620117,6.866666666666666
2013-08-24,18:37:38,3.0,3.799991607666016,6.6
2013-08-24,18:42:37,3.0,4.933328628540039,6.7333333333333325
2013-08-24,18:47:37,3.433333333333333,6.933320363362632,6.7333333333333325
2013-08-24,18:52:37,3.0,4.73332405090332,6.7333333333333325
2013-08-24,18:57:37,2.933333333333333,4.066645304361979,6.7333333333333325
2013-08-24,19:02:37,3.3,8.133306503295898,7.0
2013-08-24,19:07:37,3.0,7.199983596801758,6.666666666666668
2013-08-24,19:12:37,3.0,4.99998410542806,6.933333333333334
2013-08-24,19:17:37,3.333333333333333,6.933320363362632,6.866666666666666
2013-08-24,19:22:37,3.0,5.333318710327148,6.7333333333333325
2013-08-24,19:27:37,3.0,5.733315149943033,6.6
2013-08-24,19:32:37,3.3,7.466643651326497,6.666666666666668
2013-08-24,19:37:37,3.0,5.999972025553387,6.466666666666668
2013-08-24,19:42:37,3.0,3.9999834696451817,7.066666666666666
2013-08-24,19:47:37,3.266666666666667,7.933317820231118,7.2
2013-08-24,19:52:37,3.066666666666667,8.19997787475586,7.0
2013-08-24,19:57:37,3.0,6.199982961018879,6.666666666666668
2013-08-24,20:02:37,3.4,8.066651026407877,6.866666666666666
2013-08-24,20:07:37,2.933333333333333,4.666652679443359,6.533333333333332
2013-08-24,20:12:37,3.0,5.666653315226236,6.8
2013-08-24,20:17:37,3.533333333333333,4.999971389770508,7.0
2013-08-24,20:22:37,3.1,3.6666520436604815,7.066666666666666
2013-08-24,20:27:37,3.0,6.133308410644531,7.2
2013-08-24,20:32:38,3.233333333333333,8.799982070922852,7.133333333333334
2013-08-24,20:37:38,2.933333333333333,7.399978637695312,6.933333333333334
2013-08-24,20:42:38,3.0,8.799972534179688,6.666666666666668
2013-08-24,20:47:38,3.333333333333333,7.199993133544921,6.933333333333334
2013-08-24,20:52:38,2.933333333333333,5.799980163574219,6.533333333333332
2013-08-24,20:57:38,2.966666666666667,3.9999930063883458,6.6
2013-08-24,21:02:38,3.3666666666666667,5.733321507771809,6.8
2013-08-24,21:07:38,3.0,5.466645558675131,6.866666666666666
2013-08-24,21:12:38,3.0,6.399984359741211,6.866666666666666
2013-08-24,21:17:38,3.266666666666667,7.199974060058594,7.133333333333334
2013-08-24,21:22:38,2.9,4.999990463256836,6.666666666666668
2013-08-24,21:27:38,3.0,4.999980926513672,6.6
2013-08-24,21:32:38,3.433333333333333,9.133310317993164,6.7333333333333325
2013-08-24,21:37:38,3.0,5.799980163574219,6.666666666666668
2013-08-24,21:42:38,3.0,7.1333154042561855,6.8
2013-08-24,21:47:38,3.433333333333333,7.399978637695312,7.2
2013-08-24,21:52:38,3.066666666666667,3.93331527709961,6.866666666666666
2013-08-24,21:57:38,3.0,4.733317693074545,6.666666666666668
2013-08-24,22:02:38,3.3,7.399978637695312,6.866666666666666
2013-08-24,22:07:38,2.966666666666667,6.999988555908203,6.466666666666668
2013-08-24,22:12:38,2.966666666666667,4.26664670308431,6.7333333333333325
2013-08-24,22:17:38,3.4,7.133312225341797,7.066666666666666
2013-08-24,22:22:38,3.1,8.399982452392578,6.666666666666668
2013-08-24,22:27:38,3.066666666666667,7.599983215332032,7.133333333333334
2013-08-24,22:32:38,3.333333333333333,5.399980545043945,7.133333333333334
2013-08-24,22:37:38,3.033333333333333,6.199979782104492,6.666666666666668
2013-08-24,22:42:38,3.0,4.666652679443359,6.466666666666668
2013-08-24,22:47:38,3.3,7.599983215332032,6.533333333333332
2013-08-24,22:52:38,2.933333333333333,3.399982452392578,6.533333333333332
2013-08-24,22:57:39,2.966666666666667,4.5999908447265625,6.666666666666668
2013-08-24,23:02:39,3.3,6.399981180826825,7.066666666666666
2013-08-24,23:07:39,3.0,6.466649373372396,6.866666666666666
2013-08-24,23:12:39,3.0,7.599973678588867,6.933333333333334
2013-08-24,23:17:39,3.3666666666666667,8.19997787475586,7.0
2013-08-24,23:22:39,3.0,6.199979782104492,6.666666666666668
2013-08-24,23:27:39,3.0,5.599985122680664,6.7333333333333325
2013-08-24,23:32:39,3.4,7.399978637695312,6.866666666666666
2013-08-24,23:37:39,3.0,5.799980163574219,6.866666666666666
2013-08-24,23:42:39,2.966666666666667,6.599979400634766,6.6
2013-08-24,23:47:39,3.3,6.799974441528319,7.133333333333334
2013-08-24,23:52:39,3.0,7.399978637695312,6.866666666666666
2013-08-24,23:57:39,3.066666666666667,4.999980926513672,6.933333333333334
2013-08-25,00:02:39,3.4,8.333301544189453,6.866666666666666
2013-08-25,00:07:39,3.0,5.999975204467773,6.533333333333332
2013-08-25,00:12:39,3.0,6.199970245361328,6.6
2013-08-25,00:17:39,3.4,7.199980417887369,6.866666666666666
2013-08-25,00:22:39,3.0,7.199993133544921,6.866666666666666
2013-08-25,00:27:39,3.0,4.999980926513672,6.666666666666668
2013-08-25,00:32:39,3.333333333333333,7.199983596801758,6.8
2013-08-25,00:37:39,3.0,4.8666540781656895,6.8
2013-08-25,00:42:39,3.033333333333333,3.533315658569336,6.466666666666668
2013-08-25,00:47:39,3.4,5.333309173583984,6.7333333333333325
2013-08-25,00:52:39,3.066666666666667,8.399969736735025,6.533333333333332
2013-08-25,00:57:39,3.033333333333333,6.599979400634766,6.466666666666668
2013-08-25,01:02:39,3.4,8.133309682210287,7.2666666666666675
2013-08-25,01:07:39,3.033333333333333,4.666652679443359,6.8
2013-08-25,01:12:39,3.0,4.266653060913086,6.666666666666668
2013-08-25,01:17:39,3.3,7.399991353352865,6.666666666666668
2013-08-25,01:22:39,2.966666666666667,6.199979782104492,6.466666666666668
2013-08-25,01:27:39,3.033333333333333,6.066649754842123,6.533333333333332
2013-08-25,01:32:39,3.4,7.199983596801758,6.933333333333334
2013-08-25,01:37:39,3.0,4.799985885620117,7.466666666666668
2013-08-25,01:42:39,3.033333333333333,6.199979782104492,6.933333333333334
2013-08-25,01:47:39,3.3,7.3333104451497375,7.0
2013-08-25,01:52:39,3.0,5.93331019083659,6.933333333333334
2013-08-25,01:57:40,3.0,6.066656112670898,6.666666666666668
2013-08-25,02:02:40,3.3,7.199983596801758,6.933333333333334
2013-08-25,02:07:40,2.933333333333333,6.599988937377929,6.8
2013-08-25,02:12:40,3.0,5.06665547688802,6.6
2013-08-25,02:17:40,3.433333333333333,8.19997787475586,6.6
2013-08-25,02:22:40,3.0,6.399984359741211,6.666666666666668
2013-08-25,02:27:40,3.0,4.999980926513672,6.8
2013-08-25,02:32:40,3.3666666666666667,8.19997787475586,6.933333333333334
2013-08-25,02:37:40,3.0,6.928556306021553,6.571428571428571
2013-08-25,02:42:40,3.0,5.285699026925223,6.7857142857142865
2013-08-25,02:47:40,3.4,6.399981180826825,6.7333333333333325
2013-08-25,03:07:40,3.033333333333333,5.066661834716797,6.866666666666666
2013-08-25,03:12:40,4.214285714285714,10.57140827178955,6.571428571428571
2013-08-25,03:17:40,3.4642857142857144,13.499968392508372,6.928571428571429
2013-08-25,03:22:40,3.033333333333333,11.399974822998047,6.666666666666668
2013-08-25,03:27:40,3.0,7.35713073185512,6.571428571428571
2013-08-25,03:32:40,3.321428571428572,7.1428503308977405,6.7142857142857135
2013-08-25,03:37:40,2.9642857142857144,5.285699026925223,7.071428571428571
2013-08-25,03:42:40,2.966666666666667,4.799985885620117,6.7333333333333325
2013-08-25,03:47:40,3.2857142857142856,7.4999877384730755,7.071428571428571
2013-08-25,03:52:41,3.0,6.199979782104492,6.466666666666668
2013-08-25,03:57:41,3.0,4.399986267089844,6.6
2013-08-25,04:02:41,3.333333333333333,6.799983978271484,6.8
2013-08-25,04:07:41,2.966666666666667,4.999980926513672,6.533333333333332
2013-08-25,04:12:41,3.066666666666667,8.53330930074056,6.6
2013-08-25,04:17:41,3.4,8.599977493286133,6.666666666666668
2013-08-25,04:22:41,3.0,5.399990081787109,6.666666666666668
2013-08-25,04:27:41,3.0,4.799985885620117,6.7333333333333325
2013-08-25,04:32:41,3.2,6.599979400634766,7.0
2013-08-25,04:37:41,3.466666666666667,5.399971008300781,6.666666666666668
2013-08-25,04:42:41,3.233333333333333,9.599990844726562,6.666666666666668
2013-08-25,04:47:41,3.3666666666666667,6.799974441528319,6.7333333333333325
2013-08-25,04:52:41,3.0,5.466651916503906,6.6
2013-08-25,04:57:41,3.0,5.799980163574219,6.6
2013-08-25,05:02:41,3.4,10.199982325236002,7.0
2013-08-25,05:07:41,3.033333333333333,5.599985122680664,6.866666666666666
2013-08-25,05:12:41,2.9,4.399986267089844,6.866666666666666
2013-08-25,05:17:41,3.3,7.66664187113444,6.8
2013-08-25,05:22:41,3.033333333333333,4.799985885620117,6.8
2013-08-25,05:27:41,3.033333333333333,6.199979782104492,6.666666666666668
2013-08-25,05:32:41,3.3,10.199982325236002,6.7333333333333325
2013-08-25,05:37:41,3.0,6.199989318847656,6.8
2013-08-25,05:42:41,3.0,4.599981307983398,7.066666666666666
2013-08-25,05:47:41,3.3,6.866642634073893,7.0
2013-08-25,05:52:41,3.033333333333333,9.999980926513672,6.666666666666668
2013-08-25,05:57:41,3.0,6.399974822998048,6.533333333333332
2013-08-25,06:02:41,3.3,5.799980163574219,6.666666666666668
2013-08-25,06:07:41,2.966666666666667,6.399984359741211,6.466666666666668
2013-08-25,06:12:42,3.0,5.399990081787109,7.0
2013-08-25,06:17:42,3.3666666666666667,5.5999755859375,7.4
2013-08-25,06:22:42,3.0,4.133313496907553,7.0
2013-08-25,06:27:42,3.0,3.9999866485595703,7.066666666666666
2013-08-25,06:32:42,3.3,5.199982325236003,7.066666666666666
2013-08-25,06:37:42,3.033333333333333,4.466641743977864,6.666666666666668
2013-08-25,06:42:42,3.066666666666667,7.199974060058594,6.6
2013-08-25,06:47:42,3.266666666666667,9.066648483276367,6.7333333333333325
2013-08-25,06:52:42,2.966666666666667,4.999980926513672,6.333333333333332
2013-08-25,06:57:42,3.0,4.53332265218099,6.533333333333332
2013-08-25,07:02:42,3.3666666666666667,7.066640853881837,6.7333333333333325
2013-08-25,07:07:42,2.966666666666667,6.133308410644531,6.666666666666668
2013-08-25,07:12:42,3.0,5.399990081787109,6.8
2013-08-25,07:17:42,3.3666666666666667,7.133312225341797,6.933333333333334
2013-08-25,07:22:42,3.0,4.799992243448893,6.866666666666666
2013-08-25,07:27:42,3.0,4.399986267089844,6.533333333333332
2013-08-25,07:32:42,3.333333333333333,10.333302815755209,6.8
2013-08-25,07:37:42,3.0,6.199979782104492,6.6
2013-08-25,07:42:42,3.066666666666667,4.066661198933919,6.8
2013-08-25,07:47:42,3.4,5.733311971028645,7.2
2013-08-25,07:52:42,3.033333333333333,5.733315149943033,6.666666666666668
2013-08-25,07:57:42,3.0,3.9999802907307953,6.7333333333333325
2013-08-25,08:02:42,3.333333333333333,6.466643015543622,6.533333333333332
2013-08-25,08:07:42,3.0,4.53332265218099,6.6
2013-08-25,08:12:42,3.0,4.266659418741861,6.466666666666668
2013-08-25,08:17:42,3.533333333333333,6.599988937377929,6.933333333333334
2013-08-25,08:22:42,3.0,6.133317947387695,6.933333333333334
2013-08-25,08:27:42,3.0,4.199981689453125,6.7333333333333325
2013-08-25,08:32:42,3.3,6.666647593180337,7.066666666666666
2013-08-25,08:37:42,3.0,4.933312733968099,6.6
2013-08-25,08:42:42,3.0,4.533319473266602,6.466666666666668
2013-08-25,08:47:42,3.3,7.599989573160809,6.8
2013-08-25,08:52:42,3.0,6.599976221720377,6.6
2013-08-25,08:57:42,3.0,4.733317693074545,6.466666666666668
2013-08-25,09:02:42,3.4,8.333311080932617,6.933333333333334
2013-08-25,09:07:42,2.966666666666667,4.799979527791342,7.066666666666666
2013-08-25,09:12:42,2.966666666666667,7.133318583170572,7.0
2013-08-25,09:17:43,3.266666666666667,8.066644668579102,6.866666666666666
2013-08-25,09:22:43,3.0,5.5999755859375,6.7333333333333325
2013-08-25,09:27:43,2.966666666666667,5.533304214477539,6.533333333333332
2013-08-25,09:32:43,3.266666666666667,7.199986775716144,6.666666666666668
2013-08-25,09:37:43,3.0,6.733318964640299,6.4
2013-08-25,09:42:43,2.9,3.9333120981852217,6.533333333333332
2013-08-25,09:47:43,3.3666666666666667,6.999982198079429,6.866666666666666
2013-08-25,09:52:43,3.0,4.399983088175455,6.666666666666668
2013-08-25,09:57:43,2.966666666666667,4.133319854736328,6.666666666666668
2013-08-25,10:02:43,3.3,9.199978510538736,6.8
2013-08-25,10:07:43,3.0,5.599985122680664,6.466666666666668
2013-08-25,10:12:43,3.0,5.86665153503418,6.4
2013-08-25,10:17:43,3.333333333333333,7.5999800364176435,7.2
2013-08-25,10:22:43,2.9,7.066650390625,7.0
2013-08-25,10:27:43,3.0,5.5333105723063145,7.066666666666666
2013-08-25,10:32:43,3.4,7.199974060058594,7.0
2013-08-25,10:37:43,3.0,5.13331413269043,6.8
2013-08-25,10:42:43,3.0,4.133319854736328,6.666666666666668
2013-08-25,10:47:43,3.233333333333333,6.733309427897134,6.6
2013-08-25,10:52:43,3.1,8.53330930074056,6.8
2013-08-25,10:57:43,3.0,5.2666473388671875,6.866666666666666
2013-08-25,11:02:43,3.333333333333333,6.666647593180337,6.8
2013-08-25,11:07:43,3.0,6.733325322469076,6.4
2013-08-25,11:12:43,2.9,5.933322906494141,6.933333333333334
2013-08-25,11:17:43,3.3,6.599976221720377,7.066666666666666
2013-08-25,11:22:43,3.033333333333333,5.999978383382162,6.866666666666666
2013-08-25,11:27:43,3.0,5.199988683064779,6.666666666666668
2013-08-25,11:32:44,3.333333333333333,6.533320744832355,6.6
2013-08-25,11:37:44,2.966666666666667,4.399983088175455,6.4
2013-08-25,11:42:44,3.066666666666667,7.666651407877606,6.666666666666668
2013-08-25,11:47:44,3.333333333333333,7.7333100636800145,7.133333333333334
2013-08-25,11:52:44,2.8666666666666667,6.933307647705078,6.666666666666668
2013-08-25,11:57:44,2.933333333333333,4.1333166758219395,6.4
2013-08-25,12:02:44,3.3666666666666667,6.133317947387695,6.7333333333333325
2013-08-25,12:07:44,3.0,4.866647720336914,6.533333333333332
2013-08-25,12:12:44,3.0,5.199985504150391,6.666666666666668
2013-08-25,12:17:44,3.3666666666666667,9.599974950154623,7.0
2013-08-25,12:22:44,2.933333333333333,5.333318710327148,6.933333333333334
2013-08-25,12:27:44,2.966666666666667,4.933319091796875,7.0
2013-08-25,12:32:44,3.4,8.599977493286133,7.4
2013-08-25,12:37:44,3.0,6.399974822998048,6.666666666666668
2013-08-25,12:42:44,3.0,5.066649119059244,6.533333333333332
2013-08-25,12:47:44,3.333333333333333,6.266651153564454,6.7333333333333325
2013-08-25,12:52:44,2.966666666666667,5.399983723958334,6.333333333333332
2013-08-25,12:57:43,3.033333333333333,4.999990463256836,6.4
2013-08-25,13:02:43,3.3666666666666667,6.333309809366862,6.933333333333334
2013-08-25,13:07:43,3.0,4.866647720336914,6.8
2013-08-25,13:12:43,3.0,4.133319854736328,6.7333333333333325
2013-08-25,13:17:43,3.3666666666666667,6.266644795735678,6.866666666666666
2013-08-25,13:22:43,3.1,8.266639709472656,6.666666666666668
2013-08-25,13:27:43,3.0,5.933322906494141,6.7333333333333325
2013-08-25,13:32:43,3.3,9.666643142700195,6.933333333333334
2013-08-25,13:37:43,3.0,4.666652679443359,7.133333333333334
2013-08-25,13:42:43,3.0,4.4666512807210275,7.2
2013-08-25,13:47:43,3.3666666666666667,7.933311462402344,7.133333333333334
2013-08-25,13:52:43,2.933333333333333,5.999981562296551,6.8
2013-08-25,13:57:43,3.0,5.266653696695964,6.7333333333333325
2013-08-25,14:02:43,3.333333333333333,6.866639455159505,6.866666666666666
2013-08-25,14:07:43,3.0,5.2666473388671875,6.533333333333332
2013-08-25,14:12:43,3.033333333333333,7.866652806599933,6.933333333333334
2013-08-25,14:17:43,3.4,5.999981562296551,7.066666666666666
2013-08-25,14:22:43,3.0,4.999990463256836,6.8
2013-08-25,14:27:43,3.033333333333333,4.333314895629883,6.666666666666668
2013-08-25,14:32:43,3.3666666666666667,6.533317565917969,7.0
2013-08-25,14:37:44,3.033333333333333,5.666637420654297,6.8
2013-08-25,14:42:44,2.933333333333333,4.866647720336914,6.6
2013-08-25,14:47:44,3.3,7.1333154042561855,6.7333333333333325
2013-08-25,14:52:44,2.9,6.266644795735678,6.6
2013-08-25,14:57:44,3.066666666666667,4.533316294352214,6.7333333333333325
2013-08-25,15:02:44,3.433333333333333,8.19997469584147,6.7333333333333325
2013-08-25,15:07:44,2.933333333333333,4.666649500528972,6.8
2013-08-25,15:12:44,3.0,5.799986521402996,6.8
2013-08-25,15:17:44,3.433333333333333,7.533315022786459,6.7333333333333325
2013-08-25,15:22:44,2.966666666666667,6.866645812988281,6.533333333333332
2013-08-25,15:27:44,3.0,3.799988428751628,6.533333333333332
2013-08-25,15:32:44,3.233333333333333,5.466658274332682,6.533333333333332
2013-08-25,15:37:44,2.933333333333333,4.999980926513672,6.333333333333332
2013-08-25,15:42:44,3.0,4.733317693074545,6.666666666666668
2013-08-25,15:47:44,3.3666666666666667,6.533323923746743,7.2
2013-08-25,15:52:44,3.066666666666667,10.39997418721517,6.533333333333332
2013-08-25,15:57:44,2.933333333333333,5.399986902872721,6.533333333333332
2013-08-25,16:02:44,3.333333333333333,5.7999738057454415,6.8
2013-08-25,16:07:44,2.966666666666667,5.599972407023111,6.6
2013-08-25,16:12:44,3.0,6.133314768473307,6.8
2013-08-25,16:17:44,3.333333333333333,5.733315149943033,7.2666666666666675
2013-08-25,16:22:44,2.966666666666667,5.333318710327148,7.2
2013-08-25,16:27:44,2.933333333333333,4.333314895629883,6.8
2013-08-25,16:32:44,3.333333333333333,6.866642634073893,6.666666666666668
2013-08-25,16:37:44,3.033333333333333,5.13331413269043,6.666666666666668
2013-08-25,16:42:44,3.066666666666667,8.066644668579102,6.466666666666668
2013-08-25,16:47:44,3.333333333333333,9.199984868367512,6.6
2013-08-25,16:52:44,3.0,6.333322525024414,6.333333333333332
2013-08-25,16:57:44,2.966666666666667,6.13331158955892,6.333333333333332
2013-08-25,17:02:44,3.333333333333333,11.599985758463543,6.866666666666666
2013-08-25,17:07:44,2.933333333333333,6.533323923746743,6.533333333333332
2013-08-25,17:12:44,2.9,6.533317565917969,6.6
2013-08-25,17:17:44,3.333333333333333,6.199979782104492,6.7333333333333325
2013-08-25,17:22:44,3.0,3.9999866485595703,6.6
2013-08-25,17:27:44,3.0,5.133320490519206,6.666666666666668
2013-08-25,17:32:44,3.4,9.39997673034668,7.0
2013-08-25,17:37:44,3.0,5.599985122680664,6.7333333333333325
2013-08-25,17:42:44,3.0,5.599985122680664,6.933333333333334
2013-08-25,17:47:44,3.3666666666666667,6.199989318847656,6.933333333333334
2013-08-25,17:52:44,3.0,5.199975967407227,6.7333333333333325
2013-08-25,17:57:45,3.0,4.999990463256836,6.6
2013-08-25,18:02:45,3.266666666666667,6.999988555908203,6.7333333333333325
2013-08-25,18:07:45,3.0,5.399980545043945,6.666666666666668
2013-08-25,18:12:45,3.0,5.733321507771809,6.666666666666668
2013-08-25,18:17:45,3.333333333333333,7.46663729349772,7.2
2013-08-25,18:22:45,4.033333333333333,9.133310317993164,7.0
2013-08-25,18:27:45,3.0,9.133313496907553,6.7333333333333325
2013-08-25,18:32:45,3.3666666666666667,8.866650263468424,6.8
2013-08-25,18:37:45,3.0,5.9999847412109375,6.533333333333332
2013-08-25,18:42:45,2.933333333333333,9.999990463256836,6.533333333333332
2013-08-25,18:47:45,3.333333333333333,8.599977493286133,6.866666666666666
2013-08-25,18:52:45,3.0,5.199985504150391,6.466666666666668
2013-08-25,18:57:45,3.0,5.133326848347982,6.7333333333333325
2013-08-25,19:02:45,3.3666666666666667,5.199985504150391,7.0
2013-08-25,19:07:45,3.0,5.466645558675131,6.933333333333334
2013-08-25,19:12:45,3.066666666666667,6.599988937377929,6.8
2013-08-25,19:17:45,3.466666666666667,8.19997787475586,6.7333333333333325
2013-08-25,19:22:45,3.0,6.199979782104492,6.466666666666668
2013-08-25,19:27:45,3.0,3.799982070922851,6.666666666666668
2013-08-25,19:32:45,3.333333333333333,6.999991734822592,6.8
2013-08-25,19:37:45,2.9,5.266656875610352,6.7333333333333325
2013-08-25,19:42:45,3.0,5.9999847412109375,6.866666666666666
2013-08-25,19:47:45,3.4,6.199982961018879,6.933333333333334
2013-08-25,19:52:45,3.0,6.333312988281251,6.6
2013-08-25,19:57:45,3.0,4.799985885620117,6.4
2013-08-25,20:02:45,3.3666666666666667,11.666644414265953,6.666666666666668
2013-08-25,20:07:45,3.0,7.199974060058594,6.533333333333332
2013-08-25,20:12:45,3.033333333333333,5.9999847412109375,6.6
2013-08-25,20:17:45,3.3666666666666667,6.599988937377929,6.666666666666668
2013-08-25,20:22:45,3.0,4.599981307983398,6.933333333333334
2013-08-25,20:27:45,2.966666666666667,4.066651662190756,6.666666666666668
2013-08-25,20:32:45,3.333333333333333,6.399993896484375,6.7333333333333325
2013-08-25,20:37:46,3.0,4.199981689453125,6.8
2013-08-25,20:42:46,2.966666666666667,4.5999908447265625,6.6
2013-08-25,20:47:46,3.333333333333333,5.999975204467773,7.0
2013-08-25,20:52:46,3.066666666666667,6.599969863891602,6.6
2013-08-25,20:57:46,3.0,5.399980545043945,6.7333333333333325
2013-08-25,21:02:46,3.3666666666666667,6.933317184448243,6.933333333333334
2013-08-25,21:07:46,2.966666666666667,5.666643778483072,6.666666666666668
2013-08-25,21:12:46,2.9,5.399990081787109,6.6
2013-08-25,21:17:46,3.3666666666666667,6.999988555908203,6.933333333333334
2013-08-25,21:22:46,3.0,5.199985504150391,6.466666666666668
2013-08-25,21:27:46,3.0,5.199985504150391,6.666666666666668
2013-08-25,21:32:46,3.3,8.333317438761394,6.7333333333333325
2013-08-25,21:37:46,3.033333333333333,5.666650136311848,6.533333333333332
2013-08-25,21:42:46,3.066666666666667,6.599988937377929,6.533333333333332
2013-08-25,21:47:46,3.4,8.399982452392578,7.0
2013-08-25,21:52:46,2.966666666666667,5.399980545043945,6.8
2013-08-25,21:57:46,2.933333333333333,3.0666446685791016,6.6
2013-08-25,22:02:46,3.233333333333333,7.266654968261718,6.666666666666668
2013-08-25,22:07:46,3.0,6.066646575927734,6.466666666666668
2013-08-25,22:12:46,2.933333333333333,4.933319091796875,6.666666666666668
2013-08-25,22:17:46,3.3666666666666667,7.199974060058594,7.0
2013-08-25,22:22:46,3.0,6.199979782104492,6.666666666666668
2013-08-25,22:27:46,3.0,6.266660690307617,6.7333333333333325
2013-08-25,22:32:46,3.3666666666666667,9.266643524169922,6.933333333333334
2013-08-25,22:37:46,3.0,6.333309809366862,6.7333333333333325
2013-08-25,22:42:46,2.933333333333333,4.666646321614584,6.6
2013-08-25,22:47:46,3.3,6.199982961018879,6.6
2013-08-25,22:52:46,3.0,5.799989700317383,6.6
2013-08-25,22:57:46,3.0,4.39997673034668,6.866666666666666
2013-08-25,23:02:46,3.333333333333333,5.86665153503418,7.0
2013-08-25,23:07:46,3.0,4.866660435994466,6.866666666666666
2013-08-25,23:12:46,3.0,6.3333161671956395,6.6
2013-08-25,23:17:46,3.433333333333333,8.73331387837728,7.0
2013-08-25,23:22:46,3.033333333333333,7.599976857503256,6.666666666666668
2013-08-25,23:27:46,3.0,5.399980545043945,6.866666666666666
2013-08-25,23:32:46,3.3666666666666667,7.666648228963218,7.2
2013-08-25,23:37:46,3.0,6.199979782104492,6.933333333333334
2013-08-25,23:42:46,3.0,3.9999771118164067,6.8
2013-08-25,23:47:46,3.3666666666666667,5.799992879231771,6.933333333333334
2013-08-25,23:52:46,3.066666666666667,5.333315531412761,6.7333333333333325
2013-08-25,23:57:46,3.0,4.799979527791342,6.466666666666668
2013-08-26,00:02:46,3.3,7.866643269856771,6.6
2013-08-26,00:07:46,3.0,5.466648737589518,6.6
2013-08-26,00:12:47,3.066666666666667,7.666645050048829,6.6
2013-08-26,00:17:47,3.333333333333333,6.866639455159505,6.8
2013-08-26,00:22:47,2.966666666666667,5.399980545043945,6.8
2013-08-26,00:27:47,3.0,4.733314514160156,6.6
2013-08-26,00:32:47,3.333333333333333,6.199989318847656,6.8
2013-08-26,00:37:47,3.0,6.199982961018879,6.7333333333333325
2013-08-26,00:42:47,2.966666666666667,5.866648356119793,6.666666666666668
2013-08-26,00:47:47,3.3666666666666667,8.666648864746094,6.8
2013-08-26,00:52:47,3.1,6.266651153564454,6.6
2013-08-26,00:57:47,3.033333333333333,5.399990081787109,6.6
2013-08-26,01:02:47,3.466666666666667,11.466649373372398,6.933333333333334
2013-08-26,01:07:47,2.9,6.7333126068115225,6.533333333333332
2013-08-26,01:12:47,2.966666666666667,6.399984359741211,6.533333333333332
2013-08-26,01:17:47,3.433333333333333,6.599979400634766,6.866666666666666
2013-08-26,01:22:47,3.0,5.333318710327148,6.933333333333334
2013-08-26,01:27:47,3.033333333333333,5.399990081787109,6.866666666666666
2013-08-26,01:32:47,3.333333333333333,8.19997787475586,6.866666666666666
2013-08-26,01:37:47,3.033333333333333,6.599982579549152,6.666666666666668
2013-08-26,01:42:47,3.0,4.133319854736328,6.866666666666666
2013-08-26,01:47:47,3.333333333333333,8.733320236206055,7.0
2013-08-26,01:52:47,2.966666666666667,8.199981053670248,6.666666666666668
2013-08-26,01:57:47,3.0,5.866648356119793,6.866666666666666
2013-08-26,02:02:47,3.4,6.733318964640299,6.866666666666666
2013-08-26,02:07:47,2.966666666666667,6.799980799357096,6.666666666666668
2013-08-26,02:12:47,3.0,5.666646957397461,6.466666666666668
2013-08-26,02:17:47,3.3666666666666667,8.333307902018229,6.866666666666666
2013-08-26,02:22:47,3.0,4.933309555053711,6.7333333333333325
2013-08-26,02:27:47,3.066666666666667,5.2666473388671875,6.6
2013-08-26,02:32:47,3.3666666666666667,6.99997901916504,7.066666666666666
2013-08-26,02:37:47,3.0,4.133310317993164,6.8
2013-08-26,02:42:47,3.0,5.666650136311848,6.666666666666668
2013-08-26,02:47:47,3.3,8.133309682210287,6.933333333333334
2013-08-26,02:52:47,3.033333333333333,6.3333161671956395,6.533333333333332
2013-08-26,02:57:47,3.033333333333333,3.7999852498372393,6.8
2013-08-26,03:02:47,3.3666666666666667,4.8666445414225254,7.0
2013-08-26,03:07:47,3.0,5.199985504150391,6.6
2013-08-26,03:12:47,3.0,5.333315531412761,6.666666666666668
2013-08-26,03:17:47,3.3666666666666667,8.333314259847006,6.8
2013-08-26,03:22:47,2.966666666666667,5.2666441599528,6.466666666666668
2013-08-26,03:27:47,2.966666666666667,6.799987157185873,6.533333333333332
2013-08-26,03:32:48,3.3666666666666667,7.266651789347329,6.866666666666666
2013-08-26,03:37:48,3.0,6.333312988281251,6.6
2013-08-26,03:42:48,3.0,5.999987920125326,6.7333333333333325
2013-08-26,03:47:48,3.3666666666666667,6.599982579549152,7.2
2013-08-26,03:52:48,2.966666666666667,5.066652297973633,6.866666666666666
2013-08-26,03:57:48,3.0,4.666655858357748,7.2
2013-08-26,04:02:48,3.4,4.799995422363281,7.0
2013-08-26,04:07:48,3.0,4.399983088175455,6.7333333333333325
2013-08-26,04:12:48,2.933333333333333,5.266650517781576,6.8
2013-08-26,04:17:48,3.433333333333333,7.266645431518555,7.066666666666666
2013-08-26,04:22:48,2.9,7.399978637695312,6.666666666666668
2013-08-26,04:27:48,2.966666666666667,6.399984359741211,6.666666666666668
2013-08-26,04:32:48,3.4,5.799986521402996,6.7333333333333325
2013-08-26,04:37:48,2.966666666666667,4.799989064534505,6.7333333333333325
2013-08-26,04:42:48,3.7,8.999989827473959,6.6
2013-08-26,04:47:48,3.3666666666666667,7.666654586791992,6.533333333333332
2013-08-26,04:52:48,3.0,6.399984359741211,6.466666666666668
2013-08-26,04:57:48,3.0,6.266651153564454,6.533333333333332
2013-08-26,05:02:48,3.3666666666666667,7.333323160807291,6.7333333333333325
2013-08-26,05:07:48,2.933333333333333,7.933308283487955,6.533333333333332
2013-08-26,05:12:48,3.0,5.933322906494141,6.6
2013-08-26,05:17:48,3.466666666666667,5.799980163574219,6.7333333333333325
2013-08-26,05:22:48,3.0,5.733311971028645,6.533333333333332
2013-08-26,05:27:48,3.0,3.599980672200521,6.666666666666668
2013-08-26,05:32:48,3.4,4.999977747599283,6.8
2013-08-26,05:37:48,3.0,4.933319091796875,6.8
2013-08-26,05:42:48,3.0,6.266657511393231,7.0
2013-08-26,05:47:48,3.4,7.93330192565918,6.866666666666666
2013-08-26,05:52:48,3.0,6.266651153564454,6.666666666666668
2013-08-26,05:57:48,3.033333333333333,6.399978001912436,6.666666666666668
2013-08-26,06:02:48,3.4,9.933309555053711,6.866666666666666
2013-08-26,06:07:48,3.033333333333333,7.933311462402344,6.666666666666668
2013-08-26,06:12:48,3.0,5.199982325236003,6.6
2013-08-26,06:17:48,3.3666666666666667,7.799978256225586,7.0
2013-08-26,06:22:48,3.0,4.999980926513672,7.0
2013-08-26,06:27:48,3.0,3.799991607666016,6.666666666666668
2013-08-26,06:32:48,3.4,6.333312988281251,6.8
2013-08-26,06:37:49,2.966666666666667,5.53331693013509,6.666666666666668
2013-08-26,06:42:49,2.966666666666667,6.99997901916504,6.6
2013-08-26,06:47:49,3.3666666666666667,7.7333100636800145,6.7333333333333325
2013-08-26,06:52:49,3.0,7.466646830240885,6.533333333333332
2013-08-26,06:57:49,2.933333333333333,3.9333184560139984,6.466666666666668
2013-08-26,07:02:49,3.4,4.866647720336914,6.866666666666666
2013-08-26,07:07:48,2.9,4.733317693074545,6.7333333333333325
2013-08-26,07:12:48,3.0,4.399986267089844,6.666666666666668
2013-08-26,07:17:48,3.5,5.666646957397461,6.7333333333333325
2013-08-26,07:22:48,3.0,4.933328628540039,6.6
2013-08-26,07:27:48,2.9,5.199985504150391,6.8
2013-08-26,07:32:48,3.3,6.999985376993817,7.0
2013-08-26,07:37:48,3.0,8.866643905639648,6.866666666666666
2013-08-26,07:42:48,3.0,6.333312988281251,6.666666666666668
2013-08-26,07:47:48,3.333333333333333,6.999985376993817,6.933333333333334
2013-08-26,07:52:48,3.0,6.53331438700358,6.933333333333334
2013-08-26,07:57:48,3.0,4.599984486897787,6.8
2013-08-26,08:02:48,4.4,12.133302688598633,6.933333333333334
2013-08-26,08:07:48,3.0,6.799980799357096,6.666666666666668
2013-08-26,08:12:48,3.0,6.799983978271484,6.7333333333333325
2013-08-26,08:17:48,3.433333333333333,6.13331158955892,6.666666666666668
2013-08-26,08:22:49,2.966666666666667,6.466646194458008,6.7333333333333325
2013-08-26,08:27:49,3.0,6.733309427897134,6.933333333333334
2013-08-26,08:32:49,3.4,7.999982833862304,7.066666666666666
2013-08-26,08:37:49,3.0,5.799980163574219,6.866666666666666
2013-08-26,08:42:49,3.0,5.466648737589518,6.466666666666668
2013-08-26,08:47:49,3.4,9.133310317993164,6.533333333333332
2013-08-26,08:52:49,3.0,6.133321126302082,6.466666666666668
2013-08-26,08:57:49,3.0,5.799980163574219,6.6
2013-08-26,09:02:49,3.3,6.133305231730144,7.2
2013-08-26,09:07:49,2.966666666666667,4.799985885620117,6.8
2013-08-26,09:12:49,2.966666666666667,5.399980545043945,6.8
2013-08-26,09:17:49,3.5,6.399981180826825,6.8
2013-08-26,09:22:49,3.0,7.666645050048829,6.466666666666668
2013-08-26,09:27:49,2.966666666666667,5.866654713948568,6.4
2013-08-26,09:32:49,3.3,6.599979400634766,7.2
2013-08-26,09:37:49,3.0,5.599985122680664,6.8
2013-08-26,09:42:49,3.066666666666667,5.399980545043945,6.666666666666668
2013-08-26,09:47:49,3.3,7.399988174438477,7.0
2013-08-26,09:52:49,3.0,4.199981689453125,6.7333333333333325
2013-08-26,09:57:49,2.966666666666667,4.199984868367513,6.933333333333334
2013-08-26,10:02:49,3.3666666666666667,8.93331209818522,7.0
2013-08-26,10:07:49,3.0,6.199989318847656,6.933333333333334
2013-08-26,10:12:49,3.033333333333333,8.999967575073242,6.8
2013-08-26,10:17:50,3.5,7.399988174438477,6.8
2013-08-26,10:22:50,3.0,5.9999847412109375,6.866666666666666
2013-08-26,10:27:50,3.066666666666667,4.533329010009766,6.933333333333334
2013-08-26,10:32:50,3.433333333333333,8.99998664855957,7.066666666666666
2013-08-26,10:37:50,3.0,6.199982961018879,6.8
2013-08-26,10:42:50,2.933333333333333,7.399978637695312,6.666666666666668
2013-08-26,10:47:50,3.4,7.399988174438477,6.933333333333334
2013-08-26,10:52:50,3.0,5.999975204467773,6.4
2013-08-26,10:57:50,3.1,5.933313369750977,6.666666666666668
2013-08-26,11:02:50,3.3,8.799982070922852,6.8
2013-08-26,11:07:50,3.0,6.199989318847656,6.666666666666668
2013-08-26,11:12:50,2.9,6.199970245361328,6.7333333333333325
2013-08-26,11:17:50,3.3666666666666667,8.19997787475586,6.8
2013-08-26,11:22:50,2.933333333333333,5.399980545043945,6.7333333333333325
2013-08-26,11:27:50,2.9,4.799985885620117,6.333333333333332
2013-08-26,11:32:50,3.4,6.399981180826825,6.8
2013-08-26,11:37:50,3.0,4.199991226196289,6.666666666666668
2013-08-26,11:42:50,2.933333333333333,4.599981307983398,6.866666666666666
2013-08-26,11:47:50,3.4,8.133322397867838,6.666666666666668
2013-08-26,11:52:50,3.0,10.533313751220703,6.666666666666668
2013-08-26,11:57:50,3.0,6.399984359741211,6.466666666666668
2013-08-26,12:02:50,3.4,6.733318964640299,6.866666666666666
2013-08-26,12:07:50,3.0,6.399974822998048,6.8
2013-08-26,12:12:50,2.966666666666667,4.799985885620117,6.6
2013-08-26,12:17:50,3.3,7.599986394246421,6.8
2013-08-26,12:22:50,3.0,4.999971389770508,6.666666666666668
2013-08-26,12:27:50,3.0,5.799980163574219,6.7333333333333325
2013-08-26,12:32:50,3.3,8.733320236206055,6.866666666666666
2013-08-26,12:37:50,2.966666666666667,8.533318837483723,6.8
2013-08-26,12:42:50,3.0,7.199983596801758,6.866666666666666
2013-08-26,12:47:51,3.4,6.199989318847656,6.7333333333333325
2013-08-26,12:52:51,3.033333333333333,4.533313115437824,6.666666666666668
2013-08-26,12:57:51,3.0,4.999980926513672,6.6
2013-08-26,13:02:51,3.333333333333333,6.533317565917969,7.0
2013-08-26,13:07:51,2.966666666666667,5.799989700317383,6.666666666666668
2013-08-26,13:12:51,2.966666666666667,5.666650136311848,6.7333333333333325
2013-08-26,13:17:51,3.4,6.199979782104492,6.8
2013-08-26,13:22:51,3.0,4.399986267089844,6.466666666666668
2013-08-26,13:27:51,2.966666666666667,6.733315785725911,6.666666666666668
2013-08-26,13:32:51,3.4,7.999982833862304,6.8
2013-08-26,13:37:51,3.0,4.599971771240234,6.666666666666668
2013-08-26,13:42:51,3.0,4.733320871988932,6.8
2013-08-26,13:47:51,3.333333333333333,8.46665064493815,6.933333333333334
2013-08-26,13:52:51,2.933333333333333,4.599984486897787,6.466666666666668
2013-08-26,13:57:51,3.0,5.199985504150391,6.533333333333332
2013-08-26,14:02:51,3.3666666666666667,6.733309427897134,6.533333333333332
2013-08-26,14:07:51,3.0,5.199985504150391,6.533333333333332
2013-08-26,14:12:51,2.966666666666667,4.199981689453125,6.666666666666668
2013-08-26,14:17:51,3.433333333333333,7.933311462402344,6.666666666666668
2013-08-26,14:22:51,2.966666666666667,6.599988937377929,6.866666666666666
2013-08-26,14:27:51,3.066666666666667,4.999980926513672,6.7333333333333325
2013-08-26,14:32:51,3.3,7.53331184387207,6.866666666666666
2013-08-26,14:37:51,2.966666666666667,5.9999847412109375,6.666666666666668
2013-08-26,14:42:51,3.0,4.999987284342447,6.6
2013-08-26,14:47:51,3.3666666666666667,7.066640853881837,6.666666666666668
2013-08-26,14:52:51,3.0,5.799983342488606,6.6
2013-08-26,14:57:51,3.066666666666667,6.399984359741211,6.7333333333333325
2013-08-26,15:02:51,3.333333333333333,6.599988937377929,7.0
2013-08-26,15:07:51,3.066666666666667,4.399986267089844,6.8
2013-08-26,15:12:52,3.0,5.999975204467773,6.6
2013-08-26,15:17:52,3.4,7.399978637695312,6.666666666666668
2013-08-26,15:22:52,2.966666666666667,4.99998410542806,6.466666666666668
2013-08-26,15:27:52,3.0,4.4666512807210275,6.4
2013-08-26,15:32:52,3.4,6.799980799357096,6.666666666666668
2013-08-26,15:37:52,3.0,5.599978764851887,6.466666666666668
2013-08-26,15:42:52,3.0,5.26664098103841,6.6
2013-08-26,15:47:52,3.333333333333333,6.066649754842123,6.8
2013-08-26,15:52:52,3.0,5.333315531412761,6.4
2013-08-26,15:57:52,3.066666666666667,5.933313369750977,6.7333333333333325
2013-08-26,16:02:52,3.3666666666666667,7.199977238972982,6.866666666666666
2013-08-26,16:07:52,3.0,5.133310953776041,6.333333333333332
2013-08-26,16:12:51,3.0,5.199982325236003,7.0
2013-08-26,16:17:51,3.4,6.733315785725911,6.933333333333334
2013-08-26,16:22:51,3.0,6.599982579549152,6.933333333333334
2013-08-26,16:27:51,3.0,6.266641616821289,6.866666666666666
2013-08-26,16:32:51,3.3666666666666667,5.799980163574219,6.933333333333334
2013-08-26,16:37:51,2.933333333333333,4.999980926513672,6.6
2013-08-26,16:42:51,3.0,4.733314514160156,6.4
2013-08-26,16:47:51,3.4,7.933320999145507,7.066666666666666
2013-08-26,16:52:51,3.0,4.999977747599283,6.4
2013-08-26,16:57:51,2.933333333333333,5.933316548665365,6.333333333333332
2013-08-26,17:02:51,3.3666666666666667,8.19997787475586,6.8
2013-08-26,17:07:51,3.033333333333333,5.933322906494141,6.866666666666666
2013-08-26,17:12:51,3.0,5.666656494140625,6.7333333333333325
2013-08-26,17:17:51,3.6,6.266647974650065,7.333333333333332
2013-08-26,17:22:51,3.0,6.133317947387695,7.2666666666666675
2013-08-26,17:27:51,3.066666666666667,6.933317184448243,7.2
2013-08-26,17:32:51,3.433333333333333,8.933308919270834,7.533333333333332
2013-08-26,17:37:51,3.166666666666667,7.399978637695312,7.6
2013-08-26,17:42:51,3.066666666666667,7.133321762084961,7.6
2013-08-26,17:47:52,3.433333333333333,8.733317057291666,7.533333333333332
2013-08-26,17:52:52,3.066666666666667,6.533317565917969,7.2666666666666675
2013-08-26,17:57:52,3.1,4.799985885620117,7.2666666666666675
2013-08-26,18:02:52,3.433333333333333,6.6666412353515625,7.466666666666668
2013-08-26,18:07:52,3.033333333333333,6.466658910115558,7.2666666666666675
2013-08-26,18:12:52,3.0,5.999978383382162,7.333333333333332
2013-08-26,18:17:52,3.566666666666667,7.399978637695312,7.933333333333334
2013-08-26,18:22:52,3.1,5.266650517781576,7.533333333333332
2013-08-26,18:27:52,3.166666666666667,7.53331184387207,7.333333333333332
2013-08-26,18:32:52,3.4,7.066640853881837,7.666666666666668
2013-08-26,18:37:52,3.033333333333333,5.866654713948568,7.4
2013-08-26,18:42:52,3.0,5.399990081787109,7.333333333333332
2013-08-26,18:47:52,3.5,9.666639963785807,7.666666666666668
2013-08-26,18:52:52,3.033333333333333,6.466646194458008,7.866666666666666
2013-08-26,18:57:52,3.066666666666667,5.733318328857422,7.6
2013-08-26,19:02:52,3.433333333333333,6.6666444142659484,7.533333333333332
2013-08-26,19:07:52,3.1,6.133321126302082,7.4
2013-08-26,19:12:52,3.033333333333333,6.266651153564454,7.333333333333332
2013-08-26,19:17:52,3.566666666666667,8.73331387837728,7.466666666666668
2013-08-26,19:22:52,3.0,7.533318201700847,7.2
2013-08-26,19:27:52,3.0,5.733315149943033,7.2
2013-08-26,19:32:52,3.5,8.199984232584635,7.466666666666668
2013-08-26,19:37:52,3.066666666666667,6.333312988281251,7.533333333333332
2013-08-26,19:42:52,3.066666666666667,5.799980163574219,7.2666666666666675
2013-08-26,19:47:52,3.433333333333333,6.866642634073893,7.466666666666668
2013-08-26,19:52:52,3.0,6.399981180826825,7.066666666666666
2013-08-26,19:57:52,3.0,5.53331693013509,7.133333333333334
2013-08-26,20:02:52,3.4,5.999978383382162,7.2
2013-08-26,20:07:52,3.033333333333333,6.99997901916504,7.133333333333334
2013-08-26,20:12:52,3.033333333333333,8.266652425130209,7.533333333333332
2013-08-26,20:17:52,3.5,7.733316421508789,7.7333333333333325
2013-08-26,20:22:52,3.1,5.733321507771809,7.466666666666668
2013-08-26,20:27:52,3.0,4.066645304361979,7.2666666666666675
2013-08-26,20:32:52,3.433333333333333,6.066649754842123,7.8
2013-08-26,20:37:52,3.033333333333333,5.999987920125326,7.4
2013-08-26,20:42:52,3.033333333333333,5.266656875610352,7.2666666666666675
2013-08-26,20:47:52,3.466666666666667,6.333309809366862,7.6
2013-08-26,20:52:52,3.066666666666667,4.933319091796875,7.8
2013-08-26,20:57:53,3.033333333333333,7.466650009155273,7.4
2013-08-26,21:02:53,3.4,7.1333154042561855,7.333333333333332
2013-08-26,21:07:53,3.066666666666667,4.733317693074545,7.466666666666668
2013-08-26,21:12:53,3.1,4.599984486897787,7.466666666666668
2013-08-26,21:17:53,3.5,6.866645812988281,7.2666666666666675
2013-08-26,21:22:53,3.0,6.333322525024414,7.2
2013-08-26,21:27:53,3.0,4.733317693074545,7.133333333333334
2013-08-26,21:32:53,3.433333333333333,5.666653315226236,7.466666666666668
2013-08-26,21:37:53,3.1333333333333333,5.066649119059244,7.666666666666668
2013-08-26,21:42:53,4.133333333333333,11.466636657714844,7.666666666666668
2013-08-26,21:47:53,3.466666666666667,8.599977493286133,7.6
2013-08-26,21:52:53,3.1,7.266648610432941,7.2
2013-08-26,21:57:53,3.033333333333333,4.39999262491862,7.2
2013-08-26,22:02:53,3.433333333333333,6.666650772094726,7.4
2013-08-26,22:07:53,3.033333333333333,5.666646957397461,7.533333333333332
2013-08-26,22:12:53,3.066666666666667,6.533320744832355,7.6
2013-08-26,22:17:53,3.5,7.7999814351399746,7.666666666666668
2013-08-26,22:22:53,3.0,5.733318328857422,7.4
2013-08-26,22:27:53,3.033333333333333,5.733321507771809,7.2666666666666675
2013-08-26,22:32:53,3.3666666666666667,9.86663818359375,7.466666666666668
2013-08-26,22:37:53,3.1,8.99997075398763,7.133333333333334
2013-08-26,22:42:53,3.1,6.599969863891602,7.133333333333334
2013-08-26,22:47:53,3.466666666666667,6.466646194458008,7.6
2013-08-26,22:52:53,3.066666666666667,5.2666473388671875,7.8
2013-08-26,22:57:53,3.033333333333333,4.666646321614584,7.666666666666668
2013-08-26,23:02:53,3.4,7.7333100636800145,7.533333333333332
2013-08-26,23:07:53,3.166666666666667,5.333321889241537,7.466666666666668
2013-08-26,23:12:53,3.066666666666667,5.066642761230469,7.533333333333332
2013-08-26,23:17:53,3.533333333333333,5.333309173583984,7.4
2013-08-26,23:22:53,3.033333333333333,4.866650899251302,7.4
2013-08-26,23:27:53,3.166666666666667,7.466650009155273,7.4
2013-08-26,23:32:53,3.466666666666667,8.73331069946289,7.333333333333332
2013-08-26,23:37:53,3.1333333333333333,6.466649373372396,7.533333333333332
2013-08-26,23:42:54,3.066666666666667,6.333319346110028,7.6
2013-08-26,23:47:54,3.433333333333333,7.399978637695312,7.6
2013-08-26,23:52:54,3.1333333333333333,4.3333180745442705,7.2666666666666675
2013-08-26,23:57:54,3.033333333333333,5.133307774861653,7.333333333333332
2013-08-27,00:02:54,3.433333333333333,7.93331464131673,7.6
2013-08-27,00:07:54,3.0,4.933319091796875,7.533333333333332
2013-08-27,00:12:54,3.0,5.266650517781576,7.8
2013-08-27,00:17:54,3.633333333333333,9.333311716715494,7.7333333333333325
2013-08-27,00:22:54,3.033333333333333,7.266639073689779,7.333333333333332
2013-08-27,00:27:54,3.033333333333333,7.066650390625,7.533333333333332
2013-08-27,00:32:54,3.5,8.399979273478191,7.7333333333333325
2013-08-27,00:37:54,3.066666666666667,5.466651916503906,7.333333333333332
2013-08-27,00:42:54,3.166666666666667,4.199984868367513,7.333333333333332
2013-08-27,00:47:54,3.5,6.266654332478843,7.6
2013-08-27,00:52:54,3.1333333333333333,6.266647974650065,7.2
2013-08-27,00:57:54,3.033333333333333,6.733325322469076,7.333333333333332
2013-08-27,01:02:54,3.3666666666666667,8.66663932800293,7.666666666666668
2013-08-27,01:07:54,3.1,8.066644668579102,7.2666666666666675
2013-08-27,01:12:54,3.1,7.266642252604166,7.2666666666666675
2013-08-27,01:17:54,3.5,6.733315785725911,7.466666666666668
2013-08-27,01:22:54,3.033333333333333,4.999980926513672,7.2666666666666675
2013-08-27,01:27:54,3.066666666666667,5.866641998291016,7.4
2013-08-27,01:32:54,3.3666666666666667,7.599983215332032,7.933333333333334
2013-08-27,01:37:54,3.033333333333333,4.599981307983398,7.533333333333332
2013-08-27,01:42:54,3.0,4.999980926513672,7.6
2013-08-27,01:47:54,3.4,5.666643778483072,7.466666666666668
2013-08-27,01:52:54,3.033333333333333,5.933319727579754,7.333333333333332
2013-08-27,01:57:54,3.1333333333333333,6.999975840250651,7.333333333333332
2013-08-27,02:02:54,3.666666666666667,9.599981307983398,7.466666666666668
2013-08-27,02:07:54,3.0,7.199983596801758,7.466666666666668
2013-08-27,02:12:54,3.0,5.199985504150391,7.8
2013-08-27,02:17:54,3.5,9.666646321614584,7.533333333333332
2013-08-27,02:22:54,3.1,5.5999819437662754,7.466666666666668
2013-08-27,02:27:54,3.0,5.199988683064779,7.2666666666666675
2013-08-27,02:32:54,3.433333333333333,8.066651026407877,7.2666666666666675
2013-08-27,02:37:54,3.0,4.999980926513672,7.4
2013-08-27,02:42:54,3.033333333333333,4.599981307983398,7.4
2013-08-27,02:47:54,3.466666666666667,10.733311971028646,7.8
2013-08-27,02:52:54,3.1333333333333333,5.599985122680664,7.4
2013-08-27,02:57:54,3.1,4.999980926513672,7.533333333333332
2013-08-27,03:02:54,3.533333333333333,7.266648610432941,7.533333333333332
2013-08-27,03:07:54,3.166666666666667,5.133310953776041,7.333333333333332
2013-08-27,03:12:54,3.066666666666667,6.333312988281251,7.0
2013-08-27,03:17:54,3.6,5.999975204467773,7.4
2013-08-27,03:22:54,3.033333333333333,5.333312352498373,7.533333333333332
2013-08-27,03:27:54,3.066666666666667,6.199979782104492,7.466666666666668
2013-08-27,03:32:54,3.633333333333333,6.866642634073893,7.533333333333332
2013-08-27,03:37:54,3.166666666666667,6.199979782104492,7.466666666666668
2013-08-27,03:42:54,3.033333333333333,5.5999755859375,7.333333333333332
2013-08-27,03:47:54,3.3666666666666667,6.99997901916504,7.333333333333332
2013-08-27,03:52:54,3.166666666666667,5.999975204467773,7.133333333333334
2013-08-27,03:57:54,3.1,5.9999847412109375,7.333333333333332
2013-08-27,04:02:54,3.433333333333333,10.066649119059244,7.333333333333332
2013-08-27,04:07:54,3.0,6.599979400634766,7.533333333333332
2013-08-27,04:12:54,3.0,4.3333180745442705,7.666666666666668
2013-08-27,04:17:54,3.5,8.06664784749349,7.6
2013-08-27,04:22:54,3.1,5.9999847412109375,7.466666666666668
2013-08-27,04:27:54,3.1,6.399984359741211,7.466666666666668
2013-08-27,04:32:55,3.3666666666666667,7.799978256225586,7.533333333333332
2013-08-27,04:37:55,3.033333333333333,5.5999755859375,7.0
2013-08-27,04:42:55,3.8,7.3333104451497375,7.533333333333332
2013-08-27,04:47:55,3.433333333333333,9.599971771240234,7.666666666666668
2013-08-27,04:52:55,3.1,6.3333161671956395,7.666666666666668
2013-08-27,04:57:55,3.066666666666667,4.799976348876953,7.666666666666668
2013-08-27,05:02:55,3.4,5.399980545043945,7.533333333333332
2013-08-27,05:07:55,3.0,5.399990081787109,7.333333333333332
2013-08-27,05:12:55,3.033333333333333,4.5333099365234375,7.533333333333332
2013-08-27,05:17:55,3.533333333333333,8.19997787475586,7.6
2013-08-27,05:22:55,3.066666666666667,5.733311971028645,7.666666666666668
2013-08-27,05:27:55,3.033333333333333,4.866647720336914,7.333333333333332
2013-08-27,05:32:55,3.433333333333333,6.266654332478843,7.533333333333332
2013-08-27,05:37:55,3.0,5.999981562296551,7.4
2013-08-27,05:42:55,3.0,4.799985885620117,7.2666666666666675
2013-08-27,05:47:55,3.333333333333333,6.066649754842123,7.533333333333332
2013-08-27,05:52:55,3.033333333333333,4.799985885620117,7.4
2013-08-27,05:57:55,3.033333333333333,4.599987665812175,7.2
2013-08-27,06:02:55,3.466666666666667,7.333319981892903,7.2
2013-08-27,06:07:55,3.066666666666667,8.799975713094076,7.4
2013-08-27,06:12:55,3.0,4.799985885620117,7.533333333333332
2013-08-27,06:17:55,3.466666666666667,7.066644032796225,7.533333333333332
2013-08-27,06:22:56,3.0,5.733311971028645,7.333333333333332
2013-08-27,06:27:56,3.0,4.599984486897787,7.4
2013-08-27,06:32:56,3.466666666666667,6.7333126068115225,7.533333333333332
2013-08-27,06:37:56,3.033333333333333,4.999987284342447,7.2
2013-08-27,06:42:56,3.1333333333333333,4.466657638549805,7.4
2013-08-27,06:47:56,3.533333333333333,8.466644287109375,7.533333333333332
2013-08-27,06:52:56,3.1,4.666643142700195,7.4
2013-08-27,06:57:56,3.1,5.599985122680664,7.466666666666668
2013-08-27,07:02:56,3.466666666666667,6.799993515014649,7.333333333333332
2013-08-27,07:07:56,3.166666666666667,5.133323669433594,7.333333333333332
2013-08-27,07:12:56,3.033333333333333,5.5333105723063145,7.2
2013-08-27,07:17:56,3.466666666666667,7.93331464131673,7.466666666666668
2013-08-27,07:22:56,3.0,5.199985504150391,7.8
2013-08-27,07:27:56,3.033333333333333,5.466645558675131,7.333333333333332
2013-08-27,07:32:56,3.433333333333333,7.133312225341797,7.8
2013-08-27,07:37:56,3.066666666666667,6.599982579549152,7.4
2013-08-27,07:42:56,3.066666666666667,5.466651916503906,7.333333333333332
2013-08-27,07:47:56,3.5,9.333321253458658,7.533333333333332
2013-08-27,07:52:56,3.0,6.666650772094726,7.2
2013-08-27,07:57:56,3.033333333333333,5.199985504150391,7.066666666666666
2013-08-27,08:02:56,3.3666666666666667,6.533320744832355,7.2666666666666675
2013-08-27,08:07:56,3.066666666666667,5.199979146321613,7.4
2013-08-27,08:12:56,3.066666666666667,5.13331413269043,7.666666666666668
2013-08-27,08:17:56,3.533333333333333,6.06663703918457,7.533333333333332
2013-08-27,08:22:56,3.033333333333333,5.666640599568684,7.4
2013-08-27,08:27:56,3.0,3.999989827473959,7.333333333333332
2013-08-27,08:32:56,3.3666666666666667,9.799985885620117,7.666666666666668
2013-08-27,08:37:56,3.066666666666667,8.266636530558268,7.333333333333332
2013-08-27,08:42:56,3.066666666666667,4.666659037272135,7.333333333333332
2013-08-27,08:47:56,3.4,7.93331464131673,7.8
2013-08-27,08:52:56,3.0,5.86665153503418,7.533333333333332
2013-08-27,08:57:57,3.0,4.7333113352457685,7.4
2013-08-27,09:02:57,3.466666666666667,7.133305867513022,7.533333333333332
2013-08-27,09:07:57,3.066666666666667,6.999982198079429,7.4
2013-08-27,09:12:57,3.066666666666667,4.333324432373047,7.466666666666668
2013-08-27,09:17:57,3.433333333333333,7.199977238972982,7.333333333333332
2013-08-27,09:22:57,3.066666666666667,7.866643269856771,7.466666666666668
2013-08-27,09:27:57,3.0,7.666635513305664,7.666666666666668
2013-08-27,09:32:57,3.433333333333333,5.399980545043945,7.933333333333334
2013-08-27,09:37:57,3.0,5.133310953776041,7.6
2013-08-27,09:42:57,3.033333333333333,6.266654332478843,7.6
2013-08-27,09:47:57,3.3666666666666667,7.799978256225586,7.6
2013-08-27,09:52:57,3.033333333333333,5.2666441599528,7.466666666666668
2013-08-27,09:57:57,3.066666666666667,5.53331693013509,7.533333333333332
2013-08-27,10:02:57,3.4,7.333313624064126,7.6
2013-08-27,10:07:57,3.033333333333333,5.333312352498373,7.533333333333332
2013-08-27,10:12:57,3.033333333333333,4.199981689453125,7.333333333333332
2013-08-27,10:17:57,3.6,9.199978510538736,7.866666666666666
2013-08-27,10:22:57,3.033333333333333,5.933307011922199,7.4
2013-08-27,10:27:57,3.0,4.133323033650716,7.466666666666668
2013-08-27,10:32:56,3.4,5.666646957397461,7.466666666666668
2013-08-27,10:37:56,3.1333333333333333,5.13331413269043,7.333333333333332
2013-08-27,10:42:56,3.066666666666667,5.399990081787109,7.133333333333334
2013-08-27,10:47:56,3.466666666666667,9.73331133524577,7.4
2013-08-27,10:52:56,3.0,6.199979782104492,7.333333333333332
2013-08-27,10:57:57,3.0,3.9333184560139984,7.333333333333332
2013-08-27,11:02:57,3.5,6.866645812988281,7.466666666666668
2013-08-27,11:07:57,3.166666666666667,7.999973297119141,7.333333333333332
2013-08-27,11:12:57,3.0,6.533317565917969,7.2666666666666675
2013-08-27,11:17:57,3.466666666666667,7.466650009155273,7.6
2013-08-27,11:22:57,3.066666666666667,4.999987284342447,7.4
2013-08-27,11:27:57,3.1,4.799985885620117,7.7333333333333325
2013-08-27,11:32:57,3.433333333333333,8.999980290730795,7.666666666666668
2013-08-27,11:37:57,3.033333333333333,6.799983978271484,7.533333333333332
2013-08-27,11:42:57,3.0,5.933316548665365,7.466666666666668
2013-08-27,11:47:57,3.4,7.7333227793375645,7.6
2013-08-27,11:52:57,3.1,6.733303070068359,7.4
2013-08-27,11:57:57,3.0,7.46665636698405,7.466666666666668
2013-08-27,12:02:57,3.433333333333333,8.933318456013998,7.6
2013-08-27,12:07:57,3.066666666666667,6.933326721191406,7.7333333333333325
2013-08-27,12:12:57,4.3,13.999973932902016,7.466666666666668
2013-08-27,12:17:57,3.566666666666667,8.399982452392578,7.533333333333332
2013-08-27,12:22:57,3.1333333333333333,7.466643651326497,7.333333333333332
2013-08-27,12:27:57,3.0,4.799976348876953,7.333333333333332
2013-08-27,12:32:57,3.4,6.13331158955892,7.466666666666668
2013-08-27,12:37:57,3.033333333333333,4.999987284342447,7.2666666666666675
2013-08-27,12:42:57,3.1333333333333333,5.533313751220703,7.4
2013-08-27,12:47:57,3.3666666666666667,10.133307774861654,7.533333333333332
2013-08-27,12:52:57,3.0,5.533320109049479,7.4
2013-08-27,12:57:57,3.1333333333333333,5.733315149943033,7.333333333333332
2013-08-27,13:02:57,3.333333333333333,7.2666581471761065,7.6
2013-08-27,13:07:57,3.1,6.7333126068115225,7.4
2013-08-27,13:12:57,3.066666666666667,5.733315149943033,7.4
2013-08-27,13:17:57,3.566666666666667,7.1333154042561855,7.666666666666668
2013-08-27,13:22:57,3.1,6.666647593180337,7.466666666666668
2013-08-27,13:27:57,3.033333333333333,5.066652297973633,7.533333333333332
2013-08-27,13:32:57,3.5,8.399982452392578,7.666666666666668
2013-08-27,13:37:57,3.033333333333333,8.266658782958984,7.6
2013-08-27,13:42:57,3.1,5.466651916503906,7.4
2013-08-27,13:47:57,3.533333333333333,5.8666451772054025,7.6
2013-08-27,13:52:57,3.066666666666667,6.133314768473307,7.333333333333332
2013-08-27,13:57:57,3.066666666666667,4.733317693074545,7.2666666666666675
2013-08-27,14:02:57,3.4,7.533324559529624,7.533333333333332
2013-08-27,14:07:57,3.066666666666667,5.333315531412761,7.333333333333332
2013-08-27,14:12:57,3.0,6.933326721191406,7.6
2013-08-27,14:17:58,3.566666666666667,6.666650772094726,7.466666666666668
2013-08-27,14:22:58,3.1,5.666656494140625,7.333333333333332
2013-08-27,14:27:58,3.066666666666667,6.333303451538086,7.2666666666666675
2013-08-27,14:32:58,3.333333333333333,7.599970499674479,7.533333333333332
2013-08-27,14:37:58,3.0,5.399990081787109,7.4
2013-08-27,14:42:58,3.066666666666667,5.266650517781576,7.333333333333332
2013-08-27,14:47:58,3.433333333333333,6.066656112670898,7.666666666666668
2013-08-27,14:52:58,3.066666666666667,5.666653315226236,7.6
2013-08-27,14:57:58,3.1333333333333333,6.066656112670898,7.2666666666666675
2013-08-27,15:02:58,3.466666666666667,5.866641998291016,7.533333333333332
2013-08-27,15:07:58,3.0,3.7333138783772783,7.333333333333332
2013-08-27,15:12:58,3.0,5.93331019083659,7.333333333333332
2013-08-27,15:17:58,3.533333333333333,8.73331387837728,7.466666666666668
2013-08-27,15:22:58,3.066666666666667,7.333313624064126,7.333333333333332
2013-08-27,15:27:58,3.166666666666667,5.86665153503418,7.6
2013-08-27,15:32:58,3.5,5.3333282470703125,7.533333333333332
2013-08-27,15:37:58,3.0,3.9999866485595703,7.6
2013-08-27,15:42:58,3.0,5.466645558675131,7.533333333333332
2013-08-27,15:47:58,3.4,9.266649881998697,7.6
2013-08-27,15:52:58,3.1,5.333318710327148,7.333333333333332
2013-08-27,15:57:58,3.033333333333333,4.933315912882486,7.666666666666668
2013-08-27,16:02:58,3.633333333333333,9.599974950154623,7.8
2013-08-27,16:07:58,3.1,9.266646703084309,8.066666666666666
2013-08-27,16:12:58,3.3666666666666667,4.5999908447265625,8.2
2013-08-27,16:17:58,3.666666666666667,4.799985885620117,8.2
2013-08-27,16:22:58,3.233333333333333,5.199991861979167,7.933333333333334
2013-08-27,16:27:58,3.166666666666667,5.93331019083659,8.0
2013-08-27,16:32:58,3.7,5.799989700317383,8.066666666666666
2013-08-27,16:37:58,3.233333333333333,6.599988937377929,8.133333333333333
2013-08-27,16:42:58,3.3666666666666667,5.0666459401448565,8.4
2013-08-27,16:47:58,3.566666666666667,6.99997901916504,8.266666666666667
2013-08-27,16:52:58,3.3,7.199974060058594,9.266666666666667
2013-08-27,16:57:58,3.333333333333333,9.799976348876953,9.2
2013-08-27,17:02:58,3.766666666666667,6.399974822998048,9.066666666666666
2013-08-27,17:07:58,3.4,5.799989700317383,9.466666666666667
2013-08-27,17:12:58,3.333333333333333,5.733321507771809,10.0
2013-08-27,17:17:58,3.766666666666667,6.599979400634766,10.333333333333334
2013-08-27,17:22:58,3.4,6.199979782104492,10.466666666666667
2013-08-27,17:27:58,3.466666666666667,4.799985885620117,10.666666666666666
2013-08-27,17:32:58,3.666666666666667,8.59998067220052,10.866666666666667
2013-08-27,17:37:59,3.266666666666667,6.599969863891602,10.466666666666667
2013-08-27,17:42:59,3.3,5.599985122680664,10.4
2013-08-27,17:47:59,3.766666666666667,9.599981307983398,10.666666666666666
2013-08-27,17:52:59,3.4,6.799974441528319,10.4
2013-08-27,17:57:59,3.3,6.599988937377929,10.533333333333333
2013-08-27,18:02:59,3.6,7.199983596801758,10.066666666666666
2013-08-27,18:07:59,3.3,5.399980545043945,10.4
2013-08-27,18:12:59,3.466666666666667,5.399990081787109,10.266666666666667
2013-08-27,18:17:59,3.8,5.599985122680664,10.666666666666666
2013-08-27,18:22:59,3.3666666666666667,5.866654713948568,10.4
2013-08-27,18:27:59,6.1,18.39996655782064,11.466666666666667
2013-08-27,18:32:59,7.466666666666666,13.199977874755858,23.66666666666667
2013-08-27,18:37:59,7.466666666666666,11.799983978271484,24.8
2013-08-27,18:42:59,8.266666666666666,8.399982452392578,23.93333333333333
2013-08-27,18:47:59,8.433333333333334,6.199979782104492,24.066666666666666
2013-08-27,18:52:59,8.033333333333333,6.866645812988281,24.266666666666666
2013-08-27,18:57:59,8.066666666666666,8.199987411499023,24.066666666666666
2013-08-27,19:02:59,8.466666666666667,7.999992370605469,23.466666666666665
2013-08-27,19:07:59,8.0,7.399978637695312,24.13333333333333
2013-08-27,19:12:59,8.0,6.599988937377929,23.8
2013-08-27,19:17:59,8.466666666666667,9.933315912882486,23.8
2013-08-27,19:22:59,8.2,8.199987411499023,24.53333333333333
2013-08-27,19:27:59,8.066666666666666,6.99997901916504,24.066666666666666
2013-08-27,19:32:59,8.433333333333334,8.399982452392578,24.33333333333333
2013-08-27,19:37:59,8.066666666666666,6.99997901916504,24.33333333333333
2013-08-27,19:42:59,8.133333333333333,5.999975204467773,24.266666666666666
2013-08-27,19:47:59,8.466666666666667,7.399988174438477,24.2
2013-08-27,19:52:59,8.166666666666666,8.19997787475586,23.93333333333333
2013-08-27,19:57:59,8.066666666666666,6.199970245361328,24.2
2013-08-27,20:02:59,8.466666666666667,8.666652043660482,24.0
2013-08-27,20:07:59,8.1,10.199975967407227,24.86666666666667
2013-08-27,20:12:59,8.133333333333333,6.799983978271484,24.13333333333333
2013-08-27,20:17:59,8.566666666666666,7.999973297119141,24.266666666666666
2013-08-27,20:22:59,8.033333333333333,7.199974060058594,24.266666666666666
2013-08-27,20:27:59,8.133333333333333,6.799983978271484,24.066666666666666
2013-08-27,20:32:59,8.5,9.599971771240234,24.13333333333333
2013-08-27,20:37:59,8.2,5.799980163574219,24.86666666666667
2013-08-27,20:42:59,8.266666666666666,6.733309427897134,23.73333333333333
2013-08-27,20:47:59,8.3,8.93331209818522,23.73333333333333
2013-08-27,20:52:59,7.933333333333334,9.799966812133789,23.73333333333333
2013-08-27,20:57:59,8.25,8.285689353942871,23.714285714285715
2013-08-27,21:02:59,8.966666666666667,8.666652043660482,23.2
2013-08-27,21:07:59,8.4,6.333312988281251,22.266666666666666
2013-08-27,21:12:59,8.333333333333334,6.333322525024414,21.53333333333333
2013-08-27,21:17:59,7.9,9.866644541422525,20.133333333333333
2013-08-27,21:22:59,7.5,7.92855875832694,20.0
2013-08-27,21:27:59,7.5,6.866655349731446,20.266666666666666
2013-08-27,21:32:59,7.7333333333333325,8.866650263468424,20.266666666666666
2013-08-27,21:37:59,7.433333333333334,11.266644795735676,20.133333333333333
2013-08-27,21:42:59,7.4642857142857135,7.285697119576591,20.071428571428573
2013-08-27,21:47:59,7.821428571428571,7.4999877384730755,20.285714285714285
2013-08-27,21:53:00,7.5,5.571413040161133,20.214285714285715
2013-08-27,21:58:00,7.4642857142857135,6.99997970036098,20.142857142857142
2013-08-27,22:03:00,7.821428571428571,7.999982152666364,20.0
2013-08-27,22:08:00,7.5,5.642833028520857,20.071428571428573
2013-08-27,22:13:00,7.5357142857142865,7.1428503308977405,20.142857142857142
2013-08-27,22:18:00,7.933333333333334,9.999971389770508,20.4
2013-08-27,22:23:00,7.5,9.571419443402972,19.928571428571427
2013-08-27,22:28:00,7.3,7.1333154042561855,19.866666666666667
2013-08-27,22:33:00,7.833333333333334,7.599983215332032,20.2
2013-08-27,22:38:00,7.466666666666666,6.99997901916504,19.933333333333334
2013-08-27,22:43:00,7.466666666666666,6.199989318847656,20.0
2013-08-27,22:48:00,7.8,8.799972534179688,20.066666666666666
2013-08-27,22:53:00,7.5,6.466649373372396,19.8
2013-08-27,22:58:00,7.533333333333334,7.399988174438477,20.2
2013-08-27,23:03:00,7.933333333333334,7.399988174438477,20.0
2013-08-27,23:08:00,5.933333333333334,9.199981689453125,19.933333333333334
2013-08-27,23:13:00,3.033333333333333,8.399982452392578,19.666666666666668
2013-08-27,23:18:00,3.433333333333333,5.599985122680664,19.866666666666667
2013-08-27,23:23:00,3.0,4.999990463256836,19.666666666666668
2013-08-27,23:28:00,3.1,5.599985122680664,19.8
2013-08-27,23:33:00,3.4,8.799972534179688,20.0
2013-08-27,23:38:00,3.0,6.199989318847656,19.866666666666667
2013-08-27,23:43:00,3.1,5.199975967407227,19.933333333333334
2013-08-27,23:48:00,3.433333333333333,6.9333140055338545,20.066666666666666
2013-08-27,23:53:00,3.033333333333333,5.199979146321613,19.8
2013-08-27,23:58:00,3.1,6.599988937377929,19.933333333333334
2013-08-28,00:03:00,3.4,8.399982452392578,19.933333333333334
2013-08-28,00:08:00,3.0,5.9999847412109375,20.0
2013-08-28,00:13:00,3.033333333333333,5.599985122680664,20.0
2013-08-28,00:18:00,3.5,6.199979782104492,20.066666666666666
2013-08-28,00:23:01,3.0,5.5999755859375,19.933333333333334
2013-08-28,00:28:01,3.0,5.9999847412109375,19.933333333333334
2013-08-28,00:33:01,3.4,8.799982070922852,20.066666666666666
2013-08-28,00:38:01,3.033333333333333,5.9999847412109375,19.866666666666667
2013-08-28,00:43:01,3.0,4.399986267089844,19.933333333333334
2013-08-28,00:48:01,3.433333333333333,10.866638819376625,20.066666666666666
2013-08-28,00:53:01,3.0,6.799974441528319,19.866666666666667
2013-08-28,00:58:01,3.0,5.666656494140625,19.866666666666667
2013-08-28,01:03:01,3.4,6.999988555908203,20.133333333333333
2013-08-28,01:08:01,3.0,6.799977620442708,19.933333333333334
2013-08-28,01:13:01,3.0,5.066652297973633,19.8
2013-08-28,01:18:01,3.5,7.133318583170572,19.733333333333334
2013-08-28,01:23:01,3.066666666666667,5.999975204467773,19.666666666666668
2013-08-28,01:28:01,3.0,6.133324305216471,20.0
2013-08-28,01:33:01,3.3666666666666667,7.066647211710614,20.133333333333333
2013-08-28,01:38:01,3.033333333333333,10.199982325236002,20.066666666666666
2013-08-28,01:43:01,3.033333333333333,5.866648356119793,20.066666666666666
2013-08-28,01:48:01,3.5,7.066650390625,20.2
2013-08-28,01:53:01,3.033333333333333,6.199979782104492,19.933333333333334
2013-08-28,01:58:01,3.0,4.799985885620117,20.066666666666666
2013-08-28,02:03:01,3.633333333333333,6.533320744832355,20.0
2013-08-28,02:08:01,3.033333333333333,6.333309809366862,20.066666666666666
2013-08-28,02:13:01,3.033333333333333,5.666650136311848,19.866666666666667
2013-08-28,02:18:01,3.5,9.999977747599283,20.33333333333333
2013-08-28,02:23:01,3.1,7.066653569539389,19.866666666666667
2013-08-28,02:28:01,3.0,7.666654586791992,20.066666666666666
2013-08-28,02:33:01,3.433333333333333,8.133306503295898,20.133333333333333
2013-08-28,02:38:01,3.033333333333333,5.399983723958334,19.8
2013-08-28,02:43:01,3.0,5.333315531412761,20.266666666666666
2013-08-28,02:48:01,3.4,5.933307011922199,20.33333333333333
2013-08-28,02:53:01,3.4,4.933319091796875,19.8
2013-08-28,02:58:01,3.821428571428572,12.642836570739746,19.928571428571427
2013-08-28,03:03:01,3.333333333333333,9.799976348876953,19.933333333333334
2013-08-28,03:08:01,3.0,7.399978637695312,19.8
2013-08-28,03:13:01,3.066666666666667,5.26664098103841,19.666666666666668
2013-08-28,03:18:01,3.566666666666667,8.26664924621582,20.133333333333333
2013-08-28,03:23:01,3.066666666666667,5.333318710327148,19.866666666666667
2013-08-28,03:28:01,3.033333333333333,5.066658655802409,19.866666666666667
2013-08-28,03:33:02,3.433333333333333,5.266656875610352,20.33333333333333
2013-08-28,03:38:02,3.0,4.733314514160156,20.0
2013-08-28,03:43:02,3.033333333333333,5.999978383382162,19.933333333333334
2013-08-28,03:48:02,3.4,8.266642888387045,20.0
2013-08-28,03:53:02,3.0,5.199985504150391,19.8
2013-08-28,03:58:02,3.033333333333333,5.5999755859375,20.066666666666666
2013-08-28,04:03:02,3.466666666666667,9.533309936523438,20.0
2013-08-28,04:08:02,3.033333333333333,6.99997901916504,20.133333333333333
2013-08-28,04:13:02,3.0,4.133310317993164,20.0
2013-08-28,04:18:02,3.533333333333333,7.399984995524088,20.266666666666666
2013-08-28,04:23:02,3.0,6.133308410644531,20.066666666666666
2013-08-28,04:28:02,3.1,5.599978764851887,19.666666666666668
2013-08-28,04:33:02,3.466666666666667,5.666643778483072,19.733333333333334
2013-08-28,04:38:02,3.0,5.53331693013509,19.666666666666668
2013-08-28,04:43:02,3.833333333333333,6.6666412353515625,19.733333333333334
2013-08-28,04:48:02,3.3666666666666667,7.666654586791992,20.2
2013-08-28,04:53:02,3.166666666666667,8.666642506917317,19.8
2013-08-28,04:58:02,3.066666666666667,6.53331438700358,19.8
2013-08-28,05:03:02,3.5,6.399984359741211,20.133333333333333
2013-08-28,05:08:02,3.0,5.5999755859375,19.866666666666667
2013-08-28,05:13:02,3.033333333333333,5.2666473388671875,19.866666666666667
2013-08-28,05:18:02,3.5,7.533308664957682,20.2
2013-08-28,05:23:02,3.066666666666667,4.733314514160156,19.933333333333334
2013-08-28,05:28:02,3.033333333333333,3.3333079020182295,19.866666666666667
2013-08-28,05:33:02,3.3666666666666667,6.333325703938803,20.33333333333333
2013-08-28,05:38:02,3.033333333333333,5.999978383382162,20.0
2013-08-28,05:43:02,3.1,6.6666412353515625,20.0
2013-08-28,05:48:02,3.3666666666666667,7.399978637695312,19.933333333333334
2013-08-28,05:53:02,3.033333333333333,5.333315531412761,20.2
2013-08-28,05:58:02,3.0,5.933319727579754,20.2
2013-08-28,06:03:02,3.4,8.466647466023764,20.066666666666666
2013-08-28,06:08:02,3.033333333333333,5.199985504150391,19.8
2013-08-28,06:13:02,3.066666666666667,5.266650517781576,19.8
2013-08-28,06:18:02,3.466666666666667,6.06665293375651,20.066666666666666
2013-08-28,06:23:02,3.0,5.266653696695964,19.8
2013-08-28,06:28:02,3.066666666666667,6.466649373372396,20.066666666666666
2013-08-28,06:33:02,3.466666666666667,8.799982070922852,19.866666666666667
2013-08-28,06:38:02,3.0,5.666646957397461,19.666666666666668
2013-08-28,06:43:02,3.0,5.866648356119793,19.666666666666668
2013-08-28,06:48:02,3.3666666666666667,6.666638056437174,20.066666666666666
2013-08-28,06:53:02,3.0,6.533320744832355,19.933333333333334
2013-08-28,06:58:02,3.066666666666667,5.666653315226236,19.866666666666667
2013-08-28,07:03:02,3.333333333333333,7.466650009155273,20.066666666666666
2013-08-28,07:08:02,3.0,7.599976857503256,19.8
2013-08-28,07:13:02,3.0,6.866642634073893,19.933333333333334
2013-08-28,07:18:02,3.466666666666667,8.999967575073242,20.266666666666666
2013-08-28,07:23:02,3.0,7.93330192565918,20.0
2013-08-28,07:28:02,3.1,5.466648737589518,19.8
2013-08-28,07:33:03,3.433333333333333,8.26664924621582,19.866666666666667
2013-08-28,07:38:03,3.0,5.199975967407227,19.666666666666668
2013-08-28,07:43:03,3.0,5.466642379760742,19.8
2013-08-28,07:48:03,3.3666666666666667,6.866645812988281,20.133333333333333
2013-08-28,07:53:03,3.0,5.266656875610352,19.933333333333334
2013-08-28,07:58:03,3.0,4.266656239827474,19.8
2013-08-28,08:03:03,3.4,6.399974822998048,20.0
2013-08-28,08:08:03,3.1333333333333333,6.7333126068115225,19.866666666666667
2013-08-28,08:13:03,3.033333333333333,8.266652425130209,19.933333333333334
2013-08-28,08:18:03,3.433333333333333,9.666643142700195,20.133333333333333
2013-08-28,08:23:03,3.033333333333333,5.399986902872721,19.866666666666667
2013-08-28,08:28:03,3.066666666666667,4.799985885620117,19.933333333333334
2013-08-28,08:33:03,3.3666666666666667,6.666650772094726,20.0
2013-08-28,08:38:03,3.0,7.866649627685547,19.933333333333334
2013-08-28,08:43:03,3.0,5.399986902872721,19.933333333333334
2013-08-28,08:48:03,3.3,6.999985376993817,20.133333333333333
2013-08-28,08:53:03,3.033333333333333,5.866648356119793,20.066666666666666
2013-08-28,08:58:03,3.1,5.666656494140625,19.933333333333334
2013-08-28,09:03:03,3.3666666666666667,6.59997304280599,20.133333333333333
2013-08-28,09:08:03,3.033333333333333,3.9999866485595703,19.8
2013-08-28,09:13:03,3.0,4.466644922892252,20.066666666666666
2013-08-28,09:18:03,3.5,8.666642506917317,20.0
2013-08-28,09:23:03,3.0,5.3999773661295585,19.8
2013-08-28,09:28:03,3.0,4.533325831095378,19.933333333333334
2013-08-28,09:33:03,3.466666666666667,5.933319727579754,20.133333333333333
2013-08-28,09:38:03,3.033333333333333,4.266659418741861,20.0
2013-08-28,09:43:03,3.0,4.733317693074545,19.733333333333334
2013-08-28,09:48:03,3.4,11.99998219807943,20.33333333333333
2013-08-28,09:53:03,3.0,10.533307393391928,20.133333333333333
2013-08-28,09:58:03,3.0,4.8666540781656895,19.866666666666667
2013-08-28,10:03:03,3.4,7.3999818166097,19.866666666666667
2013-08-28,10:08:03,3.066666666666667,6.533317565917969,19.8
2013-08-28,10:13:03,3.0,5.333315531412761,20.0
2013-08-28,10:18:03,3.466666666666667,4.799979527791342,20.4
2013-08-28,10:23:03,3.0,5.53331693013509,20.0
2013-08-28,10:28:03,3.033333333333333,5.666646957397461,19.866666666666667
2013-08-28,10:33:03,3.4,6.86664899190267,19.866666666666667
2013-08-28,10:38:03,3.1,6.59998575846354,19.933333333333334
2013-08-28,10:43:03,3.0,7.133321762084961,19.933333333333334
2013-08-28,10:48:03,3.3,7.866643269856771,20.0
2013-08-28,10:53:03,3.0,5.066652297973633,19.8
2013-08-28,10:58:04,3.033333333333333,5.799983342488606,19.8
2013-08-28,11:03:04,3.4,7.066650390625,20.266666666666666
2013-08-28,11:08:04,3.0,6.399984359741211,19.866666666666667
2013-08-28,11:13:04,3.033333333333333,5.199985504150391,20.133333333333333
2013-08-28,11:18:04,3.466666666666667,6.399974822998048,20.133333333333333
2013-08-28,11:23:04,3.0,5.666653315226236,20.0
2013-08-28,11:28:04,3.066666666666667,8.866643905639648,20.0
2013-08-28,11:33:04,3.3666666666666667,6.933317184448243,19.933333333333334
2013-08-28,11:38:04,3.0,5.399980545043945,20.0
2013-08-28,11:43:04,3.033333333333333,5.799980163574219,19.8
2013-08-28,11:48:04,3.333333333333333,8.599977493286133,20.133333333333333
2013-08-28,11:53:04,3.0,5.599985122680664,20.266666666666666
2013-08-28,11:58:04,3.0,5.799989700317383,19.8
2013-08-28,12:03:04,3.3666666666666667,7.399984995524088,20.0
2013-08-28,12:08:04,3.033333333333333,5.399980545043945,19.733333333333334
2013-08-28,12:13:04,3.033333333333333,3.933308919270833,19.8
2013-08-28,12:18:04,3.466666666666667,9.13331667582194,19.933333333333334
2013-08-28,12:23:04,3.0,6.99997901916504,19.866666666666667
2013-08-28,12:28:04,3.0,4.666655858357748,19.933333333333334
2013-08-28,12:33:04,3.4,7.999973297119141,19.933333333333334
2013-08-28,12:38:04,3.0,6.399984359741211,19.866666666666667
2013-08-28,12:43:04,3.0,5.199985504150391,20.0
2013-08-28,12:48:04,3.3666666666666667,5.9999847412109375,20.133333333333333
2013-08-28,12:58:04,3.0,3.799991607666016,20.133333333333333
2013-08-28,13:03:04,3.433333333333333,6.666638056437174,20.133333333333333
2013-08-28,13:08:04,3.033333333333333,9.599981307983398,20.0
2013-08-28,13:13:04,3.0,6.666647593180337,20.066666666666666
2013-08-28,13:18:04,3.5,8.799982070922852,20.266666666666666
2013-08-28,13:23:04,3.0,6.466646194458008,20.066666666666666
2013-08-28,13:28:04,3.0,6.599979400634766,20.066666666666666
2013-08-28,13:33:04,3.4,5.8666451772054025,20.066666666666666
2013-08-28,13:38:04,3.0,5.5999755859375,19.8
2013-08-28,13:43:04,3.0,6.599969863891602,19.733333333333334
2013-08-28,13:48:04,3.4,6.333309809366862,20.066666666666666
2013-08-28,13:53:04,3.0,7.666645050048829,20.0
2013-08-28,13:58:04,3.0,8.19997787475586,19.666666666666668
2013-08-28,14:03:04,3.3666666666666667,8.599977493286133,20.0
2013-08-28,14:08:04,3.0,4.799985885620117,19.933333333333334
2013-08-28,14:13:04,3.0,5.5999819437662754,19.933333333333334
2013-08-28,14:18:04,3.3666666666666667,6.799974441528319,20.066666666666666
2013-08-28,14:23:04,3.0,6.199989318847656,19.933333333333334
2013-08-28,14:28:04,3.0,5.599985122680664,19.866666666666667
2013-08-28,14:33:04,3.3666666666666667,7.199983596801758,20.33333333333333
2013-08-28,14:38:04,3.0,4.99998410542806,20.0
2013-08-28,14:43:04,3.033333333333333,7.066653569539389,20.133333333333333
2013-08-28,14:48:04,3.4,8.599987030029297,20.133333333333333
2013-08-28,14:53:04,3.033333333333333,4.999980926513672,19.733333333333334
2013-08-28,14:58:04,3.1,5.199975967407227,19.933333333333334
2013-08-28,15:03:04,3.3666666666666667,7.199974060058594,20.066666666666666
2013-08-28,15:08:04,3.0,5.333305994669597,20.133333333333333
2013-08-28,15:13:04,3.033333333333333,5.999994277954102,19.866666666666667
2013-08-28,15:18:04,3.533333333333333,6.799983978271484,19.933333333333334
2013-08-28,15:23:04,3.033333333333333,5.599985122680664,20.133333333333333
2013-08-28,15:28:04,3.033333333333333,4.199991226196289,20.133333333333333
2013-08-28,15:33:04,3.5,8.666652043660482,20.133333333333333
2013-08-28,15:38:04,3.0,6.399974822998048,20.066666666666666
2013-08-28,15:43:04,3.0,4.999980926513672,20.0
2013-08-28,15:48:04,3.4,6.599988937377929,20.133333333333333
2013-08-28,15:53:04,3.066666666666667,6.199989318847656,19.733333333333334
2013-08-28,15:58:04,3.0,6.599979400634766,20.0
2013-08-28,16:03:04,3.433333333333333,9.39997673034668,20.066666666666666
2013-08-28,16:08:04,3.0,5.9999847412109375,20.0
2013-08-28,16:13:04,3.033333333333333,4.599981307983398,20.2
2013-08-28,16:18:04,3.433333333333333,6.799974441528319,20.33333333333333
2013-08-28,16:23:04,3.266666666666667,6.6666444142659484,20.666666666666668
2013-08-28,16:28:04,3.3,8.733304341634113,21.73333333333333
2013-08-28,16:33:05,3.633333333333333,8.06664784749349,21.066666666666666
2013-08-28,16:38:05,3.0,6.7333221435546875,21.066666666666666
2013-08-28,16:43:05,3.0,5.799983342488606,21.0
2013-08-28,16:48:05,3.7,8.19997469584147,20.53333333333333
2013-08-28,16:53:05,3.066666666666667,5.666650136311848,19.933333333333334
2013-08-28,16:58:05,3.066666666666667,5.733315149943033,20.133333333333333
2013-08-28,17:03:05,3.3666666666666667,6.733303070068359,20.0
2013-08-28,17:08:05,3.0,4.39997673034668,19.866666666666667
2013-08-28,17:13:05,3.3666666666666667,8.666642506917317,21.266666666666666
2013-08-28,17:18:05,3.666666666666667,10.86665471394857,21.33333333333333
2013-08-28,17:23:05,3.233333333333333,6.466643015543622,21.066666666666666
2013-08-28,17:28:05,3.066666666666667,5.199975967407227,20.733333333333334
2013-08-28,17:33:05,3.566666666666667,9.46664810180664,21.33333333333333
2013-08-28,17:38:05,3.266666666666667,6.0666433970133475,20.933333333333334
2013-08-28,17:43:05,3.066666666666667,5.933313369750977,20.8
2013-08-28,17:48:05,3.466666666666667,7.733313242594403,21.066666666666666
2013-08-28,17:53:05,3.3,7.333316802978515,20.53333333333333
2013-08-28,17:58:05,3.1,6.13331158955892,20.33333333333333
2013-08-28,18:03:05,3.533333333333333,8.333317438761394,20.2
2013-08-28,18:08:05,3.033333333333333,8.133316040039062,19.933333333333334
2013-08-28,18:13:05,3.0,5.2666473388671875,20.0
2013-08-28,18:18:05,3.466666666666667,5.666646957397461,20.4
2013-08-28,18:23:05,3.0,4.533319473266602,19.933333333333334
2013-08-28,18:28:05,4.233333333333333,9.799982706705729,20.4
2013-08-28,18:33:05,3.466666666666667,13.866640726725258,20.266666666666666
2013-08-28,18:38:05,3.333333333333333,10.73332150777181,20.066666666666666
2013-08-28,18:43:05,3.033333333333333,6.533317565917969,20.066666666666666
2013-08-28,18:48:05,3.5,9.199972152709961,20.066666666666666
2013-08-28,18:53:05,3.1333333333333333,7.733313242594403,19.866666666666667
2013-08-28,18:58:05,3.0,7.79998779296875,19.933333333333334
2013-08-28,19:03:05,3.433333333333333,7.733316421508789,20.066666666666666
2013-08-28,19:08:05,3.033333333333333,4.666646321614584,19.8
2013-08-28,19:13:05,3.0,5.466651916503906,20.133333333333333
2013-08-28,19:18:05,3.466666666666667,8.733307520548502,20.133333333333333
2013-08-28,19:23:06,3.0,5.333318710327148,21.266666666666666
2013-08-28,19:28:06,3.033333333333333,4.933319091796875,19.8
2013-08-28,19:33:06,3.3666666666666667,6.466649373372396,20.33333333333333
2013-08-28,19:38:06,3.033333333333333,6.86664899190267,19.8
2013-08-28,19:43:06,3.066666666666667,8.999983469645183,20.066666666666666
2013-08-28,19:48:06,3.4,6.6666444142659484,20.466666666666665
2013-08-28,19:53:06,2.966666666666667,4.666649500528972,19.933333333333334
2013-08-28,19:58:06,3.1,5.933316548665365,19.933333333333334
2013-08-28,20:03:06,3.433333333333333,8.533318837483723,21.2
2013-08-28,20:08:06,3.033333333333333,5.466648737589518,20.066666666666666
2013-08-28,20:13:06,3.0,5.5999819437662754,20.133333333333333
2013-08-28,20:18:06,3.5,8.26664924621582,20.4
2013-08-28,20:23:06,3.1,5.066652297973633,20.0
2013-08-28,20:28:06,3.2,4.26664670308431,20.0
2013-08-28,20:33:06,3.433333333333333,8.73331069946289,20.33333333333333
2013-08-28,20:38:06,3.0,6.933307647705078,20.4
2013-08-28,20:43:06,3.0,4.533319473266602,20.066666666666666
2013-08-28,20:48:06,3.433333333333333,4.666652679443359,20.133333333333333
2013-08-28,20:53:06,3.0,5.733311971028645,20.066666666666666
2013-08-28,20:58:06,3.0,4.799979527791342,20.0
2013-08-28,21:03:06,3.3666666666666667,7.666657765706381,19.933333333333334
2013-08-28,21:08:06,3.1,5.39997418721517,20.066666666666666
2013-08-28,21:13:06,3.033333333333333,4.399986267089844,20.133333333333333
2013-08-28,21:18:06,3.5,7.933317820231118,20.2
2013-08-28,21:23:06,3.0,7.3333104451497375,19.933333333333334
2013-08-28,21:28:06,3.0,5.599994659423828,20.0
2013-08-28,21:33:06,3.3666666666666667,7.266654968261718,20.066666666666666
2013-08-28,21:38:06,3.033333333333333,4.866647720336914,19.8
2013-08-28,21:43:06,3.0,5.266656875610352,20.066666666666666
2013-08-28,21:48:06,3.333333333333333,7.199980417887369,20.066666666666666
2013-08-28,21:53:07,3.0,6.866645812988281,20.0
2013-08-28,21:58:07,3.0,4.866641362508139,20.133333333333333
2013-08-28,22:03:07,3.466666666666667,7.199983596801758,20.0
2013-08-28,22:08:07,3.1,5.866648356119793,19.933333333333334
2013-08-28,22:13:07,3.0,6.533311208089193,20.066666666666666
2013-08-28,22:18:07,3.433333333333333,5.666643778483072,20.0
2013-08-28,22:23:07,3.033333333333333,5.599985122680664,20.133333333333333
2013-08-28,22:28:07,3.033333333333333,4.333327611287434,20.53333333333333
2013-08-28,22:33:07,3.3666666666666667,5.533313751220703,20.133333333333333
2013-08-28,22:38:07,3.066666666666667,6.6666412353515625,19.933333333333334
2013-08-28,22:43:07,3.0,7.533315022786459,19.8
2013-08-28,22:48:06,3.333333333333333,7.399972279866534,20.0
2013-08-28,22:53:06,3.0,5.533313751220703,19.8
2013-08-28,22:58:06,3.1,4.999987284342447,19.933333333333334
2013-08-28,23:03:06,3.333333333333333,8.466641108194988,20.4
2013-08-28,23:08:06,3.1,7.333319981892903,19.866666666666667
2013-08-28,23:13:06,3.066666666666667,6.866652170817058,20.066666666666666
2013-08-28,23:18:06,3.7,9.066648483276367,20.2
2013-08-28,23:23:06,3.0,5.466651916503906,19.933333333333334
2013-08-28,23:28:06,3.0,5.066642761230469,20.0
2013-08-28,23:33:06,3.4,8.399976094563803,20.133333333333333
2013-08-28,23:38:06,3.033333333333333,4.999971389770508,19.8
2013-08-28,23:43:06,3.0,4.933315912882486,20.0
2013-08-28,23:48:06,3.4,8.93331209818522,20.33333333333333
2013-08-28,23:53:06,3.0,6.199986139933268,20.133333333333333
2013-08-28,23:58:06,3.0,6.7333221435546875,20.066666666666666
2013-08-29,00:03:07,3.4,6.599982579549152,19.933333333333334
2013-08-29,00:08:07,3.0,4.199981689453125,19.8
2013-08-29,00:13:07,3.033333333333333,5.133304595947266,19.933333333333334
2013-08-29,00:18:07,3.5,6.86664899190267,20.0
2013-08-29,00:23:07,3.166666666666667,4.533329010009766,20.0
2013-08-29,00:28:07,3.066666666666667,4.666652679443359,20.0
2013-08-29,00:33:07,3.3666666666666667,9.533316294352213,20.33333333333333
2013-08-29,00:38:07,2.966666666666667,10.333305994669596,20.0
2013-08-29,00:43:07,3.066666666666667,6.13331158955892,20.866666666666667
2013-08-29,00:48:07,3.533333333333333,6.799983978271484,20.133333333333333
2013-08-29,00:53:07,3.0,5.8666451772054025,19.8
2013-08-29,00:58:07,3.0,7.266645431518555,20.133333333333333
2013-08-29,01:03:07,3.4,6.59998575846354,20.133333333333333
2013-08-29,01:08:07,3.0,5.799983342488606,20.4
2013-08-29,01:13:07,3.1,5.0666459401448565,19.933333333333334
2013-08-29,01:18:07,3.5,6.533317565917969,19.866666666666667
2013-08-29,01:23:07,3.066666666666667,6.133308410644531,20.066666666666666
2013-08-29,01:28:07,3.0,7.133312225341797,20.066666666666666
2013-08-29,01:33:07,3.333333333333333,5.5999755859375,20.066666666666666
2013-08-29,01:38:07,3.033333333333333,5.533320109049479,19.933333333333334
2013-08-29,01:43:07,3.0,3.9333184560139984,19.6
2013-08-29,01:48:07,3.3,5.666653315226236,20.266666666666666
2013-08-29,01:53:07,3.033333333333333,3.866647084554036,19.933333333333334
2013-08-29,01:58:07,3.0,4.466660817464193,19.933333333333334
2013-08-29,02:03:07,3.5,7.266654968261718,20.133333333333333
2013-08-29,02:08:08,3.033333333333333,5.999987920125326,19.933333333333334
2013-08-29,02:13:08,3.033333333333333,6.399984359741211,20.0
2013-08-29,02:18:08,3.466666666666667,10.199975967407227,19.733333333333334
2013-08-29,02:23:08,3.066666666666667,5.799989700317383,19.933333333333334
2013-08-29,02:28:08,3.033333333333333,4.599987665812175,20.133333333333333
2013-08-29,02:33:08,3.4,6.999988555908203,20.2
2013-08-29,02:38:08,3.0,5.599985122680664,19.933333333333334
2013-08-29,02:43:08,3.0,7.399988174438477,19.866666666666667
2013-08-29,02:48:08,3.5,7.399988174438477,19.933333333333334
2013-08-29,02:53:08,3.033333333333333,4.799985885620117,19.866666666666667
2013-08-29,02:58:08,3.0,4.799976348876953,20.4
2013-08-29,03:03:08,3.433333333333333,5.9999847412109375,20.133333333333333
2013-08-29,03:08:08,3.033333333333333,8.599977493286133,20.0
2013-08-29,03:13:08,3.066666666666667,4.799985885620117,20.0
2013-08-29,03:18:08,3.466666666666667,5.199985504150391,20.133333333333333
2013-08-29,03:23:08,3.066666666666667,5.933326085408529,19.866666666666667
2013-08-29,03:28:08,3.0,6.199979782104492,19.933333333333334
2013-08-29,03:33:08,3.333333333333333,5.533326466878254,19.866666666666667
2013-08-29,03:38:08,3.066666666666667,4.799985885620117,19.666666666666668
2013-08-29,03:43:08,3.066666666666667,4.999980926513672,19.8
2013-08-29,03:48:08,3.333333333333333,7.066647211710614,20.33333333333333
2013-08-29,03:53:08,3.1,5.9999847412109375,20.066666666666666
2013-08-29,03:58:08,3.033333333333333,5.399980545043945,20.0
2013-08-29,04:03:08,3.3666666666666667,6.733315785725911,20.2
2013-08-29,04:08:09,3.0,7.79998779296875,20.133333333333333
2013-08-29,04:13:09,3.0,6.599979400634766,19.933333333333334
2013-08-29,04:18:09,3.533333333333333,8.799982070922852,20.33333333333333
2013-08-29,04:23:09,3.033333333333333,7.199983596801758,19.933333333333334
2013-08-29,04:28:09,3.0,4.199991226196289,19.666666666666668
2013-08-29,04:33:09,3.3666666666666667,6.599979400634766,20.2
2013-08-29,04:38:09,3.0,6.199979782104492,19.8
2013-08-29,04:43:09,3.9,6.133317947387695,19.666666666666668
2013-08-29,04:48:09,3.433333333333333,8.19997787475586,20.2
2013-08-29,04:53:09,3.1,6.399974822998048,19.733333333333334
2013-08-29,04:58:09,3.0,5.599988301595051,19.933333333333334
2013-08-29,05:03:09,3.4,9.866641362508139,20.2
2013-08-29,05:08:09,3.0,6.199982961018879,19.933333333333334
2013-08-29,05:13:09,3.0,5.999975204467773,19.8
2013-08-29,05:18:09,3.466666666666667,9.399967193603516,20.066666666666666
2013-08-29,05:23:09,3.0,6.599988937377929,19.8
2013-08-29,05:28:09,3.0,4.999990463256836,20.0
2013-08-29,05:33:09,3.4,9.733304977416992,19.866666666666667
2013-08-29,05:38:09,3.0,6.399984359741211,19.8
2013-08-29,05:43:09,3.0,6.466655731201172,19.8
2013-08-29,05:48:09,3.4,8.799982070922852,20.133333333333333
2013-08-29,05:53:09,3.033333333333333,5.799980163574219,20.066666666666666
2013-08-29,05:58:09,3.033333333333333,6.06663703918457,19.866666666666667
2013-08-29,06:03:09,3.533333333333333,7.999982833862304,20.0
2013-08-29,06:08:09,3.033333333333333,5.399990081787109,19.866666666666667
2013-08-29,06:13:09,3.0,5.5999755859375,19.866666666666667
2013-08-29,06:18:09,3.566666666666667,8.59998067220052,19.933333333333334
2013-08-29,06:23:09,3.0,7.199980417887369,20.0
2013-08-29,06:28:09,3.033333333333333,5.26666005452474,20.266666666666666
2013-08-29,06:33:09,3.4,6.199979782104492,20.0
2013-08-29,06:38:09,3.0,4.599981307983398,19.933333333333334
2013-08-29,06:43:09,3.033333333333333,5.399990081787109,20.0
2013-08-29,06:48:09,3.466666666666667,5.399986902872721,20.066666666666666
2013-08-29,06:53:09,3.0,4.1333166758219395,19.8
2013-08-29,06:58:10,3.066666666666667,3.7333106994628906,20.133333333333333
2013-08-29,07:03:10,3.4,7.933317820231118,20.2
2013-08-29,07:08:10,3.0,6.399974822998048,19.933333333333334
2013-08-29,07:13:10,3.066666666666667,7.86665916442871,19.733333333333334
2013-08-29,07:18:10,3.5,7.933308283487955,20.133333333333333
2013-08-29,07:23:10,3.0,5.2666473388671875,19.666666666666668
2013-08-29,07:28:10,3.066666666666667,4.533316294352214,19.666666666666668
2013-08-29,07:33:10,3.4,7.3333104451497375,19.933333333333334
2013-08-29,07:38:10,3.0,5.2666441599528,19.866666666666667
2013-08-29,07:43:10,3.0,5.5999755859375,19.933333333333334
2013-08-29,07:48:10,3.3666666666666667,7.199974060058594,20.133333333333333
2013-08-29,07:53:10,3.0,6.933320363362632,20.0
2013-08-29,07:58:09,3.1,6.733318964640299,20.266666666666666
2013-08-29,08:03:09,3.4,8.59998067220052,20.33333333333333
2013-08-29,08:08:09,3.0,6.266647974650065,20.0
2013-08-29,08:13:09,3.0,5.5999755859375,20.066666666666666
2013-08-29,08:18:09,3.433333333333333,6.799987157185873,20.066666666666666
2013-08-29,08:23:09,3.0,5.199982325236003,20.066666666666666
2013-08-29,08:28:09,3.0,4.599981307983398,19.933333333333334
2013-08-29,08:33:09,3.333333333333333,6.066646575927734,20.0
2013-08-29,08:38:09,3.0,5.733311971028645,20.133333333333333
2013-08-29,08:43:09,3.0,6.199986139933268,19.733333333333334
2013-08-29,08:48:09,3.466666666666667,7.999976476033527,20.133333333333333
2013-08-29,08:53:10,3.0,6.199979782104492,19.933333333333334
2013-08-29,08:58:10,3.0,4.333314895629883,19.866666666666667
2013-08-29,09:03:10,3.466666666666667,5.933313369750977,20.466666666666665
2013-08-29,09:08:10,3.066666666666667,4.599994023640951,20.2
2013-08-29,09:13:10,3.0,5.866648356119793,20.0
2013-08-29,09:18:10,3.4,6.999991734822592,20.33333333333333
2013-08-29,09:23:10,3.0,6.133317947387695,20.0
2013-08-29,09:28:10,3.033333333333333,4.599981307983398,19.8
2013-08-29,09:33:10,3.466666666666667,7.666654586791992,19.866666666666667
2013-08-29,09:38:10,4.233333333333333,12.266639073689781,20.133333333333333
2013-08-29,09:43:10,3.0,12.26663589477539,20.0
2013-08-29,09:48:10,3.3666666666666667,10.799973805745445,20.2
2013-08-29,09:53:10,3.0,6.666647593180337,20.133333333333333
2013-08-29,09:58:10,3.033333333333333,6.466655731201172,20.33333333333333
2013-08-29,10:03:10,3.3666666666666667,8.266639709472656,20.133333333333333
2013-08-29,10:08:10,3.0,5.399983723958334,20.0
2013-08-29,10:13:10,3.0,6.666647593180337,20.33333333333333
2013-08-29,10:18:10,3.466666666666667,7.466650009155273,19.933333333333334
2013-08-29,10:23:10,3.0,5.466651916503906,19.8
2013-08-29,10:28:10,3.2,5.8666451772054025,20.133333333333333
2013-08-29,10:33:10,3.4,5.86665153503418,20.266666666666666
2013-08-29,10:38:10,3.033333333333333,4.266649881998697,19.866666666666667
2013-08-29,10:43:10,3.0,4.466654459635417,19.8
2013-08-29,10:48:10,3.3666666666666667,6.066646575927734,20.0
2013-08-29,10:53:10,3.0,5.399993260701496,19.666666666666668
2013-08-29,10:58:10,3.0,6.3333161671956395,19.933333333333334
2013-08-29,11:03:10,3.4,6.86664899190267,20.2
2013-08-29,11:08:10,3.066666666666667,4.933328628540039,19.933333333333334
2013-08-29,11:13:10,3.0,3.9999961853027344,20.2
2013-08-29,11:18:10,3.533333333333333,9.59997812906901,20.066666666666666
2013-08-29,11:23:10,3.166666666666667,6.466649373372396,20.8
2013-08-29,11:28:10,3.3666666666666667,7.399984995524088,20.6
2013-08-29,11:33:11,3.4,6.666650772094726,20.133333333333333
2013-08-29,11:38:11,3.0,5.0666459401448565,20.133333333333333
2013-08-29,11:43:11,3.0,6.266644795735678,20.133333333333333
2013-08-29,11:48:11,3.333333333333333,6.599976221720377,20.33333333333333
2013-08-29,11:53:11,3.066666666666667,5.066649119059244,20.133333333333333
2013-08-29,11:58:11,3.0,4.533329010009766,20.066666666666666
2013-08-29,12:03:11,3.4,6.999982198079429,20.0
2013-08-29,12:08:11,3.0,8.333320617675781,19.733333333333334
2013-08-29,12:13:11,3.0,6.466649373372396,19.8
2013-08-29,12:18:11,3.5,9.46665128072103,20.0
2013-08-29,12:23:11,3.033333333333333,5.8666451772054025,19.933333333333334
2013-08-29,12:28:11,3.066666666666667,4.7333113352457685,20.466666666666665
2013-08-29,12:33:11,3.7,8.866647084554037,21.066666666666666
2013-08-29,12:38:11,3.1,6.999985376993817,20.0
2013-08-29,12:43:11,3.033333333333333,5.666643778483072,20.133333333333333
2013-08-29,12:48:11,3.5,8.26664924621582,20.4
2013-08-29,12:53:11,3.033333333333333,5.599988301595051,20.0
2013-08-29,12:58:11,3.0,7.266642252604166,20.33333333333333
2013-08-29,13:03:11,3.5,5.533313751220703,20.666666666666668
2013-08-29,13:08:11,3.566666666666667,5.933319727579754,21.86666666666667
2013-08-29,13:13:11,3.066666666666667,5.999987920125326,20.266666666666666
2013-08-29,13:18:11,3.333333333333333,8.666652043660482,20.33333333333333
2013-08-29,13:23:11,3.0,5.466655095418293,19.866666666666667
2013-08-29,13:28:11,3.0,4.533319473266602,19.866666666666667
2013-08-29,13:33:11,3.466666666666667,7.399988174438477,20.33333333333333
2013-08-29,13:38:11,3.0,5.666640599568684,20.0
2013-08-29,13:43:11,3.1,7.066650390625,20.133333333333333
2013-08-29,13:48:11,3.3666666666666667,8.93331527709961,20.33333333333333
2013-08-29,13:53:11,3.0,5.266656875610352,20.066666666666666
2013-08-29,13:58:11,3.0,5.466648737589518,20.266666666666666
2013-08-29,14:03:11,3.4,6.99997901916504,20.0
2013-08-29,14:08:11,3.0,5.466651916503906,19.8
2013-08-29,14:13:11,3.033333333333333,5.79997698465983,19.8
2013-08-29,14:18:11,3.533333333333333,8.666648864746094,19.933333333333334
2013-08-29,14:23:11,3.0,7.133321762084961,19.933333333333334
2013-08-29,14:28:11,3.0,4.866647720336914,20.066666666666666
2013-08-29,14:33:11,3.433333333333333,9.799982706705729,20.2
2013-08-29,14:38:11,3.0,9.266646703084309,20.133333333333333
2013-08-29,14:43:11,3.1,5.199982325236003,20.0
2013-08-29,14:48:12,3.4,6.799993515014649,20.133333333333333
2013-08-29,14:53:12,3.0,4.666652679443359,19.866666666666667
2013-08-29,14:58:12,3.0,4.1333071390787754,20.066666666666666
2013-08-29,15:03:12,3.333333333333333,7.33332633972168,20.53333333333333
2013-08-29,15:08:12,3.0,5.333312352498373,20.2
2013-08-29,15:13:12,3.0,5.133320490519206,19.933333333333334
2013-08-29,15:18:12,3.533333333333333,7.5999800364176435,20.066666666666666
2013-08-29,15:23:12,3.0,6.199982961018879,19.8
2013-08-29,15:28:12,3.0,7.399988174438477,19.866666666666667
2013-08-29,15:33:12,3.4,6.533311208089193,20.33333333333333
2013-08-29,15:38:12,3.0,5.866657892862957,20.066666666666666
2013-08-29,15:43:12,3.0,5.933313369750977,19.866666666666667
2013-08-29,15:48:12,3.4,8.199987411499023,20.4
2013-08-29,15:53:12,5.566666666666666,10.86665471394857,21.73333333333333
2013-08-29,15:58:12,3.533333333333333,12.466637293497723,7.0
2013-08-29,16:03:12,3.333333333333333,8.26664924621582,7.2
2013-08-29,16:08:12,3.0,6.13331158955892,6.933333333333334
2013-08-29,16:13:12,3.0,6.59998575846354,6.8
2013-08-29,16:18:12,3.433333333333333,5.13331413269043,7.066666666666666
2013-08-29,16:23:12,3.0,5.733321507771809,6.8
2013-08-29,16:28:12,2.933333333333333,6.99997901916504,6.866666666666666
2013-08-29,16:33:12,3.3666666666666667,5.666643778483072,6.933333333333334
2013-08-29,16:38:12,3.0,5.399983723958334,6.7333333333333325
2013-08-29,16:43:12,3.0,4.199991226196289,6.8
2013-08-29,16:48:12,3.3,7.466643651326497,7.0
2013-08-29,16:53:12,3.0,5.066652297973633,6.6
2013-08-29,16:58:12,2.966666666666667,4.866657257080078,6.7333333333333325
2013-08-29,17:03:12,3.4,10.066649119059244,6.8
2013-08-29,17:08:12,3.0,6.466655731201172,7.133333333333334
2013-08-29,17:13:11,3.0,5.5333105723063145,6.933333333333334
2013-08-29,17:18:11,3.333333333333333,6.733309427897134,7.0
2013-08-29,17:23:12,3.0,4.133323033650716,6.533333333333332
2013-08-29,17:28:12,3.0,4.533306757609049,6.666666666666668
2013-08-29,17:33:12,3.4,5.9999847412109375,7.466666666666668
2013-08-29,17:38:12,3.0,4.999990463256836,7.133333333333334
2013-08-29,17:43:12,3.0,4.39997673034668,7.133333333333334
2013-08-29,17:48:12,3.3,7.066653569539389,7.066666666666666
2013-08-29,17:53:12,3.033333333333333,6.99997901916504,6.933333333333334
2013-08-29,17:58:12,3.0,4.933315912882486,6.8
2013-08-29,18:03:12,3.3,6.733318964640299,6.933333333333334
2013-08-29,18:08:12,2.9,4.799985885620117,6.666666666666668
2013-08-29,18:13:12,3.0,5.199985504150391,6.466666666666668
2013-08-29,18:18:12,3.466666666666667,6.399984359741211,7.0
2013-08-29,18:23:12,3.0,4.399986267089844,6.666666666666668
2013-08-29,18:28:12,3.0,4.799985885620117,7.133333333333334
2013-08-29,18:33:12,3.4,5.999975204467773,7.333333333333332
2013-08-29,18:38:12,3.066666666666667,5.399990081787109,6.8
2013-08-29,18:43:12,3.0,5.399980545043945,6.866666666666666
2013-08-29,18:48:12,3.333333333333333,7.799978256225586,6.866666666666666
2013-08-29,18:53:12,3.0,5.199985504150391,6.6
2013-08-29,18:58:12,2.933333333333333,3.733307520548502,6.7333333333333325
2013-08-29,19:03:12,3.3666666666666667,7.7999814351399746,6.933333333333334
2013-08-29,19:08:12,3.0,5.933313369750977,7.133333333333334
2013-08-29,19:13:12,2.933333333333333,6.799983978271484,7.2
2013-08-29,19:18:12,3.3666666666666667,9.59997812906901,7.133333333333334
2013-08-29,19:23:12,3.033333333333333,8.19997787475586,6.666666666666668
2013-08-29,19:28:12,3.1,5.666646957397461,6.8
2013-08-29,19:33:12,3.3,8.799982070922852,7.0
2013-08-29,19:38:12,3.0,5.199975967407227,6.666666666666668
2013-08-29,19:43:12,2.966666666666667,4.466654459635417,7.066666666666666
2013-08-29,19:48:12,3.3,7.399988174438477,7.0
2013-08-29,19:53:12,3.0,4.5999908447265625,6.933333333333334
2013-08-29,19:58:12,3.0,5.266650517781576,6.866666666666666
2013-08-29,20:03:13,3.233333333333333,6.799983978271484,6.8
2013-08-29,20:08:13,3.0,5.399980545043945,6.533333333333332
2013-08-29,20:13:13,2.966666666666667,6.399984359741211,7.133333333333334
2013-08-29,20:18:13,3.3666666666666667,8.799982070922852,7.066666666666666
2013-08-29,20:23:13,3.0,7.599983215332032,6.866666666666666
2013-08-29,20:28:13,2.933333333333333,6.0666433970133475,7.066666666666666
2013-08-29,20:33:13,3.3,7.999982833862304,6.8
2013-08-29,20:38:13,3.0,6.399974822998048,6.8
2013-08-29,20:43:13,3.0,5.06665547688802,6.6
2013-08-29,20:48:13,3.3666666666666667,6.399993896484375,6.7333333333333325
2013-08-29,20:53:13,3.0,3.9999866485595703,6.7333333333333325
2013-08-29,20:58:13,3.0,4.999980926513672,6.7333333333333325
2013-08-29,21:03:13,3.3,6.999988555908203,6.6
2013-08-29,21:08:13,3.0,6.266641616821289,6.8
2013-08-29,21:13:13,3.033333333333333,7.199974060058594,6.8
2013-08-29,21:18:13,3.333333333333333,6.799983978271484,6.866666666666666
2013-08-29,21:23:13,2.966666666666667,6.799983978271484,6.6
2013-08-29,21:28:13,3.0,4.799976348876953,6.466666666666668
2013-08-29,21:33:13,3.3,5.399980545043945,6.866666666666666
2013-08-29,21:38:13,3.0,5.199975967407227,7.0
2013-08-29,21:43:13,3.0,4.799985885620117,6.933333333333334
2013-08-29,21:48:13,3.333333333333333,8.266646067301432,7.133333333333334
2013-08-29,21:53:13,3.0,5.666650136311848,7.066666666666666
2013-08-29,21:58:13,3.0,5.266653696695964,6.8
2013-08-29,22:03:13,3.233333333333333,9.599981307983398,7.0
2013-08-29,22:08:13,2.933333333333333,4.999980926513672,6.8
2013-08-29,22:13:13,3.0,5.933322906494141,7.2
2013-08-29,22:18:13,3.333333333333333,10.199975967407227,6.866666666666666
2013-08-29,22:23:14,3.0,5.733318328857422,6.933333333333334
2013-08-29,22:28:14,3.0,3.7999852498372393,6.7333333333333325
2013-08-29,22:33:14,3.3666666666666667,7.533315022786459,7.0
2013-08-29,22:38:14,3.033333333333333,6.599982579549152,6.6
2013-08-29,22:43:14,3.0,6.199979782104492,6.8
2013-08-29,22:48:14,3.3,5.733311971028645,6.7333333333333325
2013-08-29,22:53:14,2.966666666666667,7.399988174438477,6.466666666666668
2013-08-29,22:58:14,3.0,4.199991226196289,6.4
2013-08-29,23:03:14,3.333333333333333,8.333314259847006,6.7333333333333325
2013-08-29,23:08:14,4.2,6.13331158955892,6.6
2013-08-29,23:13:14,3.0,11.933301289876304,7.066666666666666
2013-08-29,23:18:14,3.5,9.73331133524577,7.066666666666666
2013-08-29,23:23:14,3.0,8.199981053670248,6.466666666666668
2013-08-29,23:28:14,3.0,4.3333180745442705,6.6
2013-08-29,23:33:14,3.3,5.666650136311848,6.7333333333333325
2013-08-29,23:38:14,3.1,4.866657257080078,6.666666666666668
2013-08-29,23:43:14,2.966666666666667,7.666645050048829,7.0
2013-08-29,23:48:14,3.4,8.133312861124674,7.066666666666666
2013-08-29,23:53:14,3.0,5.733311971028645,6.533333333333332
2013-08-29,23:58:14,3.0,4.466648101806641,6.6
2013-08-30,00:03:14,3.3,6.666657129923502,6.7333333333333325
2013-08-30,00:08:14,3.066666666666667,6.733318964640299,6.666666666666668
2013-08-30,00:13:14,3.0,7.266645431518555,6.933333333333334
2013-08-30,00:18:14,3.433333333333333,7.599983215332032,6.866666666666666
2013-08-30,00:23:14,3.0,4.799982706705729,6.533333333333332
2013-08-30,00:28:14,3.066666666666667,5.9333038330078125,6.6
2013-08-30,00:33:14,3.333333333333333,11.866648991902668,7.133333333333334
2013-08-30,00:38:14,3.0,6.999985376993817,6.866666666666666
2013-08-30,00:43:14,3.0,4.799985885620117,7.0
2013-08-30,00:48:14,3.4,8.333311080932617,7.066666666666666
2013-08-30,00:53:14,3.0,6.3999875386555996,6.8
2013-08-30,00:58:14,3.0,5.933313369750977,6.466666666666668
2013-08-30,01:03:14,3.4,7.1333154042561855,7.066666666666666
2013-08-30,01:08:14,3.0,5.199979146321613,7.066666666666666
2013-08-30,01:13:15,3.033333333333333,6.333309809366862,6.866666666666666
2013-08-30,01:18:15,3.3666666666666667,7.999973297119141,6.933333333333334
2013-08-30,01:23:15,3.0,8.533318837483723,6.466666666666668
2013-08-30,01:28:15,3.0,5.533320109049479,6.466666666666668
2013-08-30,01:33:15,3.3,7.399972279866534,6.8
2013-08-30,01:38:15,2.966666666666667,4.599978129069011,6.8
2013-08-30,01:43:15,3.033333333333333,4.533316294352214,6.933333333333334
2013-08-30,01:48:15,3.4,6.7333126068115225,7.2666666666666675
2013-08-30,01:53:15,3.0,6.133321126302082,6.933333333333334
2013-08-30,01:58:15,2.933333333333333,4.933312733968099,6.533333333333332
2013-08-30,02:03:15,3.4,6.999982198079429,7.0
2013-08-30,02:08:14,3.033333333333333,6.866642634073893,6.866666666666666
2013-08-30,02:13:14,3.033333333333333,8.999983469645183,6.533333333333332
2013-08-30,02:18:14,3.333333333333333,6.733325322469076,7.133333333333334
2013-08-30,02:23:14,2.966666666666667,5.666643778483072,6.8
2013-08-30,02:28:14,3.0,3.533306121826172,6.866666666666666
2013-08-30,02:33:14,3.3666666666666667,5.733311971028645,7.2
2013-08-30,02:38:14,3.0,5.3999773661295585,6.8
2013-08-30,02:43:14,3.0,5.466648737589518,7.0
2013-08-30,02:48:14,3.333333333333333,8.399991989135742,6.8
2013-08-30,02:53:14,3.0,4.933322270711263,6.4
2013-08-30,02:58:14,3.033333333333333,4.333321253458658,6.933333333333334
2013-08-30,03:03:14,3.3666666666666667,8.19997787475586,6.933333333333334
2013-08-30,03:08:14,3.0,4.99998410542806,6.6
2013-08-30,03:13:14,3.0,4.199984868367513,6.933333333333334
2013-08-30,03:18:14,3.5,6.9333140055338545,6.866666666666666
2013-08-30,03:23:14,3.033333333333333,6.066646575927734,7.2
2013-08-30,03:28:14,3.033333333333333,4.399989446004231,7.133333333333334
2013-08-30,03:33:14,3.4,7.799968719482423,6.933333333333334
2013-08-30,03:38:14,3.0,4.866647720336914,6.666666666666668
2013-08-30,03:43:14,3.033333333333333,4.5999908447265625,7.0
2013-08-30,03:48:14,3.566666666666667,13.199971516927086,7.066666666666666
2013-08-30,03:53:14,3.033333333333333,10.733308792114258,7.066666666666666
2013-08-30,03:58:14,3.0,5.399986902872721,6.933333333333334
2013-08-30,04:03:15,3.4,6.199979782104492,6.866666666666666
2013-08-30,04:08:15,3.0,5.599988301595051,6.8
2013-08-30,04:13:15,3.0,4.866657257080078,6.866666666666666
2013-08-30,04:18:15,3.3666666666666667,6.599982579549152,7.133333333333334
2013-08-30,04:23:15,2.966666666666667,6.399984359741211,6.866666666666666
2013-08-30,04:28:15,2.933333333333333,6.266651153564454,7.0
2013-08-30,04:33:15,3.333333333333333,6.266644795735678,7.133333333333334
2013-08-30,04:38:15,3.033333333333333,7.199980417887369,7.066666666666666
2013-08-30,04:43:15,3.766666666666667,8.933308919270834,6.933333333333334
2013-08-30,04:48:15,3.3,8.733317057291666,6.933333333333334
2013-08-30,04:53:15,3.0,5.666640599568684,6.8
2013-08-30,04:58:15,3.0,5.86665153503418,6.666666666666668
2013-08-30,05:03:15,3.3666666666666667,6.733325322469076,6.933333333333334
2013-08-30,05:08:15,3.0,5.733305613199869,6.7333333333333325
2013-08-30,05:13:15,2.966666666666667,4.999980926513672,6.7333333333333325
2013-08-30,05:18:15,3.3666666666666667,5.53331693013509,7.066666666666666
2013-08-30,05:23:15,3.0,6.199979782104492,6.933333333333334
2013-08-30,05:28:15,2.966666666666667,5.733318328857422,6.7333333333333325
2013-08-30,05:33:15,3.333333333333333,7.133309046427411,6.933333333333334
2013-08-30,05:38:15,3.0,6.399984359741211,6.8
2013-08-30,05:43:15,3.0,4.399995803833008,7.2
2013-08-30,05:48:15,3.333333333333333,6.799983978271484,6.933333333333334
2013-08-30,05:53:15,3.0,5.13331413269043,6.933333333333334
2013-08-30,05:58:15,2.966666666666667,4.5999908447265625,7.0
2013-08-30,06:03:15,3.3666666666666667,6.466649373372396,7.0
2013-08-30,06:08:15,3.0,4.5999908447265625,6.7333333333333325
2013-08-30,06:13:15,3.0,4.933322270711263,6.7333333333333325
2013-08-30,06:18:15,3.433333333333333,7.533318201700847,7.133333333333334
2013-08-30,06:23:15,2.966666666666667,8.333311080932617,6.466666666666668
2013-08-30,06:28:15,2.933333333333333,4.666652679443359,6.7333333333333325
2013-08-30,06:33:15,3.333333333333333,5.999978383382162,7.133333333333334
2013-08-30,06:38:15,3.0,5.599985122680664,7.4
2013-08-30,06:43:15,3.0,4.333311716715494,7.2666666666666675
2013-08-30,06:48:15,3.4,7.733306884765626,7.333333333333332
2013-08-30,06:53:15,3.0,6.266641616821289,6.8
2013-08-30,06:58:15,3.0,5.666637420654297,6.533333333333332
2013-08-30,07:03:15,3.4,8.666642506917317,6.933333333333334
2013-08-30,07:08:15,3.033333333333333,6.866655349731446,7.066666666666666
2013-08-30,07:13:16,3.0,8.19997787475586,6.933333333333334
2013-08-30,07:18:16,3.433333333333333,6.599988937377929,7.2666666666666675
2013-08-30,07:23:16,3.0,4.666655858357748,6.933333333333334
2013-08-30,07:28:16,2.9,4.199981689453125,6.666666666666668
2013-08-30,07:33:16,3.233333333333333,5.199979146321613,6.866666666666666
2013-08-30,07:38:16,3.0,4.933322270711263,6.6
2013-08-30,07:43:16,3.0,4.199981689453125,6.666666666666668
2013-08-30,07:48:16,3.4,7.999982833862304,7.0
2013-08-30,07:53:16,2.966666666666667,5.599994659423828,7.066666666666666
2013-08-30,07:58:16,3.0,5.866641998291016,7.2666666666666675
2013-08-30,08:03:16,3.3666666666666667,12.399969100952148,6.866666666666666
2013-08-30,08:08:16,2.966666666666667,6.199979782104492,6.866666666666666
2013-08-30,08:13:16,3.0,4.199981689453125,6.666666666666668
2013-08-30,08:18:16,3.3666666666666667,6.066659291585285,7.066666666666666
2013-08-30,08:23:16,3.033333333333333,6.199979782104492,6.4
2013-08-30,08:28:16,3.0,5.266650517781576,6.866666666666666
2013-08-30,08:33:16,3.333333333333333,7.266648610432941,7.0
2013-08-30,08:38:16,3.0,5.199975967407227,7.0
2013-08-30,08:43:16,3.0,5.799970626831055,7.2666666666666675
2013-08-30,08:48:16,3.3666666666666667,8.399982452392578,7.6
2013-08-30,08:53:16,3.0,6.199989318847656,6.933333333333334
2013-08-30,08:58:16,2.966666666666667,4.799985885620117,6.8
2013-08-30,09:03:16,3.3,4.799976348876953,7.133333333333334
2013-08-30,09:08:16,2.966666666666667,4.599981307983398,6.866666666666666
2013-08-30,09:13:16,3.0,5.799989700317383,7.0
2013-08-30,09:18:16,3.3666666666666667,5.999975204467773,7.466666666666668
2013-08-30,09:23:16,3.1,4.39997673034668,7.2666666666666675
2013-08-30,09:28:16,3.0,5.599985122680664,6.866666666666666
2013-08-30,09:33:16,3.266666666666667,10.399980545043945,7.066666666666666
2013-08-30,09:38:16,3.0,8.599987030029297,6.933333333333334
2013-08-30,09:43:17,3.0,7.799978256225586,6.8
2013-08-30,09:48:17,3.3,7.599992752075195,7.133333333333334
2013-08-30,09:53:17,3.0,5.799980163574219,7.2666666666666675
2013-08-30,09:58:17,2.9,4.599981307983398,7.333333333333332
2013-08-30,10:03:17,3.266666666666667,6.599988937377929,7.2
2013-08-30,10:08:17,3.0,4.5999908447265625,6.866666666666666
2013-08-30,10:13:17,3.0,5.399980545043945,6.8
2013-08-30,10:18:17,3.333333333333333,6.799983978271484,7.2666666666666675
2013-08-30,10:23:17,3.0,5.399990081787109,6.933333333333334
2013-08-30,10:28:17,3.0,6.799983978271484,7.0
2013-08-30,10:33:17,3.3666666666666667,9.1999880472819,6.933333333333334
2013-08-30,10:38:17,3.0,5.666643778483072,6.666666666666668
2013-08-30,10:43:17,3.0,5.799980163574219,7.0
2013-08-30,10:48:17,3.3,6.799987157185873,6.933333333333334
2013-08-30,10:53:17,3.0,4.666655858357748,6.6
2013-08-30,10:58:17,3.0,5.799970626831055,6.8
2013-08-30,11:03:17,3.3,8.933324813842773,6.866666666666666
2013-08-30,11:08:17,2.933333333333333,4.666659037272135,6.866666666666666
2013-08-30,11:13:17,2.966666666666667,6.466643015543622,6.7333333333333325
2013-08-30,11:18:16,3.566666666666667,6.733306248982745,7.466666666666668
2013-08-30,11:23:16,3.333333333333333,7.399984995524088,6.933333333333334
2013-08-30,11:28:16,3.4,7.599989573160809,7.4
2013-08-30,11:33:16,3.233333333333333,8.733317057291666,6.866666666666666
2013-08-30,11:38:16,2.933333333333333,5.733311971028645,6.8
2013-08-30,11:43:16,3.0,4.866650899251302,7.133333333333334
2013-08-30,11:48:16,3.433333333333333,7.133318583170572,7.133333333333334
2013-08-30,11:53:16,3.0,5.333318710327148,6.6
2013-08-30,11:58:16,3.0,5.2666473388671875,6.933333333333334
2013-08-30,12:03:16,3.433333333333333,7.799978256225586,7.066666666666666
2013-08-30,12:08:16,3.1,8.333311080932617,6.666666666666668
2013-08-30,12:13:16,3.0,7.133312225341797,6.866666666666666
2013-08-30,12:18:17,3.4,6.9333140055338545,7.133333333333334
2013-08-30,12:23:17,3.0,5.466642379760742,6.933333333333334
2013-08-30,12:28:17,3.0,6.133317947387695,6.866666666666666
2013-08-30,12:33:17,3.3666666666666667,6.933317184448243,7.066666666666666
2013-08-30,12:38:17,3.0,4.1999880472819004,6.933333333333334
2013-08-30,12:43:17,2.9,2.99998919169108,6.866666666666666
2013-08-30,12:48:17,4.5,14.466638565063478,7.2
2013-08-30,12:53:17,3.0,9.933315912882486,6.933333333333334
2013-08-30,12:58:17,3.033333333333333,6.933310826619467,6.7333333333333325
2013-08-30,13:03:17,3.333333333333333,9.333314895629883,6.933333333333334
2013-08-30,13:08:17,2.933333333333333,5.666646957397461,6.866666666666666
2013-08-30,13:13:17,2.966666666666667,5.666656494140625,7.133333333333334
2013-08-30,13:18:17,3.3666666666666667,6.733318964640299,7.133333333333334
2013-08-30,13:23:17,3.0,4.7333113352457685,6.8
2013-08-30,13:28:17,3.0,4.9999745686848955,6.933333333333334
2013-08-30,13:33:17,3.266666666666667,8.933324813842773,6.7333333333333325
2013-08-30,13:38:17,3.033333333333333,6.066656112670898,6.6
2013-08-30,13:43:17,3.0,5.666646957397461,6.8
2013-08-30,13:48:17,3.4,9.733301798502604,7.2
2013-08-30,13:53:17,2.966666666666667,5.13331413269043,7.133333333333334
2013-08-30,13:58:17,2.966666666666667,4.733314514160156,7.066666666666666
2013-08-30,14:03:17,3.3,8.066635131835938,7.2666666666666675
2013-08-30,14:08:17,3.0,7.133318583170572,7.133333333333334
2013-08-30,14:13:17,2.966666666666667,7.399988174438477,6.866666666666666
2013-08-30,14:18:17,3.433333333333333,7.199980417887369,7.066666666666666
2013-08-30,14:23:17,3.0,5.53331693013509,7.2666666666666675
2013-08-30,14:28:17,3.0,5.666646957397461,7.133333333333334
2013-08-30,14:33:17,3.333333333333333,8.399982452392578,6.933333333333334
2013-08-30,14:38:18,3.0,5.799986521402996,7.0
2013-08-30,14:43:18,2.933333333333333,5.133310953776041,6.8
2013-08-30,14:48:18,3.333333333333333,7.666648228963218,6.866666666666666
2013-08-30,14:53:18,3.0,6.266660690307617,6.533333333333332
2013-08-30,14:58:18,3.0,4.866657257080078,6.7333333333333325
2013-08-30,15:03:18,3.3666666666666667,5.466655095418293,7.0
2013-08-30,15:08:18,3.0,4.8666540781656895,6.7333333333333325
2013-08-30,15:13:18,3.033333333333333,5.3999773661295585,6.666666666666668
2013-08-30,15:18:18,3.333333333333333,5.066652297973633,7.133333333333334
2013-08-30,15:23:18,3.0,5.066652297973633,6.666666666666668
2013-08-30,15:28:18,3.0,6.999985376993817,7.066666666666666
2013-08-30,15:33:18,3.3666666666666667,6.733315785725911,6.933333333333334
2013-08-30,15:38:18,2.933333333333333,7.666654586791992,6.8
2013-08-30,15:43:18,3.0,7.066653569539389,6.866666666666666
2013-08-30,15:48:18,3.3666666666666667,7.399978637695312,7.066666666666666
2013-08-30,15:53:18,3.0,3.9999834696451817,7.0
2013-08-30,15:58:18,2.966666666666667,3.866653442382813,6.666666666666668
2013-08-30,16:03:18,3.3666666666666667,4.9999745686848955,7.066666666666666
2013-08-30,16:08:18,3.0,4.399986267089844,6.933333333333334
2013-08-30,16:13:18,3.0,6.799983978271484,6.933333333333334
2013-08-30,16:18:18,3.5,9.399989446004232,7.2666666666666675
2013-08-30,16:23:18,3.0,7.399984995524088,6.8
2013-08-30,16:28:18,3.0,5.53331693013509,6.666666666666668
2013-08-30,16:33:18,3.4,7.466646830240885,6.8
2013-08-30,16:38:18,3.0,5.2666473388671875,6.8
2013-08-30,16:43:18,3.0,4.933319091796875,7.0
2013-08-30,16:48:18,3.3666666666666667,6.7333126068115225,7.066666666666666
2013-08-30,16:53:18,3.0,9.066648483276367,6.8
2013-08-30,16:58:18,3.0,5.999978383382162,6.866666666666666
2013-08-30,17:03:18,3.3666666666666667,7.066647211710614,7.066666666666666
2013-08-30,17:08:18,3.066666666666667,8.066651026407877,7.133333333333334
2013-08-30,17:13:18,2.933333333333333,5.666646957397461,6.866666666666666
2013-08-30,17:18:19,3.4,6.999982198079429,7.0
2013-08-30,17:23:19,3.0,4.399989446004231,7.0
2013-08-30,17:28:19,3.0,5.399983723958334,6.6
2013-08-30,17:33:19,3.3666666666666667,8.266652425130209,6.8
2013-08-30,17:38:19,3.0,5.333305994669597,6.933333333333334
2013-08-30,17:43:19,3.0,4.866657257080078,6.666666666666668
2013-08-30,17:48:19,3.3666666666666667,7.599976857503256,7.2666666666666675
2013-08-30,17:53:19,2.933333333333333,4.933328628540039,6.666666666666668
2013-08-30,17:58:19,2.966666666666667,7.466646830240885,6.6
2013-08-30,18:03:19,3.3,7.999973297119141,6.7333333333333325
2013-08-30,18:08:19,3.0,4.199984868367513,6.6
2013-08-30,18:13:19,3.066666666666667,5.266650517781576,6.8
2013-08-30,18:18:19,3.6,6.199976603190104,7.866666666666666
2013-08-30,18:23:19,2.933333333333333,5.333318710327148,6.866666666666666
2013-08-30,18:28:19,2.933333333333333,5.46666145324707,6.866666666666666
2013-08-30,18:33:19,3.3666666666666667,6.599982579549152,6.866666666666666
2013-08-30,18:38:19,3.0,6.399981180826825,6.8
2013-08-30,18:43:19,3.0,5.333309173583984,7.133333333333334
2013-08-30,18:48:19,3.3666666666666667,10.666646957397461,7.2666666666666675
2013-08-30,18:53:19,3.0,7.066650390625,7.133333333333334
2013-08-30,18:58:19,3.0,4.533313115437824,6.933333333333334
2013-08-30,19:03:19,3.3666666666666667,6.799980799357096,6.933333333333334
2013-08-30,19:08:19,3.0,5.933326085408529,6.866666666666666
2013-08-30,19:13:19,3.0,4.533313115437824,6.933333333333334
2013-08-30,19:18:19,3.4,5.733318328857422,7.133333333333334
2013-08-30,19:23:19,3.0,5.86665153503418,6.933333333333334
2013-08-30,19:28:20,2.8666666666666667,4.933306376139322,6.933333333333334
2013-08-30,19:33:20,3.3666666666666667,6.466655731201172,6.8
2013-08-30,19:38:20,3.066666666666667,9.399989446004232,6.866666666666666
2013-08-30,19:43:20,3.0,6.9333140055338545,6.866666666666666
2013-08-30,19:48:20,3.2857142857142856,6.357124873570033,6.857142857142858
2013-08-30,19:53:20,3.033333333333333,5.666656494140625,6.866666666666666
2013-08-30,19:58:20,2.933333333333333,5.333318710327148,7.066666666666666
2013-08-30,20:03:20,3.3666666666666667,8.333317438761394,7.133333333333334
2013-08-30,20:08:20,3.0,6.333309809366862,6.8
2013-08-30,20:13:20,3.0,4.933322270711263,6.533333333333332
2013-08-30,20:18:20,3.333333333333333,6.399978001912436,6.866666666666666
2013-08-30,20:23:19,3.1,5.199982325236003,7.6
2013-08-30,20:28:19,3.1071428571428568,8.14283915928432,7.071428571428571
2013-08-30,20:33:19,3.321428571428572,5.928564071655273,7.071428571428571
2013-08-30,20:38:19,3.0,5.1428454262869705,7.071428571428571
2013-08-30,20:43:19,3.0,5.214275632585799,7.2857142857142865
2013-08-30,20:48:19,3.2857142857142856,8.14283915928432,7.2857142857142865
2013-08-30,20:53:19,3.1785714285714284,5.357122421264648,7.7142857142857135
2013-08-30,20:58:19,3.321428571428572,5.92855385371617,9.571428571428571
2013-08-30,21:03:19,3.3928571428571432,8.499979972839355,9.071428571428571
2013-08-30,21:08:20,3.1785714285714284,5.714270046779088,9.071428571428571
2013-08-30,21:13:20,3.3571428571428568,6.99997970036098,10.428571428571429
2013-08-30,21:18:20,3.8571428571428568,12.571399552481516,12.785714285714285
2013-08-30,21:23:20,3.4642857142857144,7.357127325875419,14.428571428571427
2013-08-30,21:28:20,3.4285714285714284,5.357125827244351,14.142857142857142
2013-08-30,21:33:20,3.766666666666667,7.799978256225586,14.866666666666667
2013-08-30,21:38:20,3.4642857142857144,5.714263234819685,14.642857142857142
2013-08-30,21:43:20,3.533333333333333,6.3333161671956395,14.333333333333336
2013-08-30,21:48:20,3.733333333333333,7.066644032796225,14.2
2013-08-30,21:53:20,3.466666666666667,6.599982579549152,14.266666666666667
2013-08-30,21:58:20,3.533333333333333,5.466642379760742,14.333333333333336
2013-08-30,22:03:20,3.766666666666667,7.333319981892903,12.6
2013-08-30,22:08:20,3.466666666666667,9.19997533162435,14.0
2013-08-30,22:13:20,3.566666666666667,7.066644032796225,14.066666666666665
2013-08-30,22:18:20,3.8,6.599988937377929,14.666666666666664
2013-08-30,22:23:20,3.4,6.199989318847656,14.133333333333333
2013-08-30,22:28:20,3.533333333333333,7.733316421508789,14.333333333333336
2013-08-30,22:33:20,3.733333333333333,9.466654459635416,14.266666666666667
2013-08-30,22:38:20,3.4,5.2666441599528,14.2
2013-08-30,22:43:20,3.433333333333333,5.133323669433594,14.2
2013-08-30,22:48:20,3.7,6.99997901916504,14.333333333333336
2013-08-30,22:53:20,3.5,6.333322525024414,14.133333333333333
2013-08-30,22:58:20,3.6,9.86663818359375,14.066666666666665
2013-08-30,23:03:20,3.7,7.533308664957682,13.266666666666667
2013-08-30,23:08:20,3.5,6.999975840250651,14.2
2013-08-30,23:13:20,3.533333333333333,4.199981689453125,14.466666666666667
2013-08-30,23:18:20,3.8,7.1333154042561855,14.6
2013-08-30,23:23:20,3.4,5.2666441599528,14.4
2013-08-30,23:28:20,3.533333333333333,5.999991099039713,14.333333333333336
2013-08-30,23:33:20,3.633333333333333,8.399982452392578,14.333333333333336
2013-08-30,23:38:20,3.433333333333333,6.599988937377929,14.4
2013-08-30,23:43:20,3.566666666666667,6.933320363362632,14.2
2013-08-30,23:48:20,3.733333333333333,7.266642252604166,14.333333333333336
2013-08-30,23:53:20,3.466666666666667,5.999987920125326,14.266666666666667
2013-08-30,23:58:20,3.533333333333333,5.999975204467773,14.333333333333336
2013-08-31,00:03:20,3.666666666666667,5.399980545043945,12.4
2013-08-31,00:08:21,3.4,5.799980163574219,14.2
2013-08-31,00:13:21,3.466666666666667,4.199972152709961,14.066666666666665
2013-08-31,00:18:21,3.766666666666667,5.866648356119793,14.333333333333336
2013-08-31,00:23:21,3.466666666666667,5.93331019083659,13.8
2013-08-31,00:28:21,3.533333333333333,5.933316548665365,13.933333333333335
2013-08-31,00:33:21,3.9,9.533306757609049,14.4
2013-08-31,00:38:21,3.4,11.399974822998047,14.466666666666667
2013-08-31,00:43:21,3.433333333333333,6.599979400634766,14.333333333333336
2013-08-31,00:48:21,3.8,6.866645812988281,14.6
2013-08-31,00:53:21,3.5,7.666648228963218,14.066666666666665
2013-08-31,00:58:21,3.533333333333333,6.6666412353515625,14.2
2013-08-31,01:03:21,3.8,7.799968719482423,12.933333333333335
2013-08-31,01:08:21,3.4,5.999975204467773,14.266666666666667
2013-08-31,01:13:21,3.533333333333333,7.999982833862304,14.333333333333336
2013-08-31,01:18:21,3.833333333333333,7.599976857503256,14.4
2013-08-31,01:23:21,3.466666666666667,6.13331158955892,13.866666666666667
2013-08-31,01:28:21,3.533333333333333,8.133312861124674,14.066666666666665
2013-08-31,01:33:21,3.8,6.199979782104492,14.2
2013-08-31,01:38:21,3.5,6.999982198079429,14.266666666666667
2013-08-31,01:43:21,3.5,7.333319981892903,14.2
2013-08-31,01:48:21,3.8,6.999975840250651,14.8
2013-08-31,01:53:21,3.5,4.733317693074545,14.066666666666665
2013-08-31,01:58:22,3.5,7.46665636698405,14.133333333333333
2013-08-31,02:03:22,3.9,9.199981689453125,13.0
2013-08-31,02:08:22,3.5,5.599985122680664,13.933333333333335
2013-08-31,02:13:22,3.5,8.333307902018229,14.066666666666665
2013-08-31,02:18:22,3.766666666666667,12.066637674967446,14.266666666666667
2013-08-31,02:23:22,3.466666666666667,5.999978383382162,14.066666666666665
2013-08-31,02:28:22,3.566666666666667,5.266650517781576,14.0
2013-08-31,02:33:22,3.7,8.599987030029297,14.466666666666667
2013-08-31,02:38:22,3.433333333333333,6.799983978271484,14.0
2013-08-31,02:43:22,3.466666666666667,5.866654713948568,14.066666666666665
2013-08-31,02:48:22,3.766666666666667,10.266634623209635,14.0
2013-08-31,02:53:22,3.466666666666667,5.533326466878254,14.0
2013-08-31,02:58:22,3.5,5.666643778483072,14.133333333333333
2013-08-31,03:03:22,3.7,7.599983215332032,12.6
2013-08-31,03:08:22,4.5,13.533309300740559,14.2
2013-08-31,03:13:22,3.566666666666667,14.999980926513674,14.333333333333336
2013-08-31,03:18:22,3.766666666666667,8.066651026407877,13.866666666666667
2013-08-31,03:23:22,3.5,7.599983215332032,14.4
2013-08-31,03:28:22,3.433333333333333,5.599985122680664,14.133333333333333
2013-08-31,03:33:22,3.7,5.799980163574219,14.466666666666667
2013-08-31,03:38:22,3.5,4.266649881998697,14.133333333333333
2013-08-31,03:43:22,3.533333333333333,4.999980926513672,14.533333333333333
2013-08-31,03:48:22,3.733333333333333,6.533320744832355,14.666666666666664
2013-08-31,03:53:22,3.5,6.133317947387695,14.333333333333336
2013-08-31,03:58:22,3.533333333333333,7.799984614054361,13.933333333333335
2013-08-31,04:03:22,3.733333333333333,7.399978637695312,12.866666666666667
2013-08-31,04:08:22,3.5,6.3333161671956395,14.266666666666667
2013-08-31,04:13:22,3.5,5.9999847412109375,14.066666666666665
2013-08-31,04:18:22,3.766666666666667,7.599983215332032,14.133333333333333
2013-08-31,04:23:22,3.433333333333333,6.599979400634766,14.333333333333336
2013-08-31,04:28:22,3.533333333333333,5.9999847412109375,14.2
2013-08-31,04:33:22,3.766666666666667,8.599977493286133,14.6
2013-08-31,04:38:22,3.5,6.066649754842123,14.333333333333336
2013-08-31,04:43:22,4.1,6.999988555908203,14.266666666666667
2013-08-31,04:48:22,4.1,11.799983978271484,14.2
2013-08-31,04:53:23,3.466666666666667,6.399984359741211,14.133333333333333
2013-08-31,04:58:23,3.466666666666667,7.599983215332032,14.266666666666667
2013-08-31,05:03:23,3.733333333333333,6.399984359741211,12.866666666666667
2013-08-31,05:08:23,3.4,6.999988555908203,14.333333333333336
2013-08-31,05:13:23,3.533333333333333,5.199975967407227,14.0
2013-08-31,05:18:23,3.766666666666667,7.599983215332032,14.666666666666664
2013-08-31,05:23:23,3.4,6.333319346110028,14.333333333333336
2013-08-31,05:28:22,3.566666666666667,5.999981562296551,14.4
2013-08-31,05:33:22,3.733333333333333,8.599977493286133,14.2
2013-08-31,05:38:22,3.466666666666667,6.599979400634766,14.133333333333333
2013-08-31,05:43:22,3.5,4.799995422363281,13.933333333333335
2013-08-31,05:48:22,3.7,5.399980545043945,14.333333333333336
2013-08-31,05:53:22,3.3,4.599981307983398,14.133333333333333
2013-08-31,05:58:22,3.533333333333333,5.1333173116048165,14.266666666666667
2013-08-31,06:03:22,3.7,6.733306248982745,12.733333333333333
2013-08-31,06:08:22,3.466666666666667,6.6666412353515625,14.2
2013-08-31,06:13:22,3.5,5.333305994669597,13.866666666666667
2013-08-31,06:18:22,3.833333333333333,7.399978637695312,14.466666666666667
2013-08-31,06:23:22,3.5,6.999975840250651,13.8
2013-08-31,06:28:22,3.566666666666667,6.06665293375651,14.266666666666667
2013-08-31,06:33:22,3.666666666666667,6.599976221720377,14.733333333333333
2013-08-31,06:38:22,3.466666666666667,7.999982833862304,14.0
2013-08-31,06:43:22,3.5,6.799983978271484,14.2
2013-08-31,06:48:23,3.733333333333333,6.399984359741211,14.133333333333333
2013-08-31,06:53:23,3.433333333333333,5.799989700317383,13.933333333333335
2013-08-31,06:58:23,3.533333333333333,6.3333161671956395,14.266666666666667
2013-08-31,07:03:23,3.733333333333333,8.866637547810873,12.8
2013-08-31,07:08:23,3.5,5.866648356119793,14.333333333333336
2013-08-31,07:13:23,3.633333333333333,6.199979782104492,14.266666666666667
2013-08-31,07:18:23,3.766666666666667,8.53330930074056,14.6
2013-08-31,07:23:23,3.3666666666666667,6.733318964640299,13.933333333333335
2013-08-31,07:28:23,3.466666666666667,4.999980926513672,14.266666666666667
2013-08-31,07:33:23,3.8,7.666638692220053,14.2
2013-08-31,07:38:23,3.466666666666667,6.799987157185873,14.066666666666665
2013-08-31,07:43:23,3.533333333333333,6.266647974650065,14.4
2013-08-31,07:48:23,3.766666666666667,5.733321507771809,14.666666666666664
2013-08-31,07:53:23,3.533333333333333,4.333324432373047,14.533333333333333
2013-08-31,07:58:23,3.566666666666667,4.399995803833008,14.466666666666667
2013-08-31,08:03:23,3.8,10.999984741210938,12.8
2013-08-31,08:08:23,3.4,6.866655349731446,14.533333333333333
2013-08-31,08:13:23,3.433333333333333,4.666649500528972,14.133333333333333
2013-08-31,08:18:23,3.766666666666667,4.399983088175455,14.2
2013-08-31,08:23:23,3.433333333333333,3.4666474660237636,13.8
2013-08-31,08:28:23,3.5,7.066653569539389,14.266666666666667
2013-08-31,08:33:23,3.8,8.73331069946289,14.466666666666667
2013-08-31,08:38:23,3.5,6.666650772094726,14.333333333333336
2013-08-31,08:43:23,3.566666666666667,5.599985122680664,14.066666666666665
2013-08-31,08:48:23,3.733333333333333,7.333316802978515,14.333333333333336
2013-08-31,08:53:23,3.466666666666667,8.266646067301432,14.0
2013-08-31,08:58:23,3.433333333333333,6.866645812988281,14.066666666666665
2013-08-31,09:03:23,3.666666666666667,8.066644668579102,12.733333333333333
2013-08-31,09:08:23,3.466666666666667,5.666650136311848,14.333333333333336
2013-08-31,09:13:24,3.533333333333333,4.466657638549805,14.133333333333333
2013-08-31,09:18:24,3.766666666666667,5.46666145324707,14.466666666666667
2013-08-31,09:23:24,3.466666666666667,5.93331019083659,14.466666666666667
2013-08-31,09:28:24,3.533333333333333,5.933326085408529,14.266666666666667
2013-08-31,09:33:24,3.8,6.866652170817058,14.2
2013-08-31,09:38:24,3.5,5.666650136311848,14.066666666666665
2013-08-31,09:43:24,3.5,8.333317438761394,14.2
2013-08-31,09:48:24,3.633333333333333,6.266641616821289,14.533333333333333
2013-08-31,09:53:24,3.4,6.066649754842123,14.266666666666667
2013-08-31,09:58:24,3.566666666666667,5.79997698465983,14.266666666666667
2013-08-31,10:03:24,3.666666666666667,5.999975204467773,12.533333333333333
2013-08-31,10:08:24,3.466666666666667,6.0666433970133475,14.4
2013-08-31,10:13:24,3.5,6.399990717569986,14.066666666666665
2013-08-31,10:18:24,3.833333333333333,6.799983978271484,14.333333333333336
2013-08-31,10:23:24,3.433333333333333,6.066649754842123,13.866666666666667
2013-08-31,10:28:24,3.533333333333333,5.133323669433594,13.866666666666667
2013-08-31,10:33:24,3.766666666666667,8.79998524983724,14.133333333333333
2013-08-31,10:38:24,3.333333333333333,5.333315531412761,14.266666666666667
2013-08-31,10:43:24,3.466666666666667,6.333309809366862,14.333333333333336
2013-08-31,10:48:24,3.8,8.799978892008463,14.466666666666667
2013-08-31,10:53:24,3.466666666666667,6.3999875386555996,14.2
2013-08-31,10:58:24,3.466666666666667,6.999988555908203,14.2
2013-08-31,11:03:24,3.633333333333333,8.59998067220052,12.933333333333335
2013-08-31,11:08:24,3.4,6.0666433970133475,14.4
2013-08-31,11:13:24,3.566666666666667,4.733317693074545,14.2
2013-08-31,11:18:24,3.8,6.466639836629233,14.533333333333333
2013-08-31,11:23:24,3.5,7.866643269856771,13.733333333333333
2013-08-31,11:28:24,3.466666666666667,7.399988174438477,14.466666666666667
2013-08-31,11:33:24,3.766666666666667,9.533316294352213,14.266666666666667
2013-08-31,11:38:24,3.5,6.06665293375651,14.2
2013-08-31,11:43:24,3.466666666666667,5.9999847412109375,14.266666666666667
2013-08-31,11:48:25,3.666666666666667,7.933320999145507,14.533333333333333
2013-08-31,11:53:25,3.5,6.866655349731446,14.066666666666665
2013-08-31,11:58:25,3.6,5.599985122680664,14.133333333333333
2013-08-31,12:03:25,3.733333333333333,8.06664784749349,12.666666666666664
2013-08-31,12:08:25,3.333333333333333,5.5999755859375,14.133333333333333
2013-08-31,12:13:25,3.533333333333333,7.5999800364176435,14.2
2013-08-31,12:18:25,3.766666666666667,7.933311462402344,14.133333333333333
2013-08-31,12:23:25,3.466666666666667,5.933316548665365,14.0
2013-08-31,12:28:25,3.533333333333333,5.93331019083659,14.266666666666667
2013-08-31,12:33:25,3.766666666666667,8.13330332438151,14.2
2013-08-31,12:38:25,3.3666666666666667,5.066652297973633,14.333333333333336
2013-08-31,12:43:25,3.566666666666667,5.199975967407227,14.6
2013-08-31,12:48:25,3.766666666666667,8.066641489664713,14.4
2013-08-31,12:53:25,3.5,7.399978637695312,14.0
2013-08-31,12:58:25,3.5,6.733318964640299,14.2
2013-08-31,13:03:25,3.7,11.266641616821289,12.666666666666664
2013-08-31,13:08:25,3.4,6.466652552286783,14.2
2013-08-31,13:13:25,3.566666666666667,7.666648228963218,14.266666666666667
2013-08-31,13:18:25,3.8,8.999973932902018,14.466666666666667
2013-08-31,13:23:25,3.5,5.2666473388671875,13.8
2013-08-31,13:28:25,3.6,4.266653060913086,14.333333333333336
2013-08-31,13:33:25,4.133333333333333,6.599979400634766,14.466666666666667
2013-08-31,13:38:25,3.4,6.133308410644531,13.533333333333333
2013-08-31,13:43:25,3.433333333333333,7.066640853881837,13.6
2013-08-31,13:48:25,3.7,6.866642634073893,14.0
2013-08-31,13:53:25,3.466666666666667,7.599983215332032,13.333333333333336
2013-08-31,13:58:26,3.566666666666667,7.066650390625,13.666666666666664
2013-08-31,14:03:26,3.766666666666667,9.533306757609049,12.466666666666667
2013-08-31,14:08:26,3.4,5.133307774861653,13.8
2013-08-31,14:13:26,3.433333333333333,6.866642634073893,13.733333333333333
2013-08-31,14:18:26,3.833333333333333,8.53330930074056,13.733333333333333
2013-08-31,14:23:26,3.5,5.666646957397461,13.533333333333333
2013-08-31,14:28:26,3.433333333333333,4.466654459635417,13.4
2013-08-31,14:33:25,3.7,6.799993515014649,13.866666666666667
2013-08-31,14:38:25,3.333333333333333,6.066646575927734,13.533333333333333
2013-08-31,14:43:25,3.566666666666667,7.466653188069662,13.866666666666667
2013-08-31,14:48:25,3.8,6.266651153564454,13.933333333333335
2013-08-31,14:53:25,3.5,6.999982198079429,13.6
2013-08-31,14:58:25,3.5,5.866641998291016,13.6
2013-08-31,15:03:25,3.6,9.466654459635416,12.4
2013-08-31,15:08:25,3.3666666666666667,5.533313751220703,13.666666666666664
2013-08-31,15:13:25,3.533333333333333,4.599994023640951,13.6
2013-08-31,15:18:25,3.766666666666667,8.333317438761394,13.933333333333335
2013-08-31,15:23:25,3.466666666666667,5.199985504150391,13.733333333333333
2013-08-31,15:28:25,3.466666666666667,6.066646575927734,13.466666666666667
2013-08-31,15:33:25,3.8,10.199969609578451,13.6
2013-08-31,15:38:25,3.433333333333333,7.133318583170572,13.8
2013-08-31,15:43:25,3.5,5.8666451772054025,13.666666666666664
2013-08-31,15:48:26,3.666666666666667,6.799983978271484,13.866666666666667
2013-08-31,15:53:26,3.466666666666667,5.79997698465983,13.666666666666664
2013-08-31,15:58:26,3.533333333333333,7.199983596801758,13.733333333333333
2013-08-31,16:03:26,3.7,5.733321507771809,12.466666666666667
2013-08-31,16:08:26,3.4,5.533326466878254,13.666666666666664
2013-08-31,16:13:26,3.4,7.599973678588867,13.8
2013-08-31,16:18:26,3.8666666666666663,9.599971771240234,13.8
2013-08-31,16:23:26,3.533333333333333,8.19997787475586,13.4
2013-08-31,16:28:26,3.566666666666667,6.0666433970133475,13.466666666666667
2013-08-31,16:33:26,3.8,6.799974441528319,13.8
2013-08-31,16:38:26,3.4,5.933316548665365,13.666666666666664
2013-08-31,16:43:26,3.533333333333333,6.533317565917969,13.533333333333333
2013-08-31,16:48:26,3.766666666666667,8.599977493286133,13.933333333333335
2013-08-31,16:53:26,3.4,6.599979400634766,13.6
2013-08-31,16:58:26,3.433333333333333,6.066649754842123,13.333333333333336
2013-08-31,17:03:26,3.666666666666667,7.599983215332032,12.266666666666667
2013-08-31,17:08:26,3.466666666666667,6.599988937377929,13.666666666666664
2013-08-31,17:13:26,3.6,8.999977111816406,13.666666666666664
2013-08-31,17:18:26,3.8,8.599977493286133,13.866666666666667
2013-08-31,17:23:26,3.466666666666667,6.799983978271484,13.666666666666664
2013-08-31,17:28:26,3.533333333333333,7.79998779296875,13.733333333333333
2013-08-31,17:33:26,3.766666666666667,7.599983215332032,13.933333333333335
2013-08-31,17:38:26,3.433333333333333,4.5999908447265625,13.6
2013-08-31,17:43:27,3.433333333333333,5.333315531412761,13.933333333333335
2013-08-31,17:48:26,3.666666666666667,8.399972915649414,14.0
2013-08-31,17:53:26,3.533333333333333,7.999992370605469,13.6
2013-08-31,17:58:26,3.533333333333333,5.399980545043945,13.466666666666667
2013-08-31,18:03:26,3.8,10.199975967407227,12.4
2013-08-31,18:08:26,3.3666666666666667,6.799983978271484,13.8
2013-08-31,18:13:27,3.533333333333333,7.866646448771158,13.6
2013-08-31,18:18:27,3.8,9.799985885620117,13.666666666666664
2013-08-31,18:23:27,3.5,4.999980926513672,13.6
2013-08-31,18:28:27,3.433333333333333,5.5999755859375,13.666666666666664
2013-08-31,18:33:27,3.633333333333333,8.19997787475586,13.666666666666664
2013-08-31,18:38:27,4.5,6.799974441528319,13.4
2013-08-31,18:43:27,3.533333333333333,13.399972915649414,13.466666666666667
2013-08-31,18:48:27,3.833333333333333,10.199975967407227,13.866666666666667
2013-08-31,18:53:27,3.533333333333333,10.399971008300781,13.533333333333333
2013-08-31,18:58:27,3.5,6.06665293375651,13.6
2013-08-31,19:03:27,3.766666666666667,8.999977111816406,12.666666666666664
2013-08-31,19:08:27,3.5,6.399984359741211,13.333333333333336
2013-08-31,19:13:27,3.466666666666667,4.933319091796875,13.733333333333333
2013-08-31,19:18:27,3.666666666666667,5.799970626831055,13.866666666666667
2013-08-31,19:23:27,3.433333333333333,5.2666441599528,13.933333333333335
2013-08-31,19:28:27,3.566666666666667,6.399984359741211,13.666666666666664
2013-08-31,19:33:27,3.733333333333333,5.799980163574219,14.066666666666665
2013-08-31,19:38:27,3.5,5.466645558675131,13.4
2013-08-31,19:43:27,3.466666666666667,8.46665064493815,13.4
2013-08-31,19:48:27,3.633333333333333,7.199983596801758,13.8
2013-08-31,19:53:27,3.5,6.133314768473307,13.666666666666664
2013-08-31,19:58:27,3.466666666666667,6.59998575846354,13.666666666666664
2013-08-31,20:03:27,3.7,8.266658782958984,11.933333333333335
2013-08-31,20:08:27,3.3666666666666667,5.199985504150391,13.666666666666664
2013-08-31,20:13:27,3.466666666666667,5.133323669433594,13.6
2013-08-31,20:18:27,3.9,7.199983596801758,13.8
2013-08-31,20:23:27,3.5,5.9999847412109375,13.266666666666667
2013-08-31,20:28:27,3.433333333333333,5.8666451772054025,13.866666666666667
2013-08-31,20:33:27,3.733333333333333,7.399978637695312,13.733333333333333
2013-08-31,20:38:27,3.5,5.999975204467773,13.4
2013-08-31,20:43:27,3.566666666666667,4.8666445414225254,13.733333333333333
2013-08-31,20:48:27,3.733333333333333,6.799993515014649,13.466666666666667
2013-08-31,20:53:27,3.3666666666666667,6.066649754842123,13.266666666666667
2013-08-31,20:58:27,3.5,5.9999847412109375,13.533333333333333
2013-08-31,21:03:27,3.8,6.666647593180337,12.2
2013-08-31,21:08:27,3.5,5.666653315226236,13.466666666666667
2013-08-31,21:13:27,3.6,5.999978383382162,13.4
2013-08-31,21:18:27,3.8,8.133309682210287,13.866666666666667
2013-08-31,21:23:27,3.5,9.999990463256836,13.8
2013-08-31,21:28:27,3.566666666666667,4.799985885620117,13.333333333333336
2013-08-31,21:33:28,3.733333333333333,6.933317184448243,13.466666666666667
2013-08-31,21:38:28,3.433333333333333,5.79997698465983,13.733333333333333
2013-08-31,21:43:28,3.5,7.199983596801758,13.6
2013-08-31,21:48:28,3.766666666666667,5.199979146321613,14.0
2013-08-31,21:53:28,3.4,4.333314895629883,13.266666666666667
2013-08-31,21:58:28,3.466666666666667,4.866647720336914,13.866666666666667
2013-08-31,22:03:28,3.766666666666667,7.333319981892903,12.333333333333336
2013-08-31,22:08:28,3.3666666666666667,6.733318964640299,13.666666666666664
2013-08-31,22:13:28,3.566666666666667,7.399988174438477,13.666666666666664
2013-08-31,22:18:28,3.766666666666667,6.9333140055338545,13.533333333333333
2013-08-31,22:23:28,3.5,5.333318710327148,13.6
2013-08-31,22:28:28,3.466666666666667,5.533320109049479,13.533333333333333
2013-08-31,22:33:28,3.666666666666667,7.799978256225586,14.0
2013-08-31,22:38:28,3.5,5.199988683064779,13.6
2013-08-31,22:43:28,3.566666666666667,4.933315912882486,13.866666666666667
2013-08-31,22:48:28,3.766666666666667,8.73331069946289,13.6
2013-08-31,22:53:28,3.533333333333333,5.13331413269043,13.6
2013-08-31,22:58:28,3.566666666666667,5.799992879231771,13.266666666666667
2013-08-31,23:03:28,3.733333333333333,8.266639709472656,12.066666666666665
2013-08-31,23:08:28,3.5,5.1333173116048165,13.666666666666664
2013-08-31,23:13:28,3.333333333333333,5.399986902872721,13.8
2013-08-31,23:18:28,3.8,7.466650009155273,14.0
2013-08-31,23:23:28,3.5,6.533304850260419,13.733333333333333
2013-08-31,23:28:28,3.533333333333333,4.799985885620117,13.466666666666667
2013-08-31,23:33:28,3.766666666666667,7.199977238972982,13.733333333333333
2013-08-31,23:38:28,3.4,5.666650136311848,13.733333333333333
2013-08-31,23:43:28,3.466666666666667,7.79998779296875,13.533333333333333
2013-08-31,23:48:28,3.833333333333333,6.999985376993817,13.933333333333335
2013-08-31,23:53:28,3.5,6.9333140055338545,13.466666666666667
2013-08-31,23:58:28,3.6,6.333319346110028,13.733333333333333
2013-09-01,00:03:28,3.7,6.266654332478843,12.466666666666667
2013-09-01,00:08:28,3.466666666666667,4.8666540781656895,13.666666666666664
2013-09-01,00:13:28,3.533333333333333,4.933319091796875,13.6
2013-09-01,00:18:28,3.8666666666666663,7.599983215332032,13.533333333333333
2013-09-01,00:23:28,3.433333333333333,5.799983342488606,13.2
2013-09-01,00:28:28,3.5,5.533320109049479,13.6
2013-09-01,00:33:28,3.8,8.399969736735025,13.666666666666664
2013-09-01,00:38:28,3.4,6.333309809366862,13.666666666666664
2013-09-01,00:43:28,3.566666666666667,8.666645685831705,13.666666666666664
2013-09-01,00:48:28,3.8,10.799989700317383,14.0
2013-09-01,00:53:28,3.5,6.266651153564454,13.6
2013-09-01,00:58:28,3.433333333333333,5.399980545043945,13.866666666666667
2013-09-01,01:03:28,3.8,6.533320744832355,12.333333333333336
2013-09-01,01:08:28,3.433333333333333,5.333309173583984,13.666666666666664
2013-09-01,01:13:28,3.566666666666667,6.3333161671956395,13.533333333333333
2013-09-01,01:18:28,3.733333333333333,7.466643651326497,13.666666666666664
2013-09-01,01:23:28,3.466666666666667,6.333309809366862,13.133333333333333
2013-09-01,01:28:28,3.6,5.933319727579754,13.733333333333333
2013-09-01,01:33:28,3.8,8.399985631306967,13.466666666666667
2013-09-01,01:38:28,3.4,7.266645431518555,13.533333333333333
2013-09-01,01:43:28,3.7,8.066654205322266,13.666666666666664
2013-09-01,01:48:29,3.733333333333333,6.799993515014649,13.866666666666667
2013-09-01,01:53:29,3.5,4.399983088175455,13.6
2013-09-01,01:58:29,3.6,4.733308156331381,13.933333333333335
2013-09-01,02:03:29,3.8,7.133312225341797,12.733333333333333
2013-09-01,02:08:29,3.466666666666667,7.399978637695312,13.4
2013-09-01,02:13:29,3.566666666666667,6.199976603190104,13.466666666666667
2013-09-01,02:18:29,3.833333333333333,7.933317820231118,13.6
2013-09-01,02:23:29,3.433333333333333,6.86664899190267,13.533333333333333
2013-09-01,02:28:29,3.4,6.399993896484375,13.466666666666667
2013-09-01,02:33:29,3.7,6.599988937377929,13.133333333333333
2013-09-01,02:38:29,3.5,6.399981180826825,13.2
2013-09-01,02:43:29,3.533333333333333,5.866641998291016,13.4
2013-09-01,02:48:29,3.7,7.866646448771158,13.333333333333336
2013-09-01,02:53:29,3.3666666666666667,4.199981689453125,13.2
2013-09-01,02:58:29,3.533333333333333,4.266649881998697,13.666666666666664
2013-09-01,03:03:29,3.633333333333333,7.599973678588867,12.066666666666665
2013-09-01,03:08:29,3.5,5.666637420654297,13.8
2013-09-01,03:13:29,3.433333333333333,6.466649373372396,13.266666666666667
2013-09-01,03:18:29,3.733333333333333,7.533315022786459,13.8
2013-09-01,03:23:29,3.466666666666667,5.999981562296551,13.666666666666664
2013-09-01,03:28:29,3.533333333333333,4.39997673034668,13.666666666666664
2013-09-01,03:33:29,3.8,6.53331438700358,13.466666666666667
2013-09-01,03:38:29,3.4,5.3999773661295585,13.8
2013-09-01,03:43:29,3.466666666666667,5.333318710327148,13.133333333333333
2013-09-01,03:48:29,3.766666666666667,7.199993133544921,13.133333333333333
2013-09-01,03:53:29,3.5,5.266656875610352,13.6
2013-09-01,03:58:29,3.533333333333333,6.399981180826825,13.466666666666667
2013-09-01,04:03:29,3.633333333333333,10.266644159952799,12.266666666666667
2013-09-01,04:08:29,3.3666666666666667,5.599985122680664,13.666666666666664
2013-09-01,04:13:29,3.533333333333333,5.199982325236003,13.6
2013-09-01,04:18:30,3.766666666666667,7.999976476033527,13.666666666666664
2013-09-01,04:23:30,3.5,5.466642379760742,13.6
2013-09-01,04:28:30,3.533333333333333,4.333311716715494,13.6
2013-09-01,04:33:30,3.666666666666667,6.199986139933268,13.733333333333333
2013-09-01,04:38:30,3.5,4.933319091796875,13.6
2013-09-01,04:43:30,3.466666666666667,5.066649119059244,13.6
2013-09-01,04:48:30,4.566666666666666,11.866652170817055,13.8
2013-09-01,04:53:30,3.3666666666666667,8.733317057291666,13.533333333333333
2013-09-01,04:58:30,3.466666666666667,6.199979782104492,13.666666666666664
2013-09-01,05:03:30,3.7,7.266648610432941,12.4
2013-09-01,05:08:30,3.433333333333333,5.733315149943033,13.333333333333336
2013-09-01,05:13:30,3.4,6.133317947387695,13.8
2013-09-01,05:18:30,3.833333333333333,7.066650390625,13.666666666666664
2013-09-01,05:23:30,3.466666666666667,5.133307774861653,13.6
2013-09-01,05:28:30,3.533333333333333,5.266653696695964,13.733333333333333
2013-09-01,05:33:30,3.766666666666667,7.599986394246421,13.333333333333336
2013-09-01,05:38:30,3.433333333333333,7.933320999145507,13.2
2013-09-01,05:43:30,3.5,8.46665064493815,13.266666666666667
2013-09-01,05:48:30,3.733333333333333,7.666654586791992,13.533333333333333
2013-09-01,05:53:30,3.4,7.133324940999347,13.4
2013-09-01,05:58:30,3.533333333333333,6.466636657714845,13.733333333333333
2013-09-01,06:03:30,3.733333333333333,7.066640853881837,12.466666666666667
2013-09-01,06:08:30,3.4,6.99997901916504,13.666666666666664
2013-09-01,06:13:30,3.733333333333333,6.333319346110028,13.866666666666667
2013-09-01,06:18:30,4.033333333333333,7.199974060058594,13.333333333333336
2013-09-01,06:23:30,3.5,4.9333254496256504,13.0
2013-09-01,06:28:30,3.533333333333333,9.799976348876953,13.2
2013-09-01,06:33:30,3.766666666666667,9.599981307983398,13.266666666666667
2013-09-01,06:38:31,3.4,6.133314768473307,12.933333333333335
2013-09-01,06:43:31,3.433333333333333,4.599984486897787,12.933333333333335
2013-09-01,06:48:31,3.733333333333333,6.599979400634766,13.533333333333333
2013-09-01,06:53:31,3.433333333333333,5.533313751220703,13.333333333333336
2013-09-01,06:58:31,3.5,6.599979400634766,13.066666666666665
2013-09-01,07:03:31,3.733333333333333,7.199983596801758,11.466666666666667
2013-09-01,07:08:31,3.466666666666667,4.999990463256836,12.933333333333335
2013-09-01,07:13:31,3.433333333333333,4.666649500528972,12.866666666666667
2013-09-01,07:18:31,3.8,10.466639200846355,13.133333333333333
2013-09-01,07:23:31,3.5,9.199981689453125,13.533333333333333
2013-09-01,07:28:31,3.5,6.999969482421875,13.066666666666665
2013-09-01,07:33:31,3.733333333333333,8.399982452392578,12.933333333333335
2013-09-01,07:38:31,3.466666666666667,5.0666459401448565,13.0
2013-09-01,07:43:31,3.4,6.133305231730144,13.066666666666665
2013-09-01,07:48:31,3.7,9.066642125447592,13.333333333333336
2013-09-01,07:53:31,3.466666666666667,6.399984359741211,13.0
2013-09-01,07:58:31,3.466666666666667,4.066654841105143,12.866666666666667
2013-09-01,08:03:31,3.6,7.199983596801758,11.8
2013-09-01,08:08:31,4.566666666666666,15.133304595947267,13.333333333333336
2013-09-01,08:13:31,3.533333333333333,11.399984359741211,13.133333333333333
2013-09-01,08:18:31,3.833333333333333,8.799982070922852,12.866666666666667
2013-09-01,08:23:31,3.433333333333333,6.466639836629233,12.933333333333335
2013-09-01,08:28:31,3.533333333333333,5.799980163574219,12.933333333333335
2013-09-01,08:33:31,3.766666666666667,6.599988937377929,13.2
2013-09-01,08:38:32,3.433333333333333,5.999981562296551,12.933333333333335
2013-09-01,08:43:31,3.433333333333333,4.999980926513672,13.0
2013-09-01,08:48:31,3.633333333333333,4.5999908447265625,13.133333333333333
2013-09-01,08:53:31,3.4,4.799976348876953,13.066666666666665
2013-09-01,08:58:31,3.6,6.799983978271484,12.8
2013-09-01,09:03:31,3.733333333333333,7.599983215332032,11.933333333333335
2013-09-01,09:08:31,3.466666666666667,4.999990463256836,12.933333333333335
2013-09-01,09:13:31,3.433333333333333,5.733318328857422,12.866666666666667
2013-09-01,09:18:31,3.8,7.399978637695312,13.333333333333336
2013-09-01,09:23:31,3.433333333333333,5.199975967407227,13.4
2013-09-01,09:28:31,3.5,5.533313751220703,12.933333333333335
2013-09-01,09:33:31,3.666666666666667,7.199983596801758,13.2
2013-09-01,09:38:31,3.333333333333333,6.266647974650065,12.866666666666667
2013-09-01,09:43:31,3.5,6.199989318847656,12.933333333333335
2013-09-01,09:48:31,3.8,10.19998550415039,13.466666666666667
2013-09-01,09:53:31,3.4,5.599985122680664,13.4
2013-09-01,09:58:31,3.466666666666667,5.199975967407227,13.4
2013-09-01,10:03:31,3.633333333333333,7.799978256225586,11.733333333333333
2013-09-01,10:08:32,3.433333333333333,5.333321889241537,13.133333333333333
2013-09-01,10:13:32,3.5,6.199989318847656,13.066666666666665
2013-09-01,10:18:32,3.8,5.999994277954102,13.066666666666665
2013-09-01,10:23:32,3.5,6.06665293375651,13.0
2013-09-01,10:28:32,3.266666666666667,5.333312352498373,13.0
2013-09-01,10:33:32,3.766666666666667,7.266648610432941,13.2
2013-09-01,10:38:32,3.433333333333333,7.799968719482423,12.866666666666667
2013-09-01,10:43:32,3.5,6.799974441528319,12.933333333333335
2013-09-01,10:48:32,3.666666666666667,6.799974441528319,13.133333333333333
2013-09-01,10:53:32,3.4,5.666650136311848,13.266666666666667
2013-09-01,10:58:32,3.533333333333333,4.733308156331381,13.0
2013-09-01,11:03:32,3.766666666666667,6.466655731201172,11.733333333333333
2013-09-01,11:08:32,3.4,5.26666005452474,12.666666666666664
2013-09-01,11:13:32,3.5,4.333321253458658,13.066666666666665
2013-09-01,11:18:32,3.666666666666667,7.799978256225586,13.333333333333336
2013-09-01,11:23:32,3.466666666666667,5.799983342488606,13.266666666666667
2013-09-01,11:28:32,3.533333333333333,5.999981562296551,13.266666666666667
2013-09-01,11:33:32,3.666666666666667,7.666651407877606,13.066666666666665
2013-09-01,11:38:32,3.466666666666667,5.799983342488606,12.866666666666667
2013-09-01,11:43:32,3.5,4.399983088175455,12.866666666666667
2013-09-01,11:48:32,3.766666666666667,7.199977238972982,13.266666666666667
2013-09-01,11:53:32,3.433333333333333,7.199980417887369,13.066666666666665
2013-09-01,11:58:32,3.3666666666666667,5.733315149943033,13.066666666666665
2013-09-01,12:03:32,3.5,6.599979400634766,12.066666666666665
2013-09-01,12:08:32,3.433333333333333,5.06665547688802,13.0
2013-09-01,12:13:32,3.533333333333333,4.8666540781656895,13.0
2013-09-01,12:18:32,3.833333333333333,11.199982961018879,13.133333333333333
2013-09-01,12:23:33,3.3666666666666667,6.133317947387695,12.933333333333335
2013-09-01,12:28:33,3.433333333333333,3.9999961853027344,13.0
2013-09-01,12:33:33,3.733333333333333,7.066650390625,13.133333333333333
2013-09-01,12:38:33,3.4,5.333318710327148,13.0
2013-09-01,12:43:33,3.433333333333333,5.133320490519206,13.066666666666665
2013-09-01,12:48:33,3.7,7.199983596801758,13.466666666666667
2013-09-01,12:53:33,3.433333333333333,5.599985122680664,13.133333333333333
2013-09-01,12:58:33,3.5,5.533323287963867,13.133333333333333
2013-09-01,13:03:33,3.7,7.133309046427411,11.866666666666667
2013-09-01,13:08:33,3.466666666666667,7.199974060058594,12.733333333333333
2013-09-01,13:13:33,3.466666666666667,5.666646957397461,12.733333333333333
2013-09-01,13:18:33,3.733333333333333,7.066650390625,13.666666666666664
2013-09-01,13:23:33,3.466666666666667,5.933316548665365,13.4
2013-09-01,13:28:33,3.3666666666666667,5.133320490519206,13.133333333333333
2013-09-01,13:33:33,3.633333333333333,6.533317565917969,13.133333333333333
2013-09-01,13:38:33,3.333333333333333,4.133323033650716,12.733333333333333
2013-09-01,13:43:33,3.5,4.799989064534505,13.0
2013-09-01,13:48:33,3.766666666666667,6.2666384379069004,13.2
2013-09-01,13:53:33,3.5,6.066649754842123,12.933333333333335
2013-09-01,13:58:33,3.433333333333333,8.799975713094076,13.0
2013-09-01,14:03:33,3.533333333333333,6.53331438700358,12.133333333333333
2013-09-01,14:08:33,3.5,5.533320109049479,12.866666666666667
2013-09-01,14:13:33,3.533333333333333,5.666650136311848,12.866666666666667
2013-09-01,14:18:33,3.7,7.399978637695312,12.8
2013-09-01,14:23:33,3.4,6.2666384379069004,12.866666666666667
2013-09-01,14:28:33,3.4,6.733318964640299,12.933333333333335
2013-09-01,14:33:34,3.633333333333333,10.133304595947266,13.0
2013-09-01,14:38:34,3.4,5.2666441599528,13.133333333333333
2013-09-01,14:43:34,3.5,6.6666444142659484,13.066666666666665
2013-09-01,14:48:34,3.833333333333333,9.533309936523438,13.333333333333336
2013-09-01,14:53:34,3.5,5.533313751220703,13.133333333333333
2013-09-01,14:58:34,3.533333333333333,5.199975967407227,12.8
2013-09-01,15:03:34,3.7,8.066644668579102,11.666666666666664
2013-09-01,15:08:34,3.3666666666666667,5.999978383382162,12.733333333333333
2013-09-01,15:13:34,3.466666666666667,6.666650772094726,13.066666666666665
2013-09-01,15:18:34,3.733333333333333,7.999979654947915,13.2
2013-09-01,15:23:34,3.466666666666667,7.3999818166097,13.266666666666667
2013-09-01,15:28:34,3.433333333333333,5.599978764851887,12.866666666666667
2013-09-01,15:33:34,3.633333333333333,8.199990590413412,13.066666666666665
2013-09-01,15:38:34,3.466666666666667,7.599989573160809,12.866666666666667
2013-09-01,15:43:34,3.5,6.13331158955892,13.133333333333333
2013-09-01,15:48:34,3.766666666666667,9.59997812906901,13.2
2013-09-01,15:53:34,3.5,6.59998575846354,13.066666666666665
2013-09-01,15:58:34,3.433333333333333,5.733308792114258,13.333333333333336
2013-09-01,16:03:34,3.433333333333333,6.933310826619467,12.066666666666665
2013-09-01,16:08:34,3.466666666666667,6.999985376993817,13.2
2013-09-01,16:13:34,3.533333333333333,5.599978764851887,13.066666666666665
2013-09-01,16:18:34,3.766666666666667,6.86664899190267,13.0
2013-09-01,16:23:34,3.433333333333333,5.733315149943033,12.933333333333335
2013-09-01,16:28:34,3.566666666666667,7.533315022786459,12.733333333333333
2013-09-01,16:33:34,3.7,9.199984868367512,13.133333333333333
2013-09-01,16:38:35,3.4,6.266647974650065,12.933333333333335
2013-09-01,16:43:35,3.466666666666667,5.799986521402996,12.733333333333333
2013-09-01,16:48:35,3.666666666666667,8.93331527709961,13.133333333333333
2013-09-01,16:53:35,3.833333333333333,5.1333173116048165,13.133333333333333
2013-09-01,16:58:35,4.733333333333333,6.99997901916504,10.933333333333335
2013-09-01,17:03:35,3.9,5.5333105723063145,9.533333333333333
2013-09-01,17:08:35,3.166666666666667,5.133323669433594,9.2
2013-09-01,17:13:35,3.633333333333333,4.399986267089844,9.466666666666667
2013-09-01,17:18:35,4.333333333333333,10.266647338867188,9.0
2013-09-01,17:23:35,3.433333333333333,6.3333161671956395,8.066666666666666
2013-09-01,17:28:35,3.033333333333333,5.199985504150391,7.2666666666666675
2013-09-01,17:33:35,3.266666666666667,6.599976221720377,7.333333333333332
2013-09-01,17:38:35,2.933333333333333,4.266656239827474,7.133333333333334
2013-09-01,17:43:35,3.066666666666667,4.866647720336914,7.133333333333334
2013-09-01,17:48:35,3.3666666666666667,7.066647211710614,7.4
2013-09-01,17:53:35,3.0,5.0666459401448565,6.933333333333334
2013-09-01,17:58:35,3.066666666666667,4.8666540781656895,7.2666666666666675
2013-09-01,18:03:35,3.3,6.599979400634766,6.866666666666666
2013-09-01,18:08:35,3.1,9.333311716715494,6.8
2013-09-01,18:13:35,3.0,5.466642379760742,6.6
2013-09-01,18:18:35,3.266666666666667,8.333307902018229,7.0
2013-09-01,18:23:35,3.0,5.666650136311848,6.6
2013-09-01,18:28:35,3.1,5.399990081787109,6.866666666666666
2013-09-01,18:33:35,3.333333333333333,7.399975458780923,7.133333333333334
2013-09-01,18:38:35,3.0,5.399983723958334,6.933333333333334
2013-09-01,18:43:35,2.966666666666667,5.333315531412761,6.7333333333333325
2013-09-01,18:48:35,3.266666666666667,7.133309046427411,7.0
2013-09-01,18:53:35,3.0,6.199989318847656,6.7333333333333325
2013-09-01,18:58:35,3.1333333333333333,8.666645685831705,6.866666666666666
2013-09-01,19:03:35,3.266666666666667,8.73331387837728,7.066666666666666
2013-09-01,19:08:35,2.966666666666667,6.266644795735678,6.7333333333333325
2013-09-01,19:13:35,3.0,6.399984359741211,6.666666666666668
2013-09-01,19:18:35,3.3,8.933305740356445,7.0
2013-09-01,19:23:35,3.0,6.6666444142659484,6.7333333333333325
2013-09-01,19:28:35,3.1333333333333333,5.199975967407227,7.066666666666666
2013-09-01,19:33:35,3.266666666666667,7.533315022786459,6.8
2013-09-01,19:38:35,3.0,4.799985885620117,6.933333333333334
2013-09-01,19:43:35,3.033333333333333,4.666652679443359,6.533333333333332
2013-09-01,19:48:35,3.3666666666666667,10.79998334248861,7.133333333333334
2013-09-01,19:53:35,3.0,6.733318964640299,6.7333333333333325
2013-09-01,19:58:35,3.033333333333333,4.666655858357748,6.933333333333334
2013-09-01,20:03:35,3.233333333333333,6.399974822998048,6.933333333333334
2013-09-01,20:08:35,3.0,4.933306376139322,6.7333333333333325
2013-09-01,20:13:35,3.033333333333333,4.933319091796875,6.866666666666666
2013-09-01,20:18:36,3.266666666666667,7.333313624064126,6.866666666666666
2013-09-01,20:23:36,3.0,5.799989700317383,6.866666666666666
2013-09-01,20:28:36,3.066666666666667,5.999975204467773,7.0
2013-09-01,20:33:36,3.3,6.999969482421875,6.866666666666666
2013-09-01,20:38:36,3.033333333333333,5.799980163574219,6.666666666666668
2013-09-01,20:43:36,3.033333333333333,5.999991099039713,7.0
2013-09-01,20:48:36,3.2,7.399984995524088,7.2
2013-09-01,20:53:36,3.033333333333333,6.399984359741211,6.866666666666666
2013-09-01,20:58:36,3.066666666666667,6.199979782104492,6.666666666666668
2013-09-01,21:03:36,3.266666666666667,5.999975204467773,6.666666666666668
2013-09-01,21:08:36,2.933333333333333,5.133320490519206,6.666666666666668
2013-09-01,21:13:36,3.1,5.799980163574219,6.933333333333334
2013-09-01,21:18:36,3.333333333333333,7.399988174438477,7.2666666666666675
2013-09-01,21:23:36,3.066666666666667,5.533304214477539,6.933333333333334
2013-09-01,21:28:36,3.033333333333333,8.666642506917317,6.666666666666668
2013-09-01,21:33:36,3.266666666666667,6.799974441528319,6.8
2013-09-01,21:38:36,3.0,4.399986267089844,6.6
2013-09-01,21:43:36,3.1,4.599981307983398,6.666666666666668
2013-09-01,21:48:36,3.3,6.799974441528319,7.333333333333332
2013-09-01,21:53:36,3.066666666666667,5.799980163574219,7.2
2013-09-01,21:58:36,3.033333333333333,4.799985885620117,7.133333333333334
2013-09-01,22:03:36,3.3,7.066653569539389,7.4
2013-09-01,22:08:36,3.0,7.466643651326497,6.933333333333334
2013-09-01,22:13:36,3.1,5.399980545043945,6.933333333333334
2013-09-01,22:18:36,3.4,9.199972152709961,7.2
2013-09-01,22:23:36,2.933333333333333,5.5999755859375,6.933333333333334
2013-09-01,22:28:36,3.066666666666667,6.199976603190104,6.8
2013-09-01,22:33:37,3.266666666666667,7.399978637695312,6.866666666666666
2013-09-01,22:38:37,3.0,5.799989700317383,6.933333333333334
2013-09-01,22:43:37,3.1,5.399980545043945,6.8
2013-09-01,22:48:37,3.3,6.99997901916504,7.333333333333332
2013-09-01,22:53:37,2.966666666666667,6.599979400634766,6.933333333333334
2013-09-01,22:58:37,3.033333333333333,3.7333234151204424,6.7333333333333325
2013-09-01,23:03:37,3.233333333333333,5.733311971028645,7.066666666666666
2013-09-01,23:08:37,3.0,6.799980799357096,6.7333333333333325
2013-09-01,23:13:37,3.1,4.5333099365234375,7.466666666666668
2013-09-01,23:18:37,3.4,7.199974060058594,7.8
2013-09-01,23:23:37,3.0,6.933307647705078,7.2666666666666675
2013-09-01,23:28:37,3.066666666666667,6.799983978271484,7.2666666666666675
2013-09-01,23:33:37,3.3,6.399974822998048,7.066666666666666
2013-09-01,23:38:37,2.966666666666667,5.9999847412109375,6.666666666666668
2013-09-01,23:43:37,3.066666666666667,4.933315912882486,7.4
2013-09-01,23:48:37,4.4,15.399971008300781,6.8
2013-09-01,23:53:37,3.0,8.06664784749349,6.666666666666668
2013-09-01,23:58:37,3.066666666666667,7.466643651326497,6.666666666666668
2013-09-02,00:03:37,3.266666666666667,7.399978637695312,7.066666666666666
2013-09-02,00:08:37,3.0,6.466652552286783,7.0
2013-09-02,00:13:37,3.1,5.399983723958334,6.7333333333333325
2013-09-02,00:18:37,3.333333333333333,10.199975967407227,7.0
2013-09-02,00:23:37,3.0,5.999975204467773,6.6
2013-09-02,00:28:37,3.166666666666667,5.333309173583984,6.466666666666668
2013-09-02,00:33:37,3.333333333333333,5.866654713948568,6.933333333333334
2013-09-02,00:38:37,3.0,3.666645685831705,7.2
2013-09-02,00:43:37,3.066666666666667,5.53331693013509,7.2
2013-09-02,00:48:38,3.266666666666667,9.866647720336914,7.2
2013-09-02,00:53:38,3.0,4.799979527791342,6.933333333333334
2013-09-02,00:58:38,3.1,4.533316294352214,6.866666666666666
2013-09-02,01:03:38,3.4,6.533320744832355,6.8
2013-09-02,01:08:38,2.966666666666667,5.866654713948568,6.8
2013-09-02,01:13:38,3.033333333333333,5.266653696695964,6.933333333333334
2013-09-02,01:18:38,3.266666666666667,7.399972279866534,6.933333333333334
2013-09-02,01:23:38,3.0,5.666659673055012,7.133333333333334
2013-09-02,01:28:38,3.033333333333333,4.933322270711263,7.0
2013-09-02,01:33:38,3.233333333333333,4.799985885620117,6.866666666666666
2013-09-02,01:38:38,3.0,6.599982579549152,6.4
2013-09-02,01:43:38,3.033333333333333,3.799991607666016,6.533333333333332
2013-09-02,01:48:38,3.266666666666667,5.533320109049479,7.2
2013-09-02,01:53:38,3.0,4.866650899251302,7.466666666666668
2013-09-02,01:58:38,3.0,5.5999819437662754,7.333333333333332
2013-09-02,02:03:38,3.4,9.933300018310547,7.066666666666666
2013-09-02,02:08:38,3.0,6.599982579549152,6.933333333333334
2013-09-02,02:13:38,3.1333333333333333,4.39997673034668,7.066666666666666
2013-09-02,02:18:38,3.3,5.733315149943033,6.933333333333334
2013-09-02,02:23:38,3.066666666666667,6.999988555908203,6.666666666666668
2013-09-02,02:28:38,3.1333333333333333,7.93331464131673,6.933333333333334
2013-09-02,02:33:38,3.3666666666666667,9.199978510538736,6.666666666666668
2013-09-02,02:38:38,2.966666666666667,6.199982961018879,6.666666666666668
2013-09-02,02:43:38,3.033333333333333,3.799988428751628,7.066666666666666
2013-09-02,02:48:38,3.266666666666667,6.333312988281251,7.333333333333332
2013-09-02,02:53:38,3.0,5.533320109049479,7.0
2013-09-02,02:58:38,3.066666666666667,5.333309173583984,6.8
2013-09-02,03:03:38,3.333333333333333,7.466646830240885,6.8
2013-09-02,03:08:38,2.966666666666667,4.133319854736328,6.6
2013-09-02,03:13:38,3.033333333333333,4.1333166758219395,6.7333333333333325
2013-09-02,03:18:38,3.4,13.466644287109375,7.333333333333332
2013-09-02,03:23:38,3.033333333333333,7.599986394246421,6.8
2013-09-02,03:28:38,3.066666666666667,5.399983723958334,6.866666666666666
2013-09-02,03:33:38,3.233333333333333,6.99997901916504,6.7333333333333325
2013-09-02,03:38:38,3.033333333333333,5.39997418721517,6.533333333333332
2013-09-02,03:43:38,3.066666666666667,3.933321634928385,6.333333333333332
2013-09-02,03:48:38,3.3,8.399985631306967,6.6
2013-09-02,03:53:38,2.933333333333333,5.666653315226236,7.0
2013-09-02,03:58:38,3.066666666666667,3.7333170572916656,7.066666666666666
2013-09-02,04:03:38,3.3,5.866654713948568,7.0
2013-09-02,04:08:38,3.066666666666667,7.93331464131673,7.0
2013-09-02,04:13:38,3.033333333333333,6.133314768473307,6.8
2013-09-02,04:18:38,3.266666666666667,7.999979654947915,6.866666666666666
2013-09-02,04:23:38,2.933333333333333,5.8666451772054025,6.666666666666668
2013-09-02,04:28:38,3.1,5.199995040893555,6.666666666666668
2013-09-02,04:33:38,3.333333333333333,5.799989700317383,6.8
2013-09-02,04:38:38,3.0,5.866661071777344,7.0
2013-09-02,04:43:38,3.0,5.333318710327148,7.133333333333334
2013-09-02,04:48:38,4.066666666666666,8.866643905639648,6.933333333333334
2013-09-02,04:53:38,3.066666666666667,7.666648228963218,6.466666666666668
2013-09-02,04:58:38,3.1,8.599987030029297,6.8
2013-09-02,05:03:38,3.3,7.399984995524088,6.666666666666668
2013-09-02,05:08:38,3.0,6.599979400634766,6.466666666666668
2013-09-02,05:13:38,3.0,4.933312733968099,7.133333333333334
2013-09-02,05:18:39,3.3,8.266646067301432,7.066666666666666
2013-09-02,05:23:39,3.0,5.799983342488606,7.066666666666666
2013-09-02,05:28:39,3.066666666666667,4.533316294352214,6.933333333333334
2013-09-02,05:33:39,3.3,7.3333104451497375,7.333333333333332
2013-09-02,05:38:39,3.0,4.799982706705729,6.8
2013-09-02,05:43:39,3.1333333333333333,4.39997673034668,6.666666666666668
2013-09-02,05:48:39,3.333333333333333,7.133324940999347,6.866666666666666
2013-09-02,05:53:39,3.0,5.199979146321613,6.7333333333333325
2013-09-02,05:58:39,3.1,4.73332405090332,6.8
2013-09-02,06:03:39,3.266666666666667,7.93331464131673,6.933333333333334
2013-09-02,06:08:39,3.0,5.199975967407227,6.866666666666666
2013-09-02,06:13:39,3.033333333333333,4.733320871988932,6.6
2013-09-02,06:18:39,3.333333333333333,7.999976476033527,6.866666666666666
2013-09-02,06:23:39,3.0,6.199979782104492,6.6
2013-09-02,06:28:39,3.066666666666667,6.13331158955892,6.4
2013-09-02,06:33:39,3.3,7.866640090942383,6.866666666666666
2013-09-02,06:38:39,2.966666666666667,6.59998575846354,7.133333333333334
2013-09-02,06:43:39,3.033333333333333,5.199995040893555,7.2
2013-09-02,06:48:39,3.233333333333333,6.6666444142659484,7.133333333333334
2013-09-02,06:53:39,3.0,6.866645812988281,6.933333333333334
2013-09-02,06:58:39,3.066666666666667,5.199988683064779,6.866666666666666
2013-09-02,07:03:39,3.233333333333333,5.533313751220703,7.133333333333334
2013-09-02,07:08:39,3.0,4.466648101806641,6.8
2013-09-02,07:13:39,3.033333333333333,4.466654459635417,6.8
2013-09-02,07:18:39,3.3666666666666667,7.266642252604166,7.066666666666666
2013-09-02,07:23:39,3.066666666666667,7.466650009155273,6.8
2013-09-02,07:28:39,3.1,8.26664924621582,6.866666666666666
2013-09-02,07:33:39,3.1785714285714284,6.357124873570033,6.7142857142857135
2013-09-02,07:38:39,3.0,4.07141957964216,7.0
2013-09-02,07:43:39,3.0357142857142856,4.857121195111956,6.7142857142857135
2013-09-02,07:48:39,3.1785714285714284,8.285702977861677,7.357142857142858
2013-09-02,07:53:39,2.9642857142857144,8.28568594796317,7.2142857142857135
2013-09-02,07:58:39,3.033333333333333,6.599988937377929,7.0
2013-09-02,08:03:39,3.266666666666667,6.266644795735678,7.133333333333334
2013-09-02,08:08:39,3.0,5.86665153503418,6.8
2013-09-02,08:13:39,3.066666666666667,4.933319091796875,7.0
2013-09-02,08:18:39,3.433333333333333,10.799976984659828,6.933333333333334
2013-09-02,08:23:39,3.0,7.599970499674479,6.6
2013-09-02,08:28:39,3.033333333333333,6.066649754842123,6.533333333333332
2013-09-02,08:33:39,3.266666666666667,7.0666567484537754,6.7333333333333325
2013-09-02,08:38:39,3.0,5.199988683064779,6.8
2013-09-02,08:43:40,3.0,6.466643015543622,6.8
2013-09-02,08:48:40,3.25,9.785682814461847,6.928571428571429
2013-09-02,08:53:40,3.0,5.142838614327567,6.7857142857142865
2013-09-02,08:58:40,3.0357142857142856,4.428560393197196,7.142857142857142
2013-09-02,09:03:40,3.1785714285714284,6.214267866952079,6.928571428571429
2013-09-02,09:08:40,3.0,6.6666412353515625,6.7333333333333325
2013-09-02,09:13:40,3.2,6.533317565917969,7.333333333333332
2013-09-02,09:18:40,3.3,8.59998067220052,7.0
2013-09-02,09:23:40,3.0,4.1999880472819004,7.066666666666666
2013-09-02,09:28:40,3.1333333333333333,3.9999866485595703,7.2
2013-09-02,09:33:40,3.1333333333333333,7.399984995524088,6.7333333333333325
2013-09-02,09:38:40,3.0,4.4666512807210275,7.0
2013-09-02,09:43:40,3.2,4.999993642171223,7.133333333333334
2013-09-02,09:48:40,3.166666666666667,8.999977111816406,7.0
2013-09-02,09:53:40,3.0,6.466649373372396,6.6
2013-09-02,09:58:40,3.233333333333333,7.666645050048829,7.133333333333334
2013-09-02,10:03:40,3.166666666666667,5.466655095418293,6.866666666666666
2013-09-02,10:08:40,3.0,5.199995040893555,6.8
2013-09-02,10:13:40,3.1333333333333333,5.199991861979167,6.933333333333334
2013-09-02,10:18:40,3.266666666666667,7.7999814351399746,6.866666666666666
2013-09-02,10:23:40,3.0,5.333309173583984,6.666666666666668
2013-09-02,10:28:40,3.2,5.466658274332682,7.0
2013-09-02,10:33:40,3.166666666666667,9.39997673034668,6.8
2013-09-02,10:38:40,3.0,7.199974060058594,6.866666666666666
2013-09-02,10:43:40,3.233333333333333,6.199986139933268,7.066666666666666
2013-09-02,10:48:40,3.233333333333333,9.333308537801106,7.0
2013-09-02,10:53:40,3.033333333333333,4.866657257080078,6.7333333333333325
2013-09-02,10:58:40,3.1333333333333333,4.466654459635417,6.7333333333333325
2013-09-02,11:03:40,3.166666666666667,7.533321380615235,6.6
2013-09-02,11:08:40,3.0,5.86665153503418,6.533333333333332
2013-09-02,11:13:40,3.2,3.866643905639648,7.0
2013-09-02,11:18:41,3.233333333333333,5.399990081787109,6.933333333333334
2013-09-02,11:23:41,2.933333333333333,4.333327611287434,6.8
2013-09-02,11:28:41,3.066666666666667,6.066649754842123,6.933333333333334
2013-09-02,11:33:40,3.233333333333333,8.066644668579102,6.7333333333333325
2013-09-02,11:38:40,3.0,8.866643905639648,6.8
2013-09-02,11:43:40,3.2,5.1333173116048165,6.8
2013-09-02,11:48:40,3.1333333333333333,6.333312988281251,6.7333333333333325
2013-09-02,11:53:40,2.966666666666667,4.599987665812175,6.8
2013-09-02,11:58:40,3.3,4.999990463256836,7.466666666666668
2013-09-02,12:03:41,3.3,7.733306884765626,7.466666666666668
2013-09-02,12:08:41,3.0,6.533311208089193,7.666666666666668
2013-09-02,12:13:41,3.233333333333333,4.066638946533203,7.533333333333332
2013-09-02,12:18:41,3.266666666666667,5.466651916503906,7.466666666666668
2013-09-02,12:23:41,3.1,7.133321762084961,7.533333333333332
2013-09-02,12:28:41,3.266666666666667,9.599981307983398,7.6
2013-09-02,12:33:41,3.233333333333333,7.333316802978515,7.6
2013-09-02,12:38:41,3.0,5.199985504150391,7.6
2013-09-02,12:43:41,3.233333333333333,5.066658655802409,7.466666666666668
2013-09-02,12:48:41,3.166666666666667,4.533319473266602,7.333333333333332
2013-09-02,12:53:41,3.1,5.733321507771809,7.333333333333332
2013-09-02,12:58:41,3.3,4.533319473266602,7.7333333333333325
2013-09-02,13:03:41,3.166666666666667,4.599974950154621,7.466666666666668
2013-09-02,13:08:41,3.1,5.066649119059244,7.4
2013-09-02,13:13:41,3.4,5.666656494140625,7.666666666666668
2013-09-02,13:18:41,3.266666666666667,7.599986394246421,7.533333333333332
2013-09-02,13:23:41,3.0,5.133307774861653,7.6
2013-09-02,13:28:41,3.266666666666667,5.199982325236003,7.6
2013-09-02,13:33:41,3.266666666666667,7.799978256225586,7.6
2013-09-02,13:38:41,3.066666666666667,6.799974441528319,7.533333333333332
2013-09-02,13:43:41,3.333333333333333,5.399980545043945,7.533333333333332
2013-09-02,13:48:41,3.166666666666667,6.066646575927734,7.6
2013-09-02,13:53:41,3.033333333333333,4.799985885620117,7.533333333333332
2013-09-02,13:58:41,3.266666666666667,5.933313369750977,7.333333333333332
2013-09-02,14:03:41,3.3666666666666667,8.333320617675781,7.2666666666666675
2013-09-02,14:08:41,3.0,7.466650009155273,7.4
2013-09-02,14:13:41,3.2,6.466649373372396,7.466666666666668
2013-09-02,14:18:41,3.233333333333333,6.999975840250651,7.4
2013-09-02,14:23:41,3.1,4.999993642171223,7.2
2013-09-02,14:28:41,3.3,5.799980163574219,7.6
2013-09-02,14:33:42,3.2,7.066640853881837,7.6
2013-09-02,14:38:42,3.0,5.533320109049479,7.7333333333333325
2013-09-02,14:43:42,3.233333333333333,5.466651916503906,7.866666666666666
2013-09-02,14:48:42,3.233333333333333,8.066654205322266,7.666666666666668
2013-09-02,14:53:42,3.1,7.533321380615235,7.6
2013-09-02,14:58:42,3.266666666666667,7.79998779296875,7.666666666666668
2013-09-02,15:03:42,3.2,7.1333154042561855,7.2
2013-09-02,15:08:42,3.033333333333333,5.999981562296551,7.6
2013-09-02,15:13:42,3.266666666666667,6.133314768473307,7.533333333333332
2013-09-02,15:18:42,3.266666666666667,8.73331069946289,7.333333333333332
2013-09-02,15:23:42,3.0,4.4666512807210275,7.333333333333332
2013-09-02,15:28:42,3.266666666666667,6.266647974650065,7.6
2013-09-02,15:33:42,3.266666666666667,7.199983596801758,7.666666666666668
2013-09-02,15:38:42,3.066666666666667,5.666640599568684,7.6
2013-09-02,15:43:42,4.433333333333334,12.46664047241211,7.666666666666668
2013-09-02,15:48:42,3.233333333333333,19.599978129069008,7.4
2013-09-02,15:53:42,3.066666666666667,8.26664924621582,7.4
2013-09-02,15:58:42,3.266666666666667,6.199982961018879,7.666666666666668
2013-09-02,16:03:42,3.233333333333333,7.399978637695312,7.466666666666668
2013-09-02,16:08:42,3.1,5.533313751220703,7.6
2013-09-02,16:13:42,3.166666666666667,5.199975967407227,7.6
2013-09-02,16:18:42,3.233333333333333,7.066644032796225,7.4
2013-09-02,16:23:42,3.0,4.466644922892252,7.4
2013-09-02,16:28:42,3.333333333333333,5.799986521402996,7.533333333333332
2013-09-02,16:33:42,3.3,9.266640345255533,7.333333333333332
2013-09-02,16:38:42,3.0,7.999973297119141,7.6
2013-09-02,16:43:42,3.2,5.1333173116048165,8.0
2013-09-02,16:48:42,3.2,7.333323160807291,7.666666666666668
2013-09-02,16:53:42,3.0,4.39997673034668,7.533333333333332
2013-09-02,16:58:42,3.266666666666667,3.9333184560139984,7.7333333333333325
2013-09-02,17:03:42,3.266666666666667,6.599979400634766,7.6
2013-09-02,17:08:42,3.033333333333333,4.599981307983398,7.466666666666668
2013-09-02,17:13:42,3.3666666666666667,4.066648483276367,7.466666666666668
2013-09-02,17:18:42,3.333333333333333,6.199989318847656,7.2
2013-09-02,17:23:42,3.066666666666667,7.399972279866534,7.533333333333332
2013-09-02,17:28:42,3.2,7.799978256225586,7.666666666666668
2013-09-02,17:33:42,3.233333333333333,8.799972534179688,7.6
2013-09-02,17:38:42,3.1,4.599981307983398,7.666666666666668
2013-09-02,17:43:43,3.266666666666667,3.599987030029297,7.666666666666668
2013-09-02,17:48:43,3.166666666666667,5.866648356119793,7.533333333333332
2013-09-02,17:53:43,3.0,6.199979782104492,7.4
2013-09-02,17:58:43,3.233333333333333,4.999980926513672,7.6
2013-09-02,18:03:43,3.166666666666667,9.599981307983398,7.533333333333332
2013-09-02,18:08:43,3.066666666666667,6.599988937377929,7.533333333333332
2013-09-02,18:13:43,3.3,6.533320744832355,7.6
2013-09-02,18:18:43,3.266666666666667,8.199987411499023,7.333333333333332
2013-09-02,18:23:43,3.033333333333333,5.399980545043945,7.4
2013-09-02,18:28:43,3.233333333333333,7.733319600423178,7.666666666666668
2013-09-02,18:33:43,3.166666666666667,8.799991607666016,7.666666666666668
2013-09-02,18:38:43,3.0,5.399980545043945,7.7333333333333325
2013-09-02,18:43:43,3.166666666666667,4.799985885620117,7.8
2013-09-02,18:48:43,3.233333333333333,4.799985885620117,7.666666666666668
2013-09-02,18:53:43,3.066666666666667,4.799985885620117,7.6
2013-09-02,18:58:43,3.233333333333333,4.199981689453125,7.8
2013-09-02,19:03:43,3.166666666666667,7.599973678588867,7.466666666666668
2013-09-02,19:08:43,3.1,7.599983215332032,7.4
2013-09-02,19:13:43,3.266666666666667,7.599983215332032,7.6
2013-09-02,19:18:43,3.266666666666667,8.599987030029297,7.333333333333332
2013-09-02,19:23:43,3.033333333333333,5.9999847412109375,7.2666666666666675
2013-09-02,19:28:43,3.233333333333333,5.466655095418293,7.6
2013-09-02,19:33:43,3.233333333333333,8.79998524983724,7.333333333333332
2013-09-02,19:38:43,3.1333333333333333,6.799983978271484,7.466666666666668
2013-09-02,19:43:43,3.266666666666667,5.266653696695964,7.466666666666668
2013-09-02,19:48:43,3.533333333333333,8.599987030029297,9.333333333333334
2013-09-02,19:53:44,3.4,7.599983215332032,9.733333333333333
2013-09-02,19:58:44,3.466666666666667,6.333312988281251,9.8
2013-09-02,20:03:44,3.433333333333333,5.933313369750977,9.466666666666667
2013-09-02,20:08:44,3.2,5.133323669433594,10.133333333333333
2013-09-02,20:13:44,3.566666666666667,5.5999819437662754,10.466666666666667
2013-09-02,20:18:44,3.633333333333333,7.799978256225586,10.133333333333333
2013-09-02,20:23:44,3.3666666666666667,6.999988555908203,10.066666666666666
2013-09-02,20:28:44,3.4,4.133319854736328,9.933333333333334
2013-09-02,20:33:44,3.4,6.99997901916504,9.866666666666667
2013-09-02,20:38:44,3.2,5.333321889241537,9.733333333333333
2013-09-02,20:43:44,3.633333333333333,8.266642888387045,9.933333333333334
2013-09-02,20:48:44,3.466666666666667,8.599987030029297,9.933333333333334
2013-09-02,20:53:44,3.3666666666666667,4.199981689453125,9.8
2013-09-02,20:58:44,3.4,5.799989700317383,10.2
2013-09-02,21:03:44,3.5,7.0666567484537754,9.266666666666667
2013-09-02,21:08:44,3.3666666666666667,4.933315912882486,9.933333333333334
2013-09-02,21:13:44,3.566666666666667,6.06665293375651,9.866666666666667
2013-09-02,21:18:44,3.3666666666666667,8.466647466023764,9.8
2013-09-02,21:23:44,3.266666666666667,5.799989700317383,9.4
2013-09-02,21:28:44,3.466666666666667,4.599981307983398,10.0
2013-09-02,21:33:44,3.6,8.266636530558268,9.866666666666667
2013-09-02,21:38:44,3.466666666666667,7.599983215332032,9.933333333333334
2013-09-02,21:43:44,3.433333333333333,5.399980545043945,10.2
2013-09-02,21:48:44,3.533333333333333,4.733314514160156,9.733333333333333
2013-09-02,21:53:44,3.466666666666667,4.7333113352457685,9.733333333333333
2013-09-02,21:58:44,3.566666666666667,5.1333173116048165,9.8
2013-09-02,22:03:44,3.533333333333333,7.93331464131673,9.533333333333333
2013-09-02,22:08:44,3.2,5.666653315226236,10.0
2013-09-02,22:13:44,3.433333333333333,5.066649119059244,10.133333333333333
2013-09-02,22:18:44,3.5,7.933311462402344,9.8
2013-09-02,22:23:44,3.333333333333333,7.466650009155273,9.8
2013-09-02,22:28:44,3.5,6.466655731201172,10.133333333333333
2013-09-02,22:33:44,3.3666666666666667,6.066646575927734,10.0
2013-09-02,22:38:44,4.766666666666667,5.733324686686199,9.4
2013-09-02,22:43:44,3.233333333333333,7.199977238972982,7.666666666666668
2013-09-02,22:48:44,3.333333333333333,7.866649627685547,7.066666666666666
2013-09-02,22:53:44,3.033333333333333,7.266645431518555,7.0
2013-09-02,22:58:44,3.233333333333333,5.533320109049479,7.533333333333332
2013-09-02,23:03:44,3.166666666666667,9.199978510538736,6.866666666666666
2013-09-02,23:08:45,3.0,6.133308410644531,6.8
2013-09-02,23:13:45,3.2,7.466646830240885,6.8
2013-09-02,23:18:45,3.233333333333333,10.199975967407227,6.666666666666668
2013-09-02,23:23:45,3.033333333333333,6.933320363362632,6.666666666666668
2013-09-02,23:28:45,3.233333333333333,4.133319854736328,7.066666666666666
2013-09-02,23:33:45,3.166666666666667,4.066648483276367,6.8
2013-09-02,23:38:45,3.0,5.733324686686199,6.866666666666666
2013-09-02,23:43:45,3.2,5.799980163574219,6.8
2013-09-02,23:48:45,3.1333333333333333,6.799974441528319,6.466666666666668
2013-09-02,23:53:45,3.033333333333333,5.666650136311848,6.533333333333332
2013-09-02,23:58:45,3.1333333333333333,5.5999755859375,6.866666666666666
2013-09-03,00:03:45,3.2,8.133316040039062,6.7333333333333325
2013-09-03,00:08:45,3.0,8.599974314371744,6.866666666666666
2013-09-03,00:13:45,3.166666666666667,4.733314514160156,7.066666666666666
2013-09-03,00:18:45,3.233333333333333,6.466636657714845,6.8
2013-09-03,00:23:45,3.0,5.199979146321613,6.7333333333333325
2013-09-03,00:28:45,3.233333333333333,4.799982706705729,7.0
2013-09-03,00:33:45,3.166666666666667,6.066649754842123,6.933333333333334
2013-09-03,00:38:45,3.0,5.599994659423828,6.866666666666666
2013-09-03,00:43:45,3.233333333333333,6.066640218098959,7.133333333333334
2013-09-03,00:48:45,3.166666666666667,7.066653569539389,7.0
2013-09-03,00:53:45,3.066666666666667,8.199984232584635,7.133333333333334
2013-09-03,00:58:45,3.1333333333333333,6.066649754842123,7.0
2013-09-03,01:03:45,3.233333333333333,8.93331209818522,6.7333333333333325
2013-09-03,01:08:45,3.0,5.866654713948568,6.533333333333332
2013-09-03,01:13:45,3.2,4.866657257080078,6.666666666666668
2013-09-03,01:18:45,3.166666666666667,6.53331438700358,6.6
2013-09-03,01:23:45,3.0,4.933312733968099,6.8
2013-09-03,01:28:45,3.166666666666667,4.73332405090332,6.866666666666666
2013-09-03,01:33:45,3.166666666666667,7.199983596801758,6.866666666666666
2013-09-03,01:38:45,3.0,5.133320490519206,6.933333333333334
2013-09-03,01:43:45,3.233333333333333,5.333315531412761,7.0
2013-09-03,01:48:45,3.166666666666667,6.86664899190267,6.866666666666666
2013-09-03,01:53:45,3.1,5.799980163574219,6.866666666666666
2013-09-03,01:58:45,3.333333333333333,6.333312988281251,6.866666666666666
2013-09-03,02:03:45,3.266666666666667,7.466643651326497,6.8
2013-09-03,02:08:45,3.0,6.199982961018879,6.7333333333333325
2013-09-03,02:13:45,3.233333333333333,5.799989700317383,7.0
2013-09-03,02:18:46,3.266666666666667,7.066647211710614,6.866666666666666
2013-09-03,02:23:46,3.033333333333333,6.333312988281251,6.933333333333334
2013-09-03,02:28:46,3.1333333333333333,5.999978383382162,7.0
2013-09-03,02:33:46,3.266666666666667,8.866653442382812,6.466666666666668
2013-09-03,02:38:46,3.0,6.466639836629233,6.6
2013-09-03,02:43:46,3.166666666666667,4.666646321614584,6.866666666666666
2013-09-03,02:48:46,3.166666666666667,6.399984359741211,6.7333333333333325
2013-09-03,02:53:46,3.0,5.39997418721517,7.2
2013-09-03,02:58:46,3.1333333333333333,4.99998410542806,6.666666666666668
2013-09-03,03:03:46,3.166666666666667,7.93331464131673,6.866666666666666
2013-09-03,03:08:46,3.0,4.466648101806641,6.866666666666666
2013-09-03,03:13:46,3.166666666666667,5.53331693013509,7.0
2013-09-03,03:18:46,3.2,8.133306503295898,6.8
2013-09-03,03:23:46,3.1,7.599983215332032,6.866666666666666
2013-09-03,03:28:46,3.166666666666667,6.06665293375651,7.066666666666666
2013-09-03,03:33:46,3.233333333333333,6.666650772094726,6.533333333333332
2013-09-03,03:38:46,2.933333333333333,4.866657257080078,6.666666666666668
2013-09-03,03:43:46,3.1333333333333333,4.266656239827474,6.8
2013-09-03,03:48:46,3.166666666666667,5.866648356119793,6.6
2013-09-03,03:53:47,3.0,5.199988683064779,6.666666666666668
2013-09-03,03:58:47,3.1333333333333333,5.133323669433594,7.0
2013-09-03,04:03:47,3.166666666666667,7.399978637695312,6.6
2013-09-03,04:08:47,3.0,5.1333173116048165,6.7333333333333325
2013-09-03,04:13:47,3.233333333333333,5.999975204467773,7.0
2013-09-03,04:18:47,3.266666666666667,7.666645050048829,7.0
2013-09-03,04:23:47,3.0,4.933319091796875,6.666666666666668
2013-09-03,04:28:47,3.1333333333333333,4.533319473266602,6.8
2013-09-03,04:33:47,3.2,8.33332379659017,6.666666666666668
2013-09-03,04:38:47,3.0,6.066640218098959,6.933333333333334
2013-09-03,04:43:47,3.1333333333333333,5.199972788492838,6.866666666666666
2013-09-03,04:48:47,3.966666666666667,7.866649627685547,6.666666666666668
2013-09-03,04:53:47,3.0,5.066652297973633,7.0
2013-09-03,04:58:47,3.233333333333333,4.866650899251302,7.133333333333334
2013-09-03,05:03:47,3.266666666666667,8.66665522257487,6.866666666666666
2013-09-03,05:08:47,3.066666666666667,5.333318710327148,6.866666666666666
2013-09-03,05:13:47,3.2,5.53331693013509,7.066666666666666
2013-09-03,05:18:47,3.266666666666667,6.6666412353515625,6.7333333333333325
2013-09-03,05:23:47,2.966666666666667,6.466652552286783,6.8
2013-09-03,05:28:47,3.233333333333333,6.199979782104492,7.133333333333334
2013-09-03,05:33:47,3.233333333333333,5.799983342488606,7.133333333333334
2013-09-03,05:38:47,3.0,4.066654841105143,6.933333333333334
2013-09-03,05:43:47,3.2,5.333321889241537,6.866666666666666
2013-09-03,05:48:47,3.166666666666667,6.399984359741211,6.8
2013-09-03,05:53:47,3.1,9.266640345255533,6.866666666666666
2013-09-03,05:58:47,3.1333333333333333,7.93331464131673,6.933333333333334
2013-09-03,06:03:47,3.166666666666667,7.733306884765626,7.0
2013-09-03,06:08:47,3.0,5.133307774861653,6.7333333333333325
2013-09-03,06:13:47,3.166666666666667,4.933315912882486,6.866666666666666
2013-09-03,06:18:47,3.233333333333333,8.399979273478191,6.866666666666666
2013-09-03,06:23:47,3.0,4.599984486897787,7.0
2013-09-03,06:28:47,3.2,3.066660563151041,7.0
2013-09-03,06:33:47,4.166666666666667,8.533318837483723,6.6
2013-09-03,06:38:48,3.033333333333333,10.199975967407227,6.7333333333333325
2013-09-03,06:43:48,3.3666666666666667,8.53330930074056,7.0
2013-09-03,06:48:48,3.1333333333333333,8.866653442382812,6.933333333333334
2013-09-03,06:53:48,2.966666666666667,5.799983342488606,6.866666666666666
2013-09-03,06:58:48,3.166666666666667,5.799980163574219,7.0
2013-09-03,07:03:48,3.166666666666667,6.99997901916504,6.7333333333333325
2013-09-03,07:08:48,3.0,4.999980926513672,6.533333333333332
2013-09-03,07:13:48,3.166666666666667,4.799976348876953,6.533333333333332
2013-09-03,07:18:48,3.233333333333333,5.93331019083659,6.7333333333333325
2013-09-03,07:23:48,3.0,5.93331019083659,7.0
2013-09-03,07:28:48,3.2,5.399986902872721,7.2666666666666675
2013-09-03,07:33:48,3.266666666666667,10.133307774861654,6.866666666666666
2013-09-03,07:38:48,3.0,6.733318964640299,6.7333333333333325
2013-09-03,07:43:48,3.166666666666667,5.199975967407227,6.8
2013-09-03,07:48:48,3.166666666666667,7.3333104451497375,6.866666666666666
2013-09-03,07:53:48,3.0,5.199979146321613,6.933333333333334
2013-09-03,07:58:48,3.2,5.066649119059244,6.933333333333334
2013-09-03,08:03:48,3.166666666666667,6.799974441528319,6.866666666666666
2013-09-03,08:08:48,3.333333333333333,5.13331413269043,6.933333333333334
2013-09-03,08:13:48,3.233333333333333,7.599983215332032,7.066666666666666
2013-09-03,08:18:48,3.233333333333333,8.599987030029297,6.933333333333334
2013-09-03,08:23:48,3.033333333333333,7.999982833862304,6.933333333333334
2013-09-03,08:28:48,3.2,6.799983978271484,6.7333333333333325
2013-09-03,08:33:48,3.166666666666667,6.199979782104492,6.666666666666668
2013-09-03,08:38:48,3.0,3.9999866485595703,6.466666666666668
2013-09-03,08:43:48,3.166666666666667,3.6666552225748688,6.933333333333334
2013-09-03,08:48:48,3.166666666666667,6.599979400634766,6.866666666666666
2013-09-03,08:53:48,3.0,4.999990463256836,6.866666666666666
2013-09-03,08:58:48,3.2,6.266644795735678,7.0
2013-09-03,09:03:48,3.166666666666667,8.999977111816406,6.7333333333333325
2013-09-03,09:08:49,3.0,4.599981307983398,6.8
2013-09-03,09:13:49,3.166666666666667,5.53331693013509,7.133333333333334
2013-09-03,09:18:49,3.2,8.466641108194988,7.066666666666666
2013-09-03,09:23:49,2.966666666666667,6.799983978271484,6.666666666666668
2013-09-03,09:28:49,3.2,5.9999847412109375,7.066666666666666
2013-09-03,09:33:49,3.166666666666667,8.799982070922852,6.866666666666666
2013-09-03,09:38:49,3.0,3.9999866485595703,6.933333333333334
2013-09-03,09:43:49,3.1333333333333333,5.399980545043945,6.866666666666666
2013-09-03,09:48:49,3.2,5.199985504150391,6.7333333333333325
2013-09-03,09:53:49,3.0,4.599981307983398,6.6
2013-09-03,09:58:49,3.1333333333333333,4.26664670308431,7.066666666666666
2013-09-03,10:03:49,3.2,5.2666473388671875,7.2
2013-09-03,10:08:49,3.0,8.999977111816406,6.8
2013-09-03,10:13:49,3.233333333333333,5.466648737589518,6.7333333333333325
2013-09-03,10:18:49,3.233333333333333,7.79998779296875,6.8
2013-09-03,10:23:49,2.933333333333333,5.199975967407227,6.8
2013-09-03,10:28:49,3.166666666666667,3.399982452392578,6.8
2013-09-03,10:33:49,3.166666666666667,7.199983596801758,6.933333333333334
2013-09-03,10:38:49,3.0,5.799983342488606,6.7333333333333325
2013-09-03,10:43:49,3.166666666666667,5.799980163574219,7.0
2013-09-03,10:48:49,3.166666666666667,6.333312988281251,7.066666666666666
2013-09-03,10:53:49,3.0,7.399988174438477,7.133333333333334
2013-09-03,10:58:49,3.166666666666667,7.199974060058594,7.0
2013-09-03,11:03:49,3.166666666666667,6.999988555908203,6.6
2013-09-03,11:08:49,3.0,3.599977493286133,6.8
2013-09-03,11:13:49,3.1333333333333333,3.9999866485595703,7.2
2013-09-03,11:18:49,3.233333333333333,6.399984359741211,7.0
2013-09-03,11:23:49,3.0,4.199981689453125,6.866666666666666
2013-09-03,11:28:49,3.233333333333333,5.333312352498373,7.133333333333334
2013-09-03,11:33:49,3.166666666666667,7.799978256225586,6.866666666666666
2013-09-03,11:38:49,3.0,4.999971389770508,7.066666666666666
2013-09-03,11:43:49,3.2,5.666653315226236,6.8
2013-09-03,11:48:49,3.166666666666667,8.999977111816406,6.666666666666668
2013-09-03,11:53:49,3.0,5.199985504150391,6.666666666666668
2013-09-03,11:58:50,3.1333333333333333,5.466658274332682,6.666666666666668
2013-09-03,12:03:50,3.166666666666667,8.999977111816406,6.6
2013-09-03,12:08:50,3.0,5.399980545043945,7.0
2013-09-03,12:13:50,3.2,4.199994405110677,7.0
2013-09-03,12:18:50,3.266666666666667,7.333307266235352,6.866666666666666
2013-09-03,12:23:50,3.0,6.799990336100261,6.933333333333334
2013-09-03,12:28:50,3.1,5.133307774861653,6.866666666666666
2013-09-03,12:33:50,3.233333333333333,6.799983978271484,6.866666666666666
2013-09-03,12:38:50,3.033333333333333,7.599983215332032,6.666666666666668
2013-09-03,12:43:50,3.1333333333333333,4.599984486897787,6.7333333333333325
2013-09-03,12:48:50,3.166666666666667,7.1333154042561855,6.933333333333334
2013-09-03,12:53:50,3.0,6.06665293375651,6.866666666666666
2013-09-03,12:58:50,3.1333333333333333,5.466645558675131,6.933333333333334
2013-09-03,13:03:50,3.166666666666667,8.066638310750324,6.666666666666668
2013-09-03,13:08:50,2.966666666666667,4.39997673034668,6.666666666666668
2013-09-03,13:13:50,3.166666666666667,3.7999788920084625,6.666666666666668
2013-09-03,13:18:50,3.166666666666667,7.933320999145507,6.866666666666666
2013-09-03,13:23:50,3.0,5.999978383382162,6.7333333333333325
2013-09-03,13:28:50,3.2,7.999986012776692,7.066666666666666
2013-09-03,13:33:50,3.166666666666667,7.46665636698405,6.933333333333334
2013-09-03,13:38:50,3.0,5.599985122680664,6.7333333333333325
2013-09-03,13:43:50,3.2,5.399980545043945,7.0
2013-09-03,13:48:50,3.166666666666667,6.799980799357096,7.133333333333334
2013-09-03,13:53:50,3.033333333333333,4.5333099365234375,6.8
2013-09-03,13:58:50,3.1,5.26664098103841,6.8
2013-09-03,14:03:50,3.166666666666667,7.93331464131673,7.2666666666666675
2013-09-03,14:08:50,3.0,6.266647974650065,7.466666666666668
2013-09-03,14:13:51,3.266666666666667,6.399981180826825,7.666666666666668
2013-09-03,14:18:51,3.333333333333333,8.999983469645183,7.466666666666668
2013-09-03,14:23:51,3.0,6.133317947387695,7.333333333333332
2013-09-03,14:28:51,3.2,4.933312733968099,7.466666666666668
2013-09-03,14:33:51,3.166666666666667,6.399974822998048,7.066666666666666
2013-09-03,14:38:51,3.0,6.133321126302082,6.866666666666666
2013-09-03,14:43:51,3.233333333333333,5.1333173116048165,7.2
2013-09-03,14:48:51,3.166666666666667,5.466648737589518,7.533333333333332
2013-09-03,14:53:51,3.0,5.266656875610352,7.2666666666666675
2013-09-03,14:58:51,3.233333333333333,6.066649754842123,7.466666666666668
2013-09-03,15:03:51,3.266666666666667,7.933308283487955,7.4
2013-09-03,15:08:51,3.1,6.466649373372396,7.2666666666666675
2013-09-03,15:13:51,3.233333333333333,6.13331158955892,7.466666666666668
2013-09-03,15:18:51,3.266666666666667,7.933311462402344,7.333333333333332
2013-09-03,15:23:51,3.0,5.733324686686199,6.866666666666666
2013-09-03,15:28:51,3.266666666666667,5.666643778483072,7.333333333333332
2013-09-03,15:33:51,3.2,7.1333154042561855,7.066666666666666
2013-09-03,15:38:51,3.0,6.333312988281251,6.933333333333334
2013-09-03,15:43:51,3.2,4.5999908447265625,6.866666666666666
2013-09-03,15:48:51,3.166666666666667,6.53331438700358,6.866666666666666
2013-09-03,15:53:51,3.0,5.999987920125326,6.866666666666666
2013-09-03,15:58:51,3.2,8.533302942911785,7.2
2013-09-03,16:03:51,3.2,8.866647084554037,7.466666666666668
2013-09-03,16:08:51,3.0,5.2666473388671875,7.2
2013-09-03,16:13:51,3.2,6.066646575927734,7.133333333333334
2013-09-03,16:18:51,3.233333333333333,7.266651789347329,6.6
2013-09-03,16:23:51,3.0,5.333312352498373,6.666666666666668
2013-09-03,16:28:51,3.233333333333333,5.066649119059244,7.666666666666668
2013-09-03,16:33:51,3.266666666666667,5.5333105723063145,8.0
2013-09-03,16:38:51,3.033333333333333,4.266656239827474,7.866666666666666
2013-09-03,16:43:51,3.333333333333333,7.266651789347329,7.6
2013-09-03,16:48:51,3.2,8.466634750366211,7.666666666666668
2013-09-03,16:53:51,3.0,5.333312352498373,7.466666666666668
2013-09-03,16:58:51,3.166666666666667,5.799986521402996,7.2
2013-09-03,17:03:51,3.2,7.399984995524088,7.0
2013-09-03,17:08:51,3.0,6.333312988281251,6.866666666666666
2013-09-03,17:13:51,3.1,6.199979782104492,7.2
2013-09-03,17:18:52,3.2,6.199979782104492,6.8
2013-09-03,17:23:52,3.0,6.199976603190104,7.0
2013-09-03,17:28:52,3.2,5.399993260701496,7.4
2013-09-03,17:33:52,3.166666666666667,7.466650009155273,7.0
2013-09-03,17:38:52,3.0,7.199993133544921,6.4
2013-09-03,17:43:52,3.066666666666667,6.533320744832355,6.6
2013-09-03,17:48:52,3.1333333333333333,8.533315658569336,6.866666666666666
2013-09-03,17:53:52,3.0,4.199991226196289,7.0
2013-09-03,17:58:52,3.1333333333333333,5.199975967407227,7.0
2013-09-03,18:03:52,3.166666666666667,4.733320871988932,6.666666666666668
2013-09-03,18:08:52,2.933333333333333,5.666656494140625,6.8
2013-09-03,18:13:52,3.2,4.266643524169922,7.0
2013-09-03,18:18:52,3.233333333333333,7.666654586791992,6.933333333333334
2013-09-03,18:23:52,3.0,6.733309427897134,7.066666666666666
2013-09-03,18:28:52,3.166666666666667,7.333319981892903,7.0
2013-09-03,18:33:52,3.2,7.666651407877606,6.8
2013-09-03,18:38:52,3.066666666666667,5.399980545043945,6.8
2013-09-03,18:43:52,3.1,5.466645558675131,6.8
2013-09-03,18:48:52,3.066666666666667,7.1333154042561855,6.6
2013-09-03,18:53:52,2.966666666666667,5.333325068155924,7.0
2013-09-03,18:58:52,3.1333333333333333,5.733321507771809,6.933333333333334
2013-09-03,19:03:52,3.2,6.53331438700358,6.666666666666668
2013-09-03,19:08:52,3.0,5.999978383382162,6.533333333333332
2013-09-03,19:13:52,3.233333333333333,5.066652297973633,7.066666666666666
2013-09-03,19:18:52,3.233333333333333,8.73331069946289,7.133333333333334
2013-09-03,19:23:52,3.0,5.5999755859375,6.866666666666666
2013-09-03,19:28:52,3.1,5.533320109049479,7.2
2013-09-03,19:33:52,3.166666666666667,5.39997418721517,6.933333333333334
2013-09-03,19:38:52,2.966666666666667,4.866647720336914,6.666666666666668
2013-09-03,19:43:52,3.1333333333333333,5.53331693013509,6.866666666666666
2013-09-03,19:48:52,3.166666666666667,6.799980799357096,7.066666666666666
2013-09-03,19:53:52,3.0,6.799977620442708,7.333333333333332
2013-09-03,19:58:53,4.133333333333333,10.199975967407227,7.333333333333332
2013-09-03,20:03:53,3.166666666666667,12.599973678588865,6.666666666666668
2013-09-03,20:08:53,3.0,9.133310317993164,6.6
2013-09-03,20:13:53,3.166666666666667,6.266641616821289,6.933333333333334
2013-09-03,20:18:53,3.2,6.333312988281251,6.7333333333333325
2013-09-03,20:23:53,2.966666666666667,4.999987284342447,7.066666666666666
2013-09-03,20:28:53,3.1333333333333333,5.399993260701496,6.8
2013-09-03,20:33:53,3.166666666666667,8.133309682210287,6.6
2013-09-03,20:38:53,3.0,4.799985885620117,6.666666666666668
2013-09-03,20:43:53,3.2,4.733314514160156,7.0
2013-09-03,20:48:53,3.166666666666667,6.733318964640299,6.8
2013-09-03,20:53:53,3.0,5.199985504150391,7.133333333333334
2013-09-03,20:58:53,3.2,5.466658274332682,7.2
2013-09-03,21:03:53,3.233333333333333,7.399978637695312,6.8
2013-09-03,21:08:53,3.0,5.399980545043945,6.666666666666668
2013-09-03,21:13:53,3.1333333333333333,4.666655858357748,6.866666666666666
2013-09-03,21:18:53,3.2,7.199980417887369,6.6
2013-09-03,21:23:53,3.0,4.799985885620117,6.6
2013-09-03,21:28:53,3.166666666666667,5.2666441599528,7.2666666666666675
2013-09-03,21:33:53,3.166666666666667,6.399974822998048,7.0
2013-09-03,21:38:53,2.966666666666667,4.866647720336914,6.6
2013-09-03,21:43:53,3.2,5.5999755859375,6.866666666666666
2013-09-03,21:48:53,3.2,7.999982833862304,7.133333333333334
2013-09-03,21:53:53,3.0,4.999971389770508,6.933333333333334
2013-09-03,21:58:53,3.1,5.199979146321613,7.0
2013-09-03,22:03:53,3.166666666666667,7.999982833862304,6.8
2013-09-03,22:08:53,3.0,4.599978129069011,6.8
2013-09-03,22:13:53,3.166666666666667,5.533313751220703,6.8
2013-09-03,22:18:53,3.266666666666667,8.599977493286133,6.6
2013-09-03,22:23:53,3.0,5.999994277954102,6.6
2013-09-03,22:28:53,3.166666666666667,5.466651916503906,7.333333333333332
2013-09-03,22:33:54,3.2,6.399974822998048,7.133333333333334
2013-09-03,22:38:54,3.0,7.199974060058594,6.7333333333333325
2013-09-03,22:43:54,3.1333333333333333,4.666646321614584,6.8
2013-09-03,22:48:54,3.1,7.599973678588867,6.7333333333333325
2013-09-03,22:53:54,3.0,5.399980545043945,6.466666666666668
2013-09-03,22:58:54,3.233333333333333,4.999977747599283,7.066666666666666
2013-09-03,23:03:54,3.166666666666667,7.199983596801758,7.0
2013-09-03,23:08:54,3.033333333333333,4.199981689453125,6.866666666666666
2013-09-03,23:13:54,3.166666666666667,6.466649373372396,7.066666666666666
2013-09-03,23:18:54,3.266666666666667,9.266646703084309,7.0
2013-09-03,23:23:54,3.1,8.599977493286133,6.7333333333333325
2013-09-03,23:28:54,3.233333333333333,6.999988555908203,7.2
2013-09-03,23:33:54,3.166666666666667,6.999988555908203,7.066666666666666
2013-09-03,23:38:54,2.933333333333333,4.866647720336914,6.666666666666668
2013-09-03,23:43:54,3.166666666666667,5.399983723958334,7.066666666666666
2013-09-03,23:48:54,3.166666666666667,8.599967956542969,6.7333333333333325
2013-09-03,23:53:54,3.066666666666667,7.399978637695312,6.6
2013-09-03,23:58:54,3.166666666666667,8.19997787475586,6.866666666666666
2013-09-04,00:03:54,3.166666666666667,9.599981307983398,6.7333333333333325
2013-09-04,00:08:54,3.0,5.999975204467773,6.933333333333334
2013-09-04,00:13:54,3.1333333333333333,4.199991226196289,7.2
2013-09-04,00:18:54,3.3,5.799980163574219,6.866666666666666
2013-09-04,00:23:54,3.0,5.199985504150391,6.666666666666668
2013-09-04,00:28:54,3.2,5.9999847412109375,7.133333333333334
2013-09-04,00:33:54,3.166666666666667,7.399978637695312,6.8
2013-09-04,00:38:54,2.966666666666667,7.333304087320963,7.0
2013-09-04,00:43:54,3.1333333333333333,5.533323287963867,6.8
2013-09-04,00:48:54,3.166666666666667,6.199989318847656,6.666666666666668
2013-09-04,00:53:54,3.033333333333333,5.266656875610352,6.7333333333333325
2013-09-04,00:58:54,3.233333333333333,5.666656494140625,7.133333333333334
2013-09-04,01:03:54,3.266666666666667,10.199982325236002,6.866666666666666
2013-09-04,01:08:54,3.0,6.999972661336264,6.933333333333334
2013-09-04,01:13:54,3.1333333333333333,6.399984359741211,6.6
2013-09-04,01:18:54,3.266666666666667,9.39997673034668,7.133333333333334
2013-09-04,01:23:54,3.066666666666667,5.399980545043945,6.7333333333333325
2013-09-04,01:28:54,3.166666666666667,4.8666540781656895,6.533333333333332
2013-09-04,01:33:54,3.166666666666667,7.266651789347329,6.7333333333333325
2013-09-04,01:38:55,3.0,4.533306757609049,6.7333333333333325
2013-09-04,01:43:55,3.166666666666667,4.466654459635417,6.7333333333333325
2013-09-04,01:48:55,3.166666666666667,5.599994659423828,6.6
2013-09-04,01:53:55,3.1,7.333316802978515,6.8
2013-09-04,01:58:55,3.166666666666667,5.066649119059244,7.0
2013-09-04,02:03:55,3.266666666666667,6.199979782104492,6.933333333333334
2013-09-04,02:08:55,3.0,3.7999788920084625,7.2
2013-09-04,02:13:55,3.2,5.399980545043945,7.0
2013-09-04,02:18:55,3.2,8.333314259847006,7.133333333333334
2013-09-04,02:23:55,3.033333333333333,5.933326085408529,6.466666666666668
2013-09-04,02:28:55,3.166666666666667,4.933315912882486,6.7333333333333325
2013-09-04,02:33:55,3.166666666666667,6.399978001912436,6.7333333333333325
2013-09-04,02:38:56,3.0,4.599981307983398,6.8
2013-09-04,02:43:56,3.2,6.599976221720377,7.066666666666666
2013-09-04,02:48:56,3.166666666666667,6.733303070068359,6.6
2013-09-04,02:53:56,3.0,5.333321889241537,6.866666666666666
2013-09-04,02:58:56,3.2,4.533316294352214,7.0
2013-09-04,03:03:56,3.066666666666667,6.7333126068115225,6.866666666666666
2013-09-04,03:08:56,3.0,5.266650517781576,6.8
2013-09-04,03:13:56,3.233333333333333,4.533316294352214,6.7333333333333325
2013-09-04,03:18:56,3.233333333333333,8.466644287109375,6.866666666666666
2013-09-04,03:23:56,3.0,4.733314514160156,7.0
2013-09-04,03:28:56,3.1333333333333333,5.733311971028645,7.2
2013-09-04,03:33:56,3.2,8.533318837483723,6.8
2013-09-04,03:38:56,3.0,5.999981562296551,6.866666666666666
2013-09-04,03:43:56,3.233333333333333,4.533313115437824,6.933333333333334
2013-09-04,03:48:56,3.166666666666667,7.399978637695312,6.666666666666668
2013-09-04,03:53:56,3.0,6.3333161671956395,6.666666666666668
2013-09-04,03:58:56,3.1333333333333333,7.599983215332032,7.4
2013-09-04,04:03:56,3.2,6.866645812988281,7.466666666666668
2013-09-04,04:08:56,3.0,4.999980926513672,7.2666666666666675
2013-09-04,04:13:56,3.166666666666667,6.066646575927734,6.933333333333334
2013-09-04,04:18:56,3.2,9.199981689453125,6.6
2013-09-04,04:23:56,3.0,6.399984359741211,6.8
2013-09-04,04:28:56,3.1333333333333333,5.199975967407227,7.4
2013-09-04,04:33:56,3.233333333333333,7.133312225341797,7.4
2013-09-04,04:38:56,3.0,6.266644795735678,7.133333333333334
2013-09-04,04:43:56,3.1333333333333333,4.799989064534505,7.466666666666668
2013-09-04,04:48:56,3.966666666666667,6.999975840250651,6.866666666666666
2013-09-04,04:53:56,3.0,6.799974441528319,6.666666666666668
2013-09-04,04:58:56,3.233333333333333,4.999980926513672,7.2666666666666675
2013-09-04,05:03:56,3.1333333333333333,7.266651789347329,6.666666666666668
2013-09-04,05:08:57,2.966666666666667,4.933312733968099,6.6
2013-09-04,05:13:57,3.233333333333333,7.399978637695312,7.0
2013-09-04,05:18:57,3.2,5.933322906494141,7.133333333333334
2013-09-04,05:23:57,3.0,4.066658020019531,6.933333333333334
2013-09-04,05:28:57,3.166666666666667,4.533316294352214,6.866666666666666
2013-09-04,05:33:57,3.166666666666667,6.666650772094726,6.666666666666668
2013-09-04,05:38:57,3.0,3.9999866485595703,6.666666666666668
2013-09-04,05:43:57,3.2,4.4666512807210275,6.933333333333334
2013-09-04,05:48:57,3.166666666666667,6.599982579549152,7.133333333333334
2013-09-04,05:53:57,3.0,4.733317693074545,6.866666666666666
2013-09-04,05:58:57,3.1333333333333333,5.9999847412109375,7.4
2013-09-04,06:03:57,3.233333333333333,8.133322397867838,7.2
2013-09-04,06:08:57,3.0,7.533321380615235,6.533333333333332
2013-09-04,06:13:57,3.233333333333333,7.333313624064126,7.0
2013-09-04,06:18:57,3.2,6.7333221435546875,7.133333333333334
2013-09-04,06:23:57,3.0,6.3333161671956395,7.333333333333332
2013-09-04,06:28:57,3.1333333333333333,6.933320363362632,7.0
2013-09-04,06:33:57,3.233333333333333,6.999975840250651,7.133333333333334
2013-09-04,06:38:57,3.0,5.333315531412761,6.866666666666666
2013-09-04,06:43:57,3.2,6.199989318847656,7.133333333333334
2013-09-04,06:48:57,3.166666666666667,6.599982579549152,6.7333333333333325
2013-09-04,06:53:57,3.066666666666667,5.999975204467773,6.7333333333333325
2013-09-04,06:58:57,3.1333333333333333,5.666646957397461,6.866666666666666
2013-09-04,07:03:57,3.166666666666667,6.199982961018879,6.6
2013-09-04,07:08:57,3.033333333333333,6.0666433970133475,6.8
2013-09-04,07:13:58,3.166666666666667,4.933328628540039,7.2666666666666675
2013-09-04,07:18:58,3.233333333333333,6.066656112670898,7.133333333333334
2013-09-04,07:23:58,3.0,4.933306376139322,7.333333333333332
2013-09-04,07:28:58,3.1333333333333333,5.9333038330078125,7.133333333333334
2013-09-04,07:33:58,3.2,6.599979400634766,6.6
2013-09-04,07:38:58,3.1,6.066646575927734,6.6
2013-09-04,07:43:58,3.1333333333333333,9.999974568684895,6.933333333333334
2013-09-04,07:48:58,3.166666666666667,8.73331387837728,7.066666666666666
2013-09-04,07:53:58,3.0,4.533313115437824,7.0
2013-09-04,07:58:58,3.166666666666667,5.866648356119793,6.866666666666666
2013-09-04,08:03:58,3.166666666666667,5.666640599568684,6.7333333333333325
2013-09-04,08:08:58,3.033333333333333,4.799992243448893,6.8
2013-09-04,08:13:58,3.2,6.666650772094726,7.0
2013-09-04,08:18:58,3.2,7.399972279866534,6.8
2013-09-04,08:23:58,3.0,4.733320871988932,6.8
2013-09-04,08:28:58,3.166666666666667,3.9999866485595703,7.0
2013-09-04,08:33:58,3.233333333333333,8.333314259847006,6.6
2013-09-04,08:38:58,3.0,6.533327102661132,6.666666666666668
2013-09-04,08:43:58,3.166666666666667,4.799985885620117,7.0
2013-09-04,08:48:58,3.166666666666667,7.599986394246421,6.666666666666668
2013-09-04,08:53:58,3.0,6.599982579549152,6.666666666666668
2013-09-04,08:58:58,3.2,5.266650517781576,6.866666666666666
2013-09-04,09:03:58,3.1333333333333333,7.599983215332032,6.8
2013-09-04,09:08:58,3.0,6.199979782104492,6.666666666666668
2013-09-04,09:13:58,3.1333333333333333,5.266650517781576,7.0
2013-09-04,09:18:58,3.166666666666667,7.066644032796225,6.6
2013-09-04,09:23:58,3.033333333333333,8.533302942911785,6.533333333333332
2013-09-04,09:28:58,3.2,6.933317184448243,6.933333333333334
2013-09-04,09:33:58,3.166666666666667,5.5999755859375,6.7333333333333325
2013-09-04,09:38:58,3.0,5.06665547688802,6.8
2013-09-04,09:43:58,3.233333333333333,5.799992879231771,7.066666666666666
2013-09-04,09:48:58,3.166666666666667,6.133317947387695,6.6
2013-09-04,09:53:58,2.933333333333333,6.199986139933268,6.8
2013-09-04,09:58:58,3.1333333333333333,5.266650517781576,7.2
2013-09-04,10:03:58,3.166666666666667,6.599979400634766,6.866666666666666
2013-09-04,10:08:58,3.0,5.599985122680664,6.866666666666666
2013-09-04,10:13:58,3.233333333333333,6.466649373372396,6.7333333333333325
2013-09-04,10:18:58,3.266666666666667,7.93331464131673,6.666666666666668
2013-09-04,10:23:58,3.0,5.466655095418293,7.133333333333334
2013-09-04,10:28:58,3.233333333333333,6.066649754842123,7.066666666666666
2013-09-04,10:33:58,3.2,6.99997901916504,6.7333333333333325
2013-09-04,10:38:58,3.0,6.199992497762043,6.6
2013-09-04,10:43:58,3.1333333333333333,5.066649119059244,7.2
2013-09-04,10:48:58,3.166666666666667,6.599976221720377,6.7333333333333325
2013-09-04,10:53:58,3.0,4.799989064534505,6.7333333333333325
2013-09-04,10:58:58,3.1333333333333333,5.199985504150391,7.0
2013-09-04,11:03:58,3.166666666666667,6.933307647705078,6.8
2013-09-04,11:08:58,3.0,6.99997901916504,7.0
2013-09-04,11:13:58,3.2,5.9999847412109375,6.933333333333334
2013-09-04,11:18:59,3.233333333333333,6.399978001912436,6.6
2013-09-04,11:23:59,3.0,4.133326212565104,6.933333333333334
2013-09-04,11:28:59,3.2,4.466644922892252,7.0
2013-09-04,11:33:59,3.166666666666667,8.46665064493815,6.7333333333333325
2013-09-04,11:38:59,3.0,4.5999908447265625,6.8
2013-09-04,11:43:59,3.1333333333333333,4.599984486897787,6.7333333333333325
2013-09-04,11:48:59,3.1333333333333333,5.599978764851887,6.666666666666668
2013-09-04,11:53:59,3.0,7.066647211710614,6.8
2013-09-04,11:58:59,4.166666666666667,14.799973169962566,7.333333333333332
2013-09-04,12:03:59,3.166666666666667,13.999977111816406,7.2666666666666675
2013-09-04,12:08:59,3.0,9.199972152709961,6.8
2013-09-04,12:13:59,3.1333333333333333,5.199985504150391,6.866666666666666
2013-09-04,12:18:59,3.2,7.79998779296875,7.0
2013-09-04,12:23:59,3.0,5.199985504150391,6.7333333333333325
2013-09-04,12:28:59,3.233333333333333,6.066646575927734,7.0
2013-09-04,12:33:59,3.166666666666667,7.799978256225586,6.6
2013-09-04,12:38:59,3.0,4.133323033650716,6.666666666666668
2013-09-04,12:43:59,3.1428571428571432,6.857126099722725,6.857142857142858
2013-09-04,12:48:59,3.1785714285714284,7.999978746686663,7.071428571428571
2013-09-04,12:53:59,3.0357142857142856,5.642833028520857,6.857142857142858
2013-09-04,12:58:59,3.2142857142857144,5.285702432904925,6.7857142857142865
2013-09-04,13:03:59,3.0357142857142856,5.642843246459961,6.642857142857142
2013-09-04,13:09:00,3.0,5.571423258100237,6.2857142857142865
2013-09-04,13:14:00,3.1428571428571432,6.14283766065325,6.7857142857142865
2013-09-04,13:19:00,3.25,6.5714086805071155,6.928571428571429
2013-09-04,13:24:00,3.0,5.714266640799386,6.7142857142857135
2013-09-04,13:29:00,3.2142857142857144,3.9285523550851007,7.0
2013-09-04,13:34:00,3.071428571428572,6.9999831063406805,6.5
2013-09-04,13:39:00,3.0,5.571423258100237,6.5
2013-09-04,13:44:00,3.25,6.714269093104772,6.642857142857142
2013-09-04,13:49:00,3.071428571428572,6.571412086486816,6.7857142857142865
2013-09-04,13:54:00,3.0,5.999980654035296,6.857142857142858
2013-09-04,13:59:00,3.2142857142857144,3.9999859673636298,7.642857142857142
2013-09-04,14:04:00,3.066666666666667,6.333312988281251,6.933333333333334
2013-09-04,14:09:00,3.0,5.2666473388671875,6.7333333333333325
2013-09-04,14:14:00,3.3,5.066642761230469,6.866666666666666
2013-09-04,14:19:00,3.233333333333333,7.199980417887369,6.933333333333334
2013-09-04,14:24:00,3.0,8.73331069946289,6.933333333333334
2013-09-04,14:29:00,3.3666666666666667,7.866655985514321,7.0
2013-09-04,14:34:00,3.066666666666667,7.999973297119141,6.466666666666668
2013-09-04,14:39:00,2.9,5.133320490519206,6.4
2013-09-04,14:44:00,3.233333333333333,5.666640599568684,6.7333333333333325
2013-09-04,14:49:00,3.1333333333333333,6.866652170817058,6.866666666666666
2013-09-04,14:54:00,3.1,3.9999866485595703,6.8
2013-09-04,14:59:00,3.3,4.8666540781656895,7.333333333333332
2013-09-04,15:04:00,3.066666666666667,6.333322525024414,6.866666666666666
2013-09-04,15:09:00,2.966666666666667,5.333309173583984,6.8
2013-09-04,15:14:00,3.233333333333333,6.3333161671956395,6.933333333333334
2013-09-04,15:19:00,3.2,8.199990590413412,6.6
2013-09-04,15:24:01,3.033333333333333,5.866648356119793,7.133333333333334
2013-09-04,15:29:01,3.233333333333333,7.333316802978515,7.066666666666666
2013-09-04,15:34:01,3.066666666666667,7.066644032796225,6.7333333333333325
2013-09-04,15:39:01,3.0,5.599978764851887,6.866666666666666
2013-09-04,15:44:01,3.3,5.3999773661295585,6.866666666666666
2013-09-04,15:49:01,3.066666666666667,6.599979400634766,7.066666666666666
2013-09-04,15:54:01,3.0,4.999977747599283,7.2
2013-09-04,15:59:01,3.3,5.266653696695964,7.333333333333332
2013-09-04,16:04:01,3.166666666666667,9.46665128072103,6.866666666666666
2013-09-04,16:09:01,3.0,5.533320109049479,6.8
2013-09-04,16:14:01,3.3,5.933313369750977,7.2
2013-09-04,16:19:01,3.166666666666667,9.266640345255533,6.933333333333334
2013-09-04,16:24:01,3.033333333333333,7.933317820231118,6.933333333333334
2013-09-04,16:29:01,3.3666666666666667,6.266651153564454,6.933333333333334
2013-09-04,16:34:01,3.066666666666667,6.199979782104492,6.933333333333334
2013-09-04,16:39:01,2.9,4.799995422363281,6.8
2013-09-04,16:44:01,3.233333333333333,5.266637802124023,7.066666666666666
2013-09-04,16:49:01,3.066666666666667,6.999982198079429,6.866666666666666
2013-09-04,16:54:01,3.033333333333333,9.46664810180664,7.133333333333334
2013-09-04,16:59:01,3.266666666666667,7.999982833862304,7.333333333333332
2013-09-04,17:04:01,3.066666666666667,7.999982833862304,7.066666666666666
2013-09-04,17:09:01,2.966666666666667,6.199979782104492,6.6
2013-09-04,17:14:01,3.233333333333333,4.5999908447265625,7.2
2013-09-04,17:19:01,3.1333333333333333,6.999988555908203,7.133333333333334
2013-09-04,17:24:02,3.0,6.599988937377929,7.4
2013-09-04,17:29:02,3.333333333333333,5.333312352498373,7.666666666666668
2013-09-04,17:34:02,3.1,6.199979782104492,7.0
2013-09-04,17:39:02,3.066666666666667,4.399995803833008,6.933333333333334
2013-09-04,17:44:02,3.333333333333333,7.399978637695312,7.133333333333334
2013-09-04,17:49:02,3.033333333333333,7.399988174438477,6.666666666666668
2013-09-04,17:54:02,3.0,4.666655858357748,6.7333333333333325
2013-09-04,17:59:02,3.333333333333333,5.53331693013509,6.866666666666666
2013-09-04,18:04:02,3.1,7.199974060058594,6.466666666666668
2013-09-04,18:09:02,2.966666666666667,4.866641362508139,6.866666666666666
2013-09-04,18:14:01,3.3,7.199974060058594,7.066666666666666
2013-09-04,18:19:01,3.166666666666667,7.199974060058594,6.8
2013-09-04,18:24:01,3.0,5.199979146321613,6.7333333333333325
2013-09-04,18:29:01,3.266666666666667,5.933319727579754,6.7333333333333325
2013-09-04,18:34:01,3.066666666666667,9.399986267089844,6.6
2013-09-04,18:39:01,3.066666666666667,5.199975967407227,7.133333333333334
2013-09-04,18:44:01,3.633333333333333,5.066649119059244,7.6
2013-09-04,18:49:01,3.4,6.933320363362632,7.666666666666668
2013-09-04,18:54:01,3.0,5.9999847412109375,6.7333333333333325
2013-09-04,18:59:01,3.233333333333333,4.1333166758219395,6.8
2013-09-04,19:04:01,3.066666666666667,7.399978637695312,6.6
2013-09-04,19:09:01,3.0,4.399986267089844,7.2666666666666675
2013-09-04,19:14:01,3.266666666666667,4.933315912882486,7.466666666666668
2013-09-04,19:19:02,3.066666666666667,7.399978637695312,6.933333333333334
2013-09-04,19:24:02,2.966666666666667,8.33332379659017,6.7333333333333325
2013-09-04,19:29:02,3.233333333333333,7.399988174438477,6.866666666666666
2013-09-04,19:34:02,3.066666666666667,7.999973297119141,6.866666666666666
2013-09-04,19:39:02,3.033333333333333,5.599994659423828,7.066666666666666
2013-09-04,19:44:02,3.266666666666667,5.199975967407227,7.2666666666666675
2013-09-04,19:49:02,3.033333333333333,6.066646575927734,6.7333333333333325
2013-09-04,19:54:02,2.9,5.799989700317383,6.533333333333332
2013-09-04,19:59:02,3.233333333333333,5.666640599568684,6.6
2013-09-04,20:04:02,3.066666666666667,6.799983978271484,6.866666666666666
2013-09-04,20:09:02,3.0,5.199988683064779,6.7333333333333325
2013-09-04,20:14:02,3.3,8.399976094563803,6.933333333333334
2013-09-04,20:19:02,3.033333333333333,7.066647211710614,6.8
2013-09-04,20:24:02,3.0,5.466651916503906,7.0
2013-09-04,20:29:02,3.2,5.933319727579754,6.933333333333334
2013-09-04,20:34:02,3.066666666666667,7.599973678588867,6.7333333333333325
2013-09-04,20:39:02,2.966666666666667,4.399986267089844,6.466666666666668
2013-09-04,20:44:02,3.333333333333333,6.533317565917969,6.866666666666666
2013-09-04,20:49:02,3.066666666666667,9.266649881998697,6.6
2013-09-04,20:54:02,3.0,4.666643142700195,6.533333333333332
2013-09-04,20:59:02,3.2,3.9999771118164067,6.8
2013-09-04,21:04:02,3.066666666666667,9.39997673034668,6.4
2013-09-04,21:09:02,3.0,7.599983215332032,6.7333333333333325
2013-09-04,21:14:02,3.333333333333333,4.933322270711263,7.066666666666666
2013-09-04,21:19:02,3.066666666666667,5.799989700317383,6.7333333333333325
2013-09-04,21:24:02,3.0,5.733324686686199,6.8
2013-09-04,21:29:02,3.266666666666667,7.466650009155273,7.066666666666666
2013-09-04,21:34:02,3.066666666666667,10.799970626831055,6.666666666666668
2013-09-04,21:39:02,3.033333333333333,5.799980163574219,6.666666666666668
2013-09-04,21:44:03,3.166666666666667,5.533323287963867,7.0
2013-09-04,21:49:03,3.066666666666667,6.799980799357096,6.933333333333334
2013-09-04,21:54:03,3.0,8.133306503295898,6.666666666666668
2013-09-04,21:59:03,3.233333333333333,4.466657638549805,6.933333333333334
2013-09-04,22:04:03,3.066666666666667,6.199982961018879,6.8
2013-09-04,22:09:03,3.0,6.133308410644531,6.533333333333332
2013-09-04,22:14:03,3.266666666666667,5.13331413269043,7.066666666666666
2013-09-04,22:19:03,3.1,7.599992752075195,7.066666666666666
2013-09-04,22:24:03,3.0,4.399983088175455,6.933333333333334
2013-09-04,22:29:03,3.266666666666667,5.199988683064779,7.066666666666666
2013-09-04,22:34:03,3.066666666666667,5.9999847412109375,6.7333333333333325
2013-09-04,22:39:03,2.966666666666667,5.066652297973633,6.8
2013-09-04,22:44:03,3.4,6.866645812988281,7.066666666666666
2013-09-04,22:49:03,3.066666666666667,7.133312225341797,7.133333333333334
2013-09-04,22:54:03,3.0,6.133317947387695,6.8
2013-09-04,22:59:03,3.233333333333333,4.333321253458658,6.8
2013-09-04,23:04:03,3.066666666666667,5.799980163574219,6.533333333333332
2013-09-04,23:09:03,3.0,4.999980926513672,6.8
2013-09-04,23:14:03,3.3,4.733317693074545,7.0
2013-09-04,23:19:03,3.066666666666667,6.599982579549152,6.7333333333333325
2013-09-04,23:24:03,2.966666666666667,4.1333166758219395,7.2
2013-09-04,23:29:03,3.266666666666667,5.733311971028645,7.2666666666666675
2013-09-04,23:34:03,3.066666666666667,11.66664759318034,6.7333333333333325
2013-09-04,23:39:03,3.0,7.266645431518555,6.6
2013-09-04,23:44:03,3.3,6.333319346110028,7.0
2013-09-04,23:49:03,3.1,7.999973297119141,6.7333333333333325
2013-09-04,23:54:03,2.933333333333333,5.466655095418293,6.8
2013-09-04,23:59:03,3.3,5.1333173116048165,6.933333333333334
2013-09-05,00:04:03,3.071428571428572,6.2142644609723785,7.0769230769230775
2013-09-05,00:09:03,3.0,4.466644922892252,6.533333333333332
2013-09-05,00:14:04,3.233333333333333,3.9333184560139984,6.8
2013-09-05,00:19:04,3.1,7.866646448771158,6.933333333333334
2013-09-05,00:24:04,3.0,6.799987157185873,6.866666666666666
2013-09-05,00:29:04,3.266666666666667,5.599985122680664,7.0
2013-09-05,00:34:04,3.066666666666667,7.133321762084961,6.4
2013-09-05,00:39:04,2.966666666666667,5.266653696695964,6.466666666666668
2013-09-05,00:44:04,3.233333333333333,4.99998410542806,6.8
2013-09-05,00:49:04,3.066666666666667,5.466642379760742,6.6
2013-09-05,00:54:04,3.0,5.9999847412109375,7.066666666666666
2013-09-05,00:59:04,3.166666666666667,4.199994405110677,6.933333333333334
2013-09-05,01:04:04,3.033333333333333,4.999980926513672,6.6
2013-09-05,01:09:04,3.0,6.599979400634766,6.7333333333333325
2013-09-05,01:14:04,3.3666666666666667,8.266642888387045,7.333333333333332
2013-09-05,01:19:04,3.1333333333333333,4.799976348876953,7.866666666666666
2013-09-05,01:24:04,4.1,10.399971008300781,7.6
2013-09-05,01:29:04,3.433333333333333,11.133308410644531,7.333333333333332
2013-09-05,01:34:04,3.166666666666667,9.733304977416992,6.6
2013-09-05,01:39:04,3.0,6.133324305216471,7.066666666666666
2013-09-05,01:44:04,3.266666666666667,4.599987665812175,7.533333333333332
2013-09-05,01:49:04,3.066666666666667,6.066640218098959,7.0
2013-09-05,01:54:04,3.0,4.066661198933919,6.4
2013-09-05,01:59:04,3.4,5.333315531412761,6.6
2013-09-05,02:04:04,3.166666666666667,7.599986394246421,6.666666666666668
2013-09-05,02:09:04,3.0,5.266653696695964,6.666666666666668
2013-09-05,02:14:04,3.266666666666667,6.13331158955892,6.866666666666666
2013-09-05,02:19:04,3.1,7.399975458780923,7.133333333333334
2013-09-05,02:24:05,3.033333333333333,5.466639200846355,7.066666666666666
2013-09-05,02:29:05,3.266666666666667,5.399986902872721,7.2
2013-09-05,02:34:05,3.066666666666667,5.933313369750977,6.866666666666666
2013-09-05,02:39:05,2.966666666666667,3.5999902089436846,6.866666666666666
2013-09-05,02:44:05,3.2142857142857144,5.714273452758789,7.428571428571429
2013-09-05,02:49:05,3.1333333333333333,6.199986139933268,6.6
2013-09-05,02:54:05,3.033333333333333,7.466650009155273,7.0
2013-09-05,02:59:05,3.266666666666667,7.866652806599933,6.933333333333334
2013-09-05,03:04:05,3.066666666666667,7.7999750773112,6.866666666666666
2013-09-05,03:09:05,3.0,5.133323669433594,7.066666666666666
2013-09-05,03:14:05,3.3,5.066649119059244,7.2666666666666675
2013-09-05,03:19:05,3.1333333333333333,6.6666412353515625,7.2
2013-09-05,03:24:05,3.0,4.999980926513672,7.2666666666666675
2013-09-05,03:29:05,3.3,6.466643015543622,7.2666666666666675
2013-09-05,03:34:05,3.066666666666667,7.266645431518555,6.666666666666668
2013-09-05,03:39:05,3.066666666666667,6.399990717569986,6.8
2013-09-05,03:44:05,3.233333333333333,6.06665293375651,7.2
2013-09-05,03:49:05,3.066666666666667,5.799989700317383,6.933333333333334
2013-09-05,03:54:05,2.966666666666667,5.466655095418293,6.8
2013-09-05,03:59:05,3.3666666666666667,6.199979782104492,6.866666666666666
2013-09-05,04:04:05,3.066666666666667,8.466644287109375,6.866666666666666
2013-09-05,04:09:05,2.966666666666667,5.7999738057454415,6.6
2013-09-05,04:14:05,3.233333333333333,6.733306248982745,6.933333333333334
2013-09-05,04:19:05,3.1333333333333333,7.666651407877606,7.066666666666666
2013-09-05,04:24:05,3.0,5.1333173116048165,6.933333333333334
2013-09-05,04:29:05,3.3666666666666667,6.199982961018879,6.8
2013-09-05,04:34:05,3.066666666666667,10.333309173583984,6.7333333333333325
2013-09-05,04:39:05,3.0,6.666647593180337,7.066666666666666
2013-09-05,04:44:05,3.333333333333333,6.199979782104492,7.7333333333333325
2013-09-05,04:49:05,3.8666666666666663,9.133313496907553,6.866666666666666
2013-09-05,04:54:05,3.0,6.9333140055338545,6.7333333333333325
2013-09-05,04:59:05,3.3,6.3333161671956395,6.866666666666666
2013-09-05,05:04:05,3.066666666666667,5.066649119059244,6.8
2013-09-05,05:09:05,3.0,4.666662216186523,6.6
2013-09-05,05:14:05,3.233333333333333,5.333321889241537,7.466666666666668
2013-09-05,05:19:05,3.2,7.466646830240885,7.533333333333332
2013-09-05,05:24:05,3.0,7.199983596801758,7.0
2013-09-05,05:29:05,3.233333333333333,5.066652297973633,7.0
2013-09-05,05:34:05,3.033333333333333,7.133321762084961,6.666666666666668
2013-09-05,05:39:05,3.0,7.666657765706381,7.066666666666666
2013-09-05,05:44:05,3.233333333333333,4.599981307983398,7.133333333333334
2013-09-05,05:49:05,3.033333333333333,5.399971008300781,6.7333333333333325
2013-09-05,05:54:05,3.0,5.866641998291016,6.666666666666668
2013-09-05,05:59:05,3.333333333333333,5.333315531412761,6.866666666666666
2013-09-05,06:04:05,3.066666666666667,8.26664924621582,6.7333333333333325
2013-09-05,06:09:05,3.033333333333333,9.133319854736328,7.0
2013-09-05,06:14:05,3.266666666666667,8.466644287109375,7.333333333333332
2013-09-05,06:19:05,3.2,5.399983723958334,7.6
2013-09-05,06:24:05,3.0,4.399986267089844,7.466666666666668
2013-09-05,06:29:05,3.233333333333333,3.7999788920084625,6.8
2013-09-05,06:34:06,3.033333333333333,5.799986521402996,6.533333333333332
2013-09-05,06:39:06,3.033333333333333,4.066658020019531,7.133333333333334
2013-09-05,06:44:06,3.3,6.599979400634766,7.533333333333332
2013-09-05,06:49:06,3.1,6.999988555908203,7.066666666666666
2013-09-05,06:54:06,3.0,5.53331693013509,6.7333333333333325
2013-09-05,06:59:06,3.3,5.933316548665365,6.7333333333333325
2013-09-05,07:04:06,3.1333333333333333,8.533315658569336,6.533333333333332
2013-09-05,07:09:06,3.0,5.86665153503418,6.666666666666668
2013-09-05,07:14:06,3.266666666666667,5.933319727579754,7.333333333333332
2013-09-05,07:19:06,3.1,8.799982070922852,6.8
2013-09-05,07:24:06,3.0,5.799980163574219,7.333333333333332
2013-09-05,07:29:06,3.233333333333333,5.599988301595051,7.2
2013-09-05,07:34:06,3.066666666666667,6.466643015543622,6.7333333333333325
2013-09-05,07:39:06,2.933333333333333,4.466644922892252,7.2666666666666675
2013-09-05,07:44:06,3.166666666666667,4.4666512807210275,7.6
2013-09-05,07:49:06,3.1333333333333333,7.599983215332032,7.333333333333332
2013-09-05,07:54:06,3.0,6.86664899190267,6.666666666666668
2013-09-05,07:59:06,3.3,5.999981562296551,6.6
2013-09-05,08:04:06,3.066666666666667,6.799983978271484,6.333333333333332
2013-09-05,08:09:06,3.0,8.133306503295898,7.2
2013-09-05,08:14:06,3.233333333333333,6.199989318847656,6.866666666666666
2013-09-05,08:19:06,3.1333333333333333,7.799978256225586,6.533333333333332
2013-09-05,08:24:06,3.0,4.5999908447265625,6.7333333333333325
2013-09-05,08:29:07,3.266666666666667,5.399980545043945,6.866666666666666
2013-09-05,08:34:07,3.066666666666667,6.99997901916504,6.8
2013-09-05,08:39:07,3.033333333333333,5.399980545043945,6.866666666666666
2013-09-05,08:44:07,3.3,6.999988555908203,7.066666666666666
2013-09-05,08:49:07,3.066666666666667,9.399986267089844,7.0
2013-09-05,08:54:07,2.966666666666667,6.199989318847656,6.533333333333332
2013-09-05,08:59:07,3.233333333333333,5.733324686686199,6.8
2013-09-05,09:04:07,3.066666666666667,7.599992752075195,7.066666666666666
2013-09-05,09:09:07,3.1,4.399986267089844,6.7333333333333325
2013-09-05,09:14:07,3.333333333333333,4.666646321614584,7.0
2013-09-05,09:19:07,3.066666666666667,5.599985122680664,6.7333333333333325
2013-09-05,09:24:07,3.0,5.333312352498373,6.8
2013-09-05,09:29:07,3.3666666666666667,8.066635131835938,7.066666666666666
2013-09-05,09:34:07,3.066666666666667,9.799976348876953,6.866666666666666
2013-09-05,09:39:07,3.0,5.9999847412109375,7.066666666666666
2013-09-05,09:44:07,3.233333333333333,4.199991226196289,7.133333333333334
2013-09-05,09:49:07,3.033333333333333,6.799974441528319,6.7333333333333325
2013-09-05,09:54:07,3.0,4.799976348876953,6.666666666666668
2013-09-05,09:59:07,3.266666666666667,5.866641998291016,6.7333333333333325
2013-09-05,10:04:07,3.066666666666667,6.599979400634766,6.6
2013-09-05,10:09:07,2.966666666666667,4.399986267089844,6.7333333333333325
2013-09-05,10:14:07,3.233333333333333,5.733305613199869,6.866666666666666
2013-09-05,10:19:07,3.166666666666667,9.199981689453125,6.7333333333333325
2013-09-05,10:24:07,3.0,7.199983596801758,6.466666666666668
2013-09-05,10:29:07,3.333333333333333,5.799980163574219,6.866666666666666
2013-09-05,10:34:07,3.066666666666667,5.666650136311848,7.0
2013-09-05,10:39:07,3.066666666666667,6.799974441528319,7.333333333333332
2013-09-05,10:44:07,3.3666666666666667,4.199981689453125,7.4
2013-09-05,10:49:07,3.066666666666667,4.799985885620117,6.7333333333333325
2013-09-05,10:54:07,3.0,4.7333113352457685,6.7333333333333325
2013-09-05,10:59:07,3.333333333333333,6.599979400634766,7.2666666666666675
2013-09-05,11:04:07,3.066666666666667,5.399980545043945,7.0
2013-09-05,11:09:07,3.066666666666667,6.266651153564454,6.7333333333333325
2013-09-05,11:14:08,3.3,6.733309427897134,6.933333333333334
2013-09-05,11:19:08,3.066666666666667,7.599983215332032,6.6
2013-09-05,11:24:08,3.0,5.599985122680664,6.466666666666668
2013-09-05,11:29:08,3.266666666666667,6.3333066304524746,6.866666666666666
2013-09-05,11:34:08,3.066666666666667,8.4666379292806,7.133333333333334
2013-09-05,11:39:08,3.0,4.73332405090332,7.066666666666666
2013-09-05,11:44:08,3.266666666666667,3.9333184560139984,6.8
2013-09-05,11:49:08,3.066666666666667,5.9999847412109375,6.7333333333333325
2013-09-05,11:54:08,3.0,5.466645558675131,6.666666666666668
2013-09-05,11:59:08,3.3666666666666667,5.533313751220703,6.866666666666666
2013-09-05,12:04:08,3.066666666666667,7.866646448771158,6.7333333333333325
2013-09-05,12:09:08,3.033333333333333,5.9999847412109375,7.866666666666666
2013-09-05,12:14:08,3.333333333333333,7.399988174438477,7.866666666666666
2013-09-05,12:19:08,3.2,9.199981689453125,7.866666666666666
2013-09-05,12:24:07,3.1333333333333333,5.0666459401448565,8.133333333333333
2013-09-05,12:29:07,3.4,6.06665293375651,8.466666666666667
2013-09-05,12:34:07,3.3,8.59998067220052,8.733333333333333
2013-09-05,12:39:07,3.1333333333333333,5.333318710327148,8.0
2013-09-05,12:44:07,3.5,4.199991226196289,7.7333333333333325
2013-09-05,12:49:07,3.266666666666667,7.199989954630532,7.4
2013-09-05,12:54:07,3.0,7.799978256225586,7.2666666666666675
2013-09-05,12:59:07,3.3,4.99998410542806,7.066666666666666
2013-09-05,13:04:07,3.1,6.999988555908203,6.8
2013-09-05,13:09:07,3.0,5.466648737589518,6.666666666666668
2013-09-05,13:14:07,3.3,5.13331413269043,6.866666666666666
2013-09-05,13:19:07,3.066666666666667,6.599979400634766,6.8
2013-09-05,13:24:08,3.0,3.799991607666016,6.533333333333332
2013-09-05,13:29:08,3.3,6.86664899190267,7.533333333333332
2013-09-05,13:34:08,3.066666666666667,7.133318583170572,7.333333333333332
2013-09-05,13:39:08,3.1,7.399984995524088,7.6
2013-09-05,13:44:08,3.333333333333333,8.19997787475586,7.866666666666666
2013-09-05,13:49:08,3.066666666666667,7.266645431518555,6.933333333333334
2013-09-05,13:54:08,3.0,4.933312733968099,7.0
2013-09-05,13:59:08,3.3,4.733314514160156,7.0
2013-09-05,14:04:08,3.066666666666667,7.599983215332032,6.933333333333334
2013-09-05,14:09:08,3.0,4.733327229817708,6.7333333333333325
2013-09-05,14:14:08,3.333333333333333,6.0666433970133475,6.866666666666666
2013-09-05,14:19:08,3.166666666666667,6.733306248982745,6.533333333333332
2013-09-05,14:24:08,4.066666666666666,10.666646957397461,6.866666666666666
2013-09-05,14:29:08,3.433333333333333,12.666654586791992,7.2666666666666675
2013-09-05,14:34:08,3.1333333333333333,9.266649881998697,7.2666666666666675
2013-09-05,14:39:08,3.2,5.199979146321613,7.4
2013-09-05,14:44:08,3.4,4.399983088175455,7.466666666666668
2013-09-05,14:49:08,3.2,5.733308792114258,7.666666666666668
2013-09-05,14:54:08,3.033333333333333,5.5999819437662754,7.866666666666666
2013-09-05,14:59:08,3.333333333333333,5.733318328857422,8.333333333333334
2013-09-05,15:04:08,3.233333333333333,6.933317184448243,7.666666666666668
2013-09-05,15:09:08,3.1,5.666637420654297,7.8
2013-09-05,15:14:08,3.533333333333333,4.333314895629883,8.333333333333334
2013-09-05,15:19:08,3.266666666666667,6.999982198079429,8.0
2013-09-05,15:24:08,3.166666666666667,6.466646194458008,8.133333333333333
2013-09-05,15:29:09,3.533333333333333,5.333318710327148,8.333333333333334
2013-09-05,15:34:09,3.166666666666667,6.266641616821289,8.333333333333334
2013-09-05,15:39:09,3.066666666666667,4.399986267089844,7.666666666666668
2013-09-05,15:44:09,3.3,5.466642379760742,7.7333333333333325
2013-09-05,15:49:09,3.333333333333333,6.599982579549152,7.933333333333334
2013-09-05,15:54:09,3.2,6.466643015543622,8.0
2013-09-05,15:59:09,3.466666666666667,4.733308156331381,8.266666666666667
2013-09-05,16:04:09,3.233333333333333,8.066641489664713,8.333333333333334
2013-09-05,16:09:09,3.1333333333333333,6.799977620442708,9.0
2013-09-05,16:14:09,3.533333333333333,7.7999814351399746,8.4
2013-09-05,16:19:09,3.3666666666666667,7.933311462402344,8.0
2013-09-05,16:24:09,3.166666666666667,6.399993896484375,8.133333333333333
2013-09-05,16:29:09,3.4,6.266641616821289,7.666666666666668
2013-09-05,16:34:09,3.166666666666667,6.666638056437174,7.666666666666668
2013-09-05,16:39:09,3.033333333333333,3.866653442382813,8.066666666666666
2013-09-05,16:44:09,3.333333333333333,5.333318710327148,8.066666666666666
2013-09-05,16:49:09,3.1333333333333333,7.86665916442871,7.7333333333333325
2013-09-05,16:54:09,3.1,5.266653696695964,7.666666666666668
2013-09-05,16:59:09,3.666666666666667,6.399984359741211,8.0
2013-09-05,17:04:09,3.066666666666667,8.73331069946289,6.933333333333334
2013-09-05,17:09:09,2.966666666666667,6.3333161671956395,6.666666666666668
2013-09-05,17:14:09,3.233333333333333,4.999977747599283,6.866666666666666
2013-09-05,17:19:09,3.166666666666667,4.799989064534505,6.8
2013-09-05,17:24:09,3.1333333333333333,3.933327992757162,7.333333333333332
2013-09-05,17:29:09,3.4,5.933319727579754,8.0
2013-09-05,17:34:09,3.166666666666667,8.666648864746094,7.666666666666668
2013-09-05,17:39:09,2.966666666666667,5.39997418721517,7.466666666666668
2013-09-05,17:44:09,3.266666666666667,3.9999866485595703,7.2666666666666675
2013-09-05,17:49:09,3.2,6.866645812988281,7.466666666666668
2013-09-05,17:54:09,3.1333333333333333,5.733315149943033,7.4
2013-09-05,17:59:09,3.333333333333333,3.8666407267252594,7.866666666666666
2013-09-05,18:04:09,3.066666666666667,7.799978256225586,7.4
2013-09-05,18:09:09,3.033333333333333,6.866642634073893,7.7333333333333325
2013-09-05,18:14:10,3.3,5.866641998291016,7.4
2013-09-05,18:19:10,3.333333333333333,6.933317184448243,7.2
2013-09-05,18:24:10,3.0,6.799983978271484,7.666666666666668
2013-09-05,18:29:10,3.333333333333333,6.066646575927734,7.8
2013-09-05,18:34:10,3.066666666666667,7.799984614054361,7.666666666666668
2013-09-05,18:39:10,3.1,6.06665293375651,7.666666666666668
2013-09-05,18:44:10,3.3,7.266645431518555,7.2666666666666675
2013-09-05,18:49:10,3.066666666666667,6.066646575927734,6.666666666666668
2013-09-05,18:54:10,3.0,6.066640218098959,7.066666666666666
2013-09-05,18:59:10,3.3,5.866648356119793,7.066666666666666
2013-09-05,19:04:10,3.1,6.866645812988281,6.8
2013-09-05,19:09:10,3.0,5.599978764851887,6.666666666666668
2013-09-05,19:14:10,3.2,5.466655095418293,7.0
2013-09-05,19:19:10,3.033333333333333,7.666648228963218,6.866666666666666
2013-09-05,19:24:10,3.0,6.6666444142659484,6.866666666666666
2013-09-05,19:29:10,3.333333333333333,7.933311462402344,6.866666666666666
2013-09-05,19:34:10,3.266666666666667,9.666633605957031,7.8
2013-09-05,19:39:10,3.0,5.933319727579754,7.333333333333332
2013-09-05,19:44:10,3.4,6.533304850260419,7.8
2013-09-05,19:49:10,3.2,7.799978256225586,7.7333333333333325
2013-09-05,19:54:10,3.066666666666667,5.399990081787109,7.866666666666666
2013-09-05,19:59:10,3.3666666666666667,5.933326085408529,7.866666666666666
2013-09-05,20:04:10,3.066666666666667,6.533317565917969,7.333333333333332
2013-09-05,20:09:10,3.0,5.266650517781576,7.6
2013-09-05,20:14:10,3.333333333333333,6.333322525024414,7.533333333333332
2013-09-05,20:19:10,3.333333333333333,9.999974568684895,7.4
2013-09-05,20:24:10,3.0,7.866649627685547,7.533333333333332
2013-09-05,20:29:10,3.3666666666666667,4.933309555053711,7.333333333333332
2013-09-05,20:34:10,3.1,6.266651153564454,7.2666666666666675
2013-09-05,20:39:10,3.1,5.133323669433594,7.4
2013-09-05,20:44:10,3.3666666666666667,5.866641998291016,7.8
2013-09-05,20:49:10,3.1,6.9333140055338545,7.866666666666666
2013-09-05,20:54:11,3.0,4.599984486897787,7.6
2013-09-05,20:59:11,3.3666666666666667,4.39999262491862,7.466666666666668
2013-09-05,21:04:11,3.166666666666667,4.933322270711263,7.333333333333332
2013-09-05,21:09:11,3.1333333333333333,5.2666473388671875,7.4
2013-09-05,21:14:11,3.333333333333333,7.666645050048829,7.933333333333334
2013-09-05,21:19:11,3.2,7.199977238972982,7.466666666666668
2013-09-05,21:24:11,3.0,5.733321507771809,8.0
2013-09-05,21:29:10,3.333333333333333,4.999980926513672,8.066666666666666
2013-09-05,21:34:10,3.1333333333333333,4.066638946533203,7.866666666666666
2013-09-05,21:39:10,3.066666666666667,4.599984486897787,7.8
2013-09-05,21:44:10,3.4,7.666648228963218,7.533333333333332
2013-09-05,21:49:10,3.1333333333333333,10.399980545043945,7.8
2013-09-05,21:54:10,3.0,5.799980163574219,7.666666666666668
2013-09-05,21:59:10,3.466666666666667,6.399971644083659,7.7333333333333325
2013-09-05,22:04:10,3.1333333333333333,7.466653188069662,7.333333333333332
2013-09-05,22:09:10,3.1333333333333333,5.5333105723063145,7.666666666666668
2013-09-05,22:14:10,3.3666666666666667,5.399986902872721,8.133333333333333
2013-09-05,22:19:11,3.233333333333333,7.133312225341797,7.866666666666666
2013-09-05,22:24:11,3.0,4.799985885620117,7.466666666666668
2013-09-05,22:29:11,3.3,6.333309809366862,7.466666666666668
2013-09-05,22:34:11,3.2,5.933316548665365,7.533333333333332
2013-09-05,22:39:11,3.1,4.799976348876953,7.466666666666668
2013-09-05,22:44:11,3.3666666666666667,5.133326848347982,7.866666666666666
2013-09-05,22:49:11,3.2,8.199987411499023,7.7333333333333325
2013-09-05,22:54:11,3.0,7.999976476033527,7.933333333333334
2013-09-05,22:59:11,3.3,6.799983978271484,7.666666666666668
2013-09-05,23:04:11,3.166666666666667,7.399969100952148,7.533333333333332
2013-09-05,23:09:11,3.066666666666667,5.5999755859375,7.2666666666666675
2013-09-05,23:14:11,3.466666666666667,5.799980163574219,8.133333333333333
2013-09-05,23:19:11,3.2,7.733313242594403,7.933333333333334
2013-09-05,23:24:11,3.1,5.399990081787109,7.7333333333333325
2013-09-05,23:29:11,3.4,5.999991099039713,7.666666666666668
2013-09-05,23:34:11,3.233333333333333,6.399974822998048,7.466666666666668
2013-09-05,23:39:11,3.166666666666667,7.199983596801758,7.666666666666668
2013-09-05,23:44:11,3.333333333333333,6.533317565917969,7.933333333333334
2013-09-05,23:49:11,3.1333333333333333,7.7333100636800145,7.8
2013-09-05,23:54:11,3.0,4.866650899251302,7.466666666666668
2013-09-05,23:59:11,3.3666666666666667,6.066646575927734,7.666666666666668
2013-09-06,00:04:11,3.1,6.599979400634766,7.2
2013-09-06,00:09:11,3.1,4.9333254496256504,7.8
2013-09-06,00:14:11,3.333333333333333,4.866657257080078,8.133333333333333
2013-09-06,00:19:11,3.266666666666667,5.533320109049479,7.6
2013-09-06,00:24:11,3.0,6.399974822998048,7.6
2013-09-06,00:29:11,3.433333333333333,6.399978001912436,7.466666666666668
2013-09-06,00:34:11,3.1,6.599979400634766,7.7333333333333325
2013-09-06,00:39:12,3.1333333333333333,4.799976348876953,7.933333333333334
2013-09-06,00:44:12,3.333333333333333,6.199982961018879,7.533333333333332
2013-09-06,00:49:12,3.1333333333333333,6.199979782104492,7.2
2013-09-06,00:54:12,3.033333333333333,5.9999847412109375,7.533333333333332
2013-09-06,00:59:12,3.3666666666666667,4.999990463256836,7.666666666666668
2013-09-06,01:04:12,3.1,5.599985122680664,7.2666666666666675
2013-09-06,01:09:12,3.266666666666667,5.199995040893555,7.933333333333334
2013-09-06,01:14:12,3.333333333333333,4.5999908447265625,7.866666666666666
2013-09-06,01:19:12,3.333333333333333,7.3333104451497375,7.466666666666668
2013-09-06,01:24:12,3.0,6.199979782104492,7.2666666666666675
2013-09-06,01:29:12,3.333333333333333,4.799976348876953,7.466666666666668
2013-09-06,01:34:12,3.1333333333333333,6.3333161671956395,7.333333333333332
2013-09-06,01:39:12,3.0,6.199979782104492,7.333333333333332
2013-09-06,01:44:12,3.4,5.266650517781576,7.6
2013-09-06,01:49:12,3.166666666666667,6.599979400634766,7.466666666666668
2013-09-06,01:54:12,3.033333333333333,4.399983088175455,7.4
2013-09-06,01:59:12,3.333333333333333,5.399980545043945,7.6
2013-09-06,02:04:12,3.266666666666667,7.599973678588867,7.466666666666668
2013-09-06,02:09:12,3.2,7.999992370605469,7.7333333333333325
2013-09-06,02:14:12,3.5,6.999969482421875,7.6
2013-09-06,02:19:12,3.333333333333333,8.599977493286133,7.6
2013-09-06,02:24:12,3.066666666666667,5.199985504150391,7.533333333333332
2013-09-06,02:29:12,3.266666666666667,4.999980926513672,7.533333333333332
2013-09-06,02:34:12,3.1,6.399984359741211,7.2666666666666675
2013-09-06,02:39:12,3.1333333333333333,3.599987030029297,7.4
2013-09-06,02:44:13,3.3666666666666667,4.199991226196289,7.933333333333334
2013-09-06,02:49:13,3.066666666666667,5.333318710327148,7.466666666666668
2013-09-06,02:54:13,3.1,5.2666441599528,7.4
2013-09-06,02:59:13,3.466666666666667,6.599982579549152,8.0
2013-09-06,03:04:13,3.066666666666667,9.999990463256836,7.6
2013-09-06,03:09:13,3.066666666666667,7.199974060058594,7.466666666666668
2013-09-06,03:14:13,3.3666666666666667,5.799980163574219,7.666666666666668
2013-09-06,03:19:13,3.3,7.599973678588867,7.666666666666668
2013-09-06,03:24:13,3.166666666666667,3.599977493286133,7.533333333333332
2013-09-06,03:29:13,3.4,4.39999262491862,7.7333333333333325
2013-09-06,03:34:13,3.166666666666667,7.533318201700847,7.6
2013-09-06,03:39:13,3.033333333333333,6.3999875386555996,7.4
2013-09-06,03:44:13,3.333333333333333,6.199979782104492,7.6
2013-09-06,03:49:13,3.266666666666667,9.933319091796875,7.666666666666668
2013-09-06,03:54:13,3.1333333333333333,8.466647466023764,7.533333333333332
2013-09-06,03:59:13,3.3666666666666667,4.999980926513672,7.8
2013-09-06,04:04:13,3.1,5.93331019083659,7.6
2013-09-06,04:09:13,3.1,5.399990081787109,7.6
2013-09-06,04:14:13,3.3666666666666667,4.199981689453125,7.533333333333332
2013-09-06,04:19:13,3.233333333333333,7.399978637695312,7.666666666666668
2013-09-06,04:24:13,3.033333333333333,5.733305613199869,7.666666666666668
2013-09-06,04:29:13,4.466666666666667,6.399984359741211,7.866666666666666
2013-09-06,04:34:13,3.1,14.599981307983398,7.866666666666666
2013-09-06,04:39:13,3.233333333333333,8.399972915649414,7.933333333333334
2013-09-06,04:44:13,3.3666666666666667,7.999973297119141,7.7333333333333325
2013-09-06,04:49:13,3.666666666666667,7.666648228963218,7.533333333333332
2013-09-06,04:54:13,3.4,8.466653823852539,7.466666666666668
2013-09-06,04:59:13,3.433333333333333,7.7333227793375645,7.7333333333333325
2013-09-06,05:04:14,3.266666666666667,7.266645431518555,7.333333333333332
2013-09-06,05:09:14,3.033333333333333,5.333318710327148,7.333333333333332
2013-09-06,05:14:14,3.3666666666666667,6.066656112670898,7.666666666666668
2013-09-06,05:19:14,3.333333333333333,8.666645685831705,7.4
2013-09-06,05:24:14,3.2,6.666653951009114,7.8
2013-09-06,05:29:14,3.4,7.733316421508789,7.666666666666668
2013-09-06,05:34:14,3.066666666666667,6.199979782104492,7.4
2013-09-06,05:39:14,3.0,4.533316294352214,7.4
2013-09-06,05:44:14,3.3666666666666667,5.0666459401448565,7.7333333333333325
2013-09-06,05:49:14,3.3,6.99997901916504,7.666666666666668
2013-09-06,05:54:14,3.1333333333333333,5.0666459401448565,7.533333333333332
2013-09-06,05:59:14,3.3666666666666667,6.199979782104492,7.4
2013-09-06,06:04:14,3.1,5.933319727579754,7.333333333333332
2013-09-06,06:09:14,3.1,3.4666474660237636,7.333333333333332
2013-09-06,06:14:14,3.433333333333333,5.666650136311848,7.333333333333332
2013-09-06,06:19:14,3.3666666666666667,10.933310190836586,7.466666666666668
2013-09-06,06:24:14,3.066666666666667,7.199977238972982,7.6
2013-09-06,06:29:14,3.3666666666666667,6.266657511393231,7.6
2013-09-06,06:34:14,3.166666666666667,6.733315785725911,7.4
2013-09-06,06:39:14,3.066666666666667,6.133317947387695,7.333333333333332
2013-09-06,06:44:14,3.3666666666666667,5.533326466878254,7.533333333333332
2013-09-06,06:49:14,3.166666666666667,5.133323669433594,7.333333333333332
2013-09-06,06:54:14,3.1,5.333315531412761,7.6
2013-09-06,06:59:14,3.333333333333333,4.999980926513672,7.533333333333332
2013-09-06,07:04:14,3.2,7.066644032796225,7.133333333333334
2013-09-06,07:09:14,3.066666666666667,7.53331184387207,7.466666666666668
2013-09-06,07:14:14,3.333333333333333,6.466643015543622,7.533333333333332
2013-09-06,07:19:14,3.2,7.666645050048829,7.466666666666668
2013-09-06,07:24:14,3.166666666666667,4.399979909261067,7.866666666666666
2013-09-06,07:29:14,3.333333333333333,6.266641616821289,7.6
2013-09-06,07:34:14,3.166666666666667,5.799992879231771,7.4
2013-09-06,07:39:14,3.066666666666667,5.999981562296551,7.133333333333334
2013-09-06,07:44:14,3.3666666666666667,6.133314768473307,7.533333333333332
2013-09-06,07:49:14,3.2,6.533317565917969,7.2
2013-09-06,07:54:14,3.033333333333333,5.666643778483072,7.7333333333333325
2013-09-06,07:59:14,3.4,5.06663958231608,8.066666666666666
2013-09-06,08:04:14,3.066666666666667,8.666645685831705,7.533333333333332
2013-09-06,08:09:14,3.033333333333333,6.199976603190104,7.466666666666668
2013-09-06,08:14:14,3.333333333333333,5.733321507771809,7.466666666666668
2013-09-06,08:19:14,3.2,9.333318074544271,7.2666666666666675
2013-09-06,08:24:14,3.0,5.79997698465983,7.466666666666668
2013-09-06,08:29:14,3.333333333333333,6.399981180826825,7.866666666666666
2013-09-06,08:34:14,3.2,4.733327229817708,7.2666666666666675
2013-09-06,08:39:14,3.1,4.133313496907553,7.2666666666666675
2013-09-06,08:44:14,3.333333333333333,7.466650009155273,7.533333333333332
2013-09-06,08:49:14,3.1333333333333333,9.866647720336914,7.6
2013-09-06,08:54:15,3.266666666666667,5.333315531412761,8.266666666666667
2013-09-06,08:59:15,3.566666666666667,5.79997698465983,8.2
2013-09-06,09:04:15,3.233333333333333,6.9333140055338545,7.933333333333334
2013-09-06,09:09:15,3.166666666666667,6.399984359741211,8.0
2013-09-06,09:14:15,3.5,5.266653696695964,8.4
2013-09-06,09:19:15,3.266666666666667,8.06664784749349,7.7333333333333325
2013-09-06,09:24:15,3.166666666666667,5.066642761230469,8.066666666666666
2013-09-06,09:29:15,3.4,4.733317693074545,8.066666666666666
2013-09-06,09:34:15,3.166666666666667,6.99997901916504,8.0
2013-09-06,09:39:15,3.2,10.066652297973633,8.333333333333334
2013-09-06,09:44:15,3.433333333333333,5.2666473388671875,8.2
2013-09-06,09:49:15,3.266666666666667,8.333304723103842,8.133333333333333
2013-09-06,09:54:15,3.0,5.666646957397461,7.4
2013-09-06,09:59:15,3.333333333333333,4.333311716715494,7.466666666666668
2013-09-06,10:04:15,3.1333333333333333,4.066642125447592,7.2666666666666675
2013-09-06,10:09:15,3.1333333333333333,4.666649500528972,7.466666666666668
2013-09-06,10:14:15,3.333333333333333,5.133310953776041,7.533333333333332
2013-09-06,10:19:15,3.166666666666667,6.399990717569986,7.533333333333332
2013-09-06,10:24:15,3.1,5.666653315226236,7.333333333333332
2013-09-06,10:29:15,3.3666666666666667,7.533318201700847,7.466666666666668
2013-09-06,10:34:15,3.1333333333333333,6.133314768473307,7.333333333333332
2013-09-06,10:39:15,3.033333333333333,5.133307774861653,7.133333333333334
2013-09-06,10:44:15,3.333333333333333,4.933319091796875,7.466666666666668
2013-09-06,10:49:15,3.1,8.133306503295898,7.333333333333332
2013-09-06,10:54:15,3.066666666666667,4.799985885620117,7.533333333333332
2013-09-06,10:59:15,3.3666666666666667,5.066642761230469,7.666666666666668
2013-09-06,11:04:15,3.1,7.599973678588867,7.666666666666668
2013-09-06,11:09:15,3.0,5.93331019083659,7.466666666666668
2013-09-06,11:14:15,3.3666666666666667,4.733327229817708,7.533333333333332
2013-09-06,11:19:15,3.333333333333333,8.73331069946289,7.4
2013-09-06,11:24:15,3.266666666666667,5.399983723958334,7.2666666666666675
2013-09-06,11:29:15,3.333333333333333,6.13331158955892,7.466666666666668
2013-09-06,11:34:16,3.1333333333333333,6.399993896484375,7.333333333333332
2013-09-06,11:39:16,3.1,6.999988555908203,7.4
2013-09-06,11:44:16,3.4,6.066646575927734,7.666666666666668
2013-09-06,11:49:16,3.233333333333333,7.199974060058594,7.666666666666668
2013-09-06,11:54:16,3.2,5.999978383382162,8.066666666666666
2013-09-06,11:59:16,3.333333333333333,5.06665547688802,8.066666666666666
2013-09-06,12:04:16,3.066666666666667,6.266651153564454,7.533333333333332
2013-09-06,12:09:16,3.233333333333333,9.666646321614584,7.2666666666666675
2013-09-06,12:14:16,3.4,6.99997901916504,7.4
2013-09-06,12:19:16,3.4,9.133323033650715,7.133333333333334
2013-09-06,12:24:16,2.966666666666667,5.5999819437662754,6.6
2013-09-06,12:29:16,3.3,5.333318710327148,7.066666666666666
2013-09-06,12:34:16,3.1333333333333333,7.3999818166097,7.066666666666666
2013-09-06,12:39:16,3.066666666666667,5.5999914805094395,6.666666666666668
2013-09-06,12:44:16,3.3666666666666667,5.39997418721517,7.7333333333333325
2013-09-06,12:49:16,3.333333333333333,6.86664899190267,9.333333333333334
2013-09-06,12:54:16,3.3666666666666667,6.199979782104492,9.466666666666667
2013-09-06,12:59:16,3.533333333333333,9.599981307983398,9.133333333333333
2013-09-06,13:04:16,3.166666666666667,7.599973678588867,8.8
2013-09-06,13:09:16,3.1333333333333333,5.799980163574219,9.266666666666667
2013-09-06,13:14:16,3.466666666666667,5.0666459401448565,9.133333333333333
2013-09-06,13:19:16,3.5,7.933308283487955,9.0
2013-09-06,13:24:16,3.433333333333333,5.933313369750977,8.6
2013-09-06,13:29:16,3.466666666666667,5.199988683064779,8.8
2013-09-06,13:34:17,3.1333333333333333,8.399972915649414,8.466666666666667
2013-09-06,13:39:17,3.066666666666667,5.399980545043945,8.266666666666667
2013-09-06,13:44:17,3.433333333333333,5.333321889241537,8.266666666666667
2013-09-06,13:49:17,3.4,8.599977493286133,8.4
2013-09-06,13:54:17,3.1,6.199979782104492,8.533333333333333
2013-09-06,13:59:17,3.333333333333333,4.866650899251302,8.066666666666666
2013-09-06,14:04:17,3.2,6.866636276245116,7.7333333333333325
2013-09-06,14:09:17,3.233333333333333,5.399990081787109,7.333333333333332
2013-09-06,14:14:17,3.433333333333333,5.066649119059244,7.466666666666668
2013-09-06,14:19:17,3.1,7.799978256225586,7.6
2013-09-06,14:24:17,3.033333333333333,5.53331693013509,7.2
2013-09-06,14:29:17,3.433333333333333,6.799983978271484,7.8
2013-09-06,14:34:17,3.1,7.733303705851237,6.7333333333333325
2013-09-06,14:39:17,3.0,7.599983215332032,7.533333333333332
2013-09-06,14:44:17,3.333333333333333,6.399981180826825,7.8
2013-09-06,14:49:17,3.1,7.599983215332032,6.7333333333333325
2013-09-06,14:54:17,3.0,4.599981307983398,6.666666666666668
2013-09-06,14:59:17,3.3,4.5999908447265625,7.4
2013-09-06,15:04:17,3.066666666666667,6.99997901916504,7.0
2013-09-06,15:09:17,3.0,5.799980163574219,6.933333333333334
2013-09-06,15:14:17,3.3,4.999990463256836,7.133333333333334
2013-09-06,15:19:17,3.2,6.599988937377929,6.8
2013-09-06,15:24:17,3.1,6.066649754842123,6.866666666666666
2013-09-06,15:29:17,3.333333333333333,7.399988174438477,6.8
2013-09-06,15:34:17,3.033333333333333,6.999988555908203,6.6
2013-09-06,15:39:17,3.0,5.599985122680664,6.7333333333333325
2013-09-06,15:44:17,3.4,5.999981562296551,7.066666666666666
2013-09-06,15:49:17,3.066666666666667,7.999982833862304,7.2
2013-09-06,15:54:17,2.933333333333333,4.599987665812175,7.066666666666666
2013-09-06,15:59:17,3.266666666666667,4.799985885620117,7.2666666666666675
2013-09-06,16:04:17,3.1,5.399993260701496,7.2666666666666675
2013-09-06,16:09:17,3.0,5.266653696695964,6.866666666666666
2013-09-06,16:14:17,3.266666666666667,6.266644795735678,6.7333333333333325
2013-09-06,16:19:17,3.2,9.799966812133789,6.6
2013-09-06,16:24:17,3.033333333333333,5.599985122680664,6.666666666666668
2013-09-06,16:29:17,3.4,3.5333220163981114,7.2
2013-09-06,16:34:17,3.25,5.785703659057617,8.23076923076923
2013-09-06,16:39:17,3.033333333333333,3.9333184560139984,7.0
2013-09-06,16:44:17,3.266666666666667,5.399993260701496,6.7333333333333325
2013-09-06,16:49:18,3.166666666666667,9.199972152709961,7.2666666666666675
2013-09-06,16:54:18,3.1333333333333333,6.799983978271484,7.2666666666666675
2013-09-06,16:59:18,3.4,5.599985122680664,7.666666666666668
2013-09-06,17:04:18,3.1,7.333316802978515,7.333333333333332
2013-09-06,17:09:18,3.1333333333333333,9.799976348876953,7.2666666666666675
2013-09-06,17:14:18,3.333333333333333,6.199979782104492,7.2
2013-09-06,17:19:18,3.1333333333333333,5.9999847412109375,7.066666666666666
2013-09-06,17:24:18,4.166666666666667,7.599973678588867,9.0
2013-09-06,17:29:18,4.066666666666666,8.199981053670248,7.466666666666668
2013-09-06,17:34:18,3.833333333333333,15.999975204467773,6.933333333333334
2013-09-06,17:39:18,3.0,8.799982070922852,6.866666666666666
2013-09-06,17:44:18,3.3666666666666667,6.399984359741211,7.066666666666666
2013-09-06,17:49:18,3.1333333333333333,8.799982070922852,6.866666666666666
2013-09-06,17:54:18,3.066666666666667,6.599988937377929,6.7333333333333325
2013-09-06,17:59:18,3.3666666666666667,8.19997787475586,7.2
2013-09-06,18:04:18,3.1,6.399984359741211,6.8
2013-09-06,18:09:18,3.033333333333333,4.5999908447265625,6.7333333333333325
2013-09-06,18:14:18,3.3,6.066646575927734,7.2
2013-09-06,18:19:18,3.1333333333333333,6.866652170817058,7.133333333333334
2013-09-06,18:24:18,3.066666666666667,6.333325703938803,7.0
2013-09-06,18:29:18,3.3666666666666667,6.199979782104492,7.0
2013-09-06,18:34:18,3.1,7.399988174438477,7.0
2013-09-06,18:39:18,3.0,4.8666540781656895,7.133333333333334
2013-09-06,18:44:18,3.3666666666666667,5.5999755859375,7.0
2013-09-06,18:49:18,3.066666666666667,9.199972152709961,6.933333333333334
2013-09-06,18:54:18,3.066666666666667,5.666653315226236,6.666666666666668
2013-09-06,18:59:18,3.333333333333333,4.866641362508139,6.933333333333334
2013-09-06,19:04:19,3.066666666666667,7.266645431518555,6.666666666666668
2013-09-06,19:09:19,3.0,5.13331413269043,6.8
2013-09-06,19:14:19,3.3,5.866641998291016,7.066666666666666
2013-09-06,19:19:19,3.1,6.733315785725911,7.066666666666666
2013-09-06,19:24:19,3.033333333333333,5.933313369750977,6.7333333333333325
2013-09-06,19:29:19,3.266666666666667,7.266645431518555,6.8
2013-09-06,19:34:19,3.066666666666667,7.266642252604166,6.8
2013-09-06,19:39:19,3.0,9.799973169962566,7.2666666666666675
2013-09-06,19:44:19,3.266666666666667,7.799971898396811,7.133333333333334
2013-09-06,19:49:19,3.066666666666667,7.799978256225586,6.466666666666668
2013-09-06,19:54:19,2.966666666666667,5.399990081787109,6.666666666666668
2013-09-06,19:59:19,3.3,4.866647720336914,6.933333333333334
2013-09-06,20:04:19,3.066666666666667,5.666646957397461,6.933333333333334
2013-09-06,20:09:19,3.0,4.8666540781656895,7.2666666666666675
2013-09-06,20:14:19,3.266666666666667,5.533313751220703,7.133333333333334
2013-09-06,20:19:19,3.1,6.266651153564454,6.8
2013-09-06,20:24:19,3.1,5.466651916503906,6.7333333333333325
2013-09-06,20:29:19,3.333333333333333,7.5999800364176435,7.0
2013-09-06,20:34:19,3.1,6.399974822998048,7.4
2013-09-06,20:39:19,3.0,5.733311971028645,6.666666666666668
2013-09-06,20:44:19,3.3,5.799980163574219,6.866666666666666
2013-09-06,20:49:19,3.1,6.599988937377929,6.7333333333333325
2013-09-06,20:54:19,3.0,5.466642379760742,6.933333333333334
2013-09-06,20:59:19,3.333333333333333,4.666643142700195,6.8
2013-09-06,21:04:19,3.066666666666667,7.066647211710614,6.666666666666668
2013-09-06,21:09:19,3.0,5.199985504150391,6.533333333333332
2013-09-06,21:14:19,3.333333333333333,5.066642761230469,6.8
2013-09-06,21:19:19,3.233333333333333,12.933298746744793,7.333333333333332
2013-09-06,21:24:19,3.0,6.866645812988281,7.066666666666666
2013-09-06,21:29:19,3.2,6.066646575927734,6.8
2013-09-06,21:34:19,3.0,6.333322525024414,6.466666666666668
2013-09-06,21:39:19,3.033333333333333,5.199985504150391,6.6
2013-09-06,21:44:19,3.3,4.333314895629883,6.933333333333334
2013-09-06,21:49:20,3.066666666666667,6.13331158955892,7.2666666666666675
2013-09-06,21:54:20,3.0,4.466644922892252,7.066666666666666
2013-09-06,21:59:20,3.333333333333333,5.666650136311848,7.066666666666666
2013-09-06,22:04:20,3.166666666666667,7.066650390625,6.666666666666668
2013-09-06,22:09:20,3.0,8.733307520548502,6.8
2013-09-06,22:14:20,3.266666666666667,5.799983342488606,6.8
2013-09-06,22:19:20,3.1333333333333333,6.199982961018879,6.6
2013-09-06,22:24:20,3.0,6.13331158955892,6.933333333333334
2013-09-06,22:29:20,3.333333333333333,5.399993260701496,7.2666666666666675
2013-09-06,22:34:20,3.071428571428572,6.785695893423897,7.071428571428571
2013-09-06,22:39:20,3.0,3.7142651421683173,7.2142857142857135
2013-09-06,22:44:20,3.321428571428572,5.571409634181432,7.142857142857142
2013-09-06,22:49:20,3.0,5.214262008666992,7.2142857142857135
2013-09-06,22:54:20,3.071428571428572,5.571413040161133,7.2142857142857135
2013-09-06,22:59:20,3.2857142857142856,8.857113974434991,7.142857142857142
2013-09-06,23:04:20,2.933333333333333,7.133321762084961,6.933333333333334
2013-09-06,23:09:20,2.933333333333333,5.866648356119793,6.8
2013-09-06,23:14:20,3.4,5.399980545043945,6.8
2013-09-06,23:19:20,3.1,6.133327484130859,6.666666666666668
2013-09-06,23:24:20,3.0,4.8666540781656895,6.7333333333333325
2013-09-06,23:29:20,3.3666666666666667,3.866643905639648,7.066666666666666
2013-09-06,23:34:20,3.033333333333333,6.199986139933268,7.2666666666666675
2013-09-06,23:39:20,3.033333333333333,4.999980926513672,6.8
2013-09-06,23:44:20,3.433333333333333,6.733315785725911,6.8
2013-09-06,23:49:20,3.0,8.666645685831705,7.0
2013-09-06,23:54:20,3.0,6.866652170817058,6.866666666666666
2013-09-06,23:59:20,3.4,5.599985122680664,7.2
2013-09-07,00:04:20,3.066666666666667,7.133321762084961,6.7333333333333325
2013-09-07,00:09:20,3.033333333333333,3.7333234151204424,6.6
2013-09-07,00:14:20,3.466666666666667,4.599984486897787,6.933333333333334
2013-09-07,00:19:20,3.066666666666667,5.0666459401448565,6.6
2013-09-07,00:24:20,3.0,5.799983342488606,6.7333333333333325
2013-09-07,00:29:20,3.433333333333333,6.3333161671956395,7.133333333333334
2013-09-07,00:34:20,3.1,8.199968338012695,6.866666666666666
2013-09-07,00:39:20,3.066666666666667,6.933317184448243,7.133333333333334
2013-09-07,00:44:20,3.4,5.533313751220703,7.066666666666666
2013-09-07,00:49:20,3.066666666666667,8.466647466023764,6.8
2013-09-07,00:54:20,3.0,4.933319091796875,7.0
2013-09-07,00:59:20,3.333333333333333,5.199982325236003,7.133333333333334
2013-09-07,01:04:20,3.0,6.9333140055338545,6.8
2013-09-07,01:09:20,3.033333333333333,6.3333161671956395,6.7333333333333325
2013-09-07,01:14:20,3.333333333333333,4.9999745686848955,6.8
2013-09-07,01:19:20,3.033333333333333,6.533311208089193,6.866666666666666
2013-09-07,01:24:20,3.066666666666667,7.1333154042561855,6.933333333333334
2013-09-07,01:29:20,3.333333333333333,6.7333126068115225,7.066666666666666
2013-09-07,01:34:20,2.966666666666667,6.799974441528319,6.666666666666668
2013-09-07,01:39:20,3.0,5.533323287963867,6.533333333333332
2013-09-07,01:44:20,3.4,5.733324686686199,6.8
2013-09-07,01:49:21,3.0,8.19997787475586,6.933333333333334
2013-09-07,01:54:21,3.0,6.066656112670898,6.8
2013-09-07,01:59:21,3.3666666666666667,5.53331693013509,6.866666666666666
2013-09-07,02:04:21,3.166666666666667,7.599989573160809,7.133333333333334
2013-09-07,02:09:21,3.0,4.999990463256836,7.133333333333334
2013-09-07,02:14:21,3.4,6.199982961018879,7.0
2013-09-07,02:19:21,3.033333333333333,10.933313369750977,6.666666666666668
2013-09-07,02:24:21,3.0,6.333309809366862,6.7333333333333325
2013-09-07,02:29:21,3.3666666666666667,6.066649754842123,6.933333333333334
2013-09-07,02:34:21,3.0,6.866652170817058,7.066666666666666
2013-09-07,02:39:21,2.966666666666667,4.666655858357748,6.8
2013-09-07,02:44:21,3.4,6.399971644083659,7.0
2013-09-07,02:49:21,3.0,7.66664187113444,6.666666666666668
2013-09-07,02:54:21,3.0,4.733314514160156,6.666666666666668
2013-09-07,02:59:21,3.333333333333333,5.06663958231608,7.0
2013-09-07,03:04:21,3.0,6.066649754842123,6.7333333333333325
2013-09-07,03:09:21,3.0,6.533311208089193,6.7333333333333325
2013-09-07,03:14:21,3.4,6.53331438700358,6.866666666666666
2013-09-07,03:19:21,3.1,7.133321762084961,6.866666666666666
2013-09-07,03:24:21,3.0,6.199973424275717,7.133333333333334
2013-09-07,03:29:21,3.333333333333333,5.999987920125326,7.066666666666666
2013-09-07,03:34:21,3.066666666666667,5.666656494140625,7.0
2013-09-07,03:39:21,3.066666666666667,3.9999961853027344,6.533333333333332
2013-09-07,03:44:21,3.4,5.666640599568684,7.133333333333334
2013-09-07,03:49:21,3.0,6.199982961018879,7.333333333333332
2013-09-07,03:54:21,3.1,5.133320490519206,7.0
2013-09-07,03:59:21,3.333333333333333,7.66664187113444,7.0
2013-09-07,04:04:21,3.0,8.399976094563803,7.066666666666666
2013-09-07,04:09:21,3.0,5.2666441599528,6.933333333333334
2013-09-07,04:14:21,3.333333333333333,7.266648610432941,6.866666666666666
2013-09-07,04:19:21,3.033333333333333,7.133309046427411,6.666666666666668
2013-09-07,04:24:21,3.0,4.999990463256836,6.6
2013-09-07,04:29:21,3.3,5.2666473388671875,6.8
2013-09-07,04:34:21,3.0,6.266651153564454,6.933333333333334
2013-09-07,04:39:21,3.0,5.266653696695964,7.0
2013-09-07,04:44:21,3.3666666666666667,7.266654968261718,7.2666666666666675
2013-09-07,04:49:21,3.1,6.666650772094726,6.7333333333333325
2013-09-07,04:54:21,3.8,8.599974314371744,6.6
2013-09-07,04:59:21,3.333333333333333,4.466654459635417,6.8
2013-09-07,05:04:21,3.033333333333333,5.799989700317383,6.933333333333334
2013-09-07,05:09:21,3.0,5.799983342488606,6.8
2013-09-07,05:14:21,3.433333333333333,5.066649119059244,6.8
2013-09-07,05:19:22,3.066666666666667,6.866652170817058,6.8
2013-09-07,05:24:22,2.933333333333333,4.999993642171223,6.933333333333334
2013-09-07,05:29:22,3.333333333333333,4.266643524169922,7.0
2013-09-07,05:34:22,3.033333333333333,7.399975458780923,6.866666666666666
2013-09-07,05:39:22,3.0,9.266649881998697,6.866666666666666
2013-09-07,05:44:22,3.3666666666666667,5.5999819437662754,7.133333333333334
2013-09-07,05:49:22,3.0,6.7333221435546875,6.8
2013-09-07,05:54:22,3.0,3.9999866485595703,6.8
2013-09-07,05:59:22,3.3,5.13331413269043,7.0
2013-09-07,06:04:22,3.033333333333333,6.6666412353515625,6.8
2013-09-07,06:09:22,3.0,6.133314768473307,6.866666666666666
2013-09-07,06:14:22,3.333333333333333,5.666650136311848,6.8
2013-09-07,06:19:22,3.0,7.733316421508789,6.6
2013-09-07,06:24:22,3.1,5.933313369750977,6.866666666666666
2013-09-07,06:29:22,3.4,8.199987411499023,7.4
2013-09-07,06:34:22,2.966666666666667,5.799980163574219,6.933333333333334
2013-09-07,06:39:22,3.0,4.599981307983398,7.0
2013-09-07,06:44:22,3.4,7.133321762084961,6.866666666666666
2013-09-07,06:49:22,3.066666666666667,7.53331184387207,6.933333333333334
2013-09-07,06:54:22,3.066666666666667,5.9999847412109375,6.533333333333332
2013-09-07,06:59:22,3.3,5.333318710327148,7.0
2013-09-07,07:04:22,3.0,5.39997418721517,7.066666666666666
2013-09-07,07:09:22,3.0,4.266649881998697,6.666666666666668
2013-09-07,07:14:22,3.4,6.799980799357096,6.7333333333333325
2013-09-07,07:19:22,3.1,10.53331693013509,6.933333333333334
2013-09-07,07:24:22,3.0,6.466646194458008,6.933333333333334
2013-09-07,07:29:22,3.3,5.399986902872721,6.8
2013-09-07,07:34:22,3.0,7.533315022786459,6.7333333333333325
2013-09-07,07:39:22,3.0,4.733314514160156,6.666666666666668
2013-09-07,07:44:22,3.333333333333333,4.266640345255533,6.666666666666668
2013-09-07,07:49:22,2.966666666666667,4.866647720336914,6.933333333333334
2013-09-07,07:54:22,4.066666666666666,12.066640853881836,6.6
2013-09-07,07:59:23,3.433333333333333,11.466646194458008,7.066666666666666
2013-09-07,08:04:23,3.1,9.999977747599283,6.933333333333334
2013-09-07,08:09:23,3.0,9.133310317993164,6.666666666666668
2013-09-07,08:14:23,3.333333333333333,5.399980545043945,7.066666666666666
2013-09-07,08:19:23,3.066666666666667,8.799982070922852,6.7333333333333325
2013-09-07,08:24:23,3.066666666666667,4.799985885620117,7.0
2013-09-07,08:29:23,3.3666666666666667,5.3999773661295585,7.0
2013-09-07,08:34:23,2.966666666666667,6.799977620442708,6.666666666666668
2013-09-07,08:39:23,3.0,4.066648483276367,6.866666666666666
2013-09-07,08:44:23,3.333333333333333,3.7999725341796875,6.933333333333334
2013-09-07,08:49:23,3.0,6.799983978271484,6.666666666666668
2013-09-07,08:54:23,3.1333333333333333,4.999980926513672,6.7333333333333325
2013-09-07,08:59:23,3.3,6.466652552286783,6.933333333333334
2013-09-07,09:04:23,3.0,6.599979400634766,7.0
2013-09-07,09:09:23,2.966666666666667,5.199975967407227,6.6
2013-09-07,09:14:23,3.333333333333333,6.399974822998048,6.666666666666668
2013-09-07,09:19:23,3.066666666666667,5.53331693013509,6.7333333333333325
2013-09-07,09:24:23,2.933333333333333,4.399986267089844,6.933333333333334
2013-09-07,09:29:23,3.333333333333333,5.13331413269043,6.933333333333334
2013-09-07,09:34:23,3.066666666666667,6.933310826619467,6.7333333333333325
2013-09-07,09:39:23,3.0,5.133307774861653,6.533333333333332
2013-09-07,09:44:23,3.333333333333333,6.533317565917969,6.933333333333334
2013-09-07,09:49:23,3.0,8.799972534179688,6.866666666666666
2013-09-07,09:54:23,3.0,5.199985504150391,6.933333333333334
2013-09-07,09:59:23,3.333333333333333,3.9999866485595703,7.0
2013-09-07,10:04:23,3.0,6.199989318847656,6.866666666666666
2013-09-07,10:09:23,3.0,4.999980926513672,6.6
2013-09-07,10:14:23,3.3,4.999971389770508,6.866666666666666
2013-09-07,10:19:23,3.0,5.666650136311848,6.7333333333333325
2013-09-07,10:24:23,3.0,4.599981307983398,6.7333333333333325
2013-09-07,10:29:23,3.3666666666666667,4.599981307983398,7.2666666666666675
2013-09-07,10:34:23,3.033333333333333,6.733315785725911,7.133333333333334
2013-09-07,10:39:23,2.933333333333333,8.799972534179688,7.133333333333334
2013-09-07,10:44:23,3.3666666666666667,7.999982833862304,7.133333333333334
2013-09-07,10:49:23,3.0,6.266644795735678,6.866666666666666
2013-09-07,10:54:23,3.0,5.5999755859375,6.7333333333333325
2013-09-07,10:59:23,3.333333333333333,6.266647974650065,7.0
2013-09-07,11:04:23,3.033333333333333,5.599985122680664,6.666666666666668
2013-09-07,11:09:23,3.0,5.199988683064779,6.6
2013-09-07,11:14:23,3.333333333333333,4.333324432373047,6.533333333333332
2013-09-07,11:19:23,3.033333333333333,9.199981689453125,6.533333333333332
2013-09-07,11:24:23,3.033333333333333,5.866654713948568,6.7333333333333325
2013-09-07,11:29:23,3.4,7.79998779296875,7.066666666666666
2013-09-07,11:34:23,3.033333333333333,7.199983596801758,6.866666666666666
2013-09-07,11:39:23,3.0,6.199979782104492,6.666666666666668
2013-09-07,11:44:23,3.3,4.199991226196289,6.8
2013-09-07,11:49:23,3.0,5.799980163574219,6.933333333333334
2013-09-07,11:54:23,3.0,4.199972152709961,6.933333333333334
2013-09-07,11:59:24,3.4,4.933322270711263,7.133333333333334
2013-09-07,12:04:24,3.066666666666667,5.599985122680664,6.8
2013-09-07,12:09:24,2.966666666666667,4.39997673034668,6.866666666666666
2013-09-07,12:14:24,3.3666666666666667,5.399971008300781,7.066666666666666
2013-09-07,12:19:24,3.033333333333333,7.999973297119141,6.933333333333334
2013-09-07,12:24:24,3.0,5.333312352498373,6.933333333333334
2013-09-07,12:29:24,3.4,5.933319727579754,6.933333333333334
2013-09-07,12:34:24,3.0,8.599987030029297,7.0
2013-09-07,12:39:24,3.0,5.999975204467773,6.933333333333334
2013-09-07,12:44:24,3.3,4.799979527791342,6.933333333333334
2013-09-07,12:49:24,3.0,5.999975204467773,6.466666666666668
2013-09-07,12:54:24,3.0,4.199991226196289,6.6
2013-09-07,12:59:24,3.3,5.5999755859375,7.333333333333332
2013-09-07,13:04:24,3.1,6.599979400634766,6.7333333333333325
2013-09-07,13:09:24,3.066666666666667,7.599973678588867,6.866666666666666
2013-09-07,13:14:24,3.333333333333333,4.999980926513672,7.7333333333333325
2013-09-07,13:19:24,3.1,6.599988937377929,6.7333333333333325
2013-09-07,13:24:24,2.966666666666667,4.666649500528972,6.8
2013-09-07,13:29:24,3.3,5.733308792114258,7.066666666666666
2013-09-07,13:34:24,3.0,6.99997901916504,7.133333333333334
2013-09-07,13:39:24,3.033333333333333,4.933328628540039,6.8
2013-09-07,13:44:24,3.3,6.99997901916504,6.933333333333334
2013-09-07,13:49:24,3.0,5.799989700317383,7.066666666666666
2013-09-07,13:54:24,3.066666666666667,5.2666473388671875,7.2
2013-09-07,13:59:24,3.333333333333333,7.999976476033527,6.866666666666666
2013-09-07,14:04:24,3.0,5.799983342488606,6.866666666666666
2013-09-07,14:09:24,3.0,7.199974060058594,6.7333333333333325
2013-09-07,14:14:24,3.266666666666667,5.533323287963867,7.133333333333334
2013-09-07,14:19:24,3.033333333333333,7.399978637695312,6.866666666666666
2013-09-07,14:24:24,3.0,5.266656875610352,6.666666666666668
2013-09-07,14:29:24,3.3,5.533320109049479,6.866666666666666
2013-09-07,14:34:24,3.0,5.733308792114258,7.0
2013-09-07,14:39:24,3.033333333333333,4.999980926513672,6.6
2013-09-07,14:44:24,3.433333333333333,5.999975204467773,6.866666666666666
2013-09-07,14:49:24,3.0,7.399975458780923,6.7333333333333325
2013-09-07,14:54:25,2.966666666666667,6.599979400634766,6.8
2013-09-07,14:59:25,3.333333333333333,5.199979146321613,7.333333333333332
2013-09-07,15:04:25,2.966666666666667,5.599994659423828,6.866666666666666
2013-09-07,15:09:25,3.0,5.5333105723063145,7.0
2013-09-07,15:14:25,3.333333333333333,5.5333105723063145,7.2666666666666675
2013-09-07,15:19:25,3.066666666666667,8.19997787475586,6.7333333333333325
2013-09-07,15:24:25,3.0,6.399984359741211,6.666666666666668
2013-09-07,15:29:25,3.3,6.599979400634766,6.866666666666666
2013-09-07,15:34:25,3.066666666666667,6.3333161671956395,6.533333333333332
2013-09-07,15:39:25,3.0,5.199995040893555,6.7333333333333325
2013-09-07,15:44:25,3.3,5.999978383382162,7.0
2013-09-07,15:49:25,3.0,7.333313624064126,6.866666666666666
2013-09-07,15:54:25,3.0,6.399984359741211,7.0
2013-09-07,15:59:25,3.3,4.933322270711263,7.4
2013-09-07,16:04:25,3.0,5.2666441599528,6.666666666666668
2013-09-07,16:09:25,3.0,4.933312733968099,6.7333333333333325
2013-09-07,16:14:25,3.433333333333333,4.933315912882486,6.6
2013-09-07,16:19:25,3.166666666666667,6.466643015543622,6.8
2013-09-07,16:24:25,3.033333333333333,7.199980417887369,6.533333333333332
2013-09-07,16:29:25,3.3,6.799977620442708,6.533333333333332
2013-09-07,16:34:25,3.0,6.599979400634766,6.466666666666668
2013-09-07,16:39:25,3.0,6.266651153564454,6.4
2013-09-07,16:44:25,3.433333333333333,5.466651916503906,7.0
2013-09-07,16:49:25,3.0,6.866658528645835,6.866666666666666
2013-09-07,16:54:25,3.0,5.53331693013509,6.666666666666668
2013-09-07,16:59:26,3.333333333333333,7.066637674967448,6.666666666666668
2013-09-07,17:04:26,3.0,8.73331069946289,6.666666666666668
2013-09-07,17:09:26,3.0,5.466645558675131,6.6
2013-09-07,17:14:26,3.433333333333333,4.999987284342447,6.866666666666666
2013-09-07,17:19:26,3.0,10.133301417032877,6.933333333333334
2013-09-07,17:24:26,3.0,5.733311971028645,6.8
2013-09-07,17:29:26,3.3666666666666667,5.5999819437662754,7.333333333333332
2013-09-07,17:34:26,3.033333333333333,6.466643015543622,7.066666666666666
2013-09-07,17:39:26,3.0,6.599976221720377,7.2
2013-09-07,17:44:26,3.333333333333333,5.1333173116048165,6.6
2013-09-07,17:49:26,3.066666666666667,5.866648356119793,6.466666666666668
2013-09-07,17:54:26,3.0,5.399971008300781,6.533333333333332
2013-09-07,17:59:26,3.333333333333333,5.466651916503906,6.7333333333333325
2013-09-07,18:04:26,3.1,5.933319727579754,7.0
2013-09-07,18:09:26,3.0,8.066651026407877,6.7333333333333325
2013-09-07,18:14:26,3.333333333333333,5.199985504150391,6.8
2013-09-07,18:19:26,3.1,5.666650136311848,6.533333333333332
2013-09-07,18:24:26,3.0,4.26664670308431,6.866666666666666
2013-09-07,18:29:26,3.266666666666667,4.4666512807210275,6.933333333333334
2013-09-07,18:34:26,3.0,5.399983723958334,6.866666666666666
2013-09-07,18:39:26,3.0,4.733320871988932,6.866666666666666
2013-09-07,18:44:26,3.4,5.199985504150391,7.2666666666666675
2013-09-07,18:49:26,3.0,5.333321889241537,6.6
2013-09-07,18:54:26,3.066666666666667,6.333312988281251,6.533333333333332
2013-09-07,18:59:26,3.233333333333333,8.73331387837728,6.8
2013-09-07,19:04:26,3.0,6.199976603190104,6.8
2013-09-07,19:09:26,3.033333333333333,4.999980926513672,6.533333333333332
2013-09-07,19:14:26,3.4,5.066652297973633,7.133333333333334
2013-09-07,19:19:26,3.1333333333333333,5.333321889241537,6.6
2013-09-07,19:24:26,3.066666666666667,4.933315912882486,6.866666666666666
2013-09-07,19:29:26,3.3,4.933309555053711,7.333333333333332
2013-09-07,19:34:26,3.0,6.3999875386555996,7.333333333333332
2013-09-07,19:39:26,3.0,5.466648737589518,7.2666666666666675
2013-09-07,19:44:26,3.3,5.333325068155924,7.066666666666666
2013-09-07,19:49:26,2.966666666666667,9.599984486897787,6.8
2013-09-07,19:54:26,3.033333333333333,6.333312988281251,6.8
2013-09-07,19:59:26,3.3,5.533313751220703,6.933333333333334
2013-09-07,20:04:26,3.0,7.999970118204752,6.533333333333332
2013-09-07,20:09:26,2.933333333333333,5.866648356119793,6.666666666666668
2013-09-07,20:14:27,3.3666666666666667,4.199972152709961,7.0
2013-09-07,20:19:27,3.033333333333333,6.0666433970133475,6.7333333333333325
2013-09-07,20:24:27,3.0,4.466648101806641,6.8
2013-09-07,20:29:27,3.233333333333333,6.066646575927734,6.666666666666668
2013-09-07,20:34:27,3.033333333333333,7.79998779296875,6.666666666666668
2013-09-07,20:39:27,3.0,6.733309427897134,6.6
2013-09-07,20:44:27,3.3,4.666646321614584,6.7333333333333325
2013-09-07,20:49:27,3.0,5.533326466878254,7.0
2013-09-07,20:54:27,3.033333333333333,4.666649500528972,6.666666666666668
2013-09-07,20:59:27,3.3,5.599978764851887,7.2666666666666675
2013-09-07,21:04:27,3.0,5.333315531412761,6.7333333333333325
2013-09-07,21:09:27,3.0,5.333315531412761,6.8
2013-09-07,21:14:27,3.3,5.06663958231608,6.7333333333333325
2013-09-07,21:19:27,3.066666666666667,5.466642379760742,6.666666666666668
2013-09-07,21:24:27,3.033333333333333,5.2666441599528,6.666666666666668
2013-09-07,21:29:27,3.433333333333333,10.666656494140625,6.7333333333333325
2013-09-07,21:34:27,3.033333333333333,7.799990971883136,6.8
2013-09-07,21:39:27,3.0,4.666652679443359,7.2
2013-09-07,21:44:27,3.333333333333333,4.99998410542806,6.933333333333334
2013-09-07,21:49:27,3.0,6.3333066304524746,6.8
2013-09-07,21:54:27,3.033333333333333,5.066652297973633,7.133333333333334
2013-09-07,21:59:27,3.3666666666666667,6.133317947387695,7.333333333333332
2013-09-07,22:04:27,3.0,5.333309173583984,6.8
2013-09-07,22:09:27,2.933333333333333,4.999977747599283,6.866666666666666
2013-09-07,22:14:27,3.4,5.999981562296551,7.066666666666666
2013-09-07,22:19:27,3.1,9.466635386149088,6.866666666666666
2013-09-07,22:24:27,3.0,6.066640218098959,6.666666666666668
2013-09-07,22:29:27,3.3,6.266651153564454,6.866666666666666
2013-09-07,22:34:27,3.0,5.466648737589518,6.6
2013-09-07,22:39:27,2.966666666666667,5.799980163574219,6.6
2013-09-07,22:44:27,3.4,5.666659673055012,6.866666666666666
2013-09-07,22:49:28,3.0,7.533318201700847,7.133333333333334
2013-09-07,22:54:28,2.966666666666667,5.466642379760742,6.8
2013-09-07,22:59:28,3.3,5.866648356119793,7.0
2013-09-07,23:04:28,3.066666666666667,5.999991099039713,6.7333333333333325
2013-09-07,23:09:28,3.033333333333333,7.599986394246421,6.666666666666668
2013-09-07,23:14:28,3.3666666666666667,6.999972661336264,7.0
2013-09-07,23:19:28,3.1333333333333333,9.46664810180664,6.866666666666666
2013-09-07,23:24:28,3.0,6.666650772094726,6.8
2013-09-07,23:29:28,3.4,5.533304214477539,6.7333333333333325
2013-09-07,23:34:28,3.066666666666667,6.53331438700358,6.533333333333332
2013-09-07,23:39:28,4.1,11.599976221720375,6.7333333333333325
2013-09-07,23:44:28,3.3,7.666635513305664,7.0
2013-09-07,23:49:28,3.0,8.799972534179688,6.7333333333333325
2013-09-07,23:54:28,3.1,7.999973297119141,6.8
2013-09-07,23:59:28,3.3666666666666667,10.066642761230469,6.933333333333334
2013-09-08,00:04:28,2.966666666666667,8.466641108194988,6.666666666666668
2013-09-08,00:09:28,3.0,3.7333138783772783,6.7333333333333325
2013-09-08,00:14:28,3.266666666666667,4.066648483276367,7.2666666666666675
2013-09-08,00:19:28,3.166666666666667,5.666653315226236,7.066666666666666
2013-09-08,00:24:28,3.0,4.99998410542806,7.066666666666666
2013-09-08,00:29:28,3.3,4.599981307983398,6.933333333333334
2013-09-08,00:34:28,3.033333333333333,5.199975967407227,6.666666666666668
2013-09-08,00:39:28,3.033333333333333,4.866650899251302,6.6
2013-09-08,00:44:28,3.533333333333333,4.933322270711263,7.133333333333334
2013-09-08,00:49:28,3.033333333333333,9.333311716715494,6.933333333333334
2013-09-08,00:54:28,3.0,5.06665547688802,6.466666666666668
2013-09-08,00:59:28,3.3666666666666667,5.666643778483072,6.666666666666668
2013-09-08,01:04:28,3.033333333333333,6.333312988281251,6.466666666666668
2013-09-08,01:09:28,3.0,5.333325068155924,6.7333333333333325
2013-09-08,01:14:28,3.333333333333333,6.199989318847656,7.133333333333334
2013-09-08,01:19:28,3.033333333333333,6.399984359741211,6.666666666666668
2013-09-08,01:24:28,3.033333333333333,4.5999908447265625,6.933333333333334
2013-09-08,01:29:28,3.4,5.533313751220703,6.866666666666666
2013-09-08,01:34:29,3.1,6.266651153564454,6.7333333333333325
2013-09-08,01:39:29,3.0,7.133324940999347,7.066666666666666
2013-09-08,01:44:29,3.3,6.133317947387695,7.133333333333334
2013-09-08,01:49:29,3.0,5.733308792114258,6.7333333333333325
2013-09-08,01:54:29,3.0,4.39997673034668,6.666666666666668
2013-09-08,01:59:29,3.333333333333333,5.466655095418293,6.933333333333334
2013-09-08,02:04:29,3.1333333333333333,7.866643269856771,7.133333333333334
2013-09-08,02:09:29,3.0,6.86664899190267,7.333333333333332
2013-09-08,02:14:29,3.333333333333333,4.199984868367513,7.2
2013-09-08,02:19:29,3.2,7.066640853881837,6.933333333333334
2013-09-08,02:24:29,3.1333333333333333,5.533313751220703,6.666666666666668
2013-09-08,02:29:29,3.333333333333333,7.133312225341797,6.866666666666666
2013-09-08,02:34:29,3.033333333333333,8.333311080932617,6.666666666666668
2013-09-08,02:39:29,3.033333333333333,6.399984359741211,7.066666666666666
2013-09-08,02:44:29,3.266666666666667,6.3333161671956395,7.533333333333332
2013-09-08,02:49:29,3.0,8.399982452392578,6.933333333333334
2013-09-08,02:54:29,3.0,4.666649500528972,7.0
2013-09-08,02:59:29,3.4,5.799980163574219,7.066666666666666
2013-09-08,03:04:29,3.066666666666667,6.99997901916504,6.866666666666666
2013-09-08,03:09:29,3.0,5.466655095418293,6.8
2013-09-08,03:14:29,3.3,7.399978637695312,6.866666666666666
2013-09-08,03:19:29,3.066666666666667,8.199968338012695,6.866666666666666
2013-09-08,03:24:29,3.0,5.266650517781576,6.7333333333333325
2013-09-08,03:29:29,3.3666666666666667,6.666653951009114,6.866666666666666
2013-09-08,03:34:29,3.0,6.399993896484375,6.8
2013-09-08,03:39:29,3.033333333333333,3.9999961853027344,6.866666666666666
2013-09-08,03:44:29,3.3,5.466648737589518,6.933333333333334
2013-09-08,03:49:29,3.033333333333333,8.19997787475586,6.7333333333333325
2013-09-08,03:54:29,3.0,5.5999755859375,6.666666666666668
2013-09-08,03:59:30,3.3666666666666667,5.8666451772054025,6.866666666666666
2013-09-08,04:04:29,3.0,8.599987030029297,6.7333333333333325
2013-09-08,04:09:29,3.033333333333333,8.599987030029297,7.066666666666666
2013-09-08,04:14:29,3.4,7.599983215332032,7.066666666666666
2013-09-08,04:19:29,3.066666666666667,8.399982452392578,7.0
2013-09-08,04:24:29,3.0,7.1333154042561855,7.0
2013-09-08,04:29:29,3.3,6.999988555908203,6.866666666666666
2013-09-08,04:34:29,3.0,7.599992752075195,6.666666666666668
2013-09-08,04:39:29,3.0,5.999975204467773,6.933333333333334
2013-09-08,04:44:29,3.3666666666666667,5.333309173583984,6.933333333333334
2013-09-08,04:49:29,3.0,6.199979782104492,6.933333333333334
2013-09-08,04:54:29,3.766666666666667,11.599979400634766,6.8
2013-09-08,04:59:29,3.3,8.799982070922852,6.933333333333334
2013-09-08,05:04:29,3.0,7.399988174438477,6.933333333333334
2013-09-08,05:09:29,3.0,4.4666512807210275,6.8
2013-09-08,05:14:29,3.266666666666667,6.599979400634766,7.133333333333334
2013-09-08,05:19:29,2.933333333333333,6.799974441528319,6.866666666666666
2013-09-08,05:24:29,3.0,4.799976348876953,6.7333333333333325
2013-09-08,05:29:29,3.3,3.9333248138427734,6.7333333333333325
2013-09-08,05:34:29,2.966666666666667,6.799983978271484,6.8
2013-09-08,05:39:30,3.033333333333333,4.5999908447265625,7.133333333333334
2013-09-08,05:44:30,3.4,6.6666412353515625,7.133333333333334
2013-09-08,05:49:30,3.0,8.93331527709961,6.8
2013-09-08,05:54:30,3.0,5.9999847412109375,7.066666666666666
2013-09-08,05:59:30,3.233333333333333,3.9333248138427734,7.133333333333334
2013-09-08,06:04:30,3.0,6.199989318847656,6.7333333333333325
2013-09-08,06:09:30,3.033333333333333,5.5999755859375,6.8
2013-09-08,06:14:30,3.433333333333333,6.199989318847656,7.133333333333334
2013-09-08,06:19:30,3.1,4.39999262491862,7.0
2013-09-08,06:24:30,3.0,4.39997673034668,6.7333333333333325
2013-09-08,06:29:30,3.266666666666667,4.999980926513672,6.866666666666666
2013-09-08,06:34:30,3.0,8.599977493286133,6.8
2013-09-08,06:39:30,3.0,5.733311971028645,6.666666666666668
2013-09-08,06:44:30,3.3666666666666667,4.4666512807210275,6.866666666666666
2013-09-08,06:49:30,3.033333333333333,7.399984995524088,6.666666666666668
2013-09-08,06:54:30,3.033333333333333,6.9333140055338545,7.066666666666666
2013-09-08,06:59:30,3.3,4.133313496907553,7.533333333333332
2013-09-08,07:04:30,3.0,6.066649754842123,7.0
2013-09-08,07:09:30,3.0,4.999980926513672,6.866666666666666
2013-09-08,07:14:30,3.333333333333333,4.3333180745442705,6.933333333333334
2013-09-08,07:19:30,3.0,5.399980545043945,6.866666666666666
2013-09-08,07:24:30,3.0,6.733315785725911,6.866666666666666
2013-09-08,07:29:30,3.266666666666667,8.266639709472656,7.0
2013-09-08,07:34:30,3.0,6.199979782104492,7.0
2013-09-08,07:39:30,3.0,4.266653060913086,7.2
2013-09-08,07:44:30,3.4,6.666650772094726,6.866666666666666
2013-09-08,07:49:30,3.0,7.399969100952148,6.6
2013-09-08,07:54:30,3.0,4.666655858357748,7.066666666666666
2013-09-08,07:59:30,3.3,5.466645558675131,7.2666666666666675
2013-09-08,08:04:30,3.0,7.266645431518555,6.6
2013-09-08,08:09:30,3.0,6.266654332478843,6.6
2013-09-08,08:14:30,3.3666666666666667,6.199982961018879,6.7333333333333325
2013-09-08,08:19:30,3.1,8.133316040039062,6.933333333333334
2013-09-08,08:24:31,2.9,3.7999788920084625,7.0
2013-09-08,08:29:31,3.3,4.799979527791342,6.866666666666666
2013-09-08,08:34:31,3.0,7.599973678588867,6.7333333333333325
2013-09-08,08:39:31,3.033333333333333,5.933316548665365,7.066666666666666
2013-09-08,08:44:31,3.3666666666666667,6.466639836629233,7.2
2013-09-08,08:49:31,3.0,6.466643015543622,6.866666666666666
2013-09-08,08:54:31,3.033333333333333,5.399980545043945,7.0
2013-09-08,08:59:31,3.3,5.0666459401448565,6.7333333333333325
2013-09-08,09:04:31,3.0,8.333307902018229,6.466666666666668
2013-09-08,09:09:31,3.0,6.7333126068115225,6.666666666666668
2013-09-08,09:14:31,3.4,5.933307011922199,7.066666666666666
2013-09-08,09:19:31,3.2,6.599976221720377,7.066666666666666
2013-09-08,09:24:31,3.033333333333333,4.466648101806641,6.866666666666666
2013-09-08,09:29:31,3.3,5.333321889241537,6.933333333333334
2013-09-08,09:34:31,3.0,5.866648356119793,6.7333333333333325
2013-09-08,09:39:31,3.0,6.3333161671956395,6.8
2013-09-08,09:44:31,3.3666666666666667,4.999990463256836,7.133333333333334
2013-09-08,09:49:31,3.0,6.53331438700358,6.533333333333332
2013-09-08,09:54:31,3.033333333333333,5.399986902872721,6.466666666666668
2013-09-08,09:59:31,3.266666666666667,5.466648737589518,6.8
2013-09-08,10:04:31,2.933333333333333,4.866650899251302,6.866666666666666
2013-09-08,10:09:31,3.0,4.466644922892252,6.4
2013-09-08,10:14:32,3.3666666666666667,5.266656875610352,6.8
2013-09-08,10:19:32,3.066666666666667,6.199989318847656,7.0
2013-09-08,10:24:32,3.0,7.133318583170572,6.666666666666668
2013-09-08,10:29:32,3.233333333333333,7.199986775716144,6.866666666666666
2013-09-08,10:34:32,3.033333333333333,9.533319473266602,6.933333333333334
2013-09-08,10:39:32,3.033333333333333,5.466645558675131,7.133333333333334
2013-09-08,10:44:32,3.4,8.333304723103842,7.0
2013-09-08,10:49:32,3.0,8.599977493286133,6.666666666666668
2013-09-08,10:54:32,3.0,5.5999755859375,7.133333333333334
2013-09-08,10:59:32,3.3,6.3333161671956395,6.866666666666666
2013-09-08,11:04:32,3.0,5.799983342488606,6.933333333333334
2013-09-08,11:09:32,3.0,4.866650899251302,6.8
2013-09-08,11:14:32,3.266666666666667,3.399976094563803,7.133333333333334
2013-09-08,11:19:32,3.1,6.866645812988281,7.2666666666666675
2013-09-08,11:24:32,3.0,6.199982961018879,7.0
2013-09-08,11:29:32,3.266666666666667,3.666642506917318,6.8
2013-09-08,11:34:32,3.0,8.466647466023764,6.466666666666668
2013-09-08,11:39:32,2.9,8.599987030029297,7.0
2013-09-08,11:44:32,3.3,6.666650772094726,7.066666666666666
2013-09-08,11:49:32,3.0,5.86665153503418,6.6
2013-09-08,11:54:32,3.0,4.799989064534505,6.666666666666668
2013-09-08,11:59:32,3.3,6.133314768473307,6.666666666666668
2013-09-08,12:04:33,2.966666666666667,8.19997469584147,6.933333333333334
2013-09-08,12:09:33,3.0,6.13331158955892,6.866666666666666
2013-09-08,12:14:33,3.266666666666667,5.9999847412109375,6.933333333333334
2013-09-08,12:19:33,3.033333333333333,7.733316421508789,7.0
2013-09-08,12:24:33,3.0,6.066649754842123,6.866666666666666
2013-09-08,12:29:33,3.266666666666667,6.466646194458008,7.066666666666666
2013-09-08,12:34:33,3.0,6.266647974650065,7.066666666666666
2013-09-08,12:39:33,3.0,5.933313369750977,6.933333333333334
2013-09-08,12:44:33,3.3,6.733315785725911,7.2666666666666675
2013-09-08,12:49:33,3.0,8.333311080932617,6.8
2013-09-08,12:54:33,3.0,4.733320871988932,6.866666666666666
2013-09-08,12:59:33,3.266666666666667,4.066648483276367,7.0
2013-09-08,13:04:33,3.0,7.133321762084961,7.0
2013-09-08,13:09:33,3.033333333333333,3.4666506449381504,7.0
2013-09-08,13:14:33,3.3,4.799985885620117,7.0
2013-09-08,13:19:33,3.033333333333333,8.59998067220052,6.7333333333333325
2013-09-08,13:24:33,2.966666666666667,5.8666451772054025,6.7333333333333325
2013-09-08,13:29:33,3.3,6.399990717569986,6.933333333333334
2013-09-08,13:34:33,3.033333333333333,7.933320999145507,6.7333333333333325
2013-09-08,13:39:33,3.0,6.266644795735678,6.533333333333332
2013-09-08,13:44:33,3.3,6.06665293375651,6.8
2013-09-08,13:49:33,3.0,5.199988683064779,6.7333333333333325
2013-09-08,13:54:33,3.0,3.599977493286133,6.7333333333333325
2013-09-08,13:59:33,3.3,5.066642761230469,6.866666666666666
2013-09-08,14:04:33,3.0,7.333313624064126,7.0
2013-09-08,14:09:33,3.0,5.266656875610352,6.933333333333334
2013-09-08,14:14:33,3.266666666666667,4.39997673034668,6.866666666666666
2013-09-08,14:19:33,3.033333333333333,5.333325068155924,6.866666666666666
2013-09-08,14:24:33,3.0,5.53331693013509,6.8
2013-09-08,14:29:33,3.4,4.5333099365234375,7.066666666666666
2013-09-08,14:34:33,3.0,5.5999819437662754,6.933333333333334
2013-09-08,14:39:33,3.033333333333333,4.39997673034668,7.6
2013-09-08,14:44:33,3.233333333333333,3.799982070922851,7.4
2013-09-08,14:49:33,4.133333333333333,12.733300526936853,7.066666666666666
2013-09-08,14:54:33,3.066666666666667,9.066648483276367,6.666666666666668
2013-09-08,14:59:33,3.333333333333333,8.733317057291666,6.6
2013-09-08,15:04:33,3.0,6.3333161671956395,6.533333333333332
2013-09-08,15:09:33,2.933333333333333,5.93331019083659,7.0
2013-09-08,15:14:33,3.2,6.399978001912436,7.0
2013-09-08,15:19:34,3.1,5.199979146321613,6.933333333333334
2013-09-08,15:24:34,3.0,5.266653696695964,6.666666666666668
2013-09-08,15:29:34,3.3,6.533320744832355,7.066666666666666
2013-09-08,15:34:34,3.0,5.866641998291016,6.866666666666666
2013-09-08,15:39:34,2.966666666666667,4.933315912882486,6.8
2013-09-08,15:44:34,3.3,5.933322906494141,7.066666666666666
2013-09-08,15:49:34,3.0,8.666642506917317,6.8
2013-09-08,15:54:34,3.0,6.6666412353515625,6.6
2013-09-08,15:59:34,3.4,6.666638056437174,7.066666666666666
2013-09-08,16:04:34,3.0,6.666653951009114,6.933333333333334
2013-09-08,16:09:34,3.0,6.399984359741211,6.866666666666666
2013-09-08,16:14:34,3.3,5.199982325236003,6.8
2013-09-08,16:19:34,3.033333333333333,7.3333104451497375,6.7333333333333325
2013-09-08,16:24:34,3.0,5.2666473388671875,6.8
2013-09-08,16:29:34,3.3666666666666667,4.599971771240234,6.8
2013-09-08,16:34:34,3.066666666666667,8.199987411499023,6.7333333333333325
2013-09-08,16:39:34,3.0,5.999975204467773,7.066666666666666
2013-09-08,16:44:34,3.266666666666667,5.333321889241537,7.0
2013-09-08,16:49:34,3.0,8.199981053670248,6.7333333333333325
2013-09-08,16:54:34,3.0,4.799985885620117,6.8
2013-09-08,16:59:34,3.3666666666666667,6.999969482421875,6.933333333333334
2013-09-08,17:04:34,3.0,4.999990463256836,6.866666666666666
2013-09-08,17:09:34,3.0,6.199982961018879,6.8
2013-09-08,17:14:34,3.233333333333333,6.399984359741211,7.333333333333332
2013-09-08,17:19:34,3.1,7.199983596801758,7.0
2013-09-08,17:24:34,3.066666666666667,6.333309809366862,6.866666666666666
2013-09-08,17:29:34,3.3,6.533308029174805,6.933333333333334
2013-09-08,17:34:34,3.0,6.999988555908203,7.2666666666666675
2013-09-08,17:39:34,3.0,4.599981307983398,7.066666666666666
2013-09-08,17:44:34,3.4,4.666655858357748,7.2
2013-09-08,17:49:35,3.0,7.599983215332032,6.666666666666668
2013-09-08,17:54:35,3.0,7.79998779296875,6.533333333333332
2013-09-08,17:59:35,3.2,5.199995040893555,6.8
2013-09-08,18:04:35,3.0,6.066649754842123,6.8
2013-09-08,18:09:35,2.966666666666667,5.399980545043945,6.666666666666668
2013-09-08,18:14:35,3.4,8.199987411499023,6.7333333333333325
2013-09-08,18:19:35,3.066666666666667,8.599987030029297,6.6
2013-09-08,18:24:35,3.0,5.466648737589518,6.7333333333333325
2013-09-08,18:29:35,3.3,6.199970245361328,7.2
2013-09-08,18:34:35,3.0,5.799980163574219,6.933333333333334
2013-09-08,18:39:35,3.0,4.399986267089844,7.0
2013-09-08,18:44:35,3.2,5.266650517781576,6.866666666666666
2013-09-08,18:49:35,3.0,8.399982452392578,7.0
2013-09-08,18:54:35,3.0,5.599985122680664,6.7333333333333325
2013-09-08,18:59:35,3.266666666666667,6.399984359741211,7.066666666666666
2013-09-08,19:04:35,3.033333333333333,7.399978637695312,6.866666666666666
2013-09-08,19:09:35,3.0,6.199979782104492,7.133333333333334
2013-09-08,19:14:35,3.3,6.199979782104492,7.4
2013-09-08,19:19:35,3.1,6.799983978271484,7.066666666666666
2013-09-08,19:24:35,3.033333333333333,5.199985504150391,6.666666666666668
2013-09-08,19:29:35,3.2,5.399990081787109,6.933333333333334
2013-09-08,19:34:36,3.0,5.133323669433594,6.666666666666668
2013-09-08,19:39:36,3.0,4.5999908447265625,6.666666666666668
2013-09-08,19:44:36,3.3,5.399980545043945,6.866666666666666
2013-09-08,19:49:36,3.0,7.199974060058594,6.8
2013-09-08,19:54:36,3.066666666666667,6.599988937377929,6.866666666666666
2013-09-08,19:59:36,3.233333333333333,6.399984359741211,7.2
2013-09-08,20:04:36,3.0,5.133320490519206,6.866666666666666
2013-09-08,20:09:36,3.0,5.799980163574219,6.7333333333333325
2013-09-08,20:14:36,3.333333333333333,5.666650136311848,6.8
2013-09-08,20:19:36,3.066666666666667,8.399982452392578,6.7333333333333325
2013-09-08,20:24:36,2.933333333333333,5.199985504150391,6.8
2013-09-08,20:29:36,3.3,5.799980163574219,7.0
2013-09-08,20:34:36,3.0,6.599988937377929,7.0
2013-09-08,20:39:36,3.0,3.9999771118164067,6.8
2013-09-08,20:44:36,3.333333333333333,5.399980545043945,6.933333333333334
2013-09-08,20:49:36,3.0,5.399990081787109,6.466666666666668
2013-09-08,20:54:36,3.033333333333333,4.999990463256836,6.533333333333332
2013-09-08,20:59:36,3.433333333333333,6.9333140055338545,6.866666666666666
2013-09-08,21:04:36,2.966666666666667,6.799983978271484,6.7333333333333325
2013-09-08,21:09:36,3.0,5.399990081787109,6.8
2013-09-08,21:14:36,3.3666666666666667,5.799989700317383,7.133333333333334
2013-09-08,21:19:36,3.1333333333333333,5.06665547688802,7.2666666666666675
2013-09-08,21:24:36,3.033333333333333,6.533308029174805,7.0
2013-09-08,21:29:36,3.233333333333333,6.199979782104492,6.866666666666666
2013-09-08,21:34:36,3.066666666666667,8.799982070922852,6.8
2013-09-08,21:39:36,3.0,6.199979782104492,6.666666666666668
2013-09-08,21:44:36,3.333333333333333,3.9333184560139984,6.866666666666666
2013-09-08,21:49:36,3.0,6.399974822998048,7.0
2013-09-08,21:54:36,2.933333333333333,5.799980163574219,7.066666666666666
2013-09-08,21:59:36,3.233333333333333,4.933309555053711,6.666666666666668
2013-09-08,22:04:37,3.0,5.999975204467773,6.666666666666668
2013-09-08,22:09:37,3.0,5.399980545043945,6.8
2013-09-08,22:14:37,3.3,5.599985122680664,6.933333333333334
2013-09-08,22:19:36,3.033333333333333,6.799983978271484,6.8
2013-09-08,22:24:36,3.066666666666667,5.599985122680664,7.2
2013-09-08,22:29:36,3.4,5.599994659423828,7.7333333333333325
2013-09-08,22:34:36,3.033333333333333,6.133314768473307,7.133333333333334
2013-09-08,22:39:36,3.0,6.99997901916504,6.666666666666668
2013-09-08,22:44:36,3.3666666666666667,4.26664670308431,6.7333333333333325
2013-09-08,22:49:36,3.0,6.6666444142659484,6.6
2013-09-08,22:54:36,3.0,4.933319091796875,6.933333333333334
2013-09-08,22:59:36,3.3,3.9999834696451817,7.2
2013-09-08,23:04:36,3.0,5.933313369750977,6.8
2013-09-08,23:09:36,3.0,6.199989318847656,6.7333333333333325
2013-09-08,23:14:36,3.4,6.933307647705078,7.333333333333332
2013-09-08,23:19:36,3.033333333333333,10.133304595947266,6.8
2013-09-08,23:24:36,3.0,5.599978764851887,6.6
2013-09-08,23:29:36,3.233333333333333,4.533319473266602,6.866666666666666
2013-09-08,23:34:37,3.0,5.93331019083659,6.933333333333334
2013-09-08,23:39:37,3.0,4.999980926513672,6.666666666666668
2013-09-08,23:44:37,3.233333333333333,4.666643142700195,6.933333333333334
2013-09-08,23:49:37,3.0,6.199982961018879,6.866666666666666
2013-09-08,23:54:37,3.0,5.199985504150391,7.066666666666666
2013-09-08,23:59:37,3.3666666666666667,5.2666473388671875,7.066666666666666
2013-09-09,00:04:37,3.066666666666667,10.933303833007812,6.666666666666668
2013-09-09,00:09:37,3.0,7.533318201700847,6.7333333333333325
2013-09-09,00:14:37,3.3666666666666667,4.999980926513672,7.2
2013-09-09,00:19:37,3.1,6.799983978271484,7.066666666666666
2013-09-09,00:24:37,3.0,3.8666566212972016,7.066666666666666
2013-09-09,00:29:37,3.3,4.666652679443359,7.133333333333334
2013-09-09,00:34:37,3.1,7.999973297119141,7.333333333333332
2013-09-09,00:39:37,3.1333333333333333,4.266643524169922,6.933333333333334
2013-09-09,00:44:37,3.3666666666666667,4.399973551432291,7.133333333333334
2013-09-09,00:49:37,3.0,8.399985631306967,6.7333333333333325
2013-09-09,00:54:37,3.166666666666667,5.733305613199869,6.933333333333334
2013-09-09,00:59:37,3.4,5.933319727579754,7.2
2013-09-09,01:04:37,3.0,7.066647211710614,6.866666666666666
2013-09-09,01:09:37,3.0,4.666655858357748,6.666666666666668
2013-09-09,01:14:37,3.333333333333333,4.799979527791342,6.8
2013-09-09,01:19:37,3.066666666666667,7.3333104451497375,6.933333333333334
2013-09-09,01:24:37,3.0,6.266647974650065,6.8
2013-09-09,01:29:37,3.266666666666667,5.13331413269043,7.133333333333334
2013-09-09,01:34:37,3.0,7.066653569539389,7.066666666666666
2013-09-09,01:39:37,3.0,6.7333126068115225,6.8
2013-09-09,01:44:37,3.4,6.3333161671956395,6.933333333333334
2013-09-09,01:49:37,3.0,5.466648737589518,6.333333333333332
2013-09-09,01:54:37,3.0,4.8666445414225254,6.7333333333333325
2013-09-09,01:59:38,3.266666666666667,4.73332405090332,6.666666666666668
2013-09-09,02:04:38,3.1,5.933319727579754,6.666666666666668
2013-09-09,02:09:38,3.066666666666667,4.8666445414225254,6.8
2013-09-09,02:14:38,3.266666666666667,5.666656494140625,7.0
2013-09-09,02:19:38,3.066666666666667,7.999986012776692,6.933333333333334
2013-09-09,02:24:38,3.0,5.06663958231608,6.8
2013-09-09,02:29:38,3.3,4.933315912882486,7.133333333333334
2013-09-09,02:34:38,3.1,9.333314895629883,6.666666666666668
2013-09-09,02:39:38,3.0,7.866652806599933,6.666666666666668
2013-09-09,02:44:38,3.266666666666667,5.93331019083659,7.133333333333334
2013-09-09,02:49:38,3.0,8.399979273478191,6.666666666666668
2013-09-09,02:54:38,3.0,4.533316294352214,6.866666666666666
2013-09-09,02:59:38,3.3666666666666667,4.599981307983398,6.8
2013-09-09,03:04:38,3.033333333333333,7.399984995524088,6.6
2013-09-09,03:09:38,3.1,5.53331693013509,6.7333333333333325
2013-09-09,03:14:38,3.4,5.399986902872721,7.133333333333334
2013-09-09,03:19:38,3.1,5.199975967407227,6.8
2013-09-09,03:24:38,3.1333333333333333,5.2666473388671875,6.666666666666668
2013-09-09,03:29:38,3.266666666666667,5.466642379760742,6.866666666666666
2013-09-09,03:34:38,2.966666666666667,6.333322525024414,6.6
2013-09-09,03:39:38,3.0,6.0666433970133475,6.666666666666668
2013-09-09,03:44:38,3.4,4.533319473266602,7.0
2013-09-09,03:49:38,3.0,6.199979782104492,6.666666666666668
2013-09-09,03:54:38,3.0,6.533308029174805,7.0
2013-09-09,03:59:38,3.333333333333333,5.399986902872721,6.866666666666666
2013-09-09,04:04:38,3.0,7.2666581471761065,6.7333333333333325
2013-09-09,04:09:38,3.0,6.199979782104492,6.8
2013-09-09,04:14:38,3.3,7.066650390625,6.933333333333334
2013-09-09,04:19:38,3.033333333333333,7.0666567484537754,6.666666666666668
2013-09-09,04:24:38,3.0,5.266650517781576,6.533333333333332
2013-09-09,04:29:38,3.3,4.533316294352214,6.7333333333333325
2013-09-09,04:34:38,3.0,5.733318328857422,6.7333333333333325
2013-09-09,04:39:38,2.8666666666666667,5.333325068155924,6.8
2013-09-09,04:44:39,3.233333333333333,4.799982706705729,6.933333333333334
2013-09-09,04:49:39,3.0,5.466648737589518,6.7333333333333325
2013-09-09,04:54:39,3.833333333333333,5.799992879231771,6.533333333333332
2013-09-09,04:59:39,3.4,6.266644795735678,6.6
2013-09-09,05:04:39,3.0,8.733307520548502,6.666666666666668
2013-09-09,05:09:39,2.966666666666667,10.333309173583984,6.666666666666668
2013-09-09,05:14:39,3.2,5.53331693013509,7.066666666666666
2013-09-09,05:19:39,3.1,7.466646830240885,6.7333333333333325
2013-09-09,05:24:39,3.0,6.3333161671956395,6.6
2013-09-09,05:29:39,3.233333333333333,4.999980926513672,6.666666666666668
2013-09-09,05:34:39,3.033333333333333,5.79997698465983,6.866666666666666
2013-09-09,05:39:39,3.0,5.533313751220703,6.666666666666668
2013-09-09,05:44:39,3.266666666666667,6.399981180826825,6.866666666666666
2013-09-09,05:49:39,3.0,7.866652806599933,6.7333333333333325
2013-09-09,05:54:39,3.0,5.733308792114258,6.6
2013-09-09,05:59:39,3.266666666666667,6.599976221720377,6.866666666666666
2013-09-09,06:04:39,3.0,6.466646194458008,6.666666666666668
2013-09-09,06:09:39,3.0,5.733305613199869,6.6
2013-09-09,06:14:39,4.266666666666667,12.199980417887367,6.666666666666668
2013-09-09,06:19:39,3.1,8.133312861124674,6.7333333333333325
2013-09-09,06:24:39,3.033333333333333,7.199986775716144,6.533333333333332
2013-09-09,06:29:39,3.333333333333333,5.399990081787109,6.8
2013-09-09,06:34:39,3.0,6.799980799357096,6.6
2013-09-09,06:39:39,3.0,5.399986902872721,6.866666666666666
2013-09-09,06:44:39,3.266666666666667,7.866646448771158,6.7333333333333325
2013-09-09,06:49:39,3.033333333333333,8.399982452392578,6.466666666666668
2013-09-09,06:54:39,3.0,6.13331158955892,6.6
2013-09-09,06:59:40,3.3,5.866654713948568,7.066666666666666
2013-09-09,07:04:40,3.0,7.999982833862304,7.133333333333334
2013-09-09,07:09:40,3.0,4.999980926513672,6.7333333333333325
2013-09-09,07:14:40,3.333333333333333,5.999981562296551,6.7333333333333325
2013-09-09,07:19:40,3.1,5.066649119059244,6.7333333333333325
2013-09-09,07:24:39,3.0,4.26664670308431,6.666666666666668
2013-09-09,07:29:39,3.2,5.666653315226236,6.7333333333333325
2013-09-09,07:34:39,2.966666666666667,8.266642888387045,6.7333333333333325
2013-09-09,07:39:39,3.033333333333333,6.399984359741211,6.666666666666668
2013-09-09,07:44:39,3.333333333333333,6.399974822998048,6.7333333333333325
2013-09-09,07:49:39,3.0,6.466649373372396,6.6
2013-09-09,07:54:39,3.0,5.499986239842007,6.642857142857142
2013-09-09,07:59:39,3.2142857142857144,6.6428456987653455,6.642857142857142
2013-09-09,08:04:39,3.0,6.142841066632952,6.7142857142857135
2013-09-09,08:09:39,3.0,4.999985013689314,6.571428571428571
2013-09-09,08:14:40,3.266666666666667,7.133309046427411,6.7333333333333325
2013-09-09,08:19:40,3.1,7.199983596801758,7.0
2013-09-09,08:24:40,3.0,6.599982579549152,6.8
2013-09-09,08:29:40,3.266666666666667,5.666646957397461,6.7333333333333325
2013-09-09,08:34:40,3.0,4.4666512807210275,6.666666666666668
2013-09-09,08:39:40,3.0,4.199981689453125,6.7333333333333325
2013-09-09,08:44:40,3.3,6.666647593180337,6.8
2013-09-09,08:49:40,3.0,7.533315022786459,6.666666666666668
2013-09-09,08:54:40,3.066666666666667,5.866641998291016,6.7333333333333325
2013-09-09,08:59:40,3.166666666666667,5.79997698465983,6.866666666666666
2013-09-09,09:04:40,2.933333333333333,6.333319346110028,6.666666666666668
2013-09-09,09:09:40,2.933333333333333,5.333321889241537,6.866666666666666
2013-09-09,09:14:40,3.3666666666666667,7.466650009155273,7.133333333333334
2013-09-09,09:19:40,3.1,9.266643524169922,6.8
2013-09-09,09:24:40,3.033333333333333,6.733315785725911,6.8
2013-09-09,09:29:40,3.333333333333333,5.066658655802409,6.933333333333334
2013-09-09,09:34:40,3.0,6.3333161671956395,6.8
2013-09-09,09:39:40,3.0,5.333321889241537,6.8
2013-09-09,09:44:40,3.333333333333333,6.999975840250651,6.6
2013-09-09,09:49:40,3.0,7.599986394246421,6.533333333333332
2013-09-09,09:54:40,2.9,5.866657892862957,6.6
2013-09-09,09:59:40,3.266666666666667,7.066650390625,6.666666666666668
2013-09-09,10:04:40,3.033333333333333,8.19997469584147,6.666666666666668
2013-09-09,10:09:40,3.0,7.399978637695312,6.866666666666666
2013-09-09,10:14:40,3.233333333333333,7.266642252604166,7.066666666666666
2013-09-09,10:19:40,3.066666666666667,6.866642634073893,6.8
2013-09-09,10:24:41,3.0,5.933319727579754,6.7333333333333325
2013-09-09,10:29:41,3.233333333333333,5.933316548665365,6.933333333333334
2013-09-09,10:34:41,3.0,5.466648737589518,6.7333333333333325
2013-09-09,10:39:41,2.966666666666667,5.533326466878254,6.666666666666668
2013-09-09,10:44:41,3.266666666666667,6.599969863891602,6.7333333333333325
2013-09-09,10:49:41,3.033333333333333,5.93331019083659,6.866666666666666
2013-09-09,10:54:41,3.1,4.933322270711263,6.6
2013-09-09,10:59:41,3.233333333333333,5.666646957397461,6.7333333333333325
2013-09-09,11:09:41,3.033333333333333,4.866660435994466,6.866666666666666
2013-09-09,11:14:41,3.3666666666666667,4.4666512807210275,6.866666666666666
2013-09-09,11:19:41,3.1,6.999985376993817,6.666666666666668
2013-09-09,11:24:41,3.0,4.266649881998697,6.7333333333333325
2013-09-09,11:29:41,3.2,5.133320490519206,7.0
2013-09-09,11:34:41,3.0,4.4666512807210275,7.0
2013-09-09,11:39:41,3.0,7.133324940999347,6.933333333333334
2013-09-09,11:44:41,3.333333333333333,8.799982070922852,6.866666666666666
2013-09-09,11:49:41,3.0,10.266650517781576,6.933333333333334
2013-09-09,11:54:41,2.966666666666667,5.13331413269043,6.666666666666668
2013-09-09,11:59:41,3.233333333333333,5.733311971028645,6.7333333333333325
2013-09-09,12:04:41,3.0,7.466646830240885,6.666666666666668
2013-09-09,12:09:42,3.0,6.066646575927734,6.866666666666666
2013-09-09,12:14:42,3.166666666666667,4.866650899251302,6.666666666666668
2013-09-09,12:19:42,3.033333333333333,6.133305231730144,6.666666666666668
2013-09-09,12:24:42,3.0,6.199979782104492,6.8
2013-09-09,12:29:42,3.333333333333333,4.933319091796875,6.866666666666666
2013-09-09,12:34:42,3.0,7.466653188069662,6.6
2013-09-09,12:39:42,3.0,5.866641998291016,6.8
2013-09-09,12:44:42,3.333333333333333,6.399974822998048,6.8
2013-09-09,12:49:42,3.033333333333333,5.333315531412761,6.8
2013-09-09,12:54:42,3.033333333333333,4.466644922892252,6.7333333333333325
2013-09-09,12:59:42,3.2,7.4666404724121085,6.8
2013-09-09,13:04:42,3.0,7.3999818166097,6.8
2013-09-09,13:09:42,3.0,5.066649119059244,6.7333333333333325
2013-09-09,13:14:42,3.333333333333333,5.199995040893555,6.6
2013-09-09,13:19:42,3.1,5.666643778483072,6.7333333333333325
2013-09-09,13:24:42,3.066666666666667,7.266645431518555,6.666666666666668
2013-09-09,13:29:42,3.1333333333333333,6.199979782104492,6.7333333333333325
2013-09-09,13:34:42,3.0,7.933317820231118,6.666666666666668
2013-09-09,13:39:42,3.0,6.999988555908203,6.7333333333333325
2013-09-09,13:44:42,3.3,5.999975204467773,6.866666666666666
2013-09-09,13:49:42,3.033333333333333,7.2666581471761065,6.8
2013-09-09,13:54:42,2.933333333333333,5.466655095418293,7.0
2013-09-09,13:59:42,3.266666666666667,4.799973169962565,6.866666666666666
2013-09-09,14:04:42,3.0,6.466655731201172,6.666666666666668
2013-09-09,14:09:42,3.0,5.9999847412109375,6.666666666666668
2013-09-09,14:14:42,3.266666666666667,6.133321126302082,6.866666666666666
2013-09-09,14:19:42,4.566666666666666,8.999977111816406,8.666666666666666
2013-09-09,14:24:42,3.0,6.799983978271484,7.0
2013-09-09,14:29:42,3.2,5.866657892862957,7.2
2013-09-09,14:34:42,3.0,8.19997787475586,6.8
2013-09-09,14:39:42,2.966666666666667,4.199981689453125,6.8
2013-09-09,14:44:42,3.3,5.266656875610352,7.2
2013-09-09,14:49:42,3.0,7.399969100952148,7.066666666666666
2013-09-09,14:54:42,3.0,4.799985885620117,6.933333333333334
2013-09-09,14:59:43,3.233333333333333,6.866645812988281,7.133333333333334
2013-09-09,15:04:43,3.0,6.99997901916504,6.933333333333334
2013-09-09,15:09:43,3.0,6.06665293375651,6.933333333333334
2013-09-09,15:14:43,3.266666666666667,7.066640853881837,6.8
2013-09-09,15:19:43,3.066666666666667,7.399978637695312,6.8
2013-09-09,15:24:43,3.0,5.533323287963867,6.666666666666668
2013-09-09,15:29:43,3.266666666666667,6.199979782104492,6.666666666666668
2013-09-09,15:34:43,3.0,6.266647974650065,6.7333333333333325
2013-09-09,15:39:43,3.0,6.466655731201172,6.6
2013-09-09,15:44:43,3.266666666666667,7.799978256225586,6.533333333333332
2013-09-09,15:49:43,3.0,4.799985885620117,6.6
2013-09-09,15:54:43,3.033333333333333,6.066649754842123,7.0
2013-09-09,15:59:43,3.633333333333333,6.399974822998048,8.8
2013-09-09,16:04:43,3.333333333333333,7.399978637695312,9.266666666666667
2013-09-09,16:09:43,3.2,6.199989318847656,9.466666666666667
2013-09-09,16:14:43,3.566666666666667,6.999975840250651,9.333333333333334
2013-09-09,16:19:43,3.333333333333333,8.799982070922852,9.133333333333333
2013-09-09,16:24:43,3.433333333333333,5.399971008300781,9.266666666666667
2013-09-09,16:29:43,3.633333333333333,4.199978510538736,9.333333333333334
2013-09-09,16:34:43,3.333333333333333,6.799983978271484,9.4
2013-09-09,16:39:43,3.3666666666666667,5.399980545043945,9.333333333333334
2013-09-09,16:44:43,3.666666666666667,7.799978256225586,9.4
2013-09-09,16:49:43,3.466666666666667,6.333325703938803,9.266666666666667
2013-09-09,16:54:43,3.333333333333333,6.99997901916504,9.266666666666667
2013-09-09,16:59:43,3.6,6.86664899190267,8.933333333333334
2013-09-09,17:04:43,3.233333333333333,7.599983215332032,9.4
2013-09-09,17:09:43,3.3666666666666667,5.46666145324707,9.333333333333334
2013-09-09,17:14:43,3.666666666666667,7.199983596801758,9.733333333333333
2013-09-09,17:19:43,3.3,8.333314259847006,9.4
2013-09-09,17:24:43,3.2,8.19997787475586,9.4
2013-09-09,17:29:43,3.566666666666667,5.999975204467773,9.333333333333334
2013-09-09,17:34:43,3.733333333333333,9.533319473266602,9.066666666666666
2013-09-09,17:39:43,3.4,7.399978637695312,8.8
2013-09-09,17:44:43,3.566666666666667,5.9999847412109375,8.8
2013-09-09,17:49:43,3.1333333333333333,6.199989318847656,8.8
2013-09-09,17:54:43,3.2,6.199979782104492,8.533333333333333
2013-09-09,17:59:43,3.5,5.399980545043945,8.4
2013-09-09,18:04:43,3.333333333333333,5.799989700317383,8.6
2013-09-09,18:09:43,3.3,5.733311971028645,8.666666666666666
2013-09-09,18:14:43,3.666666666666667,6.866652170817058,9.0
2013-09-09,18:19:43,3.3666666666666667,6.599979400634766,8.733333333333333
2013-09-09,18:24:43,3.466666666666667,9.133303960164389,11.133333333333333
2013-09-09,18:29:43,3.7,6.266660690307617,14.266666666666667
2013-09-09,18:34:43,3.5,6.533327102661132,17.333333333333332
2013-09-09,18:39:43,3.466666666666667,5.466642379760742,19.066666666666666
2013-09-09,18:44:43,3.833333333333333,7.399978637695312,18.933333333333334
2013-09-09,18:49:43,3.5,5.9999847412109375,18.866666666666667
2013-09-09,18:54:44,3.5,5.466658274332682,18.866666666666667
2013-09-09,18:59:44,3.666666666666667,5.933316548665365,17.333333333333332
2013-09-09,19:04:44,3.433333333333333,6.466649373372396,17.666666666666668
2013-09-09,19:09:44,3.5,6.466646194458008,18.8
2013-09-09,19:14:44,4.2,9.39997673034668,18.933333333333334
2013-09-09,19:19:44,3.6,7.266645431518555,18.266666666666666
2013-09-09,19:24:44,3.433333333333333,5.799989700317383,18.53333333333333
2013-09-09,19:29:44,3.8666666666666663,4.5999908447265625,18.666666666666668
2013-09-09,19:34:44,3.5,7.066647211710614,18.666666666666668
2013-09-09,19:39:44,3.5,5.999987920125326,18.4
2013-09-09,19:44:44,3.7,6.333319346110028,18.2
2013-09-09,19:49:44,3.5,7.066640853881837,18.4
2013-09-09,19:54:44,3.433333333333333,5.799980163574219,18.6
2013-09-09,19:59:44,3.8,6.133321126302082,17.133333333333333
2013-09-09,20:04:44,3.5,10.999968846639,17.4
2013-09-09,20:09:44,3.5,6.7333126068115225,17.933333333333334
2013-09-09,20:14:44,3.633333333333333,5.999981562296551,17.533333333333335
2013-09-09,20:19:44,3.533333333333333,8.333311080932617,17.6
2013-09-09,20:24:44,3.5,5.333318710327148,17.866666666666667
2013-09-09,20:29:44,3.8,4.199984868367513,17.733333333333334
2013-09-09,20:34:44,3.433333333333333,5.933322906494141,17.666666666666668
2013-09-09,20:39:44,3.5,4.333321253458658,17.666666666666668
2013-09-09,20:44:44,3.766666666666667,6.266654332478843,17.533333333333335
2013-09-09,20:49:44,3.5,7.799990971883136,17.466666666666665
2013-09-09,20:54:44,3.5,8.533312479654947,17.933333333333334
2013-09-09,20:59:44,3.666666666666667,5.533313751220703,16.466666666666665
2013-09-09,21:04:44,3.8,6.399984359741211,16.133333333333333
2013-09-09,21:09:44,3.5,5.9999847412109375,15.466666666666667
2013-09-09,21:14:44,3.733333333333333,5.199979146321613,15.866666666666667
2013-09-09,21:19:44,3.533333333333333,7.199983596801758,15.666666666666664
2013-09-09,21:24:44,3.433333333333333,6.133305231730144,15.533333333333333
2013-09-09,21:29:44,3.666666666666667,7.7999814351399746,15.6
2013-09-09,21:34:44,3.466666666666667,7.266654968261718,15.8
2013-09-09,21:39:44,3.433333333333333,6.466643015543622,15.733333333333333
2013-09-09,21:44:44,3.8,8.533306121826172,15.933333333333335
2013-09-09,21:49:45,3.3,5.866641998291016,15.8
2013-09-09,21:54:45,3.466666666666667,5.466645558675131,15.666666666666664
2013-09-09,21:59:45,4.766666666666667,6.933307647705078,14.6
2013-09-09,22:04:45,3.466666666666667,12.266648610432945,14.533333333333333
2013-09-09,22:09:45,3.4,6.266644795735678,15.6
2013-09-09,22:14:45,3.633333333333333,6.799983978271484,15.733333333333333
2013-09-09,22:19:45,3.466666666666667,7.066647211710614,15.666666666666664
2013-09-09,22:24:45,3.5,5.799980163574219,15.733333333333333
2013-09-09,22:29:45,3.633333333333333,5.933313369750977,15.533333333333333
2013-09-09,22:34:45,3.466666666666667,8.466647466023764,15.666666666666664
2013-09-09,22:39:45,3.3666666666666667,7.733316421508789,15.733333333333333
2013-09-09,22:44:45,3.733333333333333,5.733305613199869,15.266666666666667
2013-09-09,22:49:45,3.4,6.266654332478843,15.0
2013-09-09,22:54:45,3.4,5.666643778483072,15.0
2013-09-09,22:59:45,3.966666666666667,6.333312988281251,13.666666666666664
2013-09-09,23:04:45,3.4,7.866640090942383,12.866666666666667
2013-09-09,23:09:45,3.5,3.9999802907307953,13.666666666666664
2013-09-09,23:14:45,3.733333333333333,5.0666459401448565,13.8
2013-09-09,23:19:45,3.466666666666667,5.666653315226236,13.666666666666664
2013-09-09,23:24:45,3.3666666666666667,6.7333126068115225,13.733333333333333
2013-09-09,23:29:45,3.766666666666667,5.06665547688802,14.0
2013-09-09,23:34:45,3.433333333333333,6.933307647705078,13.866666666666667
2013-09-09,23:39:45,3.433333333333333,3.9999739329020185,13.8
2013-09-09,23:44:45,3.666666666666667,5.599978764851887,13.666666666666664
2013-09-09,23:49:45,3.4,6.7333221435546875,13.933333333333335
2013-09-09,23:54:45,3.5,4.666655858357748,13.933333333333335
2013-09-09,23:59:45,3.7,6.199986139933268,12.933333333333335
2013-09-10,00:04:45,3.433333333333333,6.799987157185873,13.0
2013-09-10,00:09:45,3.466666666666667,4.399983088175455,13.6
2013-09-10,00:14:45,3.7,9.66663678487142,13.466666666666667
2013-09-10,00:19:45,3.4,6.533311208089193,13.133333333333333
2013-09-10,00:24:45,3.333333333333333,4.666646321614584,12.933333333333335
2013-09-10,00:29:45,3.666666666666667,7.066644032796225,12.666666666666664
2013-09-10,00:34:45,3.3,7.866649627685547,12.6
2013-09-10,00:39:46,3.4,4.266649881998697,12.333333333333336
2013-09-10,00:44:46,3.666666666666667,5.533323287963867,12.133333333333333
2013-09-10,00:49:46,3.3,5.466642379760742,12.0
2013-09-10,00:54:46,3.233333333333333,4.066638946533203,11.866666666666667
2013-09-10,00:59:46,3.466666666666667,6.866652170817058,10.866666666666667
2013-09-10,01:04:46,3.3666666666666667,12.733306884765625,10.266666666666667
2013-09-10,01:09:46,3.3666666666666667,6.3333161671956395,10.666666666666666
2013-09-10,01:14:46,3.766666666666667,5.399983723958334,10.666666666666666
2013-09-10,01:19:46,3.466666666666667,6.799980799357096,10.2
2013-09-10,01:24:46,3.4,6.799980799357096,10.4
2013-09-10,01:29:46,3.666666666666667,5.266656875610352,10.333333333333334
2013-09-10,01:34:46,3.5,7.066644032796225,10.266666666666667
2013-09-10,01:39:45,3.3666666666666667,7.999976476033527,10.333333333333334
2013-09-10,01:44:45,3.566666666666667,5.466645558675131,10.266666666666667
2013-09-10,01:49:45,3.333333333333333,5.466655095418293,10.0
2013-09-10,01:54:45,3.333333333333333,9.133310317993164,10.0
2013-09-10,01:59:45,3.533333333333333,6.866655349731446,9.466666666666667
2013-09-10,02:04:45,3.533333333333333,8.4666379292806,9.733333333333333
2013-09-10,02:09:45,3.266666666666667,6.733315785725911,10.0
2013-09-10,02:14:46,3.566666666666667,6.6666412353515625,10.4
2013-09-10,02:19:46,3.3666666666666667,6.733303070068359,9.933333333333334
2013-09-10,02:24:46,3.333333333333333,6.466646194458008,10.2
2013-09-10,02:29:46,3.633333333333333,6.59998575846354,10.133333333333333
2013-09-10,02:34:46,3.3666666666666667,6.933317184448243,10.0
2013-09-10,02:39:46,3.433333333333333,5.0666459401448565,10.2
2013-09-10,02:44:46,3.733333333333333,9.333318074544271,10.0
2013-09-10,02:49:46,3.433333333333333,7.133312225341797,10.0
2013-09-10,02:54:46,3.3,4.866641362508139,9.933333333333334
2013-09-10,02:59:46,3.633333333333333,6.866642634073893,9.466666666666667
2013-09-10,03:04:46,3.3666666666666667,7.5999800364176435,9.6
2013-09-10,03:09:46,3.4,4.9333254496256504,10.333333333333334
2013-09-10,03:14:46,3.666666666666667,4.266643524169922,10.133333333333333
2013-09-10,03:19:46,3.3666666666666667,7.399978637695312,10.133333333333333
2013-09-10,03:24:46,3.3666666666666667,5.533323287963867,10.2
2013-09-10,03:29:46,3.7,6.199973424275717,9.933333333333334
2013-09-10,03:34:46,3.4,9.399967193603516,10.2
2013-09-10,03:39:46,3.5,6.13331158955892,10.133333333333333
2013-09-10,03:44:46,3.7,5.333318710327148,10.2
2013-09-10,03:49:46,3.466666666666667,6.333312988281251,10.133333333333333
2013-09-10,03:54:46,3.433333333333333,5.666650136311848,10.0
2013-09-10,03:59:46,3.7,5.79997698465983,9.533333333333333
2013-09-10,04:04:46,3.466666666666667,6.066649754842123,9.6
2013-09-10,04:09:46,3.466666666666667,4.799985885620117,10.066666666666666
2013-09-10,04:14:46,3.6,5.399983723958334,10.333333333333334
2013-09-10,04:19:46,3.533333333333333,9.999980926513672,10.0
2013-09-10,04:24:46,3.466666666666667,7.399978637695312,10.066666666666666
2013-09-10,04:29:46,3.6,5.53331693013509,10.333333333333334
2013-09-10,04:34:46,3.333333333333333,6.399984359741211,10.066666666666666
2013-09-10,04:39:46,3.4,5.399980545043945,9.933333333333334
2013-09-10,04:44:46,3.633333333333333,4.733327229817708,10.2
2013-09-10,04:49:47,3.3666666666666667,7.199974060058594,10.066666666666666
2013-09-10,04:54:47,4.033333333333333,7.466650009155273,10.0
2013-09-10,04:59:47,3.5,8.266646067301432,9.466666666666667
2013-09-10,05:04:47,3.466666666666667,8.999980290730795,9.866666666666667
2013-09-10,05:09:47,3.3666666666666667,7.399978637695312,10.266666666666667
2013-09-10,05:14:47,3.666666666666667,8.399991989135742,10.2
2013-09-10,05:19:47,3.433333333333333,7.399978637695312,10.266666666666667
2013-09-10,05:24:47,3.4,5.199975967407227,10.266666666666667
2013-09-10,05:29:47,3.733333333333333,4.533313115437824,10.333333333333334
2013-09-10,05:34:47,3.433333333333333,6.799983978271484,10.133333333333333
2013-09-10,05:39:47,3.3666666666666667,5.599985122680664,10.266666666666667
2013-09-10,05:44:47,3.633333333333333,6.13331158955892,10.133333333333333
2013-09-10,05:49:47,3.433333333333333,8.799991607666016,10.0
2013-09-10,05:54:47,3.3666666666666667,6.399984359741211,10.0
2013-09-10,05:59:47,3.666666666666667,6.399981180826825,9.466666666666667
2013-09-10,06:04:47,3.3666666666666667,7.79998779296875,9.666666666666666
2013-09-10,06:09:47,3.2,7.199983596801758,10.2
2013-09-10,06:14:47,3.633333333333333,6.3333066304524746,10.4
2013-09-10,06:19:47,3.466666666666667,7.599973678588867,10.2
2013-09-10,06:24:47,3.266666666666667,5.53331693013509,10.2
2013-09-10,06:29:47,3.533333333333333,6.399974822998048,10.333333333333334
2013-09-10,06:34:47,3.233333333333333,4.799985885620117,10.2
2013-09-10,06:39:47,3.4,5.066652297973633,10.066666666666666
2013-09-10,06:44:47,3.7,6.599979400634766,10.266666666666667
2013-09-10,06:49:47,3.333333333333333,6.53331438700358,10.066666666666666
2013-09-10,06:54:47,3.3,7.399988174438477,10.0
2013-09-10,06:59:47,3.566666666666667,6.799974441528319,9.466666666666667
2013-09-10,07:04:47,3.333333333333333,8.799982070922852,9.6
2013-09-10,07:09:47,3.4,5.399980545043945,10.066666666666666
2013-09-10,07:14:47,3.666666666666667,6.399984359741211,10.266666666666667
2013-09-10,07:19:47,3.3666666666666667,5.599985122680664,10.333333333333334
2013-09-10,07:24:48,3.466666666666667,4.799989064534505,10.266666666666667
2013-09-10,07:29:48,3.766666666666667,6.799974441528319,10.4
2013-09-10,07:34:48,3.433333333333333,5.199985504150391,10.2
2013-09-10,07:39:48,3.3,6.133308410644531,10.266666666666667
2013-09-10,07:44:48,3.633333333333333,7.999982833862304,10.333333333333334
2013-09-10,07:49:48,3.4,6.6666444142659484,10.066666666666666
2013-09-10,07:54:48,3.433333333333333,4.666649500528972,10.066666666666666
2013-09-10,07:59:48,3.633333333333333,5.9999847412109375,9.533333333333333
2013-09-10,08:04:48,3.3,4.5999908447265625,9.666666666666666
2013-09-10,08:09:48,3.166666666666667,5.799980163574219,10.0
2013-09-10,08:14:48,3.7,5.06665547688802,10.333333333333334
2013-09-10,08:19:48,3.433333333333333,5.733315149943033,10.2
2013-09-10,08:24:48,3.333333333333333,5.933316548665365,10.2
2013-09-10,08:29:48,3.666666666666667,7.733316421508789,10.333333333333334
2013-09-10,08:34:48,3.4,7.46663729349772,10.2
2013-09-10,08:39:48,3.3666666666666667,7.799978256225586,10.133333333333333
2013-09-10,08:44:48,3.666666666666667,5.999981562296551,10.333333333333334
2013-09-10,08:49:48,3.4,7.93330192565918,10.133333333333333
2013-09-10,08:54:48,3.3,6.86664899190267,10.0
2013-09-10,08:59:48,3.666666666666667,6.799983978271484,9.533333333333333
2013-09-10,09:04:48,3.5,6.399974822998048,9.6
2013-09-10,09:09:48,3.433333333333333,3.799982070922851,10.066666666666666
2013-09-10,09:14:48,3.666666666666667,4.866641362508139,10.2
2013-09-10,09:19:48,3.3,6.999988555908203,10.133333333333333
2013-09-10,09:24:48,3.333333333333333,5.866648356119793,10.2
2013-09-10,09:29:48,3.7,5.799992879231771,10.333333333333334
2013-09-10,09:34:49,3.4,7.79998779296875,10.2
2013-09-10,09:39:49,3.2,4.599981307983398,10.133333333333333
2013-09-10,09:44:49,3.633333333333333,5.1333173116048165,10.333333333333334
2013-09-10,09:49:49,3.333333333333333,5.466648737589518,10.066666666666666
2013-09-10,09:54:49,3.3,5.8666451772054025,10.0
2013-09-10,09:59:49,3.6,5.999981562296551,9.533333333333333
2013-09-10,10:04:49,3.333333333333333,6.466649373372396,9.6
2013-09-10,10:09:49,3.333333333333333,8.133309682210287,10.333333333333334
2013-09-10,10:14:49,3.633333333333333,8.266639709472656,10.533333333333333
2013-09-10,10:19:49,3.466666666666667,7.599973678588867,10.133333333333333
2013-09-10,10:24:49,3.166666666666667,6.933307647705078,10.133333333333333
2013-09-10,10:29:49,3.633333333333333,7.599973678588867,11.266666666666667
2013-09-10,10:34:49,3.3,7.266654968261718,11.333333333333336
2013-09-10,10:39:49,3.433333333333333,5.333309173583984,11.2
2013-09-10,10:44:49,3.666666666666667,5.666656494140625,11.466666666666667
2013-09-10,10:49:48,3.433333333333333,6.799980799357096,11.133333333333333
2013-09-10,10:54:48,3.3666666666666667,6.266644795735678,11.0
2013-09-10,10:59:48,3.666666666666667,7.999973297119141,10.266666666666667
2013-09-10,11:04:49,4.5,13.26664606730143,10.266666666666667
2013-09-10,11:09:49,3.3,12.266648610432945,10.666666666666666
2013-09-10,11:14:49,3.5,8.199987411499023,10.8
2013-09-10,11:19:49,3.266666666666667,7.79998779296875,10.666666666666666
2013-09-10,11:24:49,3.3,5.5999819437662754,10.733333333333333
2013-09-10,11:29:49,3.666666666666667,6.133308410644531,10.6
2013-09-10,11:34:49,3.433333333333333,8.533315658569336,10.2
2013-09-10,11:39:49,3.333333333333333,7.933308283487955,10.2
2013-09-10,11:44:49,3.666666666666667,7.266651789347329,10.4
2013-09-10,11:49:49,3.433333333333333,7.933311462402344,10.133333333333333
2013-09-10,11:54:49,3.3666666666666667,8.799975713094076,10.0
2013-09-10,11:59:49,3.566666666666667,6.399984359741211,9.466666666666667
2013-09-10,12:04:49,3.333333333333333,7.933311462402344,9.666666666666666
2013-09-10,12:09:49,3.3666666666666667,5.733321507771809,10.2
2013-09-10,12:14:49,3.7,7.266651789347329,10.266666666666667
2013-09-10,12:19:49,3.433333333333333,7.333307266235352,10.2
2013-09-10,12:24:49,3.3666666666666667,6.533317565917969,10.266666666666667
2013-09-10,12:29:49,3.633333333333333,5.466642379760742,10.333333333333334
2013-09-10,12:34:49,3.3666666666666667,6.933317184448243,10.133333333333333
2013-09-10,12:39:49,3.433333333333333,6.999982198079429,10.133333333333333
2013-09-10,12:44:49,3.766666666666667,7.533308664957682,10.333333333333334
2013-09-10,12:49:49,3.4,7.066650390625,10.066666666666666
2013-09-10,12:54:49,3.2,4.999980926513672,10.0
2013-09-10,12:59:49,3.566666666666667,5.666653315226236,9.466666666666667
2013-09-10,13:04:49,3.433333333333333,7.533321380615235,9.333333333333334
2013-09-10,13:09:49,3.433333333333333,6.333312988281251,9.8
2013-09-10,13:14:49,3.666666666666667,5.999981562296551,9.666666666666666
2013-09-10,13:19:49,3.433333333333333,7.266645431518555,10.2
2013-09-10,13:24:49,3.4,7.133302688598634,10.133333333333333
2013-09-10,13:29:50,3.7,9.799985885620117,10.4
2013-09-10,13:34:50,3.4,8.19997787475586,10.266666666666667
2013-09-10,13:39:50,3.3,6.533317565917969,10.266666666666667
2013-09-10,13:44:50,3.566666666666667,5.5999819437662754,10.333333333333334
2013-09-10,13:49:50,3.466666666666667,7.599989573160809,10.133333333333333
2013-09-10,13:54:50,3.466666666666667,5.733318328857422,9.933333333333334
2013-09-10,13:59:50,3.666666666666667,7.866643269856771,9.4
2013-09-10,14:04:50,3.3666666666666667,7.199986775716144,9.666666666666666
2013-09-10,14:09:50,3.3666666666666667,5.2666441599528,10.266666666666667
2013-09-10,14:14:50,3.766666666666667,6.666647593180337,10.466666666666667
2013-09-10,14:19:50,3.5,10.066649119059244,10.4
2013-09-10,14:24:50,3.4,5.266653696695964,10.133333333333333
2013-09-10,14:29:50,3.633333333333333,5.799980163574219,10.333333333333334
2013-09-10,14:34:50,3.3666666666666667,8.133312861124674,10.133333333333333
2013-09-10,14:39:50,3.433333333333333,5.93331019083659,10.266666666666667
2013-09-10,14:44:50,3.7,7.599983215332032,10.333333333333334
2013-09-10,14:49:50,3.3666666666666667,7.799984614054361,10.066666666666666
2013-09-10,14:54:50,3.333333333333333,5.399980545043945,10.0
2013-09-10,14:59:50,3.966666666666667,5.799986521402996,9.533333333333333
2013-09-10,15:04:50,3.5,5.666656494140625,9.066666666666666
2013-09-10,15:09:50,3.3666666666666667,5.333321889241537,9.6
2013-09-10,15:14:50,3.6,6.733315785725911,9.666666666666666
2013-09-10,15:19:50,3.433333333333333,7.066650390625,9.6
2013-09-10,15:24:50,3.4,5.93331019083659,9.933333333333334
2013-09-10,15:29:50,3.7,7.333316802978515,11.333333333333336
2013-09-10,15:34:50,3.433333333333333,6.733315785725911,10.0
2013-09-10,15:39:50,3.333333333333333,5.533304214477539,10.133333333333333
2013-09-10,15:44:50,3.7,5.399983723958334,10.533333333333333
2013-09-10,15:49:50,3.433333333333333,7.333319981892903,12.066666666666665
2013-09-10,15:54:50,3.5,6.466649373372396,12.466666666666667
2013-09-10,15:59:50,3.733333333333333,7.199989954630532,11.333333333333336
2013-09-10,16:04:50,3.333333333333333,7.266648610432941,11.0
2013-09-10,16:09:50,3.4,4.866647720336914,11.133333333333333
2013-09-10,16:14:50,3.733333333333333,4.866647720336914,11.6
2013-09-10,16:19:50,3.5,7.133321762084961,11.333333333333336
2013-09-10,16:24:50,3.433333333333333,4.666649500528972,11.333333333333336
2013-09-10,16:29:51,3.7,5.86665153503418,11.466666666666667
2013-09-10,16:34:51,3.466666666666667,6.399978001912436,11.266666666666667
2013-09-10,16:39:51,3.433333333333333,5.466642379760742,11.066666666666665
2013-09-10,16:44:51,3.733333333333333,5.066652297973633,11.4
2013-09-10,16:49:51,3.466666666666667,8.799988428751627,11.066666666666665
2013-09-10,16:54:51,3.433333333333333,7.533321380615235,11.266666666666667
2013-09-10,16:59:51,3.666666666666667,5.866654713948568,10.533333333333333
2013-09-10,17:04:51,3.433333333333333,6.199970245361328,10.933333333333335
2013-09-10,17:09:51,3.4,6.266651153564454,11.2
2013-09-10,17:14:51,3.633333333333333,6.333312988281251,11.466666666666667
2013-09-10,17:19:51,3.466666666666667,7.466650009155273,11.333333333333336
2013-09-10,17:24:51,3.5,5.1333173116048165,11.4
2013-09-10,17:29:51,3.7,5.666646957397461,11.4
2013-09-10,17:34:51,3.4,6.7333126068115225,11.333333333333336
2013-09-10,17:39:51,3.4,6.999991734822592,11.266666666666667
2013-09-10,17:44:51,3.633333333333333,6.933320363362632,11.266666666666667
2013-09-10,17:49:51,4.666666666666667,12.199970881144203,11.4
2013-09-10,17:54:51,8.533333333333333,14.666639963785805,100.0
2013-09-10,17:59:51,8.333333333333334,8.79998524983724,37.8
2013-09-10,18:04:51,9.466666666666667,8.999973932902018,100.0
2013-09-10,18:09:51,6.066666666666666,6.06665293375651,41.4
2013-09-10,18:14:51,6.633333333333334,8.133316040039062,39.66666666666666
2013-09-10,18:19:51,6.5,9.19997533162435,39.4
2013-09-10,18:24:51,6.2333333333333325,10.066642761230469,39.266666666666666
2013-09-10,18:29:51,6.833333333333334,7.133318583170572,39.8
2013-09-10,18:34:51,6.4,7.599976857503256,37.6
2013-09-10,18:39:51,6.666666666666666,6.666650772094726,37.53333333333333
2013-09-10,18:44:51,6.4,7.666645050048829,36.2
2013-09-10,18:49:51,6.4,8.26664924621582,36.2
2013-09-10,18:54:51,6.0,8.133309682210287,35.73333333333333
2013-09-10,18:59:51,6.3,7.533321380615235,35.266666666666666
2013-09-10,19:04:51,6.033333333333334,7.799978256225586,35.0
2013-09-10,19:09:51,6.033333333333334,9.399979909261068,35.13333333333333
2013-09-10,19:14:51,6.2666666666666675,8.133319218953451,35.266666666666666
2013-09-10,19:19:51,6.066666666666666,8.13330332438151,35.06666666666667
2013-09-10,19:24:51,6.0,5.399980545043945,35.13333333333333
2013-09-10,19:29:52,6.366666666666666,6.3333161671956395,35.06666666666667
2013-09-10,19:34:52,6.0,6.199973424275717,35.2
2013-09-10,19:39:52,6.0,7.933320999145507,35.06666666666667
2013-09-10,19:44:52,6.4,8.533318837483723,35.06666666666667
2013-09-10,19:49:51,6.0,7.599983215332032,35.13333333333333
2013-09-10,19:54:51,6.033333333333334,9.59997812906901,35.13333333333333
2013-09-10,19:59:51,6.366666666666666,8.533312479654947,35.13333333333333
2013-09-10,20:04:51,6.0,8.133325576782227,35.06666666666667
2013-09-10,20:09:51,6.066666666666666,5.799980163574219,35.0
2013-09-10,20:14:51,6.366666666666666,6.199989318847656,35.4
2013-09-10,20:19:51,6.066666666666666,6.799993515014649,35.06666666666667
2013-09-10,20:24:51,6.0,7.999982833862304,35.2
2013-09-10,20:29:51,6.666666666666666,6.799974441528319,35.266666666666666
2013-09-10,20:34:52,6.1,6.733325322469076,34.4
2013-09-10,20:39:52,5.9,10.999975204467773,34.333333333333336
2013-09-10,20:44:52,5.9,7.999982833862304,34.06666666666667
2013-09-10,20:49:52,5.166666666666666,7.199983596801758,33.0
2013-09-10,20:54:52,5.066666666666666,5.199985504150391,32.8
2013-09-10,20:59:52,5.433333333333334,4.799985885620117,33.0
2013-09-10,21:04:52,5.133333333333334,7.333319981892903,32.8
2013-09-10,21:09:52,5.266666666666667,7.266654968261718,32.53333333333333
2013-09-10,21:14:52,5.5,8.333301544189453,32.86666666666667
2013-09-10,21:19:52,5.233333333333333,9.399986267089844,32.666666666666664
2013-09-10,21:24:52,5.3,9.066642125447592,32.666666666666664
2013-09-10,21:29:52,5.466666666666666,8.533315658569336,32.8
2013-09-10,21:34:52,5.066666666666666,8.399972915649414,32.666666666666664
2013-09-10,21:39:52,5.033333333333333,7.599992752075195,32.666666666666664
2013-09-10,21:44:52,5.533333333333334,7.399978637695312,32.8
2013-09-10,21:49:52,5.233333333333333,6.799993515014649,32.666666666666664
2013-09-10,21:54:52,5.3,5.799989700317383,32.666666666666664
2013-09-10,21:59:52,5.433333333333334,6.599979400634766,32.8
2013-09-10,22:04:52,5.2,5.799989700317383,32.666666666666664
2013-09-10,22:09:52,4.533333333333333,8.733320236206055,32.666666666666664
2013-09-10,22:14:52,3.633333333333333,8.999977111816406,32.8
2013-09-10,22:19:52,3.166666666666667,7.599983215332032,32.666666666666664
2013-09-10,22:24:52,3.033333333333333,5.999987920125326,32.666666666666664
2013-09-10,22:29:52,3.433333333333333,6.99997901916504,32.666666666666664
2013-09-10,22:34:52,3.1,7.599976857503256,32.73333333333333
2013-09-10,22:39:52,3.266666666666667,6.599979400634766,32.6
2013-09-10,22:44:53,3.4,6.066656112670898,32.73333333333333
2013-09-10,22:49:53,3.033333333333333,6.399984359741211,32.6
2013-09-10,22:54:53,3.1,5.199985504150391,32.6
2013-09-10,22:59:53,3.533333333333333,9.133313496907553,32.8
2013-09-10,23:04:53,3.1,8.799972534179688,32.666666666666664
2013-09-10,23:09:53,3.033333333333333,4.999980926513672,32.46666666666667
2013-09-10,23:14:53,3.466666666666667,6.3333161671956395,32.8
2013-09-10,23:19:53,3.166666666666667,5.799980163574219,32.6
2013-09-10,23:24:53,3.033333333333333,6.066640218098959,32.666666666666664
2013-09-10,23:29:53,3.566666666666667,8.066641489664713,32.73333333333333
2013-09-10,23:34:53,3.1,8.66663932800293,32.666666666666664
2013-09-10,23:39:53,3.166666666666667,6.599979400634766,32.666666666666664
2013-09-10,23:44:53,3.3666666666666667,6.266647974650065,32.8
2013-09-10,23:49:53,3.1333333333333333,8.99998664855957,32.666666666666664
2013-09-10,23:54:53,3.033333333333333,5.999975204467773,32.666666666666664
2013-09-10,23:59:53,3.3666666666666667,6.86664899190267,32.8
2013-09-11,00:04:53,3.166666666666667,8.19997787475586,32.666666666666664
2013-09-11,00:09:53,3.1333333333333333,5.399980545043945,32.666666666666664
2013-09-11,00:14:53,3.5,4.599984486897787,32.8
2013-09-11,00:19:53,3.1333333333333333,6.866655349731446,32.666666666666664
2013-09-11,00:24:53,3.1,4.533319473266602,32.6
2013-09-11,00:29:53,3.433333333333333,5.5999755859375,32.86666666666667
2013-09-11,00:34:53,3.233333333333333,8.19997787475586,32.666666666666664
2013-09-11,00:39:53,3.1333333333333333,6.9333140055338545,32.666666666666664
2013-09-11,00:44:53,3.466666666666667,6.266651153564454,32.8
2013-09-11,00:49:53,3.0,7.133309046427411,32.666666666666664
2013-09-11,00:54:53,3.1333333333333333,5.733308792114258,32.666666666666664
2013-09-11,00:59:53,3.5,6.666653951009114,32.8
2013-09-11,01:04:53,3.2,6.266644795735678,32.666666666666664
2013-09-11,01:09:53,3.033333333333333,4.933319091796875,32.666666666666664
2013-09-11,01:14:53,3.5,5.13331413269043,32.8
2013-09-11,01:19:53,3.1,6.799980799357096,32.6
2013-09-11,01:24:53,3.3,9.599974950154623,32.666666666666664
2013-09-11,01:29:53,3.4,7.199980417887369,32.73333333333333
2013-09-11,01:34:53,3.1,5.933316548665365,32.73333333333333
2013-09-11,01:39:54,3.3,5.599985122680664,32.666666666666664
2013-09-11,01:44:54,4.6,9.1999880472819,32.86666666666667
2013-09-11,01:49:54,3.1333333333333333,13.866640726725258,32.666666666666664
2013-09-11,01:54:54,3.266666666666667,7.666648228963218,32.666666666666664
2013-09-11,01:59:54,3.4,6.2666384379069004,32.8
2013-09-11,02:04:54,3.1333333333333333,7.666648228963218,32.666666666666664
2013-09-11,02:09:54,3.233333333333333,5.866661071777344,32.666666666666664
2013-09-11,02:14:54,3.6,9.133307139078777,33.0
2013-09-11,02:19:54,3.066666666666667,10.466636021931967,32.666666666666664
2013-09-11,02:24:54,3.0,5.999981562296551,32.666666666666664
2013-09-11,02:29:54,3.533333333333333,5.799986521402996,32.8
2013-09-11,02:34:54,3.1333333333333333,6.599979400634766,32.666666666666664
2013-09-11,02:39:54,3.1,4.399989446004231,32.666666666666664
2013-09-11,02:44:54,3.4,6.133314768473307,32.8
2013-09-11,02:49:54,3.0,8.066644668579102,32.666666666666664
2013-09-11,02:54:54,3.066666666666667,4.733317693074545,32.666666666666664
2013-09-11,02:59:54,3.533333333333333,9.733317693074545,32.8
2013-09-11,03:04:54,3.1,9.933319091796875,32.666666666666664
2013-09-11,03:09:54,3.033333333333333,6.133321126302082,32.6
2013-09-11,03:14:54,3.4,7.866636912027997,32.86666666666667
2013-09-11,03:19:54,3.2,8.866637547810873,32.666666666666664
2013-09-11,03:24:54,3.266666666666667,5.733308792114258,32.666666666666664
2013-09-11,03:29:54,3.4,5.533326466878254,32.8
2013-09-11,03:34:54,3.066666666666667,6.266647974650065,32.666666666666664
2013-09-11,03:39:54,3.0,5.799980163574219,32.666666666666664
2013-09-11,03:44:54,3.433333333333333,6.799987157185873,32.8
2013-09-11,03:49:54,3.3666666666666667,9.533306757609049,32.666666666666664
2013-09-11,03:54:54,3.1333333333333333,8.333311080932617,32.666666666666664
2013-09-11,03:59:54,3.4,5.933313369750977,32.8
2013-09-11,04:04:54,3.1,4.333314895629883,32.666666666666664
2013-09-11,04:09:54,3.066666666666667,3.799982070922851,32.666666666666664
2013-09-11,04:14:54,3.433333333333333,4.866650899251302,32.8
2013-09-11,04:19:54,3.1333333333333333,6.59998575846354,32.666666666666664
2013-09-11,04:24:54,3.0,6.466652552286783,32.666666666666664
2013-09-11,04:29:54,3.3666666666666667,5.399990081787109,32.8
2013-09-11,04:34:54,3.233333333333333,6.6666444142659484,32.666666666666664
2013-09-11,04:39:55,3.066666666666667,9.199981689453125,32.666666666666664
2013-09-11,04:44:55,3.433333333333333,5.733315149943033,32.8
2013-09-11,04:49:55,3.0,5.999987920125326,32.6
2013-09-11,04:54:54,3.8666666666666663,6.333309809366862,32.666666666666664
2013-09-11,04:59:54,3.433333333333333,10.466642379760742,32.73333333333333
2013-09-11,05:04:54,3.1333333333333333,6.799977620442708,32.666666666666664
2013-09-11,05:09:54,3.1333333333333333,4.733317693074545,32.666666666666664
2013-09-11,05:14:54,3.5,5.86665153503418,32.8
2013-09-11,05:19:54,3.2,5.999981562296551,32.666666666666664
2013-09-11,05:24:54,3.1,6.799987157185873,32.666666666666664
2013-09-11,05:29:54,3.3,8.199984232584635,32.8
2013-09-11,05:34:54,3.066666666666667,8.799978892008463,32.666666666666664
2013-09-11,05:39:54,3.1,5.599985122680664,32.73333333333333
2013-09-11,05:44:54,3.466666666666667,7.533321380615235,32.8
2013-09-11,05:49:54,3.1,7.666645050048829,32.666666666666664
2013-09-11,05:54:54,3.033333333333333,5.2666473388671875,32.666666666666664
2013-09-11,05:59:54,3.3666666666666667,5.799983342488606,32.8
2013-09-11,06:04:54,3.1333333333333333,6.599979400634766,32.6
2013-09-11,06:09:54,3.066666666666667,5.866654713948568,32.53333333333333
2013-09-11,06:14:54,3.5,7.799978256225586,32.86666666666667
2013-09-11,06:19:54,3.033333333333333,8.333307902018229,32.6
2013-09-11,06:24:54,3.0,5.466651916503906,32.6
2013-09-11,06:29:54,3.4,5.93331019083659,32.8
2013-09-11,06:34:54,3.033333333333333,6.866636276245116,32.6
2013-09-11,06:39:54,3.166666666666667,6.199979782104492,32.666666666666664
2013-09-11,06:44:54,3.433333333333333,5.466648737589518,32.73333333333333
2013-09-11,06:49:54,3.166666666666667,6.7333126068115225,32.46666666666667
2013-09-11,06:54:55,3.1,5.799983342488606,32.73333333333333
2013-09-11,06:59:55,3.6,5.86665153503418,32.8
2013-09-11,07:04:55,3.0,10.799980163574219,32.666666666666664
2013-09-11,07:09:55,3.0,5.266656875610352,32.666666666666664
2013-09-11,07:14:55,3.5,4.999990463256836,32.93333333333333
2013-09-11,07:19:55,3.1333333333333333,6.133317947387695,32.53333333333333
2013-09-11,07:24:55,3.033333333333333,5.133310953776041,32.666666666666664
2013-09-11,07:29:55,3.3666666666666667,6.466649373372396,32.73333333333333
2013-09-11,07:34:55,3.066666666666667,7.333316802978515,32.53333333333333
2013-09-11,07:39:55,3.033333333333333,4.933315912882486,32.666666666666664
2013-09-11,07:44:55,3.433333333333333,4.7333113352457685,32.73333333333333
2013-09-11,07:49:55,3.1333333333333333,7.399975458780923,32.666666666666664
2013-09-11,07:54:55,3.0,5.999975204467773,32.73333333333333
2013-09-11,07:59:55,3.3,5.2666473388671875,32.73333333333333
2013-09-11,08:04:55,3.033333333333333,4.933319091796875,32.53333333333333
2013-09-11,08:09:55,3.033333333333333,5.466642379760742,32.6
2013-09-11,08:14:55,3.433333333333333,4.799989064534505,32.73333333333333
2013-09-11,08:19:55,3.033333333333333,6.666647593180337,32.53333333333333
2013-09-11,08:24:55,3.066666666666667,6.133317947387695,32.73333333333333
2013-09-11,08:29:55,3.4,7.199977238972982,32.8
2013-09-11,08:34:55,3.066666666666667,5.733315149943033,32.666666666666664
2013-09-11,08:39:55,3.1,8.266646067301432,32.73333333333333
2013-09-11,08:44:55,3.4,7.266651789347329,32.666666666666664
2013-09-11,08:49:55,3.1,4.999980926513672,32.6
2013-09-11,08:54:55,3.0,4.266656239827474,32.666666666666664
2013-09-11,08:59:55,3.4,5.666643778483072,32.8
2013-09-11,09:04:55,3.0,6.59998575846354,32.73333333333333
2013-09-11,09:09:55,3.066666666666667,6.7333221435546875,32.6
2013-09-11,09:14:55,3.533333333333333,5.399983723958334,32.73333333333333
2013-09-11,09:19:56,3.3,6.199989318847656,32.46666666666667
2013-09-11,09:24:56,3.233333333333333,5.133323669433594,32.666666666666664
2013-09-11,09:29:56,3.433333333333333,7.666645050048829,32.73333333333333
2013-09-11,09:34:56,3.0,8.199987411499023,32.666666666666664
2013-09-11,09:39:56,3.1,5.666650136311848,32.53333333333333
2013-09-11,09:44:56,3.433333333333333,5.266650517781576,32.93333333333333
2013-09-11,09:49:56,3.733333333333333,6.999982198079429,34.266666666666666
2013-09-11,09:54:56,4.066666666666666,5.799986521402996,34.86666666666667
2013-09-11,09:59:56,4.233333333333333,6.333312988281251,35.333333333333336
2013-09-11,10:04:56,3.466666666666667,8.199984232584635,33.53333333333333
2013-09-11,10:09:56,3.5,5.933322906494141,33.8
2013-09-11,10:14:56,3.766666666666667,9.333314895629883,33.8
2013-09-11,10:19:56,3.1333333333333333,8.19997787475586,33.06666666666667
2013-09-11,10:24:56,3.2,6.399984359741211,33.0
2013-09-11,10:29:56,3.3666666666666667,5.599985122680664,33.13333333333333
2013-09-11,10:34:56,3.033333333333333,7.199970881144208,33.06666666666667
2013-09-11,10:39:56,3.0,5.799970626831055,33.0
2013-09-11,10:44:56,3.433333333333333,5.399980545043945,33.13333333333333
2013-09-11,10:49:56,3.1,6.199986139933268,33.0
2013-09-11,10:54:56,3.1,6.199979782104492,33.06666666666667
2013-09-11,10:59:56,3.4,5.2666473388671875,33.13333333333333
2013-09-11,11:04:56,3.033333333333333,10.399980545043945,32.73333333333333
2013-09-11,11:09:56,3.0,5.999994277954102,32.6
2013-09-11,11:14:56,3.533333333333333,6.999975840250651,32.73333333333333
2013-09-11,11:19:56,3.2,7.799978256225586,32.46666666666667
2013-09-11,11:24:56,3.1333333333333333,7.199983596801758,32.666666666666664
2013-09-11,11:29:56,3.4,5.066661834716797,32.73333333333333
2013-09-11,11:34:56,3.066666666666667,7.199993133544921,32.6
2013-09-11,11:39:56,3.033333333333333,4.799985885620117,32.6
2013-09-11,11:44:56,3.433333333333333,5.399990081787109,32.666666666666664
2013-09-11,11:49:56,3.033333333333333,6.399984359741211,32.53333333333333
2013-09-11,11:54:56,3.1333333333333333,6.99997901916504,32.666666666666664
2013-09-11,11:59:57,3.466666666666667,6.199989318847656,32.73333333333333
2013-09-11,12:04:57,3.066666666666667,7.399978637695312,32.6
2013-09-11,12:09:57,3.033333333333333,6.99997901916504,32.6
2013-09-11,12:14:57,3.4,5.599985122680664,32.86666666666667
2013-09-11,12:19:57,3.033333333333333,6.199979782104492,32.73333333333333
2013-09-11,12:24:57,3.3,4.799976348876953,33.8
2013-09-11,12:29:57,3.766666666666667,6.666653951009114,34.13333333333333
2013-09-11,12:34:57,3.4,7.199983596801758,33.93333333333333
2013-09-11,12:39:57,3.266666666666667,7.199974060058594,34.4
2013-09-11,12:44:57,3.4,6.399984359741211,34.13333333333333
2013-09-11,12:49:57,3.066666666666667,6.399974822998048,34.8
2013-09-11,12:54:57,3.166666666666667,6.199970245361328,33.86666666666667
2013-09-11,12:59:57,3.466666666666667,4.466654459635417,33.8
2013-09-11,13:04:57,3.0,6.399974822998048,33.2
2013-09-11,13:09:57,3.0,4.999990463256836,33.13333333333333
2013-09-11,13:14:57,3.433333333333333,5.199985504150391,33.266666666666666
2013-09-11,13:19:57,3.166666666666667,7.199983596801758,33.2
2013-09-11,13:24:57,3.066666666666667,5.399986902872721,33.13333333333333
2013-09-11,13:29:57,3.5,9.199972152709961,33.333333333333336
2013-09-11,13:34:57,3.066666666666667,7.799978256225586,33.13333333333333
2013-09-11,13:39:57,3.033333333333333,5.399990081787109,33.13333333333333
2013-09-11,13:44:57,3.433333333333333,5.799989700317383,33.266666666666666
2013-09-11,13:49:57,3.3,7.599973678588867,34.13333333333333
2013-09-11,13:54:57,3.966666666666667,5.9999847412109375,35.6
2013-09-11,13:59:57,4.233333333333333,4.999990463256836,34.86666666666667
2013-09-11,14:04:57,3.633333333333333,8.19997787475586,34.333333333333336
2013-09-11,14:09:57,3.3666666666666667,6.266644795735678,34.4
2013-09-11,14:14:57,3.8666666666666663,7.799978256225586,36.2
2013-09-11,14:19:57,3.566666666666667,11.799983978271484,38.06666666666667
2013-09-11,14:24:57,3.5,7.933317820231118,38.66666666666666
2013-09-11,14:29:57,3.9,7.933311462402344,38.0
2013-09-11,14:34:57,3.466666666666667,7.866646448771158,37.46666666666667
2013-09-11,14:39:57,3.433333333333333,6.399981180826825,36.333333333333336
2013-09-11,14:44:57,3.733333333333333,5.333309173583984,35.8
2013-09-11,14:49:57,3.4,6.999988555908203,35.0
2013-09-11,14:54:57,3.333333333333333,5.133307774861653,34.6
2013-09-11,14:59:57,3.4,5.0666459401448565,34.0
2013-09-11,15:04:57,3.1333333333333333,9.133310317993164,33.2
2013-09-11,15:09:57,3.0,5.8666451772054025,33.2
2013-09-11,15:14:57,3.6,6.59998575846354,33.2
2013-09-11,15:19:57,3.233333333333333,8.199981053670248,33.13333333333333
2013-09-11,15:24:58,3.1,5.599985122680664,33.13333333333333
2013-09-11,15:29:58,3.433333333333333,6.199989318847656,33.333333333333336
2013-09-11,15:34:58,3.066666666666667,6.13331158955892,33.13333333333333
2013-09-11,15:39:58,3.166666666666667,5.466648737589518,33.13333333333333
2013-09-11,15:44:58,3.466666666666667,6.199979782104492,33.2
2013-09-11,15:49:58,3.0,6.133317947387695,33.13333333333333
2013-09-11,15:54:58,3.033333333333333,6.866642634073893,33.06666666666667
2013-09-11,15:59:58,3.433333333333333,7.199983596801758,33.266666666666666
2013-09-11,16:04:58,3.1333333333333333,6.799983978271484,33.13333333333333
2013-09-11,16:09:58,3.033333333333333,5.599978764851887,33.13333333333333
2013-09-11,16:14:58,3.433333333333333,5.666646957397461,33.266666666666666
2013-09-11,16:19:58,3.1333333333333333,7.066647211710614,33.13333333333333
2013-09-11,16:24:58,3.1,6.733306248982745,33.06666666666667
2013-09-11,16:29:58,3.5,5.999991099039713,33.333333333333336
2013-09-11,16:34:58,3.066666666666667,6.933307647705078,33.13333333333333
2013-09-11,16:39:58,4.433333333333334,13.999977111816406,45.93333333333333
