Date,Time,CPU,RAM,CHANNEL
2013-08-12,16:40:46,0.06666666666666668,5.06659189860026,0
2013-08-12,16:45:46,0,3.7998962402343754,0
2013-08-12,16:50:46,0.16666666666666669,2.9998779296875,0
2013-08-12,16:55:46,0,4.666582743326822,0
2013-08-12,17:00:46,0,6.066576639811197,0
2013-08-12,17:05:46,0,4.799919128417969,0
2013-08-12,17:10:46,0,4.333241780598959,0
2013-08-12,17:15:46,0,3.0665461222330723,0
2013-08-12,17:20:46,0,2.9332097371419277,0
2013-08-12,17:25:46,0,2.5998687744140625,0
2013-08-12,17:30:46,0,3.866564432779948,0
2013-08-12,17:35:46,0,3.1332143147786455,0
2013-08-12,17:40:46,0,3.1332143147786455,0
2013-08-12,17:45:46,0,3.733228047688802,0
2013-08-12,17:50:46,0,3.666559855143228,0
2013-08-12,17:55:46,0,3.7998962402343754,0
2013-08-12,18:00:46,0,4.59991455078125,0
2013-08-12,18:05:46,0,3.1998825073242183,0
2013-08-12,18:10:46,0,4.9999237060546875,0
2013-08-12,18:15:46,0,5.06659189860026,0
2013-08-12,18:20:46,0,4.333241780598959,0
2013-08-12,18:25:46,0,4.7332509358723955,0
2013-08-12,18:30:46,0,4.066569010416666,0
2013-08-12,18:35:46,0,2.7998733520507812,0
2013-08-12,18:40:46,0,2.8665415445963536,0
2013-08-12,18:45:46,0,5.199928283691406,0
2013-08-12,18:50:47,0,3.0665461222330723,0
2013-08-12,18:55:47,0,3.5998916625976562,0
2013-08-12,19:00:47,0.06666666666666668,4.333241780598959,100.0
2013-08-12,19:05:47,0.1,6.933224995930988,0
2013-08-12,19:10:47,0.1,3.866564432779948,0
2013-08-12,19:15:47,0,4.1999053955078125,0
2013-08-12,19:20:47,0,3.5998916625976562,0
2013-08-12,19:25:47,0,4.933255513509115,0
2013-08-12,19:30:47,0,3.733228047688802,0
2013-08-12,19:35:47,0,3.3332188924153656,0
2013-08-12,19:40:47,0,3.5998916625976562,0
2013-08-12,19:45:47,0.6333333333333333,6.266593933105469,100.0
2013-08-12,19:50:47,1.0,16.06653849283854,100.0
2013-08-12,19:55:47,1.0,14.133275349934896,100.0
2013-08-12,20:00:47,1.0,15.799942016601562,100.0
2013-08-12,20:05:47,1.0,15.599924723307293,100.0
2013-08-12,20:10:47,1.7666666666666666,19.799906412760418,100.0
2013-08-12,20:15:47,0.6666666666666667,23.79994710286458,100.0
2013-08-12,20:20:47,0,9.86657460530599,0
2013-08-12,20:25:47,0,5.466601053873697,0
2013-08-12,20:30:47,0,3.666559855143228,0
2013-08-12,20:35:47,0,3.3332188924153656,0
2013-08-12,20:40:47,0,2.9998779296875,0
2013-08-12,20:45:47,0,3.666559855143228,0
2013-08-12,20:50:47,0,3.7998962402343754,0
2013-08-12,20:55:47,0,4.533246358235678,0
2013-08-12,21:00:47,0,4.399909973144531,0
2013-08-12,21:05:47,0,3.7998962402343754,0
2013-08-12,21:10:47,0,2.2665278116861978,0
2013-08-12,21:15:47,0,2.3998641967773438,0
2013-08-12,21:20:47,0,3.5998916625976562,0
2013-08-12,21:25:47,0,4.866587320963542,0
2013-08-12,21:30:47,0,4.533246358235678,0
2013-08-12,21:35:47,0,3.9332326253255214,0
2013-08-12,21:40:47,0,4.866587320963542,0
2013-08-12,21:45:47,0.03333333333333333,4.7332509358723955,0
2013-08-12,21:50:47,0,4.59991455078125,0
2013-08-12,21:55:47,0,3.866564432779948,0
2013-08-12,22:00:47,0,4.399909973144531,0
2013-08-12,22:05:47,0,4.7332509358723955,0
2013-08-12,22:10:47,0,3.9999008178710938,0
2013-08-12,22:15:47,0,4.666582743326822,0
2013-08-12,22:20:47,0,4.399909973144531,0
2013-08-12,22:25:47,0,4.866587320963542,0
2013-08-12,22:30:47,0,3.866564432779948,0
2013-08-12,22:35:47,0.03333333333333333,4.533246358235678,0
2013-08-12,22:40:47,0,3.1998825073242183,0
2013-08-12,22:45:47,0,4.59991455078125,0
2013-08-12,22:50:47,0,4.399909973144531,0
2013-08-12,22:55:47,0,5.666605631510416,0
2013-08-12,23:00:47,0.1,3.3998870849609375,100.0
2013-08-12,23:05:47,0.03333333333333333,5.599937438964844,0
2013-08-12,23:10:48,0,4.933255513509115,0
2013-08-12,23:15:48,0,5.5998992919921875,0
2013-08-12,23:20:48,0,3.3998870849609375,0
2013-08-12,23:25:48,0,2.9998779296875,0
2013-08-12,23:30:48,0,4.266573588053386,0
2013-08-12,23:35:48,0,4.666582743326822,0
2013-08-12,23:40:48,0.8333333333333333,8.13323974609375,100.0
2013-08-12,23:45:48,1.1333333333333333,17.399940490722656,100.0
2013-08-12,23:50:48,1.0,16.533241271972656,100.0
2013-08-12,23:55:48,1.0333333333333332,15.333264668782551,100.0
2013-08-13,00:00:48,1.0,14.86658732096354,100.0
2013-08-13,00:05:48,1.6,22.66657511393229,100.0
2013-08-13,00:10:48,0.4666666666666666,20.066566467285156,100.0
2013-08-13,00:15:48,0,9.199918111165363,0
2013-08-13,00:20:48,0,4.133237202962239,0
2013-08-13,00:25:48,0,3.7998962402343754,0
2013-08-13,00:30:48,0,3.733228047688802,0
2013-08-13,00:35:48,0.06666666666666668,3.1998825073242183,0
2013-08-13,00:40:48,0.1,3.7998962402343754,0
2013-08-13,00:45:48,0,2.733205159505209,0
2013-08-13,00:50:48,0,2.4665323893229165,0
2013-08-13,00:55:48,0,3.9332326253255214,0
2013-08-13,01:00:48,1.7666666666666666,25.133209228515625,100.0
2013-08-13,01:05:48,0.1,19.066556294759117,0
2013-08-13,01:10:48,0.1,9.399909973144531,0
2013-08-13,01:15:48,0,6.933263142903646,0
2013-08-13,01:20:48,0,4.133237202962239,0
2013-08-13,01:25:48,0,5.06659189860026,0
2013-08-13,01:30:48,0,5.399932861328125,0.13333333333333333
2013-08-13,01:35:48,1.5,13.399925231933594,7.2
2013-08-13,01:40:48,1.8666666666666665,13.599878946940105,100.0
2013-08-13,01:45:48,2.1333333333333333,18.133214314778645,100.0
2013-08-13,01:50:48,2.1,21.13324483235677,100.0
2013-08-13,01:55:48,1.0,17.59990692138672,100.0
2013-08-13,02:00:48,1.0333333333333332,15.199928283691404,100.0
2013-08-13,02:05:49,2.0,21.599871317545578,100.0
2013-08-13,02:10:49,0.8,20.39989471435547,100.0
2013-08-13,02:15:49,0.13333333333333333,11.999905904134113,0
2013-08-13,02:20:49,0.1,4.266573588053386,0
2013-08-13,02:25:49,0.06666666666666668,3.5998916625976562,0
2013-08-13,02:30:49,0.2333333333333333,3.733228047688802,0
2013-08-13,02:35:49,0.13333333333333333,4.666582743326822,0
2013-08-13,02:40:49,0.06666666666666668,5.06659189860026,0
2013-08-13,02:45:49,0.2,3.9332326253255214,0
2013-08-13,02:50:49,0.06666666666666668,4.266573588053386,0
2013-08-13,02:55:49,0.06666666666666668,3.533223470052084,0
2013-08-13,03:00:49,0.16666666666666669,3.9332326253255214,0
2013-08-13,03:05:49,0.16666666666666669,4.866587320963542,0
2013-08-13,03:10:49,0.16666666666666669,4.9999237060546875,0
2013-08-13,03:15:49,0.13333333333333333,3.7998962402343754,0
2013-08-13,03:20:49,0,2.3998641967773438,0
2013-08-13,03:25:49,0.1,3.3998870849609375,0
2013-08-13,03:30:49,0.13333333333333333,5.533231099446613,0
2013-08-13,03:35:49,0.13333333333333333,4.59991455078125,0
2013-08-13,03:40:49,0.13333333333333333,3.1998825073242183,0
2013-08-13,03:45:49,0.1,3.5998916625976562,0
2013-08-13,03:50:49,0.03333333333333333,3.5998916625976562,0
2013-08-13,03:55:49,0.1,4.399909973144531,57.6
2013-08-13,04:00:49,1.2,5.06659189860026,100.0
2013-08-13,04:05:49,1.2666666666666666,5.999908447265625,100.0
2013-08-13,04:10:49,1.2,3.5998916625976562,100.0
2013-08-13,04:15:49,0.5,5.7999420166015625,100.0
2013-08-13,04:20:49,0.1,3.666559855143228,0
2013-08-13,04:25:49,0.16666666666666669,4.59991455078125,0
2013-08-13,04:30:49,0.1,3.5998916625976562,0
2013-08-13,04:35:49,0.03333333333333333,4.59991455078125,0
2013-08-13,04:40:49,0,2.7998733520507812,0
2013-08-13,04:45:49,0.03333333333333333,3.9999008178710938,0
2013-08-13,04:50:49,0.13333333333333333,3.1998825073242183,0
2013-08-13,04:55:49,0.2333333333333333,1.9998550415039062,0
2013-08-13,05:00:50,0.1,3.5998916625976562,0
2013-08-13,05:05:50,0.16666666666666669,4.266573588053386,0
2013-08-13,05:10:50,0.16666666666666669,4.59991455078125,0
2013-08-13,05:15:50,0.1,3.7998962402343754,0
2013-08-13,05:20:50,0.2,3.9999008178710938,0
2013-08-13,05:25:50,0.13333333333333333,3.5998916625976562,0
2013-08-13,05:30:50,0.13333333333333333,4.399909973144531,0
2013-08-13,05:35:50,0.26666666666666666,6.9998931884765625,0
2013-08-13,05:40:50,0.03333333333333333,5.666605631510416,0
2013-08-13,05:45:50,0.13333333333333333,5.199928283691406,0
2013-08-13,05:50:50,0.1,3.1998825073242183,0
2013-08-13,05:55:50,0.16666666666666669,3.5998916625976562,0
2013-08-13,06:00:49,0.16666666666666669,4.399909973144531,0
2013-08-13,06:05:49,0.1,4.59991455078125,0
2013-08-13,06:10:49,0,4.59991455078125,0
2013-08-13,06:15:49,0.06666666666666668,4.533246358235678,0
2013-08-13,06:20:49,0,3.1332143147786455,0
2013-08-13,06:25:49,0,3.7998962402343754,0
2013-08-13,06:30:50,0,3.9999008178710938,0
2013-08-13,06:35:50,0,3.9999008178710938,0
2013-08-13,06:40:50,0,3.5998916625976562,0
2013-08-13,06:45:50,0,2.8665415445963536,0
2013-08-13,06:50:50,0,3.5998916625976562,0
2013-08-13,06:55:50,0,2.7998733520507812,0
2013-08-13,07:00:50,0.06666666666666668,3.3332188924153656,100.0
2013-08-13,07:05:50,0.03333333333333333,5.399932861328125,0
2013-08-13,07:10:50,0,3.5998916625976562,0
2013-08-13,07:15:50,0,2.3331960042317705,0
2013-08-13,07:20:50,0,3.866564432779948,0
2013-08-13,07:25:50,0,4.466578165690104,0
2013-08-13,07:30:50,0,5.199928283691406,0
2013-08-13,07:35:50,0,3.3332188924153656,27.93333333333333
2013-08-13,07:40:50,0.9666666666666668,9.799919128417969,100.0
2013-08-13,07:45:50,1.0,19.999923706054688,100.0
2013-08-13,07:50:50,1.0,16.399917602539062,100.0
2013-08-13,07:55:50,1.0,17.999916076660156,100.0
2013-08-13,08:00:50,1.0,14.599952697753906,100.0
2013-08-13,08:05:50,1.6666666666666663,21.799888610839844,100.0
2013-08-13,08:10:50,0.33333333333333337,18.79985809326172,100.0
2013-08-13,08:15:50,0,8.73321533203125,0
2013-08-13,08:20:50,0,3.9332326253255214,0
2013-08-13,08:25:50,0,4.466578165690104,0
2013-08-13,08:30:50,0.1,5.2665964762369795,0
2013-08-13,08:35:50,0,4.533246358235678,0
2013-08-13,08:40:50,0,2.9998779296875,0
2013-08-13,08:45:50,0,3.0665461222330723,0
2013-08-13,08:50:50,0,2.9332097371419277,0
2013-08-13,08:55:50,0,2.6665369669596357,0
2013-08-13,09:00:51,0,3.733228047688802,0
2013-08-13,09:05:51,0,4.333241780598959,0
2013-08-13,09:10:51,0,4.133237202962239,0
2013-08-13,09:15:51,0,3.9999008178710938,0
2013-08-13,09:20:51,0,4.59991455078125,0
2013-08-13,09:25:51,0,3.9999008178710938,0
2013-08-13,09:30:51,0,5.466601053873697,0
2013-08-13,09:35:51,0,4.133237202962239,0
2013-08-13,09:40:51,0,3.46655527750651,0
2013-08-13,09:45:51,0,3.3332188924153656,0
2013-08-13,09:50:51,0,3.866564432779948,0
2013-08-13,09:55:51,0,4.59991455078125,0
2013-08-13,10:00:51,0,3.533223470052084,0
2013-08-13,10:05:51,0,4.866587320963542,0
2013-08-13,10:10:51,0.03333333333333333,4.866587320963542,0
2013-08-13,10:15:51,0,5.733235677083334,0
2013-08-13,10:20:51,0,2.8665415445963536,0
2013-08-13,10:25:51,0,3.533223470052084,0
2013-08-13,10:30:51,0,3.9332326253255214,0
2013-08-13,10:35:51,0.06666666666666668,3.3998870849609375,0
2013-08-13,10:40:51,0,3.7998962402343754,0
2013-08-13,10:45:51,0,2.7998733520507812,0
2013-08-13,10:50:51,0,3.666559855143228,0
2013-08-13,10:55:51,0.03333333333333333,6.266619364420572,0
2013-08-13,11:00:51,0.06666666666666668,5.199928283691406,100.0
2013-08-13,11:05:51,0.03333333333333333,6.666590372721354,0
2013-08-13,11:10:51,0,3.266550699869792,0
2013-08-13,11:15:51,0,4.266573588053386,0
2013-08-13,11:20:51,0,3.5998916625976562,0
2013-08-13,11:25:51,0.06666666666666668,3.0665461222330723,0
2013-08-13,11:30:51,0,2.5998687744140625,0
2013-08-13,11:35:51,0,3.3332188924153656,0
2013-08-13,11:40:51,0.6333333333333333,7.2666168212890625,100.0
2013-08-13,11:45:51,1.0,16.66656494140625,100.0
2013-08-13,11:50:51,1.0,15.66655476888021,100.0
2013-08-13,11:55:51,1.0,17.33320871988932,100.0
2013-08-13,12:00:51,1.0,17.26659138997396,100.0
2013-08-13,12:05:52,1.7333333333333334,20.666542053222656,100.0
2013-08-13,12:10:52,0.7,16.799914042154946,100.0
2013-08-13,12:15:52,0.1,9.799906412760414,0
2013-08-13,12:20:52,0.06666666666666668,4.066569010416666,0
2013-08-13,12:25:52,0.13333333333333333,5.533269246419271,0
2013-08-13,12:30:52,0,3.666559855143228,0
2013-08-13,12:35:52,0,3.0665461222330723,0
2013-08-13,12:40:52,0,4.866587320963542,0
2013-08-13,12:45:52,0,5.599886576334635,0
2013-08-13,12:50:52,0,4.7332509358723955,0
2013-08-13,12:55:52,0,3.7998962402343754,0
2013-08-13,13:00:52,0,5.06659189860026,0
2013-08-13,13:05:52,0,4.799919128417969,0
2013-08-13,13:10:52,0,4.666582743326822,0
2013-08-13,13:15:52,0,4.866587320963542,0
2013-08-13,13:20:52,0,4.133237202962239,0
2013-08-13,13:25:52,0,3.9332326253255214,0
2013-08-13,13:30:52,0,4.133237202962239,0
2013-08-13,13:35:52,0,5.733273824055988,0
2013-08-13,13:40:52,0,4.933255513509115,0
2013-08-13,13:45:52,0,5.333264668782553,0
2013-08-13,13:50:52,0,5.333226521809896,0
2013-08-13,13:55:52,0,4.333241780598959,0
2013-08-13,14:00:52,0,3.9999008178710938,0
2013-08-13,14:05:52,0,3.666559855143228,0
2013-08-13,14:10:52,0,3.3998870849609375,0
2013-08-13,14:15:52,0,4.799919128417969,0
2013-08-13,14:20:53,0,3.9999008178710938,0
2013-08-13,14:25:53,0,4.9999237060546875,0
2013-08-13,14:30:53,0,4.399909973144531,0
2013-08-13,14:35:53,0,3.3998870849609375,0
2013-08-13,14:40:53,0,3.0665461222330723,0
2013-08-13,14:45:53,0,2.7998733520507812,0
2013-08-13,14:50:53,0,2.5332005818684893,0
2013-08-13,14:55:53,0,4.7332509358723955,0
2013-08-13,15:00:53,0.06666666666666668,6.066614786783854,100.0
2013-08-13,15:05:52,0.03333333333333333,7.999916076660156,0
2013-08-13,15:10:52,0,4.266573588053386,0
2013-08-13,15:15:52,0,4.333241780598959,0
2013-08-13,15:20:52,0,3.46655527750651,0
2013-08-13,15:25:52,0,3.46655527750651,0
2013-08-13,15:30:52,0,3.3332188924153656,0
2013-08-13,15:35:52,0.26666666666666666,4.19989267985026,100.0
2013-08-13,15:40:52,1.0,11.86658223470052,100.0
2013-08-13,15:45:52,1.0,16.666552225748696,100.0
2013-08-13,15:50:52,1.0,20.133221944173176,100.0
2013-08-13,15:55:52,1.0,17.066574096679688,100.0
2013-08-13,16:00:53,1.0,15.333264668782551,100.0
2013-08-13,16:05:53,1.4666666666666666,21.066602071126304,100.0
2013-08-13,16:10:53,0.03333333333333333,15.066566467285156,0
2013-08-13,16:15:53,0,6.199925740559896,0
2013-08-13,16:20:53,0,4.1999053955078125,0
2013-08-13,16:25:53,0,2.733205159505209,0
2013-08-13,16:30:53,0,3.0665461222330723,0
2013-08-13,16:35:53,0,3.9999008178710938,0
2013-08-13,16:40:53,0,2.6665369669596357,0
2013-08-13,16:45:53,0,3.3998870849609375,0
2013-08-13,16:50:53,0,3.5998916625976562,0
2013-08-13,16:55:53,0,4.399909973144531,0
2013-08-13,17:00:53,0,6.266619364420572,0
2013-08-13,17:05:53,0.03333333333333333,5.599937438964844,0
2013-08-13,17:10:53,0,4.533246358235678,0
2013-08-13,17:15:53,0,4.066569010416666,0
2013-08-13,17:20:53,0,3.9332326253255214,0
2013-08-13,17:25:53,0,5.399932861328125,0
2013-08-13,17:30:53,0,4.533246358235678,0
2013-08-13,17:35:53,0.03333333333333333,6.199951171875,0
2013-08-13,17:40:53,0,4.066569010416666,0
2013-08-13,17:45:53,0.1,4.399909973144531,0
2013-08-13,17:50:53,0.1,5.599937438964844,0
2013-08-13,17:55:53,0,5.933278401692709,0
2013-08-13,18:00:53,0,3.666559855143228,0
2013-08-13,18:05:53,0,2.5332005818684893,0
2013-08-13,18:10:53,0.06666666666666668,3.9332326253255214,0
2013-08-13,18:15:54,0,4.266573588053386,0
2013-08-13,18:20:54,0,3.533223470052084,0
2013-08-13,18:25:54,0,3.533223470052084,0
2013-08-13,18:30:54,0,3.5998916625976562,0
2013-08-13,18:35:54,0,4.7332509358723955,0
2013-08-13,18:40:54,0,5.666605631510416,0
2013-08-13,18:45:54,0,5.199928283691406,0
2013-08-13,18:50:54,0,3.46655527750651,0
2013-08-13,18:55:54,0,3.1332143147786455,0
2013-08-13,19:00:54,0.06666666666666668,4.266573588053386,100.0
2013-08-13,19:05:54,0.06666666666666668,6.933263142903646,0
2013-08-13,19:10:54,0.1,4.866587320963542,0
2013-08-13,19:15:54,0,3.9999008178710938,0
2013-08-13,19:20:54,0,5.399932861328125,0
2013-08-13,19:25:54,0,4.266573588053386,0
2013-08-13,19:30:54,0,2.733205159505209,0
2013-08-13,19:35:54,0,3.5998916625976562,0
2013-08-13,19:40:54,0.7333333333333333,9.133249918619791,100.0
2013-08-13,19:45:54,1.0,15.666618347167969,100.0
2013-08-13,19:50:54,1.0,15.666592915852865,100.0
2013-08-13,19:55:54,1.0,16.199913024902344,100.0
2013-08-13,20:00:55,1.0,16.59992218017578,100.0
2013-08-13,20:05:55,1.6666666666666663,20.666567484537758,100.0
2013-08-13,20:10:55,0.5333333333333333,16.66656494140625,100.0
2013-08-13,20:15:55,0,8.73327891031901,0
2013-08-13,20:20:55,0,4.7332509358723955,0
2013-08-13,20:25:55,0,3.9999008178710938,0
2013-08-13,20:30:55,0,4.799919128417969,0
2013-08-13,20:35:55,0,4.533246358235678,0
2013-08-13,20:40:55,0,3.46655527750651,0
2013-08-13,20:45:55,0,4.9999237060546875,0
2013-08-13,20:50:55,0,2.9998779296875,0
2013-08-13,20:55:55,0,2.7998733520507812,0
2013-08-13,21:00:55,0,3.9332326253255214,0
2013-08-13,21:05:55,0,5.399932861328125,0
2013-08-13,21:10:55,0,3.9332326253255214,0
2013-08-13,21:15:55,0,3.5998916625976562,0
2013-08-13,21:20:55,0,2.7998733520507812,0
2013-08-13,21:25:55,0.03333333333333333,3.1998825073242183,0
2013-08-13,21:30:55,0,3.9332326253255214,0
2013-08-13,21:35:55,0,5.06659189860026,0
2013-08-13,21:40:55,0,4.333241780598959,0
2013-08-13,21:45:55,0,4.333241780598959,0
2013-08-13,21:50:55,0,4.59991455078125,0
2013-08-13,21:55:55,0.03333333333333333,5.199928283691406,0
2013-08-13,22:00:55,0,5.933278401692709,0
2013-08-13,22:05:55,0,6.399955749511718,0
2013-08-13,22:10:55,0,2.7998733520507812,0
2013-08-13,22:15:55,0,2.3998641967773438,0
2013-08-13,22:20:55,2.566666666666667,10.666554768880209,100.0
2013-08-13,22:25:55,4.733333333333333,41.7999267578125,7.133333333333334
2013-08-13,22:30:55,0.06666666666666668,24.199905395507812,0
2013-08-13,22:35:55,0.5666666666666667,11.399917602539062,0
2013-08-13,22:40:56,0.06666666666666668,6.999969482421875,0
2013-08-13,22:45:56,0,4.9999237060546875,0
2013-08-13,22:50:56,0,4.1999053955078125,0
2013-08-13,22:55:56,0,3.1998825073242183,0
2013-08-13,23:00:56,0.1,4.133237202962239,100.0
2013-08-13,23:05:56,0.03333333333333333,7.1999359130859375,0
2013-08-13,23:10:56,0,3.9999008178710938,0
2013-08-13,23:15:56,0,3.5998916625976562,0
2013-08-13,23:20:56,0,5.599937438964844,0
2013-08-13,23:25:56,0,4.59991455078125,0
2013-08-13,23:30:56,0,3.5998916625976562,0
2013-08-13,23:35:56,0,4.466578165690104,0
2013-08-13,23:40:56,0.8333333333333333,8.733266194661459,100.0
2013-08-13,23:45:56,1.0,16.799888610839844,100.0
2013-08-13,23:50:56,1.0,18.79985809326172,100.0
2013-08-13,23:55:56,1.0,17.799911499023438,100.0
2013-08-14,00:00:56,1.0,18.79985809326172,100.0
2013-08-14,00:05:56,1.4,19.999961853027344,100.0
2013-08-14,00:10:56,0.5,19.399871826171875,100.0
2013-08-14,00:15:56,0,9.59991455078125,0
2013-08-14,00:20:56,0,5.599937438964844,0
2013-08-14,00:25:56,0,4.866587320963542,0
2013-08-14,00:30:56,0,3.866564432779948,0
2013-08-14,00:35:56,0,4.1999053955078125,0
2013-08-14,00:40:56,0,2.8665415445963536,0
2013-08-14,00:45:56,0,4.59991455078125,0
2013-08-14,00:50:56,0,4.799919128417969,0
2013-08-14,00:55:56,0,2.7998733520507812,0
2013-08-14,01:00:56,0.1,2.3331960042317705,100.0
2013-08-14,01:05:56,0.13333333333333333,5.999946594238281,0
2013-08-14,01:10:56,0,4.933255513509115,0
2013-08-14,01:15:56,0,6.99993133544922,0
2013-08-14,01:20:56,0,4.59991455078125,0
2013-08-14,01:25:56,0,5.599937438964844,0
2013-08-14,01:30:56,0,3.1998825073242183,0.13333333333333333
2013-08-14,01:35:56,5.3,14.266586303710938,100.0
2013-08-14,01:40:56,2.2666666666666666,20.599899291992188,100.0
2013-08-14,01:45:56,2.2,21.199913024902344,100.0
2013-08-14,01:50:56,1.0,16.999855041503906,100.0
2013-08-14,01:55:56,1.0,17.399940490722656,100.0
2013-08-14,02:00:56,1.0333333333333332,17.59990692138672,100.0
2013-08-14,02:05:56,1.9,20.599899291992188,100.0
2013-08-14,02:10:56,0.2333333333333333,16.399917602539062,0
2013-08-14,02:15:56,0.13333333333333333,5.999946594238281,0
2013-08-14,02:20:56,0.1,2.5998687744140625,0
2013-08-14,02:25:56,0,3.7998962402343754,0
2013-08-14,02:30:56,0.16666666666666669,4.866587320963542,0
2013-08-14,02:35:56,0.1,4.466578165690104,0
2013-08-14,02:40:56,0.06666666666666668,5.466601053873697,0
2013-08-14,02:45:56,0.1,4.666582743326822,0
2013-08-14,02:50:56,0,4.133237202962239,0
2013-08-14,02:55:56,0.03333333333333333,5.199928283691406,0
2013-08-14,03:00:56,0.1,4.9999237060546875,0
2013-08-14,03:05:56,0.1,4.1999053955078125,0
2013-08-14,03:10:56,0.1,3.866564432779948,0
2013-08-14,03:15:56,0.06666666666666668,3.9999008178710938,0
2013-08-14,03:20:56,0.1,4.1999053955078125,0
2013-08-14,03:25:56,0,3.266550699869792,0
2013-08-14,03:30:56,0.2333333333333333,3.1998825073242183,0
2013-08-14,03:35:57,0.1,3.5998916625976562,0
2013-08-14,03:40:57,0.13333333333333333,2.9998779296875,0
2013-08-14,03:45:57,0.1,5.933278401692709,0
2013-08-14,03:50:57,0,5.2665964762369795,0
2013-08-14,03:55:57,0.1,2.9998779296875,62.13333333333333
2013-08-14,04:00:57,6.133333333333334,7.866579691569011,100.0
2013-08-14,04:05:57,26.4,47.99989064534505,100.0
2013-08-14,04:10:57,42.6,51.133282979329444,100.0
2013-08-14,04:15:57,28.9,42.39991505940755,100.0
2013-08-14,04:20:57,0.26666666666666666,29.26654815673828,0
2013-08-14,04:25:57,22.1,65.53325653076172,0
2013-08-14,04:30:57,40.1,80.06657918294272,0
2013-08-14,04:35:57,11.133333333333333,43.86658986409506,0
2013-08-14,04:40:57,9.7,28.2665761311849,0
2013-08-14,04:45:57,36.766666666666666,28.999900817871094,0
2013-08-14,04:50:57,30.333333333333336,41.13323211669922,0
2013-08-14,04:55:57,0.33333333333333337,21.533241271972656,0
2013-08-14,05:00:57,0.33333333333333337,6.9999059041341125,0
2013-08-14,05:05:57,0.2333333333333333,4.666582743326822,0
2013-08-14,05:10:57,0.2,4.799919128417969,0
2013-08-14,05:15:57,0.06666666666666668,3.666559855143228,0
2013-08-14,05:20:57,0.03333333333333333,1.5331776936848958,0
2013-08-14,05:25:57,0.13333333333333333,2.1331914265950522,0
2013-08-14,05:30:57,0.03333333333333333,1.9332377115885413,0
2013-08-14,05:35:57,0.1,2.6665369669596357,0
2013-08-14,05:40:57,0,4.266573588053386,0
2013-08-14,05:45:57,0.06666666666666668,3.1998825073242183,0
2013-08-14,05:50:57,0.03333333333333333,2.1331914265950522,0
2013-08-14,05:55:57,0,3.0665461222330723,0
2013-08-14,06:00:57,0,2.8665415445963536,0
2013-08-14,06:05:58,0,3.1998825073242183,0
2013-08-14,06:10:58,0,3.0665461222330723,0
2013-08-14,06:15:58,0,3.46655527750651,0
2013-08-14,06:20:58,0,3.9999008178710938,0
2013-08-14,06:25:58,0.03333333333333333,3.9332326253255214,0
2013-08-14,06:30:58,0,3.7998962402343754,0
2013-08-14,06:35:58,0,2.3998641967773438,0
2013-08-14,06:40:58,0,2.7998733520507812,0
2013-08-14,06:45:58,0,2.7998733520507812,0
2013-08-14,06:50:58,0,3.1998825073242183,0
2013-08-14,06:55:58,0,3.071308135986328,0
2013-08-14,07:00:58,0.10714285714285714,2.2141456604003906,100.0
2013-08-14,07:05:58,0,3.9284706115722656,0
2013-08-14,07:10:58,0,2.0712852478027344,0
2013-08-14,07:15:58,0,3.571319580078125,0
2013-08-14,07:20:58,0,4.071331024169922,0
2013-08-14,07:25:58,0,2.6427268981933594,0
2013-08-14,07:30:58,0,2.1427154541015625,0
2013-08-14,07:35:58,0,2.733205159505209,0
2013-08-14,07:40:58,0.6071428571428572,5.999892098563058,100.0
2013-08-14,07:45:58,1.0,11.399917602539062,100.0
2013-08-14,07:50:58,1.0,15.571321759905132,100.0
2013-08-14,07:55:58,1.0,17.06659952799479,100.0
2013-08-14,08:00:58,1.0,17.86651611328125,100.0
2013-08-14,08:05:58,1.4,22.399915059407547,100.0
2013-08-14,08:10:58,0.6,20.39990743001302,100.0
2013-08-14,08:15:59,0,9.466603597005209,0
2013-08-14,08:20:59,0,3.866564432779948,0
2013-08-14,08:25:59,0,3.1332143147786455,0
2013-08-14,08:30:59,0,3.0665461222330723,0
2013-08-14,08:35:59,0,2.3998641967773438,0
2013-08-14,08:40:59,0,3.1998825073242183,0
2013-08-14,08:45:59,0,3.733228047688802,0
2013-08-14,08:50:59,0,2.7998733520507812,0
2013-08-14,08:55:59,0,2.8665415445963536,0
2013-08-14,09:00:59,0,5.799891153971355,0
2013-08-14,09:05:59,0,4.999872843424479,0
2013-08-14,09:10:59,0,3.866564432779948,0
2013-08-14,09:15:59,0,5.733235677083334,0
2013-08-14,09:20:58,0,4.466578165690104,0
2013-08-14,09:25:58,0,3.9332326253255214,0
2013-08-14,09:30:58,0,4.799919128417969,0
2013-08-14,09:35:58,0,3.46655527750651,0
2013-08-14,09:40:58,0,2.199859619140625,0
2013-08-14,09:45:58,0,1.7998504638671875,0
2013-08-14,09:50:59,0,2.733205159505209,0
2013-08-14,09:55:59,0,2.3331960042317705,0
2013-08-14,10:00:59,0,2.0665359497070312,0
2013-08-14,10:05:59,0,3.9999008178710938,0
2013-08-14,10:10:59,0,2.7998733520507812,0
2013-08-14,10:15:59,0,3.666559855143228,0
2013-08-14,10:20:59,0,3.0665461222330723,0
2013-08-14,10:25:59,0,3.9332326253255214,0
2013-08-14,10:30:59,0,2.9998779296875,0
2013-08-14,10:35:59,0,2.8665415445963536,0
2013-08-14,10:40:59,0,4.1999053955078125,0
2013-08-14,10:45:59,0,3.0665461222330723,0
2013-08-14,10:50:59,0,3.3332188924153656,0
2013-08-14,10:55:59,0,2.7998733520507812,0
2013-08-14,11:00:59,0.1,3.7998962402343754,100.0
2013-08-14,11:05:59,0,4.133237202962239,0
2013-08-14,11:10:59,0,4.333241780598959,0
2013-08-14,11:15:59,0,4.266573588053386,0
2013-08-14,11:20:59,0,5.466601053873697,0
2013-08-14,11:25:59,0,3.5998916625976562,0
2013-08-14,11:30:59,0,3.666559855143228,0
2013-08-14,11:35:59,0,2.733205159505209,0
2013-08-14,11:40:59,0.6666666666666667,6.733194986979169,100.0
2013-08-14,11:45:59,1.0,13.133214314778648,100.0
2013-08-14,11:50:59,1.0,15.066591898600256,100.0
2013-08-14,11:55:59,1.0,15.199928283691404,100.0
2013-08-14,12:00:59,1.1333333333333333,15.133272806803383,100.0
2013-08-14,12:05:59,1.6333333333333335,21.399854024251304,100.0
2013-08-14,12:10:59,0.7333333333333333,16.86656951904297,100.0
2013-08-14,12:15:59,0,7.9999033610026045,0
2013-08-14,12:20:59,0,1.7998504638671875,0
2013-08-14,12:25:59,0,2.1331914265950522,0
2013-08-14,12:30:59,0,4.266573588053386,0
2013-08-14,12:35:59,0,3.666559855143228,0
2013-08-14,12:41:00,0,2.3331960042317705,0
2013-08-14,12:46:00,0,3.9332326253255214,0
2013-08-14,12:51:00,0,3.866564432779948,0
2013-08-14,12:56:00,0,3.5998916625976562,0
2013-08-14,13:01:00,0,2.3331960042317705,0
2013-08-14,13:06:00,0,3.3332188924153656,0
2013-08-14,13:11:00,0,2.5332005818684893,0
2013-08-14,13:16:00,0,2.4665323893229165,0
2013-08-14,13:21:00,0,3.5998916625976562,0
2013-08-14,13:26:00,0,3.866564432779948,0
2013-08-14,13:31:00,0,3.533223470052084,0
2013-08-14,13:36:00,0,2.6665369669596357,0
2013-08-14,13:41:00,0,3.3998870849609375,0
2013-08-14,13:46:00,0,3.3998870849609375,0
2013-08-14,13:51:00,0,3.5998916625976562,0
2013-08-14,13:56:00,0,2.5998687744140625,0
2013-08-14,14:01:00,0,4.066569010416666,0
2013-08-14,14:06:00,0,5.06659189860026,0
2013-08-14,14:11:00,0,3.1998825073242183,0
2013-08-14,14:16:00,0,2.2665278116861978,0
2013-08-14,14:21:00,0,2.7998733520507812,0
2013-08-14,14:26:00,0,3.46655527750651,0
2013-08-14,14:31:00,0,3.3998870849609375,0
2013-08-14,14:36:00,0,2.6665369669596357,0
2013-08-14,14:41:00,0,2.733205159505209,0
2013-08-14,14:46:00,0,2.199859619140625,0
2013-08-14,14:51:00,0,2.5998687744140625,0
2013-08-14,14:56:00,0.1,3.1998825073242183,0
2013-08-14,15:01:00,0.13333333333333333,2.1331914265950522,100.0
2013-08-14,15:06:00,0,4.9999237060546875,0
2013-08-14,15:11:01,0,3.7998962402343754,0
2013-08-14,15:16:01,0,3.0665461222330723,0
2013-08-14,15:21:01,0.03333333333333333,2.8665415445963536,0
2013-08-14,15:26:01,0,3.9332326253255214,0
2013-08-14,15:31:01,0,4.399909973144531,0
2013-08-14,15:36:01,0.26666666666666666,4.466578165690104,100.0
2013-08-14,15:41:01,1.0,12.666587829589842,100.0
2013-08-14,15:46:01,1.0,14.666595458984375,100.0
2013-08-14,15:51:01,1.0,16.533292134602863,100.0
2013-08-14,15:56:01,1.0,13.73326619466146,100.0
2013-08-14,16:01:01,1.0,14.333279927571619,100.0
2013-08-14,16:06:01,1.8333333333333333,21.466611226399742,100.0
2013-08-14,16:11:01,0.03333333333333333,16.86658223470052,0
2013-08-14,16:16:01,0,5.133260091145833,0
2013-08-14,16:21:01,0,3.7998962402343754,0
2013-08-14,16:26:01,0,3.46655527750651,0
2013-08-14,16:31:01,0,2.6665369669596357,0
2013-08-14,16:36:01,0,2.7998733520507812,0
2013-08-14,16:41:01,0,1.5998458862304685,0
2013-08-14,16:46:01,0.2,2.3331960042317705,0
2013-08-14,16:51:01,0,3.9332326253255214,0
2013-08-14,16:56:01,0,3.3332188924153656,0
2013-08-14,17:01:01,0,3.9999008178710938,0
2013-08-14,17:06:01,0.06666666666666668,2.199859619140625,0
2013-08-14,17:11:01,0,2.3998641967773438,0
2013-08-14,17:16:01,0.03333333333333333,2.9998779296875,0
2013-08-14,17:21:01,0.1,3.5998916625976562,0
2013-08-14,17:26:02,0,4.466578165690104,0
2013-08-14,17:31:02,0,4.399909973144531,0
2013-08-14,17:36:02,0,2.733205159505209,0
2013-08-14,17:41:02,0,3.1332143147786455,0
2013-08-14,17:46:02,0,3.9332326253255214,0
2013-08-14,17:51:02,0,3.7998962402343754,0
2013-08-14,17:56:02,2.5,6.399892171223959,100.0
2013-08-14,18:01:02,5.7666666666666675,25.799903869628903,1.0666666666666669
2013-08-14,18:06:02,4.3,22.9998779296875,0.2
2013-08-14,18:11:02,3.8666666666666663,13.599891662597658,0.06666666666666668
2013-08-14,18:16:02,3.633333333333333,8.999900817871094,0.06666666666666668
2013-08-14,18:21:02,3.633333333333333,5.999946594238281,0
2013-08-14,18:26:02,3.733333333333333,6.599922180175781,0.06666666666666668
2013-08-14,18:31:01,4.033333333333333,9.399833679199219,0.06666666666666668
2013-08-14,18:36:01,4.0,7.399940490722656,0.06666666666666668
2013-08-14,18:41:01,4.433333333333334,6.3999176025390625,0.4
2013-08-14,18:46:01,5.0,6.133282979329426,1.1333333333333333
2013-08-14,18:51:01,2.466666666666667,15.666605631510414,3.6666666666666665
2013-08-14,18:56:01,0.9,9.866587320963541,3.733333333333333
2013-08-14,19:01:01,1.0,7.866566975911458,100.0
2013-08-14,19:06:02,1.0,7.799949645996093,4.0
2013-08-14,19:11:02,1.0,6.599922180175781,4.0
2013-08-14,19:16:02,0.8666666666666667,5.399932861328125,4.0
2013-08-14,19:21:02,0.8,7.666613260904947,4.0
2013-08-14,19:26:02,0.9666666666666668,7.733281453450519,3.933333333333333
2013-08-14,19:31:02,0.8666666666666667,7.599906921386719,4.0
2013-08-14,19:36:02,0.8,6.066614786783854,4.0
2013-08-14,19:41:02,1.2333333333333334,7.799873352050782,100.0
2013-08-14,19:46:02,1.5,13.999900817871094,100.0
2013-08-14,19:51:02,1.5,18.19988250732422,100.0
2013-08-14,19:56:02,1.5,18.399887084960938,100.0
2013-08-14,20:01:02,1.5,17.999916076660156,100.0
2013-08-14,20:06:02,2.2,21.199913024902344,100.0
2013-08-14,20:11:02,1.3,16.999855041503906,100.0
2013-08-14,20:16:02,5.1,15.999908447265627,3.933333333333333
2013-08-14,20:21:02,0.9,37.066548665364586,3.8666666666666663
2013-08-14,20:26:02,0.9,16.99993133544922,4.0
2013-08-14,20:31:02,0.9333333333333332,12.599868774414064,3.8666666666666663
2013-08-14,20:36:02,0.9333333333333332,6.86663309733073,3.8
2013-08-14,20:41:02,0.9,6.399955749511718,3.8
2013-08-14,20:46:02,0.7666666666666667,4.9999237060546875,3.8
2013-08-14,20:51:02,0.8,6.266619364420572,3.8
2013-08-14,20:56:02,0.9,6.399955749511718,3.733333333333333
2013-08-14,21:01:03,0.8666666666666667,5.533269246419271,3.8666666666666663
2013-08-14,21:06:03,0.7666666666666667,5.7999420166015625,3.8
2013-08-14,21:11:03,0.6666666666666667,4.399909973144531,3.8
2013-08-14,21:16:03,0.7333333333333333,5.999946594238281,3.733333333333333
2013-08-14,21:21:03,0.9333333333333332,6.799964904785156,3.8666666666666663
2013-08-14,21:26:03,0.9,6.599922180175781,3.8
2013-08-14,21:31:03,0.9,7.7999114990234375,3.8
2013-08-14,21:36:03,0.8,6.799926757812499,3.8
2013-08-14,21:41:03,0.9,6.066614786783854,3.733333333333333
2013-08-14,21:46:03,0.9666666666666668,5.133260091145833,3.8
2013-08-14,21:51:03,0.9333333333333332,7.733243306477864,3.8666666666666663
2013-08-14,21:56:03,0.8,6.999918619791666,3.8666666666666663
2013-08-14,22:01:03,0.9666666666666668,4.799919128417969,3.733333333333333
2013-08-14,22:06:03,0.8666666666666667,4.1999053955078125,3.6666666666666665
2013-08-14,22:11:03,1.0,6.399955749511718,3.8
2013-08-14,22:16:03,0.7,6.799964904785156,3.8
2013-08-14,22:21:03,0.9333333333333332,4.933255513509115,3.8666666666666663
2013-08-14,22:26:03,0.8,6.199951171875,3.8666666666666663
2013-08-14,22:31:03,0.8,4.799919128417969,3.733333333333333
2013-08-14,22:36:03,0.9333333333333332,7.133216857910156,4.0
2013-08-14,22:41:03,0.9333333333333332,5.666592915852865,4.2
2013-08-14,22:46:03,0.9666666666666668,5.999946594238281,3.8
2013-08-14,22:51:03,0.8666666666666667,6.86663309733073,4.066666666666666
2013-08-14,22:56:03,0.9666666666666668,6.599960327148438,3.933333333333333
2013-08-14,23:01:03,1.1,7.533276875813801,100.0
2013-08-14,23:06:03,1.0,10.133247375488281,4.133333333333334
2013-08-14,23:11:04,1.0,6.933301289876302,4.0
2013-08-14,23:16:04,1.0,6.133282979329426,3.933333333333333
2013-08-14,23:21:04,1.0,5.999946594238281,4.0
2013-08-14,23:26:04,0.9666666666666668,5.999946594238281,4.0
2013-08-14,23:31:04,1.0,5.933278401692709,4.0
2013-08-14,23:36:04,0.8666666666666667,5.733273824055988,4.0
2013-08-14,23:41:04,1.1,5.599937438964844,100.0
2013-08-14,23:46:04,1.5,14.7332509358724,100.0
2013-08-14,23:51:04,1.5,17.533213297526043,100.0
2013-08-14,23:56:04,1.5333333333333334,18.533185323079426,100.0
2013-08-15,00:01:04,1.5333333333333334,18.86652628580729,100.0
2013-08-15,00:06:04,2.2666666666666666,25.866572062174487,100.0
2013-08-15,00:11:04,1.5,21.59992218017578,100.0
2013-08-15,00:16:04,1.0,14.999910990397133,4.0
2013-08-15,00:21:04,0.8666666666666667,6.666615804036459,3.933333333333333
2013-08-15,00:26:04,0.8666666666666667,5.933252970377604,4.0
2013-08-15,00:31:04,0.9666666666666668,6.066602071126303,3.8666666666666663
2013-08-15,00:36:04,1.0,5.06659189860026,3.733333333333333
2013-08-15,00:41:04,0.9666666666666668,6.133282979329426,3.733333333333333
2013-08-15,00:46:04,0.9666666666666668,6.533292134602865,3.8666666666666663
2013-08-15,00:51:04,0.8666666666666667,4.399909973144531,3.8666666666666663
2013-08-15,00:56:05,0.8666666666666667,5.399932861328125,4.0
2013-08-15,01:01:05,0.8666666666666667,6.333287556966144,100.0
2013-08-15,01:06:05,0.9333333333333332,7.399940490722656,3.8
2013-08-15,01:11:05,0.8666666666666667,4.933255513509115,3.933333333333333
2013-08-15,01:16:05,0.8666666666666667,4.7332509358723955,4.0
2013-08-15,01:21:05,0.9,5.133260091145833,4.066666666666666
2013-08-15,01:26:05,0.9666666666666668,6.533253987630207,3.933333333333333
2013-08-15,01:31:05,1.5666666666666669,6.666603088378905,4.533333333333333
2013-08-15,01:36:05,5.7333333333333325,18.933232625325523,100.0
2013-08-15,01:41:05,3.433333333333333,21.0665766398112,100.0
2013-08-15,01:46:05,2.3,21.93326314290364,100.0
2013-08-15,01:51:05,2.933333333333333,19.133199055989582,100.0
2013-08-15,01:56:05,2.733333333333333,22.533276875813797,100.0
2013-08-15,02:01:05,1.6333333333333335,19.399871826171875,100.0
2013-08-15,02:06:05,2.533333333333333,23.599904378255204,100.0
2013-08-15,02:11:05,1.0333333333333332,18.599891662597656,4.133333333333334
2013-08-15,02:16:05,1.0,8.466567993164062,3.8
2013-08-15,02:21:05,1.0,6.066614786783854,4.0
2013-08-15,02:26:05,1.0,7.666575113932293,4.066666666666666
2013-08-15,02:31:05,1.0,7.933273315429687,4.0
2013-08-15,02:36:05,1.0,6.733296712239584,4.0
2013-08-15,02:41:05,1.0,5.666605631510416,4.066666666666666
2013-08-15,02:46:05,1.0,4.7332509358723955,3.733333333333333
2013-08-15,02:51:05,1.0,4.799919128417969,3.8666666666666663
2013-08-15,02:56:05,1.0,5.399932861328125,4.0
2013-08-15,03:01:05,1.0,5.133260091145833,3.8666666666666663
2013-08-15,03:06:05,1.0,6.266619364420572,4.0
2013-08-15,03:11:05,1.0,7.13330586751302,3.8666666666666663
2013-08-15,03:16:05,1.0,6.399955749511718,3.8
2013-08-15,03:21:05,1.0,5.2665964762369795,3.933333333333333
2013-08-15,03:26:05,1.0,6.133282979329426,3.933333333333333
2013-08-15,03:31:05,1.0,5.999946594238281,3.8
2013-08-15,03:36:05,1.0,7.733268737792969,3.8666666666666663
2013-08-15,03:41:05,1.0,7.266578674316407,3.8666666666666663
2013-08-15,03:46:05,1.0,5.533269246419271,3.8666666666666663
2013-08-15,03:51:05,1.0,5.533269246419271,3.8666666666666663
2013-08-15,03:56:05,1.0333333333333332,5.999946594238281,100.0
2013-08-15,04:01:05,1.9,6.733283996582032,100.0
2013-08-15,04:06:05,1.8333333333333333,7.399953206380207,100.0
2013-08-15,04:11:05,1.8333333333333333,6.533292134602865,100.0
2013-08-15,04:16:05,1.2666666666666666,7.466646830240885,100.0
2013-08-15,04:21:06,1.0,7.7999114990234375,3.8666666666666663
2013-08-15,04:26:06,1.0,5.06659189860026,4.0
2013-08-15,04:31:06,1.0,6.733296712239584,4.0
2013-08-15,04:36:06,1.0,6.999969482421875,4.0
2013-08-15,04:41:06,1.0,6.599960327148438,4.066666666666666
2013-08-15,04:46:06,1.0,5.999946594238281,4.0
2013-08-15,04:51:06,1.0,5.999946594238281,3.933333333333333
2013-08-15,04:56:06,1.0,8.533236185709635,4.0
2013-08-15,05:01:06,1.0,7.8665924072265625,4.0
2013-08-15,05:06:06,1.0,7.066612243652344,4.0
2013-08-15,05:11:06,1.0,6.799964904785156,4.0
2013-08-15,05:16:06,1.0,6.199951171875,4.0
2013-08-15,05:21:06,1.0,6.799964904785156,4.0
2013-08-15,05:26:06,1.0,7.266591389973959,4.0
2013-08-15,05:31:06,1.0,6.333262125651042,4.0
2013-08-15,05:36:06,1.0,6.333287556966144,4.0
2013-08-15,05:41:06,1.0,5.2665964762369795,4.0
2013-08-15,05:46:06,1.0,6.399955749511718,4.066666666666666
2013-08-15,05:51:06,1.0,5.599937438964844,4.0
2013-08-15,05:56:06,1.0,7.133255004882813,4.066666666666666
2013-08-15,06:01:06,1.0,6.3999176025390625,4.0
2013-08-15,06:06:06,1.0,4.59991455078125,4.0
2013-08-15,06:11:06,1.0,6.999867757161458,4.0
2013-08-15,06:16:06,1.0,6.599896748860677,4.066666666666666
2013-08-15,06:21:06,1.0,5.733273824055988,3.933333333333333
2013-08-15,06:26:06,0.9666666666666668,6.99993133544922,4.0
2013-08-15,06:31:06,0.8,6.266619364420572,3.933333333333333
2013-08-15,06:36:06,0.8666666666666667,6.733296712239584,4.0
2013-08-15,06:41:06,0.8666666666666667,6.133282979329426,3.933333333333333
2013-08-15,06:46:06,0.9,6.799926757812499,3.8
2013-08-15,06:51:06,0.9,6.199951171875,3.8666666666666663
2013-08-15,06:56:07,0.7333333333333333,7.066637674967448,3.8666666666666663
2013-08-15,07:01:07,0.7666666666666667,7.066637674967448,100.0
2013-08-15,07:06:07,0.9,5.666605631510416,3.933333333333333
2013-08-15,07:11:07,0.8666666666666667,5.866610209147137,3.933333333333333
2013-08-15,07:16:07,0.8666666666666667,4.133237202962239,3.733333333333333
2013-08-15,07:21:06,0.8666666666666667,3.733228047688802,4.0
2013-08-15,07:26:06,0.9,5.133260091145833,4.0
2013-08-15,07:31:06,0.7666666666666667,6.933301289876302,3.8
2013-08-15,07:36:06,0.9666666666666668,6.733296712239584,3.8
2013-08-15,07:41:06,1.4,12.599919637044273,100.0
2013-08-15,07:46:06,1.5,17.533213297526043,100.0
2013-08-15,07:51:07,1.5,18.999900817871094,100.0
2013-08-15,07:56:07,1.5,16.7999267578125,100.0
2013-08-15,08:01:07,1.5666666666666669,18.799896240234375,100.0
2013-08-15,08:06:07,2.2333333333333334,25.666605631510414,100.0
2013-08-15,08:11:07,1.1333333333333333,21.333249409993492,100.0
2013-08-15,08:16:07,0.9666666666666668,11.799888610839844,4.0
2013-08-15,08:21:07,1.0,8.199920654296875,4.266666666666667
2013-08-15,08:26:07,1.0,5.999946594238281,4.133333333333334
2013-08-15,08:31:07,0.7333333333333333,4.9999237060546875,4.133333333333334
2013-08-15,08:36:07,0.8666666666666667,6.599960327148438,4.266666666666667
2013-08-15,08:41:07,0.9,5.999946594238281,4.133333333333334
2013-08-15,08:46:07,1.0,7.1999359130859375,4.266666666666667
2013-08-15,08:51:07,0.8,6.399955749511718,4.066666666666666
2013-08-15,08:56:07,0.7333333333333333,5.7999420166015625,4.2
2013-08-15,09:01:07,1.0,5.933278401692709,4.2
2013-08-15,09:06:07,0.8333333333333333,6.799964904785156,4.266666666666667
2013-08-15,09:11:07,0.8333333333333333,5.199928283691406,4.066666666666666
2013-08-15,09:16:07,0.8333333333333333,6.399955749511718,4.266666666666667
2013-08-15,09:21:07,0.7333333333333333,4.9999237060546875,4.266666666666667
2013-08-15,09:26:07,0.7666666666666667,4.399909973144531,4.333333333333333
2013-08-15,09:31:07,0.8666666666666667,4.9999237060546875,4.066666666666666
2013-08-15,09:36:07,0.9333333333333332,4.799919128417969,3.933333333333333
2013-08-15,09:41:07,0.9666666666666668,6.266619364420572,3.933333333333333
2013-08-15,09:46:07,0.9333333333333332,7.599906921386719,3.933333333333333
2013-08-15,09:51:07,0.6333333333333333,6.199951171875,4.0
2013-08-15,09:56:07,0.7666666666666667,5.999908447265625,4.0
2013-08-15,10:01:07,1.0,5.666605631510416,3.8666666666666663
2013-08-15,10:06:07,0.9666666666666668,5.599937438964844,3.733333333333333
2013-08-15,10:11:07,1.0,5.2665964762369795,3.8666666666666663
2013-08-15,10:16:08,0.8666666666666667,5.933278401692709,3.8
2013-08-15,10:21:08,0.9,7.199974060058594,3.733333333333333
2013-08-15,10:26:08,0.8333333333333333,6.599960327148438,3.8
2013-08-15,10:31:08,0.9,4.9999237060546875,3.8
2013-08-15,10:36:08,1.0,4.466578165690104,3.733333333333333
2013-08-15,10:41:08,1.0,5.933278401692709,3.8
2013-08-15,10:46:08,0.8333333333333333,6.199951171875,3.733333333333333
2013-08-15,10:51:08,1.0,5.599937438964844,3.8
2013-08-15,10:56:08,0.7333333333333333,3.9999008178710938,3.733333333333333
2013-08-15,11:01:08,1.1,7.399927775065105,100.0
2013-08-15,11:06:08,1.0,9.199905395507812,3.733333333333333
2013-08-15,11:11:08,1.0,6.3999176025390625,3.8
2013-08-15,11:16:08,0.9333333333333332,6.599960327148438,3.8
2013-08-15,11:21:08,0.8333333333333333,5.466601053873697,3.8
2013-08-15,11:26:08,0.8333333333333333,5.999946594238281,3.733333333333333
2013-08-15,11:31:08,0.9,7.199974060058594,3.8
2013-08-15,11:36:08,0.9,5.733273824055988,3.733333333333333
2013-08-15,11:41:08,1.4666666666666666,13.333231608072918,100.0
2013-08-15,11:46:08,1.5,16.59992218017578,100.0
2013-08-15,11:51:08,1.5,17.19989776611328,100.0
2013-08-15,11:56:08,1.5333333333333334,18.399925231933594,100.0
2013-08-15,12:01:08,1.5333333333333334,18.199844360351562,100.0
2013-08-15,12:06:08,2.1666666666666665,21.799888610839844,100.0
2013-08-15,12:11:08,1.1333333333333333,20.19989013671875,100.0
2013-08-15,12:16:08,1.0,9.399948120117188,3.8666666666666663
2013-08-15,12:21:08,1.0,6.599960327148438,3.8666666666666663
2013-08-15,12:26:08,1.0,5.666605631510416,4.0
2013-08-15,12:31:08,1.0,7.266604105631512,3.933333333333333
2013-08-15,12:36:08,1.0,4.333241780598959,3.933333333333333
2013-08-15,12:41:08,1.0,6.266619364420572,3.933333333333333
2013-08-15,12:46:08,1.0,5.733235677083334,3.8
2013-08-15,12:51:08,0.8333333333333333,7.1999359130859375,3.8666666666666663
2013-08-15,12:56:08,0.9333333333333332,5.133260091145833,3.933333333333333
2013-08-15,13:01:08,0.9333333333333332,5.199928283691406,3.8666666666666663
2013-08-15,13:06:08,0.9333333333333332,6.799914042154947,3.8666666666666663
2013-08-15,13:11:08,0.9,7.599881490071615,3.8
2013-08-15,13:16:08,0.9666666666666668,5.99993387858073,3.933333333333333
2013-08-15,13:21:08,1.1666666666666667,6.533253987630207,4.333333333333333
2013-08-15,13:26:08,1.0,6.933250427246093,3.8666666666666663
2013-08-15,13:31:08,1.0,8.266588846842447,3.733333333333333
2013-08-15,13:36:08,1.0,7.3333104451497375,3.933333333333333
2013-08-15,13:41:09,1.0,6.933301289876302,4.133333333333334
2013-08-15,13:46:09,1.0,5.866610209147137,4.0
2013-08-15,13:51:09,1.0,5.933278401692709,4.066666666666666
2013-08-15,13:56:09,1.0,5.133260091145833,4.2
2013-08-15,14:01:09,1.0,6.6666285196940125,4.466666666666667
2013-08-15,14:06:09,1.0,4.59991455078125,4.133333333333334
2013-08-15,14:11:09,1.0,5.933278401692709,4.266666666666667
2013-08-15,14:16:09,1.0,6.333287556966144,4.066666666666666
2013-08-15,14:21:09,1.0,7.599957784016925,4.066666666666666
2013-08-15,14:26:09,1.0,6.399943033854166,4.133333333333334
2013-08-15,14:31:09,1.0,6.533292134602865,4.2
2013-08-15,14:36:09,1.0,3.9332326253255214,4.133333333333334
2013-08-15,14:41:09,1.0,4.799919128417969,4.0
2013-08-15,14:46:09,1.0,7.533251444498699,4.0
2013-08-15,14:51:09,1.0,6.733258565266925,4.066666666666666
2013-08-15,14:56:09,1.0,4.666582743326822,4.0
2013-08-15,15:01:09,1.1,5.06659189860026,100.0
2013-08-15,15:06:09,1.0,8.399887084960938,4.2
2013-08-15,15:11:09,1.0,6.86663309733073,4.333333333333333
2013-08-15,15:16:09,1.0,6.533292134602865,4.333333333333333
2013-08-15,15:21:09,1.0,4.799919128417969,4.2
2013-08-15,15:26:09,1.0,6.199951171875,4.066666666666666
2013-08-15,15:31:09,1.0,6.933263142903646,4.066666666666666
2013-08-15,15:36:09,1.0,6.266581217447918,4.133333333333334
2013-08-15,15:41:09,1.3,8.466593424479168,100.0
2013-08-15,15:46:09,1.6,17.19989776611328,100.0
2013-08-15,15:51:09,1.6333333333333335,18.99987538655599,100.0
2013-08-15,15:56:09,1.6333333333333335,18.19988250732422,100.0
2013-08-15,16:01:09,1.8333333333333333,18.466517130533855,100.0
2013-08-15,16:06:09,2.566666666666667,22.199872334798172,100.0
2013-08-15,16:11:09,1.4,21.933212280273438,100.0
2013-08-15,16:16:09,1.0,12.533226013183594,4.133333333333334
2013-08-15,16:21:09,1.0,5.666592915852865,4.066666666666666
2013-08-15,16:26:09,1.0,6.599960327148438,4.066666666666666
2013-08-15,16:31:09,1.0,7.733256022135417,4.133333333333334
2013-08-15,16:36:09,1.0,5.199915568033854,4.2
2013-08-15,16:41:09,1.0,4.7332509358723955,4.0
2013-08-15,16:46:09,1.0,5.333264668782553,4.066666666666666
2013-08-15,16:51:09,1.0,6.333287556966144,4.0
2013-08-15,16:56:09,1.0,5.466601053873697,4.133333333333334
2013-08-15,17:01:09,1.0,6.599960327148438,4.0
2013-08-15,17:06:09,1.0,8.599866231282551,4.2
2013-08-15,17:11:09,1.0,6.199925740559896,4.133333333333334
2013-08-15,17:16:09,1.0,4.866587320963542,4.333333333333333
2013-08-15,17:21:09,1.0,5.7999420166015625,4.2
2013-08-15,17:26:09,1.0,5.06659189860026,4.0
2013-08-15,17:31:09,1.0333333333333332,5.399932861328125,4.4
2013-08-15,17:36:09,1.0,7.266642252604166,4.066666666666666
2013-08-15,17:41:09,1.0,7.199948628743489,4.066666666666666
2013-08-15,17:46:10,1.0,6.133270263671875,4.066666666666666
2013-08-15,17:51:10,1.0,5.06659189860026,4.066666666666666
2013-08-15,17:56:10,2.7,21.933224995930985,4.266666666666667
2013-08-15,18:01:10,1.0,22.39990234375,4.2
2013-08-15,18:06:10,1.0,9.999885559082031,4.133333333333334
2013-08-15,18:11:10,1.0,7.999928792317706,4.0
2013-08-15,18:16:10,1.0,6.533241271972656,4.0
2013-08-15,18:21:10,1.0,6.066576639811197,4.066666666666666
2013-08-15,18:26:10,1.0,4.9999237060546875,4.133333333333334
2013-08-15,18:31:10,1.0,7.8666051228841125,4.066666666666666
2013-08-15,18:36:10,1.0,5.466575622558594,4.2
2013-08-15,18:41:10,1.0,4.399909973144531,4.133333333333334
2013-08-15,18:46:10,1.0,6.333287556966144,4.0
2013-08-15,18:51:10,1.0,5.666605631510416,4.133333333333334
2013-08-15,18:56:10,1.0,5.06659189860026,4.0
2013-08-15,19:01:10,1.1,8.133214314778646,100.0
2013-08-15,19:06:10,1.0,8.199920654296875,4.2
2013-08-15,19:11:10,1.0,7.4666086832682295,4.0
2013-08-15,19:16:10,1.0,6.066614786783854,4.2
2013-08-15,19:21:10,1.0,6.466623942057291,4.0
2013-08-15,19:26:10,1.0333333333333332,5.333264668782553,4.133333333333334
2013-08-15,19:31:10,1.0,6.799964904785156,4.133333333333334
2013-08-15,19:36:10,1.2,6.3999176025390625,100.0
2013-08-15,19:41:10,1.6,13.933207194010414,100.0
2013-08-15,19:46:10,1.5,17.33320871988932,100.0
2013-08-15,19:51:10,1.5333333333333334,18.26658884684245,100.0
2013-08-15,19:56:10,1.6666666666666663,17.133255004882812,100.0
2013-08-15,20:01:10,1.5,15.866622924804688,100.0
2013-08-15,20:06:10,2.3,24.599901835123696,100.0
2013-08-15,20:11:10,1.0333333333333332,15.666580200195312,4.133333333333334
2013-08-15,20:16:10,1.0,9.533220926920572,4.2
2013-08-15,20:21:10,1.0,6.6666285196940125,4.133333333333334
2013-08-15,20:26:11,1.0333333333333332,6.799926757812499,4.266666666666667
2013-08-15,20:31:11,1.0,5.466601053873697,4.266666666666667
2013-08-15,20:36:11,1.0,4.933255513509115,4.266666666666667
2013-08-15,20:41:11,1.0,6.333249409993489,4.133333333333334
2013-08-15,20:46:11,1.0,6.6666285196940125,4.333333333333333
2013-08-15,20:51:11,1.0,6.333287556966144,4.266666666666667
2013-08-15,20:56:11,1.0,7.066599527994794,4.266666666666667
2013-08-15,21:01:10,1.0,6.933301289876302,4.266666666666667
2013-08-15,21:06:10,1.0,7.066561381022135,4.266666666666667
2013-08-15,21:11:10,1.0,5.2665964762369795,4.333333333333333
2013-08-15,21:16:10,1.0,5.733273824055988,4.266666666666667
2013-08-15,21:21:10,1.0,6.466623942057291,4.266666666666667
2013-08-15,21:26:10,1.0,6.866569519042969,4.266666666666667
2013-08-15,21:31:10,0.9666666666666668,6.13324483235677,4.333333333333333
2013-08-15,21:36:11,1.0,7.399915059407553,4.133333333333334
2013-08-15,21:41:11,1.0,7.999890645345052,4.266666666666667
2013-08-15,21:46:11,1.0,5.999946594238281,4.333333333333333
2013-08-15,21:51:11,1.0,5.199928283691406,4.2
2013-08-15,21:56:11,1.0,6.266568501790365,4.333333333333333
2013-08-15,22:01:11,1.0,6.3999176025390625,4.133333333333334
2013-08-15,22:06:11,1.0,4.866587320963542,4.333333333333333
2013-08-15,22:11:11,1.0,5.2665964762369795,4.4
2013-08-15,22:16:11,1.0,5.999946594238281,4.266666666666667
2013-08-15,22:21:11,1.0,6.133282979329426,4.333333333333333
2013-08-15,22:26:11,1.0,7.666613260904947,4.2
2013-08-15,22:31:11,1.0,8.999862670898438,4.333333333333333
2013-08-15,22:36:11,1.0,6.733296712239584,4.133333333333334
2013-08-15,22:41:11,1.0,6.799964904785156,4.2
2013-08-15,22:46:11,1.0,5.06659189860026,4.4
2013-08-15,22:51:11,1.0,5.733273824055988,4.333333333333333
2013-08-15,22:56:11,1.0,5.399932861328125,4.333333333333333
2013-08-15,23:01:11,1.1,5.599937438964844,100.0
2013-08-15,23:06:11,1.0,6.06658935546875,4.266666666666667
2013-08-15,23:11:11,1.0,5.533269246419271,4.2
2013-08-15,23:16:11,1.0,6.199913024902344,4.2
2013-08-15,23:21:11,1.0,6.066614786783854,4.133333333333334
2013-08-15,23:26:11,1.0,6.599922180175781,4.266666666666667
2013-08-15,23:31:11,1.0,8.466567993164062,4.333333333333333
2013-08-15,23:36:11,1.0333333333333332,7.133267720540365,100.0
2013-08-15,23:41:11,1.6,13.733240763346352,100.0
2013-08-15,23:46:11,1.6333333333333335,15.866559346516926,100.0
2013-08-15,23:51:11,1.5,16.799888610839844,100.0
2013-08-15,23:56:11,1.7333333333333334,19.99988555908203,100.0
2013-08-16,00:01:11,1.6,19.199867248535156,100.0
2013-08-16,00:06:11,2.2,23.199920654296875,100.0
2013-08-16,00:11:12,1.1333333333333333,18.399887084960938,100.0
2013-08-16,00:16:12,1.0,10.599899291992188,4.133333333333334
2013-08-16,00:21:12,0.9666666666666668,6.133282979329426,4.133333333333334
2013-08-16,00:26:12,1.0,5.7999420166015625,4.133333333333334
2013-08-16,00:31:12,1.0,6.999969482421875,4.066666666666666
2013-08-16,00:36:12,1.0,7.199974060058594,4.066666666666666
2013-08-16,00:41:12,1.0,5.466601053873697,4.2
2013-08-16,00:46:12,1.0,5.7999420166015625,4.0
2013-08-16,00:51:12,1.0,5.999946594238281,4.133333333333334
2013-08-16,00:56:12,1.0,5.2665964762369795,4.0
2013-08-16,01:01:12,1.1,6.199913024902344,100.0
2013-08-16,01:06:12,1.0,6.599960327148438,4.066666666666666
2013-08-16,01:11:12,1.0,6.533292134602865,4.066666666666666
2013-08-16,01:16:12,1.0,7.133267720540365,4.066666666666666
2013-08-16,01:21:12,1.0,6.799926757812499,4.066666666666666
2013-08-16,01:26:12,1.0,6.399955749511718,4.0
2013-08-16,01:31:12,1.0,5.2665964762369795,4.533333333333333
2013-08-16,01:36:12,2.3,13.466618855794273,12.133333333333333
2013-08-16,01:41:12,1.6,14.066530863444008,100.0
2013-08-16,01:46:12,1.6666666666666663,18.39984893798828,100.0
2013-08-16,01:51:12,1.6333333333333335,18.19988250732422,100.0
2013-08-16,01:56:12,1.7666666666666666,17.79987335205078,100.0
2013-08-16,02:01:12,1.8333333333333333,21.59992218017578,100.0
2013-08-16,02:06:12,2.533333333333333,24.999923706054688,100.0
2013-08-16,02:11:12,1.3333333333333337,18.999900817871094,100.0
2013-08-16,02:16:12,1.0,9.59991455078125,4.2
2013-08-16,02:21:12,1.0,6.599960327148438,4.133333333333334
2013-08-16,02:26:12,1.0,7.399940490722656,4.133333333333334
2013-08-16,02:31:12,1.0,6.99993133544922,4.266666666666667
2013-08-16,02:36:12,1.0,5.333264668782553,4.266666666666667
2013-08-16,02:41:12,1.0333333333333332,5.7999420166015625,4.2
2013-08-16,02:46:12,1.0,6.199951171875,4.266666666666667
2013-08-16,02:51:12,1.0,7.466570536295575,4.333333333333333
2013-08-16,02:56:12,1.0333333333333332,6.799926757812499,4.333333333333333
2013-08-16,03:01:12,1.0,4.9999237060546875,4.333333333333333
2013-08-16,03:06:12,1.0,4.933255513509115,4.333333333333333
2013-08-16,03:11:12,1.0,5.7999420166015625,4.266666666666667
2013-08-16,03:16:12,1.0,5.399932861328125,4.266666666666667
2013-08-16,03:21:12,1.0333333333333332,6.333287556966144,4.266666666666667
2013-08-16,03:26:12,1.0,7.599945068359375,4.333333333333333
2013-08-16,03:31:12,1.0,4.333241780598959,4.266666666666667
2013-08-16,03:36:12,1.0,5.533269246419271,4.333333333333333
2013-08-16,03:41:12,1.0,5.666605631510416,4.2
2013-08-16,03:46:12,1.0,6.266619364420572,4.333333333333333
2013-08-16,03:51:12,1.0333333333333332,8.399925231933594,4.333333333333333
2013-08-16,03:56:12,1.0333333333333332,6.466623942057291,100.0
2013-08-16,04:01:12,2.0,6.933301289876302,100.0
2013-08-16,04:06:12,2.0,7.533276875813801,100.0
2013-08-16,04:11:12,2.0,6.199951171875,100.0
2013-08-16,04:16:12,1.3,5.599937438964844,100.0
2013-08-16,04:21:12,1.0,4.933255513509115,4.066666666666666
2013-08-16,04:26:12,1.0333333333333332,7.799886067708334,4.133333333333334
2013-08-16,04:31:12,1.0,8.399874369303385,4.133333333333334
2013-08-16,04:36:13,1.0,6.6666285196940125,4.0
2013-08-16,04:41:13,1.0,6.86663309733073,4.2
2013-08-16,04:46:13,1.0,6.599960327148438,4.0
2013-08-16,04:51:13,1.0,4.933255513509115,4.133333333333334
2013-08-16,04:56:13,1.0,6.533253987630207,4.066666666666666
2013-08-16,05:01:13,1.0,6.199951171875,4.133333333333334
2013-08-16,05:06:13,1.0,5.333264668782553,4.133333333333334
2013-08-16,05:11:13,1.0,5.399932861328125,4.133333333333334
2013-08-16,05:16:13,1.0,5.2665964762369795,4.0
2013-08-16,05:21:13,1.0,4.7332509358723955,4.0
2013-08-16,05:26:13,1.0,6.466585795084636,4.0
2013-08-16,05:31:13,1.0,6.066614786783854,4.0
2013-08-16,05:36:13,1.0,5.933278401692709,4.066666666666666
2013-08-16,05:41:13,1.0,6.199951171875,4.066666666666666
2013-08-16,05:46:13,1.0,5.866610209147137,4.133333333333334
2013-08-16,05:51:13,1.0,6.199951171875,4.133333333333334
2013-08-16,05:56:13,1.0,5.7999420166015625,4.066666666666666
2013-08-16,06:01:13,1.0,6.466623942057291,4.2
2013-08-16,06:06:13,1.0,5.933278401692709,4.133333333333334
2013-08-16,06:11:13,1.0,6.399955749511718,4.0
2013-08-16,06:16:13,1.0,5.599937438964844,4.066666666666666
2013-08-16,06:21:13,1.0,6.199951171875,4.333333333333333
2013-08-16,06:26:13,1.0,6.999969482421875,4.133333333333334
2013-08-16,06:31:13,1.0,5.333264668782553,4.2
2013-08-16,06:36:13,1.0,4.7332509358723955,4.133333333333334
2013-08-16,06:41:13,1.0,5.2665964762369795,4.2
2013-08-16,06:46:13,1.0,5.933278401692709,4.2
2013-08-16,06:51:13,1.0,5.933278401692709,4.066666666666666
2013-08-16,06:56:13,1.0,6.466585795084636,4.133333333333334
2013-08-16,07:01:13,1.1,9.266599019368488,100.0
2013-08-16,07:06:13,1.0,10.066579182942709,4.2
2013-08-16,07:11:13,1.0,6.133282979329426,4.333333333333333
2013-08-16,07:16:13,1.0,7.9999033610026045,4.0
2013-08-16,07:21:13,1.0,7.66656239827474,4.266666666666667
2013-08-16,07:26:13,1.0,4.866587320963542,4.266666666666667
2013-08-16,07:31:13,1.0,7.133267720540365,4.333333333333333
2013-08-16,07:36:13,1.0,5.399932861328125,4.4
2013-08-16,07:41:13,1.2666666666666666,8.399976094563801,100.0
2013-08-16,07:46:13,1.5666666666666669,13.533223470052084,100.0
2013-08-16,07:51:13,1.7,19.133211771647133,100.0
2013-08-16,07:56:13,1.5666666666666669,19.666544596354164,100.0
2013-08-16,08:01:13,1.6,18.19988250732422,100.0
2013-08-16,08:06:13,2.2333333333333334,23.866539001464844,100.0
2013-08-16,08:11:13,1.5666666666666669,20.066541035970047,100.0
2013-08-16,08:16:13,1.0,13.13323974609375,4.133333333333334
2013-08-16,08:21:14,1.0,6.533279418945312,4.133333333333334
2013-08-16,08:26:14,1.0,6.3999176025390625,4.133333333333334
2013-08-16,08:31:14,1.0,5.733273824055988,4.0
2013-08-16,08:36:14,1.0,4.399909973144531,4.066666666666666
2013-08-16,08:41:14,1.0,5.199928283691406,4.0
2013-08-16,08:46:14,1.0,4.399909973144531,4.066666666666666
2013-08-16,08:51:14,1.0,6.066614786783854,4.0
2013-08-16,08:56:14,1.0,6.466623942057291,4.066666666666666
2013-08-16,09:01:14,1.0,6.866620381673178,4.0
2013-08-16,09:06:14,1.0,5.533243815104168,4.066666666666666
2013-08-16,09:11:14,1.0,7.199974060058594,4.0
2013-08-16,09:16:14,1.0,5.733273824055988,4.066666666666666
2013-08-16,09:21:14,1.0,5.2665964762369795,4.133333333333334
2013-08-16,09:26:14,1.0,8.133277893066406,4.0
2013-08-16,09:31:14,1.0,5.666605631510416,4.0
2013-08-16,09:36:14,1.0,4.9999237060546875,4.0
2013-08-16,09:41:14,1.0,5.666605631510416,4.066666666666666
2013-08-16,09:46:14,1.0,6.999969482421875,4.0
2013-08-16,09:51:14,1.0,5.333264668782553,4.2
2013-08-16,09:56:14,1.0,4.59991455078125,4.2
2013-08-16,10:01:14,1.0,6.199951171875,4.2
2013-08-16,10:06:14,1.0,4.59991455078125,4.066666666666666
2013-08-16,10:11:14,1.0,4.59991455078125,4.066666666666666
2013-08-16,10:16:14,1.0,5.666605631510416,4.066666666666666
2013-08-16,10:21:14,1.0,6.266581217447918,4.0
2013-08-16,10:26:14,1.0,6.133282979329426,4.0
2013-08-16,10:31:14,1.0,9.533195495605469,4.066666666666666
2013-08-16,10:36:14,1.0,7.466621398925781,4.066666666666666
2013-08-16,10:41:14,1.0,5.933240254720053,3.933333333333333
2013-08-16,10:46:14,1.0,5.866610209147137,4.066666666666666
2013-08-16,10:51:14,1.0,6.799964904785156,4.0
2013-08-16,10:56:14,1.0,5.733273824055988,4.133333333333334
2013-08-16,11:01:14,1.1,6.933301289876302,100.0
2013-08-16,11:06:14,1.0,8.266588846842447,4.066666666666666
2013-08-16,11:11:14,1.0,5.933278401692709,4.133333333333334
2013-08-16,11:16:14,1.0,6.466623942057291,4.0
2013-08-16,11:21:15,1.0,4.799919128417969,4.0
2013-08-16,11:26:15,1.0,5.666605631510416,4.133333333333334
2013-08-16,11:31:15,1.0,5.999946594238281,4.0
2013-08-16,11:36:15,1.0,6.066614786783854,4.066666666666666
2013-08-16,11:41:15,1.3333333333333337,9.666608174641928,100.0
2013-08-16,11:46:15,1.5666666666666669,16.599909464518227,100.0
2013-08-16,11:51:15,1.7,21.999893188476562,100.0
2013-08-16,11:56:15,1.7333333333333334,19.13323720296224,100.0
2013-08-16,12:01:15,1.5,20.19989013671875,100.0
2013-08-16,12:06:15,2.4333333333333336,22.066586812337235,100.0
2013-08-16,12:11:15,1.6,21.733233133951828,100.0
2013-08-16,12:16:15,1.0,12.799898783365881,4.2
2013-08-16,12:21:15,1.0,5.2665964762369795,4.333333333333333
2013-08-16,12:26:15,1.0,6.999969482421875,4.333333333333333
2013-08-16,12:31:15,1.0,8.79988352457682,4.266666666666667
2013-08-16,12:36:15,1.0,6.866607666015626,4.266666666666667
2013-08-16,12:41:15,1.0,6.733296712239584,4.333333333333333
2013-08-16,12:46:15,1.0,6.999918619791666,4.333333333333333
2013-08-16,12:51:15,1.0,5.866546630859375,4.4
2013-08-16,12:56:15,1.0,6.733296712239584,4.333333333333333
2013-08-16,13:01:15,1.0,6.799964904785156,4.133333333333334
2013-08-16,13:06:15,1.0,6.133282979329426,4.333333333333333
2013-08-16,13:11:15,1.0,4.933255513509115,4.266666666666667
2013-08-16,13:16:15,1.0,5.333264668782553,4.266666666666667
2013-08-16,13:21:15,1.0,4.7332509358723955,4.2
2013-08-16,13:26:15,1.0,8.266614278157553,4.2
2013-08-16,13:31:15,1.0,7.999928792317706,4.266666666666667
2013-08-16,13:36:15,1.0,5.333264668782553,4.333333333333333
2013-08-16,13:41:15,1.0,4.866587320963542,4.133333333333334
2013-08-16,13:46:15,2.7,26.866569519042972,4.266666666666667
2013-08-16,13:51:16,0.9666666666666668,24.866625467936203,4.266666666666667
2013-08-16,13:56:16,1.0,11.733220418294273,4.2
2013-08-16,14:01:16,1.0,9.466590881347656,4.2
2013-08-16,14:06:16,1.0,6.066614786783854,4.266666666666667
2013-08-16,14:11:16,1.0,5.2665964762369795,4.133333333333334
2013-08-16,14:16:16,1.0,6.599960327148438,4.133333333333334
2013-08-16,14:21:16,1.0,6.333287556966144,4.133333333333334
2013-08-16,14:26:16,1.0,8.933232625325521,4.0
2013-08-16,14:31:16,1.0,7.399940490722656,4.0
2013-08-16,14:36:16,1.0,6.599960327148438,4.133333333333334
2013-08-16,14:41:16,1.0,6.99993133544922,4.066666666666666
2013-08-16,14:46:16,1.0,5.533269246419271,4.066666666666666
2013-08-16,14:51:16,1.0,5.399932861328125,4.066666666666666
2013-08-16,14:56:16,1.0,5.866610209147137,4.066666666666666
2013-08-16,15:01:16,1.1,6.933263142903646,100.0
2013-08-16,15:06:16,1.0,9.066556294759115,4.0
2013-08-16,15:11:16,1.0,7.133267720540365,4.2
2013-08-16,15:16:16,1.0,6.133282979329426,4.0
2013-08-16,15:21:16,1.0,5.866610209147137,4.0
2013-08-16,15:26:16,1.0,7.399902343750001,4.066666666666666
2013-08-16,15:31:16,1.0,6.3999176025390625,4.0
2013-08-16,15:36:16,1.0,4.466578165690104,3.8666666666666663
2013-08-16,15:41:16,1.4,5.866559346516928,100.0
2013-08-16,15:46:16,1.5333333333333334,16.133193969726562,100.0
2013-08-16,15:51:16,1.7333333333333334,17.666587829589844,100.0
2013-08-16,15:56:16,1.8333333333333333,15.799903869628906,100.0
2013-08-16,16:01:16,1.7666666666666666,16.59992218017578,100.0
2013-08-16,16:06:16,2.2666666666666666,23.999875386555985,100.0
2013-08-16,16:11:16,1.5,21.999893188476562,100.0
2013-08-16,16:16:16,1.0,11.933224995930992,3.6666666666666665
2013-08-16,16:21:16,1.0,5.866610209147137,3.8666666666666663
2013-08-16,16:26:16,1.0,6.199951171875,3.733333333333333
2013-08-16,16:31:16,1.0,5.7999420166015625,3.733333333333333
2013-08-16,16:36:16,1.0,6.599960327148438,3.733333333333333
2013-08-16,16:41:16,1.0,8.8665771484375,3.733333333333333
2013-08-16,16:46:16,1.0,6.999918619791666,3.733333333333333
2013-08-16,16:51:16,1.0,6.666590372721354,3.8
2013-08-16,16:56:16,1.0,6.99993133544922,3.8
2013-08-16,17:01:16,1.0,5.466601053873697,3.733333333333333
2013-08-16,17:06:16,1.0,5.333264668782553,3.8
2013-08-16,17:11:16,1.0,4.666582743326822,3.8666666666666663
2013-08-16,17:16:16,1.0,3.9999008178710938,4.0
2013-08-16,17:21:16,1.0,5.599937438964844,4.0
2013-08-16,17:26:16,1.0,8.199920654296875,4.0
2013-08-16,17:31:17,1.0,7.99994150797526,4.0
2013-08-16,17:36:17,1.0,6.799926757812499,4.0
2013-08-16,17:41:17,1.0,4.1999053955078125,3.8666666666666663
2013-08-16,17:46:17,1.0,4.1999053955078125,3.933333333333333
2013-08-16,17:51:17,1.0,5.06659189860026,3.733333333333333
2013-08-16,17:56:17,1.0333333333333332,7.133267720540365,3.933333333333333
2013-08-16,18:01:17,1.0,6.3999176025390625,4.0
2013-08-16,18:06:17,1.0,6.599960327148438,3.933333333333333
2013-08-16,18:11:17,1.0,6.933301289876302,3.933333333333333
2013-08-16,18:16:17,1.0,6.399955749511718,3.8
2013-08-16,18:21:17,1.0,5.599937438964844,3.8
2013-08-16,18:26:17,1.0,5.999946594238281,3.733333333333333
2013-08-16,18:31:17,1.0,6.333287556966144,3.733333333333333
2013-08-16,18:36:17,1.0,6.599922180175781,3.733333333333333
2013-08-16,18:41:17,1.0,5.199928283691406,3.8666666666666663
2013-08-16,18:46:17,1.0,4.599901835123697,3.6666666666666665
2013-08-16,18:51:17,1.0,7.399864196777344,3.733333333333333
2013-08-16,18:56:17,1.0,6.199913024902344,3.8
2013-08-16,19:01:17,1.1,5.199928283691406,100.0
2013-08-16,19:06:17,1.0,5.599937438964844,4.2
2013-08-16,19:11:17,1.0,6.999969482421875,4.066666666666666
2013-08-16,19:16:17,1.0,6.799926757812499,4.133333333333334
2013-08-16,19:21:17,1.0,4.928493499755859,3.7142857142857135
2013-08-16,19:26:17,1.0,5.071353912353516,3.8571428571428568
2013-08-16,19:31:17,1.0,6.42852783203125,3.8571428571428568
2013-08-16,19:36:17,1.0,5.714225769042969,3.7142857142857135
2013-08-16,19:41:17,1.5,12.857001168387278,100.0
2013-08-16,19:46:17,1.5357142857142858,17.785590035574778,100.0
2013-08-16,19:51:18,1.5,18.599891662597656,100.0
2013-08-16,19:56:18,1.6,16.59992218017578,100.0
2013-08-16,20:01:18,1.6071428571428572,18.142781938825337,100.0
2013-08-16,20:06:18,2.2666666666666666,27.999954223632812,100.0
2013-08-16,20:11:18,1.1666666666666667,18.999900817871094,100.0
2013-08-16,20:16:18,1.0,10.399894714355469,4.133333333333334
2013-08-16,20:21:18,1.0,5.999946594238281,4.066666666666666
2013-08-16,20:26:18,1.0,6.399955749511718,4.133333333333334
2013-08-16,20:31:18,1.0,6.599922180175781,4.066666666666666
2013-08-16,20:36:18,1.0,4.59991455078125,4.066666666666666
2013-08-16,20:41:18,1.0,5.28564453125,3.928571428571429
2013-08-16,20:46:18,1.0,6.285667419433594,3.6428571428571432
2013-08-16,20:51:18,1.0,5.4999079023088715,3.6428571428571432
2013-08-16,20:56:18,1.0,4.214191436767578,3.7142857142857135
2013-08-16,21:01:18,1.0,4.9999237060546875,4.266666666666667
2013-08-16,21:06:18,1.0,5.199928283691406,4.133333333333334
2013-08-16,21:11:18,1.0,5.599937438964844,4.0
2013-08-16,21:16:18,1.0,5.999946594238281,4.0
2013-08-16,21:21:18,1.0,5.399932861328125,4.0
2013-08-16,21:26:18,1.0,5.2665964762369795,4.0
2013-08-16,21:31:18,1.0666666666666669,6.066614786783854,4.066666666666666
2013-08-16,21:36:18,1.0,5.133260091145833,4.0
2013-08-16,21:41:18,1.0,3.9332326253255214,4.0
2013-08-16,21:46:18,1.0,5.666605631510416,4.0
2013-08-16,21:51:18,1.0,4.533246358235678,4.066666666666666
2013-08-16,21:56:18,1.0,5.7999420166015625,4.0
2013-08-16,22:01:19,1.0,7.399940490722656,4.133333333333334
2013-08-16,22:06:19,1.0,4.533246358235678,4.0
2013-08-16,22:11:19,1.0,6.466623942057291,4.0
2013-08-16,22:16:19,1.0,6.799926757812499,4.0
2013-08-16,22:21:19,1.0,5.06659189860026,4.2
2013-08-16,22:26:19,1.0,5.7999420166015625,4.266666666666667
2013-08-16,22:31:19,1.0,6.799964904785156,4.266666666666667
2013-08-16,22:36:19,1.0,6.733296712239584,4.266666666666667
2013-08-16,22:41:19,1.0,7.533238728841146,4.4
2013-08-16,22:46:19,1.0,7.7999114990234375,4.266666666666667
2013-08-16,22:51:19,1.0,5.933278401692709,4.2
2013-08-16,22:56:19,1.0,5.599937438964844,4.266666666666667
2013-08-16,23:01:19,1.1,5.599937438964844,100.0
2013-08-16,23:06:19,1.0,6.599960327148438,4.266666666666667
2013-08-16,23:11:19,1.0,4.399909973144531,4.333333333333333
2013-08-16,23:16:19,1.0,6.6666285196940125,4.266666666666667
2013-08-16,23:21:19,1.0,4.466578165690104,4.2
2013-08-16,23:26:19,1.0,5.599937438964844,4.333333333333333
2013-08-16,23:31:19,1.0,5.999946594238281,4.333333333333333
2013-08-16,23:36:19,1.0,5.399932861328125,4.2
2013-08-16,23:41:19,1.0333333333333332,5.466601053873697,100.0
2013-08-16,23:46:19,1.7666666666666666,11.999931335449219,100.0
2013-08-16,23:51:19,1.6333333333333335,17.666613260904946,100.0
2013-08-16,23:56:19,1.6666666666666663,19.39990997314453,100.0
2013-08-17,00:01:19,1.6666666666666663,18.999900817871094,100.0
2013-08-17,00:06:19,2.2666666666666666,25.466601053873706,100.0
2013-08-17,00:11:19,1.6333333333333335,19.399871826171875,100.0
2013-08-17,00:16:19,1.1,15.399894714355469,100.0
2013-08-17,00:21:19,1.0,8.399925231933594,4.133333333333334
2013-08-17,00:26:19,1.0,6.666590372721354,4.133333333333334
2013-08-17,00:31:19,1.0,5.7999420166015625,4.2
2013-08-17,00:36:19,1.0,4.1999053955078125,4.0
2013-08-17,00:41:19,1.0,6.399892171223959,4.133333333333334
2013-08-17,00:46:19,1.0,8.066596984863281,4.2
2013-08-17,00:51:19,1.0,6.3999176025390625,4.266666666666667
2013-08-17,00:56:19,1.0,5.599937438964844,4.133333333333334
2013-08-17,01:01:19,1.1,5.666605631510416,100.0
2013-08-17,01:06:19,1.0,7.7999114990234375,4.2
2013-08-17,01:11:19,1.0,4.799919128417969,4.2
2013-08-17,01:16:19,1.0,4.59991455078125,4.066666666666666
2013-08-17,01:21:19,1.0,5.533269246419271,4.133333333333334
2013-08-17,01:26:19,1.0,6.066614786783854,4.133333333333334
2013-08-17,01:31:19,1.0,5.333264668782553,4.6
2013-08-17,01:36:19,2.3666666666666667,13.666610717773436,11.933333333333335
2013-08-17,01:41:19,2.8,17.199935913085938,100.0
2013-08-17,01:46:19,1.5333333333333334,18.399887084960938,100.0
2013-08-17,01:51:20,1.5333333333333334,16.999969482421875,100.0
2013-08-17,01:56:20,1.5666666666666669,19.199905395507812,100.0
2013-08-17,02:01:20,1.7333333333333334,18.399925231933594,100.0
2013-08-17,02:06:20,2.6,23.399899800618492,100.0
2013-08-17,02:11:20,1.3333333333333337,18.866551717122395,100.0
2013-08-17,02:16:20,1.0,8.99993896484375,4.066666666666666
2013-08-17,02:21:20,1.0333333333333332,5.7999420166015625,4.066666666666666
2013-08-17,02:26:20,1.0,4.9999237060546875,3.8666666666666663
2013-08-17,02:31:20,1.0,5.06659189860026,4.133333333333334
2013-08-17,02:36:20,1.0,5.733273824055988,4.066666666666666
2013-08-17,02:41:20,1.0,5.466601053873697,4.0
2013-08-17,02:46:20,1.0,5.7999420166015625,4.066666666666666
2013-08-17,02:51:20,1.0,5.533269246419271,4.0
2013-08-17,02:56:20,1.0,5.2665964762369795,4.0
2013-08-17,03:01:20,1.0,5.2665964762369795,4.2
2013-08-17,03:06:20,1.0,5.666605631510416,4.133333333333334
2013-08-17,03:11:20,1.0,6.99993133544922,4.0
2013-08-17,03:16:20,1.0,7.399940490722656,4.0
2013-08-17,03:21:20,1.0,5.06659189860026,4.2
2013-08-17,03:26:20,1.0,5.06659189860026,4.133333333333334
2013-08-17,03:31:20,1.0,5.866610209147137,4.133333333333334
2013-08-17,03:36:20,1.0,7.533276875813801,4.2
2013-08-17,03:41:20,1.0,5.266558329264323,4.133333333333334
2013-08-17,03:46:20,1.0,5.466575622558594,4.2
2013-08-17,03:51:20,1.0,6.599947611490885,4.133333333333334
2013-08-17,03:56:20,1.1,7.1999359130859375,100.0
2013-08-17,04:01:20,2.0,7.199885050455729,100.0
2013-08-17,04:06:21,2.0,5.466601053873697,100.0
2013-08-17,04:11:21,1.9666666666666663,5.333264668782553,100.0
2013-08-17,04:16:21,1.2,5.333264668782553,100.0
2013-08-17,04:21:21,1.0,4.933255513509115,4.466666666666667
2013-08-17,04:26:21,1.0333333333333332,5.999946594238281,4.466666666666667
2013-08-17,04:31:21,1.0,7.066637674967448,4.466666666666667
2013-08-17,04:36:21,1.0,5.866610209147137,4.4
2013-08-17,04:41:21,1.0,4.59991455078125,4.2
2013-08-17,04:46:21,1.0,5.933278401692709,4.266666666666667
2013-08-17,04:51:21,1.0333333333333332,6.733296712239584,4.466666666666667
2013-08-17,04:56:21,1.0,6.599960327148438,4.266666666666667
2013-08-17,05:01:21,1.0,6.866594950358072,4.4
2013-08-17,05:06:21,1.0,5.133260091145833,4.066666666666666
2013-08-17,05:11:21,1.0,5.06659189860026,4.266666666666667
2013-08-17,05:16:21,1.0,5.466601053873697,4.533333333333333
2013-08-17,05:21:21,1.0,6.933301289876302,4.4
2013-08-17,05:26:21,1.0,5.599937438964844,4.6
2013-08-17,05:31:21,1.0,8.066596984863281,4.4
2013-08-17,05:36:21,1.0,5.599924723307291,4.4
2013-08-17,05:41:21,1.0,4.799919128417969,4.533333333333333
2013-08-17,05:46:21,1.0,4.333241780598959,4.4
2013-08-17,05:51:21,1.0,5.399932861328125,4.266666666666667
2013-08-17,05:56:21,1.0,4.866587320963542,4.066666666666666
2013-08-17,06:01:21,1.0333333333333332,5.399932861328125,4.2
2013-08-17,06:06:21,1.0333333333333332,6.399955749511718,4.066666666666666
2013-08-17,06:11:21,1.0,6.266619364420572,4.066666666666666
2013-08-17,06:16:21,1.0,4.59991455078125,4.066666666666666
2013-08-17,06:21:21,1.0,4.133237202962239,4.133333333333334
2013-08-17,06:26:21,1.0,6.266581217447918,4.0
2013-08-17,06:31:21,1.0,8.333193461100262,4.066666666666666
2013-08-17,06:36:21,1.0,5.866597493489582,4.133333333333334
2013-08-17,06:41:21,1.0,5.666605631510416,4.0
2013-08-17,06:46:21,1.0,7.266591389973959,4.0
2013-08-17,06:51:21,1.0,7.066599527994794,4.066666666666666
2013-08-17,06:56:21,1.0,6.266581217447918,4.0
2013-08-17,07:01:22,1.1,7.13330586751302,100.0
2013-08-17,07:06:22,1.0,7.266604105631512,4.066666666666666
2013-08-17,07:11:22,1.0,6.199951171875,4.066666666666666
2013-08-17,07:16:22,1.0,8.266588846842447,4.0
2013-08-17,07:21:22,1.0,6.399955749511718,4.0
2013-08-17,07:26:22,1.0,6.866594950358072,4.0
2013-08-17,07:31:22,1.0,6.86663309733073,4.133333333333334
2013-08-17,07:36:22,1.0,6.333287556966144,4.0
2013-08-17,07:41:22,1.3333333333333337,8.466606140136719,100.0
2013-08-17,07:46:22,1.6,15.866546630859373,100.0
2013-08-17,07:51:22,1.6333333333333335,19.46654001871745,100.0
2013-08-17,07:56:22,1.5,18.599853515625,100.0
2013-08-17,08:01:22,1.5333333333333334,19.99993642171224,100.0
2013-08-17,08:06:22,2.533333333333333,23.599904378255204,100.0
2013-08-17,08:11:22,1.3333333333333337,20.26655832926432,100.0
2013-08-17,08:16:22,1.0,11.06658935546875,4.133333333333334
2013-08-17,08:21:22,1.0,5.06659189860026,4.066666666666666
2013-08-17,08:26:22,1.0,6.333287556966144,4.2
2013-08-17,08:31:22,1.0,6.266619364420572,4.066666666666666
2013-08-17,08:36:22,1.0,5.666605631510416,4.133333333333334
2013-08-17,08:41:22,1.0,5.466601053873697,4.133333333333334
2013-08-17,08:46:22,1.0,5.599937438964844,4.0
2013-08-17,08:51:22,1.0,4.866587320963542,4.133333333333334
2013-08-17,08:56:22,1.0,5.733273824055988,4.333333333333333
2013-08-17,09:01:22,1.0333333333333332,6.599960327148438,4.6
2013-08-17,09:06:22,1.0,7.066637674967448,4.333333333333333
2013-08-17,09:11:22,1.0,6.066614786783854,4.333333333333333
2013-08-17,09:16:22,1.0,6.466585795084636,4.333333333333333
2013-08-17,09:21:22,1.0,5.666605631510416,4.333333333333333
2013-08-17,09:26:22,1.0,6.333287556966144,4.333333333333333
2013-08-17,09:31:22,1.0,5.733273824055988,4.333333333333333
2013-08-17,09:36:22,1.0,6.199951171875,4.4
2013-08-17,09:41:22,1.0,7.533251444498699,4.333333333333333
2013-08-17,09:46:22,2.733333333333333,15.999933878580727,4.333333333333333
2013-08-17,09:51:22,1.0,28.866564432779946,4.333333333333333
2013-08-17,09:56:22,1.0,11.399879455566406,4.333333333333333
2013-08-17,10:01:22,1.0,9.199918111165363,4.333333333333333
2013-08-17,10:06:22,1.0,6.799914042154947,4.333333333333333
2013-08-17,10:11:22,1.0,5.199928283691406,4.333333333333333
2013-08-17,10:16:22,1.0,4.333241780598959,4.266666666666667
2013-08-17,10:21:22,1.0,6.466623942057291,4.133333333333334
2013-08-17,10:26:22,1.0,7.799949645996093,4.133333333333334
2013-08-17,10:31:22,1.0,6.3999176025390625,4.0
2013-08-17,10:36:22,1.0,7.733256022135417,4.2
2013-08-17,10:41:22,1.0,7.133280436197918,4.133333333333334
2013-08-17,10:46:22,1.0,7.399902343750001,4.066666666666666
2013-08-17,10:51:22,1.0,6.733258565266925,4.066666666666666
2013-08-17,10:56:22,1.0,5.933278401692709,4.0
2013-08-17,11:01:22,1.1,6.933250427246093,100.0
2013-08-17,11:06:22,1.0,8.733202616373697,4.0
2013-08-17,11:11:22,1.0,7.399915059407553,4.066666666666666
2013-08-17,11:16:22,1.0,6.333287556966144,4.0
2013-08-17,11:21:22,1.0,6.533292134602865,4.0
2013-08-17,11:26:22,1.0,6.666590372721354,4.0
2013-08-17,11:31:22,1.0,5.399932861328125,4.0
2013-08-17,11:36:23,1.0,6.133282979329426,4.133333333333334
2013-08-17,11:41:23,1.4666666666666666,9.133211771647135,100.0
2013-08-17,11:46:23,1.5333333333333334,15.133221944173181,100.0
2013-08-17,11:51:23,1.5333333333333334,17.533213297526043,100.0
2013-08-17,11:56:23,1.5,18.33324432373047,100.0
2013-08-17,12:01:23,1.6,21.199913024902344,100.0
2013-08-17,12:06:23,2.2,24.866625467936203,100.0
2013-08-17,12:11:23,1.2,19.666595458984375,100.0
2013-08-17,12:16:23,1.0,9.533259073893227,4.4
2013-08-17,12:21:23,1.0,7.199974060058594,4.266666666666667
2013-08-17,12:26:23,1.0,5.733273824055988,4.2
2013-08-17,12:31:23,1.0,7.533226013183595,4.266666666666667
2013-08-17,12:36:23,1.0,5.933252970377604,4.266666666666667
2013-08-17,12:41:23,1.0,5.999946594238281,4.266666666666667
2013-08-17,12:46:23,1.0,5.2665964762369795,4.333333333333333
2013-08-17,12:51:23,1.0,7.733268737792969,4.2
2013-08-17,12:56:23,1.0,6.53326670328776,4.333333333333333
2013-08-17,13:01:23,1.0,8.199958801269531,4.133333333333334
2013-08-17,13:06:23,1.0,8.133252461751301,4.0
2013-08-17,13:11:23,1.0,6.333249409993489,4.0
2013-08-17,13:16:23,1.0,5.133260091145833,4.0
2013-08-17,13:21:23,1.0,6.333287556966144,4.0
2013-08-17,13:26:24,1.0,6.133282979329426,4.066666666666666
2013-08-17,13:31:24,1.0,5.933278401692709,4.0
2013-08-17,13:36:24,1.0,6.533292134602865,4.0
2013-08-17,13:41:24,1.0,6.99993133544922,4.266666666666667
2013-08-17,13:46:24,1.0,6.6666285196940125,4.133333333333334
2013-08-17,13:51:24,1.0,7.53326416015625,4.2
2013-08-17,13:56:24,1.0,7.133280436197918,4.4
2013-08-17,14:01:24,1.0,5.933278401692709,4.133333333333334
2013-08-17,14:06:24,1.0,6.533292134602865,4.066666666666666
2013-08-17,14:11:24,1.0,5.666605631510416,4.133333333333334
2013-08-17,14:16:24,1.0,5.06659189860026,4.066666666666666
2013-08-17,14:21:24,1.0,5.599937438964844,4.2
2013-08-17,14:26:24,1.0,5.999946594238281,4.333333333333333
2013-08-17,14:31:24,1.0,6.333287556966144,4.266666666666667
2013-08-17,14:36:24,1.0,4.9999237060546875,4.2
2013-08-17,14:41:24,1.0,6.799914042154947,4.333333333333333
2013-08-17,14:46:24,1.0,6.3999176025390625,4.2
2013-08-17,14:51:24,1.0,5.2665964762369795,4.4
2013-08-17,14:56:24,1.0,8.266576131184895,4.333333333333333
2013-08-17,15:01:24,1.1666666666666667,9.199918111165363,100.0
2013-08-17,15:06:24,1.0,8.266588846842447,4.266666666666667
2013-08-17,15:11:24,1.0,7.933247884114582,4.333333333333333
2013-08-17,15:16:24,1.0,7.466583251953125,4.333333333333333
2013-08-17,15:21:24,1.0,6.066576639811197,4.333333333333333
2013-08-17,15:26:24,1.0,6.666590372721354,4.2
2013-08-17,15:31:24,1.0,7.19989776611328,4.266666666666667
2013-08-17,15:36:24,1.0,6.466623942057291,4.2
2013-08-17,15:41:24,1.0,6.199951171875,100.0
2013-08-17,15:46:24,1.5666666666666669,13.466555277506512,100.0
2013-08-17,15:51:25,1.5333333333333334,18.599891662597656,100.0
2013-08-17,15:56:25,1.6,16.59992218017578,100.0
2013-08-17,16:01:25,1.6333333333333335,17.999916076660156,100.0
2013-08-17,16:06:25,2.2666666666666666,26.666526794433594,100.0
2013-08-17,16:11:25,1.6333333333333335,20.19989013671875,100.0
2013-08-17,16:16:25,1.1,14.799880981445312,100.0
2013-08-17,16:21:25,1.0,6.99993133544922,4.333333333333333
2013-08-17,16:26:25,1.0,5.466601053873697,4.266666666666667
2013-08-17,16:31:25,1.0,8.266588846842447,4.266666666666667
2013-08-17,16:36:25,1.0,7.999916076660156,4.266666666666667
2013-08-17,16:41:25,1.0,6.199913024902344,4.2
2013-08-17,16:46:25,1.0,4.799919128417969,4.266666666666667
2013-08-17,16:51:25,1.0,7.5999196370442705,4.066666666666666
2013-08-17,16:56:25,1.0,7.533276875813801,4.266666666666667
2013-08-17,17:01:25,1.0,7.1999359130859375,4.266666666666667
2013-08-17,17:06:25,1.0,4.59991455078125,4.266666666666667
2013-08-17,17:11:25,1.0,4.266573588053386,4.266666666666667
2013-08-17,17:16:25,1.0,5.599937438964844,4.333333333333333
2013-08-17,17:21:25,1.0,4.933255513509115,4.266666666666667
2013-08-17,17:26:25,1.0,5.599937438964844,4.333333333333333
2013-08-17,17:31:25,1.0,6.466623942057291,4.333333333333333
2013-08-17,17:36:25,1.0,7.266604105631512,4.333333333333333
2013-08-17,17:41:25,1.0,6.799964904785156,4.333333333333333
2013-08-17,17:46:25,1.0,7.599906921386719,4.333333333333333
2013-08-17,17:51:25,1.0,5.2665964762369795,4.4
2013-08-17,17:56:25,1.0,6.266581217447918,4.333333333333333
2013-08-17,18:01:25,1.0,6.066576639811197,4.333333333333333
2013-08-17,18:06:25,1.0,5.599937438964844,4.2
2013-08-17,18:11:25,1.0,5.599937438964844,4.266666666666667
2013-08-17,18:16:26,1.0,6.466623942057291,4.133333333333334
2013-08-17,18:21:26,1.0,4.866587320963542,4.266666666666667
2013-08-17,18:26:26,1.0,5.333264668782553,4.333333333333333
2013-08-17,18:31:25,1.0,6.599922180175781,4.266666666666667
2013-08-17,18:36:25,1.0,5.399932861328125,4.266666666666667
2013-08-17,18:41:25,1.0,4.9999237060546875,4.2
2013-08-17,18:46:25,1.0,5.333264668782553,4.2
2013-08-17,18:51:25,1.0,6.799914042154947,4.266666666666667
2013-08-17,18:56:25,1.0,5.466601053873697,4.333333333333333
2013-08-17,19:01:25,1.1,5.599937438964844,100.0
2013-08-17,19:06:25,1.0,7.066599527994794,4.266666666666667
2013-08-17,19:11:25,1.0,6.199951171875,4.066666666666666
2013-08-17,19:16:25,1.0,7.866579691569011,4.2
2013-08-17,19:21:25,1.0,8.199920654296875,4.2
2013-08-17,19:26:25,1.0,6.599960327148438,4.133333333333334
2013-08-17,19:31:25,1.0,5.333264668782553,4.2
2013-08-17,19:36:25,1.0,6.066614786783854,4.2
2013-08-17,19:41:25,1.0333333333333332,5.133260091145833,100.0
2013-08-17,19:46:25,1.5,11.866556803385414,100.0
2013-08-17,19:51:25,1.6666666666666663,19.59991455078125,100.0
2013-08-17,19:56:25,1.5,16.133206685384113,100.0
2013-08-17,20:01:25,1.6,14.19994354248047,100.0
2013-08-17,20:06:26,2.1,26.59990946451823,100.0
2013-08-17,20:11:26,1.6,20.533243815104164,100.0
2013-08-17,20:16:26,1.1333333333333333,14.533284505208332,100.0
2013-08-17,20:21:26,1.0,7.4666086832682295,4.133333333333334
2013-08-17,20:26:26,1.0,6.933301289876302,4.066666666666666
2013-08-17,20:31:26,1.0,6.266581217447918,4.2
2013-08-17,20:36:26,1.0,5.333264668782553,4.333333333333333
2013-08-17,20:41:26,1.0,7.333234151204428,4.266666666666667
2013-08-17,20:46:26,1.0,5.466601053873697,4.266666666666667
2013-08-17,20:51:26,1.0,5.533269246419271,4.266666666666667
2013-08-17,20:56:26,1.0,5.866610209147137,3.933333333333333
2013-08-17,21:01:26,1.0,7.933247884114582,4.333333333333333
2013-08-17,21:06:26,1.0,5.933278401692709,4.266666666666667
2013-08-17,21:11:26,1.0,6.86663309733073,4.266666666666667
2013-08-17,21:16:26,1.0,6.799926757812499,4.266666666666667
2013-08-17,21:21:26,1.0,5.666605631510416,4.2
2013-08-17,21:26:26,1.0,7.999890645345052,4.2
2013-08-17,21:31:26,1.0,9.133262634277344,4.2
2013-08-17,21:36:26,1.0,6.6666285196940125,4.333333333333333
2013-08-17,21:41:26,1.0,5.866610209147137,4.133333333333334
2013-08-17,21:46:26,1.0,4.59991455078125,4.266666666666667
2013-08-17,21:51:26,1.0,4.466578165690104,4.2
2013-08-17,21:56:26,1.0,6.933263142903646,4.266666666666667
2013-08-17,22:01:26,1.0,5.7999420166015625,4.133333333333334
2013-08-17,22:06:26,1.0,6.399955749511718,4.133333333333334
2013-08-17,22:11:26,1.0,6.533292134602865,4.266666666666667
2013-08-17,22:16:26,1.0,6.199951171875,4.333333333333333
2013-08-17,22:21:26,1.0,5.133260091145833,4.266666666666667
2013-08-17,22:26:26,1.0,5.466575622558594,4.266666666666667
2013-08-17,22:31:26,1.0,7.533251444498699,4.2
2013-08-17,22:36:27,1.0,7.999954223632813,4.333333333333333
2013-08-17,22:41:27,1.0,6.3999176025390625,4.266666666666667
2013-08-17,22:46:27,1.0,4.7332509358723955,4.333333333333333
2013-08-17,22:51:27,1.0,5.2665964762369795,4.333333333333333
2013-08-17,22:56:27,1.0,6.133282979329426,4.4
2013-08-17,23:01:27,1.1,7.466621398925781,100.0
2013-08-17,23:06:27,1.0,7.599906921386719,4.333333333333333
2013-08-17,23:11:27,1.0,7.733268737792969,4.333333333333333
2013-08-17,23:16:27,1.0,7.733281453450519,4.266666666666667
2013-08-17,23:21:27,1.0,7.133267720540365,4.4
2013-08-17,23:26:27,1.0,6.333287556966144,4.2
2013-08-17,23:31:27,1.0,5.533269246419271,4.266666666666667
2013-08-17,23:36:27,1.0,6.533292134602865,4.133333333333334
2013-08-17,23:41:27,0.9666666666666668,5.999946594238281,4.133333333333334
2013-08-17,23:46:27,1.5,6.933224995930988,100.0
2013-08-17,23:51:27,1.5,15.133196512858074,100.0
2013-08-17,23:56:27,1.5333333333333334,15.26655832926432,100.0
2013-08-18,00:01:27,1.6666666666666663,16.399917602539062,100.0
2013-08-18,00:06:27,2.2,25.466562906901043,100.0
2013-08-18,00:11:27,1.6,20.133221944173176,100.0
2013-08-18,00:16:27,1.3333333333333337,18.533248901367188,100.0
2013-08-18,00:21:27,1.0,11.599909464518227,4.066666666666666
2013-08-18,00:26:27,0.9666666666666668,7.3333104451497375,4.0
2013-08-18,00:31:27,1.0,6.799964904785156,4.133333333333334
2013-08-18,00:36:27,1.0,5.799916585286459,4.066666666666666
2013-08-18,00:41:27,1.0,4.9999237060546875,4.2
2013-08-18,00:46:28,1.0,5.2665964762369795,4.2
2013-08-18,00:51:28,1.0,5.666605631510416,4.266666666666667
2013-08-18,00:56:28,1.0,5.933278401692709,4.333333333333333
2013-08-18,01:01:31,1.1,6.466573079427083,100.0
2013-08-18,01:06:31,1.0,5.6665802001953125,4.133333333333334
2013-08-18,01:11:31,1.0,5.533231099446613,4.333333333333333
2013-08-18,01:16:31,1.0,4.799919128417969,4.333333333333333
2013-08-18,01:21:31,1.0,6.333287556966144,4.2
2013-08-18,01:26:31,0.9666666666666668,6.333287556966144,4.133333333333334
2013-08-18,01:31:31,1.0,5.999946594238281,4.8
2013-08-18,01:36:31,2.3,11.666590372721352,12.6
2013-08-18,01:41:31,1.0666666666666669,7.799949645996093,100.0
2013-08-18,01:46:31,1.7,17.866566975911457,100.0
2013-08-18,01:51:31,1.5,20.733261108398438,100.0
2013-08-18,01:56:31,1.6,17.599881490071613,100.0
2013-08-18,02:01:31,1.9,18.599891662597656,100.0
2013-08-18,02:06:31,2.533333333333333,22.666638692220047,100.0
2013-08-18,02:11:31,2.0,20.066553751627605,100.0
2013-08-18,02:16:31,1.1333333333333333,15.799916585286459,46.93333333333333
2013-08-18,02:21:31,1.0,8.599942525227865,4.133333333333334
2013-08-18,02:26:31,1.0,5.7999420166015625,4.266666666666667
2013-08-18,02:31:31,1.0,8.13323974609375,4.266666666666667
2013-08-18,02:36:31,1.0,7.533289591471354,4.133333333333334
2013-08-18,02:41:31,1.0,5.133260091145833,4.133333333333334
2013-08-18,02:46:31,1.0,5.666605631510416,4.133333333333334
2013-08-18,02:51:31,1.0,4.399909973144531,4.266666666666667
2013-08-18,02:56:31,1.0,7.199910481770834,4.266666666666667
2013-08-18,03:01:31,1.0,6.666590372721354,4.2
2013-08-18,03:06:32,1.0,5.7999420166015625,4.266666666666667
2013-08-18,03:11:32,1.0,5.199928283691406,4.0
2013-08-18,03:16:32,1.0,5.933278401692709,4.266666666666667
2013-08-18,03:21:32,1.0333333333333332,8.066584269205729,4.266666666666667
2013-08-18,03:26:32,1.1,6.066614786783854,4.266666666666667
2013-08-18,03:31:32,1.0,5.733273824055988,4.2
2013-08-18,03:36:31,1.0,5.999883015950521,4.2
2013-08-18,03:41:31,1.0,6.99993133544922,4.333333333333333
2013-08-18,03:46:31,1.0,5.666605631510416,4.266666666666667
2013-08-18,03:51:31,1.0,6.266619364420572,4.2
2013-08-18,03:56:31,1.1333333333333333,6.199951171875,100.0
2013-08-18,04:01:31,2.0,6.066614786783854,100.0
2013-08-18,04:06:31,2.0,7.4666086832682295,100.0
2013-08-18,04:11:31,2.0,5.666605631510416,100.0
2013-08-18,04:16:31,1.2,6.199951171875,100.0
2013-08-18,04:21:31,1.0,6.333287556966144,4.4
2013-08-18,04:26:31,1.0666666666666669,7.066637674967448,4.2
2013-08-18,04:31:31,1.0,7.599945068359375,4.333333333333333
2013-08-18,04:36:31,1.0,4.9999237060546875,4.333333333333333
2013-08-18,04:41:32,1.0,4.1999053955078125,4.333333333333333
2013-08-18,04:46:32,1.0,4.666582743326822,4.333333333333333
2013-08-18,04:51:32,1.0,6.333287556966144,4.333333333333333
2013-08-18,04:56:32,1.0,6.533292134602865,4.333333333333333
2013-08-18,05:01:32,1.0,5.2665964762369795,4.333333333333333
2013-08-18,05:06:32,1.0,5.999946594238281,4.333333333333333
2013-08-18,05:11:32,1.0,6.399955749511718,4.2
2013-08-18,05:16:32,1.0,6.86663309733073,4.333333333333333
2013-08-18,05:21:32,1.0,4.59991455078125,4.333333333333333
2013-08-18,05:26:32,1.0,5.733273824055988,4.333333333333333
2013-08-18,05:31:32,1.0,6.466623942057291,4.333333333333333
2013-08-18,05:36:32,1.0,5.866610209147137,4.333333333333333
2013-08-18,05:41:32,1.0,6.533279418945312,4.266666666666667
2013-08-18,05:46:32,1.0,6.733258565266925,4.266666666666667
2013-08-18,05:51:32,1.0,4.533246358235678,4.2
2013-08-18,05:56:32,1.0,7.13330586751302,4.2
2013-08-18,06:01:32,1.0,5.199928283691406,4.4
2013-08-18,06:06:32,1.0,5.533269246419271,4.4
2013-08-18,06:11:32,1.0,6.066614786783854,4.066666666666666
2013-08-18,06:16:32,1.0,4.933255513509115,4.066666666666666
2013-08-18,06:21:32,1.0,4.333241780598959,4.133333333333334
2013-08-18,06:26:32,1.0,4.9999237060546875,4.066666666666666
2013-08-18,06:31:32,1.0,4.9999237060546875,4.133333333333334
2013-08-18,06:36:32,1.0,6.333287556966144,4.2
2013-08-18,06:41:32,1.0,6.86663309733073,4.133333333333334
2013-08-18,06:46:32,1.0,5.933278401692709,4.333333333333333
2013-08-18,06:51:33,1.0,6.3999176025390625,4.266666666666667
2013-08-18,06:56:33,1.0,5.06659189860026,4.2
2013-08-18,07:01:33,1.1,7.466646830240885,100.0
2013-08-18,07:06:33,1.0,7.933247884114582,4.333333333333333
2013-08-18,07:11:33,1.0,5.199928283691406,4.266666666666667
2013-08-18,07:16:33,2.7,21.933275858561203,4.333333333333333
2013-08-18,07:21:33,1.0,26.199913024902344,4.133333333333334
2013-08-18,07:26:33,1.0333333333333332,10.533218383789062,4.066666666666666
2013-08-18,07:31:33,0.9666666666666668,10.999946594238281,4.333333333333333
2013-08-18,07:36:33,0.9666666666666668,7.133293151855469,4.2
2013-08-18,07:41:33,1.2,8.599891662597656,100.0
2013-08-18,07:46:33,1.5666666666666669,16.999969482421875,100.0
2013-08-18,07:51:33,1.5333333333333334,20.19989013671875,100.0
2013-08-18,07:56:33,1.5333333333333334,18.599853515625,100.0
2013-08-18,08:01:33,1.5,19.199905395507812,100.0
2013-08-18,08:06:33,2.2333333333333334,24.799880981445312,100.0
2013-08-18,08:11:33,1.5,19.599876403808594,100.0
2013-08-18,08:16:33,1.0,14.799880981445312,4.266666666666667
2013-08-18,08:21:33,1.0,8.399925231933594,4.133333333333334
2013-08-18,08:26:33,1.0,6.799964904785156,4.066666666666666
2013-08-18,08:31:33,1.0,6.399955749511718,4.066666666666666
2013-08-18,08:36:33,1.0,6.266619364420572,4.133333333333334
2013-08-18,08:41:33,1.0,5.999946594238281,4.066666666666666
2013-08-18,08:46:33,1.0,4.399909973144531,4.0
2013-08-18,08:51:33,1.0,6.399955749511718,4.0
2013-08-18,08:56:33,1.0,7.999954223632813,4.0
2013-08-18,09:01:33,1.0,7.399902343750001,4.066666666666666
2013-08-18,09:06:33,1.0,5.7999420166015625,4.066666666666666
2013-08-18,09:11:33,1.0,5.199928283691406,4.0
2013-08-18,09:16:33,1.0,5.733273824055988,4.066666666666666
2013-08-18,09:21:33,1.0,5.999908447265625,4.066666666666666
2013-08-18,09:26:33,1.0,4.799919128417969,4.0
2013-08-18,09:31:33,1.0,5.999946594238281,4.0
2013-08-18,09:36:33,1.0,4.466578165690104,4.0
2013-08-18,09:41:33,1.0,7.1999359130859375,4.0
2013-08-18,09:46:33,1.0,6.99993133544922,4.0
2013-08-18,09:51:33,1.0,8.466567993164062,4.066666666666666
2013-08-18,09:56:33,1.0,9.399909973144531,4.133333333333334
2013-08-18,10:01:33,1.0,5.7999420166015625,4.0
2013-08-18,10:06:33,1.0,5.333264668782553,4.2
2013-08-18,10:11:34,1.0,4.933255513509115,4.333333333333333
2013-08-18,10:16:34,1.0,6.199951171875,4.333333333333333
2013-08-18,10:21:34,1.0,5.7999420166015625,4.4
2013-08-18,10:26:34,1.1,7.199974060058594,4.2
2013-08-18,10:31:34,1.0,7.599894205729169,4.333333333333333
2013-08-18,10:36:34,1.0,8.399925231933594,4.266666666666667
2013-08-18,10:41:34,1.0,6.133282979329426,4.133333333333334
2013-08-18,10:46:34,1.0,5.733273824055988,4.066666666666666
2013-08-18,10:51:34,1.0,5.7999420166015625,4.066666666666666
2013-08-18,10:56:34,1.0,7.666625976562499,4.066666666666666
2013-08-18,11:01:34,1.1,7.399940490722656,100.0
2013-08-18,11:06:34,1.0,5.999946594238281,4.4
2013-08-18,11:11:34,1.0,6.533292134602865,4.266666666666667
2013-08-18,11:16:34,1.0,6.86663309733073,4.333333333333333
2013-08-18,11:21:34,1.0,6.799964904785156,4.0
2013-08-18,11:26:34,1.0,5.933240254720053,4.2
2013-08-18,11:31:34,1.0,7.199974060058594,4.2
2013-08-18,11:36:34,1.0,6.599960327148438,4.266666666666667
2013-08-18,11:41:34,1.0,6.333287556966144,4.0
2013-08-18,11:46:34,1.0,6.733271280924479,4.2
2013-08-18,11:51:34,1.0,7.1999231974283875,4.133333333333334
2013-08-18,11:56:34,1.0,6.533292134602865,4.133333333333334
2013-08-18,12:01:34,1.0,6.933263142903646,4.066666666666666
2013-08-18,12:06:34,1.4,10.333239237467447,100.0
2013-08-18,12:11:34,1.0,6.866620381673178,4.2
2013-08-18,12:16:34,1.0,5.466601053873697,4.333333333333333
2013-08-18,12:21:34,1.0,6.399955749511718,4.2
2013-08-18,12:26:34,1.0,8.133252461751301,4.066666666666666
2013-08-18,12:31:34,1.0,5.999946594238281,4.333333333333333
2013-08-18,12:36:34,1.0,5.933278401692709,4.333333333333333
2013-08-18,12:41:34,1.0,5.933278401692709,4.333333333333333
2013-08-18,12:46:34,1.0,3.733228047688802,4.333333333333333
2013-08-18,12:51:34,1.0,4.266573588053386,4.333333333333333
2013-08-18,12:56:34,1.0,4.799919128417969,4.333333333333333
2013-08-18,13:01:34,1.0,5.133260091145833,4.266666666666667
2013-08-18,13:06:34,1.0,6.933250427246093,4.333333333333333
2013-08-18,13:11:34,1.0,7.4666086832682295,4.266666666666667
2013-08-18,13:16:34,1.0,6.333287556966144,4.333333333333333
2013-08-18,13:21:34,1.0,5.533269246419271,4.333333333333333
2013-08-18,13:26:34,1.0,6.999944051106771,4.266666666666667
2013-08-18,13:31:34,1.0,7.466634114583331,4.266666666666667
2013-08-18,13:36:34,1.0,6.533292134602865,4.266666666666667
2013-08-18,13:41:34,1.0,6.933301289876302,4.066666666666666
2013-08-18,13:46:34,1.0,6.799926757812499,4.0
2013-08-18,13:51:34,1.0,6.066576639811197,4.0
2013-08-18,13:56:34,1.0,5.799916585286459,3.933333333333333
2013-08-18,14:01:34,1.0,5.599924723307291,4.0
2013-08-18,14:06:35,1.0,4.533246358235678,4.066666666666666
2013-08-18,14:11:35,1.0,5.599937438964844,4.0
2013-08-18,14:16:35,1.0,8.599929809570312,4.0
2013-08-18,14:21:35,1.0,6.666615804036459,4.0
2013-08-18,14:26:35,1.0,6.999969482421875,4.0
2013-08-18,14:31:35,1.0,5.733235677083334,4.066666666666666
2013-08-18,14:36:35,1.0,5.133260091145833,4.0
2013-08-18,14:41:35,1.0,5.06659189860026,4.066666666666666
2013-08-18,14:46:35,1.0,5.933278401692709,4.066666666666666
2013-08-18,14:51:35,1.0,5.399932861328125,4.133333333333334
2013-08-18,14:56:35,1.0,5.866610209147137,4.066666666666666
2013-08-18,15:01:35,1.1,5.799903869628906,100.0
2013-08-18,15:06:35,1.0,6.266619364420572,4.266666666666667
2013-08-18,15:11:35,1.0,6.066614786783854,4.2
2013-08-18,15:16:35,1.0,5.999946594238281,4.333333333333333
2013-08-18,15:21:35,1.0,5.666605631510416,4.2
2013-08-18,15:26:35,1.0,5.866610209147137,4.4
2013-08-18,15:31:35,1.0,6.199951171875,4.266666666666667
2013-08-18,15:36:35,1.1333333333333333,7.933298746744794,100.0
2013-08-18,15:41:35,1.5,16.73323313395182,100.0
2013-08-18,15:46:35,1.5,14.799919128417969,100.0
2013-08-18,15:51:35,1.5,20.933240254720047,100.0
2013-08-18,15:56:35,1.5333333333333334,17.999865214029946,100.0
2013-08-18,16:01:35,1.6,19.26654815673828,100.0
2013-08-18,16:06:35,2.1333333333333333,24.33319091796875,100.0
2013-08-18,16:11:35,1.0,17.59990692138672,4.266666666666667
2013-08-18,16:16:36,1.0,8.533248901367188,4.0
2013-08-18,16:21:36,1.0,6.399955749511718,4.266666666666667
2013-08-18,16:26:36,1.0,6.733258565266925,4.333333333333333
2013-08-18,16:31:36,1.0,6.666577657063801,4.133333333333334
2013-08-18,16:36:36,1.0,5.466601053873697,4.0
2013-08-18,16:41:36,1.0,6.199951171875,3.933333333333333
2013-08-18,16:46:36,1.0,6.3999176025390625,4.133333333333334
2013-08-18,16:51:36,1.0,5.866610209147137,4.266666666666667
2013-08-18,16:56:36,1.0,5.933278401692709,4.2
2013-08-18,17:01:35,1.0,6.6666285196940125,4.2
2013-08-18,17:06:35,1.0,4.399909973144531,4.066666666666666
2013-08-18,17:11:35,1.0,5.199928283691406,4.266666666666667
2013-08-18,17:16:35,1.0,4.266573588053386,4.333333333333333
2013-08-18,17:21:35,1.0,4.533246358235678,4.333333333333333
2013-08-18,17:26:35,1.0,4.933255513509115,4.333333333333333
2013-08-18,17:31:35,1.0,6.333287556966144,4.333333333333333
2013-08-18,17:36:35,1.0,5.999946594238281,4.266666666666667
2013-08-18,17:41:35,1.0,7.1999231974283875,4.333333333333333
2013-08-18,17:46:35,1.0,5.533231099446613,4.333333333333333
2013-08-18,17:51:35,1.0,5.133260091145833,4.333333333333333
2013-08-18,17:56:35,1.0,5.999908447265625,4.266666666666667
2013-08-18,18:01:36,1.0,5.199928283691406,4.4
2013-08-18,18:06:36,1.0,5.333264668782553,4.266666666666667
2013-08-18,18:11:36,1.0,5.733273824055988,4.333333333333333
2013-08-18,18:16:36,1.0,5.06659189860026,4.333333333333333
2013-08-18,18:21:36,1.0,7.399889628092447,4.266666666666667
2013-08-18,18:26:36,1.0,5.599937438964844,4.333333333333333
2013-08-18,18:31:36,1.0,6.399955749511718,4.333333333333333
2013-08-18,18:36:36,1.0,5.333264668782553,4.333333333333333
2013-08-18,18:41:36,1.0,6.333287556966144,4.333333333333333
2013-08-18,18:46:36,1.0,5.999946594238281,4.2
2013-08-18,18:51:36,1.0,5.933278401692709,4.266666666666667
2013-08-18,18:56:36,1.0,6.399955749511718,4.333333333333333
2013-08-18,19:01:36,1.1,7.066637674967448,100.0
2013-08-18,19:06:36,1.0,6.199951171875,4.2
2013-08-18,19:11:36,1.0,4.59991455078125,4.266666666666667
2013-08-18,19:16:36,1.0,6.266619364420572,4.266666666666667
2013-08-18,19:21:36,1.0,5.999908447265625,4.2
2013-08-18,19:26:36,1.0,5.399932861328125,4.133333333333334
2013-08-18,19:31:36,1.0,4.7332509358723955,4.133333333333334
2013-08-18,19:36:36,1.0,5.133260091145833,4.066666666666666
2013-08-18,19:41:36,1.3666666666666665,10.333277384440104,100.0
2013-08-18,19:46:36,1.5666666666666669,20.799903869628906,100.0
2013-08-18,19:51:36,1.6,16.799888610839844,100.0
2013-08-18,19:56:36,1.6333333333333335,20.266571044921875,100.0
2013-08-18,20:01:36,1.5,17.399864196777344,100.0
2013-08-18,20:06:36,2.1333333333333333,24.866561889648438,100.0
2013-08-18,20:11:36,1.2666666666666666,21.733245849609375,100.0
2013-08-18,20:16:36,1.0,11.599922180175781,4.2
2013-08-18,20:21:36,1.0,7.799962361653646,4.2
2013-08-18,20:26:36,1.0,6.533292134602865,4.133333333333334
2013-08-18,20:31:36,1.0,6.133282979329426,4.2
2013-08-18,20:36:36,1.0,4.866587320963542,4.133333333333334
2013-08-18,20:41:36,1.0,4.666582743326822,4.333333333333333
2013-08-18,20:46:36,1.0,4.666582743326822,4.333333333333333
2013-08-18,20:51:36,1.0,5.7999420166015625,4.2
2013-08-18,20:56:36,1.0,6.6666285196940125,4.2
2013-08-18,21:01:36,1.0,7.1999359130859375,4.266666666666667
2013-08-18,21:06:36,1.0,7.066561381022135,4.2
2013-08-18,21:11:36,1.0,5.466601053873697,4.2
2013-08-18,21:16:36,1.0,7.214219229561943,4.071428571428571
2013-08-18,21:21:36,1.0,5.133260091145833,4.333333333333333
2013-08-18,21:26:36,1.0,6.533279418945312,4.2
2013-08-18,21:31:36,1.0,7.399915059407553,4.266666666666667
2013-08-18,21:36:36,1.0,7.13330586751302,4.333333333333333
2013-08-18,21:41:36,1.0,7.133267720540365,4.266666666666667
2013-08-18,21:46:36,1.0,5.214214324951172,4.142857142857143
2013-08-18,21:51:36,1.0,7.0713588169642865,4.142857142857143
2013-08-18,21:56:36,1.0,6.6666285196940125,4.2
2013-08-18,22:01:36,1.0,6.533292134602865,4.333333333333333
2013-08-18,22:06:36,1.0,6.799964904785156,4.2
2013-08-18,22:11:36,1.0,5.533269246419271,4.2
2013-08-18,22:16:36,1.0,7.571329389299665,4.214285714285714
2013-08-18,22:21:37,1.0,7.13324228922526,4.2
2013-08-18,22:26:36,1.0,7.2666168212890625,4.266666666666667
2013-08-18,22:31:37,1.0,6.866620381673178,4.2
2013-08-18,22:36:37,1.0,6.733271280924479,4.2
2013-08-18,22:41:37,1.0,5.933278401692709,4.266666666666667
2013-08-18,22:46:37,1.0,6.333287556966144,4.066666666666666
2013-08-18,22:51:37,1.0,6.333287556966144,4.333333333333333
2013-08-18,22:56:37,1.0,7.399978637695312,4.066666666666666
2013-08-18,23:01:37,1.1,6.799926757812499,100.0
2013-08-18,23:06:37,1.0,8.199882507324219,4.2
2013-08-18,23:11:37,1.0,6.533292134602865,4.266666666666667
2013-08-18,23:16:37,1.0,8.199920654296875,4.266666666666667
2013-08-18,23:21:37,1.0,5.399932861328125,4.2
2013-08-18,23:26:37,1.0,4.1999053955078125,4.2
2013-08-18,23:31:37,1.0,4.333241780598959,4.266666666666667
2013-08-18,23:36:37,1.0,6.999969482421875,4.266666666666667
2013-08-18,23:41:37,1.0,6.733258565266925,13.933333333333335
2013-08-18,23:46:37,1.4666666666666666,10.133247375488281,100.0
2013-08-18,23:51:37,1.6333333333333335,16.466573079427082,100.0
2013-08-18,23:56:37,1.5,19.13323720296224,100.0
2013-08-19,00:01:37,1.5666666666666669,18.466567993164062,100.0
2013-08-19,00:06:37,1.5666666666666669,15.93330383300781,100.0
2013-08-19,00:11:37,1.6333333333333335,21.13323211669922,100.0
2013-08-19,00:16:37,1.3,20.86655934651693,100.0
2013-08-19,00:21:37,1.5357142857142858,15.9999029976981,100.0
2013-08-19,00:26:37,1.0,11.466573079427086,4.0
2013-08-19,00:31:37,1.0,7.133255004882813,4.133333333333334
2013-08-19,00:36:37,1.0,5.933252970377604,4.066666666666666
2013-08-19,00:41:37,1.0,6.199951171875,4.266666666666667
2013-08-19,00:46:37,1.0,6.599960327148438,4.066666666666666
2013-08-19,00:51:37,1.0,6.199951171875,4.066666666666666
2013-08-19,00:56:37,1.0,4.333241780598959,4.0
2013-08-19,01:01:38,1.1,7.133255004882813,100.0
2013-08-19,01:06:38,1.0,8.799832661946615,4.333333333333333
2013-08-19,01:11:38,1.0,6.933263142903646,4.266666666666667
2013-08-19,01:16:38,1.0,6.133282979329426,4.333333333333333
2013-08-19,01:21:38,1.0,6.266619364420572,4.266666666666667
2013-08-19,01:26:38,1.0,5.199928283691406,4.333333333333333
2013-08-19,01:31:38,1.2333333333333334,7.666613260904947,4.733333333333333
2013-08-19,01:36:38,3.7,34.86656188964844,11.6
2013-08-19,01:41:38,2.8,22.933273315429688,100.0
2013-08-19,01:46:38,1.5666666666666669,23.39993794759114,100.0
2013-08-19,01:51:39,1.5666666666666669,17.866541544596352,100.0
2013-08-19,01:56:39,1.5,18.79985809326172,100.0
2013-08-19,02:01:39,1.7,17.733243306477863,100.0
2013-08-19,02:06:39,2.5,24.333203633626297,100.0
2013-08-19,02:11:40,1.4333333333333331,19.199867248535156,100.0
2013-08-19,02:16:41,1.0,10.399932861328125,4.333333333333333
2013-08-19,02:21:41,1.0,6.599922180175781,4.333333333333333
2013-08-19,02:26:41,1.0,5.399932861328125,4.333333333333333
2013-08-19,02:31:41,1.0,5.333264668782553,4.333333333333333
2013-08-19,02:36:41,1.0,7.066599527994794,4.333333333333333
2013-08-19,02:41:41,1.0,6.599960327148438,4.333333333333333
2013-08-19,02:46:41,1.0,5.999946594238281,4.333333333333333
2013-08-19,02:51:41,1.0,5.133260091145833,4.2
2013-08-19,02:56:41,1.0,6.466623942057291,4.133333333333334
2013-08-19,03:01:41,1.0,5.2665964762369795,4.066666666666666
2013-08-19,03:06:41,1.0,6.266619364420572,4.0
2013-08-19,03:11:41,1.0,6.999918619791666,4.0
2013-08-19,03:16:41,1.0,7.066599527994794,4.0
2013-08-19,03:21:41,1.0,7.799949645996093,4.0
2013-08-19,03:26:41,1.0333333333333332,7.266642252604166,4.0
2013-08-19,03:31:41,1.0,7.799949645996093,4.066666666666666
2013-08-19,03:36:41,1.0,6.599960327148438,4.066666666666666
2013-08-19,03:41:41,1.0,6.999969482421875,4.066666666666666
2013-08-19,03:46:41,1.0,6.133282979329426,4.066666666666666
2013-08-19,03:51:41,1.0,7.4666086832682295,4.2
2013-08-19,03:56:41,1.1666666666666667,6.933263142903646,100.0
2013-08-19,04:01:41,1.9666666666666663,5.06659189860026,100.0
2013-08-19,04:06:41,1.7666666666666666,6.99993133544922,100.0
2013-08-19,04:11:41,2.0,6.399955749511718,100.0
2013-08-19,04:16:41,1.1666666666666667,6.199951171875,83.6
2013-08-19,04:21:41,1.0,5.999946594238281,4.333333333333333
2013-08-19,04:26:41,1.0,7.399940490722656,4.2
2013-08-19,04:31:41,1.0,6.3999176025390625,4.333333333333333
2013-08-19,04:36:41,1.0,8.266563415527344,4.266666666666667
2013-08-19,04:41:41,1.0,8.199920654296875,4.333333333333333
2013-08-19,04:46:41,1.0,4.9999237060546875,4.333333333333333
2013-08-19,04:51:41,1.0,6.199951171875,4.333333333333333
2013-08-19,04:56:41,1.0,6.399955749511718,4.333333333333333
2013-08-19,05:01:41,1.0,7.133267720540365,4.333333333333333
2013-08-19,05:06:41,1.0,6.9999059041341125,4.333333333333333
2013-08-19,05:11:42,1.0,5.933240254720053,4.266666666666667
2013-08-19,05:16:42,1.0,5.399932861328125,4.333333333333333
2013-08-19,05:21:42,1.0,5.333264668782553,4.2
2013-08-19,05:26:42,1.0,5.333264668782553,4.333333333333333
2013-08-19,05:31:42,1.0,5.999946594238281,4.333333333333333
2013-08-19,05:36:42,1.0,5.199928283691406,4.266666666666667
2013-08-19,05:41:42,1.0,5.199928283691406,4.2
2013-08-19,05:46:42,1.0,5.7999420166015625,4.0
2013-08-19,05:51:42,1.0,4.1999053955078125,4.2
2013-08-19,05:56:42,1.0,4.9999237060546875,4.266666666666667
2013-08-19,06:01:42,1.0,6.999969482421875,4.266666666666667
2013-08-19,06:06:42,1.0,6.199951171875,4.266666666666667
2013-08-19,06:11:42,1.0,6.333287556966144,4.2
2013-08-19,06:16:42,0.9666666666666668,6.266619364420572,4.133333333333334
2013-08-19,06:21:42,1.0,5.999946594238281,4.133333333333334
2013-08-19,06:26:42,1.0,7.399940490722656,4.133333333333334
2013-08-19,06:31:42,1.0,8.466567993164062,4.2
2013-08-19,06:36:42,1.0,6.99993133544922,4.333333333333333
2013-08-19,06:41:42,1.0,6.199951171875,4.333333333333333
2013-08-19,06:46:42,1.0,5.066553751627604,4.333333333333333
2013-08-19,06:51:42,1.0,6.733258565266925,4.333333333333333
2013-08-19,06:56:42,1.0,5.999946594238281,4.333333333333333
2013-08-19,07:01:42,1.1,5.7999420166015625,100.0
2013-08-19,07:06:42,1.0,5.666605631510416,4.333333333333333
2013-08-19,07:11:42,1.0,6.133282979329426,4.333333333333333
2013-08-19,07:16:42,1.0,6.99993133544922,4.333333333333333
2013-08-19,07:21:42,1.0,5.333264668782553,4.4
2013-08-19,07:26:42,1.0,7.199974060058594,4.333333333333333
2013-08-19,07:31:42,1.0,7.466570536295575,4.333333333333333
2013-08-19,07:36:42,1.0,6.99993133544922,4.333333333333333
2013-08-19,07:41:42,1.2333333333333334,6.9998931884765625,100.0
2013-08-19,07:46:42,1.5,15.999870300292967,100.0
2013-08-19,07:51:42,1.5333333333333334,17.59990692138672,100.0
2013-08-19,07:56:42,1.6,18.999900817871094,100.0
2013-08-19,08:01:42,1.5333333333333334,16.99993133544922,100.0
2013-08-19,08:06:42,2.466666666666667,19.199905395507812,100.0
2013-08-19,08:11:42,1.4666666666666666,21.86655680338542,100.0
2013-08-19,08:16:43,1.0,14.133224487304688,4.0
2013-08-19,08:21:43,1.0,7.0666249593098955,4.0
2013-08-19,08:26:43,1.0,6.866607666015626,4.0
2013-08-19,08:31:43,1.0,7.0666249593098955,4.0
2013-08-19,08:36:43,1.0,6.799964904785156,4.0
2013-08-19,08:41:43,1.0,5.933240254720053,4.133333333333334
2013-08-19,08:46:43,1.0,5.399932861328125,4.066666666666666
2013-08-19,08:51:43,1.0,5.933278401692709,4.066666666666666
2013-08-19,08:56:43,1.0,6.866594950358072,4.133333333333334
2013-08-19,09:01:43,1.0,7.066599527994794,4.133333333333334
2013-08-19,09:06:43,1.0,8.466606140136719,4.2
2013-08-19,09:11:43,1.0,8.399912516276041,4.133333333333334
2013-08-19,09:16:43,1.0,7.3333104451497375,4.2
2013-08-19,09:21:43,1.0,6.266619364420572,4.0
2013-08-19,09:26:43,1.0,5.2665964762369795,4.133333333333334
2013-08-19,09:31:43,1.0,5.399932861328125,4.2
2013-08-19,09:36:43,1.0,6.599960327148438,4.266666666666667
2013-08-19,09:41:43,1.0,5.999946594238281,4.0
2013-08-19,09:46:43,1.0,5.333264668782553,4.133333333333334
2013-08-19,09:51:43,1.0,6.9332758585612,4.133333333333334
2013-08-19,09:56:43,1.0,5.79992930094401,4.066666666666666
2013-08-19,10:01:43,1.0,7.599881490071615,4.066666666666666
2013-08-19,10:06:43,1.0,6.133270263671875,4.2
2013-08-19,10:11:44,1.0,6.466623942057291,4.0
2013-08-19,10:16:44,1.0,7.733243306477864,4.133333333333334
2013-08-19,10:21:44,1.0,7.266642252604166,4.066666666666666
2013-08-19,10:26:44,1.0,8.466567993164062,4.133333333333334
2013-08-19,10:31:44,1.0,6.466573079427083,4.2
2013-08-19,10:36:44,1.0,5.533269246419271,4.2
2013-08-19,10:41:44,1.0,4.399909973144531,4.333333333333333
2013-08-19,10:46:44,1.0,5.733273824055988,4.2
2013-08-19,10:51:44,1.0,5.599937438964844,4.266666666666667
2013-08-19,10:56:44,1.0,6.466623942057291,4.266666666666667
2013-08-19,11:01:44,1.1,6.866594950358072,100.0
2013-08-19,11:06:44,1.0,5.933278401692709,4.333333333333333
2013-08-19,11:11:44,1.0,6.133282979329426,4.266666666666667
2013-08-19,11:16:44,1.0,5.2665964762369795,4.133333333333334
2013-08-19,11:21:44,1.0,6.266619364420572,4.333333333333333
2013-08-19,11:26:44,1.0,6.266593933105469,4.266666666666667
2013-08-19,11:31:44,1.0,6.466573079427083,4.333333333333333
2013-08-19,11:36:44,1.0,4.533246358235678,4.733333333333333
2013-08-19,11:41:44,1.4666666666666666,9.333241780598957,100.0
2013-08-19,11:46:44,1.5333333333333334,17.933184305826824,100.0
2013-08-19,11:51:44,1.6,15.9332275390625,100.0
2013-08-19,11:56:44,1.5,17.599881490071613,100.0
2013-08-19,12:01:44,1.5666666666666669,18.466529846191406,100.0
2013-08-19,12:06:44,2.3666666666666667,23.199869791666664,100.0
2013-08-19,12:11:44,1.3,20.466562906901043,100.0
2013-08-19,12:16:44,1.0,12.799886067708332,3.733333333333333
2013-08-19,12:21:44,1.0,7.466646830240885,3.6
2013-08-19,12:26:44,1.0,7.733243306477864,3.8666666666666663
2013-08-19,12:31:44,1.0,5.533269246419271,3.733333333333333
2013-08-19,12:36:44,1.0,5.466601053873697,3.733333333333333
2013-08-19,12:41:44,1.0,6.266581217447918,3.8
2013-08-19,12:46:44,1.0,5.933278401692709,3.733333333333333
2013-08-19,12:51:44,1.0,5.466601053873697,3.733333333333333
2013-08-19,12:56:44,1.0,6.066614786783854,3.8666666666666663
2013-08-19,13:01:44,1.0,7.733319600423178,4.0
2013-08-19,13:06:44,1.0,6.999944051106771,3.733333333333333
2013-08-19,13:11:44,1.0,5.7999420166015625,4.266666666666667
2013-08-19,13:16:44,1.0,5.466601053873697,4.066666666666666
2013-08-19,13:21:44,1.0,6.133282979329426,4.0
2013-08-19,13:26:44,1.0,5.733235677083334,4.0
2013-08-19,13:31:44,1.0,5.866610209147137,4.066666666666666
2013-08-19,13:36:44,1.0,7.533226013183595,4.0
2013-08-19,13:41:44,1.0,5.533269246419271,4.0
2013-08-19,13:46:44,1.0,4.666582743326822,4.0
2013-08-19,13:51:44,1.0,4.133237202962239,4.0
2013-08-19,13:56:44,1.0,5.866610209147137,3.8666666666666663
2013-08-19,14:01:44,1.0,5.2665964762369795,3.8666666666666663
2013-08-19,14:06:44,1.0,6.066614786783854,3.8666666666666663
2013-08-19,14:11:45,1.0,5.933278401692709,3.8
2013-08-19,14:16:45,1.0,6.466623942057291,3.8
2013-08-19,14:21:45,1.0,6.933263142903646,3.733333333333333
2013-08-19,14:26:45,1.0,7.53326416015625,3.8
2013-08-19,14:31:45,1.0,7.866617838541666,3.933333333333333
2013-08-19,14:36:45,1.0,5.866610209147137,3.733333333333333
2013-08-19,14:41:45,1.0,6.133282979329426,3.933333333333333
2013-08-19,14:46:45,1.0,5.933278401692709,4.0
2013-08-19,14:51:45,1.0,6.066614786783854,4.0
2013-08-19,14:56:45,1.0,5.133260091145833,3.8666666666666663
2013-08-19,15:01:45,1.1,6.533279418945312,100.0
2013-08-19,15:06:45,1.0,7.066574096679687,3.933333333333333
2013-08-19,15:11:45,1.0,4.333241780598959,3.6666666666666665
2013-08-19,15:16:45,1.0,5.466601053873697,3.8
2013-08-19,15:21:45,1.0,6.199951171875,3.8
2013-08-19,15:26:45,1.0,7.199974060058594,4.133333333333334
2013-08-19,15:31:45,1.0,7.066599527994794,3.933333333333333
2013-08-19,15:36:45,1.0,5.733273824055988,3.733333333333333
2013-08-19,15:41:45,1.3666666666666665,7.13324228922526,100.0
2013-08-19,15:46:45,1.5,18.466555277506508,100.0
2013-08-19,15:51:45,1.9333333333333331,16.066576639811196,100.0
2013-08-19,15:56:45,2.0,18.93329620361328,100.0
2013-08-19,16:01:45,2.0666666666666664,19.133199055989582,100.0
2013-08-19,16:06:45,2.6,22.733230590820312,100.0
2013-08-19,16:11:45,2.0,19.86652374267578,100.0
2013-08-19,16:16:45,1.1,13.39991251627604,3.8666666666666663
2013-08-19,16:21:45,1.0,6.333287556966144,4.0
2013-08-19,16:26:45,1.0,6.266619364420572,3.933333333333333
2013-08-19,16:31:45,1.0,6.933263142903646,3.933333333333333
2013-08-19,16:36:45,1.0,5.866610209147137,3.933333333333333
2013-08-19,16:41:45,1.0,3.7998962402343754,3.8666666666666663
2013-08-19,16:46:45,1.0,5.533269246419271,4.0
2013-08-19,16:51:46,1.0,6.6666285196940125,4.0
2013-08-19,16:56:46,1.0,4.9999237060546875,4.0
2013-08-19,17:01:46,1.0,5.199928283691406,4.0
2013-08-19,17:06:46,1.0,6.599960327148438,4.066666666666666
2013-08-19,17:11:46,1.0,6.399955749511718,3.8666666666666663
2013-08-19,17:16:46,1.0,6.6666285196940125,3.8
2013-08-19,17:21:46,1.0,6.199951171875,3.8
2013-08-19,17:26:46,1.0,6.733296712239584,3.6666666666666665
2013-08-19,17:31:46,1.0,6.733296712239584,3.733333333333333
2013-08-19,17:36:46,1.0,4.59991455078125,3.6666666666666665
2013-08-19,17:41:46,1.0,4.933255513509115,3.733333333333333
2013-08-19,17:46:46,1.0,6.066614786783854,3.8
2013-08-19,17:51:46,1.0,6.6666285196940125,4.066666666666666
2013-08-19,17:56:46,1.0,6.799964904785156,4.066666666666666
2013-08-19,18:01:46,1.0,6.733245849609375,4.0
2013-08-19,18:06:46,1.0,7.399940490722656,3.933333333333333
2013-08-19,18:11:46,1.0,6.599922180175781,4.066666666666666
2013-08-19,18:16:46,1.0,7.599945068359375,3.8666666666666663
2013-08-19,18:21:46,0.9666666666666668,5.533269246419271,3.933333333333333
2013-08-19,18:26:46,1.0,6.933250427246093,3.933333333333333
2013-08-19,18:31:46,1.0,5.866610209147137,3.933333333333333
2013-08-19,18:36:46,1.0,6.399955749511718,3.933333333333333
2013-08-19,18:41:46,1.0,5.7999420166015625,3.8
2013-08-19,18:46:46,1.0,6.99993133544922,3.933333333333333
2013-08-19,18:51:46,1.0,6.599960327148438,3.8
2013-08-19,18:56:46,1.0,6.599960327148438,3.8666666666666663
2013-08-19,19:01:46,1.1,7.466595967610677,100.0
2013-08-19,19:06:46,1.0,7.999916076660156,3.933333333333333
2013-08-19,19:11:46,1.0,4.866587320963542,3.8
2013-08-19,19:16:46,1.0,3.9999008178710938,3.733333333333333
2013-08-19,19:21:46,1.0,4.466578165690104,3.733333333333333
2013-08-19,19:26:46,1.0,7.266642252604166,3.8666666666666663
2013-08-19,19:31:46,0.9666666666666668,5.999946594238281,3.6666666666666665
2013-08-19,19:36:47,1.0,4.799919128417969,4.0
2013-08-19,19:41:47,1.0666666666666669,5.399932861328125,100.0
2013-08-19,19:46:47,1.6,12.9998779296875,100.0
2013-08-19,19:51:47,1.5,16.399917602539062,100.0
2013-08-19,19:56:47,1.5,16.399917602539062,100.0
2013-08-19,20:01:47,1.5,18.39984893798828,100.0
2013-08-19,20:06:47,2.1,25.799903869628903,100.0
2013-08-19,20:11:47,1.6,20.39989471435547,100.0
2013-08-19,20:16:47,1.1333333333333333,14.799880981445312,100.0
2013-08-19,20:21:47,1.0,7.1999359130859375,3.933333333333333
2013-08-19,20:26:47,1.0,5.399932861328125,3.933333333333333
2013-08-19,20:31:47,1.0,4.7332509358723955,4.0
2013-08-19,20:36:47,1.0,4.799919128417969,4.0
2013-08-19,20:41:47,1.0,3.9999008178710938,4.066666666666666
2013-08-19,20:46:47,1.0,4.666582743326822,4.066666666666666
2013-08-19,20:51:47,1.0,4.799919128417969,4.2
2013-08-19,20:56:47,1.0,6.466623942057291,4.333333333333333
2013-08-19,21:01:47,1.0,5.599937438964844,4.133333333333334
2013-08-19,21:06:47,1.0,6.266619364420572,4.066666666666666
2013-08-19,21:11:47,1.0,5.799903869628906,4.0
2013-08-19,21:16:47,1.0,5.666605631510416,4.0
2013-08-19,21:21:47,1.0,4.59991455078125,4.133333333333334
2013-08-19,21:26:47,1.0,6.733258565266925,4.0
2013-08-19,21:31:47,1.0,5.7999420166015625,4.0
2013-08-19,21:36:47,1.0,5.733273824055988,4.0
2013-08-19,21:41:47,1.0,6.799964904785156,3.933333333333333
2013-08-19,21:46:47,1.0,5.06659189860026,4.066666666666666
2013-08-19,21:51:47,1.0,4.799919128417969,4.0
2013-08-19,21:56:47,1.0,6.86663309733073,3.933333333333333
2013-08-19,22:01:47,1.0,6.066614786783854,4.066666666666666
2013-08-19,22:06:48,2.766666666666667,29.266573588053387,4.066666666666666
2013-08-19,22:11:48,1.0,17.066574096679688,4.0
2013-08-19,22:16:48,1.0,10.599861145019531,4.0
2013-08-19,22:21:48,1.0,6.199951171875,4.0
2013-08-19,22:26:48,1.0,5.733273824055988,4.0
2013-08-19,22:31:48,0.9666666666666668,7.133267720540365,4.0
2013-08-19,22:36:48,1.0,6.066614786783854,4.0
2013-08-19,22:41:48,1.0,6.466585795084636,4.0
2013-08-19,22:46:48,1.0,5.399932861328125,4.2
2013-08-19,22:51:48,1.0,5.199928283691406,4.0
2013-08-19,22:56:48,1.0,4.466578165690104,4.0
2013-08-19,23:01:48,1.1,6.4665985107421875,100.0
2013-08-19,23:06:48,1.0,6.733245849609375,4.0
2013-08-19,23:11:48,1.0,4.399909973144531,4.0
2013-08-19,23:16:48,1.0,7.199974060058594,4.0
2013-08-19,23:21:48,1.0,7.133229573567706,4.0
2013-08-19,23:26:48,1.0,6.133282979329426,4.0
2013-08-19,23:31:48,0.8666666666666667,4.666582743326822,4.066666666666666
2013-08-19,23:36:48,1.0,5.2665964762369795,4.0
2013-08-19,23:41:48,1.0,7.133229573567706,4.0
2013-08-19,23:46:48,1.0,6.533253987630207,4.0
2013-08-19,23:51:48,1.0,6.599960327148438,4.0
2013-08-19,23:56:48,1.0,5.733273824055988,4.0
2013-08-20,00:01:48,1.0,7.399953206380207,4.0
2013-08-20,00:06:48,1.5666666666666669,16.13323211669922,100.0
2013-08-20,00:11:48,1.0,10.133234659830729,3.933333333333333
2013-08-20,00:16:48,1.0,6.333287556966144,4.0
2013-08-20,00:21:49,1.0,4.9999237060546875,4.0
2013-08-20,00:26:49,1.0,5.599937438964844,4.0
2013-08-20,00:31:49,1.0,6.333287556966144,4.066666666666666
2013-08-20,00:36:49,1.0,5.933278401692709,4.0
2013-08-20,00:41:49,1.0,6.599960327148438,3.8666666666666663
2013-08-20,00:46:49,1.0,4.866587320963542,4.0
2013-08-20,00:51:49,1.0,5.999946594238281,4.0
2013-08-20,00:56:48,1.0,5.19989013671875,4.0
2013-08-20,01:01:49,1.0666666666666669,6.799939473470053,100.0
2013-08-20,01:06:49,1.0333333333333332,8.533210754394531,4.0
2013-08-20,01:11:49,1.0,7.266604105631512,3.933333333333333
2013-08-20,01:16:49,1.0,5.466601053873697,3.933333333333333
2013-08-20,01:21:49,1.0,5.466601053873697,3.8666666666666663
2013-08-20,01:26:49,1.0,6.333287556966144,3.733333333333333
2013-08-20,01:31:49,1.0,7.866566975911458,4.266666666666667
2013-08-20,01:36:49,2.3,15.399881998697914,11.666666666666664
2013-08-20,01:41:49,3.433333333333333,16.066576639811196,100.0
2013-08-20,01:46:49,1.5909090909090908,21.27264196222479,100.0
2013-08-20,01:51:49,1.5666666666666669,19.866549173990883,100.0
2013-08-20,01:56:49,1.5333333333333334,17.599868774414062,100.0
2013-08-20,02:01:49,1.6666666666666663,18.26655069986979,100.0
2013-08-20,02:06:50,2.833333333333333,21.399917602539062,100.0
2013-08-20,02:11:50,1.6666666666666663,18.13323974609375,100.0
2013-08-20,02:16:50,1.0,10.066579182942709,4.0
2013-08-20,02:21:50,1.0,5.733273824055988,4.0
2013-08-20,02:26:50,1.0,6.733296712239584,4.0
2013-08-20,02:31:50,1.0,6.3999176025390625,4.0
2013-08-20,02:36:50,1.0,6.066614786783854,4.066666666666666
2013-08-20,02:41:50,1.0,5.199928283691406,4.0
2013-08-20,02:46:50,1.0,3.666559855143228,4.0
2013-08-20,02:51:50,1.0,6.733296712239584,4.066666666666666
2013-08-20,02:56:50,1.0,6.533292134602865,4.0
2013-08-20,03:01:50,1.0,6.53326670328776,4.066666666666666
2013-08-20,03:06:50,1.0,6.133270263671875,4.0
2013-08-20,03:11:50,1.0,6.13324483235677,4.0
2013-08-20,03:16:50,1.0,7.333272298177083,4.0
2013-08-20,03:21:50,1.0,6.666590372721354,4.0
2013-08-20,03:26:50,1.0333333333333332,6.133282979329426,4.066666666666666
2013-08-20,03:31:50,1.0,6.399955749511718,4.0
2013-08-20,03:36:50,1.0,6.733296712239584,4.0
2013-08-20,03:41:50,1.0,6.799964904785156,4.0
2013-08-20,03:46:50,1.0,5.533269246419271,4.0
2013-08-20,03:51:50,1.0,6.733296712239584,3.933333333333333
2013-08-20,03:56:50,1.2,8.799908955891928,100.0
2013-08-20,04:01:50,2.0,6.999956766764324,100.0
2013-08-20,04:06:50,1.9,7.53326416015625,100.0
2013-08-20,04:11:50,2.0,8.533274332682293,100.0
2013-08-20,04:16:50,1.1666666666666667,7.599945068359375,100.0
2013-08-20,04:21:50,1.0,6.333287556966144,4.0
2013-08-20,04:26:50,1.1,6.066614786783854,4.0
2013-08-20,04:31:51,1.0,5.199928283691406,4.066666666666666
2013-08-20,04:36:51,1.0,6.266619364420572,4.0
2013-08-20,04:41:51,1.0,7.399940490722656,3.8666666666666663
2013-08-20,04:46:51,1.0,5.666605631510416,4.066666666666666
2013-08-20,04:51:51,1.0,7.399889628092447,3.933333333333333
2013-08-20,04:56:51,1.0,6.199951171875,4.0
2013-08-20,05:01:51,1.0333333333333332,5.533269246419271,4.066666666666666
2013-08-20,05:06:51,1.0,6.4666112263997375,4.2
2013-08-20,05:11:51,1.0,6.399930318196613,4.066666666666666
2013-08-20,05:16:51,1.0,3.7998962402343754,4.0
2013-08-20,05:21:51,1.0,4.399909973144531,4.066666666666666
2013-08-20,05:26:51,1.0,7.599945068359375,4.0
2013-08-20,05:31:51,1.0,4.799919128417969,4.0
2013-08-20,05:36:51,1.0,6.599947611490885,4.0
2013-08-20,05:41:51,1.0,5.999921162923176,4.0
2013-08-20,05:46:51,1.0,5.7999420166015625,4.066666666666666
2013-08-20,05:51:51,1.0,5.333264668782553,4.0
2013-08-20,05:56:51,1.0,6.266619364420572,4.0
2013-08-20,06:01:51,1.0,6.733296712239584,4.0
2013-08-20,06:06:51,1.0,7.7999114990234375,4.0
2013-08-20,06:11:51,1.0,4.866587320963542,4.0
2013-08-20,06:16:51,1.0,4.933255513509115,4.0
2013-08-20,06:21:51,1.0,5.533269246419271,3.6666666666666665
2013-08-20,06:26:51,1.0,5.333264668782553,3.8
2013-08-20,06:31:51,1.0,6.266581217447918,3.933333333333333
2013-08-20,06:36:51,1.0,5.466601053873697,3.933333333333333
2013-08-20,06:41:51,1.0,8.133265177408854,3.8666666666666663
2013-08-20,06:46:51,1.0,6.133257548014324,3.733333333333333
2013-08-20,06:51:51,1.0,5.999946594238281,3.8
2013-08-20,06:56:51,1.0,5.133260091145833,3.933333333333333
2013-08-20,07:01:51,1.1,6.266619364420572,100.0
2013-08-20,07:06:51,1.0,6.333287556966144,3.933333333333333
2013-08-20,07:11:51,1.0,6.466623942057291,3.8
2013-08-20,07:16:51,1.0,6.066614786783854,3.8
2013-08-20,07:21:52,1.0,5.933278401692709,4.0
2013-08-20,07:26:52,1.0,6.666590372721354,3.933333333333333
2013-08-20,07:31:52,1.0,6.533292134602865,3.8666666666666663
2013-08-20,07:36:52,1.0,7.533238728841146,3.8
2013-08-20,07:41:52,1.0,6.066614786783854,3.8
2013-08-20,07:46:52,1.5,10.933252970377602,100.0
2013-08-20,07:51:52,1.5,16.866556803385414,100.0
2013-08-20,07:56:52,1.5,17.46657053629557,100.0
2013-08-20,08:01:52,1.5,20.333226521809898,100.0
2013-08-20,08:06:52,2.1333333333333333,20.19986470540364,100.0
2013-08-20,08:11:52,1.5,23.333231608072914,100.0
2013-08-20,08:16:52,1.2666666666666666,18.399861653645832,100.0
2013-08-20,08:21:52,1.0,9.799931844075521,3.933333333333333
2013-08-20,08:26:52,1.0,7.399940490722656,4.0
2013-08-20,08:31:52,1.0,7.533315022786459,3.933333333333333
2013-08-20,08:36:52,1.0,6.599922180175781,3.8666666666666663
2013-08-20,08:41:52,1.0,4.7332509358723955,3.8
2013-08-20,08:46:52,1.0,4.533246358235678,4.2
2013-08-20,08:51:52,1.0,6.399955749511718,4.0
2013-08-20,08:56:52,1.0,4.266573588053386,4.0
2013-08-20,09:01:52,1.0,6.333287556966144,4.0
2013-08-20,09:06:52,1.0,6.799964904785156,3.8666666666666663
2013-08-20,09:11:52,1.0,5.933278401692709,3.933333333333333
2013-08-20,09:16:52,1.0,6.6666285196940125,3.8
2013-08-20,09:21:52,1.0,6.799964904785156,4.066666666666666
2013-08-20,09:26:52,1.0,7.1999359130859375,3.8666666666666663
2013-08-20,09:31:52,1.0,7.13330586751302,4.0
2013-08-20,09:36:52,1.0,6.333287556966144,4.066666666666666
2013-08-20,09:41:52,1.0,5.733273824055988,3.933333333333333
2013-08-20,09:46:52,1.0333333333333332,5.533269246419271,4.6
2013-08-20,09:51:52,1.0333333333333332,4.066569010416666,3.933333333333333
2013-08-20,09:56:52,1.0,5.733273824055988,3.933333333333333
2013-08-20,10:01:52,1.0,5.999946594238281,3.8666666666666663
2013-08-20,10:06:52,1.0,4.874920845031738,3.5
2013-08-20,10:11:52,1.0,4.7332509358723955,3.933333333333333
2013-08-20,10:16:52,1.0,5.133260091145833,4.133333333333334
2013-08-20,10:21:52,1.0,6.399955749511718,4.0
2013-08-20,10:26:52,1.1,6.199951171875,3.933333333333333
2013-08-20,10:31:52,1.0,5.733273824055988,3.8666666666666663
2013-08-20,10:36:52,1.0,7.066637674967448,3.8
2013-08-20,10:41:52,1.0,5.533269246419271,3.8
2013-08-20,10:46:52,1.0,5.599937438964844,4.0
2013-08-20,10:51:52,1.0,4.9999237060546875,3.733333333333333
2013-08-20,10:56:52,1.0,4.1999053955078125,3.8666666666666663
2013-08-20,11:01:52,1.1,6.933263142903646,100.0
2013-08-20,11:06:52,1.0333333333333332,6.999969482421875,12.466666666666667
2013-08-20,11:11:52,1.0333333333333332,6.799926757812499,4.266666666666667
2013-08-20,11:16:52,1.0,5.933278401692709,4.2
2013-08-20,11:21:52,1.0,8.066584269205729,4.066666666666666
2013-08-20,11:26:52,1.0666666666666669,10.933214823404946,4.266666666666667
2013-08-20,11:31:52,1.0,8.599929809570312,4.2
2013-08-20,11:36:52,1.0,6.399955749511718,4.266666666666667
2013-08-20,11:41:52,1.5333333333333334,10.399932861328125,100.0
2013-08-20,11:46:52,2.0,18.399887084960938,100.0
2013-08-20,11:51:52,1.8333333333333333,20.799903869628906,100.0
2013-08-20,11:56:52,1.9666666666666663,18.79985809326172,100.0
2013-08-20,12:01:52,1.9666666666666663,17.59990692138672,100.0
2013-08-20,12:06:52,2.2333333333333334,19.99988555908203,100.0
2013-08-20,12:11:52,1.6333333333333335,20.19989013671875,100.0
2013-08-20,12:16:52,1.3,17.799911499023438,100.0
2013-08-20,12:21:52,1.0,10.599861145019531,4.066666666666666
2013-08-20,12:26:52,1.1,7.799936930338541,4.0
2013-08-20,12:31:52,1.0,8.799858093261719,4.0
2013-08-20,12:36:52,1.0,7.93328603108724,4.066666666666666
2013-08-20,12:41:52,1.0,8.799908955891928,4.0
2013-08-20,12:46:52,1.0,6.99993133544922,4.066666666666666
2013-08-20,12:51:52,1.0,6.666615804036459,4.0
2013-08-20,12:56:52,1.0,9.599876403808594,4.133333333333334
2013-08-20,13:06:53,1.0,7.599906921386719,4.133333333333334
2013-08-20,13:11:53,1.0,8.466542561848957,4.133333333333334
2013-08-20,13:16:53,1.0,11.399879455566406,4.266666666666667
2013-08-20,13:22:03,1.0333333333333332,6.733271280924479,4.266666666666667
2013-08-20,13:27:03,1.0,8.066609700520834,4.066666666666666
2013-08-20,13:32:04,1.0,8.733253479003906,4.333333333333333
2013-08-20,13:42:04,1.0,8.79987080891927,4.266666666666667
2013-08-20,13:47:04,1.0,9.333203633626303,4.2
2013-08-20,13:52:04,1.4666666666666666,10.799878438313804,4.2
2013-08-20,13:57:04,1.0,11.599884033203125,4.266666666666667
2013-08-20,14:02:04,1.0,8.066584269205729,4.266666666666667
2013-08-20,14:07:04,1.0,7.333285013834636,4.333333333333333
2013-08-20,14:12:04,1.0333333333333332,10.46655019124349,4.133333333333334
2013-08-20,14:17:04,1.0,8.733240763346354,4.066666666666666
2013-08-20,14:22:04,1.0,6.466623942057291,4.0
2013-08-20,14:27:04,1.0,8.79988352457682,4.133333333333334
2013-08-20,14:32:04,1.0,8.933258056640625,4.066666666666666
2013-08-20,14:37:04,1.0,8.399848937988281,4.133333333333334
2013-08-20,14:42:04,1.0666666666666669,8.333244323730469,4.066666666666666
2013-08-20,14:47:04,1.0,8.733228047688803,4.066666666666666
2013-08-20,14:52:04,1.0,7.799949645996093,4.066666666666666
2013-08-20,14:57:04,1.1,8.666572570800781,3.933333333333333
2013-08-20,15:02:04,1.1,8.13323974609375,100.0
2013-08-20,15:07:04,1.0,9.866549173990885,4.0
2013-08-20,15:12:04,1.0,7.599906921386719,4.266666666666667
2013-08-20,15:17:04,1.0,9.533259073893227,3.933333333333333
2013-08-20,15:22:04,1.0,8.933258056640625,4.0
2013-08-20,15:27:04,1.0,10.19989013671875,4.0
2013-08-20,15:32:04,1.0,7.4666086832682295,4.066666666666666
2013-08-20,15:37:04,1.0,5.999946594238281,4.066666666666666
2013-08-20,15:42:04,1.0,5.999946594238281,4.333333333333333
2013-08-20,15:47:04,3.566666666666667,37.59988149007161,100.0
2013-08-20,15:52:05,1.7333333333333334,25.59989929199219,100.0
2013-08-20,15:57:05,1.7666666666666666,18.79985809326172,100.0
2013-08-20,16:02:05,1.7666666666666666,19.199867248535156,100.0
2013-08-20,16:07:05,2.4333333333333336,27.66657511393229,100.0
2013-08-20,16:12:05,1.6333333333333335,22.199935913085938,100.0
2013-08-20,16:17:05,1.4333333333333331,19.199867248535156,100.0
2013-08-20,16:22:05,1.0,12.199897766113281,4.133333333333334
2013-08-20,16:27:05,1.0,9.799880981445312,4.133333333333334
2013-08-20,16:32:05,1.0,9.733212788899738,4.066666666666666
2013-08-20,16:37:05,1.0,9.599876403808594,4.066666666666666
2013-08-20,16:42:05,1.0,6.999969482421875,4.0
2013-08-20,16:47:05,1.0,8.266576131184895,4.0
2013-08-20,16:52:05,1.0,7.799949645996093,4.066666666666666
2013-08-20,16:57:05,1.0,8.066609700520834,4.133333333333334
2013-08-20,17:02:05,1.0,6.9998931884765625,4.066666666666666
2013-08-20,17:07:05,1.0,6.666577657063801,4.133333333333334
2013-08-20,17:12:05,1.0,8.799934387207031,4.0
2013-08-20,17:17:05,1.0,7.9998779296875,4.0
2013-08-20,17:22:05,1.0,8.399912516276041,4.0
2013-08-20,17:27:05,1.0333333333333332,10.399856567382812,4.133333333333334
2013-08-20,17:32:05,1.0,8.199958801269531,4.133333333333334
2013-08-20,17:37:05,1.9,15.199877421061196,25.66666666666667
2013-08-20,17:42:05,1.0,10.19989013671875,4.0
2013-08-20,17:47:05,1.0,8.066584269205729,4.333333333333333
2013-08-20,17:52:05,1.0,9.799880981445312,4.133333333333334
2013-08-20,17:57:05,1.0,6.599960327148438,4.333333333333333
2013-08-20,18:02:05,1.0,8.866551717122396,4.266666666666667
2013-08-20,18:07:06,1.0,9.733187357584635,4.2
2013-08-20,18:12:06,1.0,9.199930826822916,4.2
2013-08-20,18:17:06,1.0,7.86663055419922,4.266666666666667
2013-08-20,18:22:06,1.0,11.599845886230469,4.066666666666666
2013-08-20,18:27:06,1.0,10.399856567382812,4.333333333333333
2013-08-20,18:32:06,1.0,8.866564432779947,4.4
2013-08-20,18:37:06,1.0,11.066576639811196,4.266666666666667
2013-08-20,18:47:06,1.0666666666666669,8.799934387207031,4.266666666666667
2013-08-20,18:52:06,1.0333333333333332,9.933230082194008,4.333333333333333
2013-08-20,18:57:06,1.0,9.599838256835938,4.4
2013-08-20,19:02:06,1.1,7.999992370605469,100.0
2013-08-20,19:07:05,1.0666666666666669,8.133265177408854,4.266666666666667
2013-08-20,19:12:05,1.0,8.199958801269531,4.333333333333333
2013-08-20,19:17:05,1.0,7.9999033610026045,4.266666666666667
2013-08-20,19:22:05,1.0,7.599945068359375,4.066666666666666
2013-08-20,19:27:05,1.1,9.333203633626303,4.266666666666667
2013-08-20,19:32:05,1.0,8.399912516276041,4.266666666666667
2013-08-20,19:37:05,1.0,7.399940490722656,4.466666666666667
2013-08-20,19:42:05,1.0,8.399925231933594,4.0
2013-08-20,19:47:05,1.0333333333333332,8.599929809570312,3.8
2013-08-20,19:52:06,1.0,9.199879964192709,4.133333333333334
2013-08-20,19:57:06,1.0,9.466565450032551,4.133333333333334
2013-08-20,20:02:06,1.0,7.533238728841146,4.2
2013-08-20,20:07:06,1.5,11.733220418294273,100.0
2013-08-20,20:12:06,1.0,7.7999114990234375,4.266666666666667
2013-08-20,20:17:06,1.0,8.333257039388021,4.266666666666667
2013-08-20,20:22:06,1.0333333333333332,8.666585286458334,4.266666666666667
2013-08-20,20:27:06,1.1,8.666572570800781,4.2
2013-08-20,20:32:06,1.0,7.799949645996093,4.2
2013-08-20,20:37:06,1.0,7.533238728841146,4.266666666666667
2013-08-20,20:42:06,1.0,7.599906921386719,4.2
2013-08-20,20:47:06,1.0,5.199928283691406,4.333333333333333
2013-08-20,20:52:06,1.0,6.13324483235677,4.133333333333334
2013-08-20,20:57:06,1.0,8.533210754394531,4.333333333333333
2013-08-20,21:02:06,1.0,7.399940490722656,4.133333333333334
2013-08-20,21:07:06,1.0,8.399925231933594,3.933333333333333
2013-08-20,21:12:06,1.0,8.199920654296875,3.933333333333333
2013-08-20,21:17:06,1.0,8.466606140136719,4.0
2013-08-20,21:22:06,1.0,8.399912516276041,3.933333333333333
2013-08-20,21:27:06,1.0666666666666669,10.933265686035156,4.066666666666666
2013-08-20,21:32:06,1.1666666666666667,8.266614278157553,4.0
2013-08-20,21:37:06,1.0,7.533276875813801,4.0
2013-08-20,21:42:06,1.0,8.066622416178387,4.0
2013-08-20,21:47:06,1.0,8.2666015625,4.0
2013-08-20,21:52:06,1.0,8.866513570149738,4.0
2013-08-20,21:57:06,1.0,6.533253987630207,4.066666666666666
2013-08-20,22:02:06,1.1333333333333333,6.266619364420572,4.133333333333334
2013-08-20,22:07:07,1.0,7.599932352701823,3.933333333333333
2013-08-20,22:12:07,1.0,8.399925231933594,4.0
2013-08-20,22:17:07,1.0666666666666669,8.13323974609375,4.066666666666666
2013-08-20,22:22:07,1.1,6.399955749511718,4.133333333333334
2013-08-20,22:27:07,1.1,8.466580708821615,4.0
2013-08-20,22:32:07,1.0,8.333218892415363,4.0
2013-08-20,22:37:07,1.0,7.7332305908203125,4.066666666666666
2013-08-20,22:42:07,1.0,8.599904378255209,4.066666666666666
2013-08-20,22:47:07,1.0,7.799936930338541,4.0
2013-08-20,22:52:07,1.0333333333333332,8.799921671549479,4.0
2013-08-20,22:57:07,1.0,6.733296712239584,4.0
2013-08-20,23:02:07,1.1666666666666667,10.466575622558594,100.0
2013-08-20,23:07:07,1.0,9.999847412109375,4.0
2013-08-20,23:12:07,1.0,9.19989267985026,4.0
2013-08-20,23:17:07,1.1,6.999969482421875,4.133333333333334
2013-08-20,23:22:07,1.0,7.066637674967448,4.133333333333334
2013-08-20,23:27:07,1.0,6.933301289876302,4.133333333333334
2013-08-20,23:32:07,1.0,6.866594950358072,4.0
2013-08-20,23:37:07,1.3333333333333337,9.533220926920572,100.0
2013-08-20,23:42:07,2.0,16.199913024902344,100.0
2013-08-20,23:47:07,2.0,17.666549682617188,100.0
2013-08-20,23:52:07,2.0,19.133224487304688,100.0
2013-08-20,23:57:07,2.1,16.86656951904297,100.0
2013-08-21,00:02:07,2.1,19.46654001871745,100.0
2013-08-21,00:07:07,2.5,25.73323567708334,100.0
2013-08-21,00:12:07,2.0666666666666664,22.93324788411458,100.0
2013-08-21,00:17:07,2.0,18.33318074544271,100.0
2013-08-21,00:22:07,2.0666666666666664,19.333203633626304,100.0
2013-08-21,00:27:07,2.033333333333333,21.13324483235677,100.0
2013-08-21,00:32:07,2.0666666666666664,20.466562906901043,100.0
2013-08-21,00:37:07,2.0,20.26653289794922,100.0
2013-08-21,00:42:08,1.3666666666666665,20.19986470540364,100.0
2013-08-21,00:47:08,1.0333333333333332,10.466588338216145,4.333333333333333
2013-08-21,00:52:08,1.0,6.733271280924479,4.333333333333333
2013-08-21,00:57:08,1.0,7.666600545247395,4.133333333333334
2013-08-21,01:02:08,1.1,8.999900817871094,100.0
2013-08-21,01:07:08,1.0,9.466603597005209,4.0
2013-08-21,01:12:08,1.0,7.066637674967448,4.0
2013-08-21,01:17:08,1.0,6.533292134602865,3.933333333333333
2013-08-21,01:22:08,1.0,6.199951171875,3.933333333333333
2013-08-21,01:27:08,1.0333333333333332,8.466593424479168,4.0
2013-08-21,01:32:08,2.033333333333333,8.066584269205729,4.6
2013-08-21,01:37:09,2.966666666666667,16.799863179524742,100.0
2013-08-21,01:42:09,2.033333333333333,19.333203633626304,100.0
2013-08-21,01:47:09,2.033333333333333,22.733243306477867,100.0
2013-08-21,01:52:09,2.0,19.399871826171875,100.0
2013-08-21,01:57:09,2.0,19.733212788899742,100.0
2013-08-21,02:02:09,2.1,19.99988555908203,100.0
2013-08-21,02:07:09,2.733333333333333,24.73325093587239,100.0
2013-08-21,02:12:09,1.1,17.33325958251953,4.133333333333334
2013-08-21,02:17:09,1.0666666666666669,11.799888610839844,4.133333333333334
2013-08-21,02:22:09,1.1333333333333333,8.466606140136719,4.133333333333334
2013-08-21,02:27:09,1.2,9.066556294759115,4.066666666666666
2013-08-21,02:32:09,1.0333333333333332,7.999928792317706,4.066666666666666
2013-08-21,02:37:09,1.2,8.866564432779947,4.133333333333334
2013-08-21,02:42:09,1.0,9.133249918619791,4.133333333333334
2013-08-21,02:47:09,1.1666666666666667,7.93322245279948,4.266666666666667
2013-08-21,02:52:09,1.0333333333333332,8.733202616373697,4.066666666666666
2013-08-21,02:57:09,1.0666666666666669,8.866589864095053,4.133333333333334
2013-08-21,03:02:09,1.0666666666666669,8.799908955891928,4.266666666666667
2013-08-21,03:07:09,1.0666666666666669,7.13330586751302,4.266666666666667
2013-08-21,03:12:09,1.1,7.933247884114582,4.266666666666667
2013-08-21,03:17:09,1.1666666666666667,6.599960327148438,4.266666666666667
2013-08-21,03:22:09,1.0333333333333332,7.799949645996093,4.066666666666666
2013-08-21,03:27:09,1.2,8.666547139485676,4.133333333333334
2013-08-21,03:32:09,1.0,8.39996337890625,4.066666666666666
2013-08-21,03:37:09,1.1333333333333333,7.39996592203776,4.0
2013-08-21,03:42:09,1.0,8.733202616373697,4.0
2013-08-21,03:47:09,1.0,8.133227030436197,4.133333333333334
2013-08-21,03:52:09,1.0,7.79998779296875,4.2
2013-08-21,03:57:09,1.4,6.266619364420572,100.0
2013-08-21,04:02:09,2.1,9.066556294759115,100.0
2013-08-21,04:07:10,2.1666666666666665,10.99988301595052,100.0
2013-08-21,04:12:09,2.4,7.266642252604166,100.0
2013-08-21,04:17:09,1.2666666666666666,9.13323720296224,52.86666666666667
2013-08-21,04:22:09,1.0666666666666669,9.266586303710938,4.333333333333333
2013-08-21,04:27:09,1.1666666666666667,10.599886576334635,4.266666666666667
2013-08-21,04:32:09,1.0,9.59985097249349,4.333333333333333
2013-08-21,04:37:09,1.1,9.066569010416666,4.333333333333333
2013-08-21,04:42:09,1.0,8.466567993164062,4.266666666666667
2013-08-21,04:47:09,1.1,8.866551717122396,4.333333333333333
2013-08-21,04:52:09,1.0333333333333332,7.399953206380207,4.2
2013-08-21,04:57:09,1.0,6.999969482421875,4.333333333333333
2013-08-21,05:02:09,1.1,7.066637674967448,4.133333333333334
2013-08-21,05:07:09,1.0333333333333332,7.066637674967448,4.333333333333333
2013-08-21,05:12:09,1.0,8.466567993164062,4.066666666666666
2013-08-21,05:17:09,1.0666666666666669,7.399927775065105,4.2
2013-08-21,05:22:09,1.1333333333333333,8.933207194010414,4.4
2013-08-21,05:27:09,1.1,9.799893697102863,4.333333333333333
2013-08-21,05:32:09,1.1666666666666667,7.599932352701823,4.266666666666667
2013-08-21,05:37:09,1.0666666666666669,9.666557312011719,4.2
2013-08-21,05:42:09,1.0333333333333332,7.466646830240885,4.0
2013-08-21,05:47:09,1.0333333333333332,7.333272298177083,4.066666666666666
2013-08-21,05:52:09,1.0666666666666669,7.266642252604166,4.066666666666666
2013-08-21,05:57:10,1.1,7.99994150797526,4.2
2013-08-21,06:02:10,1.1,9.066556294759115,4.066666666666666
2013-08-21,06:07:10,1.0,8.199920654296875,4.0
2013-08-21,06:12:10,1.1,8.599904378255209,4.2
2013-08-21,06:17:10,1.0,5.533269246419271,4.066666666666666
2013-08-21,06:22:10,1.0,5.533269246419271,4.0
2013-08-21,06:27:10,1.0,8.866564432779947,4.2
2013-08-21,06:32:10,1.0,11.133206685384113,4.333333333333333
2013-08-21,06:37:10,1.0,9.466590881347656,4.066666666666666
2013-08-21,06:42:10,1.0333333333333332,6.533292134602865,4.133333333333334
2013-08-21,06:47:10,1.0,6.399955749511718,4.066666666666666
2013-08-21,06:52:10,1.0,6.599960327148438,4.133333333333334
2013-08-21,06:57:10,1.0666666666666669,6.199951171875,4.066666666666666
2013-08-21,07:02:10,1.1,7.933273315429687,100.0
2013-08-21,07:07:10,1.0,7.2666168212890625,4.133333333333334
2013-08-21,07:12:10,1.0,5.933278401692709,4.133333333333334
2013-08-21,07:17:10,1.0333333333333332,7.666613260904947,4.266666666666667
2013-08-21,07:22:10,1.0,9.1998291015625,4.2
2013-08-21,07:27:10,1.0666666666666669,8.466567993164062,4.2
2013-08-21,07:32:10,1.0,7.466646830240885,4.133333333333334
2013-08-21,07:37:10,1.0333333333333332,6.866594950358072,56.33333333333334
2013-08-21,07:42:10,2.033333333333333,14.466552734374998,100.0
2013-08-21,07:47:10,2.0,20.39989471435547,100.0
2013-08-21,07:52:10,2.0,19.266535441080727,100.0
2013-08-21,07:57:10,2.0,17.533175150553383,100.0
2013-08-21,08:02:10,2.0,17.999903361002602,100.0
2013-08-21,08:07:11,2.6,19.999923706054688,100.0
2013-08-21,08:12:11,1.3666666666666665,20.599899291992188,100.0
2013-08-21,08:17:11,1.0,9.199905395507812,4.133333333333334
2013-08-21,08:22:11,1.0,6.999969482421875,4.333333333333333
2013-08-21,08:27:11,1.0,6.066614786783854,3.8
2013-08-21,08:32:11,1.0333333333333332,6.933301289876302,3.733333333333333
2013-08-21,08:37:11,1.0,8.066584269205729,12.533333333333333
2013-08-21,08:42:11,1.0666666666666669,7.7999114990234375,4.066666666666666
2013-08-21,08:47:11,1.0,7.4666086832682295,4.0
2013-08-21,08:52:11,1.0,7.066599527994794,3.933333333333333
2013-08-21,08:57:11,1.0,7.266591389973959,4.066666666666666
2013-08-21,09:02:11,1.0333333333333332,8.599853515625,4.0
2013-08-21,09:07:11,1.0,7.999954223632813,4.0
2013-08-21,09:12:11,1.0,8.866526285807291,4.0
2013-08-21,09:17:11,1.0,10.13318379720052,4.0
2013-08-21,09:22:11,1.0,8.066584269205729,4.0
2013-08-21,09:27:11,1.0333333333333332,7.7999114990234375,4.0
2013-08-21,09:32:11,1.0,8.8665771484375,4.066666666666666
2013-08-21,09:37:11,1.0666666666666669,9.66658274332682,4.466666666666667
2013-08-21,09:42:11,1.0,8.399925231933594,3.533333333333333
2013-08-21,09:47:11,1.0,5.999946594238281,3.4
2013-08-21,09:52:11,1.0,5.533269246419271,3.4
2013-08-21,09:57:11,1.0,6.6666285196940125,12.2
2013-08-21,10:02:11,1.0,8.199920654296875,3.933333333333333
2013-08-21,10:07:11,1.0,6.866582234700519,4.066666666666666
2013-08-21,10:12:11,1.0,6.599922180175781,12.333333333333336
2013-08-21,10:17:12,1.0,7.933260599772135,3.8666666666666663
2013-08-21,10:22:12,1.0,8.999900817871094,3.533333333333333
2013-08-21,10:27:12,1.0,8.333257039388021,4.2
2013-08-21,10:32:12,1.0,9.399871826171875,3.933333333333333
2013-08-21,10:37:12,1.0,8.066609700520834,3.8666666666666663
2013-08-21,10:42:12,0.9666666666666668,8.933270772298176,3.733333333333333
2013-08-21,10:47:12,1.0,8.199920654296875,3.8
2013-08-21,10:52:12,1.0,7.599945068359375,4.133333333333334
2013-08-21,10:57:12,1.0,9.999885559082031,3.933333333333333
2013-08-21,11:02:12,1.0666666666666669,8.599929809570312,100.0
2013-08-21,11:07:12,1.0333333333333332,7.666575113932293,12.666666666666664
2013-08-21,11:12:12,1.0,9.199918111165363,4.0
2013-08-21,11:17:12,1.0,7.1999231974283875,4.533333333333333
2013-08-21,11:22:12,1.0,7.666575113932293,4.2
2013-08-21,11:27:12,1.1,8.133227030436197,4.133333333333334
2013-08-21,11:32:12,1.0,10.599861145019531,4.2
2013-08-21,11:37:12,1.0666666666666669,8.866551717122396,100.0
2013-08-21,11:42:12,2.6333333333333333,18.066584269205727,100.0
2013-08-21,11:47:12,2.5,44.39990997314453,100.0
2013-08-21,11:52:12,1.7,26.999893188476566,100.0
2013-08-21,11:57:12,1.7,21.199913024902344,100.0
2013-08-21,12:02:12,1.7333333333333334,19.99988555908203,100.0
2013-08-21,12:07:12,2.3666666666666667,25.799903869628903,100.0
2013-08-21,12:12:12,1.3,20.39989471435547,100.0
2013-08-21,12:17:12,1.0,11.999893188476562,3.8666666666666663
2013-08-21,12:22:12,1.0,8.199920654296875,3.933333333333333
2013-08-21,12:27:12,1.0333333333333332,9.399871826171875,4.333333333333333
2013-08-21,12:32:12,1.0,9.466540018717447,4.066666666666666
2013-08-21,12:37:12,1.0,9.999885559082031,3.6666666666666665
2013-08-21,12:42:12,1.0,7.799949645996093,12.733333333333333
2013-08-21,12:47:12,1.0,6.533292134602865,3.8
2013-08-21,12:52:12,1.0,6.266619364420572,12.6
2013-08-21,12:57:12,1.0,7.266604105631512,4.266666666666667
2013-08-21,13:02:12,1.0,7.399978637695312,3.733333333333333
2013-08-21,13:07:12,1.0,7.1999359130859375,12.8
2013-08-21,13:12:12,1.0333333333333332,8.799896240234375,3.933333333333333
2013-08-21,13:17:12,1.0333333333333332,5.533269246419271,4.466666666666667
2013-08-21,13:22:12,1.0333333333333332,6.933263142903646,4.4
2013-08-21,13:27:12,1.0,8.999900817871094,4.333333333333333
2013-08-21,13:32:12,1.0,8.133252461751301,4.466666666666667
2013-08-21,13:37:12,1.0,7.333272298177083,4.4
2013-08-21,13:42:12,0.9,6.99993133544922,3.2666666666666666
2013-08-21,13:47:12,1.0,6.799964904785156,4.133333333333334
2013-08-21,13:52:12,1.0,8.333257039388021,3.8666666666666663
2013-08-21,13:57:12,1.0,7.399978637695312,4.466666666666667
2013-08-21,14:02:12,1.0,8.599929809570312,4.2
2013-08-21,14:07:12,1.0,6.799926757812499,4.0
2013-08-21,14:12:12,1.0666666666666669,7.799949645996093,4.133333333333334
2013-08-21,14:17:12,1.0,8.399887084960938,4.2
2013-08-21,14:22:12,1.0,8.399887084960938,4.266666666666667
2013-08-21,14:27:12,1.0,8.399887084960938,4.2
2013-08-21,14:32:12,1.0,5.599937438964844,4.133333333333334
2013-08-21,14:37:12,1.0,6.199951171875,4.2
2013-08-21,14:42:12,1.0,7.266604105631512,4.066666666666666
2013-08-21,14:47:12,1.0,6.199951171875,12.533333333333333
2013-08-21,14:52:12,1.0,6.99993133544922,3.933333333333333
2013-08-21,14:57:12,1.0,8.533223470052082,12.866666666666667
2013-08-21,15:02:12,1.1,9.533208211263021,100.0
2013-08-21,15:07:12,1.0,9.466590881347656,4.266666666666667
2013-08-21,15:12:12,1.0,8.666598002115885,4.133333333333334
2013-08-21,15:17:12,1.0,7.599983215332032,4.2
2013-08-21,15:22:12,1.0,8.133214314778646,4.2
2013-08-21,15:27:12,1.0333333333333332,9.933179219563803,4.066666666666666
2013-08-21,15:32:12,1.0,9.133224487304688,4.2
2013-08-21,15:37:13,1.0,8.466593424479168,4.133333333333334
2013-08-21,15:42:13,1.0,9.933179219563803,4.266666666666667
2013-08-21,15:47:13,1.6666666666666663,11.733258565266926,100.0
2013-08-21,15:52:13,1.7666666666666666,16.93323771158854,100.0
2013-08-21,15:57:13,1.8333333333333333,16.933224995930992,100.0
2013-08-21,16:02:13,1.8333333333333333,18.26655069986979,100.0
2013-08-21,16:07:13,2.466666666666667,19.866536458333336,100.0
2013-08-21,16:12:13,2.3666666666666667,28.599942525227867,100.0
2013-08-21,16:17:13,1.3,20.866572062174477,100.0
2013-08-21,16:22:13,1.0333333333333332,12.666587829589842,4.2
2013-08-21,16:27:13,1.0,8.866551717122396,4.066666666666666
2013-08-21,16:32:13,1.0,7.13330586751302,4.133333333333334
2013-08-21,16:37:13,1.0,7.066637674967448,4.133333333333334
2013-08-21,16:42:13,1.0333333333333332,9.533246358235676,4.2
2013-08-21,16:47:13,1.0333333333333332,9.86657460530599,4.2
2013-08-21,16:52:13,1.0,7.666613260904947,4.333333333333333
2013-08-21,16:57:13,1.0,7.8666051228841125,4.333333333333333
2013-08-21,17:02:13,1.1,9.399871826171875,4.266666666666667
2013-08-21,17:07:13,1.1,8.533287048339844,4.133333333333334
2013-08-21,17:12:13,1.0,8.8665771484375,4.133333333333334
2013-08-21,17:17:13,1.0,6.999956766764324,4.133333333333334
2013-08-21,17:22:13,1.0,7.733243306477864,4.133333333333334
2013-08-21,17:27:13,1.0,8.066596984863281,4.0
2013-08-21,17:32:13,1.0333333333333332,9.733212788899738,4.066666666666666
2013-08-21,17:37:13,1.0,7.799898783365887,4.266666666666667
2013-08-21,17:42:13,1.0,6.533292134602865,4.133333333333334
2013-08-21,17:47:13,1.0333333333333332,5.999946594238281,4.066666666666666
2013-08-21,17:52:13,1.0,6.199951171875,4.0
2013-08-21,17:57:13,1.0,7.13330586751302,4.066666666666666
2013-08-21,18:02:13,1.0,6.466623942057291,4.066666666666666
2013-08-21,18:07:13,1.0,8.13323974609375,4.133333333333334
2013-08-21,18:12:13,1.0,9.666544596354166,4.066666666666666
2013-08-21,18:17:14,1.0,7.866579691569011,4.133333333333334
2013-08-21,18:22:14,1.1,7.533238728841146,4.266666666666667
2013-08-21,18:27:14,1.0666666666666669,8.933219909667969,4.133333333333334
2013-08-21,18:32:14,1.0,7.53326416015625,4.066666666666666
2013-08-21,18:37:14,1.0,7.799924214680988,4.0
2013-08-21,18:42:14,1.0,8.333257039388021,4.133333333333334
2013-08-21,18:47:14,1.0,8.39996337890625,4.2
2013-08-21,18:52:14,1.0,10.733261108398438,4.0
2013-08-21,18:57:14,1.0,7.8666051228841125,4.066666666666666
2013-08-21,19:02:14,1.1,12.266604105631508,100.0
2013-08-21,19:07:14,1.0,9.666595458984375,4.133333333333334
2013-08-21,19:12:14,1.0,8.8665771484375,4.0
2013-08-21,19:17:14,1.0,5.933278401692709,4.0
2013-08-21,19:22:14,1.0,7.3333104451497375,4.2
2013-08-21,19:27:14,1.0,8.799896240234375,4.266666666666667
2013-08-21,19:32:14,1.0,9.599863688151041,4.133333333333334
2013-08-21,19:37:14,1.0,6.799964904785156,4.2
2013-08-21,19:42:14,1.1333333333333333,10.599861145019531,100.0
2013-08-21,19:47:14,1.5333333333333334,16.599947611490887,100.0
2013-08-21,19:52:14,1.6666666666666663,18.066558837890625,100.0
2013-08-21,19:57:14,1.5666666666666669,18.599917093912758,100.0
2013-08-21,20:02:14,1.6333333333333335,18.999862670898438,100.0
2013-08-21,20:07:14,2.333333333333333,27.8665288289388,100.0
2013-08-21,20:12:14,1.6,22.333272298177086,100.0
2013-08-21,20:17:14,1.2666666666666666,18.199895222981773,100.0
2013-08-21,20:22:15,1.0,10.133234659830729,4.333333333333333
2013-08-21,20:27:15,1.0,8.39996337890625,4.333333333333333
2013-08-21,20:32:15,1.0,8.666610717773438,4.333333333333333
2013-08-21,20:37:15,1.0,7.066599527994794,4.333333333333333
2013-08-21,20:42:15,1.0,7.466570536295575,4.333333333333333
2013-08-21,20:47:15,1.0,7.933298746744794,4.333333333333333
2013-08-21,20:52:15,1.0,7.399978637695312,4.333333333333333
2013-08-21,20:57:15,1.0,7.266642252604166,4.333333333333333
2013-08-21,21:02:15,1.0,7.999890645345052,4.4
2013-08-21,21:07:15,1.0,9.199905395507812,4.4
2013-08-21,21:12:15,1.0,9.399871826171875,4.333333333333333
2013-08-21,21:17:15,1.0,7.733268737792969,4.333333333333333
2013-08-21,21:22:15,1.0,8.733240763346354,4.4
2013-08-21,21:27:15,1.0,8.333295186360678,4.333333333333333
2013-08-21,21:32:15,1.0,6.999969482421875,4.333333333333333
2013-08-21,21:37:15,1.0,7.13330586751302,4.333333333333333
2013-08-21,21:42:15,1.0,7.599983215332032,4.333333333333333
2013-08-21,21:47:15,1.0,7.3332977294921875,4.333333333333333
2013-08-21,21:52:15,1.0,7.533289591471354,4.333333333333333
2013-08-21,21:57:15,1.0,6.933301289876302,4.333333333333333
2013-08-21,22:02:16,1.0,8.399925231933594,4.333333333333333
2013-08-21,22:07:16,1.0,9.266548156738281,4.333333333333333
2013-08-21,22:12:16,1.0,9.333216349283854,4.066666666666666
2013-08-21,22:17:16,1.0,8.799934387207031,4.133333333333334
2013-08-21,22:22:15,1.0,8.866513570149738,4.066666666666666
2013-08-21,22:27:15,1.0,8.933181762695312,4.133333333333334
2013-08-21,22:32:15,1.0,8.733202616373697,4.133333333333334
2013-08-21,22:37:15,1.0,6.066614786783854,4.2
2013-08-21,22:42:15,1.0,7.5999196370442705,4.133333333333334
2013-08-21,22:47:15,1.0,8.733240763346354,4.2
2013-08-21,22:52:15,1.0666666666666669,7.799936930338541,4.133333333333334
2013-08-21,22:57:15,1.0,8.533248901367188,4.2
2013-08-21,23:02:15,1.2666666666666666,8.599891662597656,100.0
2013-08-21,23:07:15,1.0,10.599873860677084,4.0
2013-08-21,23:12:15,1.0,9.66650644938151,4.0
2013-08-21,23:17:15,1.0,8.199933369954428,4.066666666666666
2013-08-21,23:22:15,1.0,6.733296712239584,3.933333333333333
2013-08-21,23:27:15,1.0,7.666587829589844,4.0
2013-08-21,23:32:15,1.0,8.53326161702474,4.133333333333334
2013-08-21,23:37:15,1.1,8.066622416178387,4.066666666666666
2013-08-21,23:42:15,1.0,6.799964904785156,4.0
2013-08-21,23:47:16,1.0,7.599906921386719,4.0
2013-08-21,23:52:16,1.0,8.933232625325521,20.666666666666668
2013-08-21,23:57:16,1.6333333333333335,13.399887084960938,100.0
2013-08-22,00:02:16,1.7333333333333334,17.666562398274742,100.0
2013-08-22,00:07:16,2.4333333333333336,22.59990692138672,100.0
2013-08-22,00:12:16,1.5333333333333334,24.199905395507812,100.0
2013-08-22,00:17:16,1.5,18.79985809326172,100.0
2013-08-22,00:22:16,1.7,18.799883524576824,100.0
2013-08-22,00:27:16,1.5333333333333334,17.533213297526043,100.0
2013-08-22,00:32:16,1.0,13.399925231933594,4.2
2013-08-22,00:37:16,1.0,9.399871826171875,4.2
2013-08-22,00:42:16,1.0,7.999916076660156,4.2
2013-08-22,00:47:16,1.0,7.266604105631512,4.133333333333334
2013-08-22,00:52:16,1.0,8.533210754394531,4.2
2013-08-22,00:57:16,1.0,9.599876403808594,4.066666666666666
2013-08-22,01:02:17,1.1333333333333333,7.399940490722656,100.0
2013-08-22,01:07:17,1.0,6.999918619791666,4.066666666666666
2013-08-22,01:12:17,1.0,8.599929809570312,4.066666666666666
2013-08-22,01:17:17,1.0,7.599945068359375,4.133333333333334
2013-08-22,01:22:17,1.0,7.571329389299665,3.571428571428572
2013-08-22,01:27:17,1.0,9.799919128417969,4.0
2013-08-22,01:32:17,1.0,7.866579691569011,4.6
2013-08-22,01:37:17,3.333333333333333,14.599914550781252,18.866666666666667
2013-08-22,01:42:17,2.4,16.999855041503906,11.6
2013-08-22,01:47:17,1.0,14.599876403808592,5.533333333333332
2013-08-22,01:52:17,1.0666666666666669,10.133209228515625,63.13333333333333
2013-08-22,01:57:17,1.6,15.79986572265625,100.0
2013-08-22,02:02:17,1.8,20.599899291992188,100.0
2013-08-22,02:07:17,2.5,23.599891662597656,100.0
2013-08-22,02:12:17,2.0,20.39989471435547,100.0
2013-08-22,02:17:17,2.0,21.399917602539062,100.0
2013-08-22,02:22:17,2.0,18.999862670898438,100.0
2013-08-22,02:27:17,1.5333333333333334,19.79991912841797,100.0
2013-08-22,02:32:17,1.1,11.999931335449219,4.2
2013-08-22,02:37:17,1.0666666666666669,7.799949645996093,4.266666666666667
2013-08-22,02:42:17,1.0,8.399925231933594,4.133333333333334
2013-08-22,02:47:17,1.0,7.999916076660156,4.266666666666667
2013-08-22,02:52:17,1.0,8.199958801269531,4.133333333333334
2013-08-22,02:57:17,1.0333333333333332,7.79998779296875,4.266666666666667
2013-08-22,03:02:17,1.0357142857142856,8.642741612025668,3.8571428571428568
2013-08-22,03:07:17,1.0333333333333332,7.999916076660156,4.4
2013-08-22,03:12:17,1.0,7.799936930338541,4.2
2013-08-22,03:17:17,1.0,10.399894714355469,4.066666666666666
2013-08-22,03:22:17,1.0,6.799926757812499,4.266666666666667
2013-08-22,03:27:17,1.1,8.733189900716145,4.2
2013-08-22,03:32:17,1.0,7.599945068359375,4.2
2013-08-22,03:37:17,1.0,7.785606384277344,3.7857142857142856
2013-08-22,03:42:18,1.1071428571428568,8.285604204450335,3.8571428571428568
2013-08-22,03:47:18,1.0,6.599922180175781,4.0
2013-08-22,03:52:18,1.0,5.428504943847656,3.7857142857142856
2013-08-22,03:57:18,1.2666666666666666,8.799896240234375,100.0
2013-08-22,04:02:18,2.0,8.733189900716145,100.0
2013-08-22,04:07:18,2.0,10.199851989746094,100.0
2013-08-22,04:12:18,2.0,8.142784663609095,100.0
2013-08-22,04:17:18,1.1428571428571432,7.999951498849052,71.57142857142857
2013-08-22,04:22:18,1.0,8.933232625325521,4.0
2013-08-22,04:27:18,1.0357142857142856,6.1428070068359375,3.7142857142857135
2013-08-22,04:32:18,1.0666666666666669,8.733240763346354,4.2
2013-08-22,04:37:18,1.0,7.857104710170201,3.7142857142857135
2013-08-22,04:42:18,1.0357142857142856,6.571388244628906,3.6428571428571432
2013-08-22,04:47:18,1.0,7.3570932660784045,3.6428571428571432
2013-08-22,04:52:18,1.0,8.642782483782087,3.7142857142857135
2013-08-22,04:57:18,1.0,9.499904087611606,4.071428571428571
2013-08-22,05:02:18,1.0,9.285640716552734,3.7142857142857135
2013-08-22,05:07:18,1.0333333333333332,6.799964904785156,4.066666666666666
2013-08-22,05:12:18,1.0,6.785678863525391,3.7142857142857135
2013-08-22,05:17:18,1.0,7.214260101318359,3.7857142857142856
2013-08-22,05:22:18,1.0,7.714244297572545,3.7142857142857135
2013-08-22,05:27:18,1.1428571428571432,10.071277618408203,3.571428571428572
2013-08-22,05:32:18,1.0,9.642737252371653,3.7142857142857135
2013-08-22,05:37:18,1.1785714285714286,7.714203425816127,3.7857142857142856
2013-08-22,05:42:18,1.0,8.071340833391462,3.571428571428572
2013-08-22,05:47:18,1.1071428571428568,8.357102530343193,3.571428571428572
2013-08-22,05:52:18,1.0,10.428455897739957,3.7857142857142856
2013-08-22,05:57:18,1.0,10.357039315359934,3.928571428571429
2013-08-22,06:02:18,1.0,8.39996337890625,4.133333333333334
2013-08-22,06:07:18,1.0,7.714244297572545,3.7857142857142856
2013-08-22,06:12:18,1.0333333333333332,6.333287556966144,4.0
2013-08-22,06:17:18,1.0357142857142856,7.499940054757255,3.7857142857142856
2013-08-22,06:22:18,1.0357142857142856,7.857050214494977,3.928571428571429
2013-08-22,06:27:18,1.0,8.428464617047991,3.8571428571428568
2013-08-22,06:32:18,1.0,8.357020786830358,3.928571428571429
2013-08-22,06:37:18,1.0,8.666521708170572,4.266666666666667
2013-08-22,06:42:18,1.0,8.399887084960938,4.266666666666667
2013-08-22,06:47:18,1.0,8.199920654296875,4.2
2013-08-22,06:52:18,1.0,8.066584269205729,4.2
2013-08-22,06:57:18,1.0,6.733296712239584,4.266666666666667
2013-08-22,07:02:18,1.1,9.266535441080729,100.0
2013-08-22,07:07:18,1.0,8.599929809570312,4.333333333333333
2013-08-22,07:12:18,1.0,6.933301289876302,4.333333333333333
2013-08-22,07:17:19,1.0,7.399978637695312,4.333333333333333
2013-08-22,07:22:19,1.0,6.799926757812499,4.266666666666667
2013-08-22,07:27:18,1.0,7.4666086832682295,4.4
2013-08-22,07:32:18,1.0,7.799936930338541,4.333333333333333
2013-08-22,07:37:18,1.0,8.799896240234375,4.333333333333333
2013-08-22,07:42:18,3.3,28.599891662597653,100.0
2013-08-22,07:47:18,1.6333333333333335,28.799858093261722,100.0
2013-08-22,07:52:18,1.6,19.799880981445312,100.0
2013-08-22,07:57:18,1.6333333333333335,16.799888610839844,100.0
2013-08-22,08:02:18,1.7,20.39989471435547,100.0
2013-08-22,08:07:18,2.1666666666666665,25.19989013671875,100.0
2013-08-22,08:12:18,1.4666666666666666,18.999900817871094,100.0
2013-08-22,08:17:18,1.0,8.999900817871094,4.333333333333333
2013-08-22,08:22:18,1.0,7.8666051228841125,4.266666666666667
2013-08-22,08:27:18,1.0,8.99993896484375,4.333333333333333
2013-08-22,08:32:18,1.0,8.199882507324219,4.133333333333334
2013-08-22,08:37:19,1.0,8.666559855143227,4.333333333333333
2013-08-22,08:42:19,1.0,7.7999114990234375,4.333333333333333
2013-08-22,08:47:19,1.0,8.59991709391276,4.266666666666667
2013-08-22,08:52:19,1.0,8.599891662597656,4.333333333333333
2013-08-22,08:57:19,1.0,6.799964904785156,4.333333333333333
2013-08-22,09:02:19,1.0,6.199951171875,4.266666666666667
2013-08-22,09:07:19,1.0,6.86663309733073,4.333333333333333
2013-08-22,09:12:19,1.0,7.93328603108724,4.4
2013-08-22,09:17:19,1.0,7.133293151855469,4.2
2013-08-22,09:22:19,1.0,8.399848937988281,4.2
2013-08-22,09:27:19,1.0,8.999900817871094,4.266666666666667
2013-08-22,09:32:19,1.0,7.7999114990234375,4.133333333333334
2013-08-22,09:37:19,1.0,7.666613260904947,4.266666666666667
2013-08-22,09:42:19,1.0,7.666651407877606,4.266666666666667
2013-08-22,09:47:19,1.0,8.066622416178387,4.2
2013-08-22,09:52:19,1.0,7.13330586751302,4.066666666666666
2013-08-22,09:57:19,1.0,8.133265177408854,4.266666666666667
2013-08-22,10:02:19,1.0,8.066622416178387,4.2
2013-08-22,10:07:19,1.0,7.399927775065105,4.2
2013-08-22,10:12:19,1.0,8.666547139485676,4.133333333333334
2013-08-22,10:17:19,1.0,7.4666086832682295,4.2
2013-08-22,10:22:19,1.0,6.599960327148438,4.133333333333334
2013-08-22,10:27:19,1.0,10.066541035970051,4.2
2013-08-22,10:32:19,1.0,8.599929809570312,4.4
2013-08-22,10:37:19,1.0,7.8666051228841125,4.066666666666666
2013-08-22,10:42:19,1.0,7.466646830240885,4.133333333333334
2013-08-22,10:47:19,1.0,6.333287556966144,4.0
2013-08-22,10:52:19,1.0,6.599960327148438,4.2
2013-08-22,10:57:19,1.0,6.3332366943359375,4.133333333333334
2013-08-22,11:02:19,1.1,7.333259582519531,100.0
2013-08-22,11:07:20,1.0,7.8665924072265625,4.133333333333334
2013-08-22,11:12:20,1.0666666666666669,8.26653798421224,4.133333333333334
2013-08-22,11:17:20,1.0,8.266614278157553,4.066666666666666
2013-08-22,11:22:20,1.0,7.333272298177083,4.066666666666666
2013-08-22,11:27:20,1.0,8.066546122233074,4.0
2013-08-22,11:32:20,1.0,7.999928792317706,4.2
2013-08-22,11:37:20,1.0,6.93328857421875,4.266666666666667
2013-08-22,11:42:20,1.3,9.133262634277344,100.0
2013-08-22,11:47:20,1.7,15.99988301595052,100.0
2013-08-22,11:52:20,1.6,18.799896240234375,100.0
2013-08-22,11:57:20,1.7333333333333334,20.133260091145832,100.0
2013-08-22,12:02:20,1.8333333333333333,19.06653086344401,100.0
2013-08-22,12:07:19,2.6,23.133227030436203,100.0
2013-08-22,12:12:19,1.8333333333333333,21.399904886881508,100.0
2013-08-22,12:17:19,1.0666666666666669,17.39988962809245,8.4
2013-08-22,12:22:19,1.0,9.399935404459633,4.066666666666666
2013-08-22,12:27:19,1.0,7.599983215332032,4.266666666666667
2013-08-22,12:32:19,1.0,10.333188374837238,4.0
2013-08-22,12:37:19,1.0,10.733197530110678,3.933333333333333
2013-08-22,12:42:20,1.0,8.133277893066406,3.933333333333333
2013-08-22,12:47:20,1.125,7.499885559082031,5.25
2013-08-22,12:52:20,1.0,7.466634114583331,4.133333333333334
2013-08-22,12:57:20,1.0333333333333332,7.733243306477864,4.333333333333333
2013-08-22,13:02:20,1.0333333333333332,8.199958801269531,4.133333333333334
2013-08-22,13:07:20,1.0,7.533238728841146,4.266666666666667
2013-08-22,13:12:20,1.0,7.733268737792969,4.2
2013-08-22,13:17:20,1.0,9.133224487304688,4.2
2013-08-22,13:22:20,1.0,8.799921671549479,4.066666666666666
2013-08-22,13:27:20,1.0,8.866564432779947,4.2
2013-08-22,13:32:20,1.0,8.333269755045574,4.2
2013-08-22,13:37:20,1.0,8.06664784749349,4.2
2013-08-22,13:42:20,1.0,8.399899800618488,4.266666666666667
2013-08-22,13:47:20,1.0,9.599876403808594,4.066666666666666
2013-08-22,13:52:20,1.0,8.466542561848957,4.133333333333334
2013-08-22,13:57:20,1.0,7.999928792317706,4.4
2013-08-22,14:02:20,1.0,8.066622416178387,4.266666666666667
2013-08-22,14:07:20,1.0,7.466583251953125,4.266666666666667
2013-08-22,14:12:20,1.0,8.199920654296875,4.2
2013-08-22,14:17:20,1.0,8.533248901367188,4.333333333333333
2013-08-22,14:22:20,1.0,6.733296712239584,4.333333333333333
2013-08-22,14:27:20,1.0333333333333332,8.066558837890625,4.4
2013-08-22,14:32:20,1.0,8.866564432779947,4.533333333333333
2013-08-22,14:37:20,1.0,9.199841817220051,4.066666666666666
2013-08-22,14:42:20,1.0,8.533287048339844,4.133333333333334
2013-08-22,14:47:21,1.0,6.466623942057291,4.066666666666666
2013-08-22,14:52:21,1.0,7.533315022786459,4.066666666666666
2013-08-22,14:57:21,1.0,7.666651407877606,4.2
2013-08-22,15:02:21,1.1,8.53326161702474,100.0
2013-08-22,15:07:21,1.0,9.466565450032551,4.2
2013-08-22,15:12:21,1.0,7.933260599772135,4.133333333333334
2013-08-22,15:17:21,1.0,8.399887084960938,4.066666666666666
2013-08-22,15:22:21,1.0,8.599853515625,4.2
2013-08-22,15:27:21,1.0,9.66657002766927,4.066666666666666
2013-08-22,15:32:21,1.0,8.066584269205729,4.133333333333334
2013-08-22,15:37:21,1.0,8.466606140136719,4.066666666666666
2013-08-22,15:42:21,1.2666666666666666,9.199905395507812,100.0
2013-08-22,15:47:21,1.6666666666666663,14.599876403808592,100.0
2013-08-22,15:52:21,1.7333333333333334,20.26660919189453,100.0
2013-08-22,15:57:21,1.7,17.399864196777344,100.0
2013-08-22,16:02:21,1.9,18.066546122233074,100.0
2013-08-22,16:07:21,2.2666666666666666,23.399887084960938,100.0
2013-08-22,16:12:21,1.9666666666666663,19.933217366536454,100.0
2013-08-22,16:17:21,1.0666666666666669,15.533205668131508,24.53333333333333
2013-08-22,16:22:21,1.0,8.399899800618488,4.133333333333334
2013-08-22,16:27:21,1.0,6.799964904785156,4.133333333333334
2013-08-22,16:32:21,1.0,6.86663309733073,4.2
2013-08-22,16:37:21,1.0,8.199933369954428,4.2
2013-08-22,16:42:21,1.0,8.066609700520834,4.4
2013-08-22,16:47:21,1.0,7.799924214680988,4.266666666666667
2013-08-22,16:52:21,1.0,7.666651407877606,4.333333333333333
2013-08-22,16:57:21,1.0,7.466646830240885,4.0
2013-08-22,17:02:21,1.0,6.533292134602865,4.2
2013-08-22,17:07:21,1.0,7.066637674967448,4.133333333333334
2013-08-22,17:12:21,1.0,8.79987080891927,4.066666666666666
2013-08-22,17:17:21,1.0,8.466567993164062,4.333333333333333
2013-08-22,17:22:21,1.0,6.999969482421875,4.2
2013-08-22,17:27:21,1.1,8.399912516276041,4.333333333333333
2013-08-22,17:32:21,1.0,7.599957784016925,4.0
2013-08-22,17:37:21,1.0,6.933301289876302,4.266666666666667
2013-08-22,17:42:22,1.0,9.199841817220051,4.0
2013-08-22,17:47:22,1.0,7.9999033610026045,4.0
2013-08-22,17:52:22,1.0,8.666610717773438,3.933333333333333
2013-08-22,17:57:22,1.0,8.066609700520834,3.933333333333333
2013-08-22,18:02:22,1.0,8.533236185709635,3.8666666666666663
2013-08-22,18:07:22,1.0,6.733296712239584,4.133333333333334
2013-08-22,18:12:22,1.0,8.2666015625,4.0
2013-08-22,18:17:22,1.0,8.266563415527344,4.0
2013-08-22,18:22:22,1.0,7.599945068359375,3.933333333333333
2013-08-22,18:27:22,1.0333333333333332,8.933207194010414,3.933333333333333
2013-08-22,18:32:22,1.0,8.2666015625,4.0
2013-08-22,18:37:22,1.0,8.266576131184895,4.133333333333334
2013-08-22,18:42:22,1.0,9.133262634277344,4.2
2013-08-22,18:47:22,1.0,7.933260599772135,4.133333333333334
2013-08-22,18:52:22,1.0,8.599891662597656,4.133333333333334
2013-08-22,18:57:22,1.0,8.73321533203125,4.2
2013-08-22,19:02:22,1.1,7.533289591471354,100.0
2013-08-22,19:07:22,1.0,7.799898783365887,4.066666666666666
2013-08-22,19:12:22,1.0,7.599932352701823,4.066666666666666
2013-08-22,19:17:22,1.0,8.466580708821615,4.066666666666666
2013-08-22,19:22:22,1.0,10.333188374837238,4.133333333333334
2013-08-22,19:27:22,1.1,9.933230082194008,4.0
2013-08-22,19:32:22,1.0,6.599960327148438,4.066666666666666
2013-08-22,19:37:22,1.0,7.066637674967448,4.0
2013-08-22,19:42:22,1.3333333333333337,9.333241780598957,100.0
2013-08-22,19:47:22,1.7,17.133255004882812,100.0
2013-08-22,19:52:22,1.8666666666666665,17.866617838541668,100.0
2013-08-22,19:57:23,1.7,16.59992218017578,100.0
2013-08-22,20:02:23,1.7666666666666666,20.799891153971352,100.0
2013-08-22,20:07:23,2.5,25.466550191243492,100.0
2013-08-22,20:12:23,1.7666666666666666,23.999900817871094,100.0
2013-08-22,20:17:23,1.0,17.59990692138672,4.066666666666666
2013-08-22,20:22:23,1.0,9.933191935221354,4.066666666666666
2013-08-22,20:27:23,1.0,9.199905395507812,4.0
2013-08-22,20:32:23,1.0,9.466552734375,4.066666666666666
2013-08-22,20:37:23,1.0,7.99994150797526,4.066666666666666
2013-08-22,20:42:23,1.0,6.733296712239584,4.133333333333334
2013-08-22,20:47:23,1.0,7.866566975911458,4.066666666666666
2013-08-22,20:52:23,1.0,6.799939473470053,4.066666666666666
2013-08-22,20:57:23,1.0,6.666577657063801,4.2
2013-08-22,21:02:23,1.0,7.799949645996093,4.066666666666666
2013-08-22,21:07:23,1.0,7.933235168457031,4.0
2013-08-22,21:12:23,1.0,7.999916076660156,4.133333333333334
2013-08-22,21:17:23,1.0,7.999916076660156,4.0
2013-08-22,21:22:23,1.0,7.599957784016925,4.133333333333334
2013-08-22,21:27:23,1.0,8.533223470052082,4.133333333333334
2013-08-22,21:32:23,1.0,8.199933369954428,4.2
2013-08-22,21:37:23,1.0,11.13325754801432,4.266666666666667
2013-08-22,21:42:23,1.0,7.599945068359375,4.066666666666666
2013-08-22,21:47:23,1.0,5.933278401692709,4.133333333333334
2013-08-22,21:52:23,1.0,6.599960327148438,4.133333333333334
2013-08-22,21:57:23,1.0,8.066546122233074,4.066666666666666
2013-08-22,22:02:23,1.0333333333333332,8.199920654296875,4.133333333333334
2013-08-22,22:07:23,1.0,5.533269246419271,4.0
2013-08-22,22:12:23,1.0,7.933247884114582,4.0
2013-08-22,22:17:23,1.0,9.333203633626303,4.0
2013-08-22,22:22:23,1.0,9.733263651529947,4.0
2013-08-22,22:27:23,1.0,9.199943542480469,4.066666666666666
2013-08-22,22:32:23,1.0333333333333332,6.799964904785156,4.0
2013-08-22,22:37:23,1.0,8.333269755045574,4.066666666666666
2013-08-22,22:42:23,1.0333333333333332,9.133211771647135,4.266666666666667
2013-08-22,22:47:23,1.0,7.799924214680988,4.066666666666666
2013-08-22,22:52:23,1.0,8.46655527750651,4.066666666666666
2013-08-22,22:57:23,1.0,6.199913024902344,4.066666666666666
2013-08-22,23:02:23,1.1333333333333333,5.533256530761719,100.0
2013-08-22,23:07:23,1.0,9.399871826171875,4.0
2013-08-22,23:12:23,1.0,8.399899800618488,4.066666666666666
2013-08-22,23:17:23,1.0,8.866551717122396,4.133333333333334
2013-08-22,23:22:23,1.0,7.399902343750001,4.0
2013-08-22,23:27:23,1.0,8.266588846842447,4.133333333333334
2013-08-22,23:32:23,1.0,7.866579691569011,4.0
2013-08-22,23:37:24,1.3,9.199854532877602,100.0
2013-08-22,23:42:24,1.9333333333333331,16.999893188476562,100.0
2013-08-22,23:47:24,1.5666666666666669,18.19988250732422,100.0
2013-08-22,23:52:24,1.5666666666666669,19.199867248535156,100.0
2013-08-22,23:57:24,1.6,18.999900817871094,100.0
2013-08-23,00:02:24,1.7666666666666666,17.399940490722656,100.0
2013-08-23,00:07:24,2.3,24.799880981445312,100.0
2013-08-23,00:12:24,1.0,17.39990234375,4.266666666666667
2013-08-23,00:17:24,1.0,8.199920654296875,3.933333333333333
2013-08-23,00:22:24,1.0,6.799964904785156,4.333333333333333
2013-08-23,00:27:24,1.0,7.1999359130859375,4.333333333333333
2013-08-23,00:32:24,1.0,7.866617838541666,4.333333333333333
2013-08-23,00:37:24,1.0,7.7999114990234375,4.333333333333333
2013-08-23,00:42:24,1.0,6.199951171875,4.266666666666667
2013-08-23,00:47:24,1.0,7.399978637695312,4.333333333333333
2013-08-23,00:52:24,1.0,7.799898783365887,4.333333333333333
2013-08-23,00:57:24,1.0,8.666598002115885,3.533333333333333
2013-08-23,01:02:24,1.1,9.999923706054688,100.0
2013-08-23,01:07:25,1.0,9.66657002766927,4.2
2013-08-23,01:12:25,1.0,8.066596984863281,4.133333333333334
2013-08-23,01:17:25,1.0,8.999913533528646,4.2
2013-08-23,01:22:25,1.0,6.199913024902344,4.266666666666667
2013-08-23,01:27:25,1.0,7.4666086832682295,4.2
2013-08-23,01:32:25,1.4333333333333331,7.533226013183595,11.333333333333336
2013-08-23,01:37:25,2.2333333333333334,14.999923706054688,100.0
2013-08-23,01:42:25,1.7666666666666666,16.399930318196617,100.0
2013-08-23,01:47:25,1.7333333333333334,17.066561381022133,100.0
2013-08-23,01:52:25,1.6666666666666663,18.7332280476888,100.0
2013-08-23,01:57:25,1.6666666666666663,20.133221944173176,100.0
2013-08-23,02:02:25,1.8333333333333333,19.666544596354164,100.0
2013-08-23,02:07:25,2.6,24.333241780598954,100.0
2013-08-23,02:12:25,1.0,16.399904886881508,4.4
2013-08-23,02:17:25,1.0,10.933202107747398,4.266666666666667
2013-08-23,02:22:25,1.1666666666666667,9.133186340332031,4.533333333333333
2013-08-23,02:27:25,1.1333333333333333,9.333241780598957,4.266666666666667
2013-08-23,02:32:25,1.0,8.066609700520834,4.2
2013-08-23,02:37:25,1.0,9.66650644938151,4.333333333333333
2013-08-23,02:42:25,1.0,7.9999033610026045,4.333333333333333
2013-08-23,02:47:25,1.0,6.533292134602865,4.266666666666667
2013-08-23,02:52:25,1.0,7.333234151204428,4.2
2013-08-23,02:57:25,1.0,6.333287556966144,4.333333333333333
2013-08-23,03:02:25,1.0,6.466623942057291,4.333333333333333
2013-08-23,03:07:25,1.0,6.933301289876302,4.333333333333333
2013-08-23,03:12:25,1.1,7.266604105631512,4.2
2013-08-23,03:17:25,1.0,7.733319600423178,4.4
2013-08-23,03:22:25,1.0,6.199951171875,4.333333333333333
2013-08-23,03:27:25,1.1,8.999951680501301,4.266666666666667
2013-08-23,03:32:25,1.0,8.599891662597656,4.133333333333334
2013-08-23,03:37:25,1.0,8.933232625325521,4.133333333333334
2013-08-23,03:42:25,1.0333333333333332,8.466567993164062,4.333333333333333
2013-08-23,03:47:25,1.0333333333333332,7.666600545247395,4.333333333333333
2013-08-23,03:52:25,2.833333333333333,31.866582234700513,4.4
2013-08-23,03:57:25,1.3333333333333337,18.399912516276043,100.0
2013-08-23,04:02:25,2.0,23.399925231933594,100.0
2013-08-23,04:07:25,2.0,21.399917602539062,100.0
2013-08-23,04:12:25,2.0,21.86659495035807,100.0
2013-08-23,04:17:26,1.0666666666666669,15.799891153971352,4.066666666666666
2013-08-23,04:22:26,1.0666666666666669,8.933245340983072,4.066666666666666
2013-08-23,04:27:26,1.1,9.066581726074219,4.0
2013-08-23,04:32:26,1.0,9.199930826822916,4.0
2013-08-23,04:37:26,1.0,7.066612243652344,4.066666666666666
2013-08-23,04:42:26,1.0,7.733268737792969,4.0
2013-08-23,04:47:26,1.0,6.799926757812499,4.0
2013-08-23,04:52:26,1.0,7.799936930338541,4.133333333333334
2013-08-23,04:57:26,1.0,7.133267720540365,4.133333333333334
2013-08-23,05:02:26,1.0,6.733296712239584,4.133333333333334
2013-08-23,05:07:26,1.0,7.666613260904947,4.066666666666666
2013-08-23,05:12:26,1.0,6.86663309733073,4.333333333333333
2013-08-23,05:17:26,1.0,9.083271026611328,4.083333333333333
2013-08-23,05:22:26,1.0,6.066614786783854,4.2
2013-08-23,05:27:26,1.0333333333333332,7.399927775065105,4.2
2013-08-23,05:32:26,1.0,7.999916076660156,4.2
2013-08-23,05:37:26,1.0,7.399940490722656,4.133333333333334
2013-08-23,05:42:26,1.0,8.933270772298176,4.133333333333334
2013-08-23,05:47:26,1.1333333333333333,9.199918111165363,4.266666666666667
2013-08-23,05:52:26,1.0,7.133267720540365,4.2
2013-08-23,05:57:26,1.0,9.133249918619791,4.266666666666667
2013-08-23,06:02:26,1.0,8.999926249186197,4.133333333333334
2013-08-23,06:07:26,1.1,7.866579691569011,4.0
2013-08-23,06:12:26,1.0333333333333332,10.46655019124349,4.2
2013-08-23,06:17:26,1.1333333333333333,9.733174641927084,4.2
2013-08-23,06:22:26,1.0,7.933273315429687,4.333333333333333
2013-08-23,06:27:26,1.0,7.533276875813801,4.2
2013-08-23,06:32:26,1.0,6.733296712239584,4.133333333333334
2013-08-23,06:37:26,1.0,8.13323974609375,4.266666666666667
2013-08-23,06:42:26,1.0,8.46655527750651,4.133333333333334
2013-08-23,06:47:26,1.0666666666666669,7.599906921386719,4.066666666666666
2013-08-23,06:52:26,1.0,7.666651407877606,4.066666666666666
2013-08-23,06:57:26,1.0,8.933194478352863,4.266666666666667
2013-08-23,07:02:26,1.1,8.19989522298177,100.0
2013-08-23,07:07:26,1.0,8.533274332682293,4.2
2013-08-23,07:12:26,1.0,7.13324228922526,4.266666666666667
2013-08-23,07:17:26,1.0,8.399899800618488,4.066666666666666
2013-08-23,07:22:26,1.0,7.866643269856771,3.933333333333333
2013-08-23,07:27:26,1.0,7.599932352701823,4.266666666666667
2013-08-23,07:32:26,1.0,7.93328603108724,4.2
2013-08-23,07:37:26,1.0,7.266604105631512,4.266666666666667
2013-08-23,07:42:26,1.0,7.533276875813801,5.4
2013-08-23,07:47:27,1.6,13.533223470052084,100.0
2013-08-23,07:52:27,1.7333333333333334,17.39990234375,100.0
2013-08-23,07:57:27,1.5333333333333334,17.533200581868485,100.0
2013-08-23,08:02:27,1.8,18.7332280476888,100.0
2013-08-23,08:07:27,2.2333333333333334,27.799911499023438,100.0
2013-08-23,08:12:27,1.5333333333333334,21.533253987630204,100.0
2013-08-23,08:17:27,1.2333333333333334,17.46654510498047,100.0
2013-08-23,08:22:27,1.0,10.733248392740885,4.133333333333334
2013-08-23,08:27:27,1.0,8.466618855794271,4.066666666666666
2013-08-23,08:32:27,1.0,9.999923706054688,4.066666666666666
2013-08-23,08:37:27,1.0,9.533297220865885,4.2
2013-08-23,08:42:27,1.0,7.9999033610026045,4.266666666666667
2013-08-23,08:47:27,1.0,8.466567993164062,4.2
2013-08-23,08:52:27,1.0,10.466562906901041,4.266666666666667
2013-08-23,08:57:27,1.0,9.866561889648438,4.266666666666667
2013-08-23,09:02:27,1.0,6.799964904785156,4.333333333333333
2013-08-23,09:07:27,1.0,7.066637674967448,4.333333333333333
2013-08-23,09:12:27,1.0,7.466583251953125,4.266666666666667
2013-08-23,09:17:27,1.0,7.799962361653646,4.266666666666667
2013-08-23,09:22:27,1.0,6.399955749511718,4.266666666666667
2013-08-23,09:27:27,1.0,8.533248901367188,4.2
2013-08-23,09:32:27,1.0,9.399909973144531,4.266666666666667
2013-08-23,09:37:27,1.0,9.799893697102863,4.2
2013-08-23,09:42:27,1.0,6.133282979329426,4.266666666666667
2013-08-23,09:47:27,1.0,8.799845377604166,4.133333333333334
2013-08-23,09:52:27,1.0,8.99987538655599,4.333333333333333
2013-08-23,09:57:27,1.0,9.533182779947916,4.333333333333333
2013-08-23,10:02:27,1.0,9.599889119466145,4.333333333333333
2013-08-23,10:07:27,1.0,7.533276875813801,4.266666666666667
2013-08-23,10:12:27,1.0,5.933278401692709,4.333333333333333
2013-08-23,10:17:27,1.0,6.333287556966144,4.066666666666666
2013-08-23,10:22:27,1.0,7.733306884765626,4.133333333333334
2013-08-23,10:27:28,1.0,8.799908955891928,4.266666666666667
2013-08-23,10:32:28,1.0,6.599960327148438,4.133333333333334
2013-08-23,10:37:28,1.0,7.13330586751302,4.2
2013-08-23,10:42:28,1.0,7.3333104451497375,4.066666666666666
2013-08-23,10:47:28,1.0,7.3333104451497375,4.133333333333334
2013-08-23,10:52:27,1.0,7.799936930338541,4.2
2013-08-23,10:57:27,1.0,10.199877421061196,4.4
2013-08-23,11:02:27,1.1,11.666552225748696,100.0
2013-08-23,11:07:27,1.0,8.933270772298176,4.333333333333333
2013-08-23,11:12:27,1.0,8.333231608072916,4.266666666666667
2013-08-23,11:17:27,1.0,7.399978637695312,4.266666666666667
2013-08-23,11:22:27,1.0,8.399912516276041,4.266666666666667
2013-08-23,11:27:27,1.0666666666666669,8.799947102864582,4.2
2013-08-23,11:32:28,1.0,6.6666285196940125,4.133333333333334
2013-08-23,11:37:28,1.0,8.266614278157553,4.2
2013-08-23,11:42:28,1.3666666666666665,9.933179219563803,100.0
2013-08-23,11:47:28,1.7,15.799903869628906,100.0
2013-08-23,11:52:28,1.8666666666666665,14.599939982096352,100.0
2013-08-23,11:57:28,1.8666666666666665,16.533215840657554,100.0
2013-08-23,12:02:28,1.9333333333333331,17.066574096679688,100.0
2013-08-23,12:07:28,2.566666666666667,23.46660614013672,100.0
2013-08-23,12:12:28,1.9333333333333331,23.999951680501304,100.0
2013-08-23,12:17:28,1.0333333333333332,15.133234659830727,4.2
2013-08-23,12:22:28,1.0333333333333332,8.133227030436197,4.066666666666666
2013-08-23,12:27:28,1.0333333333333332,7.533276875813801,4.4
2013-08-23,12:32:28,1.0,7.93328603108724,4.2
2013-08-23,12:37:28,1.0,6.99993133544922,4.2
2013-08-23,12:42:28,1.0,7.266604105631512,4.2
2013-08-23,12:47:28,1.0,7.7332178751627625,4.333333333333333
2013-08-23,12:52:28,1.0,9.799893697102863,4.4
2013-08-23,12:57:28,1.0,7.333259582519531,4.266666666666667
2013-08-23,13:02:28,1.0,7.199974060058594,4.266666666666667
2013-08-23,13:07:28,1.0,7.3333104451497375,4.2
2013-08-23,13:12:28,1.0,7.599983215332032,4.266666666666667
2013-08-23,13:17:28,1.0,9.199841817220051,4.2
2013-08-23,13:22:28,1.0,9.066543579101562,4.266666666666667
2013-08-23,13:27:28,1.0,11.799888610839844,4.333333333333333
2013-08-23,13:32:28,1.0,8.999824523925781,4.2
2013-08-23,13:37:28,1.0,8.199920654296875,4.2
2013-08-23,13:42:28,1.0,9.399871826171875,4.333333333333333
2013-08-23,13:47:28,1.0,6.399955749511718,4.333333333333333
2013-08-23,13:52:28,1.0,7.999992370605469,4.266666666666667
2013-08-23,13:57:28,1.0,10.933240254720051,4.333333333333333
2013-08-23,14:02:28,1.0,8.799896240234375,4.466666666666667
2013-08-23,14:07:28,1.0,7.3333104451497375,4.133333333333334
2013-08-23,14:12:28,1.0,6.599960327148438,4.133333333333334
2013-08-23,14:17:28,1.0,6.26660664876302,4.133333333333334
2013-08-23,14:22:28,1.0,7.7999114990234375,4.266666666666667
2013-08-23,14:27:29,1.0,9.399884541829428,4.133333333333334
2013-08-23,14:32:29,1.0,9.066518147786457,4.333333333333333
2013-08-23,14:37:29,1.0,7.599945068359375,4.266666666666667
2013-08-23,14:42:29,1.0,7.599945068359375,4.333333333333333
2013-08-23,14:47:29,1.0,8.999900817871094,4.333333333333333
2013-08-23,14:52:29,1.0,7.533276875813801,4.333333333333333
2013-08-23,14:57:29,1.0,9.199879964192709,4.333333333333333
2013-08-23,15:02:29,1.1,11.266543070475258,100.0
2013-08-23,15:07:29,1.0,9.199943542480469,4.333333333333333
2013-08-23,15:12:29,1.0333333333333332,7.93328603108724,4.266666666666667
2013-08-23,15:17:29,1.0,6.933301289876302,4.2
2013-08-23,15:22:29,1.0,7.1999359130859375,4.266666666666667
2013-08-23,15:27:29,1.0666666666666669,8.199933369954428,4.333333333333333
2013-08-23,15:32:29,1.0,8.399925231933594,4.266666666666667
2013-08-23,15:37:29,1.1333333333333333,8.599929809570312,100.0
2013-08-23,15:42:29,1.6,15.066553751627602,100.0
2013-08-23,15:47:29,1.7,18.199920654296875,100.0
2013-08-23,15:52:29,1.6333333333333335,18.599891662597656,100.0
2013-08-23,15:57:29,1.5666666666666669,16.59992218017578,100.0
2013-08-23,16:02:29,1.6333333333333335,16.799850463867188,100.0
2013-08-23,16:07:29,2.3666666666666667,24.999961853027344,100.0
2013-08-23,16:12:29,1.0666666666666669,16.799888610839844,38.0
2013-08-23,16:17:29,1.0,9.799842834472656,4.333333333333333
2013-08-23,16:22:29,1.0,8.199958801269531,4.333333333333333
2013-08-23,16:27:29,1.0,7.999992370605469,4.266666666666667
2013-08-23,16:32:29,1.0,6.999969482421875,4.2
2013-08-23,16:37:29,1.0,8.333269755045574,4.266666666666667
2013-08-23,16:42:29,1.0,9.199905395507812,4.333333333333333
2013-08-23,16:47:29,1.0,6.99993133544922,4.266666666666667
2013-08-23,16:52:29,1.0,7.733281453450519,4.333333333333333
2013-08-23,16:57:29,1.0,6.99993133544922,4.266666666666667
2013-08-23,17:02:29,1.0,6.399955749511718,4.333333333333333
2013-08-23,17:07:29,1.0,6.99993133544922,4.133333333333334
2013-08-23,17:12:29,1.0,8.799896240234375,4.2
2013-08-23,17:17:29,1.0,7.999954223632813,4.266666666666667
2013-08-23,17:22:29,1.0,6.399955749511718,4.333333333333333
2013-08-23,17:27:29,1.0,10.066579182942709,4.266666666666667
2013-08-23,17:32:29,1.0,8.99993896484375,4.266666666666667
2013-08-23,17:37:29,1.0,6.199951171875,4.2
2013-08-23,17:42:29,1.0,7.599906921386719,4.266666666666667
2013-08-23,17:47:29,1.0,8.99993896484375,4.333333333333333
2013-08-23,17:52:29,1.0,9.066569010416666,4.333333333333333
2013-08-23,17:57:29,1.0,9.066530863444008,4.4
2013-08-23,18:02:29,1.0,8.199920654296875,3.8666666666666663
2013-08-23,18:07:29,1.0,10.133247375488281,4.133333333333334
2013-08-23,18:12:29,1.0,8.266614278157553,4.266666666666667
2013-08-23,18:17:29,1.0,7.666587829589844,4.0
2013-08-23,18:22:29,1.0,8.399912516276041,4.2
2013-08-23,18:27:29,1.0,7.799949645996093,4.2
2013-08-23,18:32:30,1.0,8.466580708821615,4.066666666666666
2013-08-23,18:37:30,1.0,8.666534423828125,4.066666666666666
2013-08-23,18:42:30,1.0,8.333244323730469,4.0
2013-08-23,18:47:30,1.0,6.733296712239584,4.133333333333334
2013-08-23,18:52:30,1.0,8.066622416178387,4.0
2013-08-23,18:57:30,1.0,8.466580708821615,4.0
2013-08-23,19:02:30,1.1,9.399909973144531,100.0
2013-08-23,19:07:30,1.0,8.53326161702474,4.066666666666666
2013-08-23,19:12:30,1.0,6.799926757812499,4.0
2013-08-23,19:17:30,1.0,6.99993133544922,4.066666666666666
2013-08-23,19:22:30,1.0,9.399859110514322,4.066666666666666
2013-08-23,19:27:30,1.0,8.733228047688803,4.066666666666666
2013-08-23,19:32:30,1.0,8.733253479003906,4.066666666666666
2013-08-23,19:37:30,1.2666666666666666,9.733238220214844,100.0
2013-08-23,19:42:30,1.5666666666666669,17.533213297526043,100.0
2013-08-23,19:47:30,1.8,19.46654001871745,100.0
2013-08-23,19:52:30,2.0,18.266512552897133,100.0
2013-08-23,19:57:30,1.8666666666666665,19.06653086344401,100.0
2013-08-23,20:02:30,1.8666666666666665,19.46654001871745,100.0
2013-08-23,20:07:30,2.333333333333333,26.733258565266933,100.0
2013-08-23,20:12:30,1.0,16.599909464518227,4.0
2013-08-23,20:17:30,1.0,9.399859110514322,4.0
2013-08-23,20:22:30,1.0,9.066556294759115,4.133333333333334
2013-08-23,20:27:30,1.0,8.933258056640625,4.066666666666666
2013-08-23,20:32:30,1.0,7.799949645996093,4.066666666666666
2013-08-23,20:37:30,1.0,7.666613260904947,4.0
2013-08-23,20:42:30,1.0,6.533292134602865,4.066666666666666
2013-08-23,20:47:30,1.0,7.466646830240885,4.066666666666666
2013-08-23,20:52:30,1.0,9.799842834472656,4.0
2013-08-23,20:57:30,1.0,9.06659444173177,4.066666666666666
2013-08-23,21:02:30,1.0,7.733281453450519,4.0
2013-08-23,21:07:30,1.0,8.266576131184895,4.133333333333334
2013-08-23,21:12:31,1.0,9.466578165690104,4.066666666666666
2013-08-23,21:17:31,1.0,7.9999033610026045,4.133333333333334
2013-08-23,21:22:31,1.0,8.999900817871094,4.0
2013-08-23,21:27:31,1.0,8.933219909667969,4.0
2013-08-23,21:32:31,1.0,6.066614786783854,4.066666666666666
2013-08-23,21:37:31,1.0,6.533292134602865,4.0
2013-08-23,21:42:31,1.0,7.733319600423178,4.2
2013-08-23,21:47:31,1.0,9.399922688802082,4.0
2013-08-23,21:52:31,1.0,9.199968973795572,4.2
2013-08-23,21:57:31,1.0,8.599866231282551,4.066666666666666
2013-08-23,22:02:31,1.0,8.199907938639322,4.133333333333334
2013-08-23,22:07:31,1.0,7.666613260904947,4.066666666666666
2013-08-23,22:12:31,1.0,7.666549682617188,4.066666666666666
2013-08-23,22:17:31,1.0,8.333269755045574,4.2
2013-08-23,22:22:31,1.0,8.333218892415363,4.133333333333334
2013-08-23,22:27:31,1.0,8.399874369303385,4.333333333333333
2013-08-23,22:32:31,1.0,7.399940490722656,4.333333333333333
2013-08-23,22:37:31,1.0,8.599929809570312,4.333333333333333
2013-08-23,22:42:31,1.0,7.199948628743489,4.4
2013-08-23,22:47:31,1.0,8.333244323730469,4.266666666666667
2013-08-23,22:52:31,1.0,6.533292134602865,4.333333333333333
2013-08-23,22:57:31,1.0,6.466623942057291,4.266666666666667
2013-08-23,23:02:31,1.2,9.133249918619791,100.0
2013-08-23,23:07:31,1.0,9.333216349283854,4.066666666666666
2013-08-23,23:12:31,1.0,8.199920654296875,4.2
2013-08-23,23:17:31,1.0,8.133277893066406,4.266666666666667
2013-08-23,23:22:31,1.0,7.466634114583331,4.2
2013-08-23,23:27:31,1.0,9.199841817220051,4.066666666666666
2013-08-23,23:32:31,1.0,9.466540018717447,49.06666666666667
2013-08-23,23:37:31,1.8666666666666665,12.066548665364586,100.0
2013-08-23,23:42:31,1.8,17.79987335205078,100.0
2013-08-23,23:47:32,2.0,17.46655782063802,100.0
2013-08-23,23:52:32,1.8333333333333333,15.866610209147133,100.0
2013-08-23,23:57:32,1.7666666666666666,15.866610209147133,100.0
2013-08-24,00:02:32,1.9666666666666663,19.799906412760418,100.0
2013-08-24,00:07:32,1.8666666666666665,27.06659952799479,100.0
2013-08-24,00:12:32,1.0,14.599927266438806,4.133333333333334
2013-08-24,00:17:32,1.0,8.666572570800781,4.133333333333334
2013-08-24,00:22:32,1.0,9.266535441080729,4.2
2013-08-24,00:27:32,1.0,9.66657002766927,4.133333333333334
2013-08-24,00:32:31,1.0,7.666600545247395,4.266666666666667
2013-08-24,00:37:31,1.0333333333333332,7.933235168457031,4.133333333333334
2013-08-24,00:42:31,1.0,8.533223470052082,4.133333333333334
2013-08-24,00:47:31,1.0,8.46655527750651,4.266666666666667
2013-08-24,00:52:31,1.0,7.999916076660156,4.133333333333334
2013-08-24,00:57:31,1.0,8.066596984863281,4.133333333333334
2013-08-24,01:02:32,1.1,9.333267211914062,100.0
2013-08-24,01:07:32,1.0,10.066553751627602,4.2
2013-08-24,01:12:32,1.2333333333333334,11.733207702636719,4.2
2013-08-24,01:17:32,2.466666666666667,37.33323415120442,4.133333333333334
2013-08-24,01:22:32,1.0333333333333332,21.06656392415364,4.133333333333334
2013-08-24,01:27:32,1.1,12.666575113932288,4.266666666666667
2013-08-24,01:32:32,1.5333333333333334,9.799931844075521,11.266666666666667
2013-08-24,01:37:32,2.4,22.39990234375,100.0
2013-08-24,01:42:32,1.9,19.866549173990883,100.0
2013-08-24,01:47:32,1.9,19.53322092692057,100.0
2013-08-24,01:52:32,1.8333333333333333,17.266527811686196,100.0
2013-08-24,01:57:32,2.0,19.733238220214844,100.0
2013-08-24,02:02:32,2.033333333333333,20.73319753011068,100.0
2013-08-24,02:07:32,2.466666666666667,29.33324178059895,100.0
2013-08-24,02:12:32,1.0,14.733225504557293,4.2
2013-08-24,02:17:32,1.0,8.199920654296875,4.266666666666667
2013-08-24,02:22:32,1.0,7.866554260253906,4.333333333333333
2013-08-24,02:27:32,1.1333333333333333,7.133280436197918,4.066666666666666
2013-08-24,02:32:32,1.0,8.199907938639322,4.066666666666666
2013-08-24,02:37:32,1.0,8.2666015625,4.066666666666666
2013-08-24,02:42:32,1.0,8.133265177408854,4.0
2013-08-24,02:47:32,1.0333333333333332,7.599945068359375,4.066666666666666
2013-08-24,02:52:32,1.0666666666666669,7.933273315429687,4.266666666666667
2013-08-24,02:57:32,1.0666666666666669,8.533248901367188,4.066666666666666
2013-08-24,03:02:32,1.0666666666666669,8.999849955240885,4.066666666666666
2013-08-24,03:07:32,1.0,8.799908955891928,4.0
2013-08-24,03:12:32,1.0,6.799926757812499,4.066666666666666
2013-08-24,03:17:32,1.0333333333333332,8.933258056640625,4.0
2013-08-24,03:22:32,1.0,10.533192952473959,4.066666666666666
2013-08-24,03:27:32,1.1333333333333333,9.466540018717447,4.066666666666666
2013-08-24,03:32:32,1.0,10.533192952473959,4.066666666666666
2013-08-24,03:37:32,1.1,8.8665771484375,4.0
2013-08-24,03:42:33,1.0,7.466646830240885,4.0
2013-08-24,03:47:33,1.0,8.933207194010414,4.0
2013-08-24,03:52:33,1.0,8.2666015625,4.066666666666666
2013-08-24,03:57:33,1.3333333333333337,7.466634114583331,100.0
2013-08-24,04:02:33,2.0,8.066596984863281,100.0
2013-08-24,04:07:33,2.0,10.733210245768229,100.0
2013-08-24,04:12:33,2.0,10.999908447265625,100.0
2013-08-24,04:17:33,1.0333333333333332,8.99993896484375,4.066666666666666
2013-08-24,04:22:33,1.0,6.533253987630207,4.066666666666666
2013-08-24,04:27:33,1.1333333333333333,7.93328603108724,4.066666666666666
2013-08-24,04:32:33,1.0,7.1999359130859375,4.0
2013-08-24,04:37:33,1.0,9.333203633626303,4.066666666666666
2013-08-24,04:42:33,1.0333333333333332,8.599929809570312,4.066666666666666
2013-08-24,04:47:33,1.0,9.533246358235676,4.066666666666666
2013-08-24,04:52:33,1.0666666666666669,8.199920654296875,4.066666666666666
2013-08-24,04:57:33,1.0666666666666669,6.933301289876302,4.2
2013-08-24,05:02:33,1.0,7.799949645996093,4.133333333333334
2013-08-24,05:07:33,1.0,7.333272298177083,4.0
2013-08-24,05:12:33,1.0333333333333332,6.733296712239584,4.066666666666666
2013-08-24,05:17:33,1.0666666666666669,7.999954223632813,4.066666666666666
2013-08-24,05:22:33,1.0,9.199905395507812,4.0
2013-08-24,05:27:33,1.0333333333333332,8.733228047688803,4.333333333333333
2013-08-24,05:32:33,1.1,9.399909973144531,4.066666666666666
2013-08-24,05:37:33,1.0666666666666669,9.466578165690104,4.066666666666666
2013-08-24,05:42:33,1.0666666666666669,10.266545613606771,4.266666666666667
2013-08-24,05:47:33,1.1,10.533231099446615,4.133333333333334
2013-08-24,05:52:33,1.0,8.599891662597656,4.133333333333334
2013-08-24,05:57:33,1.0,6.86663309733073,4.133333333333334
2013-08-24,06:02:33,1.0333333333333332,7.333272298177083,4.133333333333334
2013-08-24,06:07:33,1.0666666666666669,9.133249918619791,4.2
2013-08-24,06:12:33,1.0,8.99993896484375,4.2
2013-08-24,06:17:33,1.1,7.999954223632813,4.133333333333334
2013-08-24,06:22:33,1.0,9.399909973144531,4.133333333333334
2013-08-24,06:27:33,1.0,7.666587829589844,4.2
2013-08-24,06:32:34,1.0,8.799858093261719,4.266666666666667
2013-08-24,06:37:34,1.0,7.066637674967448,4.333333333333333
2013-08-24,06:42:34,1.0,7.799962361653646,4.333333333333333
2013-08-24,06:47:34,1.0,9.999885559082031,4.133333333333334
2013-08-24,06:52:34,1.0,8.599929809570312,4.333333333333333
2013-08-24,06:57:34,1.0,6.933237711588541,4.466666666666667
2013-08-24,07:02:34,1.1666666666666667,9.599838256835938,100.0
2013-08-24,07:07:34,1.0,8.399925231933594,4.266666666666667
2013-08-24,07:12:34,1.0,8.066622416178387,4.133333333333334
2013-08-24,07:17:34,1.0,7.7999114990234375,4.266666666666667
2013-08-24,07:22:34,1.0,11.733220418294273,4.2
2013-08-24,07:27:34,1.0,9.799842834472656,4.2
2013-08-24,07:32:34,1.0,7.5999196370442705,4.333333333333333
2013-08-24,07:37:34,1.0,7.933247884114582,4.266666666666667
2013-08-24,07:42:34,1.6,11.33317311604818,100.0
2013-08-24,07:47:34,1.9666666666666663,18.19988250732422,100.0
2013-08-24,07:52:34,1.7,19.99988555908203,100.0
2013-08-24,07:57:34,1.9,16.599884033203125,100.0
2013-08-24,08:02:34,1.7,20.99987030029297,100.0
2013-08-24,08:07:34,2.4,24.79991912841797,100.0
2013-08-24,08:12:34,1.3666666666666665,18.999900817871094,100.0
2013-08-24,08:17:34,1.0,10.86653391520182,4.066666666666666
2013-08-24,08:22:34,1.1,9.599876403808594,4.133333333333334
2013-08-24,08:27:34,1.0,7.133267720540365,4.066666666666666
2013-08-24,08:32:34,1.0,7.19989776611328,4.066666666666666
2013-08-24,08:37:35,1.0,6.866556803385417,4.133333333333334
2013-08-24,08:42:35,1.0,6.399955749511718,4.066666666666666
2013-08-24,08:47:35,1.0,7.399978637695312,4.0
2013-08-24,08:52:35,1.0,7.666575113932293,4.133333333333334
2013-08-24,08:57:35,1.0,6.333287556966144,4.066666666666666
2013-08-24,09:02:35,1.0,9.999949137369791,4.0
2013-08-24,09:07:35,1.0,7.799949645996093,4.066666666666666
2013-08-24,09:12:35,1.0,7.999916076660156,4.133333333333334
2013-08-24,09:17:35,1.0,9.466565450032551,4.0
2013-08-24,09:22:35,1.0,8.066622416178387,4.066666666666666
2013-08-24,09:27:35,1.0,8.999900817871094,4.066666666666666
2013-08-24,09:32:35,1.0,7.599906921386719,4.0
2013-08-24,09:37:35,1.0,7.399915059407553,4.066666666666666
2013-08-24,09:42:34,1.0,8.133277893066406,4.0
2013-08-24,09:47:34,1.0,8.599904378255209,4.133333333333334
2013-08-24,09:52:34,1.0,10.066515604654947,4.066666666666666
2013-08-24,09:57:34,1.0,9.066556294759115,4.266666666666667
2013-08-24,10:02:35,1.0,9.599838256835938,4.066666666666666
2013-08-24,10:07:35,1.0,6.799964904785156,4.133333333333334
2013-08-24,10:12:35,1.0,6.266619364420572,4.133333333333334
2013-08-24,10:17:35,1.0,6.6666285196940125,4.133333333333334
2013-08-24,10:22:35,1.0,7.999954223632813,4.133333333333334
2013-08-24,10:27:35,1.0,8.466631571451822,4.133333333333334
2013-08-24,10:32:35,1.0,7.133255004882813,4.066666666666666
2013-08-24,10:37:35,1.0,7.4666086832682295,4.066666666666666
2013-08-24,10:42:35,1.0,7.533289591471354,4.066666666666666
2013-08-24,10:47:35,1.0666666666666669,12.199897766113281,4.0
2013-08-24,10:52:35,1.0,9.86657460530599,4.0
2013-08-24,10:57:35,1.0,8.799896240234375,4.066666666666666
2013-08-24,11:02:35,1.1,8.066546122233074,100.0
2013-08-24,11:07:35,1.0,6.599947611490885,4.266666666666667
2013-08-24,11:12:35,1.0,5.866610209147137,4.2
2013-08-24,11:17:35,1.0,8.533223470052082,4.333333333333333
2013-08-24,11:22:35,1.0,9.666557312011719,4.266666666666667
2013-08-24,11:27:35,1.0333333333333332,7.66656239827474,4.333333333333333
2013-08-24,11:32:35,1.0,8.266576131184895,4.4
2013-08-24,11:37:35,1.6,10.666580200195312,100.0
2013-08-24,11:42:35,1.5666666666666669,16.866556803385414,100.0
2013-08-24,11:47:35,1.5333333333333334,17.733256022135414,100.0
2013-08-24,11:52:35,1.6666666666666663,19.933217366536454,100.0
2013-08-24,11:57:35,1.6666666666666663,18.066533406575523,100.0
2013-08-24,12:02:35,1.8,18.066558837890625,100.0
2013-08-24,12:07:35,2.1666666666666665,24.39990997314453,100.0
2013-08-24,12:12:35,1.0,13.599878946940105,4.266666666666667
2013-08-24,12:17:35,1.0,9.666608174641928,4.2
2013-08-24,12:22:35,1.0,8.333257039388021,4.333333333333333
2013-08-24,12:27:35,1.0,9.266535441080729,4.2
2013-08-24,12:32:35,1.0,7.53326416015625,4.333333333333333
2013-08-24,12:37:35,1.0,9.933280944824219,4.333333333333333
2013-08-24,12:42:35,1.0,10.333251953125,4.2
2013-08-24,12:47:35,1.0,9.86657460530599,4.066666666666666
2013-08-24,12:52:35,1.0,9.533233642578125,4.2
2013-08-24,12:57:35,1.0,7.066637674967448,4.133333333333334
2013-08-24,13:02:35,1.0,7.933273315429687,4.133333333333334
2013-08-24,13:07:35,1.0,9.399909973144531,4.266666666666667
2013-08-24,13:12:36,1.0,7.933247884114582,4.133333333333334
2013-08-24,13:17:36,1.0,7.8665924072265625,4.066666666666666
2013-08-24,13:22:36,1.0,8.799858093261719,4.066666666666666
2013-08-24,13:27:36,1.0,8.999888102213541,4.0
2013-08-24,13:32:36,1.0,8.466580708821615,4.066666666666666
2013-08-24,13:37:36,1.0,8.399925231933594,4.066666666666666
2013-08-24,13:42:36,1.0,7.399927775065105,4.0
2013-08-24,13:47:36,1.0,7.599983215332032,4.133333333333334
2013-08-24,13:52:36,1.0,7.066637674967448,4.333333333333333
2013-08-24,13:57:36,1.0,7.13330586751302,4.2
2013-08-24,14:02:36,1.0,7.3333104451497375,4.066666666666666
2013-08-24,14:07:36,1.0,6.333287556966144,4.066666666666666
2013-08-24,14:12:36,1.0,7.199974060058594,3.933333333333333
2013-08-24,14:17:36,1.0,6.933301289876302,4.066666666666666
2013-08-24,14:22:36,1.0,6.6666285196940125,4.0
2013-08-24,14:27:36,1.0,7.933235168457031,4.066666666666666
2013-08-24,14:32:36,1.0,7.133267720540365,4.133333333333334
2013-08-24,14:37:36,1.0,9.599863688151041,4.066666666666666
2013-08-24,14:42:36,1.0,7.999954223632813,4.066666666666666
2013-08-24,14:47:36,1.0,6.333287556966144,4.066666666666666
2013-08-24,14:52:36,1.0,7.399978637695312,4.066666666666666
2013-08-24,14:57:36,1.0,7.7999114990234375,4.066666666666666
2013-08-24,15:02:36,1.1333333333333333,9.399935404459633,100.0
2013-08-24,15:07:36,1.0,9.066569010416666,4.133333333333334
2013-08-24,15:12:36,1.0,8.466618855794271,4.0
2013-08-24,15:17:36,1.0,8.333282470703125,4.066666666666666
2013-08-24,15:22:36,1.0,7.93328603108724,4.133333333333334
2013-08-24,15:27:36,1.0,8.799896240234375,4.066666666666666
2013-08-24,15:32:36,1.0,7.999928792317706,4.066666666666666
2013-08-24,15:37:36,1.2,8.066622416178387,100.0
2013-08-24,15:42:36,1.7666666666666666,17.799949645996094,100.0
2013-08-24,15:47:36,1.8,18.66655985514323,100.0
2013-08-24,15:52:37,1.7666666666666666,18.999862670898438,100.0
2013-08-24,15:57:37,1.8333333333333333,19.799880981445312,100.0
2013-08-24,16:02:37,1.9,18.733189900716148,100.0
2013-08-24,16:07:37,2.533333333333333,24.99988555908203,100.0
2013-08-24,16:12:37,1.2,18.8665771484375,98.86666666666666
2013-08-24,16:17:37,1.0,10.066566467285156,4.133333333333334
2013-08-24,16:22:37,1.0,7.3333104451497375,4.266666666666667
2013-08-24,16:27:37,1.0,7.466646830240885,4.266666666666667
2013-08-24,16:32:37,1.0,7.3333104451497375,4.066666666666666
2013-08-24,16:37:37,1.0,6.999944051106771,4.2
2013-08-24,16:42:37,1.0,8.266563415527344,4.133333333333334
2013-08-24,16:47:37,1.0,8.733266194661459,4.133333333333334
2013-08-24,16:52:37,1.0,6.999969482421875,4.133333333333334
2013-08-24,16:57:37,1.0,7.199974060058594,4.133333333333334
2013-08-24,17:02:37,1.0,7.333272298177083,4.266666666666667
2013-08-24,17:07:37,1.0,9.714153834751675,4.142857142857143
2013-08-24,17:12:37,1.0,8.999913533528646,4.133333333333334
2013-08-24,17:17:37,1.0,6.599960327148438,4.066666666666666
2013-08-24,17:22:37,1.0,8.266576131184895,4.133333333333334
2013-08-24,17:27:37,1.0333333333333332,10.33320109049479,4.0
2013-08-24,17:32:37,1.0,8.533236185709635,4.066666666666666
2013-08-24,17:37:37,1.0,7.199948628743489,4.0
2013-08-24,17:42:37,1.0,7.399978637695312,4.0
2013-08-24,17:47:37,1.0,7.266642252604166,4.0
2013-08-24,17:52:37,1.0,7.733268737792969,4.0
2013-08-24,17:57:37,1.0,7.999954223632813,4.066666666666666
2013-08-24,18:02:37,1.0,8.79988352457682,4.0
2013-08-24,18:07:37,1.0,6.999969482421875,4.066666666666666
2013-08-24,18:12:37,1.0,8.466593424479168,4.0
2013-08-24,18:17:37,1.0,7.93322245279948,4.0
2013-08-24,18:22:37,1.0,8.666572570800781,4.066666666666666
2013-08-24,18:27:37,1.0,7.733281453450519,4.0
2013-08-24,18:32:37,1.0,7.999951498849052,4.0
2013-08-24,18:37:38,1.0,9.666557312011719,4.066666666666666
2013-08-24,18:42:37,1.0333333333333332,7.399978637695312,4.0
2013-08-24,18:47:37,1.0,7.266591389973959,3.933333333333333
2013-08-24,18:52:37,1.0,7.666613260904947,3.933333333333333
2013-08-24,18:57:37,1.0,8.333244323730469,4.0
2013-08-24,19:02:37,1.1071428571428568,8.642714364188059,100.0
2013-08-24,19:07:37,1.0,8.99987538655599,3.6
2013-08-24,19:12:37,1.0,7.733256022135417,3.8666666666666663
2013-08-24,19:17:37,1.0,8.999906267438616,4.071428571428571
2013-08-24,19:22:37,1.0,7.999954223632813,4.133333333333334
2013-08-24,19:27:37,1.0333333333333332,8.333218892415363,4.2
2013-08-24,19:32:37,1.0,9.142807551792691,4.142857142857143
2013-08-24,19:37:37,1.4333333333333331,11.733271280924477,100.0
2013-08-24,19:42:37,1.8571428571428568,16.142804282052175,100.0
2013-08-24,19:47:37,1.6785714285714286,19.642789023263116,100.0
2013-08-24,19:52:37,1.7666666666666666,17.79987335205078,100.0
2013-08-24,19:57:37,1.9333333333333331,19.13323720296224,100.0
2013-08-24,20:02:37,2.107142857142857,23.28563417707171,100.0
2013-08-24,20:07:37,2.035714285714286,25.785609654017854,100.0
2013-08-24,20:12:37,1.0357142857142856,15.357017517089844,4.0
2013-08-24,20:17:37,1.0,8.73321533203125,3.933333333333333
2013-08-24,20:22:37,2.9285714285714284,15.428502219063894,4.071428571428571
2013-08-24,20:27:37,1.1785714285714286,25.57131903512137,4.214285714285714
2013-08-24,20:32:38,1.1071428571428568,12.142753601074219,4.285714285714286
2013-08-24,20:37:38,1.0,9.133262634277344,4.066666666666666
2013-08-24,20:42:38,1.0,6.599960327148438,4.066666666666666
2013-08-24,20:47:38,1.0,9.333216349283854,4.2
2013-08-24,20:52:38,1.0,6.666615804036459,4.2
2013-08-24,20:57:38,1.0,9.733238220214844,4.133333333333334
2013-08-24,21:02:38,1.0,8.666585286458334,4.266666666666667
2013-08-24,21:07:38,1.0,8.53326161702474,4.333333333333333
2013-08-24,21:12:38,1.0333333333333332,7.599970499674479,4.2
2013-08-24,21:17:38,1.0,6.799926757812499,4.2
2013-08-24,21:22:38,1.0,7.733281453450519,4.133333333333334
2013-08-24,21:27:38,1.0,8.399925231933594,4.2
2013-08-24,21:32:38,1.0,9.266573588053385,4.4
2013-08-24,21:37:38,1.0,10.866597493489586,4.333333333333333
2013-08-24,21:42:38,1.0,9.733225504557291,4.066666666666666
2013-08-24,21:47:38,1.0,8.933258056640625,4.133333333333334
2013-08-24,21:52:38,1.0,8.066571553548176,4.266666666666667
2013-08-24,21:57:38,1.0,8.599967956542969,4.4
2013-08-24,22:02:38,1.0,9.799893697102863,4.333333333333333
2013-08-24,22:07:38,1.0,9.933255513509115,4.266666666666667
2013-08-24,22:12:38,1.0,8.533236185709635,4.266666666666667
2013-08-24,22:17:38,1.0666666666666669,8.799934387207031,4.333333333333333
2013-08-24,22:22:38,1.0,7.466583251953125,4.2
2013-08-24,22:27:38,1.0,10.266532897949219,4.266666666666667
2013-08-24,22:32:38,1.0,8.733266194661459,4.333333333333333
2013-08-24,22:37:38,1.0,9.666557312011719,4.333333333333333
2013-08-24,22:42:38,1.0,8.599891662597656,4.333333333333333
2013-08-24,22:47:38,1.0,9.133211771647135,4.266666666666667
2013-08-24,22:52:38,1.0,7.533276875813801,4.4
2013-08-24,22:57:39,1.0,8.466593424479168,4.333333333333333
2013-08-24,23:02:39,1.1,7.666638692220053,100.0
2013-08-24,23:07:39,1.0,9.199867248535156,4.333333333333333
2013-08-24,23:12:39,1.0,9.533170064290365,4.333333333333333
2013-08-24,23:17:39,1.0,8.933245340983072,4.333333333333333
2013-08-24,23:22:39,1.0,9.333267211914062,4.266666666666667
2013-08-24,23:27:39,1.0,12.333234151204426,4.266666666666667
2013-08-24,23:32:39,1.0,8.933232625325521,4.2
2013-08-24,23:37:39,1.0,8.799934387207031,4.266666666666667
2013-08-24,23:42:39,1.8666666666666665,14.199918111165363,100.0
2013-08-24,23:47:39,2.0,21.86656951904297,100.0
2013-08-24,23:52:39,2.0,16.133219401041668,100.0
2013-08-24,23:57:39,1.9666666666666663,17.799898783365887,100.0
2013-08-25,00:02:39,2.4333333333333336,18.73321533203125,100.0
2013-08-25,00:07:39,2.2666666666666666,25.46661376953125,100.0
2013-08-25,00:12:39,1.4666666666666666,19.666544596354164,100.0
2013-08-25,00:17:39,1.0,12.333221435546875,4.333333333333333
2013-08-25,00:22:39,1.0,9.933217366536457,4.266666666666667
2013-08-25,00:27:39,1.0,8.266626993815105,4.333333333333333
2013-08-25,00:32:39,1.0,9.133211771647135,4.333333333333333
2013-08-25,00:37:39,1.0,6.933301289876302,4.266666666666667
2013-08-25,00:42:39,1.1,9.066556294759115,4.333333333333333
2013-08-25,00:47:39,1.0,8.866539001464844,4.266666666666667
2013-08-25,00:52:39,1.0,8.333269755045574,4.333333333333333
2013-08-25,00:57:39,1.0,9.19989267985026,4.333333333333333
2013-08-25,01:02:39,1.1,10.133221944173178,100.0
2013-08-25,01:07:39,1.0,9.999860127766926,4.333333333333333
2013-08-25,01:12:39,1.0666666666666669,8.466593424479168,4.333333333333333
2013-08-25,01:17:39,1.0333333333333332,7.133267720540365,4.333333333333333
2013-08-25,01:22:39,1.1,6.6666285196940125,4.4
2013-08-25,01:27:39,1.0,7.733268737792969,4.333333333333333
2013-08-25,01:32:39,2.0,10.266545613606771,11.4
2013-08-25,01:37:39,2.5,16.199913024902344,11.466666666666667
2013-08-25,01:42:39,2.9,17.733256022135414,100.0
2013-08-25,01:47:39,2.0,16.666577657063804,100.0
2013-08-25,01:52:39,1.9,18.999900817871094,100.0
2013-08-25,01:57:40,1.8333333333333333,19.79991912841797,100.0
2013-08-25,02:02:40,2.2666666666666666,18.066558837890625,100.0
2013-08-25,02:07:40,2.466666666666667,33.19989522298177,100.0
2013-08-25,02:12:40,1.5333333333333334,22.19991048177083,100.0
2013-08-25,02:17:40,1.0333333333333332,11.599884033203125,4.333333333333333
2013-08-25,02:22:40,1.0333333333333332,8.199920654296875,4.333333333333333
2013-08-25,02:27:40,1.0666666666666669,7.399940490722656,4.333333333333333
2013-08-25,02:32:40,1.1,6.799964904785156,4.333333333333333
2013-08-25,02:37:40,1.0333333333333332,6.733258565266925,4.333333333333333
2013-08-25,02:42:40,1.1,7.399953206380207,4.333333333333333
2013-08-25,02:47:40,1.1333333333333333,9.199905395507812,4.133333333333334
2013-08-25,02:52:40,1.0,6.999969482421875,4.333333333333333
2013-08-25,03:07:40,1.0,9.399897257486979,4.266666666666667
2013-08-25,03:12:40,1.0,7.1999359130859375,4.333333333333333
2013-08-25,03:17:40,1.0666666666666669,7.466646830240885,4.333333333333333
2013-08-25,03:22:40,1.0333333333333332,7.666600545247395,4.333333333333333
2013-08-25,03:27:40,1.0666666666666669,10.199928283691406,4.133333333333334
2013-08-25,03:32:40,1.0,8.199920654296875,4.133333333333334
2013-08-25,03:37:40,1.1,9.266560872395834,4.266666666666667
2013-08-25,03:42:40,1.0,8.399925231933594,4.333333333333333
2013-08-25,03:47:40,1.0333333333333332,11.266581217447914,4.2
2013-08-25,03:52:41,1.0,9.266535441080729,4.266666666666667
2013-08-25,03:57:41,1.4333333333333331,8.799896240234375,100.0
2013-08-25,04:02:41,2.033333333333333,9.866561889648438,100.0
2013-08-25,04:07:41,2.0,9.066581726074219,100.0
2013-08-25,04:12:41,1.9333333333333331,9.399909973144531,100.0
2013-08-25,04:17:41,1.1,7.333272298177083,4.2
2013-08-25,04:22:41,1.0333333333333332,8.199920654296875,4.333333333333333
2013-08-25,04:27:41,1.0666666666666669,7.599906921386719,4.333333333333333
2013-08-25,04:32:41,1.1,7.1999231974283875,4.4
2013-08-25,04:37:41,1.0,8.266576131184895,4.333333333333333
2013-08-25,04:42:41,1.0,7.666575113932293,4.333333333333333
2013-08-25,04:47:41,1.0,6.799926757812499,4.333333333333333
2013-08-25,04:52:41,1.0,5.99993387858073,4.333333333333333
2013-08-25,04:57:41,1.0,7.599906921386719,4.333333333333333
2013-08-25,05:02:41,1.0,7.06658681233724,4.333333333333333
2013-08-25,05:07:41,1.0,8.066546122233074,4.333333333333333
2013-08-25,05:12:41,1.0,6.199951171875,4.333333333333333
2013-08-25,05:17:41,1.1333333333333333,6.533253987630207,4.333333333333333
2013-08-25,05:22:41,1.0333333333333332,9.466603597005209,4.333333333333333
2013-08-25,05:27:41,1.1,9.59991455078125,4.333333333333333
2013-08-25,05:32:41,1.0,6.599922180175781,4.333333333333333
2013-08-25,05:37:41,1.0666666666666669,7.13324228922526,4.266666666666667
2013-08-25,05:42:41,1.1,9.999847412109375,4.333333333333333
2013-08-25,05:47:41,1.0,6.799964904785156,4.333333333333333
2013-08-25,05:52:41,1.1,7.799936930338541,4.333333333333333
2013-08-25,05:57:41,1.0666666666666669,7.666613260904947,4.266666666666667
2013-08-25,06:02:41,1.0,8.866551717122396,4.333333333333333
2013-08-25,06:07:41,1.0,7.666613260904947,4.266666666666667
2013-08-25,06:12:42,1.0,7.199974060058594,4.333333333333333
2013-08-25,06:17:42,1.0,5.999946594238281,4.333333333333333
2013-08-25,06:22:42,1.0,6.733283996582032,4.266666666666667
2013-08-25,06:27:42,1.1,9.933179219563803,4.333333333333333
2013-08-25,06:32:42,1.0,9.599863688151041,4.333333333333333
2013-08-25,06:37:42,1.0,6.799964904785156,4.333333333333333
2013-08-25,06:42:42,1.0,7.799949645996093,4.333333333333333
2013-08-25,06:47:42,1.0,8.199920654296875,4.333333333333333
2013-08-25,06:52:42,1.0,7.733319600423178,4.333333333333333
2013-08-25,06:57:42,1.0,7.666600545247395,4.266666666666667
2013-08-25,07:02:42,1.1,8.933219909667969,100.0
2013-08-25,07:07:42,1.0,9.199905395507812,4.266666666666667
2013-08-25,07:12:42,1.0,10.399894714355469,4.266666666666667
2013-08-25,07:17:42,1.0,9.399871826171875,4.333333333333333
2013-08-25,07:22:42,1.0,9.59985097249349,4.266666666666667
2013-08-25,07:27:42,1.0,8.599878946940104,4.4
2013-08-25,07:32:42,1.0,7.933235168457031,4.333333333333333
2013-08-25,07:37:42,1.0,7.4666086832682295,4.333333333333333
2013-08-25,07:42:42,1.8,13.399925231933594,100.0
2013-08-25,07:47:42,1.8,20.19989013671875,100.0
2013-08-25,07:52:42,1.7666666666666666,17.199935913085938,100.0
2013-08-25,07:57:42,1.8333333333333333,19.46654001871745,100.0
2013-08-25,08:02:42,1.8666666666666665,21.33321126302083,100.0
2013-08-25,08:07:42,2.1666666666666665,25.73323567708334,100.0
2013-08-25,08:12:42,1.4,20.333226521809898,100.0
2013-08-25,08:17:42,1.0,7.666587829589844,4.0
2013-08-25,08:22:42,1.0,6.533292134602865,4.333333333333333
2013-08-25,08:27:42,1.0,6.533292134602865,4.333333333333333
2013-08-25,08:32:42,1.0,7.599983215332032,4.333333333333333
2013-08-25,08:37:42,1.0,8.999964396158852,4.333333333333333
2013-08-25,08:42:42,1.0,11.199874877929688,4.266666666666667
2013-08-25,08:47:42,1.0,9.999923706054688,4.333333333333333
2013-08-25,08:52:42,1.0,10.466562906901041,4.2
2013-08-25,08:57:42,1.0,8.866551717122396,4.2
2013-08-25,09:02:42,1.0,7.266642252604166,4.333333333333333
2013-08-25,09:07:42,1.0,6.399955749511718,4.333333333333333
2013-08-25,09:12:42,1.0,7.933235168457031,4.266666666666667
2013-08-25,09:17:43,1.0,7.999916076660156,4.333333333333333
2013-08-25,09:22:43,1.0,8.333206176757812,4.266666666666667
2013-08-25,09:27:43,1.0,10.466524759928383,4.333333333333333
2013-08-25,09:32:43,1.0,8.533248901367188,4.266666666666667
2013-08-25,09:37:43,1.0,8.733177185058594,4.4
2013-08-25,09:42:43,1.0,9.933242797851562,4.333333333333333
2013-08-25,09:47:43,1.0333333333333332,8.999913533528646,4.2
2013-08-25,09:52:43,1.0,6.599922180175781,4.066666666666666
2013-08-25,09:57:43,1.0,7.533289591471354,4.133333333333334
2013-08-25,10:02:43,1.0,8.199907938639322,4.2
2013-08-25,10:07:43,1.0666666666666669,6.066614786783854,4.2
2013-08-25,10:12:43,1.0,7.13330586751302,4.133333333333334
2013-08-25,10:17:43,1.0,8.2666015625,4.0
2013-08-25,10:22:43,1.0,8.8665771484375,4.266666666666667
2013-08-25,10:27:43,1.0333333333333332,9.799880981445312,4.266666666666667
2013-08-25,10:32:43,1.0,9.733250935872396,4.2
2013-08-25,10:37:43,1.0,8.199920654296875,4.133333333333334
2013-08-25,10:42:43,1.0,8.266563415527344,4.133333333333334
2013-08-25,10:47:43,1.0,8.266550699869791,4.066666666666666
2013-08-25,10:52:43,1.0,6.466623942057291,4.133333333333334
2013-08-25,10:57:43,1.0,7.799898783365887,4.066666666666666
2013-08-25,11:02:43,1.1,7.799936930338541,100.0
2013-08-25,11:07:43,1.0,6.466623942057291,4.133333333333334
2013-08-25,11:12:43,1.0,6.066614786783854,4.266666666666667
2013-08-25,11:17:43,1.0,6.466623942057291,4.133333333333334
2013-08-25,11:22:43,1.0333333333333332,8.466580708821615,4.2
2013-08-25,11:27:43,1.0333333333333332,9.799855550130209,4.066666666666666
2013-08-25,11:32:44,1.0,9.19989267985026,3.933333333333333
2013-08-25,11:37:44,1.0,7.199948628743489,68.73333333333333
2013-08-25,11:42:44,1.7,15.533243815104164,100.0
2013-08-25,11:47:44,1.6666666666666663,16.59992218017578,100.0
2013-08-25,11:52:44,1.6666666666666663,18.599891662597656,100.0
2013-08-25,11:57:44,1.8333333333333333,17.333234151204426,100.0
2013-08-25,12:02:44,2.0666666666666664,18.26653798421224,100.0
2013-08-25,12:07:44,2.1666666666666665,24.466578165690102,100.0
2013-08-25,12:12:44,1.3,18.266563415527344,100.0
2013-08-25,12:17:44,1.0,9.733238220214844,4.2
2013-08-25,12:22:44,1.0,7.666625976562499,4.266666666666667
2013-08-25,12:27:44,1.0,10.399856567382812,4.066666666666666
2013-08-25,12:32:44,1.0,7.733256022135417,4.0
2013-08-25,12:37:44,1.0,10.199851989746094,4.266666666666667
2013-08-25,12:42:44,1.0,10.266571044921875,4.333333333333333
2013-08-25,12:47:44,1.0,7.199974060058594,4.4
2013-08-25,12:52:44,1.0,7.666613260904947,4.266666666666667
2013-08-25,12:57:43,1.0,7.599945068359375,4.4
2013-08-25,13:02:43,1.0,8.599891662597656,4.266666666666667
2013-08-25,13:07:43,1.0,8.066622416178387,4.333333333333333
2013-08-25,13:12:43,1.0,7.3333104451497375,4.266666666666667
2013-08-25,13:17:43,1.0,7.799949645996093,4.266666666666667
2013-08-25,13:22:43,1.0,8.266576131184895,4.4
2013-08-25,13:27:43,1.0,8.266576131184895,4.333333333333333
2013-08-25,13:32:43,1.0,8.666559855143227,4.333333333333333
2013-08-25,13:37:43,1.0,7.799924214680988,4.266666666666667
2013-08-25,13:42:43,1.0,6.933237711588541,4.133333333333334
2013-08-25,13:47:43,1.0,10.666580200195312,4.333333333333333
2013-08-25,13:52:43,1.0,6.999969482421875,4.4
2013-08-25,13:57:43,1.0,6.6666285196940125,4.333333333333333
2013-08-25,14:02:43,1.0333333333333332,8.266525268554688,4.4
2013-08-25,14:07:43,1.0,7.533251444498699,4.333333333333333
2013-08-25,14:12:43,1.0,8.933181762695312,4.333333333333333
2013-08-25,14:17:43,1.0,7.13330586751302,4.333333333333333
2013-08-25,14:22:43,1.0,7.8665924072265625,4.333333333333333
2013-08-25,14:27:43,1.0,9.466514587402344,4.333333333333333
2013-08-25,14:32:43,1.0,7.666613260904947,4.333333333333333
2013-08-25,14:37:44,1.0,8.466567993164062,4.133333333333334
2013-08-25,14:42:44,1.0,7.13330586751302,4.333333333333333
2013-08-25,14:47:44,1.0666666666666669,7.4666086832682295,4.266666666666667
2013-08-25,14:52:44,1.0,6.799964904785156,4.333333333333333
2013-08-25,14:57:44,1.0,7.533276875813801,4.133333333333334
2013-08-25,15:02:44,1.1,8.533287048339844,100.0
2013-08-25,15:07:44,1.0,8.666636149088541,4.133333333333334
2013-08-25,15:12:44,1.0,9.866511027018229,4.0
2013-08-25,15:17:44,1.0,8.533274332682293,4.133333333333334
2013-08-25,15:22:44,1.0,7.93328603108724,4.2
2013-08-25,15:27:44,1.0333333333333332,9.266535441080729,4.133333333333334
2013-08-25,15:32:44,1.0,9.599889119466145,4.266666666666667
2013-08-25,15:37:44,1.0333333333333332,7.1999359130859375,100.0
2013-08-25,15:42:44,1.8,12.666549682617188,100.0
2013-08-25,15:47:44,1.8666666666666665,14.666608174641926,100.0
2013-08-25,15:52:44,1.8,16.999893188476562,100.0
2013-08-25,15:57:44,1.7666666666666666,20.733235677083336,100.0
2013-08-25,16:02:44,1.9666666666666663,19.99988555908203,100.0
2013-08-25,16:07:44,2.2333333333333334,26.93322499593098,100.0
2013-08-25,16:12:44,1.2666666666666666,18.999913533528645,100.0
2013-08-25,16:17:44,2.3,14.066556294759113,4.133333333333334
2013-08-25,16:22:44,1.4333333333333331,31.333223978678394,4.066666666666666
2013-08-25,16:27:44,1.0666666666666669,15.933252970377602,4.066666666666666
2013-08-25,16:32:44,1.0,11.866569519042969,4.133333333333334
2013-08-25,16:37:44,1.0,9.399897257486979,4.066666666666666
2013-08-25,16:42:44,1.0,8.999862670898438,4.0
2013-08-25,16:47:44,1.0,8.999900817871094,4.066666666666666
2013-08-25,16:52:44,1.0,7.333246866861981,4.266666666666667
2013-08-25,16:57:44,1.0,7.333272298177083,4.266666666666667
2013-08-25,17:02:44,1.0,8.733228047688803,4.066666666666666
2013-08-25,17:07:44,1.0,8.733266194661459,4.066666666666666
2013-08-25,17:12:44,1.0,7.4666086832682295,4.133333333333334
2013-08-25,17:17:44,1.0,8.19994608561198,4.266666666666667
2013-08-25,17:22:44,1.0,9.533246358235676,4.2
2013-08-25,17:27:44,1.0,9.066530863444008,4.133333333333334
2013-08-25,17:32:44,1.0,7.79998779296875,4.133333333333334
2013-08-25,17:37:44,1.0,8.199882507324219,4.266666666666667
2013-08-25,17:42:44,1.0,7.93322245279948,4.2
2013-08-25,17:47:44,1.0,9.599876403808594,4.266666666666667
2013-08-25,17:52:44,1.0,10.199851989746094,4.2
2013-08-25,17:57:45,1.0,10.599924723307291,4.333333333333333
2013-08-25,18:02:45,1.0,9.999898274739584,4.333333333333333
2013-08-25,18:07:45,1.0,9.199930826822916,4.2
2013-08-25,18:12:45,1.0,9.466578165690104,4.2
2013-08-25,18:17:45,1.0,9.933230082194008,4.2
2013-08-25,18:22:45,1.0,8.599929809570312,4.266666666666667
2013-08-25,18:27:45,1.0,10.066541035970051,4.133333333333334
2013-08-25,18:32:45,1.0,9.199905395507812,4.2
2013-08-25,18:37:45,1.0,7.999954223632813,4.2
2013-08-25,18:42:45,1.0,8.999888102213541,4.266666666666667
2013-08-25,18:47:45,1.0,8.933232625325521,4.133333333333334
2013-08-25,18:52:45,1.0,8.999862670898438,4.266666666666667
2013-08-25,18:57:45,1.0,9.399871826171875,4.2
2013-08-25,19:02:45,1.1,11.533215840657554,100.0
2013-08-25,19:07:45,1.0,11.199874877929688,4.2
2013-08-25,19:12:45,1.0,9.866511027018229,4.133333333333334
2013-08-25,19:17:45,1.0,9.399871826171875,4.266666666666667
2013-08-25,19:22:45,1.0,8.399925231933594,4.066666666666666
2013-08-25,19:27:45,1.0333333333333332,9.799880981445312,4.066666666666666
2013-08-25,19:32:45,1.0,8.533210754394531,4.133333333333334
2013-08-25,19:37:45,1.1,9.933217366536457,100.0
2013-08-25,19:42:45,1.7333333333333334,17.26660410563151,100.0
2013-08-25,19:47:45,1.7,19.59991455078125,100.0
2013-08-25,19:52:45,1.7,17.79987335205078,100.0
2013-08-25,19:57:45,1.9,17.39990234375,100.0
2013-08-25,20:02:45,2.3666666666666667,18.733189900716148,100.0
2013-08-25,20:07:45,2.1666666666666665,23.99993896484375,100.0
2013-08-25,20:12:45,1.1333333333333333,17.599868774414062,100.0
2013-08-25,20:17:45,1.0,10.999870300292969,4.266666666666667
2013-08-25,20:22:45,1.0666666666666669,7.599983215332032,4.133333333333334
2013-08-25,20:27:45,1.0,8.999862670898438,4.133333333333334
2013-08-25,20:32:45,1.0,7.399978637695312,4.133333333333334
2013-08-25,20:37:46,1.0,8.399925231933594,4.2
2013-08-25,20:42:46,1.0,8.533223470052082,4.2
2013-08-25,20:47:46,1.0,7.599945068359375,4.133333333333334
2013-08-25,20:52:46,1.0,8.466580708821615,4.133333333333334
2013-08-25,20:57:46,1.0,8.999862670898438,4.333333333333333
2013-08-25,21:02:46,1.0,7.999916076660156,4.266666666666667
2013-08-25,21:07:46,1.0,6.999969482421875,4.266666666666667
2013-08-25,21:12:46,1.0,7.399940490722656,4.333333333333333
2013-08-25,21:17:46,1.0,7.9999033610026045,4.2
2013-08-25,21:22:46,1.0,7.999916076660156,4.333333333333333
2013-08-25,21:27:46,1.0,7.799949645996093,4.066666666666666
2013-08-25,21:32:46,1.0,8.199920654296875,4.2
2013-08-25,21:37:46,1.0,7.133293151855469,4.266666666666667
2013-08-25,21:42:46,1.0,8.799896240234375,4.2
2013-08-25,21:47:46,1.0,9.066556294759115,4.4
2013-08-25,21:52:46,1.0,9.199930826822916,4.266666666666667
2013-08-25,21:57:46,1.0,8.066622416178387,4.133333333333334
2013-08-25,22:02:46,1.0,8.599891662597656,4.266666666666667
2013-08-25,22:07:46,1.0,9.466565450032551,4.133333333333334
2013-08-25,22:12:46,1.0,8.733266194661459,4.266666666666667
2013-08-25,22:17:46,1.0,8.866551717122396,4.066666666666666
2013-08-25,22:22:46,1.0,7.399940490722656,4.133333333333334
2013-08-25,22:27:46,1.0,8.933232625325521,4.133333333333334
2013-08-25,22:32:46,1.0,8.866526285807291,4.266666666666667
2013-08-25,22:37:46,1.0,7.866579691569011,4.266666666666667
2013-08-25,22:42:46,1.0666666666666669,6.666615804036459,4.133333333333334
2013-08-25,22:47:46,1.0,9.199867248535156,4.2
2013-08-25,22:52:46,1.0,7.666613260904947,4.2
2013-08-25,22:57:46,1.0,8.133277893066406,4.333333333333333
2013-08-25,23:02:46,1.1,8.999862670898438,100.0
2013-08-25,23:07:46,1.0,8.79988352457682,4.333333333333333
2013-08-25,23:12:46,1.0,7.666600545247395,4.333333333333333
2013-08-25,23:17:46,1.0,10.533218383789062,4.333333333333333
2013-08-25,23:22:46,1.0,9.399909973144531,4.333333333333333
2013-08-25,23:27:46,1.0,8.999900817871094,4.333333333333333
2013-08-25,23:32:46,1.0,7.466646830240885,4.4
2013-08-25,23:37:46,1.3,6.86663309733073,100.0
2013-08-25,23:42:46,1.6666666666666663,13.399925231933594,100.0
2013-08-25,23:47:46,1.7666666666666666,17.199859619140625,100.0
2013-08-25,23:52:46,1.7333333333333334,19.39990997314453,100.0
2013-08-25,23:57:46,1.9,18.999862670898438,100.0
2013-08-26,00:02:46,2.2666666666666666,18.39984893798828,100.0
2013-08-26,00:07:46,2.0,25.39989471435547,100.0
2013-08-26,00:12:47,1.0333333333333332,16.333236694335938,4.2
2013-08-26,00:17:47,1.0,8.73321533203125,4.066666666666666
2013-08-26,00:22:47,1.0,8.999926249186197,4.333333333333333
2013-08-26,00:27:47,1.0,7.866579691569011,4.4
2013-08-26,00:32:47,1.0,9.666595458984375,4.266666666666667
2013-08-26,00:37:47,1.0,10.599899291992188,4.333333333333333
2013-08-26,00:42:47,1.0,10.399856567382812,4.0
2013-08-26,00:47:47,1.0,7.799949645996093,4.266666666666667
2013-08-26,00:52:47,1.0,9.599927266438803,4.2
2013-08-26,00:57:47,1.0,10.599861145019531,4.2
2013-08-26,01:02:47,1.1,8.199907938639322,100.0
2013-08-26,01:07:47,1.0,7.599945068359375,4.0
2013-08-26,01:12:47,1.0,7.333234151204428,4.066666666666666
2013-08-26,01:17:47,1.0,7.4666086832682295,4.066666666666666
2013-08-26,01:22:47,1.0,7.599983215332032,4.066666666666666
2013-08-26,01:27:47,1.0,7.7999114990234375,4.066666666666666
2013-08-26,01:32:47,1.9333333333333331,8.99993896484375,11.333333333333336
2013-08-26,01:37:47,1.3,16.33324940999349,5.666666666666668
2013-08-26,01:42:47,2.966666666666667,15.733210245768225,100.0
2013-08-26,01:47:47,1.8,18.333218892415367,100.0
2013-08-26,01:52:47,1.9333333333333331,21.86655680338542,100.0
2013-08-26,01:57:47,1.6333333333333335,20.533231099446613,100.0
2013-08-26,02:02:47,2.3666666666666667,20.26655832926432,100.0
2013-08-26,02:07:47,2.2333333333333334,27.266565958658862,100.0
2013-08-26,02:12:47,1.4666666666666666,19.399897257486977,100.0
2013-08-26,02:17:47,1.0,12.39990234375,4.066666666666666
2013-08-26,02:22:47,1.0,7.599932352701823,3.933333333333333
2013-08-26,02:27:47,1.1,7.999916076660156,4.066666666666666
2013-08-26,02:32:47,1.0,11.533228556315102,4.133333333333334
2013-08-26,02:37:47,1.1,8.73321533203125,4.066666666666666
2013-08-26,02:42:47,1.0,6.466623942057291,4.066666666666666
2013-08-26,02:47:47,1.1333333333333333,8.533236185709635,4.133333333333334
2013-08-26,02:52:47,1.0,8.666559855143227,4.0
2013-08-26,02:57:47,1.0,8.733240763346354,4.2
2013-08-26,03:02:47,1.0,9.799855550130209,4.133333333333334
2013-08-26,03:07:47,1.0,8.733228047688803,4.0
2013-08-26,03:12:47,1.0,8.866564432779947,4.066666666666666
2013-08-26,03:17:47,1.0333333333333332,8.666585286458334,4.2
2013-08-26,03:22:47,1.0,9.266573588053385,4.0
2013-08-26,03:27:47,1.0666666666666669,11.266543070475258,4.0
2013-08-26,03:32:48,1.0,9.333267211914062,4.066666666666666
2013-08-26,03:37:48,1.0,8.933245340983072,4.066666666666666
2013-08-26,03:42:48,1.0,8.799934387207031,4.0
2013-08-26,03:47:48,1.0333333333333332,8.666547139485676,3.933333333333333
2013-08-26,03:52:48,1.0,6.399955749511718,4.0
2013-08-26,03:57:48,1.4666666666666666,6.733296712239584,100.0
2013-08-26,04:02:48,2.0,7.066637674967448,100.0
2013-08-26,04:07:48,2.0,7.86663055419922,100.0
2013-08-26,04:12:48,2.033333333333333,8.19994608561198,100.0
2013-08-26,04:17:48,1.0,9.933230082194008,4.0
2013-08-26,04:22:48,1.0,8.333244323730469,4.0
2013-08-26,04:27:48,1.1333333333333333,7.799936930338541,4.0
2013-08-26,04:32:48,1.0,7.66656239827474,4.0
2013-08-26,04:37:48,1.0,7.733243306477864,4.0
2013-08-26,04:42:48,1.0,7.599945068359375,4.0
2013-08-26,04:47:48,1.0,8.266550699869791,4.0
2013-08-26,04:52:48,1.0,9.266573588053385,4.0
2013-08-26,04:57:48,1.0,7.799962361653646,4.0
2013-08-26,05:02:48,1.0,8.733266194661459,4.0
2013-08-26,05:07:48,1.0666666666666669,8.599929809570312,4.0
2013-08-26,05:12:48,1.0,8.666534423828125,4.0
2013-08-26,05:17:48,1.0,8.466529846191406,4.0
2013-08-26,05:22:48,1.0,8.19994608561198,4.066666666666666
2013-08-26,05:27:48,1.0,8.333231608072916,4.066666666666666
2013-08-26,05:32:48,1.0333333333333332,7.266642252604166,3.933333333333333
2013-08-26,05:37:48,1.0,9.333229064941406,3.8
2013-08-26,05:42:48,1.0,8.133265177408854,3.933333333333333
2013-08-26,05:47:48,1.0,7.99994150797526,3.8
2013-08-26,05:52:48,1.0,8.399937947591146,3.933333333333333
2013-08-26,05:57:48,1.1,7.599932352701823,3.8666666666666663
2013-08-26,06:02:48,1.0333333333333332,7.333285013834636,4.0
2013-08-26,06:07:48,1.1,7.066637674967448,3.8
2013-08-26,06:12:48,1.0,7.7999114990234375,3.8666666666666663
2013-08-26,06:17:48,1.0,8.533223470052082,3.6666666666666665
2013-08-26,06:22:48,1.0333333333333332,8.06664784749349,3.8666666666666663
2013-08-26,06:27:48,1.1,9.59985097249349,3.8
2013-08-26,06:32:48,1.0,8.999888102213541,3.8
2013-08-26,06:37:49,1.0,9.066581726074219,3.933333333333333
2013-08-26,06:42:49,1.0,8.133252461751301,3.933333333333333
2013-08-26,06:47:49,1.0,8.599891662597656,3.733333333333333
2013-08-26,06:52:49,1.0,7.466646830240885,3.933333333333333
2013-08-26,06:57:49,1.0,8.733240763346354,3.8
2013-08-26,07:02:49,1.1,9.399897257486979,100.0
2013-08-26,07:07:48,1.0,8.799934387207031,3.933333333333333
2013-08-26,07:12:48,1.0,8.866539001464844,4.0
2013-08-26,07:17:48,1.0,9.266522725423178,4.133333333333334
2013-08-26,07:22:48,1.0,6.333262125651042,4.0
2013-08-26,07:27:48,1.0333333333333332,10.266545613606771,4.133333333333334
2013-08-26,07:32:48,1.0,10.466562906901041,4.0
2013-08-26,07:37:48,1.3666666666666665,9.599876403808594,100.0
2013-08-26,07:42:48,1.6666666666666663,18.133214314778645,100.0
2013-08-26,07:47:48,1.5666666666666669,17.733243306477863,100.0
2013-08-26,07:52:48,1.9,19.533233642578125,100.0
2013-08-26,07:57:48,1.9333333333333331,18.66655985514323,100.0
2013-08-26,08:02:48,2.2666666666666666,21.06656392415364,100.0
2013-08-26,08:07:48,1.9,29.133249918619793,100.0
2013-08-26,08:12:48,1.0,15.99988301595052,4.066666666666666
2013-08-26,08:17:48,1.0,7.466583251953125,3.933333333333333
2013-08-26,08:22:49,1.0,7.733268737792969,3.933333333333333
2013-08-26,08:27:49,1.0,9.799855550130209,3.933333333333333
2013-08-26,08:32:49,1.0,7.999916076660156,3.933333333333333
2013-08-26,08:37:49,1.0,6.399955749511718,3.933333333333333
2013-08-26,08:42:49,1.0,7.866617838541666,3.933333333333333
2013-08-26,08:47:49,1.0,8.466593424479168,3.8666666666666663
2013-08-26,08:52:49,1.0,8.333257039388021,3.933333333333333
2013-08-26,08:57:49,1.0,9.533195495605469,4.0
2013-08-26,09:02:49,1.0,8.799908955891928,4.066666666666666
2013-08-26,09:07:49,1.0,6.333287556966144,4.0
2013-08-26,09:12:49,1.0,8.266588846842447,4.066666666666666
2013-08-26,09:17:49,1.0,9.066569010416666,4.133333333333334
2013-08-26,09:22:49,1.0,7.066599527994794,4.0
2013-08-26,09:27:49,1.0,6.933301289876302,4.0
2013-08-26,09:32:49,1.0,7.599945068359375,4.066666666666666
2013-08-26,09:37:49,1.0,8.399925231933594,4.0
2013-08-26,09:42:49,1.0,7.799949645996093,4.0
2013-08-26,09:47:49,1.0,8.333244323730469,4.0
2013-08-26,09:52:49,1.0,9.333279927571615,4.133333333333334
2013-08-26,09:57:49,1.0,7.599945068359375,4.0
2013-08-26,10:02:49,1.0,7.999916076660156,4.0
2013-08-26,10:07:49,1.0,8.333244323730469,3.933333333333333
2013-08-26,10:12:49,1.0,7.066612243652344,4.0
2013-08-26,10:17:50,1.0,8.866539001464844,4.0
2013-08-26,10:22:50,1.0,8.399925231933594,4.0
2013-08-26,10:27:50,1.0333333333333332,7.599906921386719,4.0
2013-08-26,10:32:50,1.0333333333333332,5.933278401692709,4.133333333333334
2013-08-26,10:37:50,1.0666666666666669,7.466583251953125,4.0
2013-08-26,10:42:50,1.0,7.466595967610677,4.0
2013-08-26,10:47:50,1.0,6.866607666015626,4.0
2013-08-26,10:52:50,1.0,8.19994608561198,4.0
2013-08-26,10:57:50,1.0,8.799896240234375,4.0
2013-08-26,11:02:50,1.8,10.46661376953125,100.0
2013-08-26,11:07:50,2.0666666666666664,34.39990997314453,4.0
2013-08-26,11:12:50,1.0,15.999908447265627,4.0
2013-08-26,11:17:50,1.0,12.599906921386719,4.0
2013-08-26,11:22:50,1.0,9.999847412109375,4.066666666666666
2013-08-26,11:27:50,1.0,8.333231608072916,3.933333333333333
2013-08-26,11:32:50,1.0,10.86653391520182,4.0
2013-08-26,11:37:50,1.4333333333333331,12.199935913085938,100.0
2013-08-26,11:42:50,1.8333333333333333,19.999923706054688,100.0
2013-08-26,11:47:50,1.8333333333333333,18.599853515625,100.0
2013-08-26,11:52:50,1.7,16.399917602539062,100.0
2013-08-26,11:57:50,1.6666666666666663,19.199905395507812,100.0
2013-08-26,12:02:50,2.1,17.799835205078125,100.0
2013-08-26,12:07:50,2.0666666666666664,25.599937438964844,100.0
2013-08-26,12:12:50,1.0,15.799903869628906,4.133333333333334
2013-08-26,12:17:50,1.0,8.866602579752604,4.266666666666667
2013-08-26,12:22:50,1.0,7.933247884114582,4.2
2013-08-26,12:27:50,1.0333333333333332,8.999900817871094,4.133333333333334
2013-08-26,12:32:50,1.0,9.199918111165363,4.266666666666667
2013-08-26,12:37:50,1.0,10.399894714355469,4.266666666666667
2013-08-26,12:42:50,1.0,8.666534423828125,4.266666666666667
2013-08-26,12:47:51,1.0,7.666613260904947,4.2
2013-08-26,12:52:51,1.0,7.533238728841146,4.266666666666667
2013-08-26,12:57:51,1.0,8.866513570149738,4.2
2013-08-26,13:02:51,1.0,8.799934387207031,4.133333333333334
2013-08-26,13:07:51,1.0,6.933301289876302,4.2
2013-08-26,13:12:51,1.0,8.46655527750651,3.333333333333333
2013-08-26,13:17:51,1.0,7.733281453450519,4.133333333333334
2013-08-26,13:22:51,1.0,6.933263142903646,4.0
2013-08-26,13:27:51,1.0,9.399909973144531,4.133333333333334
2013-08-26,13:32:51,1.0,8.799934387207031,4.066666666666666
2013-08-26,13:37:51,1.0,9.79986826578776,4.0
2013-08-26,13:42:51,1.0,7.399902343750001,4.066666666666666
2013-08-26,13:47:51,1.0,6.733296712239584,4.0
2013-08-26,13:52:51,1.0,7.133267720540365,4.066666666666666
2013-08-26,13:57:51,1.0333333333333332,7.066637674967448,4.133333333333334
2013-08-26,14:02:51,1.0,8.533287048339844,4.333333333333333
2013-08-26,14:07:51,1.0,10.599861145019531,4.333333333333333
2013-08-26,14:12:51,1.0,8.066622416178387,4.266666666666667
2013-08-26,14:17:51,1.0,7.066637674967448,4.2
2013-08-26,14:22:51,1.0,7.066637674967448,4.2
2013-08-26,14:27:51,1.0666666666666669,8.533210754394531,4.266666666666667
2013-08-26,14:32:51,1.0,6.99993133544922,4.333333333333333
2013-08-26,14:37:51,1.0,5.999946594238281,4.333333333333333
2013-08-26,14:42:51,1.0,6.666590372721354,4.266666666666667
2013-08-26,14:47:51,1.0,7.599945068359375,4.266666666666667
2013-08-26,14:52:51,1.0,7.66656239827474,4.2
2013-08-26,14:57:51,1.0,8.599929809570312,4.266666666666667
2013-08-26,15:02:51,1.1,7.599945068359375,100.0
2013-08-26,15:07:51,1.0,8.266550699869791,4.333333333333333
2013-08-26,15:12:52,1.0,8.599878946940104,4.2
2013-08-26,15:17:52,1.0,6.4666112263997375,4.333333333333333
2013-08-26,15:22:52,1.0,8.53326161702474,4.266666666666667
2013-08-26,15:27:52,1.0,8.13323974609375,4.333333333333333
2013-08-26,15:32:52,1.0,8.799896240234375,4.266666666666667
2013-08-26,15:37:52,1.4333333333333331,7.799936930338541,100.0
2013-08-26,15:42:52,1.9666666666666663,17.19987233479818,100.0
2013-08-26,15:47:52,1.9666666666666663,17.266527811686196,100.0
2013-08-26,15:52:52,1.8333333333333333,18.466555277506508,100.0
2013-08-26,15:57:52,1.8666666666666665,18.999862670898438,100.0
2013-08-26,16:02:52,2.0,19.333216349283855,100.0
2013-08-26,16:07:52,2.2333333333333334,31.93326314290365,100.0
2013-08-26,16:12:51,1.1,18.999926249186196,38.6
2013-08-26,16:17:51,1.0,11.133232116699219,4.0
2013-08-26,16:22:51,1.0,7.53326416015625,4.133333333333334
2013-08-26,16:27:51,1.0,8.46655527750651,4.0
2013-08-26,16:32:51,1.0,8.2666015625,4.2
2013-08-26,16:37:51,1.0,8.133227030436197,4.0
2013-08-26,16:42:51,1.0,9.666557312011719,4.066666666666666
2013-08-26,16:47:51,1.0,11.066563924153645,4.0
2013-08-26,16:57:51,1.0,8.26653798421224,4.066666666666666
2013-08-26,17:02:51,1.0,8.599904378255209,4.0
2013-08-26,17:07:51,1.0,7.399927775065105,4.066666666666666
2013-08-26,17:12:51,1.0,9.666557312011719,4.2
2013-08-26,17:17:51,1.1,8.19994608561198,4.133333333333334
2013-08-26,17:22:51,1.0,8.199958801269531,4.133333333333334
2013-08-26,17:27:51,1.0,7.933273315429687,2.8666666666666667
2013-08-26,17:32:51,1.0,8.666521708170572,2.6
2013-08-26,17:37:51,1.0,8.066622416178387,2.533333333333333
2013-08-26,17:42:51,1.0,9.399909973144531,2.6666666666666665
2013-08-26,17:47:52,1.0,10.066541035970051,2.533333333333333
2013-08-26,17:52:52,1.0,7.8665924072265625,2.6666666666666665
2013-08-26,17:57:52,1.0,8.933245340983072,2.6666666666666665
2013-08-26,18:02:52,1.0,10.066515604654947,2.6666666666666665
2013-08-26,18:07:52,1.0,9.866536458333332,2.6
2013-08-26,18:12:52,1.0,7.999890645345052,2.533333333333333
2013-08-26,18:17:52,1.0,8.666585286458334,2.6666666666666665
2013-08-26,18:22:52,1.0,7.999916076660156,2.6666666666666665
2013-08-26,18:27:52,1.0,8.333269755045574,2.6
2013-08-26,18:32:52,1.0,7.799936930338541,2.4
2013-08-26,18:37:52,1.0,7.1999359130859375,2.533333333333333
2013-08-26,18:42:52,1.0,7.533315022786459,2.6
2013-08-26,18:47:52,1.0,8.466567993164062,2.6
2013-08-26,18:52:52,1.0,8.533210754394531,2.6666666666666665
2013-08-26,18:57:52,1.0,8.666572570800781,2.6666666666666665
2013-08-26,19:02:52,1.1,10.066541035970051,100.0
2013-08-26,19:07:52,1.0,8.73321533203125,2.6
2013-08-26,19:12:52,1.0,8.333231608072916,2.6
2013-08-26,19:17:52,1.0,8.066596984863281,2.6666666666666665
2013-08-26,19:22:52,1.0,10.399869283040365,2.6666666666666665
2013-08-26,19:27:52,1.0,9.799842834472656,2.6
2013-08-26,19:32:52,1.0,10.599886576334635,2.6
2013-08-26,19:37:52,1.6666666666666663,11.666539510091148,100.0
2013-08-26,19:42:52,1.9333333333333331,17.666587829589844,100.0
2013-08-26,19:47:52,1.8333333333333333,16.733245849609375,100.0
2013-08-26,19:52:52,1.9666666666666663,15.06660461425781,100.0
2013-08-26,19:57:52,2.0,18.53322347005208,100.0
2013-08-26,20:02:52,2.0,18.799896240234375,100.0
2013-08-26,20:07:52,2.3666666666666667,21.333249409993492,100.0
2013-08-26,20:12:52,1.0,13.933245340983069,2.4
2013-08-26,20:17:52,1.0,8.59991709391276,2.466666666666667
2013-08-26,20:22:52,1.0,8.799934387207031,2.4
2013-08-26,20:27:52,1.0,10.733235677083332,2.4
2013-08-26,20:32:52,1.0,7.3333104451497375,2.4
2013-08-26,20:37:52,1.0,8.466618855794271,2.333333333333333
2013-08-26,20:42:52,1.0,8.666572570800781,2.4
2013-08-26,20:47:52,1.0,8.066609700520834,2.6
2013-08-26,20:52:52,0.9666666666666668,6.799964904785156,2.4
2013-08-26,20:57:53,1.0,6.999969482421875,2.4
2013-08-26,21:02:53,1.0,7.199974060058594,2.333333333333333
2013-08-26,21:07:53,1.0,7.79998779296875,2.4
2013-08-26,21:12:53,1.0,7.933209737141928,2.466666666666667
2013-08-26,21:17:53,1.0,6.999944051106771,2.4
2013-08-26,21:22:53,1.0,6.399943033854166,2.533333333333333
2013-08-26,21:27:53,1.0,7.799924214680988,2.466666666666667
2013-08-26,21:32:53,1.0,9.799842834472656,2.4
2013-08-26,21:37:53,1.0,8.266550699869791,2.4
2013-08-26,21:42:53,1.0,8.599878946940104,2.333333333333333
2013-08-26,21:47:53,1.0,8.999926249186197,2.4
2013-08-26,21:52:53,1.0,7.7999114990234375,2.333333333333333
2013-08-26,21:57:53,1.0,7.333259582519531,2.333333333333333
2013-08-26,22:02:53,1.0,9.333229064941406,2.333333333333333
2013-08-26,22:07:53,1.0,8.133277893066406,2.333333333333333
2013-08-26,22:12:53,1.0,7.666600545247395,2.333333333333333
2013-08-26,22:17:53,1.0,8.399899800618488,2.4
2013-08-26,22:22:53,1.0,9.066556294759115,2.4
2013-08-26,22:27:53,1.0,9.333203633626303,2.333333333333333
2013-08-26,22:32:53,1.0,10.599861145019531,2.4
2013-08-26,22:37:53,1.0,8.53326161702474,2.4
2013-08-26,22:42:53,1.0,9.199867248535156,2.333333333333333
2013-08-26,22:47:53,1.0,8.999862670898438,2.466666666666667
2013-08-26,22:52:53,1.0,9.266535441080729,2.4
2013-08-26,22:57:53,1.0,9.666557312011719,2.466666666666667
2013-08-26,23:02:53,1.1,8.933245340983072,100.0
2013-08-26,23:07:53,1.6,10.9332275390625,100.0
2013-08-26,23:12:53,1.0,11.93323771158854,2.4
2013-08-26,23:17:53,1.0,8.199958801269531,2.333333333333333
2013-08-26,23:22:53,1.0,7.1999359130859375,2.333333333333333
2013-08-26,23:27:53,1.0,7.866617838541666,2.466666666666667
2013-08-26,23:32:53,1.0,9.866536458333332,2.533333333333333
2013-08-26,23:37:53,1.0,9.933230082194008,2.2666666666666666
2013-08-26,23:42:54,1.0,8.066622416178387,2.466666666666667
2013-08-26,23:47:54,1.0,6.933263142903646,2.6
2013-08-26,23:52:54,1.0,7.733319600423178,2.6
2013-08-26,23:57:54,1.0,6.86663309733073,2.466666666666667
2013-08-27,00:02:54,1.4,9.333216349283854,100.0
2013-08-27,00:07:54,1.2,18.599904378255207,2.466666666666667
2013-08-27,00:12:54,1.0,10.133196512858072,2.6666666666666665
2013-08-27,00:17:54,1.0,6.933301289876302,2.533333333333333
2013-08-27,00:22:54,1.0,6.333287556966144,2.466666666666667
2013-08-27,00:27:54,1.0,8.533248901367188,2.533333333333333
2013-08-27,00:32:54,1.0,7.86663055419922,2.6
2013-08-27,00:37:54,1.0,8.199920654296875,2.466666666666667
2013-08-27,00:42:54,1.0,7.266604105631512,2.533333333333333
2013-08-27,00:47:54,1.0,6.733296712239584,2.6
2013-08-27,00:52:54,1.0,9.33325449625651,2.466666666666667
2013-08-27,00:57:54,1.0,9.66658274332682,2.533333333333333
2013-08-27,01:02:54,1.1,10.666529337565104,100.0
2013-08-27,01:07:54,1.0,11.399879455566406,2.7333333333333334
2013-08-27,01:12:54,1.0,7.933298746744794,2.6
2013-08-27,01:17:54,1.0,7.266591389973959,2.6
2013-08-27,01:22:54,1.0,7.266578674316407,2.6
2013-08-27,01:27:54,1.0,6.86663309733073,2.6666666666666665
2013-08-27,01:32:54,2.033333333333333,9.733289082845053,10.466666666666667
2013-08-27,01:37:54,1.2,18.466567993164062,3.733333333333333
2013-08-27,01:42:54,1.7333333333333334,14.399935404459633,100.0
2013-08-27,01:47:54,1.5333333333333334,20.866572062174477,100.0
2013-08-27,01:52:54,1.5,15.5999501546224,100.0
2013-08-27,01:57:54,1.5333333333333334,19.733238220214844,100.0
2013-08-27,02:02:54,1.9666666666666663,21.533215840657547,100.0
2013-08-27,02:07:54,2.3666666666666667,24.66658274332682,100.0
2013-08-27,02:12:54,1.6,17.666536966959637,100.0
2013-08-27,02:17:54,1.0,12.19987233479818,2.7333333333333334
2013-08-27,02:22:54,1.0,7.9999033610026045,2.6666666666666665
2013-08-27,02:27:54,1.0,8.933207194010414,2.6666666666666665
2013-08-27,02:32:54,1.0,8.199933369954428,2.6666666666666665
2013-08-27,02:37:54,1.0,8.066622416178387,2.6666666666666665
2013-08-27,02:42:54,1.0,6.999969482421875,2.7333333333333334
2013-08-27,02:47:54,1.0,9.799969991048176,2.6666666666666665
2013-08-27,02:52:54,1.0,9.466590881347656,2.6666666666666665
2013-08-27,02:57:54,1.0,8.399925231933594,2.6666666666666665
2013-08-27,03:02:54,1.0,8.333295186360678,2.533333333333333
2013-08-27,03:07:54,1.0,9.533271789550781,2.6
2013-08-27,03:12:54,1.0,10.599899291992188,2.6
2013-08-27,03:17:54,1.0,7.599945068359375,2.6666666666666665
2013-08-27,03:22:54,1.0,6.999969482421875,2.7333333333333334
2013-08-27,03:27:54,1.0,7.9999033610026045,2.6666666666666665
2013-08-27,03:32:54,1.0,8.733202616373697,2.6666666666666665
2013-08-27,03:37:54,1.0,7.066612243652344,2.6
2013-08-27,03:42:54,1.0,8.799934387207031,2.466666666666667
2013-08-27,03:47:54,1.0,7.199974060058594,2.4
2013-08-27,03:52:54,1.0,6.466623942057291,2.333333333333333
2013-08-27,03:57:54,1.4,8.399899800618488,100.0
2013-08-27,04:02:54,2.0,8.866564432779947,100.0
2013-08-27,04:07:54,2.0,8.199857076009115,100.0
2013-08-27,04:12:54,1.9666666666666663,7.4666086832682295,100.0
2013-08-27,04:17:54,1.0,8.79987080891927,2.533333333333333
2013-08-27,04:22:54,1.0,10.333226521809896,2.466666666666667
2013-08-27,04:27:54,1.0,8.466580708821615,2.4
2013-08-27,04:32:55,1.0,8.8665771484375,2.466666666666667
2013-08-27,04:37:55,1.0,9.199867248535156,2.466666666666667
2013-08-27,04:42:55,1.0,8.133252461751301,2.466666666666667
2013-08-27,04:47:55,2.8,30.999895731608067,2.466666666666667
2013-08-27,04:52:55,1.0,15.799903869628906,2.466666666666667
2013-08-27,04:57:55,1.0,8.799896240234375,2.4
2013-08-27,05:02:55,1.0,7.199974060058594,2.333333333333333
2013-08-27,05:07:55,1.0,6.599960327148438,2.466666666666667
2013-08-27,05:12:55,1.0,7.733281453450519,2.4
2013-08-27,05:17:55,1.0,7.733306884765626,2.6
2013-08-27,05:22:55,1.0,9.66650644938151,2.333333333333333
2013-08-27,05:27:55,1.0,9.399909973144531,2.333333333333333
2013-08-27,05:32:55,1.0,9.799842834472656,2.4
2013-08-27,05:37:55,1.0,8.599929809570312,2.333333333333333
2013-08-27,05:42:55,1.0,8.666598002115885,2.4
2013-08-27,05:47:55,1.0,8.999900817871094,2.333333333333333
2013-08-27,05:52:55,1.0,8.266626993815105,2.333333333333333
2013-08-27,05:57:55,1.0,7.599906921386719,2.4
2013-08-27,06:02:55,1.0,8.533210754394531,2.4
2013-08-27,06:07:55,1.0,9.599876403808594,2.333333333333333
2013-08-27,06:12:55,1.0,8.199958801269531,2.333333333333333
2013-08-27,06:17:55,1.0,7.4666086832682295,2.4
2013-08-27,06:22:56,1.0,8.333231608072916,2.333333333333333
2013-08-27,06:27:56,1.0,9.866587320963541,2.333333333333333
2013-08-27,06:32:56,1.0,7.799949645996093,2.333333333333333
2013-08-27,06:37:56,1.0,6.399955749511718,2.4
2013-08-27,06:42:56,1.0,6.333287556966144,2.333333333333333
2013-08-27,06:47:56,1.0,8.066622416178387,2.333333333333333
2013-08-27,06:52:56,1.0,7.199974060058594,2.333333333333333
2013-08-27,06:57:56,1.0,7.999954223632813,2.333333333333333
2013-08-27,07:02:56,1.0,10.86653391520182,100.0
2013-08-27,07:07:56,1.0,10.599861145019531,2.533333333333333
2013-08-27,07:12:56,1.0,8.799934387207031,2.4
2013-08-27,07:17:56,1.0,8.999900817871094,2.533333333333333
2013-08-27,07:22:56,1.0,9.666531880696615,2.333333333333333
2013-08-27,07:27:56,1.0,11.799888610839844,2.466666666666667
2013-08-27,07:32:56,1.0,10.399894714355469,2.4
2013-08-27,07:37:56,1.3333333333333337,13.133252461751303,100.0
2013-08-27,07:42:56,1.5666666666666669,19.799842834472656,100.0
2013-08-27,07:47:56,1.5,17.19989776611328,100.0
2013-08-27,07:52:56,1.5,17.06659952799479,100.0
2013-08-27,07:57:56,1.5,14.799944559733069,100.0
2013-08-27,08:02:56,1.8333333333333333,18.999900817871094,100.0
2013-08-27,08:07:56,1.5666666666666669,27.39990234375,100.0
2013-08-27,08:12:56,1.0,13.199882507324217,2.333333333333333
2013-08-27,08:17:56,1.0,9.799919128417969,2.4
2013-08-27,08:22:56,1.0,8.2666015625,2.333333333333333
2013-08-27,08:27:56,1.0,8.933207194010414,2.4
2013-08-27,08:32:56,1.0,8.799896240234375,2.333333333333333
2013-08-27,08:37:56,1.0,6.99993133544922,2.333333333333333
2013-08-27,08:42:56,1.0,8.533210754394531,2.333333333333333
2013-08-27,08:47:56,1.0,9.933179219563803,2.333333333333333
2013-08-27,08:52:56,1.0,7.866617838541666,2.333333333333333
2013-08-27,08:57:57,1.0,8.333244323730469,2.333333333333333
2013-08-27,09:02:57,1.0,8.066609700520834,2.4
2013-08-27,09:07:57,1.0,6.933263142903646,2.4
2013-08-27,09:12:57,0.9666666666666668,7.7999114990234375,2.333333333333333
2013-08-27,09:17:57,1.0,8.39996337890625,2.333333333333333
2013-08-27,09:22:57,1.0,9.266510009765625,2.333333333333333
2013-08-27,09:27:57,1.0,9.133211771647135,2.333333333333333
2013-08-27,09:32:57,1.0,11.199874877929688,2.4
2013-08-27,09:37:57,1.0,8.59991709391276,2.4
2013-08-27,09:42:57,1.0,7.466646830240885,2.466666666666667
2013-08-27,09:47:57,1.0,7.266604105631512,2.4
2013-08-27,09:52:57,1.0,6.333287556966144,2.333333333333333
2013-08-27,09:57:57,1.0,6.066614786783854,2.333333333333333
2013-08-27,10:02:57,1.0,9.466527303059896,2.2666666666666666
2013-08-27,10:07:57,1.0,8.59991709391276,2.333333333333333
2013-08-27,10:12:57,1.0,8.8665771484375,2.2666666666666666
2013-08-27,10:17:57,1.0,8.333257039388021,2.333333333333333
2013-08-27,10:22:57,1.0,7.0666249593098955,2.4
2013-08-27,10:27:57,1.0,6.799964904785156,2.333333333333333
2013-08-27,10:32:56,1.0,7.733256022135417,2.333333333333333
2013-08-27,10:37:56,1.0,7.866617838541666,2.4
2013-08-27,10:42:56,1.0,8.533274332682293,2.4
2013-08-27,10:47:56,1.0,9.933204650878906,2.333333333333333
2013-08-27,10:52:56,1.0,8.133265177408854,2.333333333333333
2013-08-27,10:57:57,1.0,8.066609700520834,2.466666666666667
2013-08-27,11:02:57,1.1,8.933207194010414,100.0
2013-08-27,11:07:57,1.0,9.266573588053385,2.466666666666667
2013-08-27,11:12:57,1.0,7.866579691569011,2.533333333333333
2013-08-27,11:17:57,1.0,8.066584269205729,2.6666666666666665
2013-08-27,11:22:57,1.0,7.933260599772135,2.7333333333333334
2013-08-27,11:27:57,1.0,8.799908955891928,2.6666666666666665
2013-08-27,11:32:57,1.0,7.933273315429687,2.6
2013-08-27,11:37:57,1.1333333333333333,8.133277893066406,100.0
2013-08-27,11:42:57,1.6666666666666663,16.199874877929688,100.0
2013-08-27,11:47:57,1.5666666666666669,18.999951680501297,100.0
2013-08-27,11:52:57,1.6333333333333335,18.199869791666668,100.0
2013-08-27,11:57:57,1.6,19.133211771647133,100.0
2013-08-27,12:02:57,2.2333333333333334,18.399899800618485,100.0
2013-08-27,12:07:57,2.1333333333333333,29.799906412760425,100.0
2013-08-27,12:12:57,1.1,16.73320770263672,100.0
2013-08-27,12:17:57,1.0,8.266576131184895,2.533333333333333
2013-08-27,12:22:57,1.0,8.933258056640625,2.6
2013-08-27,12:27:57,1.0333333333333332,8.066571553548176,2.6
2013-08-27,12:32:57,1.0,7.53326416015625,2.6666666666666665
2013-08-27,12:37:57,1.0,8.199882507324219,2.6666666666666665
2013-08-27,12:42:57,1.0,9.799931844075521,2.6
2013-08-27,12:47:57,1.0,7.733306884765626,2.6
2013-08-27,12:52:57,1.0,9.533182779947916,2.6666666666666665
2013-08-27,12:57:57,1.0,9.466540018717447,2.533333333333333
2013-08-27,13:02:57,1.0,11.266581217447914,2.6
2013-08-27,13:07:57,1.0,7.666600545247395,2.6
2013-08-27,13:12:57,1.0,7.1999359130859375,2.6666666666666665
2013-08-27,13:17:57,1.0,6.857109069824219,2.5
2013-08-27,13:22:57,1.0,5.199928283691406,2.7333333333333334
2013-08-27,13:27:57,1.0,7.071399688720703,2.642857142857143
2013-08-27,13:32:57,1.0,7.8665924072265625,2.6666666666666665
2013-08-27,13:37:57,1.0,8.133277893066406,2.6
2013-08-27,13:42:57,1.0,7.599906921386719,2.6
2013-08-27,13:47:57,1.0,8.599904378255209,2.6666666666666665
2013-08-27,13:52:57,1.0,7.199961344401042,2.6666666666666665
2013-08-27,13:57:57,1.0,7.6428004673549115,2.571428571428572
2013-08-27,14:02:57,1.0,7.4666086832682295,2.6666666666666665
2013-08-27,14:07:57,1.0,7.133267720540365,2.6666666666666665
2013-08-27,14:12:57,1.0,7.199974060058594,2.6666666666666665
2013-08-27,14:17:58,1.0,9.59985097249349,2.6666666666666665
2013-08-27,14:22:58,1.0,9.214210510253906,2.5
2013-08-27,14:27:58,1.0,9.785638536725726,2.4285714285714284
2013-08-27,14:32:58,1.0,8.928476061139788,2.5
2013-08-27,14:37:58,1.0,7.642773219517299,2.5
2013-08-27,14:42:58,1.0,9.35704367501395,2.571428571428572
2013-08-27,14:47:58,1.0,7.0713588169642865,2.4285714285714284
2013-08-27,14:52:58,1.0,9.928485325404575,2.5
2013-08-27,14:57:58,1.0,9.999847412109375,2.571428571428572
2013-08-27,15:02:58,1.0,8.071340833391462,100.0
2013-08-27,15:07:58,1.0,6.1428070068359375,2.571428571428572
2013-08-27,15:12:58,1.0,7.71423067365374,2.571428571428572
2013-08-27,15:17:58,1.0,6.42852783203125,2.5
2013-08-27,15:22:58,1.0,8.99987538655599,2.6
2013-08-27,15:27:58,1.0,9.733174641927084,2.6
2013-08-27,15:32:58,1.0,7.533251444498699,2.6
2013-08-27,15:37:58,1.0,7.733243306477864,2.6666666666666665
2013-08-27,15:42:58,1.5,15.06660461425781,100.0
2013-08-27,15:47:58,1.5,17.06653594970703,100.0
2013-08-27,15:52:58,1.5,20.199902852376304,100.0
2013-08-27,15:57:58,1.6333333333333335,18.86652628580729,100.0
2013-08-27,16:02:58,1.8666666666666665,21.533253987630204,100.0
2013-08-27,16:07:58,1.6,27.399940490722656,100.0
2013-08-27,16:12:58,1.3214285714285714,19.928455352783203,100.0
2013-08-27,16:17:58,1.0,12.357030596051898,2.4285714285714284
2013-08-27,16:22:58,1.0,8.133227030436197,2.6666666666666665
2013-08-27,16:27:58,1.0,10.92844009399414,2.5
2013-08-27,16:32:58,1.0,8.199920654296875,2.6666666666666665
2013-08-27,16:37:58,1.0,7.35710688999721,2.571428571428572
2013-08-27,16:42:58,1.0,9.285627092633929,2.571428571428572
2013-08-27,16:47:58,1.0,10.333251953125,2.6
2013-08-27,16:52:58,1.0,7.999951498849052,2.7142857142857144
2013-08-27,16:57:58,1.0,8.214201245989118,2.4285714285714284
2013-08-27,17:02:58,1.0,8.59991709391276,2.333333333333333
2013-08-27,17:07:58,1.0,6.99993133544922,2.466666666666667
2013-08-27,17:12:58,1.0,7.933260599772135,2.466666666666667
2013-08-27,17:17:58,1.0,8.642727988106866,2.357142857142857
2013-08-27,17:22:58,1.0,6.799964904785156,2.333333333333333
2013-08-27,17:27:58,1.0,9.799880981445312,2.466666666666667
2013-08-27,17:32:58,1.0,7.99994150797526,2.466666666666667
2013-08-27,17:37:59,1.0,8.866602579752604,2.533333333333333
2013-08-27,17:42:59,1.0,10.533192952473959,2.466666666666667
2013-08-27,17:47:59,1.0,9.59991455078125,2.6666666666666665
2013-08-27,17:52:59,1.0,7.199961344401042,2.6
2013-08-27,17:57:59,1.0,7.799962361653646,2.533333333333333
2013-08-27,18:02:59,1.0,8.733253479003906,2.7333333333333334
2013-08-27,18:07:59,1.0,8.933181762695312,2.6666666666666665
2013-08-27,18:12:59,1.0,7.666575113932293,2.8
2013-08-27,18:17:59,1.0,9.599901835123697,2.6666666666666665
2013-08-27,18:22:59,1.0,9.266548156738281,2.7333333333333334
2013-08-27,18:27:59,1.0,9.266560872395834,2.8
2013-08-27,18:32:59,1.0,7.666587829589844,2.533333333333333
2013-08-27,18:37:59,1.0,7.93322245279948,2.6
2013-08-27,18:42:59,1.0,9.333203633626303,2.7333333333333334
2013-08-27,18:47:59,1.0,8.866551717122396,2.6666666666666665
2013-08-27,18:52:59,1.0,8.533248901367188,2.6
2013-08-27,18:57:59,1.0,6.866582234700519,2.6666666666666665
2013-08-27,19:02:59,1.1,8.333269755045574,100.0
2013-08-27,19:07:59,1.0,9.133199055989584,2.7333333333333334
2013-08-27,19:12:59,1.0,8.533248901367188,2.6666666666666665
2013-08-27,19:17:59,1.0,8.999913533528646,2.6666666666666665
2013-08-27,19:22:59,1.0,8.799959818522135,2.7333333333333334
2013-08-27,19:27:59,1.0,7.8665924072265625,2.7333333333333334
2013-08-27,19:32:59,1.0,7.53326416015625,2.6666666666666665
2013-08-27,19:37:59,1.0,7.9999033610026045,2.6666666666666665
2013-08-27,19:42:59,1.2333333333333334,9.866549173990885,100.0
2013-08-27,19:47:59,1.5333333333333334,15.133234659830727,100.0
2013-08-27,19:52:59,1.5,16.599884033203125,100.0
2013-08-27,19:57:59,1.6,22.59989420572917,100.0
2013-08-27,20:02:59,2.1,20.133221944173176,100.0
2013-08-27,20:07:59,1.9333333333333331,23.99993896484375,100.0
2013-08-27,20:12:59,1.4333333333333331,20.26655832926432,100.0
2013-08-27,20:17:59,1.0,12.533226013183594,2.6666666666666665
2013-08-27,20:22:59,1.0,7.266629536946613,2.6666666666666665
2013-08-27,20:27:59,1.0,8.799858093261719,2.7333333333333334
2013-08-27,20:32:59,1.0,8.599853515625,2.6666666666666665
2013-08-27,20:37:59,1.0,9.666531880696615,2.6666666666666665
2013-08-27,20:42:59,1.0,9.533233642578125,2.6666666666666665
2013-08-27,20:47:59,1.0,9.66650644938151,2.7333333333333334
2013-08-27,20:52:59,1.0,8.066533406575521,2.6666666666666665
2013-08-27,20:57:59,1.0,8.933219909667969,2.6666666666666665
2013-08-27,21:02:59,1.0,9.733212788899738,2.6666666666666665
2013-08-27,21:07:59,1.0,8.933283487955729,2.6666666666666665
2013-08-27,21:12:59,1.0,8.733202616373697,2.6
2013-08-27,21:17:59,1.0,8.866551717122396,2.466666666666667
2013-08-27,21:22:59,1.0,7.2666168212890625,2.4
2013-08-27,21:27:59,1.0,8.133265177408854,2.466666666666667
2013-08-27,21:32:59,1.0,8.333231608072916,2.333333333333333
2013-08-27,21:37:59,1.0,8.9998653956822,2.571428571428572
2013-08-27,21:42:59,1.0,7.7332305908203125,2.4
2013-08-27,21:47:59,1.0,6.99993133544922,2.533333333333333
2013-08-27,21:53:00,1.0,7.399940490722656,2.333333333333333
2013-08-27,21:58:00,1.0,8.199882507324219,2.6
2013-08-27,22:03:00,1.0,10.399894714355469,2.4
2013-08-27,22:08:00,1.0,9.399884541829428,2.533333333333333
2013-08-27,22:13:00,1.0,9.399871826171875,2.4
2013-08-27,22:18:00,1.0,7.86663055419922,2.333333333333333
2013-08-27,22:23:00,1.0,10.266520182291666,2.4
2013-08-27,22:28:00,1.0,10.333239237467447,2.333333333333333
2013-08-27,22:33:00,1.0,8.199920654296875,2.333333333333333
2013-08-27,22:38:00,1.0,7.7999114990234375,2.4
2013-08-27,22:43:00,1.0,8.199920654296875,2.4
2013-08-27,22:48:00,1.0,7.666625976562499,2.533333333333333
2013-08-27,22:53:00,1.0,7.066637674967448,2.533333333333333
2013-08-27,22:58:00,1.0,7.799924214680988,2.6
2013-08-27,23:03:00,1.1,9.399909973144531,100.0
2013-08-27,23:08:00,1.0,7.866579691569011,2.533333333333333
2013-08-27,23:13:00,1.0,8.733228047688803,2.6
2013-08-27,23:18:00,1.0,9.399884541829428,2.6
2013-08-27,23:23:00,1.0,9.466552734375,2.6
2013-08-27,23:28:00,1.0,9.799880981445312,2.533333333333333
2013-08-27,23:33:00,1.0,8.333295186360678,2.6666666666666665
2013-08-27,23:38:00,1.0,7.799949645996093,2.6
2013-08-27,23:43:00,1.1333333333333333,7.99994150797526,100.0
2013-08-27,23:48:00,1.7666666666666666,15.399932861328125,100.0
2013-08-27,23:53:00,1.6666666666666663,20.66659291585286,100.0
2013-08-27,23:58:00,1.5666666666666669,23.266550699869796,100.0
2013-08-28,00:03:00,1.9333333333333331,19.733212788899742,100.0
2013-08-28,00:08:00,1.7333333333333334,25.73323567708334,100.0
2013-08-28,00:13:00,1.6,19.799880981445312,100.0
2013-08-28,00:18:00,1.0666666666666669,16.599896748860676,24.266666666666666
2013-08-28,00:23:01,1.0,11.066563924153645,2.6666666666666665
2013-08-28,00:28:01,1.0,8.466567993164062,2.6666666666666665
2013-08-28,00:33:01,1.0,8.266626993815105,2.6666666666666665
2013-08-28,00:38:01,2.766666666666667,15.66655476888021,2.8666666666666667
2013-08-28,00:43:01,1.0,33.999888102213546,2.6666666666666665
2013-08-28,00:48:01,1.0,17.59991963704427,2.6666666666666665
2013-08-28,00:53:01,1.0,11.866556803385414,2.6666666666666665
2013-08-28,00:58:01,1.0,9.933230082194008,2.6666666666666665
2013-08-28,01:03:01,1.1,8.199869791666668,100.0
2013-08-28,01:08:01,1.0,9.399922688802082,2.4
2013-08-28,01:13:01,1.0,8.733202616373697,2.533333333333333
2013-08-28,01:18:01,1.0,7.399978637695312,2.6666666666666665
2013-08-28,01:23:01,1.0,7.8666051228841125,2.6
2013-08-28,01:28:01,1.0,9.399884541829428,2.7333333333333334
2013-08-28,01:33:01,2.2,10.399907430013021,10.733333333333333
2013-08-28,01:38:01,1.2666666666666666,18.33326975504557,100.0
2013-08-28,01:43:01,1.7666666666666666,17.266565958658855,100.0
2013-08-28,01:48:01,1.6,14.999961853027344,100.0
2013-08-28,01:53:01,1.5333333333333334,17.9998779296875,100.0
2013-08-28,01:58:01,1.5,20.466537475585938,100.0
2013-08-28,02:03:01,2.2666666666666666,21.533253987630204,100.0
2013-08-28,02:08:01,1.9,23.466555277506508,100.0
2013-08-28,02:13:01,1.0333333333333332,15.999921162923181,2.6
2013-08-28,02:18:01,1.0,9.933217366536457,2.6666666666666665
2013-08-28,02:23:01,1.0,7.599932352701823,2.6
2013-08-28,02:28:01,1.0666666666666669,9.666544596354166,2.7333333333333334
2013-08-28,02:33:01,1.0,7.066574096679687,2.466666666666667
2013-08-28,02:38:01,1.0,8.399899800618488,2.466666666666667
2013-08-28,02:43:01,1.0,9.399833679199219,2.6
2013-08-28,02:48:01,1.0,8.866513570149738,2.8
2013-08-28,02:53:01,1.0,7.7332178751627625,2.6666666666666665
2013-08-28,02:58:01,1.0,9.199918111165363,2.533333333333333
2013-08-28,03:03:01,1.0,10.86653391520182,2.6666666666666665
2013-08-28,03:08:01,1.0,8.199920654296875,2.6666666666666665
2013-08-28,03:13:01,1.0,9.266586303710938,2.6
2013-08-28,03:18:01,1.0,8.799934387207031,2.6
2013-08-28,03:23:01,1.0,8.99993896484375,2.6666666666666665
2013-08-28,03:28:01,1.0,11.199874877929688,2.6666666666666665
2013-08-28,03:33:02,1.0,9.199905395507812,2.6
2013-08-28,03:38:02,1.0,7.19989776611328,2.533333333333333
2013-08-28,03:43:02,1.0,6.733296712239584,2.533333333333333
2013-08-28,03:48:02,1.0,7.999992370605469,2.6
2013-08-28,03:53:02,1.0,7.599983215332032,2.6666666666666665
2013-08-28,03:58:02,1.5,7.533289591471354,100.0
2013-08-28,04:03:02,2.033333333333333,9.533195495605469,100.0
2013-08-28,04:08:02,2.0,9.933179219563803,100.0
2013-08-28,04:13:02,1.8,8.39996337890625,100.0
2013-08-28,04:18:02,1.0,7.9333241780598955,2.6
2013-08-28,04:23:02,1.0,7.999916076660156,2.6666666666666665
2013-08-28,04:28:02,1.0,8.999900817871094,2.6666666666666665
2013-08-28,04:33:02,1.0,7.999992370605469,2.7333333333333334
2013-08-28,04:38:02,1.0,8.799858093261719,2.6
2013-08-28,04:43:02,1.0,6.199951171875,2.7333333333333334
2013-08-28,04:48:02,1.0,7.266629536946613,2.6
2013-08-28,04:53:02,1.0,7.599906921386719,2.533333333333333
2013-08-28,04:58:02,1.0,8.733240763346354,2.533333333333333
2013-08-28,05:03:02,1.0,8.999900817871094,2.466666666666667
2013-08-28,05:08:02,1.0,8.599904378255209,2.466666666666667
2013-08-28,05:13:02,1.0,7.066599527994794,2.4
2013-08-28,05:18:02,1.0,7.399940490722656,2.4
2013-08-28,05:23:02,1.0,7.333259582519531,2.533333333333333
2013-08-28,05:28:02,1.0,8.666585286458334,2.533333333333333
2013-08-28,05:33:02,1.0,8.333218892415363,2.6
2013-08-28,05:38:02,1.0,8.999900817871094,2.6666666666666665
2013-08-28,05:43:02,1.0,8.199958801269531,2.6
2013-08-28,05:48:02,1.0,7.399978637695312,2.6
2013-08-28,05:53:02,1.0,7.399978637695312,2.6666666666666665
2013-08-28,05:58:02,1.0,8.53326161702474,2.6
2013-08-28,06:03:02,1.0,8.399925231933594,2.7333333333333334
2013-08-28,06:08:02,1.0666666666666669,9.399871826171875,2.6666666666666665
2013-08-28,06:13:02,1.0,9.533220926920572,2.6666666666666665
2013-08-28,06:18:02,1.0,8.599891662597656,2.6666666666666665
2013-08-28,06:23:02,1.0,8.399887084960938,2.6666666666666665
2013-08-28,06:28:02,1.0,7.8665924072265625,2.6
2013-08-28,06:33:02,1.0,9.59991455078125,2.6666666666666665
2013-08-28,06:38:02,1.0,5.999946594238281,2.6
2013-08-28,06:43:02,1.0,5.866610209147137,2.6666666666666665
2013-08-28,06:48:02,1.0,8.399925231933594,2.6666666666666665
2013-08-28,06:53:02,1.0,9.399871826171875,2.7333333333333334
2013-08-28,06:58:02,1.0,8.199958801269531,2.7333333333333334
2013-08-28,07:03:02,1.1,7.999916076660156,100.0
2013-08-28,07:08:02,1.0,7.7999114990234375,2.466666666666667
2013-08-28,07:13:02,1.0,7.266642252604166,2.6666666666666665
2013-08-28,07:18:02,1.0,7.7999114990234375,2.6666666666666665
2013-08-28,07:23:02,1.0,7.133267720540365,2.7333333333333334
2013-08-28,07:28:02,1.0,9.199905395507812,2.6666666666666665
2013-08-28,07:33:03,1.0,8.199920654296875,2.6666666666666665
2013-08-28,07:38:03,0.9666666666666668,9.399909973144531,2.6
2013-08-28,07:43:03,1.3,10.199915568033854,100.0
2013-08-28,07:48:03,1.5,18.79985809326172,100.0
2013-08-28,07:53:03,1.5,20.599899291992188,100.0
2013-08-28,07:58:03,1.5333333333333334,19.399871826171875,100.0
2013-08-28,08:03:03,2.3666666666666667,20.59986114501953,100.0
2013-08-28,08:08:03,1.6,27.93328603108724,100.0
2013-08-28,08:13:03,1.4,20.666567484537758,100.0
2013-08-28,08:18:03,1.0,13.93323262532552,2.6666666666666665
2013-08-28,08:23:03,1.0,9.733200073242188,2.8
2013-08-28,08:28:03,1.0666666666666669,6.86663309733073,2.7333333333333334
2013-08-28,08:33:03,1.0,10.79986572265625,2.6
2013-08-28,08:38:03,1.0,8.999888102213541,2.466666666666667
2013-08-28,08:43:03,1.0,8.73321533203125,2.7333333333333334
2013-08-28,08:48:03,1.0,8.53326161702474,2.6
2013-08-28,08:53:03,1.0,7.599932352701823,2.466666666666667
2013-08-28,08:58:03,1.0,8.666547139485676,2.466666666666667
2013-08-28,09:03:03,1.0,7.8666051228841125,2.6666666666666665
2013-08-28,09:08:03,1.0,5.933278401692709,2.6666666666666665
2013-08-28,09:13:03,0.9666666666666668,7.466646830240885,2.8
2013-08-28,09:18:03,1.0,7.13324228922526,2.7333333333333334
2013-08-28,09:23:03,1.0,9.399859110514322,2.6
2013-08-28,09:28:03,0.9666666666666668,10.266558329264322,2.7333333333333334
2013-08-28,09:33:03,1.0,9.266560872395834,2.6
2013-08-28,09:38:03,1.0,9.199854532877602,2.6666666666666665
2013-08-28,09:43:03,1.0,7.866617838541666,2.6666666666666665
2013-08-28,09:48:03,1.0,7.866617838541666,2.6666666666666665
2013-08-28,09:53:03,1.0,7.866566975911458,2.4
2013-08-28,09:58:03,1.0,8.799921671549479,2.8666666666666667
2013-08-28,10:03:03,1.0,8.53326161702474,2.6666666666666665
2013-08-28,10:08:03,1.0,8.53326161702474,2.6666666666666665
2013-08-28,10:13:03,1.0,6.599947611490885,2.6666666666666665
2013-08-28,10:18:03,1.0,6.6666285196940125,2.6
2013-08-28,10:23:03,1.0,8.133227030436197,2.6666666666666665
2013-08-28,10:28:03,1.0,8.266576131184895,2.6666666666666665
2013-08-28,10:33:03,1.0,7.93328603108724,2.6666666666666665
2013-08-28,10:38:03,1.0,8.533223470052082,2.6666666666666665
2013-08-28,10:43:03,1.0,7.666613260904947,2.6666666666666665
2013-08-28,10:48:03,1.0,7.666613260904947,2.6666666666666665
2013-08-28,10:53:03,1.0,7.399927775065105,2.6666666666666665
2013-08-28,10:58:04,1.0,7.799936930338541,2.7333333333333334
2013-08-28,11:03:04,1.1,8.46655527750651,100.0
2013-08-28,11:08:04,1.0,7.599906921386719,2.6666666666666665
2013-08-28,11:13:04,1.0,7.933235168457031,2.6666666666666665
2013-08-28,11:18:04,1.0,8.133252461751301,2.6666666666666665
2013-08-28,11:23:04,1.0,6.86663309733073,2.6666666666666665
2013-08-28,11:28:04,1.0,6.86663309733073,2.6666666666666665
2013-08-28,11:33:04,1.0,6.866607666015626,2.6666666666666665
2013-08-28,11:38:04,1.4,10.333251953125,100.0
2013-08-28,11:43:04,1.5333333333333334,18.066558837890625,100.0
2013-08-28,11:48:04,1.6,18.53322347005208,100.0
2013-08-28,11:53:04,1.5333333333333334,17.733243306477863,100.0
2013-08-28,11:58:04,1.6,18.199920654296875,100.0
2013-08-28,12:03:04,1.7,18.999862670898438,100.0
2013-08-28,12:08:04,1.9666666666666663,24.59991455078125,100.0
2013-08-28,12:13:04,1.0,13.733215332031252,2.4
2013-08-28,12:18:04,1.0,7.466595967610677,2.333333333333333
2013-08-28,12:23:04,1.0,6.733296712239584,2.333333333333333
2013-08-28,12:28:04,1.0,9.133249918619791,2.2666666666666666
2013-08-28,12:33:04,1.0,10.733197530110678,2.4
2013-08-28,12:38:04,1.0,8.799858093261719,2.333333333333333
2013-08-28,12:43:04,1.0,7.733268737792969,2.4
2013-08-28,12:48:04,1.0,7.933260599772135,2.4
2013-08-28,12:58:04,1.0,8.933232625325521,2.466666666666667
2013-08-28,13:03:04,1.0,10.199877421061196,2.333333333333333
2013-08-28,13:08:04,1.0,8.799947102864582,2.6666666666666665
2013-08-28,13:13:04,1.0,7.39996592203776,2.333333333333333
2013-08-28,13:18:04,1.0,7.066637674967448,2.333333333333333
2013-08-28,13:23:04,1.0,6.599960327148438,2.333333333333333
2013-08-28,13:28:04,1.0,7.3333104451497375,2.533333333333333
2013-08-28,13:33:04,1.0,8.133252461751301,2.4
2013-08-28,13:38:04,1.0,10.666529337565104,2.333333333333333
2013-08-28,13:43:04,1.0,7.266591389973959,2.6666666666666665
2013-08-28,13:48:04,1.0,6.533279418945312,2.533333333333333
2013-08-28,13:53:04,1.0,7.866541544596356,2.6666666666666665
2013-08-28,13:58:04,1.0,7.199910481770834,2.6666666666666665
2013-08-28,14:03:04,1.0,6.199913024902344,2.6
2013-08-28,14:08:04,1.0,7.99994150797526,2.6666666666666665
2013-08-28,14:13:04,1.0,7.599932352701823,2.6
2013-08-28,14:18:04,1.0,7.533289591471354,2.6
2013-08-28,14:23:04,1.0,7.466570536295575,2.6
2013-08-28,14:28:04,1.0,8.599942525227865,2.533333333333333
2013-08-28,14:33:04,1.0,7.599932352701823,2.6666666666666665
2013-08-28,14:38:04,1.0,6.733296712239584,2.6666666666666665
2013-08-28,14:43:04,1.0,6.266619364420572,2.6666666666666665
2013-08-28,14:48:04,1.0,8.066584269205729,2.6666666666666665
2013-08-28,14:53:04,0.9333333333333332,7.533276875813801,2.6666666666666665
2013-08-28,14:58:04,1.0,8.066584269205729,2.6666666666666665
2013-08-28,15:03:04,1.1,10.266571044921875,100.0
2013-08-28,15:08:04,1.0,9.466578165690104,2.6666666666666665
2013-08-28,15:13:04,1.0,9.999860127766926,2.7333333333333334
2013-08-28,15:18:04,1.0,9.999961853027344,2.6666666666666665
2013-08-28,15:23:04,1.0,8.399937947591146,2.7333333333333334
2013-08-28,15:28:04,1.0,8.599904378255209,2.6666666666666665
2013-08-28,15:33:04,1.0,7.799898783365887,2.6666666666666665
2013-08-28,15:38:04,1.0,7.5999196370442705,2.6666666666666665
2013-08-28,15:43:04,1.4333333333333331,13.266537984212242,100.0
2013-08-28,15:48:04,1.5,20.19989013671875,100.0
2013-08-28,15:53:04,1.5666666666666669,17.9998779296875,100.0
2013-08-28,15:58:04,1.7333333333333334,19.599876403808594,100.0
2013-08-28,16:03:04,2.2333333333333334,19.999872843424477,100.0
2013-08-28,16:08:04,1.6333333333333335,27.666587829589844,100.0
2013-08-28,16:13:04,1.4333333333333331,19.333203633626304,100.0
2013-08-28,16:18:04,1.0,13.266563415527344,2.6666666666666665
2013-08-28,16:23:04,1.0,8.866513570149738,2.6666666666666665
2013-08-28,16:28:04,1.0,8.266525268554688,2.6666666666666665
2013-08-28,16:33:05,1.0,6.599960327148438,2.6
2013-08-28,16:38:05,1.0,5.466601053873697,2.6666666666666665
2013-08-28,16:43:05,1.0,6.266593933105469,2.6
2013-08-28,16:48:05,1.0,8.599891662597656,2.6
2013-08-28,16:53:05,1.0,7.933260599772135,2.6
2013-08-28,16:58:05,1.0,9.666557312011719,2.6666666666666665
2013-08-28,17:03:05,1.0,8.999913533528646,2.6
2013-08-28,17:08:05,1.0,8.933219909667969,2.6666666666666665
2013-08-28,17:13:05,1.0,8.799908955891928,2.6
2013-08-28,17:18:05,1.0,8.466606140136719,2.6
2013-08-28,17:23:05,1.0,8.133227030436197,2.6666666666666665
2013-08-28,17:28:05,1.0,8.533236185709635,2.6666666666666665
2013-08-28,17:33:05,1.0,8.133252461751301,2.6666666666666665
2013-08-28,17:38:05,1.0,8.46655527750651,2.6666666666666665
2013-08-28,17:43:05,1.0,7.7999114990234375,2.6666666666666665
2013-08-28,17:48:05,1.0,7.866579691569011,2.6666666666666665
2013-08-28,17:53:05,1.0,6.733271280924479,2.6
2013-08-28,17:58:05,1.0,7.733281453450519,2.6666666666666665
2013-08-28,18:03:05,1.0,8.466580708821615,2.6666666666666665
2013-08-28,18:08:05,1.0,6.866607666015626,2.6666666666666665
2013-08-28,18:13:05,1.0,6.999969482421875,2.6666666666666665
2013-08-28,18:18:05,1.0,7.133293151855469,2.6666666666666665
2013-08-28,18:23:05,1.0,8.133227030436197,2.6666666666666665
2013-08-28,18:28:05,1.0,7.5999196370442705,2.6666666666666665
2013-08-28,18:33:05,1.0,8.133252461751301,2.6666666666666665
2013-08-28,18:38:05,1.0,7.799949645996093,2.8
2013-08-28,18:43:05,1.0,8.066584269205729,2.6666666666666665
2013-08-28,18:48:05,1.0,7.599894205729169,2.6
2013-08-28,18:53:05,0.9666666666666668,8.799858093261719,2.6
2013-08-28,18:58:05,1.0,8.199933369954428,2.6666666666666665
2013-08-28,19:03:05,1.1,9.666531880696615,100.0
2013-08-28,19:08:05,1.0,8.799947102864582,2.6
2013-08-28,19:13:05,1.0,9.533170064290365,2.6
2013-08-28,19:18:05,1.0,8.066596984863281,2.6666666666666665
2013-08-28,19:23:06,1.0,6.999969482421875,2.6666666666666665
2013-08-28,19:28:06,1.0,9.599889119466145,2.533333333333333
2013-08-28,19:33:06,1.0,9.399884541829428,2.6666666666666665
2013-08-28,19:38:06,1.0,7.266642252604166,2.6
2013-08-28,19:43:06,1.1666666666666667,8.99993896484375,100.0
2013-08-28,19:48:06,1.5,17.999903361002602,100.0
2013-08-28,19:53:06,1.5,18.599891662597656,100.0
2013-08-28,19:58:06,1.5,17.466532389322914,100.0
2013-08-28,20:03:06,2.2,22.399889628092446,100.0
2013-08-28,20:08:06,1.6333333333333335,27.733243306477867,100.0
2013-08-28,20:13:06,1.5,21.399917602539062,100.0
2013-08-28,20:18:06,1.0333333333333332,16.133206685384113,2.533333333333333
2013-08-28,20:23:06,0.9666666666666668,9.999847412109375,2.6
2013-08-28,20:28:06,1.0,11.133206685384113,2.4
2013-08-28,20:33:06,1.0,9.333203633626303,2.6
2013-08-28,20:38:06,1.0,9.733250935872396,2.7333333333333334
2013-08-28,20:43:06,1.0,11.199874877929688,2.6666666666666665
2013-08-28,20:48:06,1.0,8.799896240234375,2.6666666666666665
2013-08-28,20:53:06,1.0,7.999916076660156,2.7333333333333334
2013-08-28,20:58:06,1.0,7.333272298177083,2.6666666666666665
2013-08-28,21:03:06,1.0,6.999969482421875,2.6666666666666665
2013-08-28,21:08:06,1.0,7.333246866861981,2.6666666666666665
2013-08-28,21:13:06,1.0,7.7999114990234375,2.6
2013-08-28,21:18:06,1.0,9.066543579101562,2.7333333333333334
2013-08-28,21:23:06,1.0,7.399940490722656,2.7333333333333334
2013-08-28,21:28:06,1.0,8.799896240234375,2.6666666666666665
2013-08-28,21:33:06,1.0,8.199920654296875,2.6
2013-08-28,21:38:06,1.0,8.933245340983072,2.6
2013-08-28,21:43:06,1.0,8.866602579752604,2.6666666666666665
2013-08-28,21:48:06,1.0,7.399940490722656,2.6666666666666665
2013-08-28,21:53:07,1.0,6.99993133544922,2.6666666666666665
2013-08-28,21:58:07,1.0,6.3999176025390625,2.6666666666666665
2013-08-28,22:03:07,2.7,34.26657358805338,2.466666666666667
2013-08-28,22:08:07,1.0,18.99993896484375,2.6666666666666665
2013-08-28,22:13:07,1.0,12.599906921386719,2.7333333333333334
2013-08-28,22:18:07,1.0,10.19989013671875,2.6666666666666665
2013-08-28,22:23:07,1.0,8.53326161702474,2.6666666666666665
2013-08-28,22:28:07,1.0,8.599929809570312,2.6
2013-08-28,22:33:07,1.0,9.399833679199219,2.6
2013-08-28,22:38:07,1.0,11.799888610839844,2.466666666666667
2013-08-28,22:43:07,1.0,9.999847412109375,2.6666666666666665
2013-08-28,22:48:06,1.0,8.799896240234375,2.533333333333333
2013-08-28,22:53:06,1.0,7.999916076660156,2.6
2013-08-28,22:58:06,1.0,10.199851989746094,2.6666666666666665
2013-08-28,23:03:06,1.1,8.999900817871094,100.0
2013-08-28,23:08:06,1.0,8.599853515625,2.6
2013-08-28,23:13:06,1.0,10.199851989746094,2.6
2013-08-28,23:18:06,1.0,9.799919128417969,2.533333333333333
2013-08-28,23:23:06,1.0,10.399894714355469,2.8
2013-08-28,23:28:06,1.0,9.199943542480469,2.6
2013-08-28,23:33:06,1.0,9.399871826171875,2.6
2013-08-28,23:38:06,1.0,8.399887084960938,96.06666666666666
2013-08-28,23:43:06,1.5666666666666669,13.599891662597658,100.0
2013-08-28,23:48:06,1.5,19.99988555908203,100.0
2013-08-28,23:53:06,1.5,17.19989776611328,100.0
2013-08-28,23:58:06,1.7,17.33320871988932,100.0
2013-08-29,00:03:07,2.0,18.999900817871094,100.0
2013-08-29,00:08:07,1.6333333333333335,23.79993438720703,100.0
2013-08-29,00:13:07,1.2,16.199951171875,100.0
2013-08-29,00:18:07,1.0,9.933242797851562,2.333333333333333
2013-08-29,00:23:07,1.0,7.599945068359375,2.333333333333333
2013-08-29,00:28:07,1.0,9.399909973144531,2.333333333333333
2013-08-29,00:33:07,1.0,6.799964904785156,2.4
2013-08-29,00:38:07,1.0,8.333282470703125,2.4
2013-08-29,00:43:07,1.0,8.533274332682293,2.333333333333333
2013-08-29,00:48:07,1.0,8.533210754394531,2.333333333333333
2013-08-29,00:53:07,1.0,9.466540018717447,2.333333333333333
2013-08-29,00:58:07,1.0,7.7999114990234375,2.4
2013-08-29,01:03:07,1.1,10.799942016601562,100.0
2013-08-29,01:08:07,1.0,11.333236694335938,2.333333333333333
2013-08-29,01:13:07,0.9666666666666668,11.333211263020832,2.4
2013-08-29,01:18:07,1.0,9.86657460530599,2.333333333333333
2013-08-29,01:23:07,1.0,10.599861145019531,2.333333333333333
2013-08-29,01:28:07,1.0,9.999885559082031,2.4
2013-08-29,01:33:07,2.3,9.999910990397135,10.466666666666667
2013-08-29,01:38:07,1.0,14.666544596354164,3.533333333333333
2013-08-29,01:43:07,1.5,13.399887084960938,100.0
2013-08-29,01:48:07,1.5,19.59991455078125,100.0
2013-08-29,01:53:07,1.5,17.933247884114586,100.0
2013-08-29,01:58:07,1.5666666666666669,18.19990793863932,100.0
2013-08-29,02:03:07,2.3,22.133255004882812,100.0
2013-08-29,02:08:08,2.0,29.19993082682291,100.0
2013-08-29,02:13:08,1.6,18.79985809326172,100.0
2013-08-29,02:18:08,1.0,12.599894205729164,2.333333333333333
2013-08-29,02:23:08,1.0333333333333332,9.133160909016926,2.333333333333333
2013-08-29,02:28:08,1.0333333333333332,9.866536458333332,2.333333333333333
2013-08-29,02:33:08,1.0,8.933219909667969,2.4
2013-08-29,02:38:08,1.0,9.466552734375,2.4
2013-08-29,02:43:08,1.0,7.8666051228841125,2.333333333333333
2013-08-29,02:48:08,1.0,6.599960327148438,2.333333333333333
2013-08-29,02:53:08,1.0,6.266619364420572,2.333333333333333
2013-08-29,02:58:08,1.0,7.066637674967448,2.533333333333333
2013-08-29,03:03:08,1.0,7.599945068359375,2.466666666666667
2013-08-29,03:08:08,1.0,6.333287556966144,2.533333333333333
2013-08-29,03:13:08,1.0,6.533292134602865,2.333333333333333
2013-08-29,03:18:08,1.0,7.599945068359375,2.466666666666667
2013-08-29,03:23:08,1.0,6.6666285196940125,2.333333333333333
2013-08-29,03:28:08,1.0,9.733174641927084,2.533333333333333
2013-08-29,03:33:08,1.0,8.066609700520834,2.533333333333333
2013-08-29,03:38:08,1.0,6.466623942057291,2.466666666666667
2013-08-29,03:43:08,1.0,8.266588846842447,2.533333333333333
2013-08-29,03:48:08,1.0,7.666575113932293,2.333333333333333
2013-08-29,03:53:08,1.0,6.93328857421875,2.4
2013-08-29,03:58:08,1.4,8.99987538655599,100.0
2013-08-29,04:03:08,1.9666666666666663,8.533210754394531,100.0
2013-08-29,04:08:09,1.7666666666666666,7.7999114990234375,100.0
2013-08-29,04:13:09,1.9,7.133267720540365,100.0
2013-08-29,04:18:09,1.0333333333333332,6.6666285196940125,2.466666666666667
2013-08-29,04:23:09,1.0,8.999900817871094,2.533333333333333
2013-08-29,04:28:09,1.0,10.733222961425781,2.333333333333333
2013-08-29,04:33:09,1.0,7.666613260904947,2.333333333333333
2013-08-29,04:38:09,1.0,7.866655985514324,2.533333333333333
2013-08-29,04:43:09,1.0,7.2666168212890625,2.533333333333333
2013-08-29,04:48:09,1.0,8.933219909667969,2.333333333333333
2013-08-29,04:53:09,1.0,8.866551717122396,2.333333333333333
2013-08-29,04:58:09,1.0,7.9999033610026045,2.333333333333333
2013-08-29,05:03:09,1.0,8.866564432779947,2.466666666666667
2013-08-29,05:08:09,1.0,8.866564432779947,2.466666666666667
2013-08-29,05:13:09,1.0,7.133280436197918,2.466666666666667
2013-08-29,05:18:09,1.0,8.199920654296875,2.533333333333333
2013-08-29,05:23:09,1.0,8.19994608561198,2.4
2013-08-29,05:28:09,1.0,9.133262634277344,2.533333333333333
2013-08-29,05:33:09,1.0,7.999916076660156,2.4
2013-08-29,05:38:09,1.0,8.933245340983072,2.466666666666667
2013-08-29,05:43:09,1.0,9.533233642578125,2.533333333333333
2013-08-29,05:48:09,1.0,7.933273315429687,2.4
2013-08-29,05:53:09,1.0,8.799896240234375,2.4
2013-08-29,05:58:09,1.0,7.066599527994794,2.466666666666667
2013-08-29,06:03:09,1.0,6.333287556966144,2.333333333333333
2013-08-29,06:08:09,1.0,7.4666086832682295,2.4
2013-08-29,06:13:09,1.0,9.13323720296224,2.466666666666667
2013-08-29,06:18:09,1.0,8.066571553548176,2.333333333333333
2013-08-29,06:23:09,1.0,8.733228047688803,2.4
2013-08-29,06:28:09,1.0666666666666669,9.266560872395834,2.466666666666667
2013-08-29,06:33:09,1.0,6.333287556966144,2.333333333333333
2013-08-29,06:38:09,1.0,7.999916076660156,2.4
2013-08-29,06:43:09,1.0,8.933219909667969,2.4
2013-08-29,06:48:09,1.0,8.533287048339844,2.4
2013-08-29,06:53:09,1.0,8.46655527750651,2.4
2013-08-29,06:58:10,1.0,9.066505432128906,2.4
2013-08-29,07:03:10,1.1,6.6666285196940125,100.0
2013-08-29,07:08:10,1.0,6.4665985107421875,2.333333333333333
2013-08-29,07:13:10,1.0,8.399899800618488,2.4
2013-08-29,07:18:10,1.0,9.533220926920572,2.333333333333333
2013-08-29,07:23:10,1.0,7.5999196370442705,2.333333333333333
2013-08-29,07:28:10,1.0,10.466537475585938,2.4
2013-08-29,07:33:10,1.0,8.799947102864582,2.466666666666667
2013-08-29,07:38:10,1.2,11.333211263020832,100.0
2013-08-29,07:43:10,1.5,16.666577657063804,100.0
2013-08-29,07:48:10,1.5,20.39989471435547,100.0
2013-08-29,07:53:10,1.5,18.79985809326172,100.0
2013-08-29,07:58:09,1.5,18.7332280476888,100.0
2013-08-29,08:03:09,1.5,16.7999267578125,100.0
2013-08-29,08:08:09,2.1,28.333244323730465,100.0
2013-08-29,08:13:09,1.0,19.333229064941406,2.4
2013-08-29,08:18:09,1.0,8.266563415527344,2.333333333333333
2013-08-29,08:23:09,1.0,7.599906921386719,2.333333333333333
2013-08-29,08:28:09,1.0,8.999862670898438,2.333333333333333
2013-08-29,08:33:09,1.0,7.199948628743489,2.4
2013-08-29,08:38:09,1.0,6.99993133544922,2.333333333333333
2013-08-29,08:43:09,1.0,6.99993133544922,2.4
2013-08-29,08:48:09,1.0,5.866610209147137,2.333333333333333
2013-08-29,08:53:10,1.0,6.199951171875,2.333333333333333
2013-08-29,08:58:10,1.0,7.933235168457031,2.466666666666667
2013-08-29,09:03:10,1.0,8.733240763346354,2.333333333333333
2013-08-29,09:08:10,1.0,7.399978637695312,2.4
2013-08-29,09:13:10,1.0,6.933301289876302,2.333333333333333
2013-08-29,09:18:10,1.0,7.06658681233724,2.4
2013-08-29,09:23:10,1.0,8.133265177408854,2.4
2013-08-29,09:28:10,1.0,8.066596984863281,2.333333333333333
2013-08-29,09:33:10,1.0,9.533271789550781,2.333333333333333
2013-08-29,09:38:10,1.0,10.066515604654947,2.4
2013-08-29,09:43:10,1.0,7.933247884114582,2.4
2013-08-29,09:48:10,1.0666666666666669,6.933237711588541,2.333333333333333
2013-08-29,09:53:10,1.0,7.666613260904947,2.333333333333333
2013-08-29,09:58:10,1.0,6.6666285196940125,2.466666666666667
2013-08-29,10:03:10,1.0,7.066637674967448,2.333333333333333
2013-08-29,10:08:10,1.0,10.466524759928383,2.333333333333333
2013-08-29,10:13:10,1.0,10.399894714355469,2.333333333333333
2013-08-29,10:18:10,1.0,8.533274332682293,2.4
2013-08-29,10:23:10,1.0,8.599891662597656,2.333333333333333
2013-08-29,10:28:10,1.0,10.333226521809896,2.466666666666667
2013-08-29,10:33:10,1.0,10.533192952473959,2.333333333333333
2013-08-29,10:38:10,0.9666666666666668,9.066607157389322,2.333333333333333
2013-08-29,10:43:10,1.0,8.133252461751301,2.4
2013-08-29,10:48:10,1.0,8.799934387207031,2.333333333333333
2013-08-29,10:53:10,1.0,9.13323720296224,2.333333333333333
2013-08-29,10:58:10,1.0,9.466552734375,2.333333333333333
2013-08-29,11:03:10,1.1,9.333216349283854,100.0
2013-08-29,11:08:10,1.0,8.599929809570312,2.4
2013-08-29,11:13:10,1.0,7.066637674967448,2.333333333333333
2013-08-29,11:18:10,1.0,7.799949645996093,2.4
2013-08-29,11:23:10,1.0,7.466634114583331,2.333333333333333
2013-08-29,11:28:10,1.0,9.399871826171875,2.333333333333333
2013-08-29,11:33:11,1.0,7.3333104451497375,2.333333333333333
2013-08-29,11:38:11,1.4666666666666666,12.799936930338543,100.0
2013-08-29,11:43:11,1.5,17.333246866861977,100.0
2013-08-29,11:48:11,1.5333333333333334,15.333264668782551,100.0
2013-08-29,11:53:11,1.5,14.999910990397133,100.0
2013-08-29,11:58:11,1.5333333333333334,16.7999267578125,100.0
2013-08-29,12:03:11,2.2,18.399925231933594,100.0
2013-08-29,12:08:11,1.6666666666666663,28.999977111816406,100.0
2013-08-29,12:13:11,1.0,16.866556803385414,2.466666666666667
2013-08-29,12:18:11,1.0,9.733174641927084,2.6
2013-08-29,12:23:11,1.0,6.99993133544922,2.466666666666667
2013-08-29,12:28:11,1.0,6.733296712239584,2.333333333333333
2013-08-29,12:33:11,1.0,8.399925231933594,2.466666666666667
2013-08-29,12:38:11,1.0,7.533251444498699,2.466666666666667
2013-08-29,12:43:11,1.0,7.666625976562499,2.533333333333333
2013-08-29,12:48:11,1.0,7.599945068359375,2.333333333333333
2013-08-29,12:53:11,0.9666666666666668,8.99993896484375,2.4
2013-08-29,12:58:11,1.0,8.199958801269531,2.333333333333333
2013-08-29,13:03:11,1.0,6.466623942057291,2.466666666666667
2013-08-29,13:08:11,1.0,8.133290608723959,2.4
2013-08-29,13:13:11,1.0,8.399848937988281,2.333333333333333
2013-08-29,13:18:11,1.0,7.399902343750001,2.333333333333333
2013-08-29,13:23:11,1.0,6.999969482421875,2.4
2013-08-29,13:28:11,1.0,8.999900817871094,2.333333333333333
2013-08-29,13:33:11,1.0,7.799949645996093,2.333333333333333
2013-08-29,13:38:11,1.0,7.199974060058594,2.333333333333333
2013-08-29,13:43:11,1.0,8.399925231933594,2.333333333333333
2013-08-29,13:48:11,1.0,7.599945068359375,2.4
2013-08-29,13:53:11,0.9666666666666668,9.999885559082031,2.533333333333333
2013-08-29,13:58:11,1.0,7.599945068359375,2.466666666666667
2013-08-29,14:03:11,1.0,8.399925231933594,2.333333333333333
2013-08-29,14:08:11,1.0,7.79998779296875,2.4
2013-08-29,14:13:11,1.0,8.199882507324219,2.333333333333333
2013-08-29,14:18:11,1.0,7.733281453450519,2.466666666666667
2013-08-29,14:23:11,1.0,7.1999359130859375,2.4
2013-08-29,14:28:11,1.0,7.1999359130859375,2.466666666666667
2013-08-29,14:33:11,1.0,6.799926757812499,2.333333333333333
2013-08-29,14:38:11,1.0,8.533223470052082,2.533333333333333
2013-08-29,14:43:11,1.0,9.599876403808594,2.466666666666667
2013-08-29,14:48:12,1.0,6.799964904785156,2.6
2013-08-29,14:53:12,1.0,8.39996337890625,2.533333333333333
2013-08-29,14:58:12,1.0,11.199913024902344,2.6
2013-08-29,15:03:12,1.1,7.799949645996093,100.0
2013-08-29,15:08:12,1.0,7.93322245279948,2.6
2013-08-29,15:13:12,1.0,8.799934387207031,2.466666666666667
2013-08-29,15:18:12,1.0,8.199958801269531,2.533333333333333
2013-08-29,15:23:12,1.0,8.266550699869791,2.7333333333333334
2013-08-29,15:28:12,1.0,8.599929809570312,2.4
2013-08-29,15:33:12,1.0,6.999969482421875,2.4
2013-08-29,15:38:12,1.0,6.799964904785156,2.466666666666667
2013-08-29,15:43:12,1.1333333333333333,8.599929809570312,100.0
2013-08-29,15:48:12,1.6666666666666663,16.199874877929688,100.0
2013-08-29,15:53:12,1.5666666666666669,17.599868774414062,100.0
2013-08-29,15:58:12,1.6,17.199935913085938,100.0
2013-08-29,16:03:12,2.1333333333333333,20.599899291992188,100.0
2013-08-29,16:08:12,1.5666666666666669,23.333257039388016,100.0
2013-08-29,16:13:12,1.5,19.266535441080727,100.0
2013-08-29,16:18:12,1.1666666666666667,17.59990692138672,100.0
2013-08-29,16:23:12,1.0,9.599876403808594,2.4
2013-08-29,16:28:12,1.0,10.79986572265625,2.333333333333333
2013-08-29,16:33:12,1.0,8.133252461751301,2.466666666666667
2013-08-29,16:38:12,1.0,7.999954223632813,2.533333333333333
2013-08-29,16:43:12,2.7,20.06659189860026,2.533333333333333
2013-08-29,16:48:12,1.0,27.799911499023438,2.466666666666667
2013-08-29,16:53:12,1.0,15.399894714355469,2.4
2013-08-29,16:58:12,1.0,14.533233642578125,2.533333333333333
2013-08-29,17:03:12,1.0,11.06653849283854,2.466666666666667
2013-08-29,17:08:12,1.0,10.466524759928383,2.6
2013-08-29,17:13:11,1.0,10.199928283691406,2.533333333333333
2013-08-29,17:18:11,1.0,8.799858093261719,2.466666666666667
2013-08-29,17:23:12,1.0,9.13323720296224,2.4
2013-08-29,17:28:12,1.0,11.799888610839844,2.6666666666666665
2013-08-29,17:33:12,1.0,9.999847412109375,2.6
2013-08-29,17:38:12,1.0,10.06659189860026,2.466666666666667
2013-08-29,17:43:12,1.0,8.799934387207031,2.466666666666667
2013-08-29,17:48:12,1.0,10.133209228515625,2.533333333333333
2013-08-29,17:53:12,1.0,8.199933369954428,2.533333333333333
2013-08-29,17:58:12,1.0,9.133199055989584,2.6666666666666665
2013-08-29,18:03:12,1.0,7.399927775065105,2.466666666666667
2013-08-29,18:08:12,1.0,8.199882507324219,2.533333333333333
2013-08-29,18:13:12,1.0,8.333269755045574,2.4
2013-08-29,18:18:12,1.0,10.199877421061196,2.333333333333333
2013-08-29,18:23:12,1.0,8.066584269205729,2.533333333333333
2013-08-29,18:28:12,1.0,9.733238220214844,2.6
2013-08-29,18:33:12,1.0,5.733273824055988,2.4
2013-08-29,18:38:12,1.0,7.933235168457031,2.466666666666667
2013-08-29,18:43:12,1.0,9.933191935221354,2.533333333333333
2013-08-29,18:48:12,1.0,9.599876403808594,2.4
2013-08-29,18:53:12,1.0,8.399912516276041,2.6666666666666665
2013-08-29,18:58:12,1.0,8.599853515625,2.533333333333333
2013-08-29,19:03:12,1.0,10.133196512858072,100.0
2013-08-29,19:08:12,1.0,10.399856567382812,2.6
2013-08-29,19:13:12,1.0,12.199897766113281,2.6
2013-08-29,19:18:12,1.0,11.599884033203125,2.533333333333333
2013-08-29,19:23:12,1.0,10.066515604654947,2.466666666666667
2013-08-29,19:28:12,1.0,10.066541035970051,2.533333333333333
2013-08-29,19:33:12,1.0,8.933219909667969,2.533333333333333
2013-08-29,19:38:12,1.0,7.999954223632813,13.266666666666667
2013-08-29,19:43:12,1.5666666666666669,15.266571044921875,100.0
2013-08-29,19:48:12,1.5333333333333334,20.533231099446613,100.0
2013-08-29,19:53:12,1.6,20.26655832926432,100.0
2013-08-29,19:58:12,1.5333333333333334,18.533185323079426,100.0
2013-08-29,20:03:13,2.2666666666666666,19.199867248535156,100.0
2013-08-29,20:08:13,1.6333333333333335,28.266588846842456,100.0
2013-08-29,20:13:13,1.2,18.599878946940102,100.0
2013-08-29,20:18:13,1.0,11.799888610839844,2.8666666666666667
2013-08-29,20:23:13,1.0,10.733197530110678,2.4
2013-08-29,20:28:13,1.0,9.79986826578776,2.533333333333333
2013-08-29,20:33:13,1.0,8.599942525227865,2.6666666666666665
2013-08-29,20:38:13,1.0,7.733268737792969,2.6666666666666665
2013-08-29,20:43:13,1.0,8.066596984863281,2.6
2013-08-29,20:48:13,1.0,8.399925231933594,2.2666666666666666
2013-08-29,20:53:13,1.0,7.06658681233724,2.533333333333333
2013-08-29,20:58:13,1.0,7.8666051228841125,2.6
2013-08-29,21:03:13,1.0,8.599866231282551,2.6
2013-08-29,21:08:13,1.0,8.133201599121094,2.6
2013-08-29,21:13:13,1.0,7.666613260904947,2.6666666666666665
2013-08-29,21:18:13,1.0,9.66650644938151,2.6666666666666665
2013-08-29,21:23:13,1.0,8.266576131184895,2.6666666666666665
2013-08-29,21:28:13,1.0,8.133252461751301,2.6
2013-08-29,21:33:13,1.0,7.733243306477864,2.533333333333333
2013-08-29,21:38:13,1.0,6.799964904785156,2.4
2013-08-29,21:43:13,1.0,7.933260599772135,2.333333333333333
2013-08-29,21:48:13,1.0,8.066609700520834,2.333333333333333
2013-08-29,21:53:13,1.0,6.799926757812499,2.333333333333333
2013-08-29,21:58:13,1.0,7.999916076660156,2.4
2013-08-29,22:03:13,1.0,9.266497294108072,2.4
2013-08-29,22:08:13,1.0,8.599891662597656,2.4
2013-08-29,22:13:13,1.0,7.466595967610677,2.4
2013-08-29,22:18:13,1.0,7.666575113932293,2.466666666666667
2013-08-29,22:23:14,1.0,10.599886576334635,2.6
2013-08-29,22:28:14,1.0,9.19989267985026,2.7333333333333334
2013-08-29,22:33:14,1.0,9.399909973144531,2.6
2013-08-29,22:38:14,1.0,7.866617838541666,2.533333333333333
2013-08-29,22:43:14,1.0,6.533292134602865,2.6666666666666665
2013-08-29,22:48:14,1.0,7.133267720540365,2.6666666666666665
2013-08-29,22:53:14,1.0,8.399874369303385,2.6666666666666665
2013-08-29,22:58:14,1.0,10.266520182291666,2.6
2013-08-29,23:03:14,1.1,10.33320109049479,100.0
2013-08-29,23:08:14,1.0333333333333332,10.733197530110678,3.1333333333333333
2013-08-29,23:13:14,1.0333333333333332,7.999979654947918,2.6666666666666665
2013-08-29,23:18:14,1.0,7.733294169108072,2.933333333333333
2013-08-29,23:23:14,1.0,8.999926249186197,2.6666666666666665
2013-08-29,23:28:14,1.0,10.799878438313804,2.6666666666666665
2013-08-29,23:33:14,1.0,10.533218383789062,2.6666666666666665
2013-08-29,23:38:14,1.0,11.399879455566406,2.6666666666666665
2013-08-29,23:43:14,1.2,8.266614278157553,100.0
2013-08-29,23:48:14,1.6666666666666663,16.266517639160156,100.0
2013-08-29,23:53:14,1.7666666666666666,18.533185323079426,100.0
2013-08-29,23:58:14,1.6,19.466578165690102,100.0
2013-08-30,00:03:14,2.1,20.466537475585938,100.0
2013-08-30,00:08:14,1.5666666666666669,27.199923197428383,100.0
2013-08-30,00:13:14,1.5666666666666669,21.199913024902344,100.0
2013-08-30,00:18:14,1.0,15.933214823404946,2.6666666666666665
2013-08-30,00:23:14,1.0,9.866561889648438,2.6666666666666665
2013-08-30,00:28:14,1.0,7.933247884114582,2.6666666666666665
2013-08-30,00:33:14,1.0,6.733296712239584,2.6666666666666665
2013-08-30,00:38:14,1.0,7.3333104451497375,2.6666666666666665
2013-08-30,00:43:14,1.0,9.799842834472656,2.6666666666666665
2013-08-30,00:48:14,1.0,8.333231608072916,2.6666666666666665
2013-08-30,00:53:14,1.0,6.733296712239584,2.6666666666666665
2013-08-30,00:58:14,1.0,6.66656494140625,2.6666666666666665
2013-08-30,01:03:14,1.1,8.999926249186197,100.0
2013-08-30,01:08:14,1.0,10.66656748453776,2.6666666666666665
2013-08-30,01:13:15,1.0,9.399922688802082,2.7333333333333334
2013-08-30,01:18:15,1.0,9.333178202311196,2.6666666666666665
2013-08-30,01:23:15,1.0,8.199958801269531,2.7333333333333334
2013-08-30,01:28:15,1.0,6.86663309733073,2.6666666666666665
2013-08-30,01:33:15,2.2666666666666666,9.733289082845053,10.466666666666667
2013-08-30,01:38:15,1.0,15.933214823404946,3.6
2013-08-30,01:43:15,1.4333333333333331,11.866518656412758,100.0
2013-08-30,01:48:15,1.6666666666666663,16.599909464518227,100.0
2013-08-30,01:53:15,1.5666666666666669,18.933232625325523,100.0
2013-08-30,01:58:15,1.5333333333333334,19.866549173990883,100.0
2013-08-30,02:03:15,2.3,20.066553751627605,100.0
2013-08-30,02:08:14,2.0,25.866572062174487,100.0
2013-08-30,02:13:14,1.7333333333333334,20.666567484537758,100.0
2013-08-30,02:18:14,1.0,12.399889628092446,2.6666666666666665
2013-08-30,02:23:14,1.1,8.19994608561198,2.6666666666666665
2013-08-30,02:28:14,1.0,9.933191935221354,2.6666666666666665
2013-08-30,02:33:14,1.0,9.399846394856771,2.6666666666666665
2013-08-30,02:38:14,1.0,7.4666086832682295,2.6666666666666665
2013-08-30,02:43:14,1.0,7.066548665364582,2.6666666666666665
2013-08-30,02:48:14,1.0,7.466545104980468,2.6666666666666665
2013-08-30,02:53:14,1.0,10.33320109049479,2.6666666666666665
2013-08-30,02:58:14,1.0,9.866549173990885,2.533333333333333
2013-08-30,03:03:14,1.0,9.142780303955078,2.7142857142857144
2013-08-30,03:08:14,1.0,7.866566975911458,2.6666666666666665
2013-08-30,03:13:14,1.0,8.733240763346354,2.6
2013-08-30,03:18:14,1.0,9.066581726074219,2.6666666666666665
2013-08-30,03:23:14,1.0,6.999956766764324,2.6666666666666665
2013-08-30,03:28:14,1.0,7.199910481770834,2.6666666666666665
2013-08-30,03:33:14,1.0,6.799926757812499,2.7333333333333334
2013-08-30,03:38:14,1.0,8.733228047688803,2.6666666666666665
2013-08-30,03:43:14,1.0,8.066584269205729,2.6666666666666665
2013-08-30,03:48:14,1.0,7.466634114583331,2.6666666666666665
2013-08-30,03:53:14,1.0,6.199925740559896,2.6666666666666665
2013-08-30,03:58:14,1.4666666666666666,6.599960327148438,100.0
2013-08-30,04:03:15,1.9333333333333331,8.266576131184895,100.0
2013-08-30,04:08:15,1.9666666666666663,7.466595967610677,100.0
2013-08-30,04:13:15,1.9,8.599866231282551,100.0
2013-08-30,04:18:15,1.0,8.399925231933594,2.6666666666666665
2013-08-30,04:23:15,1.0,8.599929809570312,2.6666666666666665
2013-08-30,04:28:15,1.0,7.999916076660156,2.7333333333333334
2013-08-30,04:33:15,1.0,7.999992370605469,2.6666666666666665
2013-08-30,04:38:15,1.0,7.666600545247395,2.6666666666666665
2013-08-30,04:43:15,1.0,8.333244323730469,2.6666666666666665
2013-08-30,04:48:15,1.0,8.99987538655599,2.6666666666666665
2013-08-30,04:53:15,1.0,6.999969482421875,2.6666666666666665
2013-08-30,04:58:15,1.0,6.266619364420572,2.6666666666666665
2013-08-30,05:03:15,1.0333333333333332,7.066599527994794,2.6666666666666665
2013-08-30,05:08:15,1.0,6.933263142903646,2.7333333333333334
2013-08-30,05:13:15,1.0,7.7999114990234375,2.6666666666666665
2013-08-30,05:18:15,1.0,7.93328603108724,2.6666666666666665
2013-08-30,05:23:15,1.0,8.2666015625,2.6666666666666665
2013-08-30,05:28:15,1.0,11.266568501790367,2.7333333333333334
2013-08-30,05:33:15,1.0,8.199920654296875,2.6666666666666665
2013-08-30,05:38:15,1.0,5.733273824055988,2.6666666666666665
2013-08-30,05:43:15,1.0,8.199958801269531,2.7333333333333334
2013-08-30,05:48:15,1.0,7.599945068359375,2.6666666666666665
2013-08-30,05:53:15,1.0,7.866579691569011,2.6666666666666665
2013-08-30,05:58:15,1.0,9.799855550130209,2.7333333333333334
2013-08-30,06:03:15,1.0,7.7999114990234375,2.6666666666666665
2013-08-30,06:08:15,1.0,6.133282979329426,2.6666666666666665
2013-08-30,06:13:15,1.0,7.466570536295575,2.6666666666666665
2013-08-30,06:18:15,1.0,8.799896240234375,2.7333333333333334
2013-08-30,06:23:15,1.0,6.86663309733073,2.6666666666666665
2013-08-30,06:28:15,1.0666666666666669,9.333203633626303,2.6666666666666665
2013-08-30,06:33:15,1.0,9.799880981445312,2.7333333333333334
2013-08-30,06:38:15,1.0,7.733243306477864,2.6666666666666665
2013-08-30,06:43:15,1.0,7.533315022786459,2.6666666666666665
2013-08-30,06:48:15,1.0,7.9999033610026045,2.6666666666666665
2013-08-30,06:53:15,1.0,9.733212788899738,2.6666666666666665
2013-08-30,06:58:15,1.0,8.599929809570312,2.6666666666666665
2013-08-30,07:03:15,1.0666666666666669,8.799908955891928,100.0
2013-08-30,07:08:15,1.0,9.266573588053385,2.6666666666666665
2013-08-30,07:13:16,1.0,10.33320109049479,2.7333333333333334
2013-08-30,07:18:16,1.0,10.19989013671875,2.6666666666666665
2013-08-30,07:23:16,1.0,6.799964904785156,2.6666666666666665
2013-08-30,07:28:16,1.0,8.999824523925781,2.6666666666666665
2013-08-30,07:33:16,1.0,7.599906921386719,2.466666666666667
2013-08-30,07:38:16,1.0,8.933245340983072,2.4
2013-08-30,07:43:16,1.1666666666666667,7.799936930338541,100.0
2013-08-30,07:48:16,1.5,16.599884033203125,100.0
2013-08-30,07:53:16,1.5,15.799942016601562,100.0
2013-08-30,07:58:16,1.5,17.39990234375,100.0
2013-08-30,08:03:16,2.333333333333333,17.9998779296875,100.0
2013-08-30,08:08:16,1.6,28.19992065429687,100.0
2013-08-30,08:13:16,1.5333333333333334,19.799880981445312,100.0
2013-08-30,08:18:16,1.0,15.799903869628906,2.4
2013-08-30,08:23:16,1.0,8.799921671549479,11.0
2013-08-30,08:28:16,1.0,11.399879455566406,2.466666666666667
2013-08-30,08:33:16,1.0,7.13330586751302,2.6
2013-08-30,08:38:16,1.0,8.066584269205729,2.533333333333333
2013-08-30,08:43:16,1.0,8.79987080891927,2.4
2013-08-30,08:48:16,1.0,8.799934387207031,2.6666666666666665
2013-08-30,08:53:16,1.0,8.199933369954428,2.4
2013-08-30,08:58:16,1.0,8.599929809570312,2.6666666666666665
2013-08-30,09:03:16,1.0,6.99993133544922,2.7333333333333334
2013-08-30,09:08:16,1.0,7.599983215332032,2.4
2013-08-30,09:13:16,1.0,8.333206176757812,2.4
2013-08-30,09:18:16,1.0,8.199920654296875,2.6
2013-08-30,09:23:16,1.0,7.999954223632813,2.6
2013-08-30,09:28:16,1.0,7.999992370605469,2.6666666666666665
2013-08-30,09:33:16,1.0,7.733281453450519,2.6
2013-08-30,09:38:16,1.0,7.599983215332032,2.6666666666666665
2013-08-30,09:43:17,1.0,7.466595967610677,2.466666666666667
2013-08-30,09:48:17,1.0,7.93328603108724,2.6
2013-08-30,09:53:17,1.0,9.599838256835938,2.533333333333333
2013-08-30,09:58:17,1.0,8.199958801269531,2.466666666666667
2013-08-30,10:03:17,1.0,7.533302307128905,2.333333333333333
2013-08-30,10:08:17,1.0,9.466578165690104,2.533333333333333
2013-08-30,10:13:17,1.0,8.799934387207031,2.533333333333333
2013-08-30,10:18:17,1.0,7.199974060058594,2.333333333333333
2013-08-30,10:23:17,1.0,6.733258565266925,2.2666666666666666
2013-08-30,10:28:17,1.0,8.733228047688803,2.6
2013-08-30,10:33:17,1.0,7.399927775065105,2.6
2013-08-30,10:38:17,1.0,7.133267720540365,2.466666666666667
2013-08-30,10:43:17,1.0,7.733243306477864,2.6
2013-08-30,10:48:17,1.0,9.466565450032551,2.533333333333333
2013-08-30,10:53:17,1.0,8.73327891031901,2.6
2013-08-30,10:58:17,1.0,8.999888102213541,2.6666666666666665
2013-08-30,11:03:17,1.0666666666666669,8.466593424479168,100.0
2013-08-30,11:08:17,1.0,9.399871826171875,2.6666666666666665
2013-08-30,11:13:17,1.0,8.133252461751301,2.6666666666666665
2013-08-30,11:18:16,1.0,6.7142486572265625,2.7857142857142856
2013-08-30,11:23:16,1.0,5.333264668782553,2.6
2013-08-30,11:28:16,1.0,8.73321533203125,2.6666666666666665
2013-08-30,11:33:16,1.0,8.133277893066406,2.6666666666666665
2013-08-30,11:38:16,2.9285714285714284,37.142739977155415,2.7142857142857144
2013-08-30,11:43:16,1.0,20.13324737548828,2.6666666666666665
2013-08-30,11:48:16,1.0,10.733197530110678,2.466666666666667
2013-08-30,11:53:16,1.2,8.266588846842447,100.0
2013-08-30,11:58:16,1.5333333333333334,13.26655069986979,100.0
2013-08-30,12:03:16,1.5,18.533198038736977,100.0
2013-08-30,12:08:16,1.6666666666666663,21.266581217447914,100.0
2013-08-30,12:13:16,1.6333333333333335,19.266535441080727,100.0
2013-08-30,12:18:17,2.333333333333333,27.733256022135418,100.0
2013-08-30,12:23:17,1.5,21.199900309244793,100.0
2013-08-30,12:28:17,1.0333333333333332,17.466595967610676,2.533333333333333
2013-08-30,12:33:17,1.0,9.466603597005209,2.466666666666667
2013-08-30,12:38:17,1.0,7.399978637695312,2.533333333333333
2013-08-30,12:43:17,1.0,8.866589864095053,2.6666666666666665
2013-08-30,12:48:17,0.9666666666666668,9.266560872395834,2.533333333333333
2013-08-30,12:53:17,1.0,7.733281453450519,2.466666666666667
2013-08-30,12:58:17,1.0,7.428550720214844,2.642857142857143
2013-08-30,13:03:17,1.0,6.357097625732422,2.7857142857142856
2013-08-30,13:08:17,1.0,7.7999114990234375,2.6
2013-08-30,13:13:17,1.0,8.933219909667969,2.6666666666666665
2013-08-30,13:18:17,1.0,6.99993133544922,2.6666666666666665
2013-08-30,13:23:17,1.0,7.666625976562499,2.6666666666666665
2013-08-30,13:28:17,1.0,10.142775944301059,2.8571428571428568
2013-08-30,13:33:17,1.0,7.133267720540365,2.6666666666666665
2013-08-30,13:38:17,1.0,6.071376800537109,2.7857142857142856
2013-08-30,13:43:17,1.0,6.999969482421875,2.6666666666666665
2013-08-30,13:48:17,1.0,6.499958038330078,2.7857142857142856
2013-08-30,13:53:17,1.0,4.857063293457031,2.7857142857142856
2013-08-30,13:58:17,1.0,8.571338653564453,2.7857142857142856
2013-08-30,14:03:17,1.0,9.57129342215402,2.7857142857142856
2013-08-30,14:08:17,1.0,8.714158194405695,2.7142857142857144
2013-08-30,14:13:17,1.0,6.42852783203125,2.7857142857142856
2013-08-30,14:18:17,1.0,6.799964904785156,2.6666666666666665
2013-08-30,14:23:17,1.0,7.428468976702009,2.7142857142857144
2013-08-30,14:28:17,1.0,8.399874369303385,2.6666666666666665
2013-08-30,14:33:17,1.0,8.357102530343193,2.7142857142857144
2013-08-30,14:38:18,1.0,8.266563415527344,2.6666666666666665
2013-08-30,14:43:18,1.0,8.466580708821615,2.6
2013-08-30,14:48:18,1.0,8.428478240966797,2.571428571428572
2013-08-30,14:53:18,1.0,7.133293151855469,2.533333333333333
2013-08-30,14:58:18,1.0,7.999954223632813,2.533333333333333
2013-08-30,15:03:18,1.1,7.1999359130859375,100.0
2013-08-30,15:08:18,1.0,7.199974060058594,2.533333333333333
2013-08-30,15:13:18,1.0,9.199905395507812,2.6
2013-08-30,15:18:18,1.0,6.999969482421875,2.6666666666666665
2013-08-30,15:23:18,1.0,6.933301289876302,2.7333333333333334
2013-08-30,15:28:18,1.0,8.266576131184895,2.7333333333333334
2013-08-30,15:33:18,1.0,8.333269755045574,2.6666666666666665
2013-08-30,15:38:18,1.0,10.933202107747398,2.7333333333333334
2013-08-30,15:43:18,1.0,11.19990030924479,41.0
2013-08-30,15:48:18,1.4666666666666666,14.33321634928385,100.0
2013-08-30,15:53:18,1.5,17.599945068359375,100.0
2013-08-30,15:58:18,1.5333333333333334,19.599876403808594,100.0
2013-08-30,16:03:18,1.8333333333333333,20.533231099446613,100.0
2013-08-30,16:08:18,1.9,25.999908447265625,100.0
2013-08-30,16:13:18,1.5666666666666669,19.99988555908203,100.0
2013-08-30,16:18:18,1.2666666666666666,18.333206176757812,100.0
2013-08-30,16:23:18,1.0,11.866556803385414,2.6666666666666665
2013-08-30,16:28:18,1.0,10.199851989746094,2.6666666666666665
2013-08-30,16:33:18,1.0,7.933247884114582,2.6666666666666665
2013-08-30,16:38:18,1.0,6.799952189127606,2.7333333333333334
2013-08-30,16:43:18,1.0,7.533251444498699,2.6666666666666665
2013-08-30,16:48:18,1.0,9.399859110514322,2.6
2013-08-30,16:53:18,1.0,9.199867248535156,2.2
2013-08-30,16:58:18,1.0,8.13323974609375,2.466666666666667
2013-08-30,17:03:18,1.0,8.999888102213541,2.4
2013-08-30,17:08:18,1.0,4.933255513509115,2.466666666666667
2013-08-30,17:13:18,1.0,6.599960327148438,2.466666666666667
2013-08-30,17:18:19,1.0,8.666585286458334,2.4
2013-08-30,17:23:19,1.0,6.199951171875,2.4
2013-08-30,17:28:19,1.0,5.7999420166015625,2.466666666666667
2013-08-30,17:33:19,1.0,7.399978637695312,2.6
2013-08-30,17:38:19,1.0,8.533274332682293,2.533333333333333
2013-08-30,17:43:19,1.0,8.13323974609375,2.6666666666666665
2013-08-30,17:48:19,1.0,8.466567993164062,2.533333333333333
2013-08-30,17:53:19,1.0,8.999926249186197,2.533333333333333
2013-08-30,17:58:19,1.0,7.133267720540365,2.466666666666667
2013-08-30,18:03:19,1.0,8.066533406575521,2.466666666666667
2013-08-30,18:08:19,1.0,8.733266194661459,2.466666666666667
2013-08-30,18:13:19,1.0,8.133252461751301,2.533333333333333
2013-08-30,18:18:19,1.0,7.4666086832682295,2.4
2013-08-30,18:23:19,1.0,7.799962361653646,2.533333333333333
2013-08-30,18:28:19,1.0,9.666531880696615,2.4
2013-08-30,18:33:19,1.0,9.399909973144531,2.466666666666667
2013-08-30,18:38:19,1.0,7.7999750773112,2.466666666666667
2013-08-30,18:43:19,1.0,8.133265177408854,2.533333333333333
2013-08-30,18:48:19,1.0,7.599932352701823,2.6
2013-08-30,18:53:19,1.0,6.866594950358072,2.466666666666667
2013-08-30,18:58:19,1.0,8.933258056640625,2.466666666666667
2013-08-30,19:03:19,1.1,8.533287048339844,100.0
2013-08-30,19:08:19,1.0,9.066505432128906,2.466666666666667
2013-08-30,19:13:19,1.0,8.333244323730469,2.6
2013-08-30,19:18:19,1.0,7.733281453450519,2.466666666666667
2013-08-30,19:23:19,1.0,6.066614786783854,2.6
2013-08-30,19:28:20,1.0,7.066637674967448,2.533333333333333
2013-08-30,19:33:20,1.0,6.86663309733073,2.466666666666667
2013-08-30,19:38:20,1.0,7.4666086832682295,2.533333333333333
2013-08-30,19:43:20,0.9666666666666668,9.999910990397135,2.533333333333333
2013-08-30,19:48:20,1.4333333333333331,11.466573079427086,100.0
2013-08-30,19:53:20,1.5,17.066523234049477,100.0
2013-08-30,19:58:20,1.5333333333333334,21.0665766398112,100.0
2013-08-30,20:03:20,1.8666666666666665,21.399917602539062,100.0
2013-08-30,20:08:20,1.8666666666666665,24.133237202962242,100.0
2013-08-30,20:13:20,1.5333333333333334,19.53320821126302,100.0
2013-08-30,20:18:20,1.2666666666666666,20.39989471435547,100.0
2013-08-30,20:23:19,1.0,11.799914042154946,2.466666666666667
2013-08-30,20:28:19,1.0,8.733240763346354,2.533333333333333
2013-08-30,20:33:19,1.0,8.26653798421224,2.6
2013-08-30,20:38:19,1.0,8.266550699869791,2.533333333333333
2013-08-30,20:43:19,1.0,8.599929809570312,2.466666666666667
2013-08-30,20:48:19,1.0,7.133216857910156,2.533333333333333
2013-08-30,20:53:19,1.0,7.2666168212890625,2.533333333333333
2013-08-30,20:58:19,1.0,7.199974060058594,2.466666666666667
2013-08-30,21:03:19,1.0,7.666613260904947,2.333333333333333
2013-08-30,21:08:20,1.0,6.466623942057291,2.4
2013-08-30,21:13:20,1.0,8.533287048339844,2.533333333333333
2013-08-30,21:18:20,1.0,7.866617838541666,2.4
2013-08-30,21:23:20,1.0,6.599960327148438,2.466666666666667
2013-08-30,21:28:20,0.9666666666666668,7.7999114990234375,2.6
2013-08-30,21:33:20,1.0,7.1999231974283875,2.466666666666667
2013-08-30,21:38:20,1.0,7.666613260904947,2.533333333333333
2013-08-30,21:43:20,1.0,8.066622416178387,2.4
2013-08-30,21:48:20,1.0,7.53326416015625,2.533333333333333
2013-08-30,21:53:20,1.0,8.8665771484375,2.333333333333333
2013-08-30,21:58:20,0.9333333333333332,8.266563415527344,2.533333333333333
2013-08-30,22:03:20,1.0,8.466567993164062,2.533333333333333
2013-08-30,22:08:20,1.0,7.13330586751302,2.6
2013-08-30,22:13:20,1.0,6.999969482421875,2.466666666666667
2013-08-30,22:18:20,1.0,6.866594950358072,2.466666666666667
2013-08-30,22:23:20,1.0,6.266619364420572,2.4
2013-08-30,22:28:20,1.0,7.133293151855469,2.466666666666667
2013-08-30,22:33:20,1.0,7.933247884114582,2.6
2013-08-30,22:38:20,1.0,8.933245340983072,2.333333333333333
2013-08-30,22:43:20,1.0,7.799873352050782,2.466666666666667
2013-08-30,22:48:20,1.0,8.399887084960938,2.4
2013-08-30,22:53:20,1.0,7.333285013834636,2.333333333333333
2013-08-30,22:58:20,1.0,6.533292134602865,2.466666666666667
2013-08-30,23:03:20,1.0666666666666669,9.533220926920572,100.0
2013-08-30,23:08:20,1.0,10.333226521809896,2.4
2013-08-30,23:13:20,1.0,11.733220418294273,2.4
2013-08-30,23:18:20,1.0,8.066584269205729,2.466666666666667
2013-08-30,23:23:20,1.0,9.599876403808594,2.333333333333333
2013-08-30,23:28:20,1.0,7.733256022135417,2.4
2013-08-30,23:33:20,0.9666666666666668,7.1999359130859375,2.333333333333333
2013-08-30,23:38:20,0.9666666666666668,6.066614786783854,2.4
2013-08-30,23:43:20,1.0,6.266619364420572,2.333333333333333
2013-08-30,23:48:20,1.2333333333333334,7.066612243652344,100.0
2013-08-30,23:53:20,1.5333333333333334,15.26655832926432,100.0
2013-08-30,23:58:20,1.5666666666666669,16.333211263020832,100.0
2013-08-31,00:03:20,2.0666666666666664,19.06658172607422,100.0
2013-08-31,00:08:21,1.8,27.199948628743492,100.0
2013-08-31,00:13:21,1.5666666666666669,19.599876403808594,100.0
2013-08-31,00:18:21,1.5,16.799888610839844,100.0
2013-08-31,00:23:21,1.0,11.06658935546875,2.466666666666667
2013-08-31,00:28:21,1.0,7.333272298177083,2.2666666666666666
2013-08-31,00:33:21,1.0,8.266614278157553,2.333333333333333
2013-08-31,00:38:21,1.0,8.999900817871094,2.4
2013-08-31,00:43:21,1.0,8.199907938639322,2.333333333333333
2013-08-31,00:48:21,1.0,6.999956766764324,2.333333333333333
2013-08-31,00:53:21,1.0,7.733294169108072,2.333333333333333
2013-08-31,00:58:21,1.0,7.13330586751302,2.466666666666667
2013-08-31,01:03:21,1.0666666666666669,10.199851989746094,100.0
2013-08-31,01:08:21,1.0,8.133252461751301,2.333333333333333
2013-08-31,01:13:21,1.0,8.066584269205729,2.333333333333333
2013-08-31,01:18:21,1.0,7.866566975911458,2.333333333333333
2013-08-31,01:23:21,1.0,7.866579691569011,2.4
2013-08-31,01:28:21,1.0,7.1999359130859375,2.466666666666667
2013-08-31,01:33:21,2.3,10.666580200195312,10.333333333333334
2013-08-31,01:38:21,1.0,16.599884033203125,3.6666666666666665
2013-08-31,01:43:21,1.0,9.199867248535156,2.4
2013-08-31,01:48:21,1.2333333333333334,13.199920654296877,100.0
2013-08-31,01:53:21,1.5,15.199928283691404,100.0
2013-08-31,01:58:22,1.5,18.399925231933594,100.0
2013-08-31,02:03:22,2.333333333333333,18.799896240234375,100.0
2013-08-31,02:08:22,2.1333333333333333,26.999893188476566,100.0
2013-08-31,02:13:22,2.0,20.19989013671875,100.0
2013-08-31,02:18:22,1.7666666666666666,15.199928283691404,100.0
2013-08-31,02:23:22,1.0,10.599861145019531,2.466666666666667
2013-08-31,02:28:22,1.0,8.799896240234375,2.466666666666667
2013-08-31,02:33:22,1.0,6.799964904785156,2.333333333333333
2013-08-31,02:38:22,1.0,8.53326161702474,2.4
2013-08-31,02:43:22,1.0,9.999885559082031,2.4
2013-08-31,02:48:22,1.0,8.99993896484375,2.333333333333333
2013-08-31,02:53:22,1.0,10.199928283691406,2.333333333333333
2013-08-31,02:58:22,1.0,9.333216349283854,2.466666666666667
2013-08-31,03:03:22,1.0,9.399909973144531,2.466666666666667
2013-08-31,03:08:22,1.0,8.866539001464844,2.4
2013-08-31,03:13:22,1.0,7.7999114990234375,2.4
2013-08-31,03:18:22,1.0,8.066609700520834,2.333333333333333
2013-08-31,03:23:22,1.0,7.4666086832682295,2.4
2013-08-31,03:28:22,1.0,8.599891662597656,2.466666666666667
2013-08-31,03:33:22,1.0,7.599945068359375,2.333333333333333
2013-08-31,03:38:22,1.0,6.399955749511718,2.4
2013-08-31,03:43:22,1.0,8.399899800618488,2.333333333333333
2013-08-31,03:48:22,1.0,9.666557312011719,2.333333333333333
2013-08-31,03:53:22,1.0,8.599967956542969,2.333333333333333
2013-08-31,03:58:22,1.4333333333333331,7.1999359130859375,100.0
2013-08-31,04:03:22,2.0,7.399915059407553,100.0
2013-08-31,04:08:22,2.0,7.599906921386719,100.0
2013-08-31,04:13:22,1.7333333333333334,9.066556294759115,100.0
2013-08-31,04:18:22,1.0,10.79986572265625,2.533333333333333
2013-08-31,04:23:22,1.0,7.93328603108724,2.4
2013-08-31,04:28:22,1.0,7.599945068359375,2.4
2013-08-31,04:33:22,1.0,7.733281453450519,2.4
2013-08-31,04:38:22,1.0,8.399925231933594,2.333333333333333
2013-08-31,04:43:22,1.0,6.799926757812499,2.4
2013-08-31,04:48:22,1.0,5.733273824055988,2.4
2013-08-31,04:53:23,1.0,7.7999114990234375,2.466666666666667
2013-08-31,04:58:23,1.0,7.93322245279948,2.333333333333333
2013-08-31,05:03:23,1.0,6.799926757812499,2.4
2013-08-31,05:08:23,1.0,6.733296712239584,2.333333333333333
2013-08-31,05:13:23,1.0,8.066622416178387,2.4
2013-08-31,05:18:23,1.0,7.799924214680988,2.333333333333333
2013-08-31,05:23:23,1.0,7.799936930338541,2.466666666666667
2013-08-31,05:28:22,1.0,7.7999114990234375,2.4
2013-08-31,05:33:22,1.0,5.999946594238281,2.333333333333333
2013-08-31,05:38:22,1.0,6.86663309733073,2.4
2013-08-31,05:43:22,1.0,8.133214314778646,2.4
2013-08-31,05:48:22,1.0,6.799964904785156,2.333333333333333
2013-08-31,05:53:22,1.0,8.399887084960938,2.4
2013-08-31,05:58:22,1.1,8.999900817871094,2.466666666666667
2013-08-31,06:03:22,1.0,6.066614786783854,2.333333333333333
2013-08-31,06:08:22,1.0,7.333208719889322,2.4
2013-08-31,06:13:22,1.0,8.666547139485676,2.466666666666667
2013-08-31,06:18:22,1.0,7.399978637695312,2.4
2013-08-31,06:23:22,1.0,7.06658681233724,2.333333333333333
2013-08-31,06:28:22,1.0,9.466540018717447,2.4
2013-08-31,06:33:22,1.0,7.3333104451497375,2.4
2013-08-31,06:38:22,1.0,7.999916076660156,2.4
2013-08-31,06:43:22,1.0,6.999969482421875,2.333333333333333
2013-08-31,06:48:23,1.0,6.266619364420572,2.333333333333333
2013-08-31,06:53:23,0.9666666666666668,8.533236185709635,2.4
2013-08-31,06:58:23,1.0,9.866549173990885,2.466666666666667
2013-08-31,07:03:23,1.1,8.866564432779947,100.0
2013-08-31,07:08:23,1.0,8.066596984863281,2.333333333333333
2013-08-31,07:13:23,1.0,8.733228047688803,2.466666666666667
2013-08-31,07:18:23,2.8,14.06659444173177,2.466666666666667
2013-08-31,07:23:23,1.0,32.06658681233724,2.466666666666667
2013-08-31,07:28:23,1.0,19.06653086344401,2.4
2013-08-31,07:33:23,1.0,13.199907938639324,2.333333333333333
2013-08-31,07:38:23,1.0,8.53326161702474,2.466666666666667
2013-08-31,07:43:23,1.0,7.866579691569011,2.466666666666667
2013-08-31,07:48:23,1.0,7.399940490722656,30.466666666666665
2013-08-31,07:53:23,1.4666666666666666,11.533190409342446,100.0
2013-08-31,07:58:23,1.5,19.733212788899742,100.0
2013-08-31,08:03:23,1.9,17.9998779296875,100.0
2013-08-31,08:08:23,1.8,27.133229573567714,100.0
2013-08-31,08:13:23,1.5666666666666669,20.799903869628906,100.0
2013-08-31,08:18:23,1.6,17.066561381022133,100.0
2013-08-31,08:23:23,1.1666666666666667,15.799929300944008,100.0
2013-08-31,08:28:23,1.0,9.999847412109375,2.4
2013-08-31,08:33:23,1.0,7.66656239827474,2.333333333333333
2013-08-31,08:38:23,0.9666666666666668,7.06658681233724,2.333333333333333
2013-08-31,08:43:23,1.0,7.333246866861981,2.466666666666667
2013-08-31,08:48:23,1.0,9.599876403808594,2.333333333333333
2013-08-31,08:53:23,1.0,9.933179219563803,2.333333333333333
2013-08-31,08:58:23,1.0,6.399943033854166,2.333333333333333
2013-08-31,09:03:23,1.0,7.333272298177083,2.4
2013-08-31,09:08:23,1.0,8.866526285807291,2.4
2013-08-31,09:13:24,1.0,7.266642252604166,2.333333333333333
2013-08-31,09:18:24,1.0,7.066637674967448,2.333333333333333
2013-08-31,09:23:24,1.0,7.733294169108072,2.333333333333333
2013-08-31,09:28:24,1.0,8.13323974609375,2.466666666666667
2013-08-31,09:33:24,1.0,8.199869791666668,2.333333333333333
2013-08-31,09:38:24,0.9666666666666668,6.933301289876302,2.333333333333333
2013-08-31,09:43:24,1.0,6.933301289876302,2.333333333333333
2013-08-31,09:48:24,1.0,8.266626993815105,2.333333333333333
2013-08-31,09:53:24,1.0,7.799898783365887,2.333333333333333
2013-08-31,09:58:24,1.0,7.533276875813801,2.333333333333333
2013-08-31,10:03:24,1.0,7.599983215332032,2.333333333333333
2013-08-31,10:08:24,1.0,6.799964904785156,2.333333333333333
2013-08-31,10:13:24,0.9666666666666668,8.066546122233074,2.4
2013-08-31,10:18:24,1.0,8.13323974609375,2.4
2013-08-31,10:23:24,1.0,7.066599527994794,2.333333333333333
2013-08-31,10:28:24,1.0,7.8666051228841125,2.333333333333333
2013-08-31,10:33:24,1.0,5.599937438964844,2.333333333333333
2013-08-31,10:38:24,1.0,7.066637674967448,2.333333333333333
2013-08-31,10:43:24,1.0,7.99994150797526,2.4
2013-08-31,10:48:24,1.0,8.066584269205729,2.4
2013-08-31,10:53:24,1.0,6.999944051106771,2.333333333333333
2013-08-31,10:58:24,1.0,7.933260599772135,2.333333333333333
2013-08-31,11:03:24,1.0666666666666669,8.266588846842447,100.0
2013-08-31,11:08:24,1.0,8.933258056640625,2.333333333333333
2013-08-31,11:13:24,1.0,6.533279418945312,2.333333333333333
2013-08-31,11:18:24,1.0,7.066637674967448,2.333333333333333
2013-08-31,11:23:24,1.0,7.666587829589844,2.333333333333333
2013-08-31,11:28:24,1.0,9.466527303059896,2.4
2013-08-31,11:33:24,1.0,7.7999114990234375,2.333333333333333
2013-08-31,11:38:24,1.0,7.66656239827474,2.4
2013-08-31,11:43:24,1.0,8.133227030436197,2.333333333333333
2013-08-31,11:48:25,1.0,6.733296712239584,2.333333333333333
2013-08-31,11:53:25,1.5666666666666669,14.599889119466145,100.0
2013-08-31,11:58:25,1.6666666666666663,18.19988250732422,100.0
2013-08-31,12:03:25,1.9333333333333331,20.666567484537758,100.0
2013-08-31,12:08:25,1.9666666666666663,24.466578165690102,100.0
2013-08-31,12:13:25,1.5,19.399871826171875,100.0
2013-08-31,12:18:25,1.5333333333333334,18.466517130533855,100.0
2013-08-31,12:23:25,1.2,18.466580708821613,100.0
2013-08-31,12:28:25,1.0,10.9332275390625,2.333333333333333
2013-08-31,12:33:25,1.0,8.399925231933594,2.333333333333333
2013-08-31,12:38:25,1.0,8.799845377604166,2.333333333333333
2013-08-31,12:43:25,1.0,7.066599527994794,2.466666666666667
2013-08-31,12:48:25,1.0,7.9998779296875,2.533333333333333
2013-08-31,12:53:25,1.0,8.399899800618488,2.533333333333333
2013-08-31,12:58:25,1.0,8.2666015625,2.6
2013-08-31,13:03:25,1.0,8.53326161702474,2.466666666666667
2013-08-31,13:08:25,1.0,7.466621398925781,2.533333333333333
2013-08-31,13:13:25,1.0,8.866602579752604,2.6666666666666665
2013-08-31,13:18:25,1.0,7.999966939290365,2.6
2013-08-31,13:23:25,1.0,7.399978637695312,2.4
2013-08-31,13:28:25,1.0,7.266642252604166,2.533333333333333
2013-08-31,13:33:25,1.0,7.399978637695312,2.6666666666666665
2013-08-31,13:38:25,1.0,8.266550699869791,2.6
2013-08-31,13:43:25,1.0,7.266604105631512,2.6
2013-08-31,13:48:25,1.0,7.133267720540365,2.6
2013-08-31,13:53:25,1.0,7.933247884114582,2.6666666666666665
2013-08-31,13:58:26,1.0,8.066622416178387,2.533333333333333
2013-08-31,14:03:26,1.0,8.466529846191406,2.4
2013-08-31,14:08:26,1.0,7.599945068359375,2.333333333333333
2013-08-31,14:13:26,1.0,7.666600545247395,2.466666666666667
2013-08-31,14:18:26,1.0,6.866594950358072,2.533333333333333
2013-08-31,14:23:26,1.0,8.733228047688803,2.333333333333333
2013-08-31,14:28:26,1.0,9.066581726074219,2.533333333333333
2013-08-31,14:33:25,1.0,7.333246866861981,2.4
2013-08-31,14:38:25,1.0,7.866617838541666,2.6
2013-08-31,14:43:25,1.0,6.6666285196940125,2.6
2013-08-31,14:48:25,1.0,8.933283487955729,2.6
2013-08-31,14:53:25,1.0,8.266626993815105,2.6
2013-08-31,14:58:25,1.0,7.53326416015625,2.6666666666666665
2013-08-31,15:03:25,1.1,10.066566467285156,100.0
2013-08-31,15:08:25,1.0,8.399912516276041,2.4
2013-08-31,15:13:25,1.0,7.3333104451497375,2.4
2013-08-31,15:18:25,1.0,7.399940490722656,2.333333333333333
2013-08-31,15:23:25,1.0,10.466524759928383,2.4
2013-08-31,15:28:25,1.0,11.799888610839844,2.466666666666667
2013-08-31,15:33:25,1.0,7.8665924072265625,2.333333333333333
2013-08-31,15:38:25,1.0,5.866610209147137,2.4
2013-08-31,15:43:25,1.0,6.466623942057291,2.4
2013-08-31,15:48:26,1.0,7.466646830240885,2.466666666666667
2013-08-31,15:53:26,1.4333333333333331,12.39985148111979,100.0
2013-08-31,15:58:26,1.5,18.26655069986979,100.0
2013-08-31,16:03:26,1.5333333333333334,19.799880981445312,100.0
2013-08-31,16:08:26,2.2333333333333334,27.59994506835938,100.0
2013-08-31,16:13:26,1.5,21.0665766398112,100.0
2013-08-31,16:18:26,1.6333333333333335,18.266512552897133,100.0
2013-08-31,16:23:26,1.2666666666666666,17.399864196777344,100.0
2013-08-31,16:28:26,1.0,11.533215840657554,2.466666666666667
2013-08-31,16:33:26,1.0,7.733256022135417,2.4
2013-08-31,16:38:26,1.0,6.666615804036459,2.533333333333333
2013-08-31,16:43:26,1.0,6.999944051106771,2.4
2013-08-31,16:48:26,1.0,8.733202616373697,2.333333333333333
2013-08-31,16:53:26,1.0,8.199971516927084,2.4
2013-08-31,16:58:26,1.0,6.999969482421875,2.333333333333333
2013-08-31,17:03:26,1.0,6.333287556966144,2.333333333333333
2013-08-31,17:08:26,1.0,7.066561381022135,2.333333333333333
2013-08-31,17:13:26,1.0,6.999969482421875,2.333333333333333
2013-08-31,17:18:26,1.0,6.599960327148438,2.333333333333333
2013-08-31,17:23:26,1.0,7.3333104451497375,2.333333333333333
2013-08-31,17:28:26,1.0,7.53326416015625,2.4
2013-08-31,17:33:26,1.0,6.399930318196613,2.333333333333333
2013-08-31,17:38:26,1.0,7.066637674967448,2.333333333333333
2013-08-31,17:43:27,1.0,6.933301289876302,2.4
2013-08-31,17:48:26,1.0,7.066637674967448,2.333333333333333
2013-08-31,17:53:26,1.0,6.466623942057291,2.333333333333333
2013-08-31,17:58:26,1.0,7.599957784016925,2.333333333333333
2013-08-31,18:03:26,1.0,8.066558837890625,2.4
2013-08-31,18:08:26,1.0,9.199867248535156,2.333333333333333
2013-08-31,18:13:27,1.0,7.333246866861981,2.333333333333333
2013-08-31,18:18:27,1.0,8.799858093261719,2.333333333333333
2013-08-31,18:23:27,0.9666666666666668,8.399848937988281,2.333333333333333
2013-08-31,18:28:27,1.0,7.933273315429687,2.4
2013-08-31,18:33:27,1.0,7.599945068359375,2.4
2013-08-31,18:38:27,1.0,5.999946594238281,2.333333333333333
2013-08-31,18:43:27,0.9666666666666668,7.866541544596356,2.333333333333333
2013-08-31,18:48:27,1.0,8.466593424479168,2.333333333333333
2013-08-31,18:53:27,1.0,7.266642252604166,2.333333333333333
2013-08-31,18:58:27,1.0,8.799934387207031,2.333333333333333
2013-08-31,19:03:27,1.0333333333333332,10.799878438313804,100.0
2013-08-31,19:08:27,1.0,10.19989013671875,2.333333333333333
2013-08-31,19:13:27,1.0,8.133290608723959,2.333333333333333
2013-08-31,19:18:27,1.0,10.133221944173178,2.4
2013-08-31,19:23:27,1.0,8.599891662597656,2.333333333333333
2013-08-31,19:28:27,1.0,7.866617838541666,2.333333333333333
2013-08-31,19:33:27,0.9666666666666668,6.399955749511718,2.4
2013-08-31,19:38:27,1.0,7.533302307128905,2.333333333333333
2013-08-31,19:43:27,1.0,9.399871826171875,2.333333333333333
2013-08-31,19:48:27,1.0,7.399978637695312,43.2
2013-08-31,19:53:27,1.4666666666666666,11.399917602539062,100.0
2013-08-31,19:58:27,1.5,17.399940490722656,100.0
2013-08-31,20:03:27,2.0,21.399917602539062,100.0
2013-08-31,20:08:27,1.9,24.999923706054688,100.0
2013-08-31,20:13:27,1.6,20.99987030029297,100.0
2013-08-31,20:18:27,1.5,18.599853515625,100.0
2013-08-31,20:23:27,1.1666666666666667,18.599891662597656,100.0
2013-08-31,20:28:27,0.9666666666666668,10.999870300292969,2.4
2013-08-31,20:33:27,1.0,7.999954223632813,2.333333333333333
2013-08-31,20:38:27,1.0,7.666575113932293,2.333333333333333
2013-08-31,20:43:27,1.0,8.599891662597656,2.333333333333333
2013-08-31,20:48:27,1.0,7.7999114990234375,2.4
2013-08-31,20:53:27,1.0,6.3999176025390625,2.6
2013-08-31,20:58:27,1.0,6.6666285196940125,2.466666666666667
2013-08-31,21:03:27,1.0,7.06658681233724,2.533333333333333
2013-08-31,21:08:27,1.0,8.399887084960938,2.533333333333333
2013-08-31,21:13:27,1.0,6.399955749511718,2.4
2013-08-31,21:18:27,1.0,9.533233642578125,2.333333333333333
2013-08-31,21:23:27,1.0,10.933214823404946,2.533333333333333
2013-08-31,21:28:27,1.0,9.799842834472656,2.333333333333333
2013-08-31,21:33:28,1.0,8.799858093261719,2.2666666666666666
2013-08-31,21:38:28,1.0,8.533198038736979,2.333333333333333
2013-08-31,21:43:28,1.0,6.99993133544922,2.333333333333333
2013-08-31,21:48:28,1.0,7.399978637695312,2.333333333333333
2013-08-31,21:53:28,1.0,7.1999359130859375,2.333333333333333
2013-08-31,21:58:28,1.0,6.99993133544922,2.333333333333333
2013-08-31,22:03:28,1.0,7.1999359130859375,2.333333333333333
2013-08-31,22:08:28,1.0,7.399902343750001,2.333333333333333
2013-08-31,22:13:28,1.0,7.133267720540365,2.4
2013-08-31,22:18:28,1.0,8.933270772298176,2.333333333333333
2013-08-31,22:23:28,1.0,8.866602579752604,2.333333333333333
2013-08-31,22:28:28,1.0,8.799934387207031,2.4
2013-08-31,22:33:28,1.0,6.799964904785156,2.333333333333333
2013-08-31,22:38:28,1.0,8.199882507324219,2.333333333333333
2013-08-31,22:43:28,1.0,8.599891662597656,2.333333333333333
2013-08-31,22:48:28,1.0,6.599960327148438,2.333333333333333
2013-08-31,22:53:28,1.0,7.19989776611328,2.333333333333333
2013-08-31,22:58:28,1.0,8.399887084960938,2.333333333333333
2013-08-31,23:03:28,1.1,8.599891662597656,100.0
2013-08-31,23:08:28,1.0,7.599945068359375,2.333333333333333
2013-08-31,23:13:28,1.0,6.999956766764324,2.333333333333333
2013-08-31,23:18:28,1.0,9.999847412109375,2.333333333333333
2013-08-31,23:23:28,1.0,8.599853515625,2.333333333333333
2013-08-31,23:28:28,1.0,8.466593424479168,2.333333333333333
2013-08-31,23:33:28,1.0,8.199920654296875,2.333333333333333
2013-08-31,23:38:28,1.0,6.599960327148438,2.466666666666667
2013-08-31,23:43:28,1.0,7.599945068359375,2.2666666666666666
2013-08-31,23:48:28,1.0666666666666669,8.199920654296875,100.0
2013-08-31,23:53:28,1.5333333333333334,14.333241780598957,100.0
2013-08-31,23:58:28,1.7666666666666666,17.599868774414062,100.0
2013-09-01,00:03:28,2.033333333333333,17.066561381022133,100.0
2013-09-01,00:08:28,1.6666666666666663,26.26654307047527,100.0
2013-09-01,00:13:28,1.5,20.999908447265625,100.0
2013-09-01,00:18:28,1.7,19.13323720296224,100.0
2013-09-01,00:23:28,1.0666666666666669,17.06658681233724,85.73333333333333
2013-09-01,00:28:28,1.0,10.466524759928383,2.333333333333333
2013-09-01,00:33:28,1.0,8.333244323730469,2.333333333333333
2013-09-01,00:38:28,1.0,7.733319600423178,2.333333333333333
2013-09-01,00:43:28,1.0,8.266588846842447,2.333333333333333
2013-09-01,00:48:28,1.0,8.066609700520834,2.333333333333333
2013-09-01,00:53:28,1.0,8.666559855143227,2.333333333333333
2013-09-01,00:58:28,1.0,7.533276875813801,2.333333333333333
2013-09-01,01:03:28,1.1,10.399881998697916,100.0
2013-09-01,01:08:28,1.0,8.799908955891928,2.333333333333333
2013-09-01,01:13:28,1.2666666666666666,8.799921671549479,2.4
2013-09-01,01:18:28,1.0,10.733210245768229,2.333333333333333
2013-09-01,01:23:28,1.0,9.19989267985026,2.4
2013-09-01,01:28:28,1.0,9.66657002766927,2.333333333333333
2013-09-01,01:33:28,2.2,10.799942016601562,10.2
2013-09-01,01:38:28,1.0,19.599939982096352,3.733333333333333
2013-09-01,01:43:28,1.0,9.79986826578776,2.333333333333333
2013-09-01,01:48:29,1.1333333333333333,9.733174641927084,100.0
2013-09-01,01:53:29,1.6333333333333335,15.266596476236977,100.0
2013-09-01,01:58:29,1.6,17.199834187825523,100.0
2013-09-01,02:03:29,2.466666666666667,19.799855550130207,100.0
2013-09-01,02:08:29,2.1,27.46659596761068,100.0
2013-09-01,02:13:29,2.0,19.266535441080727,100.0
2013-09-01,02:18:29,1.9666666666666663,20.599937438964844,100.0
2013-09-01,02:23:29,1.0333333333333332,15.066579182942707,2.333333333333333
2013-09-01,02:28:29,2.6,32.133216857910156,2.4
2013-09-01,02:33:29,1.0,18.399899800618485,2.333333333333333
2013-09-01,02:38:29,1.0333333333333332,11.666552225748696,2.4
2013-09-01,02:43:29,1.0,8.999888102213541,2.4
2013-09-01,02:48:29,1.0,7.4666086832682295,2.333333333333333
2013-09-01,02:53:29,1.0,8.333257039388021,2.4
2013-09-01,02:58:29,1.0,10.466562906901041,2.333333333333333
2013-09-01,03:03:29,1.0,9.066569010416666,2.333333333333333
2013-09-01,03:08:29,1.0,9.466527303059896,2.333333333333333
2013-09-01,03:13:29,1.0,8.266614278157553,2.333333333333333
2013-09-01,03:18:29,1.0,7.666651407877606,2.333333333333333
2013-09-01,03:23:29,1.0,8.133265177408854,2.4
2013-09-01,03:28:29,1.0,7.399915059407553,2.333333333333333
2013-09-01,03:33:29,1.0,8.266588846842447,2.333333333333333
2013-09-01,03:38:29,1.0,6.666603088378905,2.333333333333333
2013-09-01,03:43:29,1.0,7.066612243652344,2.333333333333333
2013-09-01,03:48:29,1.0,7.866617838541666,2.4
2013-09-01,03:53:29,1.0,9.133262634277344,2.333333333333333
2013-09-01,03:58:29,1.5333333333333334,9.399935404459633,100.0
2013-09-01,04:03:29,2.0,17.533213297526043,100.0
2013-09-01,04:08:29,1.9666666666666663,19.06658172607422,100.0
2013-09-01,04:13:29,1.7333333333333334,19.99988555908203,100.0
2013-09-01,04:18:30,1.0,13.066558837890623,2.333333333333333
2013-09-01,04:23:30,1.0,7.599932352701823,2.333333333333333
2013-09-01,04:28:30,1.0,9.466590881347656,2.333333333333333
2013-09-01,04:33:30,1.0,8.733304341634113,2.333333333333333
2013-09-01,04:38:30,1.0,7.866617838541666,2.333333333333333
2013-09-01,04:43:30,1.0,8.133265177408854,2.333333333333333
2013-09-01,04:48:30,1.0,7.933247884114582,2.333333333333333
2013-09-01,04:53:30,1.0333333333333332,7.99994150797526,2.4
2013-09-01,04:58:30,1.0,7.466621398925781,2.333333333333333
2013-09-01,05:03:30,1.0,6.266619364420572,2.333333333333333
2013-09-01,05:08:30,1.0,5.999946594238281,2.4
2013-09-01,05:13:30,1.0,7.99994150797526,2.333333333333333
2013-09-01,05:18:30,1.0,7.666587829589844,2.333333333333333
2013-09-01,05:23:30,1.0,6.799901326497395,2.4
2013-09-01,05:28:30,1.0,6.733258565266925,2.333333333333333
2013-09-01,05:33:30,1.0,9.266535441080729,2.333333333333333
2013-09-01,05:38:30,1.0,9.599889119466145,2.333333333333333
2013-09-01,05:43:30,1.0,7.733281453450519,2.333333333333333
2013-09-01,05:48:30,1.0,6.333287556966144,2.333333333333333
2013-09-01,05:53:30,1.0,7.266604105631512,2.4
2013-09-01,05:58:30,1.0,7.799898783365887,2.4
2013-09-01,06:03:30,1.0,7.399915059407553,2.333333333333333
2013-09-01,06:08:30,1.0,7.799936930338541,2.333333333333333
2013-09-01,06:13:30,1.0,7.733243306477864,2.333333333333333
2013-09-01,06:18:30,1.0,7.533226013183595,2.533333333333333
2013-09-01,06:23:30,1.0,8.933245340983072,2.333333333333333
2013-09-01,06:28:30,1.0,7.666575113932293,2.333333333333333
2013-09-01,06:33:30,1.0,7.7332305908203125,2.466666666666667
2013-09-01,06:38:31,1.0,8.133252461751301,2.4
2013-09-01,06:43:31,1.0,8.199933369954428,2.466666666666667
2013-09-01,06:48:31,1.0,5.7999420166015625,2.466666666666667
2013-09-01,06:53:31,1.0,6.333287556966144,2.533333333333333
2013-09-01,06:58:31,1.0,8.866564432779947,2.533333333333333
2013-09-01,07:03:31,1.1,11.13325754801432,100.0
2013-09-01,07:08:31,1.0,9.266522725423178,2.4
2013-09-01,07:13:31,1.0,7.399915059407553,2.6666666666666665
2013-09-01,07:18:31,1.0,7.066599527994794,2.466666666666667
2013-09-01,07:23:31,1.0,7.7999114990234375,2.4
2013-09-01,07:28:31,1.0,7.533315022786459,2.533333333333333
2013-09-01,07:33:31,1.0,6.466623942057291,2.466666666666667
2013-09-01,07:38:31,1.0,9.533259073893227,2.6
2013-09-01,07:43:31,1.0,8.599929809570312,2.6
2013-09-01,07:48:31,1.1333333333333333,6.933263142903646,100.0
2013-09-01,07:53:31,1.5,12.666587829589842,100.0
2013-09-01,07:58:31,1.5,19.199905395507812,100.0
2013-09-01,08:03:31,1.9,22.19992319742839,100.0
2013-09-01,08:08:31,1.7666666666666666,27.59990692138672,100.0
2013-09-01,08:13:31,1.6666666666666663,19.199867248535156,100.0
2013-09-01,08:18:31,1.5666666666666669,18.599853515625,100.0
2013-09-01,08:23:31,1.0,13.133227030436196,2.6666666666666665
2013-09-01,08:28:31,1.0,8.599942525227865,2.533333333333333
2013-09-01,08:33:31,1.0,9.866587320963541,2.333333333333333
2013-09-01,08:38:32,1.0,9.999923706054688,2.533333333333333
2013-09-01,08:43:31,1.0,7.466646830240885,2.533333333333333
2013-09-01,08:48:31,1.0,7.19989776611328,2.6
2013-09-01,08:53:31,1.0,6.6666285196940125,2.533333333333333
2013-09-01,08:58:31,1.0,7.066637674967448,2.6
2013-09-01,09:03:31,1.0,5.933278401692709,2.533333333333333
2013-09-01,09:08:31,1.0,6.799914042154947,2.466666666666667
2013-09-01,09:13:31,1.0,7.599906921386719,2.6
2013-09-01,09:18:31,1.0,6.533253987630207,2.533333333333333
2013-09-01,09:23:31,1.0,7.53326416015625,2.6
2013-09-01,09:28:31,1.0,8.999900817871094,2.6
2013-09-01,09:33:31,1.0,7.399978637695312,2.6
2013-09-01,09:38:31,1.0,7.599906921386719,2.6
2013-09-01,09:43:31,1.0,8.066622416178387,2.466666666666667
2013-09-01,09:48:31,1.0,8.199920654296875,2.533333333333333
2013-09-01,09:53:31,1.0,8.333257039388021,2.533333333333333
2013-09-01,09:58:31,1.0,7.999916076660156,2.4
2013-09-01,10:03:31,1.0,8.599929809570312,2.4
2013-09-01,10:08:32,1.0,7.7999114990234375,2.333333333333333
2013-09-01,10:13:32,1.0,6.199951171875,2.333333333333333
2013-09-01,10:18:32,1.0,6.999969482421875,2.4
2013-09-01,10:23:32,1.0,7.999954223632813,2.4
2013-09-01,10:28:32,0.9666666666666668,9.399909973144531,2.4
2013-09-01,10:33:32,1.0,8.399899800618488,2.333333333333333
2013-09-01,10:38:32,1.0,8.199907938639322,2.4
2013-09-01,10:43:32,1.0,6.9998931884765625,2.333333333333333
2013-09-01,10:48:32,1.0,6.933301289876302,2.333333333333333
2013-09-01,10:53:32,1.0,8.599929809570312,2.333333333333333
2013-09-01,10:58:32,1.0,9.399859110514322,2.333333333333333
2013-09-01,11:03:32,1.1,9.199905395507812,100.0
2013-09-01,11:08:32,1.0,7.533315022786459,2.333333333333333
2013-09-01,11:13:32,1.0,6.799964904785156,2.333333333333333
2013-09-01,11:18:32,1.0,7.3333104451497375,2.333333333333333
2013-09-01,11:23:32,1.0,8.066584269205729,2.333333333333333
2013-09-01,11:28:32,1.0,7.1999359130859375,2.4
2013-09-01,11:33:32,1.0,7.466570536295575,2.333333333333333
2013-09-01,11:38:32,1.0,7.599945068359375,2.333333333333333
2013-09-01,11:43:32,1.0,6.99993133544922,2.333333333333333
2013-09-01,11:48:32,1.3666666666666665,11.199874877929688,100.0
2013-09-01,11:53:32,1.5,16.59992218017578,100.0
2013-09-01,11:58:32,1.5,20.19989013671875,100.0
2013-09-01,12:03:32,1.5,18.399887084960938,100.0
2013-09-01,12:08:32,2.1666666666666665,25.13322194417318,100.0
2013-09-01,12:13:32,1.5333333333333334,20.399881998697914,100.0
2013-09-01,12:18:32,1.3666666666666665,15.733235677083332,100.0
2013-09-01,12:23:33,1.0,9.799880981445312,2.333333333333333
2013-09-01,12:28:33,1.0,9.799880981445312,2.333333333333333
2013-09-01,12:33:33,1.0,7.999916076660156,2.4
2013-09-01,12:38:33,1.0,8.266614278157553,2.4
2013-09-01,12:43:33,1.0,9.799880981445312,2.333333333333333
2013-09-01,12:48:33,1.0,7.3333104451497375,2.333333333333333
2013-09-01,12:53:33,1.0,6.99993133544922,2.333333333333333
2013-09-01,12:58:33,1.0,8.199920654296875,2.333333333333333
2013-09-01,13:03:33,1.0,8.399887084960938,2.333333333333333
2013-09-01,13:08:33,1.0,6.866620381673178,2.4
2013-09-01,13:13:33,0.9666666666666668,7.733268737792969,2.333333333333333
2013-09-01,13:18:33,1.0,9.399909973144531,2.333333333333333
2013-09-01,13:23:33,1.0,6.599922180175781,2.333333333333333
2013-09-01,13:28:33,1.0,6.3999176025390625,2.333333333333333
2013-09-01,13:33:33,1.0,7.19989776611328,2.333333333333333
2013-09-01,13:38:33,1.0,6.999956766764324,2.333333333333333
2013-09-01,13:43:33,0.9666666666666668,6.133282979329426,2.4
2013-09-01,13:48:33,1.0,7.333272298177083,2.4
2013-09-01,13:53:33,1.0,8.599942525227865,2.333333333333333
2013-09-01,13:58:33,1.0,8.399912516276041,2.333333333333333
2013-09-01,14:03:33,1.0,8.466567993164062,2.333333333333333
2013-09-01,14:08:33,1.0,8.799896240234375,2.4
2013-09-01,14:13:33,1.0,7.733268737792969,2.333333333333333
2013-09-01,14:18:33,1.0,8.866539001464844,2.333333333333333
2013-09-01,14:23:33,1.0,7.93328603108724,2.333333333333333
2013-09-01,14:28:33,1.0,8.733228047688803,2.333333333333333
2013-09-01,14:33:34,1.0,8.13323974609375,2.333333333333333
2013-09-01,14:38:34,1.0,7.799898783365887,2.466666666666667
2013-09-01,14:43:34,1.0,6.733296712239584,2.466666666666667
2013-09-01,14:48:34,1.0,9.333241780598957,2.4
2013-09-01,14:53:34,1.0,8.399912516276041,2.4
2013-09-01,14:58:34,1.0,6.999944051106771,2.6
2013-09-01,15:03:34,1.1,7.399940490722656,100.0
2013-09-01,15:08:34,1.0,6.799952189127606,2.6
2013-09-01,15:13:34,1.0,7.666625976562499,2.4
2013-09-01,15:18:34,1.0,9.133186340332031,2.466666666666667
2013-09-01,15:23:34,1.0,9.399871826171875,2.533333333333333
2013-09-01,15:28:34,1.0,7.66656239827474,2.6
2013-09-01,15:33:34,1.0,7.3333104451497375,2.6666666666666665
2013-09-01,15:38:34,1.0,7.399940490722656,2.466666666666667
2013-09-01,15:43:34,1.0,7.533238728841146,2.533333333333333
2013-09-01,15:48:34,1.1333333333333333,7.06658681233724,100.0
2013-09-01,15:53:34,1.7,14.799919128417969,100.0
2013-09-01,15:58:34,1.5,15.06660461425781,100.0
2013-09-01,16:03:34,1.7666666666666666,19.533246358235672,100.0
2013-09-01,16:08:34,1.9333333333333331,26.399955749511715,100.0
2013-09-01,16:13:34,1.5,20.799903869628906,100.0
2013-09-01,16:18:34,1.6,18.79985809326172,100.0
2013-09-01,16:23:34,1.0,17.06658681233724,2.533333333333333
2013-09-01,16:28:34,1.0,10.399856567382812,2.466666666666667
2013-09-01,16:33:34,1.0,7.3332977294921875,2.533333333333333
2013-09-01,16:38:35,1.0,5.933278401692709,2.4
2013-09-01,16:43:35,1.0,6.399955749511718,2.533333333333333
2013-09-01,16:48:35,1.0,6.599960327148438,2.4
2013-09-01,16:53:35,1.0,8.399925231933594,2.466666666666667
2013-09-01,16:58:35,1.0,8.333218892415363,2.6
2013-09-01,17:03:35,1.0,6.99993133544922,2.466666666666667
2013-09-01,17:08:35,1.0,8.199933369954428,2.4
2013-09-01,17:13:35,1.0,7.799949645996093,2.533333333333333
2013-09-01,17:18:35,1.0,7.533251444498699,2.6
2013-09-01,17:23:35,1.0,7.866579691569011,2.533333333333333
2013-09-01,17:28:35,1.0,8.266626993815105,2.466666666666667
2013-09-01,17:33:35,1.0,9.866549173990885,2.4
2013-09-01,17:38:35,1.0,8.399950663248699,2.4
2013-09-01,17:43:35,1.0,6.6666285196940125,2.533333333333333
2013-09-01,17:48:35,1.0,6.866594950358072,2.6
2013-09-01,17:53:35,1.0,8.99987538655599,2.7333333333333334
2013-09-01,17:58:35,1.0,9.133249918619791,2.4
2013-09-01,18:03:35,1.0,6.799964904785156,2.466666666666667
2013-09-01,18:08:35,1.0,8.399861653645834,2.4
2013-09-01,18:13:35,1.0,7.866579691569011,2.333333333333333
2013-09-01,18:18:35,1.0,7.799924214680988,2.466666666666667
2013-09-01,18:23:35,1.0,6.466623942057291,2.466666666666667
2013-09-01,18:28:35,1.0,7.399953206380207,2.533333333333333
2013-09-01,18:33:35,1.0,7.3332977294921875,2.533333333333333
2013-09-01,18:38:35,1.0,8.79987080891927,2.4
2013-09-01,18:43:35,1.0,7.666587829589844,2.4
2013-09-01,18:48:35,1.0,7.399978637695312,2.333333333333333
2013-09-01,18:53:35,1.0,7.933273315429687,2.4
2013-09-01,18:58:35,1.0,8.199958801269531,2.333333333333333
2013-09-01,19:03:35,1.1,10.333226521809896,100.0
2013-09-01,19:08:35,1.0,11.06653849283854,2.333333333333333
2013-09-01,19:13:35,1.0,8.466567993164062,2.333333333333333
2013-09-01,19:18:35,1.0,8.466580708821615,2.2666666666666666
2013-09-01,19:23:35,1.0,7.799936930338541,2.2666666666666666
2013-09-01,19:28:35,1.0,8.79987080891927,2.2
2013-09-01,19:33:35,1.0,7.399978637695312,2.2
2013-09-01,19:38:35,1.0,7.666600545247395,2.333333333333333
2013-09-01,19:43:35,1.0,8.199907938639322,2.4
2013-09-01,19:48:35,1.0333333333333332,7.93322245279948,100.0
2013-09-01,19:53:35,1.5666666666666669,14.133237202962242,100.0
2013-09-01,19:58:35,1.5666666666666669,18.26653798421224,100.0
2013-09-01,20:03:35,2.1333333333333333,19.266573588053383,100.0
2013-09-01,20:08:35,1.7,27.46660868326823,100.0
2013-09-01,20:13:35,1.6,21.399917602539062,100.0
2013-09-01,20:18:36,3.233333333333333,37.39990234375,100.0
2013-09-01,20:23:36,1.1333333333333333,24.39988454182943,100.0
2013-09-01,20:28:36,1.0,14.533259073893227,2.333333333333333
2013-09-01,20:33:36,1.0,10.13318379720052,2.2666666666666666
2013-09-01,20:38:36,1.0,10.733197530110678,2.333333333333333
2013-09-01,20:43:36,1.0,7.1999359130859375,2.333333333333333
2013-09-01,20:48:36,1.0,8.333269755045574,2.333333333333333
2013-09-01,20:53:36,1.0,8.199920654296875,2.2666666666666666
2013-09-01,20:58:36,1.0,7.93328603108724,2.333333333333333
2013-09-01,21:03:36,1.0,7.7999114990234375,2.2666666666666666
2013-09-01,21:08:36,2.6,9.933191935221354,2.333333333333333
2013-09-01,21:13:36,1.0,8.733266194661459,2.333333333333333
2013-09-01,21:18:36,1.0,7.13330586751302,2.2666666666666666
2013-09-01,21:23:36,1.0,8.533185323079428,2.2
2013-09-01,21:28:36,0.9,8.399887084960938,2.2666666666666666
2013-09-01,21:33:36,1.0,7.933247884114582,2.2
2013-09-01,21:38:36,1.0,9.199841817220051,2.2666666666666666
2013-09-01,21:43:36,1.0,9.399909973144531,2.4
2013-09-01,21:48:36,0.9666666666666668,10.266532897949219,2.2666666666666666
2013-09-01,21:53:36,1.0,10.799878438313804,2.2
2013-09-01,21:58:36,1.0,8.642727988106866,2.2142857142857144
2013-09-01,22:03:36,1.0,8.333231608072916,2.333333333333333
2013-09-01,22:08:36,1.0,6.999969482421875,2.333333333333333
2013-09-01,22:13:36,1.0,7.666613260904947,2.333333333333333
2013-09-01,22:18:36,1.0,8.14277103969029,2.2142857142857144
2013-09-01,22:23:36,1.0,7.9284804207938055,2.2142857142857144
2013-09-01,22:28:36,1.0,9.066556294759115,2.333333333333333
2013-09-01,22:33:37,1.0,9.266560872395834,2.333333333333333
2013-09-01,22:38:37,1.0,8.333269755045574,2.333333333333333
2013-09-01,22:43:37,1.0,8.8665771484375,2.2666666666666666
2013-09-01,22:48:37,1.0,8.73321533203125,2.2
2013-09-01,22:53:37,1.0,7.86663055419922,2.333333333333333
2013-09-01,22:58:37,1.0,9.666544596354166,2.333333333333333
2013-09-01,23:03:37,1.0666666666666669,9.333216349283854,100.0
2013-09-01,23:08:37,1.0,7.333272298177083,2.333333333333333
2013-09-01,23:13:37,0.9666666666666668,8.999926249186197,2.333333333333333
2013-09-01,23:18:37,1.0,9.866511027018229,2.333333333333333
2013-09-01,23:23:37,1.0,9.799880981445312,2.2666666666666666
2013-09-01,23:28:37,1.0,10.466524759928383,2.4
2013-09-01,23:33:37,0.9666666666666668,10.999870300292969,2.2
2013-09-01,23:38:37,1.0,7.999916076660156,2.333333333333333
2013-09-01,23:43:37,1.0,7.199961344401042,2.333333333333333
2013-09-01,23:48:37,1.2,9.799919128417969,100.0
2013-09-01,23:53:37,1.6,13.599891662597658,100.0
2013-09-01,23:58:37,1.5,18.199920654296875,100.0
2013-09-02,00:03:37,2.1666666666666665,16.399943033854164,100.0
2013-09-02,00:08:37,1.6333333333333335,23.599891662597656,100.0
2013-09-02,00:13:37,1.5,18.999862670898438,100.0
2013-09-02,00:18:37,1.5666666666666669,19.399871826171875,100.0
2013-09-02,00:23:37,1.0,14.399871826171875,2.2666666666666666
2013-09-02,00:28:37,1.0,8.399925231933594,2.2666666666666666
2013-09-02,00:33:37,1.0,8.133214314778646,2.333333333333333
2013-09-02,00:38:37,1.0,7.266642252604166,2.333333333333333
2013-09-02,00:43:37,1.0,9.142780303955078,2.2857142857142856
2013-09-02,00:48:38,1.0,9.199867248535156,2.333333333333333
2013-09-02,00:53:38,1.0,7.933273315429687,2.333333333333333
2013-09-02,00:58:38,1.0,8.733240763346354,2.333333333333333
2013-09-02,01:03:38,1.0666666666666669,10.399894714355469,100.0
2013-09-02,01:08:38,1.0,7.399940490722656,2.333333333333333
2013-09-02,01:13:38,1.0,8.199920654296875,2.333333333333333
2013-09-02,01:18:38,1.0,8.133303324381512,2.2
2013-09-02,01:23:38,1.0,9.59991455078125,2.333333333333333
2013-09-02,01:28:38,1.0,5.999946594238281,2.2666666666666666
2013-09-02,01:33:38,2.1333333333333333,9.199943542480469,10.266666666666667
2013-09-02,01:38:38,1.0,15.071310315813335,3.571428571428572
2013-09-02,01:43:38,1.0,9.599838256835938,2.333333333333333
2013-09-02,01:48:38,1.3666666666666665,10.999908447265625,100.0
2013-09-02,01:53:38,1.5,15.399894714355469,100.0
2013-09-02,01:58:38,1.5,19.357013702392578,100.0
2013-09-02,02:03:38,2.6,20.466550191243492,100.0
2013-09-02,02:08:38,2.1333333333333333,27.39990234375,100.0
2013-09-02,02:13:38,1.9333333333333331,20.39989471435547,100.0
2013-09-02,02:18:38,1.5,19.399871826171875,100.0
2013-09-02,02:23:38,1.0,11.571311950683594,2.2142857142857144
2013-09-02,02:28:38,1.0,8.266626993815105,2.333333333333333
2013-09-02,02:33:38,1.0,7.599906921386719,2.333333333333333
2013-09-02,02:38:38,1.0,7.533289591471354,2.2666666666666666
2013-09-02,02:43:38,1.0,6.928539276123047,2.2142857142857144
2013-09-02,02:48:38,1.0,7.5714111328125,2.2142857142857144
2013-09-02,02:53:38,1.0,8.357088906424385,2.2857142857142856
2013-09-02,02:58:38,1.0,8.133290608723959,2.4
2013-09-02,03:03:38,1.0,7.533302307128905,2.333333333333333
2013-09-02,03:08:38,1.0,10.285649980817523,2.2857142857142856
2013-09-02,03:13:38,1.0,8.133252461751301,2.333333333333333
2013-09-02,03:18:38,1.0,6.799939473470053,2.2666666666666666
2013-09-02,03:23:38,1.0,6.285667419433594,2.2142857142857144
2013-09-02,03:28:38,1.0,7.857050214494977,2.2142857142857144
2013-09-02,03:33:38,1.0,5.733273824055988,2.333333333333333
2013-09-02,03:38:38,1.0,6.99993133544922,2.2666666666666666
2013-09-02,03:43:38,1.0,9.266599019368488,2.2666666666666666
2013-09-02,03:48:38,1.0,9.928485325404575,2.2142857142857144
2013-09-02,03:53:38,1.0,6.714207785470146,2.2142857142857144
2013-09-02,03:58:38,1.5714285714285714,6.999928610665458,100.0
2013-09-02,04:03:38,2.0,8.133277893066406,100.0
2013-09-02,04:08:38,2.0,8.79987080891927,100.0
2013-09-02,04:13:38,1.6666666666666663,7.93328603108724,100.0
2013-09-02,04:18:38,1.0,8.199920654296875,2.2666666666666666
2013-09-02,04:23:38,1.0,7.466557820638021,2.2666666666666666
2013-09-02,04:28:38,1.0,7.599945068359375,2.333333333333333
2013-09-02,04:33:38,1.0,6.86663309733073,2.333333333333333
2013-09-02,04:38:38,1.0,7.599983215332032,2.333333333333333
2013-09-02,04:43:38,1.0,6.799964904785156,2.333333333333333
2013-09-02,04:48:38,1.0,6.066614786783854,2.4
2013-09-02,04:53:38,1.0,6.733296712239584,2.333333333333333
2013-09-02,04:58:38,1.0,6.799926757812499,2.333333333333333
2013-09-02,05:03:38,1.0,7.999916076660156,2.4
2013-09-02,05:08:38,1.0,7.666613260904947,2.2666666666666666
2013-09-02,05:13:38,1.0,7.599906921386719,2.333333333333333
2013-09-02,05:18:39,1.0,7.666651407877606,2.333333333333333
2013-09-02,05:23:39,1.0,7.53326416015625,2.333333333333333
2013-09-02,05:28:39,1.0,7.533276875813801,2.2666666666666666
2013-09-02,05:33:39,1.0,5.999946594238281,2.333333333333333
2013-09-02,05:38:39,1.0,7.866579691569011,2.333333333333333
2013-09-02,05:43:39,1.0,7.599945068359375,2.2666666666666666
2013-09-02,05:48:39,1.0,7.066599527994794,2.333333333333333
2013-09-02,05:53:39,1.0,8.333244323730469,2.2666666666666666
2013-09-02,05:58:39,1.0,9.399871826171875,2.333333333333333
2013-09-02,06:03:39,1.0,7.999916076660156,2.333333333333333
2013-09-02,06:08:39,1.0,6.999969482421875,2.333333333333333
2013-09-02,06:13:39,1.0,7.399978637695312,2.333333333333333
2013-09-02,06:18:39,1.0,6.933250427246093,2.4
2013-09-02,06:23:39,1.0,7.4666086832682295,2.4
2013-09-02,06:28:39,1.0,7.666613260904947,2.2666666666666666
2013-09-02,06:33:39,1.0,7.7999114990234375,2.333333333333333
2013-09-02,06:38:39,1.0,6.199951171875,2.333333333333333
2013-09-02,06:43:39,1.0,5.866610209147137,2.333333333333333
2013-09-02,06:48:39,1.0,7.266591389973959,2.2666666666666666
2013-09-02,06:53:39,1.0,9.199867248535156,2.4
2013-09-02,06:58:39,1.0,7.1999359130859375,2.4
2013-09-02,07:03:39,1.1,8.46655527750651,100.0
2013-09-02,07:08:39,1.0,6.799964904785156,2.2666666666666666
2013-09-02,07:13:39,1.0,7.599945068359375,2.4
2013-09-02,07:18:39,1.0,7.599945068359375,2.333333333333333
2013-09-02,07:23:39,1.0,7.599906921386719,2.2666666666666666
2013-09-02,07:28:39,1.0,8.599891662597656,2.2666666666666666
2013-09-02,07:33:39,1.0,7.53326416015625,2.2666666666666666
2013-09-02,07:38:39,1.0,9.599876403808594,2.333333333333333
2013-09-02,07:43:39,1.0,5.999946594238281,2.333333333333333
2013-09-02,07:48:39,1.2,6.933224995930988,100.0
2013-09-02,07:53:39,1.6,13.79993438720703,100.0
2013-09-02,07:58:39,1.7333333333333334,17.399864196777344,100.0
2013-09-02,08:03:39,1.7,16.466623942057293,100.0
2013-09-02,08:08:39,2.333333333333333,28.999900817871094,100.0
2013-09-02,08:13:39,1.5666666666666669,19.99988555908203,100.0
2013-09-02,08:18:39,1.6333333333333335,16.799888610839844,100.0
2013-09-02,08:23:39,1.0666666666666669,13.799896240234375,62.93333333333333
2013-09-02,08:28:39,1.0,10.333264668782551,2.333333333333333
2013-09-02,08:33:39,1.0,9.866536458333332,2.333333333333333
2013-09-02,08:38:39,1.0,8.933270772298176,2.333333333333333
2013-09-02,08:43:40,1.0,7.599906921386719,2.333333333333333
2013-09-02,08:48:40,1.0,7.733281453450519,2.2666666666666666
2013-09-02,08:53:40,1.0,6.6666285196940125,2.2
2013-09-02,08:58:40,1.0,7.13330586751302,2.4
2013-09-02,09:03:40,1.0,6.199951171875,2.333333333333333
2013-09-02,09:08:40,0.9666666666666668,8.199958801269531,2.333333333333333
2013-09-02,09:13:40,0.9666666666666668,9.533195495605469,2.333333333333333
2013-09-02,09:18:40,0.9666666666666668,7.599970499674479,2.333333333333333
2013-09-02,09:23:40,1.0,9.133249918619791,2.333333333333333
2013-09-02,09:28:40,1.0,10.333188374837238,2.333333333333333
2013-09-02,09:33:40,1.0,9.199918111165363,2.333333333333333
2013-09-02,09:38:40,1.0,7.39996592203776,2.4
2013-09-02,09:43:40,1.0,7.13330586751302,2.2666666666666666
2013-09-02,09:48:40,1.0,6.6666285196940125,2.333333333333333
2013-09-02,09:53:40,1.0,7.866655985514324,2.333333333333333
2013-09-02,09:58:40,1.0,8.99987538655599,2.333333333333333
2013-09-02,10:03:40,1.0,8.533248901367188,2.333333333333333
2013-09-02,10:08:40,1.0,6.799964904785156,2.333333333333333
2013-09-02,10:13:40,1.0,7.466570536295575,2.333333333333333
2013-09-02,10:18:40,1.0,9.066556294759115,2.333333333333333
2013-09-02,10:23:40,1.0,8.199907938639322,2.333333333333333
2013-09-02,10:28:40,1.0,7.266604105631512,2.2666666666666666
2013-09-02,10:33:40,0.9666666666666668,6.733296712239584,2.333333333333333
2013-09-02,10:38:40,1.0,6.466573079427083,2.333333333333333
2013-09-02,10:43:40,1.0,7.066561381022135,2.333333333333333
2013-09-02,10:48:40,1.0,8.73321533203125,2.333333333333333
2013-09-02,10:53:40,1.0,7.333259582519531,2.333333333333333
2013-09-02,10:58:40,1.0,9.399859110514322,2.333333333333333
2013-09-02,11:03:40,1.1,8.799908955891928,100.0
2013-09-02,11:08:40,1.0,8.266512552897137,2.333333333333333
2013-09-02,11:13:40,1.0,6.533215840657553,2.333333333333333
2013-09-02,11:18:41,1.0,7.333234151204428,2.333333333333333
2013-09-02,11:23:41,1.0333333333333332,7.133293151855469,2.333333333333333
2013-09-02,11:28:41,1.0,8.399925231933594,2.333333333333333
2013-09-02,11:33:40,1.0,7.1999231974283875,2.4
2013-09-02,11:38:40,1.0,7.399978637695312,2.4
2013-09-02,11:43:40,1.0,9.333216349283854,2.333333333333333
2013-09-02,11:48:40,1.2333333333333334,9.333229064941406,100.0
2013-09-02,11:53:40,1.5666666666666669,14.799919128417969,100.0
2013-09-02,11:58:40,1.6,19.133211771647133,100.0
2013-09-02,12:03:41,2.2,22.333246866861984,100.0
2013-09-02,12:08:41,1.6666666666666663,28.199907938639317,100.0
2013-09-02,12:13:41,1.6,19.99988555908203,100.0
2013-09-02,12:18:41,1.5,18.66655985514323,100.0
2013-09-02,12:23:41,0.9666666666666668,15.066541035970053,2.333333333333333
2013-09-02,12:28:41,1.0,9.933191935221354,2.333333333333333
2013-09-02,12:33:41,1.0,8.866564432779947,2.333333333333333
2013-09-02,12:38:41,1.0,7.933273315429687,2.333333333333333
2013-09-02,12:43:41,1.0,7.86663055419922,2.333333333333333
2013-09-02,12:48:41,1.0,7.933273315429687,2.4
2013-09-02,12:53:41,1.0,7.866579691569011,2.333333333333333
2013-09-02,12:58:41,1.0,9.333241780598957,2.533333333333333
2013-09-02,13:03:41,1.0,7.933209737141928,2.333333333333333
2013-09-02,13:08:41,1.0,7.266565958658854,2.333333333333333
2013-09-02,13:13:41,1.0,7.3333104451497375,2.333333333333333
2013-09-02,13:18:41,1.0,5.933278401692709,2.333333333333333
2013-09-02,13:23:41,1.0,6.133282979329426,2.333333333333333
2013-09-02,13:28:41,1.0333333333333332,7.999916076660156,2.4
2013-09-02,13:33:41,1.0,9.133199055989584,2.333333333333333
2013-09-02,13:38:41,1.0,8.399887084960938,2.333333333333333
2013-09-02,13:43:41,1.0,7.399940490722656,2.333333333333333
2013-09-02,13:48:41,1.0,7.533289591471354,2.333333333333333
2013-09-02,13:53:41,1.0,7.06658681233724,2.2666666666666666
2013-09-02,13:58:41,1.0,7.133293151855469,2.333333333333333
2013-09-02,14:03:41,1.0,9.066556294759115,2.333333333333333
2013-09-02,14:08:41,1.0,6.799964904785156,2.2666666666666666
2013-09-02,14:13:41,1.0,6.933263142903646,2.4
2013-09-02,14:18:41,1.0,7.99994150797526,2.333333333333333
2013-09-02,14:23:41,1.0,8.999900817871094,2.333333333333333
2013-09-02,14:28:41,1.0,7.99994150797526,2.4
2013-09-02,14:33:42,1.0,8.466567993164062,2.4
2013-09-02,14:38:42,1.0,8.866513570149738,2.2
2013-09-02,14:43:42,1.0,7.266591389973959,2.1333333333333333
2013-09-02,14:48:42,0.9666666666666668,8.066558837890625,2.2666666666666666
2013-09-02,14:53:42,1.0,9.199867248535156,2.2
2013-09-02,14:58:42,1.0,9.199879964192709,2.2666666666666666
2013-09-02,15:03:42,1.1,11.333211263020832,100.0
2013-09-02,15:08:42,1.0,8.533210754394531,2.2666666666666666
2013-09-02,15:13:42,1.0,8.533236185709635,2.333333333333333
2013-09-02,15:18:42,1.0,9.933230082194008,2.333333333333333
2013-09-02,15:23:42,1.0,9.733263651529947,2.2
2013-09-02,15:28:42,1.0,9.199968973795572,2.333333333333333
2013-09-02,15:33:42,1.0,6.266619364420572,2.1333333333333333
2013-09-02,15:38:42,1.0,6.599922180175781,2.1333333333333333
2013-09-02,15:43:42,1.5,7.999928792317706,100.0
2013-09-02,15:48:42,1.6,19.466552734375,100.0
2013-09-02,15:53:42,1.5333333333333334,17.39990234375,100.0
2013-09-02,15:58:42,1.5333333333333334,18.53322347005208,100.0
2013-09-02,16:03:42,2.2666666666666666,20.133209228515625,100.0
2013-09-02,16:08:42,1.8666666666666665,26.733233133951824,100.0
2013-09-02,16:13:42,1.6666666666666663,18.266525268554688,100.0
2013-09-02,16:18:42,1.0,14.599914550781252,2.2666666666666666
2013-09-02,16:23:42,1.0,9.066505432128906,2.333333333333333
2013-09-02,16:28:42,1.0,9.199905395507812,2.333333333333333
2013-09-02,16:33:42,1.0,8.933232625325521,2.333333333333333
2013-09-02,16:38:42,1.0,8.599929809570312,2.4
2013-09-02,16:43:42,1.0,6.799964904785156,2.333333333333333
2013-09-02,16:48:42,1.0,6.733296712239584,2.333333333333333
2013-09-02,16:53:42,1.0,6.799964904785156,2.333333333333333
2013-09-02,16:58:42,1.0,7.13330586751302,2.333333333333333
2013-09-02,17:03:42,1.0,7.333272298177083,2.333333333333333
2013-09-02,17:08:42,1.0,7.733243306477864,2.333333333333333
2013-09-02,17:13:42,1.0,5.866610209147137,2.2666666666666666
2013-09-02,17:18:42,1.0,8.999926249186197,2.4
2013-09-02,17:23:42,1.0,10.066553751627602,2.333333333333333
2013-09-02,17:28:42,1.0,8.333269755045574,2.333333333333333
2013-09-02,17:33:42,1.0,7.99994150797526,2.333333333333333
2013-09-02,17:38:42,1.0,7.066612243652344,2.333333333333333
2013-09-02,17:43:43,1.0,5.7999420166015625,2.4
2013-09-02,17:48:43,1.0,6.533292134602865,2.466666666666667
2013-09-02,17:53:43,1.0,7.266565958658854,2.466666666666667
2013-09-02,17:58:43,1.0,7.399902343750001,2.466666666666667
2013-09-02,18:03:43,1.0,6.99993133544922,2.4
2013-09-02,18:08:43,1.0,8.533248901367188,2.4
2013-09-02,18:13:43,1.0,7.399953206380207,2.333333333333333
2013-09-02,18:18:43,2.7,34.133262634277344,2.4
2013-09-02,18:23:43,1.0,20.533231099446613,2.2666666666666666
2013-09-02,18:28:43,1.0,13.533236185709633,2.333333333333333
2013-09-02,18:33:43,0.9666666666666668,8.199933369954428,2.466666666666667
2013-09-02,18:38:43,1.0,7.99994150797526,2.333333333333333
2013-09-02,18:43:43,1.0,8.2666015625,2.2666666666666666
2013-09-02,18:48:43,1.0,9.599901835123697,2.333333333333333
2013-09-02,18:53:43,1.0,9.933217366536457,2.333333333333333
2013-09-02,18:58:43,1.0,7.999928792317706,2.2666666666666666
2013-09-02,19:03:43,1.1,9.199930826822916,100.0
2013-09-02,19:08:43,1.0,10.399894714355469,2.333333333333333
2013-09-02,19:13:43,1.0,7.999928792317706,2.333333333333333
2013-09-02,19:18:43,1.0,8.066622416178387,2.333333333333333
2013-09-02,19:23:43,1.0,8.266614278157553,2.333333333333333
2013-09-02,19:28:43,1.0,8.799858093261719,2.333333333333333
2013-09-02,19:33:43,1.0,8.466567993164062,2.333333333333333
2013-09-02,19:38:43,1.2666666666666666,8.666585286458334,100.0
2013-09-02,19:43:43,1.5,18.666598002115887,100.0
2013-09-02,19:48:43,1.6333333333333335,17.733230590820312,100.0
2013-09-02,19:53:44,1.5,17.733205159505207,100.0
2013-09-02,19:58:44,1.6,17.733243306477863,100.0
2013-09-02,20:03:44,2.3,19.666519165039062,100.0
2013-09-02,20:08:44,1.5333333333333334,27.666562398274742,100.0
2013-09-02,20:13:44,1.0,16.333223978678383,2.333333333333333
2013-09-02,20:18:44,1.0,8.133227030436197,2.333333333333333
2013-09-02,20:23:44,1.0,7.99994150797526,2.333333333333333
2013-09-02,20:28:44,1.0,8.99987538655599,2.2666666666666666
2013-09-02,20:33:44,1.0,7.1999231974283875,2.333333333333333
2013-09-02,20:38:44,1.0,6.9332758585612,2.4
2013-09-02,20:43:44,1.0,7.399940490722656,2.333333333333333
2013-09-02,20:48:44,1.0,8.533248901367188,2.466666666666667
2013-09-02,20:53:44,1.0,9.333241780598957,2.333333333333333
2013-09-02,20:58:44,1.0,7.93328603108724,2.333333333333333
2013-09-02,21:03:44,1.0,6.466623942057291,2.4
2013-09-02,21:08:44,1.0,7.466634114583331,2.333333333333333
2013-09-02,21:13:44,1.0,8.666547139485676,2.333333333333333
2013-09-02,21:18:44,1.0,9.33319091796875,2.4
2013-09-02,21:23:44,1.0333333333333332,8.999862670898438,2.333333333333333
2013-09-02,21:28:44,1.0333333333333332,9.599838256835938,2.2666666666666666
2013-09-02,21:33:44,1.0,7.066599527994794,2.4
2013-09-02,21:38:44,1.0,5.533269246419271,2.466666666666667
2013-09-02,21:43:44,1.0,7.4666086832682295,2.333333333333333
2013-09-02,21:48:44,1.0,9.199905395507812,2.333333333333333
2013-09-02,21:53:44,1.0,7.599906921386719,2.4
2013-09-02,21:58:44,1.0,7.266591389973959,2.2666666666666666
2013-09-02,22:03:44,1.0,7.399940490722656,2.066666666666667
2013-09-02,22:08:44,1.0,7.399889628092447,2.066666666666667
2013-09-02,22:13:44,1.0,9.266548156738281,2.066666666666667
2013-09-02,22:18:44,1.0,9.466603597005209,2.066666666666667
2013-09-02,22:23:44,0.9666666666666668,9.599876403808594,2.066666666666667
2013-09-02,22:28:44,1.0,9.399833679199219,2.066666666666667
2013-09-02,22:33:44,1.0,6.133282979329426,2.066666666666667
2013-09-02,22:38:44,1.0,8.399925231933594,2.0
2013-09-02,22:43:44,1.0,8.599891662597656,2.0
2013-09-02,22:48:44,1.0,7.666613260904947,2.0
2013-09-02,22:53:44,1.0,6.933301289876302,2.0
2013-09-02,22:58:44,1.0,8.133277893066406,2.1333333333333333
2013-09-02,23:03:44,1.1,7.9998779296875,100.0
2013-09-02,23:08:45,1.0,8.13323974609375,2.2
2013-09-02,23:13:45,1.0,8.799934387207031,2.2
2013-09-02,23:18:45,1.0,6.599922180175781,2.2666666666666666
2013-09-02,23:23:45,1.0,7.399927775065105,2.2666666666666666
2013-09-02,23:28:45,1.0,9.066569010416666,2.066666666666667
2013-09-02,23:33:45,1.0,7.866579691569011,2.066666666666667
2013-09-02,23:38:45,1.0,7.1999231974283875,2.333333333333333
2013-09-02,23:43:45,1.3,11.399879455566406,100.0
2013-09-02,23:48:45,1.5333333333333334,16.399879455566406,100.0
2013-09-02,23:53:45,1.5,15.999946594238281,100.0
2013-09-02,23:58:45,1.6,16.999893188476562,100.0
2013-09-03,00:03:45,2.1,20.79986572265625,100.0
2013-09-03,00:08:45,1.6666666666666663,26.466585795084637,100.0
2013-09-03,00:13:45,1.4333333333333331,22.999954223632812,100.0
2013-09-03,00:18:45,1.0,13.999900817871094,2.066666666666667
2013-09-03,00:23:45,1.0,7.999916076660156,2.066666666666667
2013-09-03,00:28:45,1.0,6.99993133544922,2.0
2013-09-03,00:33:45,1.0,7.1999231974283875,2.2
2013-09-03,00:38:45,1.0,8.399976094563801,2.2
2013-09-03,00:43:45,1.0,6.266619364420572,2.066666666666667
2013-09-03,00:48:45,1.0,6.6666285196940125,2.2666666666666666
2013-09-03,00:53:45,1.0,10.533218383789062,2.4
2013-09-03,00:58:45,1.0,9.999885559082031,2.2
2013-09-03,01:03:45,1.0666666666666669,9.999847412109375,100.0
2013-09-03,01:08:45,1.0,7.599983215332032,2.2666666666666666
2013-09-03,01:13:45,1.0,6.933301289876302,2.1333333333333333
2013-09-03,01:18:45,1.0,7.533276875813801,2.333333333333333
2013-09-03,01:23:45,1.0,8.066571553548176,2.1333333333333333
2013-09-03,01:28:45,1.0,8.799896240234375,2.2666666666666666
2013-09-03,01:33:45,2.2,10.933240254720051,10.266666666666667
2013-09-03,01:38:45,1.3666666666666665,18.999900817871094,100.0
2013-09-03,01:43:45,1.6,16.7999267578125,100.0
2013-09-03,01:48:45,1.5,18.66655985514323,100.0
2013-09-03,01:53:45,1.7666666666666666,19.13323720296224,100.0
2013-09-03,01:58:45,1.9,19.199905395507812,100.0
2013-09-03,02:03:45,1.9666666666666663,21.86659495035807,100.0
2013-09-03,02:08:45,2.1333333333333333,25.199940999348964,100.0
2013-09-03,02:13:45,1.0,16.266568501790367,2.333333333333333
2013-09-03,02:18:46,1.0,10.199928283691406,2.2666666666666666
2013-09-03,02:23:46,1.0,9.13323720296224,2.2
2013-09-03,02:28:46,1.0,10.399856567382812,2.333333333333333
2013-09-03,02:33:46,1.0,7.333259582519531,2.4
2013-09-03,02:38:46,1.0,7.466595967610677,2.2
2013-09-03,02:43:46,1.0,8.39996337890625,2.333333333333333
2013-09-03,02:48:46,1.0,7.666651407877606,2.2666666666666666
2013-09-03,02:53:46,1.0,6.799964904785156,2.2666666666666666
2013-09-03,02:58:46,1.0,11.066563924153645,2.4
2013-09-03,03:03:46,1.0,7.99994150797526,2.333333333333333
2013-09-03,03:08:46,1.0,6.266619364420572,2.466666666666667
2013-09-03,03:13:46,1.0,6.066614786783854,2.4
2013-09-03,03:18:46,1.0,5.599937438964844,2.4
2013-09-03,03:23:46,1.0,7.733268737792969,2.2666666666666666
2013-09-03,03:28:46,1.0,8.799908955891928,2.2
2013-09-03,03:33:46,1.0,8.79988352457682,2.2
2013-09-03,03:38:46,1.0,8.799921671549479,2.4
2013-09-03,03:43:46,1.0,6.799964904785156,2.2666666666666666
2013-09-03,03:48:46,1.0,8.599891662597656,2.2
2013-09-03,03:53:47,1.0,10.133221944173178,2.1333333333333333
2013-09-03,03:58:47,1.6333333333333335,7.533302307128905,100.0
2013-09-03,04:03:47,2.0,8.999913533528646,100.0
2013-09-03,04:08:47,2.0,6.999956766764324,100.0
2013-09-03,04:13:47,1.6333333333333335,7.133267720540365,100.0
2013-09-03,04:18:47,1.0,8.266563415527344,2.0
2013-09-03,04:23:47,1.0,7.99986521402995,2.2666666666666666
2013-09-03,04:28:47,1.0333333333333332,8.13323974609375,2.2
2013-09-03,04:33:47,1.0,11.199874877929688,2.1333333333333333
2013-09-03,04:38:47,1.0,8.399950663248699,2.333333333333333
2013-09-03,04:43:47,1.0,7.13330586751302,2.2666666666666666
2013-09-03,04:48:47,1.0,7.4666086832682295,2.1333333333333333
2013-09-03,04:53:47,1.0,8.2666015625,2.066666666666667
2013-09-03,04:58:47,1.0,8.266576131184895,2.4
2013-09-03,05:03:47,1.0,9.266535441080729,2.2
2013-09-03,05:08:47,1.0,9.333178202311196,2.2
2013-09-03,05:13:47,1.0,9.799880981445312,2.2
2013-09-03,05:18:47,1.0,8.866589864095053,2.066666666666667
2013-09-03,05:23:47,1.0,8.133265177408854,2.2
2013-09-03,05:28:47,1.0,7.733268737792969,2.333333333333333
2013-09-03,05:33:47,1.0,8.066571553548176,2.2
2013-09-03,05:38:47,1.0,8.333295186360678,2.0
2013-09-03,05:43:47,1.0,8.666572570800781,2.2
2013-09-03,05:48:47,1.0,8.999888102213541,2.066666666666667
2013-09-03,05:53:47,1.0,4.9999237060546875,2.1333333333333333
2013-09-03,05:58:47,1.0,8.866589864095053,2.0
2013-09-03,06:03:47,1.0,9.26661173502604,2.0
2013-09-03,06:08:47,1.0,8.599878946940104,2.0
2013-09-03,06:13:47,1.0,9.999847412109375,2.066666666666667
2013-09-03,06:18:47,1.0,9.266560872395834,2.0
2013-09-03,06:23:47,1.0,7.999928792317706,2.0
2013-09-03,06:28:47,1.0,8.599904378255209,2.066666666666667
2013-09-03,06:33:47,1.0,8.733228047688803,2.066666666666667
2013-09-03,06:38:48,1.0,8.466567993164062,2.066666666666667
2013-09-03,06:43:48,1.0,7.466646830240885,2.066666666666667
2013-09-03,06:48:48,1.0,7.999992370605469,2.0
2013-09-03,06:53:48,1.0,7.53326416015625,2.066666666666667
2013-09-03,06:58:48,1.0,8.933194478352863,2.0
2013-09-03,07:03:48,1.1,8.799858093261719,100.0
2013-09-03,07:08:48,1.0,7.333285013834636,2.2666666666666666
2013-09-03,07:13:48,0.9666666666666668,7.0666249593098955,2.066666666666667
2013-09-03,07:18:48,1.0,6.99993133544922,2.1333333333333333
2013-09-03,07:23:48,0.9666666666666668,8.333269755045574,2.2
2013-09-03,07:28:48,1.0,8.799896240234375,2.2
2013-09-03,07:33:48,1.0,10.266532897949219,2.1333333333333333
2013-09-03,07:38:48,1.1,6.6666285196940125,100.0
2013-09-03,07:43:48,1.5,12.133229573567707,100.0
2013-09-03,07:48:48,1.5,17.066561381022133,100.0
2013-09-03,07:53:48,1.5666666666666669,20.399932861328125,100.0
2013-09-03,07:58:48,1.5333333333333334,19.666544596354164,100.0
2013-09-03,08:03:48,1.9666666666666663,20.866533915201824,100.0
2013-09-03,08:08:48,1.8333333333333333,23.666559855143227,100.0
2013-09-03,08:13:48,1.1333333333333333,15.466575622558592,100.0
2013-09-03,08:18:48,1.0,9.799855550130209,2.466666666666667
2013-09-03,08:23:48,1.0,7.333272298177083,2.1333333333333333
2013-09-03,08:28:48,1.0,7.199974060058594,2.333333333333333
2013-09-03,08:33:48,1.0,7.9999033610026045,2.2
2013-09-03,08:38:48,1.0,7.266578674316407,2.333333333333333
2013-09-03,08:43:48,1.0,5.466562906901041,2.2666666666666666
2013-09-03,08:48:48,1.0,6.199900309244791,2.2666666666666666
2013-09-03,08:53:48,1.0,8.733240763346354,2.4
2013-09-03,08:58:48,1.0,7.3333104451497375,2.333333333333333
2013-09-03,09:03:48,1.0,6.86663309733073,2.333333333333333
2013-09-03,09:08:49,1.0,7.133267720540365,2.4
2013-09-03,09:13:49,1.0,8.133277893066406,2.4
2013-09-03,09:18:49,1.0,7.866579691569011,2.4
2013-09-03,09:23:49,1.0,6.933301289876302,2.2666666666666666
2013-09-03,09:28:49,1.0,9.133224487304688,2.2
2013-09-03,09:33:49,1.0,8.466567993164062,2.4
2013-09-03,09:38:49,1.0,7.1999359130859375,2.4
2013-09-03,09:43:49,1.0,6.199951171875,2.333333333333333
2013-09-03,09:48:49,1.0,7.3333104451497375,2.466666666666667
2013-09-03,09:53:49,1.0,6.533292134602865,2.333333333333333
2013-09-03,09:58:49,1.0,6.133282979329426,2.4
2013-09-03,10:03:49,1.0,7.666613260904947,2.4
2013-09-03,10:08:49,1.0,7.999916076660156,2.2666666666666666
2013-09-03,10:13:49,1.0,7.8666051228841125,2.2666666666666666
2013-09-03,10:18:49,1.0,8.599942525227865,2.333333333333333
2013-09-03,10:23:49,1.0,8.733253479003906,2.466666666666667
2013-09-03,10:28:49,1.0,9.199867248535156,2.4
2013-09-03,10:33:49,0.9666666666666668,8.533236185709635,2.333333333333333
2013-09-03,10:38:49,1.0,6.533292134602865,2.333333333333333
2013-09-03,10:43:49,1.0,8.399912516276041,2.4
2013-09-03,10:48:49,1.0,9.133275349934895,2.4
2013-09-03,10:53:49,1.3333333333333337,8.466567993164062,2.333333333333333
2013-09-03,10:58:49,1.0666666666666669,8.733266194661459,2.466666666666667
2013-09-03,11:03:49,1.1,9.59991455078125,100.0
2013-09-03,11:08:49,1.0,7.333272298177083,2.466666666666667
2013-09-03,11:13:49,1.0,7.79998779296875,2.4
2013-09-03,11:18:49,1.0,7.733268737792969,2.4
2013-09-03,11:23:49,1.0,8.73321533203125,2.4
2013-09-03,11:28:49,1.0,10.933202107747398,2.333333333333333
2013-09-03,11:33:49,1.0,8.866539001464844,2.333333333333333
2013-09-03,11:38:49,1.0,8.199869791666668,2.333333333333333
2013-09-03,11:43:49,1.4333333333333331,10.466588338216145,100.0
2013-09-03,11:48:49,1.6,16.19990030924479,100.0
2013-09-03,11:53:49,1.5666666666666669,18.399937947591148,100.0
2013-09-03,11:58:50,1.6,17.266553243001297,100.0
2013-09-03,12:03:50,1.9333333333333331,15.799942016601562,100.0
2013-09-03,12:08:50,2.333333333333333,27.39990234375,100.0
2013-09-03,12:13:50,1.3666666666666665,24.599952697753906,100.0
2013-09-03,12:18:50,1.0,13.599891662597658,2.333333333333333
2013-09-03,12:23:50,1.0,8.133265177408854,2.333333333333333
2013-09-03,12:28:50,1.0,9.666544596354166,2.466666666666667
2013-09-03,12:33:50,1.0,6.799964904785156,2.333333333333333
2013-09-03,12:38:50,1.0,6.933301289876302,2.333333333333333
2013-09-03,12:43:50,1.0,7.333285013834636,2.333333333333333
2013-09-03,12:48:50,0.9666666666666668,9.799880981445312,2.533333333333333
2013-09-03,12:53:50,2.666666666666667,25.13324737548828,2.6666666666666665
2013-09-03,12:58:50,1.0,22.59990692138672,2.6
2013-09-03,13:03:50,1.0333333333333332,11.799888610839844,2.6
2013-09-03,13:08:50,1.0,9.199867248535156,2.6
2013-09-03,13:13:50,1.0,8.199920654296875,2.6
2013-09-03,13:18:50,1.0,9.799880981445312,2.6
2013-09-03,13:23:50,1.0,9.533246358235676,2.533333333333333
2013-09-03,13:28:50,1.0,9.533233642578125,2.4
2013-09-03,13:33:50,1.0,8.999862670898438,2.6666666666666665
2013-09-03,13:38:50,1.0,6.99993133544922,2.533333333333333
2013-09-03,13:43:50,1.0,6.799964904785156,2.6
2013-09-03,13:48:50,1.0,7.8666051228841125,2.6
2013-09-03,13:53:50,1.0,9.599876403808594,2.533333333333333
2013-09-03,13:58:50,1.0,7.599945068359375,2.533333333333333
2013-09-03,14:03:50,1.0,7.866566975911458,2.6666666666666665
2013-09-03,14:08:50,1.0,7.666613260904947,2.6
2013-09-03,14:13:51,1.0,6.599960327148438,2.6
2013-09-03,14:18:51,1.0,7.599906921386719,2.533333333333333
2013-09-03,14:23:51,1.0,8.79988352457682,2.533333333333333
2013-09-03,14:28:51,1.0,10.799903869628906,2.6
2013-09-03,14:33:51,1.0,7.9998779296875,2.4
2013-09-03,14:38:51,1.0,7.399940490722656,2.6666666666666665
2013-09-03,14:43:51,1.0,7.999916076660156,2.466666666666667
2013-09-03,14:48:51,1.0,8.199920654296875,2.466666666666667
2013-09-03,14:53:51,1.0,8.399887084960938,2.466666666666667
2013-09-03,14:58:51,1.0,7.999916076660156,2.6
2013-09-03,15:03:51,1.1,7.93328603108724,100.0
2013-09-03,15:08:51,0.9666666666666668,9.599876403808594,2.6
2013-09-03,15:13:51,1.0,7.399940490722656,2.533333333333333
2013-09-03,15:18:51,1.0,6.999969482421875,2.6
2013-09-03,15:23:51,0.9666666666666668,8.599853515625,2.533333333333333
2013-09-03,15:28:51,1.0,8.999900817871094,2.333333333333333
2013-09-03,15:33:51,1.0,8.266588846842447,2.333333333333333
2013-09-03,15:38:51,1.0,9.199905395507812,2.466666666666667
2013-09-03,15:43:51,1.0,8.066609700520834,2.4
2013-09-03,15:48:51,1.4,12.39990234375,100.0
2013-09-03,15:53:51,1.5,19.199867248535156,100.0
2013-09-03,15:58:51,1.5,17.599868774414062,100.0
2013-09-03,16:03:51,2.2666666666666666,19.999961853027344,100.0
2013-09-03,16:08:51,1.6333333333333335,24.79991912841797,100.0
2013-09-03,16:13:51,1.5333333333333334,19.53320821126302,100.0
2013-09-03,16:18:51,1.5333333333333334,17.79987335205078,100.0
2013-09-03,16:23:51,1.0,14.399909973144531,2.4
2013-09-03,16:28:51,1.0,9.199905395507812,2.333333333333333
2013-09-03,16:33:51,1.0,7.3333104451497375,2.6
2013-09-03,16:38:51,1.0,8.333231608072916,2.466666666666667
2013-09-03,16:43:51,1.0,7.666549682617188,2.533333333333333
2013-09-03,16:48:51,1.0,6.06658935546875,2.533333333333333
2013-09-03,16:53:51,1.0,7.399940490722656,2.6
2013-09-03,16:58:51,1.0,8.599904378255209,2.533333333333333
2013-09-03,17:03:51,1.0,7.799949645996093,2.2666666666666666
2013-09-03,17:08:51,1.0,7.399915059407553,2.6
2013-09-03,17:13:51,1.0,8.799908955891928,2.533333333333333
2013-09-03,17:18:52,1.0,9.999923706054688,2.533333333333333
2013-09-03,17:23:52,1.0,8.799921671549479,2.466666666666667
2013-09-03,17:28:52,1.0,9.133275349934895,2.6
2013-09-03,17:33:52,1.0,7.933273315429687,2.4
2013-09-03,17:38:52,0.9666666666666668,8.199958801269531,2.466666666666667
2013-09-03,17:43:52,1.0,7.666600545247395,2.6
2013-09-03,17:48:52,1.0,6.533292134602865,2.6
2013-09-03,17:53:52,1.0,6.799926757812499,2.533333333333333
2013-09-03,17:58:52,1.0,8.73327891031901,2.466666666666667
2013-09-03,18:03:52,1.0,9.466603597005209,2.6666666666666665
2013-09-03,18:08:52,1.0,7.93328603108724,2.6666666666666665
2013-09-03,18:13:52,1.0,5.666605631510416,2.466666666666667
2013-09-03,18:18:52,0.9666666666666668,6.866594950358072,2.533333333333333
2013-09-03,18:23:52,1.0,7.2666168212890625,2.6
2013-09-03,18:28:52,1.0,10.733197530110678,2.533333333333333
2013-09-03,18:33:52,1.0,7.8666051228841125,2.533333333333333
2013-09-03,18:38:52,1.0,6.199951171875,2.466666666666667
2013-09-03,18:43:52,1.0,7.399889628092447,2.533333333333333
2013-09-03,18:48:52,1.0,7.266565958658854,2.6
2013-09-03,18:53:52,0.9333333333333332,9.066556294759115,2.466666666666667
2013-09-03,18:58:52,1.0,8.799921671549479,2.6
2013-09-03,19:03:52,1.1,11.93323771158854,100.0
2013-09-03,19:08:52,1.0,10.333251953125,2.466666666666667
2013-09-03,19:13:52,1.0,8.666534423828125,2.4
2013-09-03,19:18:52,0.9333333333333332,7.733243306477864,2.533333333333333
2013-09-03,19:23:52,0.9666666666666668,6.999956766764324,2.466666666666667
2013-09-03,19:28:52,1.0,7.399902343750001,2.533333333333333
2013-09-03,19:33:52,1.0,7.799949645996093,2.466666666666667
2013-09-03,19:38:52,1.0,6.733258565266925,2.533333333333333
2013-09-03,19:43:52,1.0,6.866620381673178,2.533333333333333
2013-09-03,19:48:52,1.0,8.799858093261719,30.73333333333333
2013-09-03,19:53:52,1.4666666666666666,13.666534423828125,100.0
2013-09-03,19:58:53,1.5666666666666669,20.533231099446613,100.0
2013-09-03,20:03:53,2.2,20.933214823404946,100.0
2013-09-03,20:08:53,1.5666666666666669,26.266568501790367,100.0
2013-09-03,20:13:53,1.5333333333333334,19.99988555908203,100.0
2013-09-03,20:18:53,1.5,15.999895731608074,100.0
2013-09-03,20:23:53,1.3333333333333337,14.733225504557293,100.0
2013-09-03,20:28:53,1.0,11.266530354817707,2.533333333333333
2013-09-03,20:33:53,1.0,9.133224487304688,2.466666666666667
2013-09-03,20:38:53,1.0,9.733187357584635,2.466666666666667
2013-09-03,20:43:53,1.0,10.46655019124349,2.466666666666667
2013-09-03,20:48:53,1.0,8.333295186360678,2.466666666666667
2013-09-03,20:53:53,1.0,6.599960327148438,2.4
2013-09-03,20:58:53,1.0,7.266642252604166,2.333333333333333
2013-09-03,21:03:53,1.0,8.399912516276041,2.333333333333333
2013-09-03,21:08:53,1.0,9.199867248535156,2.4
2013-09-03,21:13:53,1.0,9.533271789550781,2.4
2013-09-03,21:18:53,1.0,7.666600545247395,2.466666666666667
2013-09-03,21:23:53,1.0,8.733253479003906,2.4
2013-09-03,21:28:53,1.0,8.533274332682293,2.333333333333333
2013-09-03,21:33:53,1.0,8.666547139485676,2.4
2013-09-03,21:38:53,1.0,7.13330586751302,2.333333333333333
2013-09-03,21:43:53,1.0,7.599983215332032,2.466666666666667
2013-09-03,21:48:53,1.0,7.666575113932293,2.333333333333333
2013-09-03,21:53:53,0.9666666666666668,8.133227030436197,2.333333333333333
2013-09-03,21:58:53,1.0,7.39996592203776,2.333333333333333
2013-09-03,22:03:53,1.0,7.599945068359375,2.333333333333333
2013-09-03,22:08:53,1.0,7.266604105631512,2.4
2013-09-03,22:13:53,1.0,8.333231608072916,2.466666666666667
2013-09-03,22:18:53,1.0,8.933181762695312,2.333333333333333
2013-09-03,22:23:53,1.0,9.733174641927084,2.4
2013-09-03,22:28:53,1.0,8.266576131184895,2.333333333333333
2013-09-03,22:33:54,1.0,7.533315022786459,2.466666666666667
2013-09-03,22:38:54,1.0,8.866539001464844,2.4
2013-09-03,22:43:54,1.0,6.666603088378905,2.4
2013-09-03,22:48:54,1.0,6.799964904785156,2.4
2013-09-03,22:53:54,1.0,7.133255004882813,2.4
2013-09-03,22:58:54,1.0,9.999910990397135,2.333333333333333
2013-09-03,23:03:54,1.1,8.599878946940104,100.0
2013-09-03,23:08:54,1.0,8.466580708821615,2.4
2013-09-03,23:13:54,1.0,8.333257039388021,2.333333333333333
2013-09-03,23:18:54,1.0,7.599932352701823,2.4
2013-09-03,23:23:54,1.0,8.599904378255209,2.333333333333333
2013-09-03,23:28:54,1.0,8.133290608723959,2.333333333333333
2013-09-03,23:33:54,1.0,7.266578674316407,2.333333333333333
2013-09-03,23:38:54,0.9333333333333332,7.799924214680988,2.4
2013-09-03,23:43:54,1.0,9.13323720296224,2.333333333333333
2013-09-03,23:48:54,1.3666666666666665,12.599894205729164,100.0
2013-09-03,23:53:54,1.5,17.399915059407554,100.0
2013-09-03,23:58:54,1.5,15.599886576334631,100.0
2013-09-04,00:03:54,2.333333333333333,18.26655069986979,100.0
2013-09-04,00:08:54,1.5333333333333334,24.53324635823568,100.0
2013-09-04,00:13:54,1.5,17.466583251953125,100.0
2013-09-04,00:18:54,1.3666666666666665,16.7999267578125,100.0
2013-09-04,00:23:54,1.0,12.666575113932288,2.333333333333333
2013-09-04,00:28:54,1.0,9.733225504557291,2.4
2013-09-04,00:33:54,1.0,7.666613260904947,2.533333333333333
2013-09-04,00:38:54,1.0,6.866582234700519,2.4
2013-09-04,00:43:54,1.0,7.599945068359375,2.466666666666667
2013-09-04,00:48:54,1.0,10.133247375488281,2.466666666666667
2013-09-04,00:53:54,1.0,7.933298746744794,2.333333333333333
2013-09-04,00:58:54,1.0,6.6666285196940125,2.4
2013-09-04,01:03:54,1.1,6.933237711588541,100.0
2013-09-04,01:08:54,1.0,6.333262125651042,2.333333333333333
2013-09-04,01:13:54,1.0,6.86663309733073,2.533333333333333
2013-09-04,01:18:54,1.0,7.066599527994794,2.333333333333333
2013-09-04,01:23:54,1.0,5.399920145670574,2.466666666666667
2013-09-04,01:28:54,1.0,8.199933369954428,2.4
2013-09-04,01:33:54,2.2333333333333334,9.399909973144531,10.666666666666666
2013-09-04,01:38:55,1.0,12.199885050455727,3.6
2013-09-04,01:43:55,1.1,10.199877421061196,100.0
2013-09-04,01:48:55,1.5,15.466550191243488,100.0
2013-09-04,01:53:55,1.5333333333333334,16.133206685384113,100.0
2013-09-04,01:58:55,1.5,19.866549173990883,100.0
2013-09-04,02:03:55,1.8666666666666665,17.733256022135414,100.0
2013-09-04,02:08:55,2.9,32.06658681233724,100.0
2013-09-04,02:13:55,2.0,24.66655731201172,100.0
2013-09-04,02:18:55,1.3,17.733217875162758,100.0
2013-09-04,02:23:55,1.0,8.799896240234375,2.533333333333333
2013-09-04,02:28:55,1.0,8.066558837890625,2.466666666666667
2013-09-04,02:33:55,1.0333333333333332,6.533292134602865,2.333333333333333
2013-09-04,02:38:56,1.0,5.933278401692709,2.333333333333333
2013-09-04,02:43:56,1.0,5.933278401692709,2.466666666666667
2013-09-04,02:48:56,1.0,7.3333104451497375,2.4
2013-09-04,02:53:56,1.0,7.357079642159599,2.5
2013-09-04,02:58:56,1.0,7.533276875813801,2.333333333333333
2013-09-04,03:03:56,1.0,8.599942525227865,2.6666666666666665
2013-09-04,03:08:56,1.0,8.466567993164062,2.4
2013-09-04,03:13:56,1.0,7.13324228922526,2.333333333333333
2013-09-04,03:18:56,1.0,6.999969482421875,2.4
2013-09-04,03:23:56,1.0,8.199933369954428,2.4
2013-09-04,03:28:56,1.0,10.333239237467447,2.333333333333333
2013-09-04,03:33:56,1.0,8.799896240234375,2.4
2013-09-04,03:38:56,1.0,5.7999420166015625,2.333333333333333
2013-09-04,03:43:56,1.0,5.7999420166015625,2.333333333333333
2013-09-04,03:48:56,1.0,7.666587829589844,2.333333333333333
2013-09-04,03:53:56,1.0,8.933245340983072,2.333333333333333
2013-09-04,03:58:56,1.5333333333333334,7.466595967610677,100.0
2013-09-04,04:03:56,2.0,9.533195495605469,100.0
2013-09-04,04:08:56,1.9333333333333331,8.39996337890625,100.0
2013-09-04,04:13:56,1.7,7.333246866861981,100.0
2013-09-04,04:18:56,1.0,7.199910481770834,2.333333333333333
2013-09-04,04:23:56,1.0,6.6666285196940125,2.333333333333333
2013-09-04,04:28:56,1.0,8.866551717122396,2.466666666666667
2013-09-04,04:33:56,1.0,8.399874369303385,2.4
2013-09-04,04:38:56,1.0,8.199920654296875,2.333333333333333
2013-09-04,04:43:56,1.0,6.928539276123047,2.571428571428572
2013-09-04,04:48:56,1.0,7.933273315429687,2.4
2013-09-04,04:53:56,1.0,11.199874877929688,2.4
2013-09-04,04:58:56,1.0,7.199974060058594,2.4
2013-09-04,05:03:56,1.0,6.86663309733073,2.333333333333333
2013-09-04,05:08:57,1.0,6.333262125651042,2.333333333333333
2013-09-04,05:13:57,1.0,9.1998291015625,2.2666666666666666
2013-09-04,05:18:57,1.0,8.799934387207031,2.2666666666666666
2013-09-04,05:23:57,1.0,8.933219909667969,2.4
2013-09-04,05:28:57,1.0,7.999916076660156,2.333333333333333
2013-09-04,05:33:57,1.0,6.399955749511718,2.333333333333333
2013-09-04,05:38:57,1.0,9.399871826171875,2.333333333333333
2013-09-04,05:43:57,1.0,8.599891662597656,2.333333333333333
2013-09-04,05:48:57,1.0,8.399950663248699,2.333333333333333
2013-09-04,05:53:57,1.0,7.133267720540365,2.333333333333333
2013-09-04,05:58:57,1.0,7.199974060058594,2.333333333333333
2013-09-04,06:03:57,1.0,7.399940490722656,2.333333333333333
2013-09-04,06:08:57,1.0,8.599929809570312,2.4
2013-09-04,06:13:57,1.0,8.199920654296875,2.466666666666667
2013-09-04,06:18:57,1.0,7.266642252604166,2.333333333333333
2013-09-04,06:23:57,1.0,8.799947102864582,2.333333333333333
2013-09-04,06:28:57,1.0,9.333279927571615,2.333333333333333
2013-09-04,06:33:57,1.0,7.266642252604166,2.466666666666667
2013-09-04,06:38:57,1.0,8.399912516276041,2.333333333333333
2013-09-04,06:43:57,1.0,5.999946594238281,2.333333333333333
2013-09-04,06:48:57,0.9666666666666668,7.466646830240885,2.466666666666667
2013-09-04,06:53:57,1.0,6.399943033854166,2.333333333333333
2013-09-04,06:58:57,1.0,8.799934387207031,2.4
2013-09-04,07:03:57,1.1,11.399917602539062,100.0
2013-09-04,07:08:57,0.9666666666666668,8.866513570149738,2.466666666666667
2013-09-04,07:13:58,1.0,8.79987080891927,2.4
2013-09-04,07:18:58,1.0,7.7999114990234375,2.4
2013-09-04,07:23:58,1.0,7.733268737792969,2.466666666666667
2013-09-04,07:28:58,0.9666666666666668,8.599891662597656,2.333333333333333
2013-09-04,07:33:58,1.0,4.714202880859375,2.571428571428572
2013-09-04,07:38:58,1.0,7.142748151506696,2.571428571428572
2013-09-04,07:43:58,1.0,7.499912806919642,2.5
2013-09-04,07:48:58,1.4642857142857142,12.785652705601283,100.0
2013-09-04,07:53:58,1.5,17.21418925694057,100.0
2013-09-04,07:58:58,1.6333333333333335,17.733243306477863,100.0
2013-09-04,08:03:58,2.25,19.85701152256557,100.0
2013-09-04,08:08:58,1.7,23.199895222981766,100.0
2013-09-04,08:13:58,1.5,19.599876403808594,100.0
2013-09-04,08:18:58,1.2666666666666666,15.799878438313804,100.0
2013-09-04,08:23:58,1.0,9.266535441080729,2.333333333333333
2013-09-04,08:28:58,1.0,7.466583251953125,2.333333333333333
2013-09-04,08:33:58,1.0,6.266619364420572,2.333333333333333
2013-09-04,08:38:58,1.0,6.466623942057291,2.333333333333333
2013-09-04,08:43:58,1.0,7.13330586751302,2.333333333333333
2013-09-04,08:48:58,1.0,7.13330586751302,2.4
2013-09-04,08:53:58,1.0,9.19989267985026,2.333333333333333
2013-09-04,08:58:58,1.0,10.466562906901041,2.4
2013-09-04,09:03:58,1.0,7.066612243652344,2.333333333333333
2013-09-04,09:08:58,1.0,5.599937438964844,2.4
2013-09-04,09:13:58,1.0,6.199951171875,2.333333333333333
2013-09-04,09:18:58,1.0,8.666598002115885,2.333333333333333
2013-09-04,09:23:58,2.7,15.666618347167969,2.4
2013-09-04,09:28:58,1.0,36.99988047281901,2.4
2013-09-04,09:33:58,1.0,16.666552225748696,2.333333333333333
2013-09-04,09:38:58,1.0,10.599861145019531,2.333333333333333
2013-09-04,09:43:58,1.0,9.999847412109375,2.333333333333333
2013-09-04,09:48:58,1.0,9.999923706054688,2.333333333333333
2013-09-04,09:53:58,1.0,7.599970499674479,2.4
2013-09-04,09:58:58,1.0,8.2666015625,2.4
2013-09-04,10:03:58,1.0,8.49989482334682,2.5
2013-09-04,10:08:58,1.0,9.59991455078125,2.4
2013-09-04,10:13:58,1.0,8.999900817871094,2.333333333333333
2013-09-04,10:18:58,1.0,7.399940490722656,2.333333333333333
2013-09-04,10:23:58,1.0,7.533251444498699,2.333333333333333
2013-09-04,10:28:58,1.0,9.06659444173177,2.333333333333333
2013-09-04,10:33:58,1.0,9.066581726074219,2.333333333333333
2013-09-04,10:38:58,1.0,11.199874877929688,2.333333333333333
2013-09-04,10:43:58,1.0,8.799934387207031,2.333333333333333
2013-09-04,10:48:58,1.0,6.133282979329426,2.466666666666667
2013-09-04,10:53:58,1.0,6.866594950358072,2.533333333333333
2013-09-04,10:58:58,1.0,8.133265177408854,2.6666666666666665
2013-09-04,11:03:58,1.0666666666666669,11.06653849283854,100.0
2013-09-04,11:08:58,1.0,9.399909973144531,2.6
2013-09-04,11:13:58,1.0,7.733243306477864,2.533333333333333
2013-09-04,11:18:59,1.0,8.333193461100262,2.6
2013-09-04,11:23:59,1.0,11.799888610839844,2.6
2013-09-04,11:28:59,1.0,9.59991455078125,2.6
2013-09-04,11:33:59,1.0,8.666547139485676,2.6
2013-09-04,11:38:59,1.0,8.399925231933594,2.533333333333333
2013-09-04,11:43:59,1.1,10.19989013671875,100.0
2013-09-04,11:48:59,1.6333333333333335,16.399879455566406,100.0
2013-09-04,11:53:59,1.6,19.199905395507812,100.0
2013-09-04,11:58:59,1.5,18.399887084960938,100.0
2013-09-04,12:03:59,1.5666666666666669,17.59990692138672,100.0
2013-09-04,12:08:59,2.4333333333333336,22.799911499023438,100.0
2013-09-04,12:13:59,1.5,19.99988555908203,100.0
2013-09-04,12:18:59,1.1333333333333333,16.199913024902344,100.0
2013-09-04,12:23:59,1.0,9.599876403808594,2.6
2013-09-04,12:28:59,1.0,10.199851989746094,2.533333333333333
2013-09-04,12:33:59,1.0,7.3333104451497375,2.466666666666667
2013-09-04,12:38:59,1.0,7.999916076660156,2.466666666666667
2013-09-04,12:43:59,1.0,7.666613260904947,2.533333333333333
2013-09-04,12:48:59,1.0,9.999885559082031,2.6666666666666665
2013-09-04,12:53:59,1.0,7.399978637695312,2.533333333333333
2013-09-04,12:58:59,1.0,8.199920654296875,2.533333333333333
2013-09-04,13:03:59,1.0,7.133267720540365,2.6666666666666665
2013-09-04,13:09:00,1.0,6.799964904785156,2.6
2013-09-04,13:14:00,1.0,7.333272298177083,2.466666666666667
2013-09-04,13:19:00,1.0,8.799858093261719,2.4
2013-09-04,13:24:00,1.0,7.799949645996093,2.533333333333333
2013-09-04,13:29:00,1.0,9.199905395507812,2.6666666666666665
2013-09-04,13:34:00,1.0,7.933260599772135,2.533333333333333
2013-09-04,13:39:00,1.0,8.933219909667969,2.6
2013-09-04,13:44:00,1.0,7.599945068359375,2.4
2013-09-04,13:49:00,1.0,7.199974060058594,2.6666666666666665
2013-09-04,13:54:00,1.0,6.599960327148438,2.6666666666666665
2013-09-04,13:59:00,1.0,8.133265177408854,2.6
2013-09-04,14:04:00,1.0,8.199933369954428,2.4
2013-09-04,14:09:00,1.0,8.199920654296875,2.6
2013-09-04,14:14:00,1.0,8.199920654296875,2.6
2013-09-04,14:19:00,1.0,7.9998779296875,2.6
2013-09-04,14:24:00,1.0,7.333272298177083,2.533333333333333
2013-09-04,14:29:00,1.0,9.199930826822916,2.533333333333333
2013-09-04,14:34:00,1.0,7.933260599772135,2.6
2013-09-04,14:39:00,1.0,8.666559855143227,2.466666666666667
2013-09-04,14:44:00,1.0,7.999954223632813,2.6666666666666665
2013-09-04,14:49:00,1.0,7.399940490722656,2.466666666666667
2013-09-04,14:54:00,1.0,6.933301289876302,2.333333333333333
2013-09-04,14:59:00,1.0,7.733256022135417,2.4
2013-09-04,15:04:00,1.1,9.466514587402344,100.0
2013-09-04,15:09:00,1.0,7.399940490722656,2.333333333333333
2013-09-04,15:14:00,1.0,7.199974060058594,2.333333333333333
2013-09-04,15:19:00,1.0,6.666590372721354,2.333333333333333
2013-09-04,15:24:01,1.0,6.199951171875,2.333333333333333
2013-09-04,15:29:01,1.0,9.399909973144531,2.333333333333333
2013-09-04,15:34:01,1.0,8.799858093261719,2.333333333333333
2013-09-04,15:39:01,1.0,7.399978637695312,2.333333333333333
2013-09-04,15:44:01,1.0,7.333285013834636,2.4
2013-09-04,15:49:01,1.0666666666666669,8.999888102213541,100.0
2013-09-04,15:54:01,1.7,13.199920654296877,100.0
2013-09-04,15:59:01,1.5666666666666669,17.26659138997396,100.0
2013-09-04,16:04:01,2.333333333333333,19.86652374267578,100.0
2013-09-04,16:09:01,1.7666666666666666,28.066609700520832,100.0
2013-09-04,16:14:01,1.5,21.399917602539062,100.0
2013-09-04,16:19:01,1.5666666666666669,19.99988555908203,100.0
2013-09-04,16:24:01,1.2333333333333334,17.66652425130208,100.0
2013-09-04,16:29:01,1.0,9.466565450032551,2.333333333333333
2013-09-04,16:34:01,1.0,8.333244323730469,2.333333333333333
2013-09-04,16:39:01,1.0,10.66656748453776,2.333333333333333
2013-09-04,16:44:01,1.0,7.666600545247395,2.4
2013-09-04,16:49:01,1.0,8.133227030436197,2.333333333333333
2013-09-04,16:54:01,1.0,8.133252461751301,2.333333333333333
2013-09-04,16:59:01,1.0,7.599957784016925,2.333333333333333
2013-09-04,17:04:01,1.0,7.533302307128905,2.2666666666666666
2013-09-04,17:09:01,1.0,7.8665924072265625,2.333333333333333
2013-09-04,17:14:01,1.0,7.599881490071615,2.4
2013-09-04,17:19:01,1.0,7.399902343750001,2.333333333333333
2013-09-04,17:24:02,1.0,8.066635131835938,2.333333333333333
2013-09-04,17:29:02,1.0,8.799921671549479,2.333333333333333
2013-09-04,17:34:02,1.0,7.266642252604166,2.4
2013-09-04,17:39:02,1.0,8.466580708821615,2.333333333333333
2013-09-04,17:44:02,1.0,10.266583760579428,2.333333333333333
2013-09-04,17:49:02,1.0,7.799936930338541,2.333333333333333
2013-09-04,17:54:02,1.0,8.266576131184895,2.333333333333333
2013-09-04,17:59:02,1.0,8.799921671549479,2.333333333333333
2013-09-04,18:04:02,1.0,7.133267720540365,2.4
2013-09-04,18:09:02,1.0,7.866579691569011,2.333333333333333
2013-09-04,18:14:01,1.0,8.999824523925781,2.4
2013-09-04,18:19:01,1.0,7.53326416015625,2.333333333333333
2013-09-04,18:24:01,1.0,8.999862670898438,2.333333333333333
2013-09-04,18:29:01,1.0,10.066579182942709,2.333333333333333
2013-09-04,18:34:01,1.0,6.599960327148438,2.333333333333333
2013-09-04,18:39:01,1.0,6.533292134602865,2.333333333333333
2013-09-04,18:44:01,1.0,6.066614786783854,2.466666666666667
2013-09-04,18:49:01,1.0,5.733273824055988,2.466666666666667
2013-09-04,18:54:01,1.0,7.133267720540365,2.333333333333333
2013-09-04,18:59:01,1.0,8.73321533203125,2.6
2013-09-04,19:04:01,1.1,9.066569010416666,100.0
2013-09-04,19:09:01,1.0,8.266614278157553,2.4
2013-09-04,19:14:01,1.0,7.266604105631512,2.466666666666667
2013-09-04,19:19:02,1.0,7.333285013834636,2.333333333333333
2013-09-04,19:24:02,1.0,8.599878946940104,2.333333333333333
2013-09-04,19:29:02,1.0,9.533233642578125,2.466666666666667
2013-09-04,19:34:02,1.0,6.266619364420572,2.333333333333333
2013-09-04,19:39:02,1.0,6.533292134602865,2.333333333333333
2013-09-04,19:44:02,1.0,9.199867248535156,2.333333333333333
2013-09-04,19:49:02,1.1333333333333333,8.19989522298177,100.0
2013-09-04,19:54:02,1.5,15.066566467285156,100.0
2013-09-04,19:59:02,1.5333333333333334,18.733253479003906,100.0
2013-09-04,20:04:02,1.8666666666666665,18.733202616373696,100.0
2013-09-04,20:09:02,2.1,28.19992065429687,100.0
2013-09-04,20:14:02,1.5,20.599899291992188,100.0
2013-09-04,20:19:02,1.5,20.533231099446613,100.0
2013-09-04,20:24:02,1.0,16.999880472819008,100.0
2013-09-04,20:29:02,0.8666666666666667,9.133224487304688,10.466666666666667
2013-09-04,20:34:02,1.0,7.599983215332032,2.333333333333333
2013-09-04,20:39:02,1.0,7.13330586751302,2.333333333333333
2013-09-04,20:44:02,1.0,6.599960327148438,2.333333333333333
2013-09-04,20:49:02,0.9333333333333332,6.99993133544922,2.333333333333333
2013-09-04,20:54:02,1.0,8.19989522298177,2.333333333333333
2013-09-04,20:59:02,1.0,8.933219909667969,2.333333333333333
2013-09-04,21:04:02,1.0,8.066584269205729,2.4
2013-09-04,21:09:02,1.0,9.399846394856771,2.4
2013-09-04,21:14:02,1.0,9.599927266438803,2.333333333333333
2013-09-04,21:19:02,1.0,7.13324228922526,2.333333333333333
2013-09-04,21:24:02,1.0,7.199948628743489,2.4
2013-09-04,21:29:02,0.9666666666666668,7.599957784016925,1.9333333333333331
2013-09-04,21:34:02,1.0,9.533170064290365,2.2666666666666666
2013-09-04,21:39:02,1.0,8.666572570800781,2.066666666666667
2013-09-04,21:44:03,1.0,8.399874369303385,2.066666666666667
2013-09-04,21:49:03,1.0,9.866523742675781,2.0
2013-09-04,21:54:03,1.0,7.733319600423178,2.533333333333333
2013-09-04,21:59:03,1.0,7.666613260904947,2.066666666666667
2013-09-04,22:04:03,1.0,9.46650187174479,2.066666666666667
2013-09-04,22:09:03,1.0,8.399887084960938,2.066666666666667
2013-09-04,22:14:03,0.9666666666666668,10.066566467285156,2.2
2013-09-04,22:19:03,1.0,9.733200073242188,2.066666666666667
2013-09-04,22:24:03,1.0,7.866579691569011,2.066666666666667
2013-09-04,22:29:03,1.0,6.86663309733073,2.066666666666667
2013-09-04,22:34:03,1.0,6.266619364420572,2.1333333333333333
2013-09-04,22:39:03,1.0,6.799914042154947,2.0
2013-09-04,22:44:03,1.0,7.599906921386719,2.0
2013-09-04,22:49:03,1.0,5.7999420166015625,2.066666666666667
2013-09-04,22:54:03,1.0,7.3333104451497375,2.1333333333333333
2013-09-04,22:59:03,1.0,7.199974060058594,2.1333333333333333
2013-09-04,23:04:03,1.1,9.266535441080729,100.0
2013-09-04,23:09:03,1.0,7.866566975911458,2.066666666666667
2013-09-04,23:14:03,1.0,8.333231608072916,2.2
2013-09-04,23:19:03,1.0,6.266581217447918,2.2
2013-09-04,23:24:03,1.0,10.933214823404946,2.2666666666666666
2013-09-04,23:29:03,1.0,10.666542053222656,2.333333333333333
2013-09-04,23:34:03,1.0,7.866617838541666,2.333333333333333
2013-09-04,23:39:03,1.0,6.799964904785156,2.066666666666667
2013-09-04,23:44:03,1.0,6.133282979329426,2.2666666666666666
2013-09-04,23:49:03,1.2666666666666666,7.266591389973959,100.0
2013-09-04,23:54:03,1.5,16.266530354817707,100.0
2013-09-04,23:59:03,1.5,18.533261617024742,100.0
2013-09-05,00:04:03,1.5666666666666669,18.999862670898438,100.0
2013-09-05,00:09:03,2.3,24.26661173502604,100.0
2013-09-05,00:14:04,1.6,17.93322245279948,100.0
2013-09-05,00:19:04,1.4666666666666666,17.39988962809245,100.0
2013-09-05,00:24:04,1.0,13.333231608072918,2.2
2013-09-05,00:29:04,1.0,8.266563415527344,2.1333333333333333
2013-09-05,00:34:04,1.0,6.99993133544922,2.333333333333333
2013-09-05,00:39:04,1.0,7.133267720540365,2.2
2013-09-05,00:44:04,0.9666666666666668,7.866617838541666,2.2
2013-09-05,00:49:04,0.9666666666666668,7.999916076660156,2.2666666666666666
2013-09-05,00:54:04,1.0,8.599891662597656,2.2
2013-09-05,00:59:04,1.0,6.999969482421875,2.2
2013-09-05,01:04:04,1.1,6.133282979329426,100.0
2013-09-05,01:09:04,1.0,6.066576639811197,2.2666666666666666
2013-09-05,01:14:04,1.0,7.999928792317706,2.2666666666666666
2013-09-05,01:19:04,1.0,6.933301289876302,2.2666666666666666
2013-09-05,01:24:04,1.0,6.733296712239584,2.2
2013-09-05,01:29:04,1.0,8.266576131184895,2.2
2013-09-05,01:34:04,2.2,11.666577657063804,10.4
2013-09-05,01:39:04,1.0,16.066551208496094,3.066666666666667
2013-09-05,01:44:04,1.0,9.333216349283854,2.2
2013-09-05,01:49:04,1.4333333333333331,12.933197021484375,100.0
2013-09-05,01:54:04,1.5,19.399871826171875,100.0
2013-09-05,01:59:04,1.5,19.39992268880208,100.0
2013-09-05,02:04:04,2.3,19.466590881347656,100.0
2013-09-05,02:09:04,2.0,22.933222452799477,100.0
2013-09-05,02:14:04,1.9666666666666663,17.133229573567707,100.0
2013-09-05,02:19:04,1.6666666666666663,17.19989776611328,100.0
2013-09-05,02:24:05,1.0,10.399894714355469,2.2
2013-09-05,02:29:05,1.0,7.999954223632813,2.2666666666666666
2013-09-05,02:34:05,1.0,5.533269246419271,2.066666666666667
2013-09-05,02:39:05,1.0,5.666605631510416,2.2222222222222223
2013-09-05,02:44:05,1.0,7.13330586751302,2.1333333333333333
2013-09-05,02:49:05,1.0,7.5999196370442705,2.2
2013-09-05,02:54:05,1.0,7.9998779296875,2.066666666666667
2013-09-05,02:59:05,1.0,8.466593424479168,2.2
2013-09-05,03:04:05,1.0,8.866564432779947,2.2666666666666666
2013-09-05,03:09:05,1.0,9.199867248535156,2.333333333333333
2013-09-05,03:14:05,1.0,6.199951171875,2.4
2013-09-05,03:19:05,1.0,7.93322245279948,2.1333333333333333
2013-09-05,03:24:05,1.0,10.399894714355469,2.4
2013-09-05,03:29:05,1.0,9.399948120117188,2.4
2013-09-05,03:34:05,1.0,9.199867248535156,2.2666666666666666
2013-09-05,03:39:05,1.4333333333333331,10.866546630859375,2.533333333333333
2013-09-05,03:44:05,2.2666666666666666,34.46662902832031,2.2666666666666666
2013-09-05,03:49:05,1.0,17.999916076660156,2.2
2013-09-05,03:54:05,1.0,11.599884033203125,2.2
2013-09-05,03:59:05,1.6666666666666663,12.199859619140625,100.0
2013-09-05,04:04:05,2.0,17.19989776611328,100.0
2013-09-05,04:09:05,1.9666666666666663,18.19988250732422,100.0
2013-09-05,04:14:05,1.7666666666666666,21.399879455566406,100.0
2013-09-05,04:19:05,1.0,12.9998779296875,2.466666666666667
2013-09-05,04:24:05,1.0,7.93328603108724,2.533333333333333
2013-09-05,04:29:05,1.0,8.599929809570312,2.466666666666667
2013-09-05,04:34:05,1.0,9.933217366536457,2.533333333333333
2013-09-05,04:39:05,1.0,10.399894714355469,2.4
2013-09-05,04:44:05,1.0,8.39996337890625,2.533333333333333
2013-09-05,04:49:05,1.0,9.399909973144531,2.533333333333333
2013-09-05,04:54:05,1.0,7.399940490722656,2.2666666666666666
2013-09-05,04:59:05,1.0,9.666544596354166,2.533333333333333
2013-09-05,05:04:05,1.0,8.999862670898438,2.533333333333333
2013-09-05,05:09:05,1.0,7.999954223632813,2.466666666666667
2013-09-05,05:14:05,1.0,8.199882507324219,2.533333333333333
2013-09-05,05:19:05,1.0,7.599945068359375,2.4
2013-09-05,05:24:05,1.0,7.666613260904947,2.6
2013-09-05,05:29:05,1.0,8.199920654296875,2.6
2013-09-05,05:34:05,1.0,7.599945068359375,2.533333333333333
2013-09-05,05:39:05,1.0,9.733250935872396,2.466666666666667
2013-09-05,05:44:05,1.0,7.7999114990234375,2.4
2013-09-05,05:49:05,1.0,6.3999176025390625,2.466666666666667
2013-09-05,05:54:05,1.0,7.13324228922526,2.7333333333333334
2013-09-05,05:59:05,1.0,8.333244323730469,2.533333333333333
2013-09-05,06:04:05,1.0,7.466634114583331,2.4
2013-09-05,06:09:05,1.0,8.199920654296875,2.6
2013-09-05,06:14:05,1.0,7.399940490722656,2.6
2013-09-05,06:19:05,1.0,6.999969482421875,2.466666666666667
2013-09-05,06:24:05,1.0,8.999862670898438,2.466666666666667
2013-09-05,06:29:05,1.0,9.133211771647135,2.6
2013-09-05,06:34:06,1.0,8.53326161702474,2.6
2013-09-05,06:39:06,1.0,7.7999114990234375,2.466666666666667
2013-09-05,06:44:06,1.0,8.19994608561198,2.533333333333333
2013-09-05,06:49:06,1.0,10.199851989746094,2.6
2013-09-05,06:54:06,1.0,8.533287048339844,2.533333333333333
2013-09-05,06:59:06,1.0,6.4665985107421875,2.4
2013-09-05,07:04:06,1.1,8.666585286458334,100.0
2013-09-05,07:09:06,1.0,8.133277893066406,2.6666666666666665
2013-09-05,07:14:06,1.0,9.533233642578125,2.6
2013-09-05,07:19:06,1.0,10.199877421061196,2.6
2013-09-05,07:24:06,1.0,9.733174641927084,2.6666666666666665
2013-09-05,07:29:06,1.0,8.533248901367188,2.466666666666667
2013-09-05,07:34:06,1.0,7.333259582519531,2.533333333333333
2013-09-05,07:39:06,1.0,7.933273315429687,2.6666666666666665
2013-09-05,07:44:06,1.0,8.399912516276041,2.6666666666666665
2013-09-05,07:49:06,1.2333333333333334,8.399925231933594,100.0
2013-09-05,07:54:06,1.5,19.199918111165367,100.0
2013-09-05,07:59:06,1.5666666666666669,20.599937438964844,100.0
2013-09-05,08:04:06,2.5,22.53321329752604,100.0
2013-09-05,08:09:06,1.5666666666666669,29.466565450032544,100.0
2013-09-05,08:14:06,1.5333333333333334,20.866572062174477,100.0
2013-09-05,08:19:06,1.5666666666666669,18.39984893798828,100.0
2013-09-05,08:24:06,1.0,15.533256530761719,2.533333333333333
2013-09-05,08:29:07,1.0,10.199928283691406,2.466666666666667
2013-09-05,08:34:07,0.9666666666666668,9.733238220214844,2.6666666666666665
2013-09-05,08:39:07,1.0,7.3333104451497375,2.6
2013-09-05,08:44:07,1.0,7.266591389973959,2.533333333333333
2013-09-05,08:49:07,1.0,8.666572570800781,2.533333333333333
2013-09-05,08:54:07,1.0,7.666600545247395,2.533333333333333
2013-09-05,08:59:07,1.0,9.466540018717447,2.6666666666666665
2013-09-05,09:04:07,1.0,8.666547139485676,2.6666666666666665
2013-09-05,09:09:07,1.0,8.533223470052082,2.533333333333333
2013-09-05,09:14:07,1.0,7.533276875813801,2.6
2013-09-05,09:19:07,1.0,7.06658681233724,2.6666666666666665
2013-09-05,09:24:07,1.0,8.199933369954428,2.6
2013-09-05,09:29:07,1.0,7.466595967610677,2.6666666666666665
2013-09-05,09:34:07,1.0,6.466623942057291,2.6666666666666665
2013-09-05,09:39:07,1.0,8.466542561848957,2.6666666666666665
2013-09-05,09:44:07,0.9333333333333332,7.933247884114582,2.6666666666666665
2013-09-05,09:49:07,1.0,6.199938456217447,2.6666666666666665
2013-09-05,09:54:07,0.9666666666666668,7.133267720540365,2.6
2013-09-05,09:59:07,1.0,7.466646830240885,2.6666666666666665
2013-09-05,10:04:07,1.0,9.066569010416666,2.6666666666666665
2013-09-05,10:09:07,1.0,6.666615804036459,2.6666666666666665
2013-09-05,10:14:07,1.0,8.599891662597656,2.533333333333333
2013-09-05,10:19:07,1.0,8.59991709391276,2.7333333333333334
2013-09-05,10:24:07,1.0,9.533259073893227,2.6
2013-09-05,10:29:07,1.0,9.933191935221354,2.6666666666666665
2013-09-05,10:34:07,1.0,9.399897257486979,2.6
2013-09-05,10:39:07,1.0,8.799896240234375,2.533333333333333
2013-09-05,10:44:07,1.0,9.799893697102863,2.6666666666666665
2013-09-05,10:49:07,1.0,7.933273315429687,2.533333333333333
2013-09-05,10:54:07,1.0,8.79988352457682,2.533333333333333
2013-09-05,10:59:07,1.0,9.733212788899738,2.6666666666666665
2013-09-05,11:04:07,1.1,10.133247375488281,100.0
2013-09-05,11:09:07,1.0,8.13323974609375,2.7333333333333334
2013-09-05,11:14:08,1.0,7.066637674967448,2.6666666666666665
2013-09-05,11:19:08,1.0,6.733258565266925,2.6666666666666665
2013-09-05,11:24:08,1.0,6.733271280924479,2.6
2013-09-05,11:29:08,1.0,7.866579691569011,2.533333333333333
2013-09-05,11:34:08,1.0,5.7332611083984375,2.6666666666666665
2013-09-05,11:39:08,0.9,6.6666285196940125,2.6
2013-09-05,11:44:08,1.0333333333333332,10.19989013671875,100.0
2013-09-05,11:49:08,1.5333333333333334,13.599866231282551,100.0
2013-09-05,11:54:08,1.6,17.733243306477863,100.0
2013-09-05,11:59:08,1.5333333333333334,17.533200581868485,100.0
2013-09-05,12:04:08,1.5666666666666669,18.466517130533855,100.0
2013-09-05,12:09:08,2.3,26.59989674886068,100.0
2013-09-05,12:14:08,1.5666666666666669,23.599917093912765,100.0
2013-09-05,12:19:08,1.3,19.933242797851562,100.0
2013-09-05,12:24:07,1.0,11.933224995930992,2.6666666666666665
2013-09-05,12:29:07,1.0,9.866511027018229,2.6666666666666665
2013-09-05,12:34:07,1.0,9.399871826171875,2.4
2013-09-05,12:39:07,1.0,8.133265177408854,2.333333333333333
2013-09-05,12:44:07,1.0,7.1999359130859375,2.6
2013-09-05,12:49:07,1.0,7.666638692220053,2.333333333333333
2013-09-05,12:54:07,1.0,7.866617838541666,2.333333333333333
2013-09-05,12:59:07,1.0,6.599947611490885,2.2666666666666666
2013-09-05,13:04:07,1.0,7.399902343750001,2.533333333333333
2013-09-05,13:09:07,1.0,8.066546122233074,2.466666666666667
2013-09-05,13:14:07,0.9666666666666668,8.533236185709635,2.466666666666667
2013-09-05,13:19:07,1.0,6.533292134602865,2.4
2013-09-05,13:24:08,1.0,6.933301289876302,2.4
2013-09-05,13:29:08,1.0,7.599983215332032,2.333333333333333
2013-09-05,13:34:08,1.0,7.399978637695312,2.4
2013-09-05,13:39:08,1.0,8.666559855143227,2.466666666666667
2013-09-05,13:44:08,1.0,9.266586303710938,2.466666666666667
2013-09-05,13:49:08,1.0,7.733319600423178,2.4
2013-09-05,13:54:08,0.9666666666666668,6.933301289876302,2.4
2013-09-05,13:59:08,1.0,7.666613260904947,2.466666666666667
2013-09-05,14:04:08,0.9666666666666668,8.799921671549479,2.333333333333333
2013-09-05,14:09:08,1.0,7.866643269856771,2.466666666666667
2013-09-05,14:14:08,1.0,8.599866231282551,2.466666666666667
2013-09-05,14:19:08,1.0,6.066614786783854,2.333333333333333
2013-09-05,14:24:08,1.0,6.93328857421875,2.466666666666667
2013-09-05,14:29:08,1.0,6.666603088378905,2.333333333333333
2013-09-05,14:34:08,1.0,6.733245849609375,2.933333333333333
2013-09-05,14:39:08,1.0,8.2666015625,2.6666666666666665
2013-09-05,14:44:08,1.0,8.666572570800781,2.6666666666666665
2013-09-05,14:49:08,1.0,6.133282979329426,2.6666666666666665
2013-09-05,14:54:08,1.0,6.599960327148438,2.6666666666666665
2013-09-05,14:59:08,1.0,7.133229573567706,2.6666666666666665
2013-09-05,15:04:08,1.1,9.733225504557291,100.0
2013-09-05,15:09:08,1.0,6.399955749511718,2.6
2013-09-05,15:14:08,1.0,6.666603088378905,2.6666666666666665
2013-09-05,15:19:08,1.0,6.933237711588541,2.6
2013-09-05,15:24:08,1.0,6.99993133544922,2.6666666666666665
2013-09-05,15:29:09,1.0,8.933245340983072,2.6666666666666665
2013-09-05,15:34:09,1.0,6.99993133544922,2.6666666666666665
2013-09-05,15:39:09,1.0,6.999969482421875,2.6
2013-09-05,15:44:09,1.0,7.666613260904947,2.533333333333333
2013-09-05,15:49:09,1.1333333333333333,9.133249918619791,100.0
2013-09-05,15:54:09,1.5333333333333334,16.933212280273438,100.0
2013-09-05,15:59:09,1.5,16.599884033203125,100.0
2013-09-05,16:04:09,2.1,18.866564432779946,100.0
2013-09-05,16:09:09,1.6666666666666663,25.533231099446606,100.0
2013-09-05,16:14:09,1.5,18.399861653645832,100.0
2013-09-05,16:19:09,1.5,19.333229064941406,100.0
2013-09-05,16:24:09,1.1,15.99988301595052,100.0
2013-09-05,16:29:09,1.0,10.733210245768229,2.6
2013-09-05,16:34:09,1.0,8.39996337890625,2.6
2013-09-05,16:39:09,1.0,9.133224487304688,2.6666666666666665
2013-09-05,16:44:09,1.0,7.8665924072265625,2.466666666666667
2013-09-05,16:49:09,1.0,9.666544596354166,2.6666666666666665
2013-09-05,16:54:09,1.0,8.133265177408854,2.6666666666666665
2013-09-05,16:59:09,1.0,7.533251444498699,2.6666666666666665
2013-09-05,17:04:09,1.0,6.599960327148438,2.6
2013-09-05,17:09:09,1.0,7.266629536946613,2.6666666666666665
2013-09-05,17:14:09,1.0,8.666534423828125,2.6666666666666665
2013-09-05,17:19:09,1.0,7.8665924072265625,2.6
2013-09-05,17:24:09,1.0,7.99994150797526,2.533333333333333
2013-09-05,17:29:09,1.0,7.666625976562499,2.466666666666667
2013-09-05,17:34:09,1.0,7.533315022786459,2.533333333333333
2013-09-05,17:39:09,1.0,6.733296712239584,2.6666666666666665
2013-09-05,17:44:09,1.0,7.866566975911458,2.533333333333333
2013-09-05,17:49:09,1.0,8.199933369954428,2.466666666666667
2013-09-05,17:54:09,1.0,8.266563415527344,2.533333333333333
2013-09-05,17:59:09,1.0,6.86663309733073,2.466666666666667
2013-09-05,18:04:09,1.0,7.333259582519531,2.466666666666667
2013-09-05,18:09:09,1.0,8.19989522298177,2.466666666666667
2013-09-05,18:14:10,1.0,7.399978637695312,2.533333333333333
2013-09-05,18:19:10,1.0,6.933301289876302,2.466666666666667
2013-09-05,18:24:10,1.0,8.13323974609375,2.466666666666667
2013-09-05,18:29:10,1.0,9.399909973144531,2.466666666666667
2013-09-05,18:34:10,1.0,7.599945068359375,2.466666666666667
2013-09-05,18:39:10,1.0,8.333218892415363,2.4
2013-09-05,18:44:10,1.0,7.599945068359375,2.4
2013-09-05,18:49:10,1.0,10.199902852376303,2.533333333333333
2013-09-05,18:54:10,1.0,6.199925740559896,2.333333333333333
2013-09-05,18:59:10,1.0,5.733273824055988,2.466666666666667
2013-09-05,19:04:10,1.1,9.266560872395834,100.0
2013-09-05,19:09:10,1.0,8.2666015625,2.333333333333333
2013-09-05,19:14:10,1.0,7.4666086832682295,2.333333333333333
2013-09-05,19:19:10,1.0,8.533223470052082,2.4
2013-09-05,19:24:10,1.0,8.133277893066406,2.4
2013-09-05,19:29:10,1.0,8.399887084960938,2.333333333333333
2013-09-05,19:34:10,1.0,8.333257039388021,2.333333333333333
2013-09-05,19:39:10,1.0,9.266599019368488,2.4
2013-09-05,19:44:10,1.0,9.733289082845053,2.333333333333333
2013-09-05,19:49:10,1.1666666666666667,7.199961344401042,100.0
2013-09-05,19:54:10,1.7,14.933255513509113,100.0
2013-09-05,19:59:10,1.5333333333333334,20.19989013671875,100.0
2013-09-05,20:04:10,2.3,20.39990743001302,100.0
2013-09-05,20:09:10,1.7,24.19994354248047,100.0
2013-09-05,20:14:10,1.5333333333333334,19.59991455078125,100.0
2013-09-05,20:19:10,1.5,19.599876403808594,100.0
2013-09-05,20:24:10,1.1333333333333333,16.799888610839844,100.0
2013-09-05,20:29:10,1.0,9.799880981445312,2.333333333333333
2013-09-05,20:34:10,1.0,9.399846394856771,2.333333333333333
2013-09-05,20:39:10,1.0,8.599929809570312,2.4
2013-09-05,20:44:10,1.0,6.599960327148438,2.333333333333333
2013-09-05,20:49:10,1.0,8.466567993164062,2.4
2013-09-05,20:54:11,1.0,7.599983215332032,2.466666666666667
2013-09-05,20:59:11,1.0,7.266642252604166,2.333333333333333
2013-09-05,21:04:11,1.0,7.933311462402344,2.466666666666667
2013-09-05,21:09:11,1.0,7.866566975911458,2.466666666666667
2013-09-05,21:14:11,1.0,8.599866231282551,2.466666666666667
2013-09-05,21:19:11,1.0,8.666598002115885,2.4
2013-09-05,21:24:11,1.0,7.13330586751302,2.466666666666667
2013-09-05,21:29:10,1.0,7.133267720540365,2.333333333333333
2013-09-05,21:34:10,1.0,6.399955749511718,2.4
2013-09-05,21:39:10,1.0,6.86663309733073,2.466666666666667
2013-09-05,21:44:10,1.0,7.266578674316407,2.333333333333333
2013-09-05,21:49:10,1.0,9.999847412109375,2.466666666666667
2013-09-05,21:54:10,1.0,6.466623942057291,2.6666666666666665
2013-09-05,21:59:10,1.0,7.666613260904947,2.466666666666667
2013-09-05,22:04:10,1.0,6.733296712239584,2.6
2013-09-05,22:09:10,1.0,7.4666086832682295,2.6666666666666665
2013-09-05,22:14:10,1.0,6.866594950358072,2.6
2013-09-05,22:19:11,1.0,5.733273824055988,2.6
2013-09-05,22:24:11,1.0,6.533253987630207,2.533333333333333
2013-09-05,22:29:11,1.0,8.599929809570312,2.6
2013-09-05,22:34:11,1.0,7.4666086832682295,2.6
2013-09-05,22:39:11,0.9666666666666668,7.266642252604166,2.6
2013-09-05,22:44:11,1.0,8.199920654296875,2.6
2013-09-05,22:49:11,0.9666666666666668,7.0666249593098955,2.6666666666666665
2013-09-05,22:54:11,0.9666666666666668,8.266626993815105,2.6
2013-09-05,22:59:11,1.0,8.199958801269531,2.6
2013-09-05,23:04:11,1.0666666666666669,8.066571553548176,100.0
2013-09-05,23:09:11,1.0,9.399909973144531,2.533333333333333
2013-09-05,23:14:11,1.0,7.466621398925781,2.6666666666666665
2013-09-05,23:19:11,1.0,9.199905395507812,2.6
2013-09-05,23:24:11,1.0,10.13318379720052,2.6
2013-09-05,23:29:11,1.0,9.999847412109375,2.6
2013-09-05,23:34:11,1.0,8.399925231933594,2.6666666666666665
2013-09-05,23:39:11,1.0,6.399955749511718,2.6666666666666665
2013-09-05,23:44:11,1.0,7.533213297526041,2.6666666666666665
2013-09-05,23:49:11,1.0666666666666669,7.866566975911458,100.0
2013-09-05,23:54:11,1.5,10.399945576985676,100.0
2013-09-05,23:59:11,1.5,16.19990030924479,100.0
2013-09-06,00:04:11,1.5666666666666669,15.599899291992186,100.0
2013-09-06,00:09:11,1.5,16.399879455566406,100.0
2013-09-06,00:14:11,3.2,20.86655934651693,100.0
2013-09-06,00:19:11,1.5,35.39992014567057,100.0
2013-09-06,00:24:11,1.8,24.06660715738932,100.0
2013-09-06,00:29:11,1.0,18.266563415527344,2.533333333333333
2013-09-06,00:34:11,1.0,10.599861145019531,2.533333333333333
2013-09-06,00:39:12,1.0,7.599970499674479,2.6666666666666665
2013-09-06,00:44:12,1.0,7.4666086832682295,2.6
2013-09-06,00:49:12,1.0,9.266586303710938,2.6
2013-09-06,00:54:12,1.0,10.666542053222656,2.7333333333333334
2013-09-06,00:59:12,1.0,10.066579182942709,2.6666666666666665
2013-09-06,01:04:12,1.1,11.533228556315102,100.0
2013-09-06,01:09:12,1.0,8.933219909667969,2.6666666666666665
2013-09-06,01:14:12,1.0,7.7999114990234375,2.6
2013-09-06,01:19:12,1.0,9.533220926920572,2.6
2013-09-06,01:24:12,1.0,8.599929809570312,2.7333333333333334
2013-09-06,01:29:12,0.9666666666666668,8.399899800618488,2.6
2013-09-06,01:34:12,2.2666666666666666,11.59989674886068,10.866666666666667
2013-09-06,01:39:12,1.0,14.933242797851562,3.333333333333333
2013-09-06,01:44:12,1.2333333333333334,11.199874877929688,100.0
2013-09-06,01:49:12,1.5,16.133206685384113,100.0
2013-09-06,01:54:12,1.5,19.133211771647133,100.0
2013-09-06,01:59:12,1.5,16.46661122639974,100.0
2013-09-06,02:04:12,2.4333333333333336,20.99989573160807,100.0
2013-09-06,02:09:12,1.9666666666666663,27.399927775065102,100.0
2013-09-06,02:14:12,1.9333333333333331,21.7999267578125,100.0
2013-09-06,02:19:12,1.1,16.399904886881508,35.6
2013-09-06,02:24:12,1.1,9.399871826171875,2.333333333333333
2013-09-06,02:29:12,1.0,9.733174641927084,2.533333333333333
2013-09-06,02:34:12,1.0,8.399925231933594,2.4
2013-09-06,02:39:12,1.0,9.866511027018229,2.466666666666667
2013-09-06,02:44:13,1.0,8.73321533203125,2.533333333333333
2013-09-06,02:49:13,1.0333333333333332,6.466623942057291,2.466666666666667
2013-09-06,02:54:13,1.0,5.999946594238281,2.466666666666667
2013-09-06,02:59:13,1.0,6.733258565266925,2.333333333333333
2013-09-06,03:04:13,1.0,8.466593424479168,2.466666666666667
2013-09-06,03:09:13,1.0,7.266604105631512,2.333333333333333
2013-09-06,03:14:13,1.0,6.533253987630207,2.333333333333333
2013-09-06,03:19:13,1.0,7.199910481770834,2.4
2013-09-06,03:24:13,1.0,7.599945068359375,2.333333333333333
2013-09-06,03:29:13,1.0,8.599891662597656,2.4
2013-09-06,03:34:13,1.0,8.733291625976562,2.333333333333333
2013-09-06,03:39:13,1.0,7.1999359130859375,2.333333333333333
2013-09-06,03:44:13,1.0,6.4665985107421875,2.4
2013-09-06,03:49:13,1.0,7.066599527994794,2.333333333333333
2013-09-06,03:54:13,1.0,7.39996592203776,2.333333333333333
2013-09-06,03:59:13,1.5,8.266588846842447,100.0
2013-09-06,04:04:13,2.0,9.066543579101562,100.0
2013-09-06,04:09:13,2.0,7.9999033610026045,100.0
2013-09-06,04:14:13,1.7,7.799949645996093,100.0
2013-09-06,04:19:13,1.0,7.8665924072265625,2.333333333333333
2013-09-06,04:24:13,1.0,10.066515604654947,2.333333333333333
2013-09-06,04:29:13,1.0,11.533215840657554,2.333333333333333
2013-09-06,04:34:13,1.0,8.466618855794271,2.333333333333333
2013-09-06,04:39:13,1.0,6.933301289876302,2.333333333333333
2013-09-06,04:44:13,1.0,7.999954223632813,2.333333333333333
2013-09-06,04:49:13,1.0,8.733228047688803,2.333333333333333
2013-09-06,04:54:13,1.0,9.799931844075521,2.4
2013-09-06,04:59:13,1.0,11.466547648111977,2.4
2013-09-06,05:04:14,1.0,7.933273315429687,2.333333333333333
2013-09-06,05:09:14,1.0,7.666587829589844,2.333333333333333
2013-09-06,05:14:14,1.0,7.933247884114582,2.333333333333333
2013-09-06,05:19:14,1.0,9.333229064941406,2.333333333333333
2013-09-06,05:24:14,1.0,7.599983215332032,2.333333333333333
2013-09-06,05:29:14,1.0,8.333269755045574,2.333333333333333
2013-09-06,05:34:14,1.0,8.333244323730469,2.2666666666666666
2013-09-06,05:39:14,1.0,7.733281453450519,2.333333333333333
2013-09-06,05:44:14,1.0,8.199907938639322,2.4
2013-09-06,05:49:14,1.0,6.266593933105469,2.4
2013-09-06,05:54:14,1.0,6.133282979329426,2.4
2013-09-06,05:59:14,1.0,5.866610209147137,2.533333333333333
2013-09-06,06:04:14,1.0,7.199974060058594,2.2666666666666666
2013-09-06,06:09:14,1.0,6.466623942057291,2.2666666666666666
2013-09-06,06:14:14,1.0,7.06658681233724,2.2
2013-09-06,06:19:14,1.0,7.266629536946613,2.333333333333333
2013-09-06,06:24:14,1.0,8.266614278157553,2.333333333333333
2013-09-06,06:29:14,1.0,8.066571553548176,2.2666666666666666
2013-09-06,06:34:14,1.0,8.53326161702474,2.2666666666666666
2013-09-06,06:39:14,1.0,7.266604105631512,2.333333333333333
2013-09-06,06:44:14,1.0,6.133282979329426,2.2666666666666666
2013-09-06,06:49:14,1.0,6.733296712239584,2.333333333333333
2013-09-06,06:54:14,1.0,8.799947102864582,2.2
2013-09-06,06:59:14,1.0,8.266576131184895,2.2
2013-09-06,07:04:14,1.1,8.733240763346354,100.0
2013-09-06,07:09:14,1.0,9.666595458984375,2.333333333333333
2013-09-06,07:14:14,1.0,6.799939473470053,2.2666666666666666
2013-09-06,07:19:14,1.0,8.399887084960938,2.333333333333333
2013-09-06,07:24:14,1.0,7.666587829589844,2.4
2013-09-06,07:29:14,0.9666666666666668,11.06653849283854,2.333333333333333
2013-09-06,07:34:14,1.0,10.466537475585938,2.2666666666666666
2013-09-06,07:39:14,1.0,10.266558329264322,2.2666666666666666
2013-09-06,07:44:14,1.0,8.666610717773438,2.2666666666666666
2013-09-06,07:49:14,1.3,10.533243815104166,100.0
2013-09-06,07:54:14,1.5,16.933224995930992,100.0
2013-09-06,07:59:14,1.5,15.999933878580727,100.0
2013-09-06,08:04:14,2.3,20.533218383789062,100.0
2013-09-06,08:09:14,1.5333333333333334,24.533220926920578,100.0
2013-09-06,08:14:14,1.5,19.46654001871745,100.0
2013-09-06,08:19:14,1.5333333333333334,19.333203633626304,100.0
2013-09-06,08:24:14,1.0,14.999898274739587,2.2
2013-09-06,08:29:14,1.0,9.46650187174479,2.2666666666666666
2013-09-06,08:34:14,1.0,7.999966939290365,2.2666666666666666
2013-09-06,08:39:14,1.0,7.933260599772135,2.333333333333333
2013-09-06,08:44:14,1.0,9.199879964192709,2.2666666666666666
2013-09-06,08:49:14,1.0,9.066556294759115,2.4
2013-09-06,08:54:15,1.0,8.933181762695312,2.333333333333333
2013-09-06,08:59:15,1.0,9.933191935221354,2.4
2013-09-06,09:04:15,1.0,7.599945068359375,2.066666666666667
2013-09-06,09:09:15,1.0,8.266588846842447,2.066666666666667
2013-09-06,09:14:15,1.0,8.266588846842447,2.066666666666667
2013-09-06,09:19:15,1.0,9.333267211914062,2.0
2013-09-06,09:24:15,1.0,8.599904378255209,2.2666666666666666
2013-09-06,09:29:15,1.0,8.199907938639322,2.333333333333333
2013-09-06,09:34:15,1.0,8.399912516276041,2.2666666666666666
2013-09-06,09:39:15,1.0,8.533198038736979,2.333333333333333
2013-09-06,09:44:15,1.0,7.133267720540365,2.333333333333333
2013-09-06,09:49:15,1.0,7.333272298177083,2.2
2013-09-06,09:54:15,1.0,7.39996592203776,2.066666666666667
2013-09-06,09:59:15,0.9666666666666668,8.8665771484375,2.1333333333333333
2013-09-06,10:04:15,1.0,7.399940490722656,2.066666666666667
2013-09-06,10:09:15,1.0,7.19989776611328,2.0
2013-09-06,10:14:15,1.0,7.666587829589844,2.066666666666667
2013-09-06,10:19:15,1.0,9.733212788899738,2.066666666666667
2013-09-06,10:24:15,1.0,8.666585286458334,2.0
2013-09-06,10:29:15,0.9666666666666668,8.066596984863281,2.0
2013-09-06,10:34:15,1.0,6.533241271972656,2.0
2013-09-06,10:39:15,1.0,6.533253987630207,2.0
2013-09-06,10:44:15,1.0,8.666534423828125,2.0
2013-09-06,10:49:15,1.0,8.599878946940104,2.066666666666667
2013-09-06,10:54:15,1.0,8.933232625325521,2.333333333333333
2013-09-06,10:59:15,0.9666666666666668,8.133290608723959,2.2666666666666666
2013-09-06,11:04:15,1.1,7.999928792317706,100.0
2013-09-06,11:09:15,1.0,8.799896240234375,2.2666666666666666
2013-09-06,11:14:15,1.0,8.333295186360678,2.2666666666666666
2013-09-06,11:19:15,1.0,8.066609700520834,2.2666666666666666
2013-09-06,11:24:15,1.0,7.399940490722656,2.333333333333333
2013-09-06,11:29:15,1.0,8.399925231933594,2.333333333333333
2013-09-06,11:34:16,1.0,9.866600036621094,2.333333333333333
2013-09-06,11:39:16,1.0,8.2666015625,2.2
2013-09-06,11:44:16,1.0,7.999954223632813,2.333333333333333
2013-09-06,11:49:16,1.5,9.59991455078125,100.0
2013-09-06,11:54:16,1.5666666666666669,15.799891153971352,100.0
2013-09-06,11:59:16,1.5,18.199920654296875,100.0
2013-09-06,12:04:16,1.5,16.866544087727863,100.0
2013-09-06,12:09:16,1.7333333333333334,19.199905395507812,100.0
2013-09-06,12:14:16,2.333333333333333,18.39996337890625,100.0
2013-09-06,12:19:16,1.4666666666666666,26.599922180175785,100.0
2013-09-06,12:24:16,1.0,14.133199055989587,2.2
2013-09-06,12:29:16,1.0,8.599853515625,2.333333333333333
2013-09-06,12:34:16,1.0,7.933209737141928,2.333333333333333
2013-09-06,12:39:16,1.0,8.466593424479168,2.2
2013-09-06,12:44:16,1.0,8.53326161702474,2.333333333333333
2013-09-06,12:49:16,1.0,8.999900817871094,2.2
2013-09-06,12:54:16,1.0,7.733281453450519,2.333333333333333
2013-09-06,12:59:16,1.0,7.13330586751302,2.333333333333333
2013-09-06,13:04:16,1.0,7.399978637695312,2.333333333333333
2013-09-06,13:09:16,1.0,8.133277893066406,2.4
2013-09-06,13:14:16,1.0,9.599838256835938,2.333333333333333
2013-09-06,13:19:16,1.0,8.933207194010414,2.2666666666666666
2013-09-06,13:24:16,1.0,10.666529337565104,2.2
2013-09-06,13:29:16,1.0,9.59991455078125,2.333333333333333
2013-09-06,13:34:17,1.0,7.066637674967448,2.333333333333333
2013-09-06,13:39:17,1.0,7.1999231974283875,2.333333333333333
2013-09-06,13:44:17,1.0,6.99993133544922,2.333333333333333
2013-09-06,13:49:17,1.0,5.999946594238281,2.2666666666666666
2013-09-06,13:54:17,1.0,7.266642252604166,2.4
2013-09-06,13:59:17,1.0,8.399887084960938,2.333333333333333
2013-09-06,14:04:17,1.0,6.799964904785156,2.4
2013-09-06,14:09:17,1.0,7.399940490722656,2.2
2013-09-06,14:14:17,1.0,6.399955749511718,2.333333333333333
2013-09-06,14:19:17,1.0,8.999888102213541,2.2666666666666666
2013-09-06,14:24:17,1.0,8.799934387207031,2.333333333333333
2013-09-06,14:29:17,1.0,7.399978637695312,2.333333333333333
2013-09-06,14:34:17,1.0,5.733273824055988,2.2666666666666666
2013-09-06,14:39:17,1.0,6.199951171875,2.2
2013-09-06,14:44:17,1.0,6.399955749511718,2.2
2013-09-06,14:49:17,1.0,8.285631452287946,2.071428571428572
2013-09-06,14:54:17,1.0,9.999885559082031,2.4
2013-09-06,14:59:17,1.0,7.399978637695312,2.2666666666666666
2013-09-06,15:04:17,1.1,7.399902343750001,100.0
2013-09-06,15:09:17,1.0,7.599983215332032,2.4
2013-09-06,15:14:17,1.0,7.9333241780598955,2.2666666666666666
2013-09-06,15:19:17,0.9642857142857144,6.999942234584264,2.142857142857143
2013-09-06,15:24:17,1.0,7.599932352701823,2.333333333333333
2013-09-06,15:29:17,1.0,9.399871826171875,2.333333333333333
2013-09-06,15:34:17,1.0,9.333216349283854,2.333333333333333
2013-09-06,15:39:17,1.0,8.066584269205729,2.333333333333333
2013-09-06,15:44:17,1.0,8.399937947591146,2.333333333333333
2013-09-06,15:49:17,1.1428571428571432,8.071354457310267,100.0
2013-09-06,15:54:17,1.6785714285714286,13.857037680489675,100.0
2013-09-06,15:59:17,1.7666666666666666,19.13323720296224,100.0
2013-09-06,16:04:17,2.3666666666666667,18.999900817871094,100.0
2013-09-06,16:09:17,1.9,26.26659393310547,100.0
2013-09-06,16:14:17,1.7666666666666666,20.19989013671875,100.0
2013-09-06,16:19:17,1.75,19.357013702392578,100.0
2013-09-06,16:24:17,1.1333333333333333,17.866554260253906,78.13333333333334
2013-09-06,16:29:17,1.0,9.999888283865793,2.2142857142857144
2013-09-06,16:34:17,1.0,9.133275349934895,2.333333333333333
2013-09-06,16:39:17,1.0,9.399922688802082,2.333333333333333
2013-09-06,16:44:17,1.0,7.199974060058594,2.333333333333333
2013-09-06,16:49:18,1.0,7.533315022786459,2.8
2013-09-06,16:54:18,1.0,6.399955749511718,2.466666666666667
2013-09-06,16:59:18,1.0,6.133282979329426,2.533333333333333
2013-09-06,17:04:18,1.1,8.266563415527344,2.4
2013-09-06,17:09:18,1.0,8.799921671549479,2.533333333333333
2013-09-06,17:14:18,1.0,9.599876403808594,2.333333333333333
2013-09-06,17:19:18,1.0,7.999928792317706,2.333333333333333
2013-09-06,17:24:18,1.0,6.666615804036459,2.466666666666667
2013-09-06,17:29:18,1.0,8.999862670898438,2.466666666666667
2013-09-06,17:34:18,1.0,7.066599527994794,2.466666666666667
2013-09-06,17:39:18,1.0,6.86663309733073,2.4
2013-09-06,17:44:18,0.9666666666666668,7.599983215332032,2.333333333333333
2013-09-06,17:49:18,1.0,7.5999196370442705,2.333333333333333
2013-09-06,17:54:18,1.0,7.13330586751302,2.333333333333333
2013-09-06,17:59:18,1.0,8.133290608723959,2.4
2013-09-06,18:04:18,1.0,8.199920654296875,2.333333333333333
2013-09-06,18:09:18,1.0,7.999954223632813,2.533333333333333
2013-09-06,18:14:18,1.0,7.733281453450519,2.4
2013-09-06,18:19:18,1.0,7.933247884114582,2.466666666666667
2013-09-06,18:24:18,1.0,8.133252461751301,2.4
2013-09-06,18:29:18,1.0,8.799934387207031,2.466666666666667
2013-09-06,18:34:18,1.0,8.733240763346354,2.333333333333333
2013-09-06,18:39:18,1.0,7.599945068359375,2.4
2013-09-06,18:44:18,1.0,6.799964904785156,2.466666666666667
2013-09-06,18:49:18,1.0,7.13330586751302,2.533333333333333
2013-09-06,18:54:18,1.0,7.266642252604166,2.466666666666667
2013-09-06,18:59:18,2.7,21.399943033854164,2.4
2013-09-06,19:04:19,1.1,28.399925231933594,100.0
2013-09-06,19:09:19,1.0,14.466578165690105,2.6
2013-09-06,19:14:19,1.0,11.199874877929688,2.6666666666666665
2013-09-06,19:19:19,1.0,8.599929809570312,2.6666666666666665
2013-09-06,19:24:19,1.0,7.799949645996093,2.6666666666666665
2013-09-06,19:29:19,1.0,7.999954223632813,2.6666666666666665
2013-09-06,19:34:19,1.0,7.199974060058594,2.6
2013-09-06,19:39:19,1.0,8.599929809570312,2.533333333333333
2013-09-06,19:44:19,1.0,7.999954223632813,2.4
2013-09-06,19:49:19,1.0333333333333332,7.933235168457031,100.0
2013-09-06,19:54:19,1.5666666666666669,14.599914550781252,100.0
2013-09-06,19:59:19,1.5333333333333334,17.399864196777344,100.0
2013-09-06,20:04:19,2.5,20.99987030029297,100.0
2013-09-06,20:09:19,2.1,26.99993133544922,100.0
2013-09-06,20:14:19,1.9333333333333331,19.99988555908203,100.0
2013-09-06,20:19:19,1.9666666666666663,18.999862670898438,100.0
2013-09-06,20:24:19,1.2666666666666666,16.599884033203125,100.0
2013-09-06,20:29:19,1.0333333333333332,10.599861145019531,2.333333333333333
2013-09-06,20:34:19,1.0,7.599945068359375,2.333333333333333
2013-09-06,20:39:19,1.0,6.199951171875,2.4
2013-09-06,20:44:19,1.0,6.399955749511718,2.333333333333333
2013-09-06,20:49:19,1.0,8.799896240234375,2.333333333333333
2013-09-06,20:54:19,1.0,7.866617838541666,2.333333333333333
2013-09-06,20:59:19,0.9666666666666668,5.7999420166015625,2.333333333333333
2013-09-06,21:04:19,1.0,6.599922180175781,2.466666666666667
2013-09-06,21:09:19,1.0,7.53326416015625,2.4
2013-09-06,21:14:19,1.0,9.599927266438803,2.333333333333333
2013-09-06,21:19:19,1.0,6.99993133544922,2.333333333333333
2013-09-06,21:24:19,1.0,8.399887084960938,2.333333333333333
2013-09-06,21:29:19,1.0,7.599983215332032,2.333333333333333
2013-09-06,21:34:19,1.0,5.866610209147137,2.466666666666667
2013-09-06,21:39:19,1.0,9.999885559082031,2.333333333333333
2013-09-06,21:44:19,1.0,7.399902343750001,2.333333333333333
2013-09-06,21:49:20,1.0,6.333274841308594,2.2666666666666666
2013-09-06,21:54:20,1.0,9.599876403808594,2.2
2013-09-06,21:59:20,1.0,8.199958801269531,2.2666666666666666
2013-09-06,22:04:20,1.0,6.99993133544922,2.333333333333333
2013-09-06,22:09:20,1.0,7.533276875813801,2.2
2013-09-06,22:14:20,1.0,7.1999359130859375,2.2
2013-09-06,22:19:20,1.0,5.7999420166015625,2.2666666666666666
2013-09-06,22:24:20,1.0,7.266642252604166,2.2
2013-09-06,22:29:20,1.0,9.199905395507812,2.333333333333333
2013-09-06,22:34:20,1.0,8.39996337890625,2.333333333333333
2013-09-06,22:39:20,1.0,7.399940490722656,2.066666666666667
2013-09-06,22:44:20,1.0,7.1999359130859375,2.2666666666666666
2013-09-06,22:49:20,1.0,7.999916076660156,2.333333333333333
2013-09-06,22:54:20,1.0,8.266588846842447,2.333333333333333
2013-09-06,22:59:20,1.0,8.199958801269531,2.4
2013-09-06,23:04:20,1.1,7.599945068359375,100.0
2013-09-06,23:09:20,1.0,8.666559855143227,2.333333333333333
2013-09-06,23:14:20,1.0,8.199958801269531,2.333333333333333
2013-09-06,23:19:20,1.0,7.599945068359375,2.333333333333333
2013-09-06,23:24:20,1.0,8.599891662597656,2.333333333333333
2013-09-06,23:29:20,1.0,7.999916076660156,2.333333333333333
2013-09-06,23:34:20,1.0,8.399887084960938,2.333333333333333
2013-09-06,23:39:20,1.0,8.39996337890625,2.4
2013-09-06,23:44:20,1.0,7.399978637695312,2.333333333333333
2013-09-06,23:49:20,1.0666666666666669,7.53326416015625,100.0
2013-09-06,23:54:20,1.5333333333333334,11.999931335449219,100.0
2013-09-06,23:59:20,1.6666666666666663,18.599891662597656,100.0
2013-09-07,00:04:20,2.4333333333333336,22.73325602213542,100.0
2013-09-07,00:09:20,1.7,27.266553243001308,100.0
2013-09-07,00:14:20,1.7333333333333334,18.999900817871094,100.0
2013-09-07,00:19:20,1.7,18.466555277506508,100.0
2013-09-07,00:24:20,1.3,16.733245849609375,100.0
2013-09-07,00:29:20,1.0,11.066563924153645,2.466666666666667
2013-09-07,00:34:20,1.0,8.799858093261719,2.333333333333333
2013-09-07,00:39:20,1.0,8.73321533203125,2.466666666666667
2013-09-07,00:44:20,1.0,9.799906412760414,2.4
2013-09-07,00:49:20,1.0,7.533302307128905,2.333333333333333
2013-09-07,00:54:20,1.0,9.466565450032551,2.4
2013-09-07,00:59:20,1.0,7.933235168457031,2.333333333333333
2013-09-07,01:04:20,1.1,8.066584269205729,100.0
2013-09-07,01:09:20,1.0,6.93328857421875,2.333333333333333
2013-09-07,01:14:20,1.0,7.2666168212890625,2.333333333333333
2013-09-07,01:19:20,1.0,7.799898783365887,2.333333333333333
2013-09-07,01:24:20,1.0333333333333332,7.466646830240885,2.333333333333333
2013-09-07,01:29:20,1.0333333333333332,8.933232625325521,2.333333333333333
2013-09-07,01:34:20,2.2666666666666666,14.666557312011719,10.733333333333333
2013-09-07,01:39:20,1.0,13.33320617675781,3.1333333333333333
2013-09-07,01:44:20,1.1666666666666667,12.733205159505212,100.0
2013-09-07,01:49:21,1.8,16.73323313395182,100.0
2013-09-07,01:54:21,1.8333333333333333,18.399925231933594,100.0
2013-09-07,01:59:21,1.8666666666666665,18.93327077229818,100.0
2013-09-07,02:04:21,2.466666666666667,19.46654001871745,100.0
2013-09-07,02:09:21,1.7,24.99988555908203,100.0
2013-09-07,02:14:21,1.8,18.39984893798828,100.0
2013-09-07,02:19:21,1.1333333333333333,16.066563924153645,88.33333333333331
2013-09-07,02:24:21,1.0,9.866536458333332,2.333333333333333
2013-09-07,02:29:21,1.0,9.333178202311196,2.333333333333333
2013-09-07,02:34:21,1.0,7.8666051228841125,2.333333333333333
2013-09-07,02:39:21,1.0,7.799924214680988,2.4
2013-09-07,02:44:21,1.0,8.333295186360678,2.4
2013-09-07,02:49:21,1.0,9.199854532877602,2.2666666666666666
2013-09-07,02:54:21,1.0,8.666547139485676,2.333333333333333
2013-09-07,02:59:21,1.0,8.666598002115885,2.333333333333333
2013-09-07,03:04:21,1.0,7.933260599772135,2.4
2013-09-07,03:09:21,1.0,7.333259582519531,2.4
2013-09-07,03:14:21,1.0,7.066599527994794,2.333333333333333
2013-09-07,03:19:21,1.0,6.799964904785156,2.333333333333333
2013-09-07,03:24:21,1.0,9.133224487304688,2.333333333333333
2013-09-07,03:29:21,1.0333333333333332,8.999926249186197,2.4
2013-09-07,03:34:21,1.0,8.066584269205729,2.333333333333333
2013-09-07,03:39:21,1.0,7.399902343750001,2.333333333333333
2013-09-07,03:44:21,1.0,7.399902343750001,2.333333333333333
2013-09-07,03:49:21,1.0,7.933247884114582,2.333333333333333
2013-09-07,03:54:21,1.0666666666666669,8.79988352457682,2.333333333333333
2013-09-07,03:59:21,1.5333333333333334,8.133290608723959,100.0
2013-09-07,04:04:21,2.033333333333333,6.733296712239584,100.0
2013-09-07,04:09:21,1.7,8.933194478352863,100.0
2013-09-07,04:14:21,1.6,9.466565450032551,100.0
2013-09-07,04:19:21,1.0,9.13323720296224,2.333333333333333
2013-09-07,04:24:21,1.0,7.533276875813801,2.333333333333333
2013-09-07,04:29:21,1.0,7.466595967610677,2.333333333333333
2013-09-07,04:34:21,1.0,7.99986521402995,2.333333333333333
2013-09-07,04:39:21,1.0,8.399887084960938,2.333333333333333
2013-09-07,04:44:21,1.0,7.933247884114582,2.4
2013-09-07,04:49:21,1.0,9.533195495605469,2.4
2013-09-07,04:54:21,1.0,8.466542561848957,2.333333333333333
2013-09-07,04:59:21,1.0,7.733281453450519,2.333333333333333
2013-09-07,05:04:21,1.1,6.533292134602865,2.333333333333333
2013-09-07,05:09:21,1.0,6.466623942057291,2.333333333333333
2013-09-07,05:14:21,1.0,7.53326416015625,2.333333333333333
2013-09-07,05:19:22,1.0,7.533238728841146,2.333333333333333
2013-09-07,05:24:22,1.0,7.999890645345052,2.333333333333333
2013-09-07,05:29:22,1.0,5.933278401692709,2.333333333333333
2013-09-07,05:34:22,1.0,8.599929809570312,2.4
2013-09-07,05:39:22,1.0,8.399925231933594,2.333333333333333
2013-09-07,05:44:22,1.0,6.266619364420572,2.333333333333333
2013-09-07,05:49:22,1.0,6.999969482421875,2.333333333333333
2013-09-07,05:54:22,1.0,7.93328603108724,2.333333333333333
2013-09-07,05:59:22,1.1,7.5999196370442705,2.333333333333333
2013-09-07,06:04:22,1.0,8.399925231933594,2.333333333333333
2013-09-07,06:09:22,1.0,8.533236185709635,2.333333333333333
2013-09-07,06:14:22,1.0,7.999916076660156,2.333333333333333
2013-09-07,06:19:22,1.0,8.599904378255209,2.333333333333333
2013-09-07,06:24:22,1.0,6.133282979329426,2.333333333333333
2013-09-07,06:29:22,1.0,5.933278401692709,2.333333333333333
2013-09-07,06:34:22,1.0,6.99993133544922,2.333333333333333
2013-09-07,06:39:22,1.0,8.466567993164062,2.333333333333333
2013-09-07,06:44:22,1.0,7.7999750773112,2.333333333333333
2013-09-07,06:49:22,1.0,8.399887084960938,2.2666666666666666
2013-09-07,06:54:22,1.0,6.199925740559896,2.333333333333333
2013-09-07,06:59:22,1.0333333333333332,8.266588846842447,2.4
2013-09-07,07:04:22,1.1,10.733210245768229,100.0
2013-09-07,07:09:22,1.0,7.066637674967448,2.333333333333333
2013-09-07,07:14:22,1.0,7.866617838541666,2.4
2013-09-07,07:19:22,1.0,9.199918111165363,2.333333333333333
2013-09-07,07:24:22,1.0,10.799903869628906,2.333333333333333
2013-09-07,07:29:22,1.0,9.533259073893227,2.333333333333333
2013-09-07,07:34:22,1.0,6.133282979329426,2.333333333333333
2013-09-07,07:39:22,1.0,6.666615804036459,2.333333333333333
2013-09-07,07:44:22,1.0,7.399953206380207,2.333333333333333
2013-09-07,07:49:22,1.1333333333333333,7.333259582519531,100.0
2013-09-07,07:54:22,1.8666666666666665,13.466593424479164,100.0
2013-09-07,07:59:23,1.7,18.133214314778645,100.0
2013-09-07,08:04:23,2.6333333333333333,20.133221944173176,100.0
2013-09-07,08:09:23,1.8333333333333333,27.53326416015625,100.0
2013-09-07,08:14:23,2.0666666666666664,19.933217366536454,100.0
2013-09-07,08:19:23,1.8333333333333333,17.466532389322914,100.0
2013-09-07,08:24:23,1.0666666666666669,15.866584777832033,83.66666666666667
2013-09-07,08:29:23,1.0,10.399856567382812,2.2666666666666666
2013-09-07,08:34:23,1.0,7.5999196370442705,2.333333333333333
2013-09-07,08:39:23,1.0,6.599960327148438,2.333333333333333
2013-09-07,08:44:23,1.0,7.466646830240885,2.333333333333333
2013-09-07,08:49:23,1.0,7.4666086832682295,2.2666666666666666
2013-09-07,08:54:23,1.0,7.733281453450519,2.333333333333333
2013-09-07,08:59:23,1.0,7.866579691569011,2.333333333333333
2013-09-07,09:04:23,1.0,7.3333104451497375,2.333333333333333
2013-09-07,09:09:23,1.0,7.066561381022135,2.333333333333333
2013-09-07,09:14:23,1.0,7.7999114990234375,2.333333333333333
2013-09-07,09:19:23,1.0,6.866607666015626,2.333333333333333
2013-09-07,09:24:23,1.0,8.266563415527344,2.333333333333333
2013-09-07,09:29:23,1.0,8.199958801269531,2.333333333333333
2013-09-07,09:34:23,1.0,7.4666086832682295,2.333333333333333
2013-09-07,09:39:23,1.0,6.933301289876302,2.466666666666667
2013-09-07,09:44:23,1.0,7.533289591471354,2.4
2013-09-07,09:49:23,1.0,8.99987538655599,2.333333333333333
2013-09-07,09:54:23,1.0,7.599945068359375,2.333333333333333
2013-09-07,09:59:23,1.3,6.399955749511718,2.466666666666667
2013-09-07,10:04:23,1.0,6.266619364420572,2.333333333333333
2013-09-07,10:09:23,1.0,7.13330586751302,2.333333333333333
2013-09-07,10:14:23,1.0,7.599945068359375,2.333333333333333
2013-09-07,10:19:23,1.0,6.6666285196940125,2.333333333333333
2013-09-07,10:24:23,1.0,8.133265177408854,2.333333333333333
2013-09-07,10:29:23,1.0,9.199905395507812,2.4
2013-09-07,10:34:23,1.0,6.799939473470053,2.333333333333333
2013-09-07,10:39:23,1.0,8.799858093261719,2.4
2013-09-07,10:44:23,1.0,7.933260599772135,2.333333333333333
2013-09-07,10:49:23,1.0,8.799896240234375,2.333333333333333
2013-09-07,10:54:23,1.0,6.799964904785156,2.333333333333333
2013-09-07,10:59:23,1.0,7.399940490722656,2.333333333333333
2013-09-07,11:04:23,1.1,10.599861145019531,100.0
2013-09-07,11:09:23,1.0,6.466623942057291,2.333333333333333
2013-09-07,11:14:23,1.0,8.199920654296875,2.333333333333333
2013-09-07,11:19:23,1.0,6.99993133544922,2.333333333333333
2013-09-07,11:24:23,1.0,9.066569010416666,2.333333333333333
2013-09-07,11:29:23,1.0,8.999900817871094,2.333333333333333
2013-09-07,11:34:23,1.0,8.599891662597656,2.333333333333333
2013-09-07,11:39:23,1.0,7.999916076660156,2.333333333333333
2013-09-07,11:44:23,0.9666666666666668,6.99993133544922,2.333333333333333
2013-09-07,11:49:23,1.2333333333333334,6.26660664876302,100.0
2013-09-07,11:54:23,1.9333333333333331,18.599891662597656,100.0
2013-09-07,11:59:24,1.8333333333333333,19.39990997314453,100.0
2013-09-07,12:04:24,2.466666666666667,17.599868774414062,100.0
2013-09-07,12:09:24,2.4,28.19992065429687,100.0
2013-09-07,12:14:24,2.1,18.79985809326172,100.0
2013-09-07,12:19:24,1.7666666666666666,17.599945068359375,100.0
2013-09-07,12:24:24,1.1666666666666667,15.999908447265627,100.0
2013-09-07,12:29:24,1.0,9.799880981445312,2.333333333333333
2013-09-07,12:34:24,1.0,7.799949645996093,2.333333333333333
2013-09-07,12:39:24,1.0,7.733268737792969,2.333333333333333
2013-09-07,12:44:24,1.0,8.933232625325521,2.333333333333333
2013-09-07,12:49:24,1.0,5.999946594238281,2.333333333333333
2013-09-07,12:54:24,2.766666666666667,15.733273824055994,2.333333333333333
2013-09-07,12:59:24,1.0,32.39990234375,2.4
2013-09-07,13:04:24,1.0,15.999908447265627,2.333333333333333
2013-09-07,13:09:24,1.0,13.199882507324217,2.333333333333333
2013-09-07,13:14:24,1.0,8.999862670898438,2.333333333333333
2013-09-07,13:19:24,1.0,8.199958801269531,2.4
2013-09-07,13:24:24,1.0,10.199851989746094,2.333333333333333
2013-09-07,13:29:24,1.0,8.133265177408854,2.4
2013-09-07,13:34:24,1.0,8.999900817871094,2.333333333333333
2013-09-07,13:39:24,1.0,6.399955749511718,2.4
2013-09-07,13:44:24,1.0,8.799896240234375,2.4
2013-09-07,13:49:24,1.0,8.199920654296875,2.333333333333333
2013-09-07,13:54:24,1.0,6.666577657063801,2.4
2013-09-07,13:59:24,1.0,9.533233642578125,2.333333333333333
2013-09-07,14:04:24,1.0,8.199920654296875,2.4
2013-09-07,14:09:24,1.0,8.99993896484375,2.4
2013-09-07,14:14:24,1.0,6.86663309733073,2.4
2013-09-07,14:19:24,1.0,6.733258565266925,2.466666666666667
2013-09-07,14:24:24,1.0,8.799947102864582,2.533333333333333
2013-09-07,14:29:24,1.0,8.733228047688803,2.4
2013-09-07,14:34:24,1.0,8.399887084960938,2.533333333333333
2013-09-07,14:39:24,1.0,7.799949645996093,2.4
2013-09-07,14:44:24,1.0,7.8665924072265625,2.4
2013-09-07,14:49:24,1.0,7.7999114990234375,2.4
2013-09-07,14:54:25,1.0,8.733228047688803,2.533333333333333
2013-09-07,14:59:25,1.0,9.26661173502604,2.6
2013-09-07,15:04:25,1.1,11.199913024902344,100.0
2013-09-07,15:09:25,1.0,9.666531880696615,2.6666666666666665
2013-09-07,15:14:25,1.0,9.466540018717447,2.533333333333333
2013-09-07,15:19:25,1.0,8.733228047688803,2.466666666666667
2013-09-07,15:24:25,1.0,8.066571553548176,2.533333333333333
2013-09-07,15:29:25,1.0,9.599876403808594,2.6
2013-09-07,15:34:25,1.0,7.866617838541666,2.6666666666666665
2013-09-07,15:39:25,1.0,8.999888102213541,2.6
2013-09-07,15:44:25,1.0,8.999888102213541,2.6666666666666665
2013-09-07,15:49:25,1.1333333333333333,11.333211263020832,100.0
2013-09-07,15:54:25,1.9333333333333331,14.999885559082033,100.0
2013-09-07,15:59:25,1.7666666666666666,17.9998779296875,100.0
2013-09-07,16:04:25,2.466666666666667,19.466552734375,100.0
2013-09-07,16:09:25,1.9,33.19988250732422,100.0
2013-09-07,16:14:25,1.9,21.599909464518234,100.0
2013-09-07,16:19:25,2.0,17.06659952799479,100.0
2013-09-07,16:24:25,1.1666666666666667,15.86652119954427,100.0
2013-09-07,16:29:25,1.0,8.533248901367188,2.466666666666667
2013-09-07,16:34:25,1.0,6.999969482421875,2.7333333333333334
2013-09-07,16:39:25,1.0,7.599983215332032,2.6
2013-09-07,16:44:25,1.0,7.333272298177083,2.6
2013-09-07,16:49:25,1.0,7.466621398925781,2.6666666666666665
2013-09-07,16:54:25,1.0,7.53326416015625,2.533333333333333
2013-09-07,16:59:26,1.0,7.533315022786459,2.466666666666667
2013-09-07,17:04:26,1.0,7.4666086832682295,2.4
2013-09-07,17:09:26,1.0,7.599945068359375,2.466666666666667
2013-09-07,17:14:26,1.0,5.866610209147137,2.466666666666667
2013-09-07,17:19:26,1.0,7.0666249593098955,2.4
2013-09-07,17:24:26,1.0,10.466562906901041,2.4
2013-09-07,17:29:26,1.0,7.599932352701823,2.4
2013-09-07,17:34:26,1.0,6.86663309733073,2.4
2013-09-07,17:39:26,1.0,9.533208211263021,2.333333333333333
2013-09-07,17:44:26,1.0,8.733240763346354,2.4
2013-09-07,17:49:26,1.0,8.266588846842447,2.4
2013-09-07,17:54:26,1.0,7.199910481770834,2.333333333333333
2013-09-07,17:59:26,1.0,8.53326161702474,2.333333333333333
2013-09-07,18:04:26,1.0,6.86663309733073,2.333333333333333
2013-09-07,18:09:26,1.0333333333333332,10.333226521809896,2.4
2013-09-07,18:14:26,1.0,7.466595967610677,2.4
2013-09-07,18:19:26,1.0,6.333287556966144,2.333333333333333
2013-09-07,18:24:26,1.0,7.133255004882813,2.333333333333333
2013-09-07,18:29:26,1.0,7.999954223632813,2.466666666666667
2013-09-07,18:34:26,1.0,8.933232625325521,2.333333333333333
2013-09-07,18:39:26,1.0,8.399912516276041,2.4
2013-09-07,18:44:26,1.0,7.533238728841146,2.333333333333333
2013-09-07,18:49:26,1.0,5.7999420166015625,2.333333333333333
2013-09-07,18:54:26,1.0,6.066614786783854,2.333333333333333
2013-09-07,18:59:26,1.0,6.933301289876302,2.333333333333333
2013-09-07,19:04:26,1.1,7.933247884114582,100.0
2013-09-07,19:09:26,1.0333333333333332,8.266588846842447,2.333333333333333
2013-09-07,19:14:26,1.0,7.333259582519531,2.4
2013-09-07,19:19:26,1.0,10.19995371500651,2.333333333333333
2013-09-07,19:24:26,1.0,7.399927775065105,2.4
2013-09-07,19:29:26,1.0,10.466562906901041,2.333333333333333
2013-09-07,19:34:26,1.0,10.133247375488281,2.4
2013-09-07,19:39:26,1.0,7.999916076660156,2.333333333333333
2013-09-07,19:44:26,1.0,8.199907938639322,2.333333333333333
2013-09-07,19:49:26,1.1666666666666667,8.399899800618488,100.0
2013-09-07,19:54:26,1.9,16.066551208496094,100.0
2013-09-07,19:59:26,1.7333333333333334,18.933258056640625,100.0
2013-09-07,20:04:26,2.533333333333333,22.466557820638016,100.0
2013-09-07,20:09:26,1.7,25.866559346516933,100.0
2013-09-07,20:14:27,1.9333333333333331,20.733235677083336,100.0
2013-09-07,20:19:27,1.9333333333333331,21.0665766398112,100.0
2013-09-07,20:24:27,1.1,16.333236694335938,89.0
2013-09-07,20:29:27,1.0,11.933224995930992,2.333333333333333
2013-09-07,20:34:27,1.0,10.199864705403645,2.333333333333333
2013-09-07,20:39:27,1.0,8.933270772298176,2.333333333333333
2013-09-07,20:44:27,1.0,7.13330586751302,2.4
2013-09-07,20:49:27,1.0,7.933260599772135,2.4
2013-09-07,20:54:27,1.0,9.999898274739584,2.333333333333333
2013-09-07,20:59:27,1.0,9.866561889648438,2.333333333333333
2013-09-07,21:04:27,1.0,8.199933369954428,2.333333333333333
2013-09-07,21:09:27,1.0,8.53326161702474,2.4
2013-09-07,21:14:27,1.0,7.733256022135417,2.333333333333333
2013-09-07,21:19:27,1.0,6.533253987630207,2.4
2013-09-07,21:24:27,1.0,8.46655527750651,2.333333333333333
2013-09-07,21:29:27,1.0,9.533220926920572,2.333333333333333
2013-09-07,21:34:27,1.0,7.266642252604166,2.4
2013-09-07,21:39:27,1.0,7.93328603108724,2.466666666666667
2013-09-07,21:44:27,1.0,10.066515604654947,2.533333333333333
2013-09-07,21:49:27,1.0,9.799880981445312,2.533333333333333
2013-09-07,21:54:27,1.0,9.066581726074219,2.533333333333333
2013-09-07,21:59:27,1.0333333333333332,10.799878438313804,2.6666666666666665
2013-09-07,22:04:27,1.0,9.533233642578125,2.7333333333333334
2013-09-07,22:09:27,1.0,9.999898274739584,2.533333333333333
2013-09-07,22:14:27,1.0,6.466623942057291,2.4
2013-09-07,22:19:27,1.0,7.933235168457031,2.333333333333333
2013-09-07,22:24:27,1.0,9.466578165690104,2.466666666666667
2013-09-07,22:29:27,1.0,7.266578674316407,2.4
2013-09-07,22:34:27,1.0,7.066637674967448,2.333333333333333
2013-09-07,22:39:27,1.0,7.666575113932293,2.4
2013-09-07,22:44:27,1.0,5.7999420166015625,2.533333333333333
2013-09-07,22:49:28,1.0,6.666590372721354,2.466666666666667
2013-09-07,22:54:28,1.0,9.933179219563803,2.4
2013-09-07,22:59:28,1.0,9.599889119466145,2.466666666666667
2013-09-07,23:04:28,1.1,10.799891153971352,100.0
2013-09-07,23:09:28,1.0,9.266560872395834,2.466666666666667
2013-09-07,23:14:28,1.0,7.999928792317706,2.6666666666666665
2013-09-07,23:19:28,1.0,8.199933369954428,2.533333333333333
2013-09-07,23:24:28,1.0,8.733253479003906,2.466666666666667
2013-09-07,23:29:28,1.1,8.333244323730469,2.6
2013-09-07,23:34:28,1.0,7.866617838541666,2.6
2013-09-07,23:39:28,1.0,7.666613260904947,2.533333333333333
2013-09-07,23:44:28,1.0,6.866594950358072,2.533333333333333
2013-09-07,23:49:28,1.2,7.733306884765626,100.0
2013-09-07,23:54:28,1.7333333333333334,13.466555277506512,100.0
2013-09-07,23:59:28,1.8,20.533218383789062,100.0
2013-09-08,00:04:28,2.766666666666667,20.399881998697914,100.0
2013-09-08,00:09:28,1.8,28.066558837890625,100.0
2013-09-08,00:14:28,1.9,21.333249409993492,100.0
2013-09-08,00:19:28,1.9333333333333331,19.866549173990883,100.0
2013-09-08,00:24:28,1.2,16.93323771158854,100.0
2013-09-08,00:29:28,1.0,8.866615295410156,2.466666666666667
2013-09-08,00:34:28,1.0,6.6666285196940125,2.6
2013-09-08,00:39:28,1.0,7.066599527994794,2.533333333333333
2013-09-08,00:44:28,1.0,8.999926249186197,2.533333333333333
2013-09-08,00:49:28,1.0666666666666669,9.466552734375,2.6
2013-09-08,00:54:28,1.0,7.466646830240885,2.333333333333333
2013-09-08,00:59:28,1.0,5.933278401692709,2.6
2013-09-08,01:04:28,1.1,7.999954223632813,100.0
2013-09-08,01:09:28,1.0,7.866579691569011,2.533333333333333
2013-09-08,01:14:28,1.0,7.666600545247395,2.6
2013-09-08,01:19:28,1.0,8.46655527750651,2.533333333333333
2013-09-08,01:24:28,1.1333333333333333,8.933207194010414,2.533333333333333
2013-09-08,01:29:28,1.0,8.933270772298176,2.4
2013-09-08,01:34:29,2.3,13.799921671549475,10.933333333333335
2013-09-08,01:39:29,1.0,14.666557312011719,3.1333333333333333
2013-09-08,01:44:29,1.0333333333333332,10.666529337565104,2.533333333333333
2013-09-08,01:49:29,1.1666666666666667,10.666529337565104,100.0
2013-09-08,01:54:29,1.9666666666666663,17.133216857910156,100.0
2013-09-08,01:59:29,2.0,18.66655985514323,100.0
2013-09-08,02:04:29,2.733333333333333,20.9332275390625,100.0
2013-09-08,02:09:29,2.0666666666666664,25.133234659830727,100.0
2013-09-08,02:14:29,2.0,17.933171590169266,100.0
2013-09-08,02:19:29,2.0666666666666664,20.999908447265625,100.0
2013-09-08,02:24:29,1.2,17.39990234375,100.0
2013-09-08,02:29:29,1.0,9.999885559082031,2.4
2013-09-08,02:34:29,1.0,8.133265177408854,2.4
2013-09-08,02:39:29,1.0333333333333332,6.933301289876302,2.4
2013-09-08,02:44:29,1.0,6.399955749511718,2.4
2013-09-08,02:49:29,1.0,8.199882507324219,2.333333333333333
2013-09-08,02:54:29,1.0,7.666638692220053,2.466666666666667
2013-09-08,02:59:29,1.0,10.066515604654947,2.4
2013-09-08,03:04:29,1.0666666666666669,8.799934387207031,2.4
2013-09-08,03:09:29,1.0,7.799949645996093,2.4
2013-09-08,03:14:29,1.0,7.133267720540365,2.4
2013-09-08,03:19:29,1.0,7.399940490722656,2.4
2013-09-08,03:24:29,1.0,9.399884541829428,2.333333333333333
2013-09-08,03:29:29,1.0,8.999900817871094,2.4
2013-09-08,03:34:29,1.0,7.799898783365887,2.466666666666667
2013-09-08,03:39:29,1.0,8.933219909667969,2.466666666666667
2013-09-08,03:44:29,1.0,8.399925231933594,2.333333333333333
2013-09-08,03:49:29,1.0,7.533276875813801,2.333333333333333
2013-09-08,03:54:29,1.0,7.799949645996093,2.4
2013-09-08,03:59:30,1.8666666666666665,7.666600545247395,100.0
2013-09-08,04:04:29,2.2,7.4666086832682295,100.0
2013-09-08,04:09:29,2.0666666666666664,7.533315022786459,100.0
2013-09-08,04:14:29,1.7333333333333334,7.466557820638021,100.0
2013-09-08,04:19:29,1.0,9.799880981445312,2.466666666666667
2013-09-08,04:24:29,1.0,7.733268737792969,2.4
2013-09-08,04:29:29,1.0,9.599876403808594,2.466666666666667
2013-09-08,04:34:29,1.0,8.199920654296875,2.333333333333333
2013-09-08,04:39:29,1.0,9.399846394856771,2.4
2013-09-08,04:44:29,1.0,9.399897257486979,2.333333333333333
2013-09-08,04:49:29,1.0,8.199920654296875,2.4
2013-09-08,04:54:29,1.0,6.266619364420572,2.6
2013-09-08,04:59:29,1.0,7.666613260904947,2.466666666666667
2013-09-08,05:04:29,1.0,8.266588846842447,2.4
2013-09-08,05:09:29,1.0,9.399871826171875,2.4
2013-09-08,05:14:29,1.0,8.999888102213541,2.333333333333333
2013-09-08,05:19:29,1.0,6.799964904785156,2.333333333333333
2013-09-08,05:24:29,1.0666666666666669,5.599937438964844,2.4
2013-09-08,05:29:29,1.0,8.999900817871094,2.333333333333333
2013-09-08,05:34:29,1.0,7.7999114990234375,2.333333333333333
2013-09-08,05:39:30,1.0,7.599983215332032,2.333333333333333
2013-09-08,05:44:30,1.0,6.733296712239584,2.333333333333333
2013-09-08,05:49:30,1.0,8.333244323730469,2.4
2013-09-08,05:54:30,1.0,7.066599527994794,2.466666666666667
2013-09-08,05:59:30,1.0,5.666605631510416,2.333333333333333
2013-09-08,06:04:30,1.0,4.59991455078125,2.4
2013-09-08,06:09:30,1.0333333333333332,7.066637674967448,2.333333333333333
2013-09-08,06:14:30,1.0,8.066584269205729,2.466666666666667
2013-09-08,06:19:30,1.1,8.066546122233074,2.4
2013-09-08,06:24:30,1.0,6.466623942057291,2.2666666666666666
2013-09-08,06:29:30,1.0,6.799952189127606,2.1333333333333333
2013-09-08,06:34:30,1.0,7.799873352050782,2.2
2013-09-08,06:39:30,1.0,7.266604105631512,2.2
2013-09-08,06:44:30,1.0333333333333332,6.9998931884765625,2.4
2013-09-08,06:49:30,1.0,7.4666086832682295,2.2
2013-09-08,06:54:30,1.0,7.799949645996093,2.333333333333333
2013-09-08,06:59:30,1.0333333333333332,9.799919128417969,2.2
2013-09-08,07:04:30,1.1,10.799891153971352,100.0
2013-09-08,07:09:30,1.0,8.799934387207031,2.2666666666666666
2013-09-08,07:14:30,1.0,8.39996337890625,2.2
2013-09-08,07:19:30,1.0,6.466623942057291,2.2666666666666666
2013-09-08,07:24:30,1.0,6.999969482421875,2.333333333333333
2013-09-08,07:29:30,1.0,7.866617838541666,2.2
2013-09-08,07:34:30,1.0,7.466634114583331,2.4
2013-09-08,07:39:30,1.0,8.666598002115885,2.333333333333333
2013-09-08,07:44:30,1.0,6.933250427246093,2.333333333333333
2013-09-08,07:49:30,1.2666666666666666,8.599942525227865,100.0
2013-09-08,07:54:30,1.8333333333333333,17.999916076660156,100.0
2013-09-08,07:59:30,1.8333333333333333,19.599876403808594,100.0
2013-09-08,08:04:30,2.033333333333333,18.999862670898438,100.0
2013-09-08,08:09:30,2.1333333333333333,26.999969482421875,100.0
2013-09-08,08:14:30,1.7666666666666666,20.533231099446613,100.0
2013-09-08,08:19:30,1.7333333333333334,19.46654001871745,100.0
2013-09-08,08:24:31,1.0333333333333332,14.399935404459633,2.333333333333333
2013-09-08,08:29:31,1.0,9.999872843424479,2.333333333333333
2013-09-08,08:34:31,1.0,6.933263142903646,2.333333333333333
2013-09-08,08:39:31,1.0,8.533210754394531,2.4
2013-09-08,08:44:31,1.0,9.399935404459633,2.2
2013-09-08,08:49:31,1.0,9.133249918619791,2.333333333333333
2013-09-08,08:54:31,1.0,7.199961344401042,2.4
2013-09-08,08:59:31,1.0,6.86663309733073,2.466666666666667
2013-09-08,09:04:31,1.0,6.933263142903646,2.4
2013-09-08,09:09:31,1.0,6.93328857421875,2.333333333333333
2013-09-08,09:14:31,1.0,7.933235168457031,2.333333333333333
2013-09-08,09:19:31,1.0,7.466646830240885,2.333333333333333
2013-09-08,09:24:31,1.0,7.399902343750001,2.4
2013-09-08,09:29:31,2.6333333333333333,12.533276875813801,2.4
2013-09-08,09:34:31,1.1333333333333333,33.39991251627604,2.333333333333333
2013-09-08,09:39:31,1.0,15.066579182942707,2.4
2013-09-08,09:44:31,1.0,10.466524759928383,2.333333333333333
2013-09-08,09:49:31,1.0,8.333244323730469,2.333333333333333
2013-09-08,09:54:31,1.0,7.999966939290365,2.333333333333333
2013-09-08,09:59:31,1.0,7.7332305908203125,2.4
2013-09-08,10:04:31,1.0,8.399912516276041,2.4
2013-09-08,10:09:31,1.0,8.599891662597656,2.4
2013-09-08,10:14:32,1.0,8.933219909667969,2.333333333333333
2013-09-08,10:19:32,1.0,6.799964904785156,2.4
2013-09-08,10:24:32,1.0,9.133186340332031,2.4
2013-09-08,10:29:32,1.0,10.066579182942709,2.333333333333333
2013-09-08,10:34:32,1.0,6.466623942057291,2.333333333333333
2013-09-08,10:39:32,1.0,7.999916076660156,2.4
2013-09-08,10:44:32,1.0,9.466527303059896,2.4
2013-09-08,10:49:32,1.0,6.199938456217447,2.333333333333333
2013-09-08,10:54:32,1.0,6.9332758585612,2.333333333333333
2013-09-08,10:59:32,1.0,7.0666249593098955,2.466666666666667
2013-09-08,11:04:32,1.1,9.866523742675781,100.0
2013-09-08,11:09:32,1.0,9.066581726074219,2.4
2013-09-08,11:14:32,1.0,9.266599019368488,2.533333333333333
2013-09-08,11:19:32,1.0,8.066596984863281,2.466666666666667
2013-09-08,11:24:32,1.0,9.333241780598957,2.466666666666667
2013-09-08,11:29:32,1.0,8.133277893066406,2.533333333333333
2013-09-08,11:34:32,1.0,8.199907938639322,2.4
2013-09-08,11:39:32,1.0,8.599853515625,2.333333333333333
2013-09-08,11:44:32,1.1666666666666667,10.066515604654947,100.0
2013-09-08,11:49:32,1.9333333333333331,17.19989776611328,100.0
2013-09-08,11:54:32,1.9333333333333331,19.19994354248047,100.0
2013-09-08,11:59:32,2.0,18.19988250732422,100.0
2013-09-08,12:04:33,2.7,22.266591389973954,100.0
2013-09-08,12:09:33,2.0666666666666664,27.399927775065102,100.0
2013-09-08,12:14:33,2.0,18.133201599121094,100.0
2013-09-08,12:19:33,1.2666666666666666,15.066591898600256,100.0
2013-09-08,12:24:33,1.0,8.333231608072916,2.533333333333333
2013-09-08,12:29:33,1.0333333333333332,8.733253479003906,2.6
2013-09-08,12:34:33,1.0,7.199974060058594,2.6666666666666665
2013-09-08,12:39:33,1.0,6.799926757812499,2.466666666666667
2013-09-08,12:44:33,1.0,7.266604105631512,2.6
2013-09-08,12:49:33,1.0,7.399953206380207,2.6
2013-09-08,12:54:33,1.0,6.133270263671875,2.6
2013-09-08,12:59:33,1.0,7.466583251953125,2.6666666666666665
2013-09-08,13:04:33,1.0666666666666669,8.53326161702474,2.533333333333333
2013-09-08,13:09:33,1.0,7.3333104451497375,2.533333333333333
2013-09-08,13:14:33,1.0,7.333246866861981,2.6666666666666665
2013-09-08,13:19:33,1.0,8.933181762695312,2.466666666666667
2013-09-08,13:24:33,1.0,8.466580708821615,2.533333333333333
2013-09-08,13:29:33,1.0666666666666669,6.799964904785156,2.6666666666666665
2013-09-08,13:34:33,1.0,6.933301289876302,2.6666666666666665
2013-09-08,13:39:33,1.0,8.199933369954428,2.6666666666666665
2013-09-08,13:44:33,1.0,7.933260599772135,2.533333333333333
2013-09-08,13:49:33,1.0,8.466618855794271,2.533333333333333
2013-09-08,13:54:33,1.0,7.3333104451497375,2.6666666666666665
2013-09-08,13:59:33,1.0,8.79987080891927,2.6666666666666665
2013-09-08,14:04:33,1.0,9.199956258138021,2.533333333333333
2013-09-08,14:09:33,1.0,7.599970499674479,2.6
2013-09-08,14:14:33,1.0,7.599957784016925,2.6666666666666665
2013-09-08,14:19:33,1.0,7.666549682617188,2.6
2013-09-08,14:24:33,1.0,7.333285013834636,2.6
2013-09-08,14:29:33,1.0,7.333272298177083,2.6
2013-09-08,14:34:33,1.0,8.333282470703125,2.6666666666666665
2013-09-08,14:39:33,1.0,8.999913533528646,2.6666666666666665
2013-09-08,14:44:33,1.0,7.866617838541666,2.533333333333333
2013-09-08,14:49:33,1.0,8.266576131184895,2.466666666666667
2013-09-08,14:54:33,1.0,6.9999059041341125,2.466666666666667
2013-09-08,14:59:33,1.0,9.999860127766926,2.6666666666666665
2013-09-08,15:04:33,1.1,10.599912007649738,100.0
2013-09-08,15:09:33,1.0,7.199961344401042,2.6
2013-09-08,15:14:33,1.0,10.33320109049479,2.6
2013-09-08,15:19:34,1.0,8.866564432779947,2.466666666666667
2013-09-08,15:24:34,1.0,7.599957784016925,2.333333333333333
2013-09-08,15:29:34,1.0,8.266576131184895,2.533333333333333
2013-09-08,15:34:34,1.0,8.533236185709635,2.333333333333333
2013-09-08,15:39:34,1.0,7.933260599772135,2.4
2013-09-08,15:44:34,1.0,7.266604105631512,2.4
2013-09-08,15:49:34,1.2666666666666666,9.066607157389322,100.0
2013-09-08,15:54:34,2.0,16.533279418945312,100.0
2013-09-08,15:59:34,1.9333333333333331,18.733202616373696,100.0
2013-09-08,16:04:34,2.466666666666667,18.26657613118489,100.0
2013-09-08,16:09:34,2.0,26.866556803385418,100.0
2013-09-08,16:14:34,1.8666666666666665,18.333218892415367,100.0
2013-09-08,16:19:34,1.9,16.933275858561196,100.0
2013-09-08,16:24:34,1.0333333333333332,12.39990234375,2.333333333333333
2013-09-08,16:29:34,1.0,7.799924214680988,2.4
2013-09-08,16:34:34,1.0,5.599937438964844,2.466666666666667
2013-09-08,16:39:34,1.0,6.199951171875,2.4
2013-09-08,16:44:34,1.0,8.266588846842447,2.4
2013-09-08,16:49:34,1.0,9.199841817220051,2.333333333333333
2013-09-08,16:54:34,1.0,7.599906921386719,2.4
2013-09-08,16:59:34,1.0,7.066637674967448,2.333333333333333
2013-09-08,17:04:34,1.0,7.666625976562499,2.333333333333333
2013-09-08,17:09:34,1.0,7.8665924072265625,2.4
2013-09-08,17:14:34,1.0,7.666651407877606,2.4
2013-09-08,17:19:34,1.0,7.79998779296875,2.333333333333333
2013-09-08,17:24:34,1.0,7.666575113932293,2.333333333333333
2013-09-08,17:29:34,1.0,8.599929809570312,2.333333333333333
2013-09-08,17:34:34,1.0,8.59991709391276,2.4
2013-09-08,17:39:34,1.0,7.533289591471354,2.466666666666667
2013-09-08,17:44:34,1.0,6.333262125651042,2.333333333333333
2013-09-08,17:49:35,1.0,7.333246866861981,2.333333333333333
2013-09-08,17:54:35,1.0,6.133282979329426,2.4
2013-09-08,17:59:35,1.0,6.799964904785156,2.333333333333333
2013-09-08,18:04:35,1.0,8.866564432779947,2.333333333333333
2013-09-08,18:09:35,1.0,8.533210754394531,2.466666666666667
2013-09-08,18:14:35,1.0,10.933202107747398,2.333333333333333
2013-09-08,18:19:35,1.0,8.533236185709635,2.4
2013-09-08,18:24:35,1.0,5.999946594238281,2.333333333333333
2013-09-08,18:29:35,1.0,6.799964904785156,2.333333333333333
2013-09-08,18:34:35,1.0,6.666615804036459,2.333333333333333
2013-09-08,18:39:35,1.0333333333333332,8.466606140136719,2.333333333333333
2013-09-08,18:44:35,1.0,6.86663309733073,2.333333333333333
2013-09-08,18:49:35,1.0,7.866579691569011,2.333333333333333
2013-09-08,18:54:35,1.0,7.666613260904947,2.333333333333333
2013-09-08,18:59:35,1.0,7.133267720540365,2.4
2013-09-08,19:04:35,1.1,9.866549173990885,100.0
2013-09-08,19:09:35,1.0,7.79998779296875,2.333333333333333
2013-09-08,19:14:35,1.0,7.333272298177083,2.333333333333333
2013-09-08,19:19:35,1.0,7.266604105631512,2.466666666666667
2013-09-08,19:24:35,1.0,9.466527303059896,2.533333333333333
2013-09-08,19:29:35,1.0,9.133249918619791,2.466666666666667
2013-09-08,19:34:36,1.0,9.533233642578125,2.6
2013-09-08,19:39:36,1.0,8.066584269205729,2.466666666666667
2013-09-08,19:44:36,1.0,6.799964904785156,2.6666666666666665
2013-09-08,19:49:36,1.2666666666666666,8.399887084960938,100.0
2013-09-08,19:54:36,2.0,18.599955240885414,100.0
2013-09-08,19:59:36,2.0,17.39990234375,100.0
2013-09-08,20:04:36,2.6,17.19989776611328,100.0
2013-09-08,20:09:36,2.0,26.799926757812496,100.0
2013-09-08,20:14:36,1.9333333333333331,17.999839782714844,100.0
2013-09-08,20:19:36,2.0,18.599891662597656,100.0
2013-09-08,20:24:36,1.1333333333333333,17.19989776611328,54.13333333333333
2013-09-08,20:29:36,1.0,9.399833679199219,2.6
2013-09-08,20:34:36,1.0,7.599945068359375,2.6
2013-09-08,20:39:36,1.0,7.999954223632813,2.6666666666666665
2013-09-08,20:44:36,1.0,8.59991709391276,2.6666666666666665
2013-09-08,20:49:36,1.0,8.399912516276041,2.6666666666666665
2013-09-08,20:54:36,1.0,7.666575113932293,2.6666666666666665
2013-09-08,20:59:36,1.0,6.399955749511718,2.6666666666666665
2013-09-08,21:04:36,1.0,6.733296712239584,2.6
2013-09-08,21:09:36,1.0,7.799949645996093,2.6666666666666665
2013-09-08,21:14:36,1.0,9.133262634277344,2.7333333333333334
2013-09-08,21:19:36,1.0,9.199943542480469,2.6666666666666665
2013-09-08,21:24:36,1.0,6.133282979329426,2.6666666666666665
2013-09-08,21:29:36,1.0,8.933207194010414,2.6
2013-09-08,21:34:36,1.0,7.19989776611328,2.6666666666666665
2013-09-08,21:39:36,1.0,7.599945068359375,2.6666666666666665
2013-09-08,21:44:36,1.0,6.86663309733073,2.6666666666666665
2013-09-08,21:49:36,1.0,6.199951171875,2.6
2013-09-08,21:54:36,1.0,6.399955749511718,2.6
2013-09-08,21:59:36,1.0,7.99994150797526,2.7333333333333334
2013-09-08,22:04:37,1.0,7.9998779296875,2.6666666666666665
2013-09-08,22:09:37,1.0,7.599945068359375,2.6
2013-09-08,22:14:37,1.0,6.6666285196940125,2.6666666666666665
2013-09-08,22:19:36,1.0,9.33319091796875,2.6
2013-09-08,22:24:36,1.0,8.199920654296875,2.6666666666666665
2013-09-08,22:29:36,1.0,8.133290608723959,2.6666666666666665
2013-09-08,22:34:36,1.0333333333333332,7.399978637695312,2.6666666666666665
2013-09-08,22:39:36,1.0,6.99993133544922,2.6
2013-09-08,22:44:36,1.0,6.599960327148438,2.6666666666666665
2013-09-08,22:49:36,1.0,8.466542561848957,2.6666666666666665
2013-09-08,22:54:36,1.0,8.666534423828125,2.6666666666666665
2013-09-08,22:59:36,1.0,7.866617838541666,2.7333333333333334
2013-09-08,23:04:36,1.1,9.399909973144531,100.0
2013-09-08,23:09:36,1.0,6.99993133544922,2.7333333333333334
2013-09-08,23:14:36,1.0,8.2666015625,2.6
2013-09-08,23:19:36,1.0,9.199905395507812,2.466666666666667
2013-09-08,23:24:36,1.0,5.866610209147137,2.466666666666667
2013-09-08,23:29:36,1.0,8.933219909667969,2.333333333333333
2013-09-08,23:34:37,1.0,6.86663309733073,2.333333333333333
2013-09-08,23:39:37,1.0,6.533292134602865,2.4
2013-09-08,23:44:37,1.0,8.066609700520834,2.4
2013-09-08,23:49:37,1.2666666666666666,10.066579182942709,100.0
2013-09-08,23:54:37,1.9666666666666663,16.999905904134113,100.0
2013-09-08,23:59:37,1.9333333333333331,18.93319447835286,100.0
2013-09-09,00:04:37,2.4333333333333336,19.79989369710286,100.0
2013-09-09,00:09:37,1.8333333333333333,30.199928283691406,100.0
2013-09-09,00:14:37,1.7666666666666666,19.733212788899742,100.0
2013-09-09,00:19:37,2.0,19.599876403808594,100.0
2013-09-09,00:24:37,1.0,16.933212280273438,2.4
2013-09-09,00:29:37,1.0,10.666529337565104,2.466666666666667
2013-09-09,00:34:37,1.0,7.999954223632813,2.4
2013-09-09,00:39:37,1.0,7.35710688999721,2.5
2013-09-09,00:44:37,1.0,8.466580708821615,2.4
2013-09-09,00:49:37,1.0,6.6666285196940125,2.4
2013-09-09,00:54:37,1.0,6.933237711588541,2.4
2013-09-09,00:59:37,1.0,8.19989522298177,2.333333333333333
2013-09-09,01:04:37,1.1,10.799903869628906,100.0
2013-09-09,01:09:37,1.0,7.466646830240885,2.333333333333333
2013-09-09,01:14:37,1.0,7.266642252604166,2.333333333333333
2013-09-09,01:19:37,1.0,7.733243306477864,2.4
2013-09-09,01:24:37,1.1,6.599934895833331,2.4
2013-09-09,01:29:37,1.0,8.142784663609095,2.5
2013-09-09,01:34:37,2.392857142857143,11.642769404820035,11.428571428571427
2013-09-09,01:39:37,1.0,11.999880472819008,3.2
2013-09-09,01:44:37,1.0,10.642732892717634,2.571428571428572
2013-09-09,01:49:37,1.4,12.533238728841145,100.0
2013-09-09,01:54:37,1.8333333333333333,18.399887084960938,100.0
2013-09-09,01:59:38,1.8333333333333333,19.799880981445312,100.0
2013-09-09,02:04:38,2.766666666666667,20.399869283040363,100.0
2013-09-09,02:09:38,2.033333333333333,28.599929809570312,100.0
2013-09-09,02:14:38,2.033333333333333,22.666613260904946,100.0
2013-09-09,02:19:38,1.8,17.79987335205078,100.0
2013-09-09,02:24:38,1.0,12.599906921386719,2.6
2013-09-09,02:29:38,1.0,7.8571319580078125,2.8571428571428568
2013-09-09,02:34:38,1.0,6.999969482421875,2.8571428571428568
2013-09-09,02:39:38,1.0,8.066584269205729,2.6666666666666665
2013-09-09,02:44:38,1.0,9.928430829729352,2.8571428571428568
2013-09-09,02:49:38,1.0,9.428446633475168,2.8571428571428568
2013-09-09,02:54:38,1.0,7.666549682617188,2.6666666666666665
2013-09-09,02:59:38,1.0666666666666669,9.799880981445312,2.6666666666666665
2013-09-09,03:04:38,1.0357142857142856,8.49992207118443,2.8571428571428568
2013-09-09,03:09:38,1.0,7.8665924072265625,2.6666666666666665
2013-09-09,03:14:38,1.0,8.266563415527344,2.6666666666666665
2013-09-09,03:19:38,1.0,7.533251444498699,2.6666666666666665
2013-09-09,03:24:38,1.0,7.7999114990234375,2.6666666666666665
2013-09-09,03:29:38,1.0,7.533315022786459,2.6666666666666665
2013-09-09,03:34:38,1.0,7.214260101318359,2.8571428571428568
2013-09-09,03:39:38,1.0,7.1999359130859375,2.6
2013-09-09,03:44:38,1.0333333333333332,8.533185323079428,2.6666666666666665
2013-09-09,03:49:38,1.0,8.999824523925781,2.7333333333333334
2013-09-09,03:54:38,1.0,8.599904378255209,2.6666666666666665
2013-09-09,03:59:38,1.8333333333333333,9.399909973144531,100.0
2013-09-09,04:04:38,2.1333333333333333,8.19989522298177,100.0
2013-09-09,04:09:38,2.0666666666666664,7.533251444498699,100.0
2013-09-09,04:14:38,1.5333333333333334,10.133234659830729,100.0
2013-09-09,04:19:38,1.0,6.333274841308594,2.6666666666666665
2013-09-09,04:24:38,1.0,6.733271280924479,2.6
2013-09-09,04:29:38,1.7333333333333334,12.53320058186849,2.7333333333333334
2013-09-09,04:34:38,2.1333333333333333,34.99992370605469,2.6666666666666665
2013-09-09,04:39:38,1.0,17.46655782063802,2.6
2013-09-09,04:44:39,1.0,10.79986572265625,2.6
2013-09-09,04:49:39,1.0,7.7999114990234375,2.6
2013-09-09,04:54:39,1.0,8.999862670898438,2.6666666666666665
2013-09-09,04:59:39,1.0,9.933242797851562,2.6
2013-09-09,05:04:39,1.0,9.733187357584635,2.6
2013-09-09,05:09:39,1.0,9.066518147786457,2.466666666666667
2013-09-09,05:14:39,1.0,7.866566975911458,2.4
2013-09-09,05:19:39,1.0,7.333285013834636,2.4
2013-09-09,05:24:39,1.0,8.133303324381512,2.466666666666667
2013-09-09,05:29:39,1.0,9.133199055989584,2.333333333333333
2013-09-09,05:34:39,1.0,8.399925231933594,2.333333333333333
2013-09-09,05:39:39,1.0,11.133206685384113,2.333333333333333
2013-09-09,05:44:39,1.0,10.199851989746094,2.333333333333333
2013-09-09,05:49:39,1.0,8.799921671549479,2.466666666666667
2013-09-09,05:54:39,1.0,10.466562906901041,2.333333333333333
2013-09-09,05:59:39,1.0,9.799880981445312,2.4
2013-09-09,06:04:39,1.0,8.99987538655599,2.333333333333333
2013-09-09,06:09:39,1.0,10.666554768880209,2.4
2013-09-09,06:14:39,1.0,9.066569010416666,2.4
2013-09-09,06:19:39,1.0,8.799908955891928,2.333333333333333
2013-09-09,06:24:39,1.0,10.733197530110678,2.333333333333333
2013-09-09,06:29:39,1.0,9.866549173990885,2.4
2013-09-09,06:34:39,1.0,8.666559855143227,2.333333333333333
2013-09-09,06:39:39,1.0,9.666544596354166,2.333333333333333
2013-09-09,06:44:39,1.0,8.933296203613281,2.4
2013-09-09,06:49:39,1.0,7.599906921386719,2.466666666666667
2013-09-09,06:54:39,1.0,8.999951680501301,2.4
2013-09-09,06:59:40,1.0,8.866551717122396,2.4
2013-09-09,07:04:40,1.1,9.199905395507812,100.0
2013-09-09,07:09:40,1.0,8.199933369954428,2.333333333333333
2013-09-09,07:14:40,1.0,7.39996592203776,2.333333333333333
2013-09-09,07:19:40,1.0,7.199974060058594,2.4
2013-09-09,07:24:39,1.0,7.4666086832682295,2.333333333333333
2013-09-09,07:29:39,1.0,9.199943542480469,2.333333333333333
2013-09-09,07:34:39,1.0,9.133211771647135,2.466666666666667
2013-09-09,07:39:39,1.0,7.933273315429687,2.4
2013-09-09,07:44:39,1.0,7.3333104451497375,2.333333333333333
2013-09-09,07:49:39,1.1333333333333333,7.93322245279948,100.0
2013-09-09,07:54:39,1.6666666666666663,16.266555786132812,100.0
2013-09-09,07:59:39,1.8333333333333333,17.13319142659505,100.0
2013-09-09,08:04:39,2.2666666666666666,20.599873860677086,100.0
2013-09-09,08:09:39,2.0,24.666570027669273,100.0
2013-09-09,08:14:40,1.8,19.399871826171875,100.0
2013-09-09,08:19:40,1.8,19.06653086344401,100.0
2013-09-09,08:24:40,1.2,15.799891153971352,100.0
2013-09-09,08:29:40,1.0,9.333229064941406,2.333333333333333
2013-09-09,08:34:40,1.0,7.599945068359375,2.4
2013-09-09,08:39:40,1.0,7.533226013183595,2.4
2013-09-09,08:44:40,1.0,7.599932352701823,2.4
2013-09-09,08:49:40,1.0,7.933247884114582,2.333333333333333
2013-09-09,08:54:40,1.0,6.199913024902344,2.333333333333333
2013-09-09,08:59:40,1.0,8.266588846842447,2.333333333333333
2013-09-09,09:04:40,1.0,8.866602579752604,2.333333333333333
2013-09-09,09:09:40,1.0,7.399940490722656,2.333333333333333
2013-09-09,09:14:40,1.0,7.999890645345052,2.4
2013-09-09,09:19:40,1.0,9.399833679199219,2.333333333333333
2013-09-09,09:24:40,1.0,7.733256022135417,2.333333333333333
2013-09-09,09:29:40,1.0,8.266588846842447,2.4
2013-09-09,09:34:40,1.0,8.733202616373697,2.333333333333333
2013-09-09,09:39:40,1.0,7.066599527994794,2.333333333333333
2013-09-09,09:44:40,1.0,6.399930318196613,2.4
2013-09-09,09:49:40,1.0,8.066609700520834,2.4
2013-09-09,09:54:40,1.0,8.333269755045574,2.4
2013-09-09,09:59:40,1.0,7.333272298177083,2.333333333333333
2013-09-09,10:04:40,1.0,6.266619364420572,2.4
2013-09-09,10:09:40,1.0,7.533276875813801,2.333333333333333
2013-09-09,10:14:40,1.0,7.933247884114582,2.466666666666667
2013-09-09,10:19:40,1.0,7.1999359130859375,2.4
2013-09-09,10:24:41,1.0,8.333244323730469,2.333333333333333
2013-09-09,10:29:41,1.0,7.533276875813801,2.333333333333333
2013-09-09,10:34:41,1.0,7.733268737792969,2.4
2013-09-09,10:39:41,1.0,7.999916076660156,2.4
2013-09-09,10:44:41,1.0,7.266642252604166,2.333333333333333
2013-09-09,10:49:41,1.0,6.4665985107421875,2.4
2013-09-09,10:54:41,1.0,8.466542561848957,2.333333333333333
2013-09-09,10:59:41,1.0,7.933298746744794,2.333333333333333
2013-09-09,11:04:41,1.1,11.333223978678383,100.0
2013-09-09,11:09:41,1.0,9.066543579101562,2.333333333333333
2013-09-09,11:14:41,1.0,8.533287048339844,2.333333333333333
2013-09-09,11:19:41,1.0,8.333257039388021,2.4
2013-09-09,11:24:41,1.0,7.466621398925781,2.4
2013-09-09,11:29:41,1.0,9.066581726074219,2.333333333333333
2013-09-09,11:34:41,1.0,7.13330586751302,2.4
2013-09-09,11:39:41,1.0,7.066637674967448,2.333333333333333
2013-09-09,11:44:41,1.0,8.399899800618488,2.333333333333333
2013-09-09,11:49:41,1.2666666666666666,8.399925231933594,100.0
2013-09-09,11:54:41,1.9,11.7999267578125,100.0
2013-09-09,11:59:41,1.8333333333333333,16.933186848958336,100.0
2013-09-09,12:04:41,2.766666666666667,21.66653951009114,100.0
2013-09-09,12:09:42,1.9,24.799893697102867,100.0
2013-09-09,12:14:42,1.8666666666666665,21.466585795084637,100.0
2013-09-09,12:19:42,1.8333333333333333,17.733167012532554,100.0
2013-09-09,12:24:42,1.1333333333333333,15.26653289794922,81.93333333333334
2013-09-09,12:29:42,1.0,9.999923706054688,2.4
2013-09-09,12:34:42,1.0,8.333307902018229,2.333333333333333
2013-09-09,12:39:42,1.0,6.599934895833331,2.4
2013-09-09,12:44:42,1.0,7.466583251953125,2.4
2013-09-09,12:49:42,1.0,7.93328603108724,2.333333333333333
2013-09-09,12:54:42,1.0,4.933255513509115,2.333333333333333
2013-09-09,12:59:42,1.0,6.533292134602865,2.4
2013-09-09,13:04:42,1.0,7.533315022786459,2.333333333333333
2013-09-09,13:09:42,1.0,8.799921671549479,2.4
2013-09-09,13:14:42,1.0,8.666547139485676,2.333333333333333
2013-09-09,13:19:42,1.0,8.399912516276041,2.333333333333333
2013-09-09,13:24:42,1.0,8.933219909667969,2.4
2013-09-09,13:29:42,1.0,8.599942525227865,2.333333333333333
2013-09-09,13:34:42,1.0,5.733273824055988,2.333333333333333
2013-09-09,13:39:42,1.0,6.733296712239584,2.4
2013-09-09,13:44:42,1.0,6.733296712239584,2.4
2013-09-09,13:49:42,1.0,7.4666086832682295,2.4
2013-09-09,13:54:42,1.0,7.599945068359375,2.333333333333333
2013-09-09,13:59:42,1.0,7.79998779296875,2.333333333333333
2013-09-09,14:04:42,1.0,7.866617838541666,2.4
2013-09-09,14:09:42,1.0,7.733268737792969,2.333333333333333
2013-09-09,14:14:42,1.0,8.533223470052082,2.333333333333333
2013-09-09,14:19:42,1.0,9.399884541829428,2.333333333333333
2013-09-09,14:24:42,1.0,9.199918111165363,2.333333333333333
2013-09-09,14:29:42,1.0,8.933232625325521,2.333333333333333
2013-09-09,14:34:42,1.0,8.19989522298177,2.333333333333333
2013-09-09,14:39:42,1.0,6.266619364420572,2.333333333333333
2013-09-09,14:44:42,1.0,5.7999420166015625,2.4
2013-09-09,14:49:42,1.0,7.666600545247395,2.4
2013-09-09,14:54:42,1.0,7.933260599772135,2.4
2013-09-09,14:59:43,1.0,7.53326416015625,2.4
2013-09-09,15:04:43,1.1,9.999860127766926,100.0
2013-09-09,15:09:43,1.0,8.466529846191406,2.4
2013-09-09,15:14:43,0.9666666666666668,8.999913533528646,2.333333333333333
2013-09-09,15:19:43,1.0,7.3333104451497375,2.466666666666667
2013-09-09,15:24:43,1.0,6.799926757812499,2.333333333333333
2013-09-09,15:29:43,1.0,7.733256022135417,2.333333333333333
2013-09-09,15:34:43,1.0,8.066596984863281,2.4
2013-09-09,15:39:43,1.0,6.066614786783854,2.466666666666667
2013-09-09,15:44:43,1.0,5.333264668782553,2.333333333333333
2013-09-09,15:49:43,1.1,7.133293151855469,100.0
2013-09-09,15:54:43,1.8333333333333333,15.86657206217448,100.0
2013-09-09,15:59:43,1.8,20.199928283691406,100.0
2013-09-09,16:04:43,2.8,20.466524759928387,100.0
2013-09-09,16:09:43,1.8,26.333262125651043,100.0
2013-09-09,16:14:43,1.8333333333333333,21.333249409993492,100.0
2013-09-09,16:19:43,1.9,19.599876403808594,100.0
2013-09-09,16:24:43,1.5333333333333334,16.99993133544922,100.0
2013-09-09,16:29:43,1.0,11.399879455566406,2.4
2013-09-09,16:34:43,1.0,8.199933369954428,2.4
2013-09-09,16:39:43,1.0,8.066622416178387,2.4
2013-09-09,16:44:43,1.0,7.866554260253906,2.466666666666667
2013-09-09,16:49:43,1.0,8.466567993164062,2.466666666666667
2013-09-09,16:54:43,1.0,8.066622416178387,2.4
2013-09-09,16:59:43,1.0,8.199958801269531,2.466666666666667
2013-09-09,17:04:43,1.0,6.6666285196940125,2.4
2013-09-09,17:09:43,1.0,7.066637674967448,2.333333333333333
2013-09-09,17:14:43,1.0,7.266604105631512,2.4
2013-09-09,17:19:43,1.0,7.999916076660156,2.4
2013-09-09,17:24:43,1.0,7.066637674967448,2.6
2013-09-09,17:29:43,1.0333333333333332,8.799896240234375,2.533333333333333
2013-09-09,17:34:43,1.0,9.399884541829428,2.466666666666667
2013-09-09,17:39:43,1.0,9.466578165690104,2.4
2013-09-09,17:44:43,1.0,5.399932861328125,2.4
2013-09-09,17:49:43,1.0,7.533276875813801,2.4
2013-09-09,17:54:43,1.0,7.199974060058594,2.333333333333333
2013-09-09,17:59:43,1.0,7.599983215332032,2.4
2013-09-09,18:04:43,1.0,6.999969482421875,2.533333333333333
2013-09-09,18:09:43,1.0,8.533236185709635,2.4
2013-09-09,18:14:43,1.0,8.999824523925781,2.533333333333333
2013-09-09,18:19:43,1.0,7.4666086832682295,2.466666666666667
2013-09-09,18:24:43,1.0,7.599983215332032,2.6
2013-09-09,18:29:43,1.0,7.799949645996093,2.4
2013-09-09,18:34:43,1.0,7.666651407877606,2.6666666666666665
2013-09-09,18:39:43,1.0333333333333332,7.7999114990234375,2.466666666666667
2013-09-09,18:44:43,1.0,7.599983215332032,2.533333333333333
2013-09-09,18:49:43,1.0,7.8665924072265625,2.7333333333333334
2013-09-09,18:54:44,1.0,8.399925231933594,2.6666666666666665
2013-09-09,18:59:44,1.0,7.599945068359375,2.533333333333333
2013-09-09,19:04:44,1.1,6.399955749511718,100.0
2013-09-09,19:09:44,1.0,6.86663309733073,2.6666666666666665
2013-09-09,19:14:44,1.0,7.599983215332032,2.6666666666666665
2013-09-09,19:19:44,1.0,7.7999114990234375,2.6666666666666665
2013-09-09,19:24:44,1.0,7.666651407877606,2.6
2013-09-09,19:29:44,1.0,8.199920654296875,2.533333333333333
2013-09-09,19:34:44,1.0,6.133282979329426,2.6666666666666665
2013-09-09,19:39:44,1.0,7.066637674967448,2.6666666666666665
2013-09-09,19:44:44,1.0,8.599891662597656,2.6
2013-09-09,19:49:44,1.0,6.733296712239584,2.6666666666666665
2013-09-09,19:54:44,1.4333333333333331,8.59991709391276,100.0
2013-09-09,19:59:44,2.0666666666666664,16.999893188476562,100.0
2013-09-09,20:04:44,2.8666666666666667,21.59992218017578,100.0
2013-09-09,20:09:44,2.1,22.99990336100261,100.0
2013-09-09,20:14:44,2.0,18.999862670898438,100.0
2013-09-09,20:19:44,2.0,18.199844360351562,100.0
2013-09-09,20:24:44,2.033333333333333,17.9998779296875,100.0
2013-09-09,20:29:44,2.2,14.866625467936196,3.533333333333333
2013-09-09,20:34:44,2.933333333333333,15.999908447265627,6.6
2013-09-09,20:39:44,2.666666666666667,12.733243306477867,3.066666666666667
2013-09-09,20:44:44,1.6,10.199851989746094,2.6666666666666665
2013-09-09,20:49:44,1.0,11.866556803385414,2.6
2013-09-09,20:54:44,1.0,9.999885559082031,2.466666666666667
2013-09-09,20:59:44,1.0,8.666585286458334,2.466666666666667
2013-09-09,21:04:44,1.0,8.266626993815105,2.6
2013-09-09,21:09:44,1.0,9.399859110514322,2.6666666666666665
2013-09-09,21:14:44,1.0,9.66650644938151,2.533333333333333
2013-09-09,21:19:44,1.0,10.13318379720052,2.533333333333333
2013-09-09,21:24:44,1.0333333333333332,9.599863688151041,2.533333333333333
2013-09-09,21:29:44,1.0,9.066543579101562,2.6
2013-09-09,21:34:44,1.0,8.866564432779947,2.466666666666667
2013-09-09,21:39:44,1.0,7.866579691569011,2.466666666666667
2013-09-09,21:44:44,1.0,7.0666249593098955,2.533333333333333
2013-09-09,21:49:45,1.1,7.399978637695312,2.4
2013-09-09,21:54:45,1.0,8.399925231933594,2.466666666666667
2013-09-09,21:59:45,1.0,8.399874369303385,2.1333333333333333
2013-09-09,22:04:45,1.0,8.066596984863281,1.7333333333333334
2013-09-09,22:09:45,1.0,8.133277893066406,1.8666666666666667
2013-09-09,22:14:45,1.0,6.999969482421875,2.4
2013-09-09,22:19:45,1.0,8.2666015625,2.533333333333333
2013-09-09,22:24:45,1.0,8.999888102213541,2.6
2013-09-09,22:29:45,1.0,8.799896240234375,2.466666666666667
2013-09-09,22:34:45,1.0,8.533236185709635,2.4
2013-09-09,22:39:45,1.0,10.399856567382812,2.4
2013-09-09,22:44:45,1.0,10.599899291992188,2.466666666666667
2013-09-09,22:49:45,1.0,10.066541035970051,2.466666666666667
2013-09-09,22:54:45,1.0,7.4666086832682295,2.533333333333333
2013-09-09,22:59:45,1.0,7.799962361653646,2.533333333333333
2013-09-09,23:04:45,1.1,11.733220418294273,100.0
2013-09-09,23:09:45,1.0,9.733212788899738,2.6
2013-09-09,23:14:45,1.0,8.133252461751301,2.466666666666667
2013-09-09,23:19:45,1.0666666666666669,8.733228047688803,2.533333333333333
2013-09-09,23:24:45,1.0,7.933311462402344,2.466666666666667
2013-09-09,23:29:45,1.0,8.866564432779947,2.6
2013-09-09,23:34:45,1.0,6.333287556966144,2.6
2013-09-09,23:39:45,1.0,6.86663309733073,2.6
2013-09-09,23:44:45,1.0,7.999954223632813,2.6666666666666665
2013-09-09,23:49:45,1.3333333333333337,9.266586303710938,100.0
2013-09-09,23:54:45,2.1333333333333333,18.666534423828125,100.0
2013-09-09,23:59:45,2.0666666666666664,19.733212788899742,100.0
2013-09-10,00:04:45,2.833333333333333,22.266591389973954,100.0
2013-09-10,00:09:45,2.1,28.199933369954426,100.0
2013-09-10,00:14:45,2.1,20.39989471435547,100.0
2013-09-10,00:19:45,2.0,16.533241271972656,100.0
2013-09-10,00:24:45,1.1666666666666667,14.399871826171875,79.6
2013-09-10,00:29:45,1.0666666666666669,9.533195495605469,2.6
2013-09-10,00:34:45,1.0,9.333279927571615,2.6666666666666665
2013-09-10,00:39:46,1.0,6.333287556966144,2.6666666666666665
2013-09-10,00:44:46,2.3,10.066617329915363,2.533333333333333
2013-09-10,00:49:46,1.5333333333333334,30.199902852376304,2.6666666666666665
2013-09-10,00:54:46,1.0,14.266586303710938,2.6
2013-09-10,00:59:46,1.0,10.533192952473959,2.6
2013-09-10,01:04:46,1.1,9.933179219563803,100.0
2013-09-10,01:09:46,1.0,10.666529337565104,2.6
2013-09-10,01:14:46,1.0,9.799919128417969,2.6666666666666665
2013-09-10,01:19:46,1.0,8.999913533528646,2.6666666666666665
2013-09-10,01:24:46,1.1,7.93322245279948,2.466666666666667
2013-09-10,01:29:46,1.0,10.733235677083332,2.6666666666666665
2013-09-10,01:34:46,2.3,13.133227030436196,10.733333333333333
2013-09-10,01:39:45,1.0333333333333332,18.066558837890625,3.2
2013-09-10,01:44:45,1.1,11.266543070475258,100.0
2013-09-10,01:49:45,2.0,14.799906412760414,100.0
2013-09-10,01:54:45,2.0,17.266565958658855,100.0
2013-09-10,01:59:45,2.1,18.66655985514323,100.0
2013-09-10,02:04:45,2.4333333333333336,18.333231608072914,100.0
2013-09-10,02:09:45,2.333333333333333,28.799896240234375,100.0
2013-09-10,02:14:46,2.033333333333333,22.13326772054036,100.0
2013-09-10,02:19:46,1.4666666666666666,16.799901326497398,100.0
2013-09-10,02:24:46,1.0,9.733212788899738,2.6
2013-09-10,02:29:46,1.0,9.999847412109375,2.6666666666666665
2013-09-10,02:34:46,1.0,8.933283487955729,2.6666666666666665
2013-09-10,02:39:46,1.0,8.399887084960938,2.6666666666666665
2013-09-10,02:44:46,1.0,7.733268737792969,2.533333333333333
2013-09-10,02:49:46,1.0,7.733281453450519,2.6666666666666665
2013-09-10,02:54:46,1.0,8.999926249186197,2.6666666666666665
2013-09-10,02:59:46,1.0333333333333332,9.666557312011719,2.6666666666666665
2013-09-10,03:04:46,1.0,7.399978637695312,2.6666666666666665
2013-09-10,03:09:46,1.0333333333333332,7.599945068359375,2.6
2013-09-10,03:14:46,1.0666666666666669,7.266629536946613,2.6666666666666665
2013-09-10,03:19:46,1.0,8.333244323730469,2.6666666666666665
2013-09-10,03:24:46,1.0333333333333332,8.199958801269531,2.6
2013-09-10,03:29:46,1.0,6.199951171875,2.6666666666666665
2013-09-10,03:34:46,1.0,7.399953206380207,2.6666666666666665
2013-09-10,03:39:46,1.0333333333333332,8.133252461751301,2.6666666666666665
2013-09-10,03:44:46,1.0,7.79998779296875,2.6666666666666665
2013-09-10,03:49:46,1.0,8.799908955891928,2.6666666666666665
2013-09-10,03:54:46,1.0,7.999916076660156,2.6
2013-09-10,03:59:46,2.033333333333333,7.066612243652344,100.0
2013-09-10,04:04:46,2.1666666666666665,9.799880981445312,100.0
2013-09-10,04:09:46,2.2333333333333334,7.133267720540365,100.0
2013-09-10,04:14:46,1.9,7.599945068359375,100.0
2013-09-10,04:19:46,1.0,7.5999196370442705,2.6666666666666665
2013-09-10,04:24:46,1.0333333333333332,9.599927266438803,2.6666666666666665
2013-09-10,04:29:46,1.0,10.266545613606771,2.6666666666666665
2013-09-10,04:34:46,1.0666666666666669,8.999900817871094,2.6
2013-09-10,04:39:46,1.0,6.266619364420572,2.6666666666666665
2013-09-10,04:44:46,1.0,6.799964904785156,2.6666666666666665
2013-09-10,04:49:47,1.0,6.399955749511718,2.6666666666666665
2013-09-10,04:54:47,1.0,6.466623942057291,2.6
2013-09-10,04:59:47,1.0,6.799964904785156,2.6
2013-09-10,05:04:47,1.0,5.39990743001302,2.6
2013-09-10,05:09:47,1.0666666666666669,10.599873860677084,2.6
2013-09-10,05:14:47,1.0,9.999923706054688,2.6
2013-09-10,05:19:47,1.0333333333333332,6.799926757812499,2.533333333333333
2013-09-10,05:24:47,1.0,6.733258565266925,2.533333333333333
2013-09-10,05:29:47,1.0,7.799886067708334,2.6
2013-09-10,05:34:47,1.0,7.7999114990234375,2.533333333333333
2013-09-10,05:39:47,1.0,6.6666285196940125,2.466666666666667
2013-09-10,05:44:47,1.0,7.399940490722656,2.466666666666667
2013-09-10,05:49:47,1.0333333333333332,6.333287556966144,2.533333333333333
2013-09-10,05:54:47,1.0,5.599937438964844,2.4
2013-09-10,05:59:47,1.0,8.8665771484375,2.333333333333333
2013-09-10,06:04:47,1.0,8.39996337890625,2.533333333333333
2013-09-10,06:09:47,1.0,8.533236185709635,2.333333333333333
2013-09-10,06:14:47,1.0,6.399955749511718,2.533333333333333
2013-09-10,06:19:47,1.0,7.599945068359375,2.4
2013-09-10,06:24:47,1.0,8.199882507324219,2.466666666666667
2013-09-10,06:29:47,1.0,7.533276875813801,2.533333333333333
2013-09-10,06:34:47,1.0,7.399978637695312,2.533333333333333
2013-09-10,06:39:47,1.0,8.199958801269531,2.466666666666667
2013-09-10,06:44:47,1.0,8.333231608072916,2.533333333333333
2013-09-10,06:49:47,1.0,5.599937438964844,2.6
2013-09-10,06:54:47,1.0,5.2665964762369795,2.6
2013-09-10,06:59:47,1.0333333333333332,7.399915059407553,2.6
2013-09-10,07:04:47,1.2,9.799919128417969,100.0
2013-09-10,07:09:47,1.1,7.866579691569011,2.533333333333333
2013-09-10,07:14:47,1.0,8.599891662597656,2.466666666666667
2013-09-10,07:19:47,1.0,9.199867248535156,2.4
2013-09-10,07:24:48,1.0,8.066622416178387,2.333333333333333
2013-09-10,07:29:48,1.0,7.066637674967448,2.533333333333333
2013-09-10,07:34:48,1.0,5.466601053873697,2.466666666666667
2013-09-10,07:39:48,1.0,6.933237711588541,2.466666666666667
2013-09-10,07:44:48,1.0,7.333259582519531,2.4
2013-09-10,07:49:48,1.7333333333333334,10.066566467285156,100.0
2013-09-10,07:54:48,2.0666666666666664,17.533200581868485,100.0
2013-09-10,07:59:48,2.033333333333333,17.333221435546875,100.0
2013-09-10,08:04:48,2.566666666666667,19.39992268880208,100.0
2013-09-10,08:09:48,2.033333333333333,26.133270263671875,100.0
2013-09-10,08:14:48,2.033333333333333,21.266581217447914,100.0
2013-09-10,08:19:48,1.8666666666666665,19.06653086344401,100.0
2013-09-10,08:24:48,1.0,13.666585286458332,2.4
2013-09-10,08:29:48,1.0,7.533302307128905,2.333333333333333
2013-09-10,08:34:48,1.0,8.199933369954428,2.4
2013-09-10,08:39:48,1.0,8.333282470703125,2.466666666666667
2013-09-10,08:44:48,1.0,7.466646830240885,2.466666666666667
2013-09-10,08:49:48,1.0,7.599945068359375,2.4
2013-09-10,08:54:48,1.0,7.1999359130859375,2.533333333333333
2013-09-10,08:59:48,1.0,6.399955749511718,2.466666666666667
2013-09-10,09:04:48,1.0,6.133282979329426,2.466666666666667
2013-09-10,09:09:48,1.0,8.933232625325521,2.466666666666667
2013-09-10,09:14:48,1.0,7.7999114990234375,2.533333333333333
2013-09-10,09:19:48,1.1,7.333272298177083,2.4
2013-09-10,09:24:48,1.0,7.799924214680988,2.466666666666667
2013-09-10,09:29:48,1.0,7.7332305908203125,2.4
2013-09-10,09:34:49,1.0,5.733273824055988,2.333333333333333
2013-09-10,09:39:49,1.0,5.2665964762369795,2.333333333333333
2013-09-10,09:44:49,1.0,7.266604105631512,2.466666666666667
2013-09-10,09:49:49,1.0,9.133211771647135,2.533333333333333
2013-09-10,09:54:49,1.0,9.799842834472656,2.4
2013-09-10,09:59:49,1.0,9.466578165690104,2.466666666666667
2013-09-10,10:04:49,1.0,8.399912516276041,2.4
2013-09-10,10:09:49,1.0,9.799919128417969,2.333333333333333
2013-09-10,10:14:49,1.0,6.066614786783854,2.4
2013-09-10,10:19:49,1.0,7.333272298177083,2.466666666666667
2013-09-10,10:24:49,1.0,8.466606140136719,2.4
2013-09-10,10:29:49,1.0,7.733268737792969,2.4
2013-09-10,10:34:49,1.0,7.733268737792969,2.333333333333333
2013-09-10,10:39:49,1.0,6.93328857421875,2.4
2013-09-10,10:44:49,1.0,6.86663309733073,2.4
2013-09-10,10:49:48,1.0,8.133201599121094,2.466666666666667
2013-09-10,10:54:48,1.0,6.733296712239584,2.466666666666667
2013-09-10,10:59:48,1.0,8.199907938639322,2.4
2013-09-10,11:04:49,1.2,9.933217366536457,100.0
2013-09-10,11:09:49,1.0333333333333332,9.333216349283854,2.4
2013-09-10,11:14:49,1.0,8.133252461751301,2.466666666666667
2013-09-10,11:19:49,1.0,7.1999359130859375,2.4
2013-09-10,11:24:49,1.0,7.333272298177083,2.4
2013-09-10,11:29:49,1.0,6.199951171875,2.533333333333333
2013-09-10,11:34:49,1.0333333333333332,7.533276875813801,2.4
2013-09-10,11:39:49,1.1333333333333333,7.866541544596356,2.466666666666667
2013-09-10,11:44:49,1.0,7.666613260904947,2.466666666666667
2013-09-10,11:49:49,1.7333333333333334,9.533246358235676,100.0
2013-09-10,11:54:49,2.0,16.066500345865883,100.0
2013-09-10,11:59:49,2.1,18.666534423828125,100.0
2013-09-10,12:04:49,2.933333333333333,18.33325703938802,100.0
2013-09-10,12:09:49,2.0666666666666664,25.799942016601562,100.0
2013-09-10,12:14:49,2.0,19.46654001871745,100.0
2013-09-10,12:19:49,1.8666666666666665,16.999867757161457,100.0
2013-09-10,12:24:49,1.0333333333333332,11.733220418294273,2.4
2013-09-10,12:29:49,1.0,9.466540018717447,2.466666666666667
2013-09-10,12:34:49,1.0,6.399955749511718,2.466666666666667
2013-09-10,12:39:49,1.0,5.866610209147137,2.466666666666667
2013-09-10,12:44:49,1.0,8.266563415527344,2.4
2013-09-10,12:49:49,1.0,7.7999114990234375,2.6
2013-09-10,12:54:49,1.0,6.866594950358072,2.533333333333333
2013-09-10,12:59:49,1.0,9.066556294759115,2.466666666666667
2013-09-10,13:04:49,1.0,8.466593424479168,2.533333333333333
2013-09-10,13:09:49,1.0,6.866594950358072,2.533333333333333
2013-09-10,13:14:49,1.0,7.466595967610677,2.4
2013-09-10,13:19:49,1.0,6.266619364420572,2.6
2013-09-10,13:24:49,1.0,8.133265177408854,2.466666666666667
2013-09-10,13:29:50,1.0,6.733271280924479,2.533333333333333
2013-09-10,13:34:50,1.0,7.266642252604166,2.533333333333333
2013-09-10,13:39:50,1.0,7.666651407877606,2.466666666666667
2013-09-10,13:44:50,1.0,6.466623942057291,2.6666666666666665
2013-09-10,13:49:50,1.0,6.9332758585612,2.533333333333333
2013-09-10,13:54:50,1.0,8.199907938639322,2.6666666666666665
2013-09-10,13:59:50,1.0,9.733212788899738,2.466666666666667
2013-09-10,14:04:50,1.0,8.599929809570312,2.6666666666666665
2013-09-10,14:09:50,1.0,7.4666086832682295,2.6
2013-09-10,14:14:50,1.0,7.1999231974283875,2.533333333333333
2013-09-10,14:19:50,1.0,5.933240254720053,2.6
2013-09-10,14:24:50,1.0,6.599934895833331,2.533333333333333
2013-09-10,14:29:50,1.0,7.933260599772135,2.6
2013-09-10,14:34:50,1.0,8.266588846842447,2.6666666666666665
2013-09-10,14:39:50,1.0,6.4665985107421875,2.7333333333333334
2013-09-10,14:44:50,1.0,6.933250427246093,2.533333333333333
2013-09-10,14:49:50,1.0,8.133201599121094,2.6
2013-09-10,14:54:50,1.0,7.266591389973959,2.6666666666666665
2013-09-10,14:59:50,1.0,7.333272298177083,2.6
2013-09-10,15:04:50,1.1,6.533292134602865,100.0
2013-09-10,15:09:50,1.0,7.199974060058594,2.533333333333333
2013-09-10,15:14:50,1.0,7.86663055419922,2.533333333333333
2013-09-10,15:19:50,1.0,9.799880981445312,2.6
2013-09-10,15:24:50,1.0,8.933232625325521,2.6
2013-09-10,15:29:50,1.0,9.399884541829428,2.6
2013-09-10,15:34:50,1.0,9.066518147786457,2.6
2013-09-10,15:39:50,1.0,7.93328603108724,2.466666666666667
2013-09-10,15:44:50,1.0,7.533315022786459,2.533333333333333
2013-09-10,15:49:50,1.2333333333333334,8.666559855143227,100.0
2013-09-10,15:54:50,1.9,18.999900817871094,100.0
2013-09-10,15:59:50,2.875,16.99981689453125,100.0
2013-09-10,16:04:50,2.3,19.06653086344401,100.0
2013-09-10,16:09:50,2.7,25.99994659423828,100.0
2013-09-10,16:14:50,1.5333333333333334,22.733281453450523,100.0
2013-09-10,16:19:50,1.5666666666666669,18.66652170817057,100.0
2013-09-10,16:24:50,1.1666666666666667,17.13324228922526,100.0
2013-09-10,16:29:51,1.0,11.266543070475258,2.6
2013-09-10,16:34:51,1.0,9.199879964192709,2.533333333333333
2013-09-10,16:39:51,1.0,7.266642252604166,2.4
2013-09-10,16:44:51,1.0,8.666572570800781,2.466666666666667
2013-09-10,16:49:51,1.0,11.86659495035807,2.466666666666667
2013-09-10,16:54:51,1.0,8.333269755045574,2.4
2013-09-10,16:59:51,1.0,9.066569010416666,2.466666666666667
2013-09-10,17:04:51,1.0,8.399887084960938,2.4
2013-09-10,17:09:51,1.0,6.733296712239584,2.6
2013-09-10,17:14:51,1.0,8.666585286458334,2.6
2013-09-10,17:19:51,1.0666666666666669,10.333188374837238,2.6
2013-09-10,17:24:51,1.0,7.533315022786459,2.6
2013-09-10,17:29:51,1.0,9.399922688802082,2.533333333333333
2013-09-10,17:34:51,1.0,9.333216349283854,2.6666666666666665
2013-09-10,17:39:51,1.0,8.799921671549479,2.533333333333333
2013-09-10,17:44:51,1.0,8.199920654296875,2.6
2013-09-10,17:49:51,1.0,6.533292134602865,2.6666666666666665
2013-09-10,17:54:51,1.0,6.799901326497395,2.6666666666666665
2013-09-10,17:59:51,1.0,8.733240763346354,2.466666666666667
2013-09-10,18:04:51,1.0,7.733243306477864,2.6666666666666665
2013-09-10,18:09:51,1.0,7.466583251953125,2.6666666666666665
2013-09-10,18:14:51,1.0,7.999916076660156,2.533333333333333
2013-09-10,18:19:51,1.0,8.799934387207031,2.6
2013-09-10,18:24:51,1.0,7.3333104451497375,2.6666666666666665
2013-09-10,18:29:51,1.0,8.999824523925781,2.6666666666666665
2013-09-10,18:34:51,1.0,8.799896240234375,2.6
2013-09-10,18:39:51,1.0,7.066599527994794,2.6
2013-09-10,18:44:51,1.0,9.533259073893227,2.6
2013-09-10,18:49:51,1.0,9.166558583577473,2.6666666666666665
2013-09-10,18:54:51,1.0,8.466631571451822,2.6666666666666665
2013-09-10,18:59:51,1.0,7.399978637695312,2.6
2013-09-10,19:04:51,1.1,8.066584269205729,100.0
2013-09-10,19:09:51,1.0,8.533248901367188,2.6666666666666665
2013-09-10,19:14:51,1.0,8.066609700520834,2.6666666666666665
2013-09-10,19:19:51,1.0,8.99993896484375,2.6
2013-09-10,19:24:51,1.0,8.133290608723959,2.6
2013-09-10,19:29:52,1.0,9.533246358235676,2.6666666666666665
2013-09-10,19:34:52,1.0,8.933258056640625,2.6
2013-09-10,19:39:52,1.0,6.99993133544922,2.6666666666666665
2013-09-10,19:44:52,1.0,8.533198038736979,2.6
2013-09-10,19:49:51,1.3,8.999862670898438,100.0
2013-09-10,19:54:51,1.6666666666666663,14.133237202962242,100.0
2013-09-10,19:59:51,1.7,17.46657053629557,100.0
2013-09-10,20:04:51,2.6,19.999910990397133,100.0
2013-09-10,20:09:51,1.7666666666666666,25.79989115397135,100.0
2013-09-10,20:14:51,1.8,17.9998779296875,100.0
2013-09-10,20:19:51,1.5,18.199920654296875,100.0
2013-09-10,20:24:51,1.0333333333333332,15.19991556803385,13.533333333333333
2013-09-10,20:29:51,1.0,10.199851989746094,2.2666666666666666
2013-09-10,20:34:52,1.0,8.266563415527344,2.333333333333333
2013-09-10,20:39:52,1.0,7.266604105631512,2.333333333333333
2013-09-10,20:44:52,1.0,8.19989522298177,2.333333333333333
2013-09-10,20:49:52,1.0,7.99986521402995,2.4
2013-09-10,20:54:52,1.0,7.599906921386719,2.333333333333333
2013-09-10,20:59:52,1.0,10.399869283040365,2.4
2013-09-10,21:04:52,1.0,8.799921671549479,2.4
2013-09-10,21:09:52,1.0,7.7999114990234375,2.333333333333333
2013-09-10,21:14:52,3.1333333333333333,17.399940490722656,2.933333333333333
2013-09-10,21:19:52,1.0,31.333223978678394,2.333333333333333
2013-09-10,21:24:52,1.0666666666666669,16.999880472819008,2.333333333333333
2013-09-10,21:29:52,1.0,14.866536458333332,2.333333333333333
2013-09-10,21:34:52,1.0,8.79988352457682,2.466666666666667
2013-09-10,21:39:52,1.0,9.466527303059896,2.333333333333333
2013-09-10,21:44:52,1.0,10.733210245768229,2.4
2013-09-10,21:49:52,1.0,12.733243306477867,2.333333333333333
2013-09-10,21:54:52,1.0,10.533192952473959,2.333333333333333
2013-09-10,21:59:52,1.0,10.533218383789062,2.333333333333333
2013-09-10,22:04:52,1.0,9.733238220214844,2.4
2013-09-10,22:09:52,1.0,10.333188374837238,2.4
2013-09-10,22:14:52,1.0,8.466580708821615,2.4
2013-09-10,22:19:52,1.0,7.93328603108724,2.333333333333333
2013-09-10,22:24:52,1.0,8.533287048339844,2.4
2013-09-10,22:29:52,1.0,10.066541035970051,2.4
2013-09-10,22:34:52,1.0,7.533276875813801,2.333333333333333
2013-09-10,22:39:52,1.0,9.333216349283854,2.333333333333333
2013-09-10,22:44:53,0.9666666666666668,9.33325449625651,2.333333333333333
2013-09-10,22:49:53,1.0,8.333282470703125,2.333333333333333
2013-09-10,22:54:53,1.0,11.599884033203125,2.333333333333333
2013-09-10,22:59:53,1.0,8.799947102864582,2.4
2013-09-10,23:04:53,1.1,10.133234659830729,100.0
2013-09-10,23:09:53,1.0,10.466575622558594,2.333333333333333
2013-09-10,23:14:53,1.0,9.733263651529947,2.4
2013-09-10,23:19:53,1.0,9.933217366536457,2.333333333333333
2013-09-10,23:24:53,1.0,11.571352822440012,2.142857142857143
2013-09-10,23:29:53,1.6666666666666663,10.466588338216145,100.0
2013-09-10,23:34:53,4.466666666666667,33.333231608072914,9.4
2013-09-10,23:39:53,1.0,18.79992167154948,2.4
2013-09-10,23:44:53,1.5,13.199920654296877,2.333333333333333
2013-09-10,23:49:53,1.2333333333333334,12.46657053629557,100.0
2013-09-10,23:54:53,1.8,19.86657460530599,100.0
2013-09-10,23:59:53,2.0,20.39989471435547,100.0
2013-09-11,00:04:53,2.8666666666666667,21.933224995930985,100.0
2013-09-11,00:09:53,2.0,26.533292134602863,100.0
2013-09-11,00:14:53,1.8333333333333333,21.199913024902344,100.0
2013-09-11,00:19:53,1.8,20.599899291992188,100.0
2013-09-11,00:24:53,1.1333333333333333,15.133221944173181,2.333333333333333
2013-09-11,00:29:53,1.0,10.733197530110678,2.333333333333333
2013-09-11,00:34:53,1.1,9.399922688802082,2.333333333333333
2013-09-11,00:39:53,1.1785714285714286,8.642714364188059,2.142857142857143
2013-09-11,00:44:53,1.0,7.399915059407553,2.4
2013-09-11,00:49:53,1.0333333333333332,8.866551717122396,2.333333333333333
2013-09-11,00:54:53,1.0,8.666585286458334,2.333333333333333
2013-09-11,00:59:53,1.0,9.199905395507812,100.0
2013-09-11,01:04:53,1.3666666666666665,14.066581726074217,100.0
2013-09-11,01:09:53,1.1,15.066566467285156,2.466666666666667
2013-09-11,01:14:53,1.0,8.999862670898438,2.4
2013-09-11,01:19:53,1.0333333333333332,8.53326161702474,2.466666666666667
2013-09-11,01:24:53,1.0,9.266586303710938,2.333333333333333
2013-09-11,01:29:53,1.0,13.399887084960938,2.333333333333333
2013-09-11,01:34:53,6.366666666666666,19.333229064941406,10.8
2013-09-11,01:39:54,1.0,17.39990234375,3.0
2013-09-11,01:44:54,1.3,12.533238728841145,100.0
2013-09-11,01:49:54,1.8333333333333333,16.799888610839844,100.0
2013-09-11,01:54:54,1.9666666666666663,17.199935913085938,100.0
2013-09-11,01:59:54,2.0,19.599876403808594,100.0
2013-09-11,02:04:54,2.3666666666666667,22.59990692138672,100.0
2013-09-11,02:09:54,1.8333333333333333,28.199971516927086,100.0
2013-09-11,02:14:54,1.7666666666666666,18.79985809326172,100.0
2013-09-11,02:19:54,1.1,15.99988301595052,2.333333333333333
2013-09-11,02:24:54,1.0,9.599876403808594,2.4
2013-09-11,02:29:54,1.0,6.599960327148438,2.333333333333333
2013-09-11,02:34:54,1.0,6.733271280924479,2.333333333333333
2013-09-11,02:39:54,1.0,7.466583251953125,2.333333333333333
2013-09-11,02:44:54,1.0,7.799949645996093,2.333333333333333
2013-09-11,02:49:54,1.0,9.533259073893227,2.4
2013-09-11,02:54:54,1.0,8.599891662597656,2.4
2013-09-11,02:59:54,1.0,8.666534423828125,2.333333333333333
2013-09-11,03:04:54,1.0,7.93328603108724,2.333333333333333
2013-09-11,03:09:54,1.0,9.799855550130209,2.333333333333333
2013-09-11,03:14:54,1.0,9.599876403808594,2.333333333333333
2013-09-11,03:19:54,1.0,7.13330586751302,2.333333333333333
2013-09-11,03:24:54,1.0,8.733266194661459,2.333333333333333
2013-09-11,03:29:54,1.0,8.999879019601007,1.9285714285714288
2013-09-11,03:34:54,1.0,9.133275349934895,2.4
2013-09-11,03:39:54,1.0,8.73327891031901,2.4
2013-09-11,03:44:54,1.0,7.99994150797526,2.333333333333333
2013-09-11,03:49:54,1.0,8.8665771484375,2.333333333333333
2013-09-11,03:54:54,1.0,8.214242117745536,2.071428571428572
2013-09-11,03:59:54,1.5666666666666669,8.466529846191406,100.0
2013-09-11,04:04:54,48.56666666666667,51.33321126302083,100.0
2013-09-11,04:09:54,62.3,63.06657155354819,100.0
2013-09-11,04:14:54,47.13333333333333,53.8665771484375,100.0
2013-09-11,04:19:54,13.633333333333333,49.19990539550781,2.333333333333333
2013-09-11,04:24:54,9.4,86.26656850179037,10.0
2013-09-11,04:29:54,7.966666666666666,71.59989674886069,2.333333333333333
2013-09-11,04:34:54,1.0,36.19987487792969,2.333333333333333
2013-09-11,04:39:55,1.5,15.999946594238281,2.333333333333333
2013-09-11,04:44:55,1.0,12.799911499023436,2.333333333333333
2013-09-11,04:49:55,1.0666666666666669,8.666547139485676,2.333333333333333
2013-09-11,04:54:54,1.0,11.933199564615883,2.333333333333333
2013-09-11,04:59:54,1.0,7.999954223632813,2.333333333333333
2013-09-11,05:04:54,1.0,5.199928283691406,2.4
2013-09-11,05:09:54,0.9666666666666668,6.133282979329426,2.4
2013-09-11,05:14:54,0.8571428571428571,6.571388244628906,2.5
2013-09-11,05:19:54,0.8666666666666667,6.866607666015626,2.333333333333333
2013-09-11,05:24:54,0.8333333333333333,8.99993896484375,2.333333333333333
2013-09-11,05:29:54,0.8666666666666667,8.99993896484375,2.333333333333333
2013-09-11,05:34:54,0.7666666666666667,6.399955749511718,2.333333333333333
2013-09-11,05:39:54,0.8214285714285714,7.214260101318359,2.571428571428572
2013-09-11,05:44:54,0.9,7.733294169108072,2.333333333333333
2013-09-11,05:49:54,0.6333333333333333,5.79992930094401,2.4
2013-09-11,05:54:54,0.8333333333333333,5.7999420166015625,2.466666666666667
2013-09-11,05:59:54,0.9333333333333332,7.399940490722656,2.4
2013-09-11,06:04:54,0.8666666666666667,6.599960327148438,2.533333333333333
2013-09-11,06:09:54,0.7333333333333333,7.066637674967448,2.466666666666667
2013-09-11,06:14:54,0.6666666666666667,6.866594950358072,2.533333333333333
2013-09-11,06:19:54,0.7333333333333333,7.3333104451497375,2.333333333333333
2013-09-11,06:24:54,0.8,6.866594950358072,2.333333333333333
2013-09-11,06:29:54,0.7857142857142857,6.285667419433594,2.571428571428572
2013-09-11,06:34:54,0.8,6.199951171875,2.533333333333333
2013-09-11,06:39:54,0.6666666666666667,7.666600545247395,2.6666666666666665
2013-09-11,06:44:54,0.8214285714285714,8.14277103969029,2.571428571428572
2013-09-11,06:49:54,0.7,4.533246358235678,2.533333333333333
2013-09-11,06:54:55,0.8333333333333333,5.199928283691406,2.6
2013-09-11,06:59:55,0.8,6.199951171875,100.0
2013-09-11,07:04:55,0.9,8.99993896484375,2.6666666666666665
2013-09-11,07:09:55,0.7666666666666667,8.199933369954428,2.533333333333333
2013-09-11,07:14:55,0.7666666666666667,7.266604105631512,2.333333333333333
2013-09-11,07:19:55,0.8,6.799964904785156,2.466666666666667
2013-09-11,07:24:55,0.8333333333333333,8.199882507324219,2.533333333333333
2013-09-11,07:29:55,0.6666666666666667,6.866582234700519,2.466666666666667
2013-09-11,07:34:55,0.8,6.399930318196613,2.333333333333333
2013-09-11,07:39:55,0.7666666666666667,7.533251444498699,2.4
2013-09-11,07:44:55,0.8666666666666667,7.999916076660156,2.466666666666667
2013-09-11,07:49:55,1.0666666666666669,6.666590372721354,100.0
2013-09-11,07:54:55,1.6,15.466575622558592,100.0
2013-09-11,07:59:55,1.5,17.466608683268227,100.0
2013-09-11,08:04:55,2.3,22.933222452799477,100.0
2013-09-11,08:09:55,1.5,22.733230590820312,100.0
2013-09-11,08:14:55,1.5,17.28557859148298,100.0
2013-09-11,08:19:55,1.5,17.399927775065105,100.0
2013-09-11,08:24:55,0.8666666666666667,13.666598002115881,48.4
2013-09-11,08:29:55,0.7333333333333333,7.733268737792969,2.466666666666667
2013-09-11,08:34:55,0.7857142857142857,6.428473336356026,2.571428571428572
2013-09-11,08:39:55,0.8,5.533256530761719,2.533333333333333
2013-09-11,08:44:55,0.8,6.266619364420572,2.4
2013-09-11,08:49:55,0.7,6.799914042154947,2.4
2013-09-11,08:54:55,0.8333333333333333,7.133267720540365,2.533333333333333
2013-09-11,08:59:55,0.7,4.59991455078125,2.466666666666667
2013-09-11,09:04:55,0.7333333333333333,5.466601053873697,2.533333333333333
2013-09-11,09:09:55,0.6666666666666667,4.866587320963542,2.533333333333333
2013-09-11,09:14:55,0.8333333333333333,5.133260091145833,2.6
2013-09-11,09:19:56,0.7,6.799964904785156,2.333333333333333
2013-09-11,09:24:56,0.8666666666666667,5.466601053873697,2.4
2013-09-11,09:29:56,0.7,4.9999237060546875,2.6
2013-09-11,09:34:56,0.8333333333333333,4.1999053955078125,2.466666666666667
2013-09-11,09:39:56,0.7333333333333333,4.9999237060546875,2.466666666666667
2013-09-11,09:44:56,0.8666666666666667,5.7999420166015625,2.533333333333333
2013-09-11,09:49:56,0.7666666666666667,6.333287556966144,2.466666666666667
2013-09-11,09:54:56,0.7,7.133267720540365,2.466666666666667
2013-09-11,09:59:56,0.7666666666666667,5.9332275390625,2.533333333333333
2013-09-11,10:04:56,0.7,5.933278401692709,2.466666666666667
2013-09-11,10:09:56,0.7,5.199928283691406,2.466666666666667
2013-09-11,10:14:56,0.9,6.533253987630207,2.6
2013-09-11,10:19:56,0.9,7.133267720540365,2.4
2013-09-11,10:24:56,0.8666666666666667,5.466601053873697,2.6666666666666665
2013-09-11,10:29:56,0.8666666666666667,5.999946594238281,2.533333333333333
2013-09-11,10:39:56,1.0,6.799964904785156,2.333333333333333
2013-09-11,10:44:56,0.9333333333333332,5.599937438964844,2.533333333333333
2013-09-11,10:49:56,0.6333333333333333,5.466562906901041,2.4
2013-09-11,10:54:56,0.9,4.59991455078125,2.466666666666667
2013-09-11,10:59:56,0.8333333333333333,5.666605631510416,100.0
2013-09-11,11:04:56,0.9583333333333331,5.9166113535563145,2.5
2013-09-11,11:09:56,0.9285714285714286,4.857063293457031,2.3076923076923075
2013-09-11,11:14:56,1.0,5.133260091145833,2.6
2013-09-11,11:19:56,0.9,5.333264668782553,2.466666666666667
2013-09-11,11:24:56,0.7333333333333333,4.333241780598959,2.466666666666667
2013-09-11,11:29:56,0.7666666666666667,5.599937438964844,2.533333333333333
2013-09-11,11:34:56,0.7333333333333333,5.666605631510416,2.333333333333333
2013-09-11,11:39:56,0.9,6.933263142903646,2.533333333333333
2013-09-11,11:44:56,0.8333333333333333,6.199951171875,2.533333333333333
2013-09-11,11:49:56,1.0333333333333332,6.199938456217447,100.0
2013-09-11,11:54:56,1.5,13.466593424479164,100.0
2013-09-11,11:59:57,1.5,14.333229064941404,100.0
2013-09-11,12:04:57,2.2666666666666666,18.93321990966797,100.0
2013-09-11,12:09:57,1.5666666666666669,24.39990997314453,100.0
2013-09-11,12:14:57,1.5,17.733179728190102,100.0
2013-09-11,12:19:57,1.5,17.59993235270182,100.0
2013-09-11,12:24:57,1.0666666666666669,15.199902852376301,27.0
2013-09-11,12:29:57,0.9333333333333332,7.399915059407553,2.533333333333333
2013-09-11,12:34:57,0.9333333333333332,5.533269246419271,2.4
2013-09-11,12:39:57,0.9666666666666668,6.066614786783854,2.533333333333333
2013-09-11,12:44:57,0.9666666666666668,5.133260091145833,2.533333333333333
2013-09-11,12:49:57,0.9333333333333332,5.133260091145833,2.6666666666666665
2013-09-11,12:54:57,0.9666666666666668,5.333264668782553,2.533333333333333
2013-09-11,12:59:57,0.9,5.533269246419271,2.6
2013-09-11,13:04:57,1.0,4.933255513509115,2.333333333333333
2013-09-11,13:09:57,0.7666666666666667,5.399932861328125,2.466666666666667
2013-09-11,13:14:57,0.9666666666666668,5.866610209147137,2.6666666666666665
2013-09-11,13:19:57,0.9666666666666668,7.066574096679687,2.533333333333333
2013-09-11,13:24:57,0.9333333333333332,6.466585795084636,2.466666666666667
2013-09-11,13:29:57,0.8,5.399932861328125,2.533333333333333
2013-09-11,13:34:57,0.9333333333333332,5.333264668782553,2.533333333333333
2013-09-11,13:39:57,0.8666666666666667,6.6666285196940125,2.6666666666666665
2013-09-11,13:44:57,0.7666666666666667,6.933301289876302,2.466666666666667
2013-09-11,13:49:57,0.9,6.533292134602865,2.333333333333333
2013-09-11,13:54:57,0.9,5.466601053873697,2.4
2013-09-11,13:59:57,0.8666666666666667,5.599937438964844,2.533333333333333
2013-09-11,14:04:57,0.9666666666666668,6.799901326497395,2.333333333333333
2013-09-11,14:09:57,0.9666666666666668,6.4665985107421875,2.533333333333333
2013-09-11,14:14:57,0.9333333333333332,6.999969482421875,2.6
2013-09-11,14:19:57,0.9666666666666668,5.2665964762369795,2.533333333333333
2013-09-11,14:24:57,0.8666666666666667,6.466623942057291,2.6
2013-09-11,14:29:57,0.8,5.333264668782553,2.6
2013-09-11,14:34:57,0.9,4.399909973144531,2.466666666666667
2013-09-11,14:39:57,0.8666666666666667,5.199928283691406,2.533333333333333
2013-09-11,14:44:57,0.9666666666666668,5.599937438964844,2.533333333333333
2013-09-11,14:49:57,0.9333333333333332,5.399932861328125,2.533333333333333
2013-09-11,14:54:57,0.9666666666666668,5.599937438964844,2.466666666666667
2013-09-11,14:59:57,1.0,6.6666285196940125,100.0
2013-09-11,15:04:57,1.0,8.599929809570312,2.6
2013-09-11,15:09:57,0.8333333333333333,5.399932861328125,2.466666666666667
2013-09-11,15:14:57,0.8333333333333333,5.199928283691406,2.6666666666666665
2013-09-11,15:19:57,0.8333333333333333,5.999946594238281,2.466666666666667
2013-09-11,15:24:58,0.9333333333333332,7.533226013183595,2.466666666666667
2013-09-11,15:29:58,0.7666666666666667,6.866620381673178,2.466666666666667
2013-09-11,15:34:58,1.0,6.599934895833331,2.333333333333333
2013-09-11,15:39:58,0.9666666666666668,5.599937438964844,2.466666666666667
2013-09-11,15:44:58,0.8666666666666667,6.4665985107421875,2.4
2013-09-11,15:49:58,1.6,13.399887084960938,100.0
2013-09-11,15:54:58,1.7,17.866566975911457,100.0
2013-09-11,15:59:58,1.7333333333333334,17.266527811686196,100.0
2013-09-11,16:04:58,2.533333333333333,19.799906412760418,100.0
2013-09-11,16:09:58,1.7,24.59988911946614,100.0
2013-09-11,16:14:58,1.6333333333333335,19.99988555908203,100.0
2013-09-11,16:19:58,1.3,15.733248392740887,100.0
2013-09-11,16:24:58,0.9333333333333332,11.666552225748696,2.466666666666667
2013-09-11,16:29:58,1.0,6.666603088378905,2.4
2013-09-11,16:34:58,5.566666666666666,15.533243815104164,2.466666666666667
2013-09-11,16:39:58,1.3,34.39990997314453,2.466666666666667
