Date,Time,CPU,RAM,CHANNEL
2013-08-12,16:40:46,2.4,12.1999274359809,5.2
2013-08-12,16:45:46,0.6,8.333248562282984,6.866666666666666
2013-08-12,16:50:46,0.8,7.73324754503038,11.933333333333335
2013-08-12,16:55:46,0.5333333333333333,8.866602579752604,17.066666666666666
2013-08-12,17:00:46,1.5333333333333334,10.066604614257812,18.266666666666666
2013-08-12,17:05:46,1.1666666666666667,22.06659952799479,1.6
2013-08-12,17:10:46,1.1,12.1999274359809,15.733333333333333
2013-08-12,17:15:46,1.1333333333333333,11.066597832573784,30.6
2013-08-12,17:20:46,1.0333333333333332,9.599939982096355,23.73333333333333
2013-08-12,17:25:46,1.0666666666666669,9.399956597222221,8.4
2013-08-12,17:30:46,0.9,14.533284505208332,7.466666666666668
2013-08-12,17:35:46,1.6333333333333335,18.999964396158852,1.3333333333333333
2013-08-12,17:40:46,1.9333333333333331,16.133278740776905,11.266666666666667
2013-08-12,17:45:46,0.7,14.599939982096355,15.2
2013-08-12,17:50:46,0.8666666666666667,10.933278401692709,15.466666666666667
2013-08-12,17:55:46,0.6333333333333333,9.0665774875217,14.133333333333333
2013-08-12,18:00:46,1.0666666666666669,14.799923366970482,6.0
2013-08-12,18:05:46,1.6333333333333335,13.06656731499566,8.2
2013-08-12,18:10:46,0.7,8.99992201063368,8.2
2013-08-12,18:15:46,1.1333333333333333,10.399924384223088,31.4
2013-08-12,18:20:46,1.0333333333333332,10.933278401692709,27.86666666666667
2013-08-12,18:25:46,1.0,8.866602579752604,2.2666666666666666
2013-08-12,18:30:46,0.5,8.933258056640625,6.0
2013-08-12,18:35:46,1.3,17.533281114366325,2.8666666666666667
2013-08-12,18:40:46,0.6,11.19991726345486,13.8
2013-08-12,18:45:46,0.7333333333333333,10.666597154405382,39.2
2013-08-12,18:50:47,0.5666666666666667,9.199939303927952,2.533333333333333
2013-08-12,18:55:47,0.33333333333333337,6.933229234483507,0.4
2013-08-12,19:00:47,1.2333333333333334,8.866602579752604,11.8
2013-08-12,19:05:47,1.6333333333333335,16.733279758029514,2.8666666666666667
2013-08-12,19:10:47,0.6333333333333333,12.066599527994793,14.8
2013-08-12,19:15:47,1.3666666666666665,12.533247205946177,51.06666666666667
2013-08-12,19:20:47,0.8333333333333333,10.466605292426214,6.666666666666668
2013-08-12,19:25:47,0.8666666666666667,11.133261786566841,1.0
2013-08-12,19:30:47,0.7333333333333333,9.733250935872395,8.666666666666666
2013-08-12,19:35:47,1.1333333333333333,15.066630045572918,1.8
2013-08-12,19:40:47,0.8333333333333333,11.7999267578125,24.466666666666665
2013-08-12,19:45:47,0.8666666666666667,9.9332767062717,35.06666666666667
2013-08-12,19:50:47,1.4333333333333331,8.733257717556421,2.533333333333333
2013-08-12,19:55:47,0.5333333333333333,7.066591050889756,1.5333333333333334
2013-08-12,20:00:47,8.133333333333333,12.066599527994793,10.866666666666667
2013-08-12,20:05:47,72.66666666666667,49.73326789008246,8.4
2013-08-12,20:10:47,74.33333333333333,36.266615125868064,47.0
2013-08-12,20:15:47,9.966666666666667,24.599939982096352,50.13333333333333
2013-08-12,20:20:47,3.666666666666667,16.39996846516927,2.533333333333333
2013-08-12,20:25:47,3.633333333333333,13.399937947591145,1.2
2013-08-12,20:30:47,3.8666666666666663,10.799916585286457,8.933333333333334
2013-08-12,20:35:47,4.666666666666667,13.399937947591145,1.0
2013-08-12,20:40:47,3.566666666666667,10.799916585286457,27.53333333333333
2013-08-12,20:45:47,3.3666666666666667,11.199951171875,31.466666666666665
2013-08-12,20:50:47,4.0,9.59991455078125,2.066666666666667
2013-08-12,20:55:47,3.633333333333333,10.799942016601562,1.9333333333333331
2013-08-12,21:00:47,4.633333333333333,13.99993896484375,13.333333333333336
2013-08-12,21:05:47,41.63333333333333,15.533277723524307,9.6
2013-08-12,21:10:47,13.266666666666667,11.799960666232641,27.73333333333333
2013-08-12,21:15:47,18.2,16.066614786783852,52.26666666666666
2013-08-12,21:20:47,4.033333333333333,25.599941677517364,1.7333333333333334
2013-08-12,21:25:47,3.666666666666667,11.999952528211804,1.7333333333333334
2013-08-12,21:30:47,4.0,12.733281453450521,8.533333333333333
2013-08-12,21:35:47,4.4,18.99993896484375,2.533333333333333
2013-08-12,21:40:47,3.566666666666667,11.466615464952255,23.73333333333333
2013-08-12,21:45:47,3.3,11.199951171875,37.13333333333333
2013-08-12,21:50:47,3.9,8.599912855360243,1.6666666666666667
2013-08-12,21:55:47,3.8,10.066587660047745,1.5333333333333334
2013-08-12,22:00:47,6.2,11.133278740776912,13.133333333333333
2013-08-12,22:05:47,5.333333333333334,19.066602918836807,2.466666666666667
2013-08-12,22:10:47,4.3,13.599955240885416,24.4
2013-08-12,22:15:47,3.6,12.199944390190971,52.4
2013-08-12,22:20:47,3.666666666666667,11.933254665798609,2.4
2013-08-12,22:25:47,3.6,8.26658460828993,0.2
2013-08-12,22:30:47,3.8,12.79991149902344,6.666666666666668
2013-08-12,22:35:47,4.4,20.066630045572918,0.9333333333333332
2013-08-12,22:40:47,3.533333333333333,10.666614108615454,22.4
2013-08-12,22:45:47,3.066666666666667,10.399924384223088,33.13333333333333
2013-08-12,22:50:47,3.7,13.999930487738713,6.333333333333332
2013-08-12,22:55:47,3.6,9.266611735026043,0.06666666666666668
2013-08-12,23:00:47,4.266666666666667,9.066594441731771,10.666666666666666
2013-08-12,23:05:47,4.3,14.599956936306427,1.8666666666666667
2013-08-12,23:10:48,3.8,13.066592746310764,23.4
2013-08-12,23:15:48,3.666666666666667,12.333255343967016,55.33333333333334
2013-08-12,23:20:48,3.8,15.26660495334201,1.0
2013-08-12,23:25:48,3.633333333333333,10.333251953125,0.06666666666666668
2013-08-12,23:30:48,3.766666666666667,11.333253648546005,6.6
2013-08-12,23:35:48,4.266666666666667,19.399965074327255,0.8666666666666667
2013-08-12,23:40:48,3.4,12.1999274359809,24.066666666666666
2013-08-12,23:45:48,2.966666666666667,9.93325975206163,38.0
2013-08-12,23:50:48,3.766666666666667,11.399943033854166,0.3333333333333333
2013-08-12,23:55:48,3.6,9.466569688585068,0.06666666666666668
2013-08-13,00:00:48,9.5,14.799914889865448,10.6
2013-08-13,00:05:48,39.066666666666656,64.66661241319443,21.266666666666666
2013-08-13,00:10:48,9.233333333333334,31.733288235134545,21.66666666666667
2013-08-13,00:15:48,1.3333333333333337,15.1332770453559,56.0
2013-08-13,00:20:48,0.7,9.999940660264755,1.1333333333333333
2013-08-13,00:25:48,0.36666666666666653,8.733266194661459,0
2013-08-13,00:30:48,0.6666666666666667,7.733256022135417,6.533333333333332
2013-08-13,00:35:48,1.1,16.666590372721355,0.8
2013-08-13,00:40:48,0.6666666666666667,10.466596815321182,24.93333333333333
2013-08-13,00:45:48,0.9,8.666602240668402,36.6
2013-08-13,00:50:48,0.5,9.399922688802082,0.06666666666666668
2013-08-13,00:55:48,0.26666666666666666,9.466595119900171,0
2013-08-13,01:00:48,1.0,10.066604614257812,10.133333333333333
2013-08-13,01:05:48,0.9,13.133290608723957,0.8666666666666667
2013-08-13,01:10:48,0.7,9.466603597005207,20.666666666666668
2013-08-13,01:15:48,1.3333333333333337,10.999942355685764,56.86666666666667
2013-08-13,01:20:48,0.7333333333333333,9.533242119683159,0.4
2013-08-13,01:25:48,0.43333333333333335,7.999928792317708,0
2013-08-13,01:30:48,0.7666666666666667,9.866578843858505,6.533333333333332
2013-08-13,01:35:48,5.4,22.799928453233505,82.53333333333333
2013-08-13,01:40:48,5.933333333333334,20.199949476453995,100.0
2013-08-13,01:45:48,3.8666666666666663,23.466584947374127,100.0
2013-08-13,01:50:48,3.333333333333333,17.333272298177082,91.2
2013-08-13,01:55:48,1.0333333333333332,11.866607666015625,21.466666666666665
2013-08-13,02:00:48,8.466666666666667,15.066604614257814,100.0
2013-08-13,02:05:49,26.333333333333336,63.933300442165795,18.666666666666668
2013-08-13,02:10:49,0.8333333333333333,28.53327433268229,28.6
2013-08-13,02:15:49,1.2333333333333334,15.999942355685768,33.46666666666667
2013-08-13,02:20:49,0.5,11.133270263671875,0.26666666666666666
2013-08-13,02:25:49,0.43333333333333335,8.133256700303818,0
2013-08-13,02:30:49,0.7333333333333333,7.133263481987847,6.133333333333334
2013-08-13,02:35:49,1.0,15.866597493489584,0.8
2013-08-13,02:40:49,0.7,10.866605970594618,24.4
2013-08-13,02:45:49,0.6666666666666667,9.599931504991318,22.4
2013-08-13,02:50:49,0.4666666666666666,11.399917602539062,0.3333333333333333
2013-08-13,02:55:49,0.4666666666666666,7.799928453233505,0
2013-08-13,03:00:49,1.0,11.3999260796441,9.8
2013-08-13,03:05:49,1.0,16.599943372938363,0.8
2013-08-13,03:10:49,0.7666666666666667,9.399914211697046,21.66666666666667
2013-08-13,03:15:49,1.4,9.799906412760418,40.2
2013-08-13,03:20:49,0.4666666666666666,9.3332756890191,0.4
2013-08-13,03:25:49,0.4666666666666666,7.3999277750651045,0
2013-08-13,03:30:49,0.6666666666666667,6.999918619791666,6.066666666666666
2013-08-13,03:35:49,1.0,16.266615125868057,0.9333333333333332
2013-08-13,03:40:49,0.7333333333333333,9.799940321180557,24.53333333333333
2013-08-13,03:45:49,0.7333333333333333,11.066606309678818,22.466666666666665
2013-08-13,03:50:49,0.43333333333333335,9.733284844292537,0.13333333333333333
2013-08-13,03:55:49,0.33333333333333337,7.8665924072265625,0
2013-08-13,04:00:49,1.0333333333333332,11.26657274034288,9.866666666666667
2013-08-13,04:05:49,0.9666666666666668,15.1332770453559,0.7333333333333333
2013-08-13,04:10:49,0.6333333333333333,12.266616821289062,16.533333333333335
2013-08-13,04:15:49,1.3,8.599929809570312,41.66666666666666
2013-08-13,04:20:49,0.5333333333333333,9.799931844075521,2.933333333333333
2013-08-13,04:25:49,0.43333333333333335,6.4665985107421875,0
2013-08-13,04:30:49,0.7666666666666667,8.933283487955729,6.133333333333334
2013-08-13,04:35:49,0.9666666666666668,14.399922688802084,0.7333333333333333
2013-08-13,04:40:49,0.6666666666666667,9.799931844075521,17.733333333333334
2013-08-13,04:45:49,0.6666666666666667,9.59991455078125,25.466666666666665
2013-08-13,04:50:49,0.5666666666666667,8.799921671549479,3.466666666666667
2013-08-13,04:55:49,0.33333333333333337,6.7999013264973955,0
2013-08-13,05:00:50,1.1,8.599904378255207,9.866666666666667
2013-08-13,05:05:50,0.9666666666666668,13.199920654296873,0.7333333333333333
2013-08-13,05:10:50,0.6,9.399922688802082,10.2
2013-08-13,05:15:50,1.3333333333333337,11.799901326497396,41.8
2013-08-13,05:20:50,0.6333333333333333,10.39995829264323,8.533333333333333
2013-08-13,05:25:50,0.4,7.3999277750651045,0
2013-08-13,05:30:50,0.7,8.53324042426215,6.133333333333334
2013-08-13,05:35:50,1.0,19.999923706054688,0.7333333333333333
2013-08-13,05:40:50,0.6666666666666667,12.199935913085938,17.266666666666666
2013-08-13,05:45:50,0.7333333333333333,8.399912516276043,29.6
2013-08-13,05:50:50,0.4666666666666666,8.599955240885416,0.2
2013-08-13,05:55:50,0.26666666666666666,6.999918619791666,0
2013-08-13,06:00:49,1.0333333333333332,10.066579182942709,9.866666666666667
2013-08-13,06:05:49,0.9666666666666668,15.99993387858073,0.8
2013-08-13,06:10:49,0.7333333333333333,9.799931844075521,17.133333333333333
2013-08-13,06:15:49,1.3,8.999913533528646,40.13333333333333
2013-08-13,06:20:49,0.6,9.199930826822916,5.066666666666666
2013-08-13,06:25:49,0.4,8.999913533528646,0
2013-08-13,06:30:50,0.7333333333333333,8.466601901584202,6.133333333333334
2013-08-13,06:35:50,0.9333333333333332,15.399932861328125,0.7333333333333333
2013-08-13,06:40:50,0.6666666666666667,10.399907430013021,9.933333333333334
2013-08-13,06:45:50,0.6,9.199930826822916,22.8
2013-08-13,06:50:50,0.7,7.999928792317708,14.133333333333333
2013-08-13,06:55:50,0.33333333333333337,8.399937947591146,0
2013-08-13,07:00:50,0.9333333333333332,11.266598171657984,9.333333333333334
2013-08-13,07:05:50,1.1333333333333333,16.599960327148438,1.4
2013-08-13,07:10:50,0.5333333333333333,11.999918619791666,13.0
2013-08-13,07:15:50,1.1666666666666667,10.99993387858073,39.8
2013-08-13,07:20:50,0.6666666666666667,9.466612074110243,9.6
2013-08-13,07:25:50,0.36666666666666653,9.599939982096355,0
2013-08-13,07:30:50,0.7333333333333333,7.999937269422743,6.133333333333334
2013-08-13,07:35:50,1.1,16.599934895833332,0.8
2013-08-13,07:40:50,0.6333333333333333,10.199915568033854,18.33333333333333
2013-08-13,07:45:50,0.7333333333333333,9.466603597005207,25.066666666666666
2013-08-13,07:50:50,0.6333333333333333,9.799931844075521,2.533333333333333
2013-08-13,07:55:50,0.36666666666666653,9.399897257486979,0
2013-08-13,08:00:50,8.633333333333333,12.866600884331596,9.866666666666667
2013-08-13,08:05:50,25.366666666666664,54.59991455078125,18.6
2013-08-13,08:10:50,0.6,25.199940999348957,15.066666666666665
2013-08-13,08:15:50,1.3,11.399917602539062,47.06666666666667
2013-08-13,08:20:50,0.5666666666666667,11.999918619791666,0.3333333333333333
2013-08-13,08:25:50,0.43333333333333335,9.199930826822916,0
2013-08-13,08:30:50,0.7,9.199973212348091,6.133333333333334
2013-08-13,08:35:50,1.1333333333333333,17.399978637695312,0.7333333333333333
2013-08-13,08:40:50,0.6333333333333333,9.399922688802082,19.666666666666668
2013-08-13,08:45:50,0.7333333333333333,7.999928792317708,27.466666666666665
2013-08-13,08:50:50,0.5,10.399932861328125,0.5333333333333333
2013-08-13,08:55:50,0.4,7.599945068359375,0
2013-08-13,09:00:51,0.9666666666666668,10.733303493923609,9.8
2013-08-13,09:05:51,1.0666666666666669,16.199951171875,0.8666666666666667
2013-08-13,09:10:51,0.6666666666666667,11.93327162000868,10.2
2013-08-13,09:15:51,1.0666666666666669,11.39996846516927,32.266666666666666
2013-08-13,09:20:51,0.7666666666666667,9.266603257921007,17.8
2013-08-13,09:25:51,0.43333333333333335,7.3332468668619795,0
2013-08-13,09:30:51,0.6666666666666667,8.199929131401912,6.066666666666666
2013-08-13,09:35:51,1.1666666666666667,16.933246188693577,0.8
2013-08-13,09:40:51,0.5666666666666667,10.46661376953125,8.133333333333333
2013-08-13,09:45:51,0.5333333333333333,9.999923706054688,8.8
2013-08-13,09:50:51,0.7,6.199900309244791,17.666666666666668
2013-08-13,09:55:51,0.5666666666666667,7.3332553439670125,8.733333333333333
2013-08-13,10:00:51,1.0333333333333332,11.133253309461805,10.0
2013-08-13,10:05:51,1.0333333333333332,12.1999274359809,0.9333333333333332
2013-08-13,10:10:51,0.5,9.733242458767359,6.933333333333334
2013-08-13,10:15:51,1.0,10.066587660047745,25.73333333333333
2013-08-13,10:20:51,0.8333333333333333,10.266579522026912,20.0
2013-08-13,10:25:51,0.7,7.5999196370442705,7.933333333333334
2013-08-13,10:30:51,0.7666666666666667,8.599929809570312,6.6
2013-08-13,10:35:51,1.1333333333333333,13.333273993598088,1.0666666666666669
2013-08-13,10:40:51,0.5666666666666667,9.333241780598959,6.066666666666666
2013-08-13,10:45:51,0.7666666666666667,8.599929809570312,10.466666666666667
2013-08-13,10:50:51,0.7,10.066562228732641,13.866666666666667
2013-08-13,10:55:51,0.6666666666666667,7.133246527777777,13.333333333333336
2013-08-13,11:00:51,0.8333333333333333,11.39993455674913,8.333333333333334
2013-08-13,11:05:51,1.2,13.799896240234375,4.933333333333334
2013-08-13,11:10:51,0.6666666666666667,9.666578504774305,5.533333333333332
2013-08-13,11:15:51,1.1333333333333333,11.266615125868055,22.2
2013-08-13,11:20:51,0.9,8.399946424696182,10.533333333333333
2013-08-13,11:25:51,0.6333333333333333,6.733245849609375,8.133333333333333
2013-08-13,11:30:51,0.8666666666666667,7.9999033610026045,11.733333333333333
2013-08-13,11:35:51,1.0333333333333332,12.866583930121525,0.9333333333333332
2013-08-13,11:40:51,0.6,11.933280097113713,7.8
2013-08-13,11:45:51,0.6333333333333333,8.333240085177952,7.666666666666668
2013-08-13,11:50:51,0.6666666666666667,7.599894205729167,8.133333333333333
2013-08-13,11:55:51,0.6666666666666667,8.199937608506943,6.7333333333333325
2013-08-13,12:00:51,8.6,12.866600884331596,14.2
2013-08-13,12:05:52,26.43333333333333,56.73329671223958,23.066666666666666
2013-08-13,12:10:52,19.166666666666668,27.533315022786457,8.2
2013-08-13,12:15:52,17.833333333333332,14.799940321180552,26.93333333333333
2013-08-13,12:20:52,0.8333333333333333,12.199910481770832,11.533333333333333
2013-08-13,12:25:52,9.2,13.533257378472225,11.533333333333333
2013-08-13,12:30:52,0.8666666666666667,10.999959309895834,9.8
2013-08-13,12:35:52,1.2333333333333334,19.066619873046875,21.93333333333333
2013-08-13,12:40:52,0.6333333333333333,11.3999260796441,5.266666666666667
2013-08-13,12:45:52,0.7333333333333333,9.599923027886287,17.866666666666667
2013-08-13,12:50:52,0.7666666666666667,9.999940660264755,13.6
2013-08-13,12:55:52,0.6,7.3332553439670125,7.2666666666666675
2013-08-13,13:00:52,1.2,11.999935574001734,11.8
2013-08-13,13:05:52,1.1333333333333333,18.199954562717018,1.2666666666666666
2013-08-13,13:10:52,0.8,13.333273993598088,4.066666666666666
2013-08-13,13:15:52,1.2,13.599921332465275,28.73333333333333
2013-08-13,13:20:52,1.3,11.333279079861112,16.866666666666667
2013-08-13,13:25:52,0.6333333333333333,9.266586303710938,10.933333333333335
2013-08-13,13:30:52,0.8,8.99995591905382,7.066666666666666
2013-08-13,13:35:52,1.0666666666666669,17.933273315429688,1.2
2013-08-13,13:40:52,0.6333333333333333,11.533245510525171,10.0
2013-08-13,13:45:52,0.8,10.39995829264323,19.066666666666666
2013-08-13,13:50:52,0.9333333333333332,10.666605631510418,19.0
2013-08-13,13:55:52,0.6333333333333333,10.666580200195312,1.8
2013-08-13,14:00:52,1.4333333333333331,12.799962361653646,11.2
2013-08-13,14:05:52,1.3666666666666665,16.1332533094618,1.4666666666666666
2013-08-13,14:10:52,4.5,15.999950832790802,15.666666666666664
2013-08-13,14:15:52,5.7,19.799931844075523,36.53333333333333
2013-08-13,14:20:53,4.333333333333333,14.933268229166666,20.33333333333333
2013-08-13,14:25:53,2.2,16.199951171875,3.2666666666666666
2013-08-13,14:30:53,1.2,14.599948459201393,7.2666666666666675
2013-08-13,14:35:53,2.8666666666666667,14.266611735026041,2.333333333333333
2013-08-13,14:40:53,0.8666666666666667,14.33330959743924,13.2
2013-08-13,14:45:53,0.8333333333333333,12.06661648220486,27.93333333333333
2013-08-13,14:50:53,0.8333333333333333,7.999937269422743,11.066666666666665
2013-08-13,14:55:53,0.6,8.59993828667535,1.4
2013-08-13,15:00:53,0.9,10.933278401692709,6.333333333333332
2013-08-13,15:05:52,3.766666666666667,13.266593085394964,8.133333333333333
2013-08-13,15:10:52,4.266666666666667,27.93329874674479,13.4
2013-08-13,15:15:52,1.4333333333333331,14.733293321397568,35.6
2013-08-13,15:20:52,0.9666666666666668,13.533265855577255,17.533333333333335
2013-08-13,15:25:52,0.5,8.333273993598088,0.5333333333333333
2013-08-13,15:30:52,0.9,7.799903021918402,8.266666666666667
2013-08-13,15:35:52,1.5666666666666669,17.999937269422748,2.466666666666667
2013-08-13,15:40:52,0.7333333333333333,9.93325975206163,14.466666666666667
2013-08-13,15:45:52,0.7333333333333333,9.999923706054688,22.4
2013-08-13,15:50:52,1.4,11.99991014268663,13.266666666666667
2013-08-13,15:55:52,0.5333333333333333,8.333265516493057,0.4666666666666667
2013-08-13,16:00:53,7.5,14.399939643012157,11.6
2013-08-13,16:05:53,36.4,54.599931504991304,20.0
2013-08-13,16:10:53,4.4,25.93331231011285,10.666666666666666
2013-08-13,16:15:53,1.8333333333333333,13.999947441948784,36.266666666666666
2013-08-13,16:20:53,4.066666666666666,10.799942016601562,18.133333333333333
2013-08-13,16:25:53,0.5,10.599916246202255,0.4
2013-08-13,16:30:53,0.6333333333333333,8.133299085828995,5.933333333333334
2013-08-13,16:35:53,2.1666666666666665,21.79996066623264,3.2666666666666666
2013-08-13,16:40:53,0.8333333333333333,14.199930826822918,10.733333333333333
2013-08-13,16:45:53,0.8,9.133266872829859,23.266666666666666
2013-08-13,16:50:53,1.4666666666666666,11.199925740559896,15.6
2013-08-13,16:55:53,1.1666666666666667,11.99994405110677,0.4666666666666667
2013-08-13,17:00:53,1.0666666666666669,10.666571723090275,10.733333333333333
2013-08-13,17:05:53,2.0,16.799952189127605,3.2666666666666666
2013-08-13,17:10:53,1.2666666666666666,14.399922688802084,9.866666666666667
2013-08-13,17:15:53,1.1666666666666667,11.7999267578125,29.93333333333333
2013-08-13,17:20:53,1.0,10.599924723307291,22.6
2013-08-13,17:25:53,0.6,11.799952189127605,0.8666666666666667
2013-08-13,17:30:53,1.2333333333333334,10.599924723307291,8.2
2013-08-13,17:35:53,1.9333333333333331,19.199930826822918,2.333333333333333
2013-08-13,17:40:53,0.7,10.399907430013021,20.6
2013-08-13,17:45:53,0.8333333333333333,7.733272976345484,24.266666666666666
2013-08-13,17:50:53,2.1666666666666665,20.399932861328125,6.7333333333333325
2013-08-13,17:55:53,0.9333333333333332,22.599945068359375,0.7333333333333333
2013-08-13,18:00:53,1.2333333333333334,15.333268907335073,11.2
2013-08-13,18:05:53,3.233333333333333,18.599929809570312,6.066666666666666
2013-08-13,18:10:53,0.6666666666666667,14.399948120117188,13.533333333333333
2013-08-13,18:15:54,1.8,12.399927775065105,50.26666666666666
2013-08-13,18:20:54,1.4333333333333331,14.79993184407552,5.333333333333333
2013-08-13,18:25:54,0.8333333333333333,11.799952189127605,1.9333333333333331
2013-08-13,18:30:54,0.7,13.666619194878473,7.933333333333334
2013-08-13,18:35:54,2.0,18.599929809570312,1.8
2013-08-13,18:40:54,0.9333333333333332,13.599929809570312,17.466666666666665
2013-08-13,18:45:54,1.7333333333333334,12.999928792317709,34.13333333333333
2013-08-13,18:50:54,0.9666666666666668,10.466605292426214,7.2
2013-08-13,18:55:54,1.1333333333333333,13.19994608561198,2.2666666666666666
2013-08-13,19:00:54,2.033333333333333,18.99993896484375,13.666666666666664
2013-08-13,19:05:54,9.566666666666666,19.19995625813802,3.0
2013-08-13,19:10:54,14.75,16.642806643531436,23.142857142857146
2013-08-13,19:15:54,1.4666666666666666,14.199930826822918,43.4
2013-08-13,19:20:54,7.8,12.199935913085938,10.133333333333333
2013-08-13,19:25:54,0.7,15.599950154622396,0.3333333333333333
2013-08-13,19:30:54,0.9333333333333332,11.466606987847221,7.866666666666666
2013-08-13,19:35:54,1.1785714285714286,18.57137225923084,2.5
2013-08-13,19:40:54,0.9,9.59991455078125,18.4
2013-08-13,19:45:54,1.0333333333333332,10.599924723307291,34.06666666666667
2013-08-13,19:50:54,2.0,17.933273315429688,9.6
2013-08-13,19:55:54,2.766666666666667,27.999928792317707,3.6666666666666665
2013-08-13,20:00:55,9.766666666666666,23.73328314887153,13.733333333333333
2013-08-13,20:05:55,25.966666666666665,58.39996337890625,22.4
2013-08-13,20:10:55,1.9333333333333331,28.933300442165795,15.933333333333335
2013-08-13,20:15:55,2.4,13.799947102864582,57.66666666666666
2013-08-13,20:20:55,0.8666666666666667,9.533284505208334,2.466666666666667
2013-08-13,20:25:55,0.7666666666666667,9.133266872829859,2.8666666666666667
2013-08-13,20:30:55,1.6666666666666663,8.933275010850693,10.866666666666667
2013-08-13,20:35:55,1.6,17.599953545464405,3.0
2013-08-13,20:40:55,0.8333333333333333,10.99993387858073,24.93333333333333
2013-08-13,20:45:55,1.0,10.066613091362846,33.93333333333333
2013-08-13,20:50:55,0.8333333333333333,9.59994845920139,2.6
2013-08-13,20:55:55,0.5666666666666667,8.46658494737413,1.0666666666666669
2013-08-13,21:00:55,1.2666666666666666,10.599950154622395,11.466666666666667
2013-08-13,21:05:55,3.633333333333333,19.99994913736979,2.933333333333333
2013-08-13,21:10:55,1.9333333333333331,14.199913872612848,20.8
2013-08-13,21:15:55,5.7,11.666573418511287,54.73333333333333
2013-08-13,21:20:55,2.6,12.533264160156252,2.4
2013-08-13,21:25:55,0.7666666666666667,9.399922688802082,2.2666666666666666
2013-08-13,21:30:55,0.9333333333333332,9.533233642578125,8.933333333333334
2013-08-13,21:35:55,1.2666666666666666,16.266632080078125,1.9333333333333331
2013-08-13,21:40:55,1.0714285714285714,12.142799014136905,20.5
2013-08-13,21:45:55,1.0,9.799931844075521,25.8
2013-08-13,21:50:55,1.5666666666666669,10.133251614040796,17.333333333333332
2013-08-13,21:55:55,0.9666666666666668,9.799965752495659,3.0
2013-08-13,22:00:55,1.1666666666666667,10.39995829264323,11.866666666666667
2013-08-13,22:05:55,1.3666666666666665,16.599934895833332,2.0
2013-08-13,22:10:55,1.2333333333333334,12.999920315212673,21.133333333333333
2013-08-13,22:15:55,2.733333333333333,10.799933539496525,46.53333333333333
2013-08-13,22:20:55,0.9,9.399914211697046,6.8
2013-08-13,22:25:55,2.0,9.799906412760418,0.8666666666666667
2013-08-13,22:30:55,1.1666666666666667,10.533252292209204,7.666666666666668
2013-08-13,22:35:55,1.2666666666666666,18.266635470920136,0.8666666666666667
2013-08-13,22:40:56,0.7666666666666667,9.933268229166666,21.4
2013-08-13,22:45:56,0.8,8.133256700303818,38.46666666666667
2013-08-13,22:50:56,0.7,12.399944729275171,3.8
2013-08-13,22:55:56,0.5,9.799931844075521,0
2013-08-13,23:00:56,1.4666666666666666,10.666580200195312,10.933333333333335
2013-08-13,23:05:56,0.9666666666666668,17.799936930338543,0.9333333333333332
2013-08-13,23:10:56,0.8666666666666667,11.399943033854166,23.93333333333333
2013-08-13,23:15:56,1.5357142857142858,11.714245024181551,60.85714285714285
2013-08-13,23:20:56,0.7333333333333333,11.199951171875,0.4666666666666667
2013-08-13,23:25:56,0.5714285714285715,8.928516932896207,0.14285714285714285
2013-08-13,23:30:56,0.6785714285714286,8.928507850283667,7.642857142857142
2013-08-13,23:35:56,1.0666666666666669,11.399943033854166,0.8666666666666667
2013-08-13,23:40:56,0.7142857142857143,9.64280083065941,22.785714285714285
2013-08-13,23:45:56,0.9,8.799972534179688,38.93333333333333
2013-08-13,23:50:56,0.6785714285714286,8.785638355073473,0.5714285714285714
2013-08-13,23:55:56,0.5,7.1999359130859375,0
2013-08-14,00:00:56,10.071428571428571,13.428497314453125,11.642857142857142
2013-08-14,00:05:56,21.857142857142854,60.85710071382068,18.928571428571427
2013-08-14,00:10:56,23.266666666666666,29.666620890299477,25.13333333333333
2013-08-14,00:15:56,3.166666666666667,16.5999518500434,62.73333333333333
2013-08-14,00:20:56,0.6666666666666667,10.733269585503475,0.6
2013-08-14,00:25:56,0.5,8.66659376356337,0
2013-08-14,00:30:56,0.75,9.071368262881323,7.571428571428571
2013-08-14,00:35:56,0.9666666666666668,22.66658359103733,0.2
2013-08-14,00:40:56,0.7333333333333333,11.866599188910591,30.4
2013-08-14,00:45:56,0.8666666666666667,10.599924723307291,33.333333333333336
2013-08-14,00:50:56,0.5333333333333333,10.399941338433159,0.13333333333333333
2013-08-14,00:55:56,0.43333333333333335,7.933273315429688,0
2013-08-14,01:00:56,1.2333333333333334,12.333255343967016,9.4
2013-08-14,01:05:56,1.2,15.1332770453559,1.4
2013-08-14,01:10:56,0.8333333333333333,10.799925062391493,28.53333333333333
2013-08-14,01:15:56,1.5333333333333334,10.199932522243925,54.6
2013-08-14,01:20:56,0.5666666666666667,12.199961344401041,0.4666666666666667
2013-08-14,01:25:56,0.4666666666666666,8.199929131401912,0.4
2013-08-14,01:30:56,2.4333333333333336,9.466595119900171,6.6
2013-08-14,01:35:56,4.9,22.599928114149307,79.73333333333333
2013-08-14,01:40:56,6.466666666666666,27.266582912868927,100.0
2013-08-14,01:45:56,4.166666666666667,27.79992845323351,60.06666666666667
2013-08-14,01:50:56,0.8,15.199932522243923,21.8
2013-08-14,01:55:56,0.6666666666666667,12.39993625217014,100.0
2013-08-14,02:00:56,7.133333333333334,12.199935913085938,9.4
2013-08-14,02:05:56,27.1,62.06659952799479,18.666666666666668
2013-08-14,02:10:56,0.7666666666666667,31.133270263671875,30.066666666666666
2013-08-14,02:15:56,1.4333333333333331,13.999922010633684,53.26666666666666
2013-08-14,02:20:56,0.6,13.933258056640627,0.4666666666666667
2013-08-14,02:25:56,0.4,9.399948120117188,0
2013-08-14,02:30:56,1.0,10.199932522243925,6.2666666666666675
2013-08-14,02:35:56,0.9333333333333332,17.999945746527782,0.8
2013-08-14,02:40:56,0.7,10.799933539496525,24.53333333333333
2013-08-14,02:45:56,0.9666666666666668,9.999923706054688,42.93333333333333
2013-08-14,02:50:56,0.5666666666666667,10.666622585720486,0.5333333333333333
2013-08-14,02:55:56,0.33333333333333337,9.799957275390625,0
2013-08-14,03:00:56,1.2666666666666666,11.733262803819443,9.466666666666667
2013-08-14,03:05:56,0.9333333333333332,16.599926418728298,0.8
2013-08-14,03:10:56,0.7666666666666667,10.199924045138888,25.13333333333333
2013-08-14,03:15:56,1.5333333333333334,9.666595458984375,56.66666666666666
2013-08-14,03:20:56,0.7,9.199939303927952,7.066666666666666
2013-08-14,03:25:56,0.4666666666666666,8.933275010850693,0
2013-08-14,03:30:56,0.9666666666666668,10.333243476019964,6.333333333333332
2013-08-14,03:35:57,1.0,17.6666259765625,0.8
2013-08-14,03:40:57,0.5666666666666667,10.399941338433159,20.4
2013-08-14,03:45:57,0.7666666666666667,9.13328382703993,23.66666666666667
2013-08-14,03:50:57,0.7,7.733256022135417,21.86666666666667
2013-08-14,03:55:57,0.36666666666666653,7.466591729058159,0
2013-08-14,04:00:57,1.2,11.666632758246525,9.466666666666667
2013-08-14,04:05:57,1.2333333333333334,18.466593424479168,3.2
2013-08-14,04:10:57,0.7,11.533262464735243,13.133333333333333
2013-08-14,04:15:57,1.2333333333333334,10.599950154622395,32.2
2013-08-14,04:20:57,0.7333333333333333,13.666585286458332,13.0
2013-08-14,04:25:57,0.6,8.79993862575955,12.933333333333335
2013-08-14,04:30:57,1.0,11.06658935546875,12.6
2013-08-14,04:35:57,0.9666666666666668,15.533277723524307,0.8666666666666667
2013-08-14,04:40:57,0.6,11.599951850043404,13.2
2013-08-14,04:45:57,0.7,9.466612074110243,19.266666666666666
2013-08-14,04:50:57,0.5666666666666667,9.133258395724829,12.733333333333333
2013-08-14,04:55:57,0.6333333333333333,7.199961344401042,12.866666666666667
2013-08-14,05:00:57,1.1666666666666667,11.266598171657984,10.8
2013-08-14,05:05:57,0.9666666666666668,16.533279418945312,0.2
2013-08-14,05:10:57,0.6,11.133261786566841,3.6666666666666665
2013-08-14,05:15:57,1.1,10.399924384223088,29.8
2013-08-14,05:20:57,0.7333333333333333,11.066597832573784,6.333333333333332
2013-08-14,05:25:57,0.6,9.9332767062717,8.533333333333333
2013-08-14,05:30:57,1.0666666666666669,10.866614447699654,13.8
2013-08-14,05:35:57,1.2,15.933261447482636,7.7333333333333325
2013-08-14,05:40:57,0.5666666666666667,10.799933539496525,7.7333333333333325
2013-08-14,05:45:57,0.7333333333333333,8.199963039822046,14.733333333333333
2013-08-14,05:50:57,0.5666666666666667,7.933256361219616,13.333333333333336
2013-08-14,05:55:57,0.6,7.1999274359809,10.866666666666667
2013-08-14,06:00:57,1.4,10.933261447482641,18.6
2013-08-14,06:05:58,0.8666666666666667,17.666634453667537,0.7333333333333333
2013-08-14,06:10:58,0.7,11.133270263671875,8.2
2013-08-14,06:15:58,1.2,10.066587660047745,35.86666666666667
2013-08-14,06:20:58,0.7333333333333333,10.666597154405382,12.2
2013-08-14,06:25:58,0.6666666666666667,8.733274671766493,18.8
2013-08-14,06:30:58,1.0333333333333332,11.3999260796441,12.133333333333333
2013-08-14,06:35:58,1.0,19.466595119900173,0.8
2013-08-14,06:40:58,0.7,11.933246188693579,19.133333333333333
2013-08-14,06:45:58,0.7666666666666667,9.799923366970486,19.4
2013-08-14,06:50:58,0.7,8.666576809353298,30.13333333333333
2013-08-14,06:55:58,0.4,8.799947102864584,0
2013-08-14,07:00:58,1.4333333333333331,12.133305867513021,9.333333333333334
2013-08-14,07:05:58,0.9,19.19996473524305,0.7333333333333333
2013-08-14,07:10:58,0.7666666666666667,13.066609700520834,21.66666666666667
2013-08-14,07:15:58,1.5333333333333334,9.599931504991318,64.66666666666667
2013-08-14,07:20:58,0.7333333333333333,8.999947441948784,3.1333333333333333
2013-08-14,07:25:58,0.5333333333333333,9.866587320963543,0
2013-08-14,07:30:58,0.9,9.06661139594184,6.2666666666666675
2013-08-14,07:35:58,0.9666666666666668,17.866617838541664,0.8
2013-08-14,07:40:58,0.7666666666666667,11.933297051323784,29.33333333333333
2013-08-14,07:45:58,1.0666666666666669,8.733266194661459,40.6
2013-08-14,07:50:58,0.4666666666666666,8.466601901584202,0
2013-08-14,07:55:58,0.33333333333333337,7.599945068359375,0
2013-08-14,08:00:58,15.666666666666668,14.466603597005209,9.4
2013-08-14,08:05:58,18.5,59.799957275390625,17.733333333333334
2013-08-14,08:10:58,0.8,28.999913533528648,27.4
2013-08-14,08:15:59,1.5,14.199930826822918,60.4
2013-08-14,08:20:59,0.6666666666666667,12.39990234375,1.7333333333333334
2013-08-14,08:25:59,0.5,10.199940999348959,0.26666666666666666
2013-08-14,08:30:59,0.9,10.13323465983073,6.333333333333332
2013-08-14,08:35:59,0.9333333333333332,19.79998270670573,0.8666666666666667
2013-08-14,08:40:59,0.7333333333333333,11.399917602539062,21.33333333333333
2013-08-14,08:45:59,0.7333333333333333,9.999923706054688,25.53333333333333
2013-08-14,08:50:59,0.7333333333333333,9.133249918619791,21.266666666666666
2013-08-14,08:55:59,0.4,12.599970499674479,0
2013-08-14,09:00:59,1.4,10.266604953342016,9.4
2013-08-14,09:05:59,0.9333333333333332,16.199951171875,2.4
2013-08-14,09:10:59,0.7,12.199935913085938,10.0
2013-08-14,09:15:59,1.2,12.399927775065105,31.066666666666666
2013-08-14,09:20:58,0.8,9.599889119466146,18.733333333333334
2013-08-14,09:25:58,0.5333333333333333,7.999928792317708,9.066666666666666
2013-08-14,09:30:58,1.0,10.333268907335068,11.933333333333335
2013-08-14,09:35:58,1.1,21.7999267578125,3.0
2013-08-14,09:40:58,2.4,13.399937947591145,9.266666666666667
2013-08-14,09:45:58,3.0,11.199951171875,22.4
2013-08-14,09:50:59,2.8666666666666667,10.399932861328125,28.4
2013-08-14,09:55:59,3.1333333333333333,10.799942016601562,9.4
2013-08-14,10:00:59,4.566666666666666,10.933236016167534,10.0
2013-08-14,10:05:59,4.7,16.799952189127605,1.6
2013-08-14,10:10:59,3.6,10.599924723307291,6.4
2013-08-14,10:15:59,4.033333333333333,11.599934895833334,33.6
2013-08-14,10:20:59,3.533333333333333,12.399927775065105,16.4
2013-08-14,10:25:59,3.633333333333333,8.799947102864584,17.733333333333334
2013-08-14,10:30:59,3.1333333333333333,8.599929809570312,15.933333333333335
2013-08-14,10:35:59,1.4,17.19996134440104,1.2666666666666666
2013-08-14,10:40:59,3.566666666666667,11.99994405110677,8.4
2013-08-14,10:45:59,3.166666666666667,9.59991455078125,11.666666666666664
2013-08-14,10:50:59,0.6,8.66659376356337,8.933333333333334
2013-08-14,10:55:59,0.6333333333333333,12.799936930338543,13.6
2013-08-14,11:00:59,1.5,10.53326924641927,20.266666666666666
2013-08-14,11:05:59,1.0666666666666669,17.999954223632812,4.266666666666667
2013-08-14,11:10:59,0.7,9.999923706054688,8.4
2013-08-14,11:15:59,1.1666666666666667,9.999923706054688,28.2
2013-08-14,11:20:59,0.7666666666666667,9.399922688802082,10.2
2013-08-14,11:25:59,0.6333333333333333,7.1999359130859375,6.8
2013-08-14,11:30:59,1.1,9.799957275390625,17.466666666666665
2013-08-14,11:35:59,1.0,17.79995388454861,6.666666666666668
2013-08-14,11:40:59,0.6,11.199925740559896,4.6
2013-08-14,11:45:59,1.3,10.533260769314234,1.4666666666666666
2013-08-14,11:50:59,0.6333333333333333,15.266621907552084,0.3333333333333333
2013-08-14,11:55:59,0.26666666666666666,8.73324924045139,0.06666666666666668
2013-08-14,12:00:59,15.9,15.933278401692707,9.533333333333333
2013-08-14,12:05:59,25.3,56.533287896050346,19.733333333333334
2013-08-14,12:10:59,3.1333333333333333,25.46659681532118,100.0
2013-08-14,12:15:59,9.033333333333333,28.533282809787323,100.0
2013-08-14,12:20:59,0.8666666666666667,19.933251274956596,7.2
2013-08-14,12:25:59,4.333333333333333,13.53329128689236,6.4
2013-08-14,12:30:59,1.1333333333333333,10.46661376953125,14.4
2013-08-14,12:35:59,1.1666666666666667,9.933302137586807,11.0
2013-08-14,12:41:00,0.6,9.999940660264755,4.533333333333333
2013-08-14,12:46:00,0.5,12.133246527777779,1.0666666666666669
2013-08-14,12:51:00,0.4,12.199952867296005,0.06666666666666668
2013-08-14,12:56:00,0.36666666666666653,8.2666015625,0
2013-08-14,13:01:00,1.0333333333333332,9.19995625813802,9.333333333333334
2013-08-14,13:06:00,1.2333333333333334,14.86659579806858,1.0
2013-08-14,13:11:00,0.7,11.266606648763021,19.6
2013-08-14,13:16:00,1.5,11.333262125651041,58.33333333333334
2013-08-14,13:21:00,0.8,10.599933200412327,15.6
2013-08-14,13:26:00,0.6,9.799906412760418,0.3333333333333333
2013-08-14,13:31:00,1.0,8.999930487738713,6.6
2013-08-14,13:36:00,1.4,10.999950832790796,2.8666666666666667
2013-08-14,13:41:00,0.7666666666666667,10.933261447482641,15.4
2013-08-14,13:46:00,1.1333333333333333,10.733252631293402,32.4
2013-08-14,13:51:00,0.8666666666666667,9.399922688802082,26.2
2013-08-14,13:56:00,0.5666666666666667,8.466593424479168,0.6
2013-08-14,14:01:00,1.5666666666666669,11.599934895833334,10.733333333333333
2013-08-14,14:06:00,1.0666666666666669,11.466606987847221,1.4666666666666666
2013-08-14,14:11:00,0.7333333333333333,11.666607326931421,15.2
2013-08-14,14:16:00,1.6333333333333335,12.333289252387152,51.06666666666667
2013-08-14,14:21:00,1.0333333333333332,12.866592407226562,27.466666666666665
2013-08-14,14:26:00,0.5,9.733267890082466,0.06666666666666668
2013-08-14,14:31:00,0.9333333333333332,11.333253648546005,6.7333333333333325
2013-08-14,14:36:00,1.4,14.333258734809027,22.066666666666666
2013-08-14,14:41:00,0.8,12.866617838541666,25.466666666666665
2013-08-14,14:46:00,1.1,8.733257717556421,47.26666666666666
2013-08-14,14:51:00,0.5333333333333333,9.933251274956596,0.2
2013-08-14,14:56:00,0.4666666666666666,8.933258056640625,0.26666666666666666
2013-08-14,15:01:00,1.3666666666666665,10.333251953125,11.4
2013-08-14,15:06:00,5.8,12.933298746744793,0.26666666666666666
2013-08-14,15:11:01,8.733333333333334,29.733250935872395,24.0
2013-08-14,15:16:01,4.1,17.466617160373264,56.46666666666667
2013-08-14,15:21:01,4.2,16.466590033637154,14.266666666666667
2013-08-14,15:26:01,3.666666666666667,11.399951510959204,0.2
2013-08-14,15:31:01,6.7,15.13329399956597,12.933333333333335
2013-08-14,15:36:01,7.666666666666666,18.599912855360238,4.933333333333334
2013-08-14,15:41:01,7.533333333333334,15.133285522460938,49.2
2013-08-14,15:46:01,6.7666666666666675,14.466595119900171,38.333333333333336
2013-08-14,15:51:01,7.333333333333334,11.733262803819443,12.866666666666667
2013-08-14,15:56:01,7.7666666666666675,11.399943033854166,1.4666666666666666
2013-08-14,16:01:01,22.266666666666666,15.599950154622396,11.466666666666667
2013-08-14,16:06:01,27.633333333333336,52.93327331542969,18.53333333333333
2013-08-14,16:11:01,7.466666666666666,25.466622246636277,30.066666666666666
2013-08-14,16:16:01,8.033333333333333,14.933276706271698,61.6
2013-08-14,16:21:01,7.633333333333334,15.26660495334201,5.533333333333332
2013-08-14,16:26:01,4.433333333333334,12.599894205729168,1.0666666666666669
2013-08-14,16:31:01,3.233333333333333,9.733267890082466,7.466666666666668
2013-08-14,16:36:01,3.7,14.599939982096355,1.4666666666666666
2013-08-14,16:41:01,3.3666666666666667,10.733278062608505,21.93333333333333
2013-08-14,16:46:01,4.133333333333333,12.999928792317709,42.2
2013-08-14,16:51:01,3.233333333333333,9.59991455078125,11.0
2013-08-14,16:56:01,2.933333333333333,8.399937947591146,0.4666666666666667
2013-08-14,17:01:01,3.733333333333333,11.999918619791666,10.866666666666667
2013-08-14,17:06:01,3.733333333333333,12.599945068359375,1.8666666666666667
2013-08-14,17:11:01,3.266666666666667,10.599950154622395,12.866666666666667
2013-08-14,17:16:01,4.166666666666667,13.799921671549479,45.33333333333334
2013-08-14,17:21:01,3.5,12.999928792317709,23.0
2013-08-14,17:26:02,3.266666666666667,13.99993896484375,8.733333333333333
2013-08-14,17:31:02,3.3666666666666667,10.799916585286457,8.066666666666666
2013-08-14,17:36:02,4.466666666666667,16.199925740559895,5.133333333333334
2013-08-14,17:41:02,6.6,16.599934895833332,12.2
2013-08-14,17:46:02,5.7333333333333325,13.799947102864582,29.93333333333333
2013-08-14,17:51:02,5.8,14.599965413411459,35.333333333333336
2013-08-14,17:56:02,6.366666666666666,15.599950154622396,2.2
2013-08-14,18:01:02,6.433333333333334,11.199925740559896,11.266666666666667
2013-08-14,18:06:02,7.2333333333333325,12.199910481770832,4.0
2013-08-14,18:11:02,6.633333333333334,14.066628350151907,22.066666666666666
2013-08-14,18:16:02,6.6,16.39996846516927,73.0
2013-08-14,18:21:02,5.666666666666666,13.399937947591145,24.93333333333333
2013-08-14,18:26:02,5.966666666666666,12.79991149902344,10.066666666666666
2013-08-14,18:31:01,6.633333333333334,11.999969482421875,9.066666666666666
2013-08-14,18:36:01,6.866666666666666,11.99994405110677,3.8
2013-08-14,18:41:01,5.933333333333334,12.199961344401041,23.6
2013-08-14,18:46:01,5.466666666666666,12.999954223632812,42.46666666666667
2013-08-14,18:51:01,5.366666666666666,11.599909464518229,11.733333333333333
2013-08-14,18:56:01,0.8666666666666667,12.999928792317709,0.3333333333333333
2013-08-14,19:01:01,1.0333333333333332,11.666607326931421,10.133333333333333
2013-08-14,19:06:02,1.0,15.799942016601562,1.6666666666666667
2013-08-14,19:11:02,0.8333333333333333,10.666597154405382,21.2
2013-08-14,19:16:02,1.5,12.53329806857639,58.2
2013-08-14,19:21:02,0.8333333333333333,11.199951171875,14.866666666666667
2013-08-14,19:26:02,0.4666666666666666,9.133241441514755,0.13333333333333333
2013-08-14,19:31:02,0.9333333333333332,8.99993896484375,7.333333333333332
2013-08-14,19:36:02,1.0666666666666669,17.333272298177082,1.3333333333333333
2013-08-14,19:41:02,0.7666666666666667,10.466596815321182,22.66666666666667
2013-08-14,19:46:02,1.5,9.599931504991318,50.33333333333334
2013-08-14,19:51:02,0.7333333333333333,9.799914889865454,6.6
2013-08-14,19:56:02,0.5,8.66659376356337,1.2666666666666666
2013-08-14,20:01:02,16.46666666666667,14.266586303710938,10.466666666666667
2013-08-14,20:06:02,18.233333333333334,54.93328518337673,20.0
2013-08-14,20:11:02,0.9666666666666668,22.266608344184025,33.93333333333333
2013-08-14,20:16:02,1.7,13.066601223415796,62.4
2013-08-14,20:21:02,1.3333333333333337,11.266640557183159,2.2
2013-08-14,20:26:02,1.3333333333333337,8.533274332682291,3.2666666666666666
2013-08-14,20:31:02,1.4333333333333331,9.199905395507812,8.733333333333333
2013-08-14,20:36:02,1.2333333333333334,13.799964057074652,2.8
2013-08-14,20:41:02,0.8,9.799931844075521,32.333333333333336
2013-08-14,20:46:02,1.2,9.333241780598959,43.6
2013-08-14,20:51:02,0.6,9.133266872829859,1.4
2013-08-14,20:56:02,0.6333333333333333,8.399946424696182,2.333333333333333
2013-08-14,21:01:03,1.5333333333333334,10.733235677083334,12.866666666666667
2013-08-14,21:06:03,1.1333333333333333,14.999940660264755,3.2
2013-08-14,21:11:03,1.0333333333333332,10.999925401475693,30.73333333333333
2013-08-14,21:16:03,6.366666666666666,11.199942694769964,69.33333333333333
2013-08-14,21:21:03,5.066666666666666,11.06657240125868,5.466666666666668
2013-08-14,21:26:03,6.433333333333334,10.733286539713543,4.066666666666666
2013-08-14,21:31:03,6.0,11.599951850043404,13.4
2013-08-14,21:36:03,1.3333333333333337,17.533281114366325,3.2
2013-08-14,21:41:03,1.0,10.799950493706596,28.53333333333333
2013-08-14,21:46:03,1.2,9.733250935872395,49.6
2013-08-14,21:51:03,0.7666666666666667,7.866626315646701,3.0
2013-08-14,21:56:03,0.5,8.333248562282984,0.6666666666666666
2013-08-14,22:01:03,3.1333333333333333,11.599934895833334,13.266666666666667
2013-08-14,22:06:03,2.7,16.599960327148438,4.6
2013-08-14,22:11:03,1.5333333333333334,12.666566636827255,31.266666666666666
2013-08-14,22:16:03,1.8666666666666665,11.93327162000868,68.46666666666667
2013-08-14,22:21:03,1.8,13.799930148654513,9.933333333333334
2013-08-14,22:26:03,0.5333333333333333,9.933268229166666,0.7333333333333333
2013-08-14,22:31:03,1.1,9.799931844075521,7.533333333333332
2013-08-14,22:36:03,1.0333333333333332,16.533262464735245,1.0
2013-08-14,22:41:03,0.7,11.533262464735243,25.066666666666666
2013-08-14,22:46:03,0.9333333333333332,8.533274332682291,49.0
2013-08-14,22:51:03,0.7,8.933300442165796,6.133333333333334
2013-08-14,22:56:03,0.5666666666666667,8.733266194661459,0
2013-08-14,23:01:03,1.2,10.666614108615454,10.4
2013-08-14,23:06:03,1.0333333333333332,15.533252292209198,1.0
2013-08-14,23:11:04,0.7666666666666667,10.466596815321182,26.0
2013-08-14,23:16:04,1.3666666666666665,12.13327195909288,69.8
2013-08-14,23:21:04,0.8,11.866616143120662,6.2
2013-08-14,23:26:04,0.5333333333333333,9.999915228949654,0.26666666666666666
2013-08-14,23:31:04,1.1,10.199932522243925,7.6
2013-08-14,23:36:04,1.1333333333333333,16.933271620008675,1.0
2013-08-14,23:41:04,3.333333333333333,15.333268907335073,32.46666666666667
2013-08-14,23:46:04,5.9,18.533265855577255,50.66666666666666
2013-08-14,23:51:04,4.766666666666667,13.99993896484375,1.3333333333333333
2013-08-14,23:56:04,3.6,12.066591050889757,0.13333333333333333
2013-08-15,00:01:04,18.8,17.399936252170136,10.266666666666667
2013-08-15,00:06:04,24.666666666666664,55.133243136935775,19.733333333333334
2013-08-15,00:11:04,3.533333333333333,27.199927435980904,29.6
2013-08-15,00:16:04,3.766666666666667,15.1332770453559,73.2
2013-08-15,00:21:04,4.766666666666667,12.466591729058159,3.4
2013-08-15,00:26:04,3.6,10.533286200629338,0.13333333333333333
2013-08-15,00:31:04,4.133333333333333,8.533274332682291,7.666666666666668
2013-08-15,00:36:04,4.3,11.599960327148438,1.5333333333333334
2013-08-15,00:41:04,3.466666666666667,8.466593424479168,32.8
2013-08-15,00:46:04,3.033333333333333,11.93328857421875,48.26666666666666
2013-08-15,00:51:04,3.8666666666666663,10.133268568250868,0.8666666666666667
2013-08-15,00:56:05,3.6,8.866602579752604,0
2013-08-15,01:01:05,4.366666666666667,10.666605631510418,9.866666666666667
2013-08-15,01:06:05,4.433333333333334,13.19994608561198,1.8
2013-08-15,01:11:05,2.466666666666667,11.199934217664932,35.13333333333333
2013-08-15,01:16:05,1.7,12.733281453450521,69.33333333333333
2013-08-15,01:21:05,0.7666666666666667,13.266618516710068,1.2
2013-08-15,01:26:05,0.43333333333333335,9.19992234971788,0.4
2013-08-15,01:31:05,1.3,9.399922688802082,7.8
2013-08-15,01:36:05,4.766666666666667,19.199939303927952,76.86666666666666
2013-08-15,01:41:05,4.3,15.73326958550347,100.0
2013-08-15,01:46:05,6.833333333333334,19.333292643229168,60.93333333333333
2013-08-15,01:51:05,4.366666666666667,29.866595798068584,85.66666666666667
2013-08-15,01:56:05,7.5,28.733300103081604,85.6
2013-08-15,02:01:05,16.866666666666667,22.46660868326823,30.66666666666667
2013-08-15,02:06:05,19.0,62.999928792317704,40.266666666666666
2013-08-15,02:11:05,1.0666666666666669,30.73326110839844,100.0
2013-08-15,02:16:05,3.7,16.666581895616318,69.73333333333333
2013-08-15,02:21:05,4.666666666666667,13.466584947374132,1.8
2013-08-15,02:26:05,2.533333333333333,11.93327162000868,0.6666666666666666
2013-08-15,02:31:05,0.9666666666666668,10.999925401475693,6.933333333333334
2013-08-15,02:36:05,1.1,19.199947781032986,1.1333333333333333
2013-08-15,02:41:05,0.8,10.866614447699654,30.6
2013-08-15,02:46:05,2.4,10.999908447265625,51.26666666666666
2013-08-15,02:51:05,0.8,15.73327806260851,1.6666666666666667
2013-08-15,02:56:05,0.4666666666666666,8.333265516493057,0
2013-08-15,03:01:05,1.0666666666666669,11.866565280490448,9.466666666666667
2013-08-15,03:06:05,1.1333333333333333,17.799936930338543,1.0666666666666669
2013-08-15,03:11:05,0.9333333333333332,10.99993387858073,32.266666666666666
2013-08-15,03:16:05,3.233333333333333,10.133260091145834,74.73333333333333
2013-08-15,03:21:05,0.8666666666666667,13.99993896484375,0.4666666666666667
2013-08-15,03:26:05,0.5,8.599929809570312,0
2013-08-15,03:31:05,0.9333333333333332,8.733266194661459,6.8
2013-08-15,03:36:05,1.1,19.599990844726562,1.0666666666666669
2013-08-15,03:41:05,0.7,10.399932861328125,19.466666666666665
2013-08-15,03:46:05,2.466666666666667,8.66659376356337,43.4
2013-08-15,03:51:05,1.0666666666666669,15.199940999348957,20.6
2013-08-15,03:56:05,0.43333333333333335,9.399922688802082,0
2013-08-15,04:01:05,1.0333333333333332,8.399912516276043,9.4
2013-08-15,04:06:05,1.0666666666666669,19.599939982096355,0.9333333333333332
2013-08-15,04:11:05,0.8,10.399949815538195,18.2
2013-08-15,04:16:05,1.5333333333333334,12.199961344401041,57.8
2013-08-15,04:21:06,1.0,12.199935913085938,27.73333333333333
2013-08-15,04:26:06,0.43333333333333335,8.99993896484375,0
2013-08-15,04:31:06,1.0333333333333332,8.066592746310764,6.866666666666666
2013-08-15,04:36:06,0.9666666666666668,17.999979654947918,1.1333333333333333
2013-08-15,04:41:06,0.7666666666666667,10.799916585286457,13.533333333333333
2013-08-15,04:46:06,0.9,9.399922688802082,36.13333333333333
2013-08-15,04:51:06,0.7666666666666667,8.799947102864584,28.8
2013-08-15,04:56:06,0.5666666666666667,10.666605631510418,0
2013-08-15,05:01:06,1.2666666666666666,12.1999274359809,10.066666666666666
2013-08-15,05:06:06,0.9,17.399953206380207,0.3333333333333333
2013-08-15,05:11:06,0.7,9.999923706054688,10.8
2013-08-15,05:16:06,1.3666666666666665,8.99993896484375,45.66666666666666
2013-08-15,05:21:06,0.8666666666666667,9.199905395507812,25.93333333333333
2013-08-15,05:26:06,0.6,8.66659376356337,14.2
2013-08-15,05:31:06,1.1666666666666667,10.533252292209204,6.866666666666666
2013-08-15,05:36:06,1.0333333333333332,18.599929809570312,0.9333333333333332
2013-08-15,05:41:06,0.7,12.199935913085938,18.866666666666667
2013-08-15,05:46:06,0.8666666666666667,9.799931844075521,30.66666666666667
2013-08-15,05:51:06,0.7666666666666667,8.133273654513888,29.33333333333333
2013-08-15,05:56:06,0.4,11.199925740559896,0
2013-08-15,06:01:06,1.1666666666666667,11.866616143120662,9.4
2013-08-15,06:06:06,1.0,18.79992167154948,1.0
2013-08-15,06:11:06,0.8,12.199935913085938,17.666666666666668
2013-08-15,06:16:06,1.5333333333333334,10.866614447699654,59.53333333333333
2013-08-15,06:21:06,0.9666666666666668,11.599934895833334,26.066666666666666
2013-08-15,06:26:06,0.43333333333333335,7.799962361653646,0
2013-08-15,06:31:06,1.1666666666666667,10.99993387858073,6.866666666666666
2013-08-15,06:36:06,0.9333333333333332,18.799972534179688,1.0
2013-08-15,06:41:06,0.6666666666666667,10.99993387858073,21.133333333333333
2013-08-15,06:46:06,0.9333333333333332,9.999949137369791,39.266666666666666
2013-08-15,06:51:06,0.6,7.999920315212671,20.466666666666665
2013-08-15,06:56:07,0.4666666666666666,9.666603936089409,0.26666666666666666
2013-08-15,07:01:07,1.2333333333333334,9.19995625813802,9.2
2013-08-15,07:06:07,1.7333333333333334,17.866626315646702,1.0666666666666669
2013-08-15,07:11:07,1.7,26.399917602539062,20.666666666666668
2013-08-15,07:16:07,1.5333333333333334,14.866604275173614,64.86666666666666
2013-08-15,07:21:06,0.9666666666666668,13.533274332682291,18.53333333333333
2013-08-15,07:26:06,0.36666666666666653,10.999916924370662,0
2013-08-15,07:31:06,1.2666666666666666,10.133285522460938,6.866666666666666
2013-08-15,07:36:06,0.9333333333333332,19.399922688802086,0.9333333333333332
2013-08-15,07:41:06,0.7333333333333333,11.399951510959204,24.73333333333333
2013-08-15,07:46:06,0.9,10.933252970377605,36.46666666666667
2013-08-15,07:51:07,0.7,10.599933200412327,19.666666666666668
2013-08-15,07:56:07,0.33333333333333337,8.999888102213543,0.3333333333333333
2013-08-15,08:01:07,16.633333333333333,18.266610039605034,9.066666666666666
2013-08-15,08:06:07,18.2,62.2666252983941,17.733333333333334
2013-08-15,08:11:07,0.8333333333333333,29.06659444173177,18.0
2013-08-15,08:16:07,1.5,14.13326687282986,61.53333333333333
2013-08-15,08:21:07,1.0333333333333332,9.533250596788195,24.266666666666666
2013-08-15,08:26:07,0.4666666666666666,12.13327195909288,0.06666666666666668
2013-08-15,08:31:07,1.1666666666666667,10.266613430447046,6.866666666666666
2013-08-15,08:36:07,1.0,15.99993387858073,0.9333333333333332
2013-08-15,08:41:07,0.7,11.466606987847221,20.866666666666667
2013-08-15,08:46:07,0.8,10.533277723524305,40.0
2013-08-15,08:51:07,0.9,9.333258734809027,19.266666666666666
2013-08-15,08:56:07,0.4,10.533252292209204,0.4666666666666667
2013-08-15,09:01:07,1.2,10.46661376953125,9.0
2013-08-15,09:06:07,1.2,13.733266194661459,2.8
2013-08-15,09:11:07,0.9,12.333263821072048,17.4
2013-08-15,09:16:07,2.2333333333333334,11.199925740559896,49.2
2013-08-15,09:21:07,1.0333333333333332,11.666573418511287,20.266666666666666
2013-08-15,09:26:07,0.6333333333333333,9.199930826822916,14.0
2013-08-15,09:31:07,1.1666666666666667,11.799969143337673,9.066666666666666
2013-08-15,09:36:07,0.9,20.399941338433155,0.2
2013-08-15,09:41:07,0.6666666666666667,11.733279758029514,15.533333333333333
2013-08-15,09:46:07,0.8,8.26658460828993,20.2
2013-08-15,09:51:07,0.7333333333333333,8.266610039605036,19.0
2013-08-15,09:56:07,0.6333333333333333,9.599931504991318,19.066666666666666
2013-08-15,10:01:07,1.2333333333333334,14.466612074110238,12.133333333333333
2013-08-15,10:06:07,1.1666666666666667,17.933281792534725,1.0666666666666669
2013-08-15,10:11:07,0.7333333333333333,10.199924045138888,8.933333333333334
2013-08-15,10:16:08,1.3666666666666665,10.199940999348959,43.86666666666667
2013-08-15,10:21:08,0.9666666666666668,9.06661139594184,18.466666666666665
2013-08-15,10:26:08,0.7333333333333333,11.199891832139757,17.466666666666665
2013-08-15,10:31:08,1.1,10.266587999131943,15.2
2013-08-15,10:36:08,1.0333333333333332,19.066611395941838,2.2
2013-08-15,10:41:08,0.6333333333333333,10.333260430230034,15.266666666666667
2013-08-15,10:46:08,0.8,9.133292304144963,28.6
2013-08-15,10:51:08,0.8666666666666667,9.199930826822916,29.4
2013-08-15,10:56:08,0.5333333333333333,9.199939303927952,7.466666666666668
2013-08-15,11:01:08,1.0666666666666669,10.333260430230034,9.533333333333333
2013-08-15,11:06:08,1.2333333333333334,16.866607666015625,2.8666666666666667
2013-08-15,11:11:08,0.7333333333333333,10.933261447482641,25.13333333333333
2013-08-15,11:16:08,1.2666666666666666,10.199907090928818,38.0
2013-08-15,11:21:08,0.8666666666666667,8.599912855360243,15.6
2013-08-15,11:26:08,0.7,10.866605970594618,18.6
2013-08-15,11:31:08,1.3,9.86662122938368,18.066666666666666
2013-08-15,11:36:08,0.9666666666666668,19.333250257703995,7.4
2013-08-15,11:41:08,0.6666666666666667,12.066608005099829,11.333333333333336
2013-08-15,11:46:08,0.8,8.266610039605036,18.8
2013-08-15,11:51:08,1.0,11.733254326714409,14.666666666666664
2013-08-15,11:56:08,1.6,13.399937947591145,20.066666666666666
2013-08-15,12:01:08,17.666666666666668,19.066611395941838,18.8
2013-08-15,12:06:08,17.46666666666667,59.13329230414496,18.666666666666668
2013-08-15,12:11:08,0.7666666666666667,24.933276706271705,8.066666666666666
2013-08-15,12:16:08,1.3,12.733256022135416,36.93333333333333
2013-08-15,12:21:08,0.8,10.533252292209204,10.466666666666667
2013-08-15,12:26:08,0.7,10.466596815321182,16.866666666666667
2013-08-15,12:31:08,1.3333333333333337,10.599950154622395,25.53333333333333
2013-08-15,12:36:08,1.4666666666666666,20.399941338433155,28.2
2013-08-15,12:41:08,0.7,11.93327162000868,13.266666666666667
2013-08-15,12:46:08,0.6666666666666667,9.199939303927952,16.8
2013-08-15,12:51:08,0.8,11.533262464735243,22.86666666666667
2013-08-15,12:56:08,0.7333333333333333,9.733250935872395,21.0
2013-08-15,13:01:08,1.2,13.133265177408854,13.466666666666667
2013-08-15,13:06:08,1.0333333333333332,17.133297390407982,1.4
2013-08-15,13:11:08,0.8666666666666667,13.799921671549479,14.6
2013-08-15,13:16:08,3.0,11.866616143120662,55.66666666666666
2013-08-15,13:21:08,4.0,17.799945407443577,32.93333333333333
2013-08-15,13:26:08,3.5,12.866626315646702,6.933333333333334
2013-08-15,13:31:08,1.3666666666666665,13.999947441948784,9.0
2013-08-15,13:36:08,1.1666666666666667,16.86663309733073,0.8
2013-08-15,13:41:09,0.8,11.79994371202257,22.73333333333333
2013-08-15,13:46:09,0.9,7.733256022135417,32.13333333333333
2013-08-15,13:51:09,0.9,8.933283487955729,26.73333333333333
2013-08-15,13:56:09,0.5666666666666667,8.133273654513888,2.4
2013-08-15,14:01:09,1.2333333333333334,10.066562228732641,10.466666666666667
2013-08-15,14:06:09,1.2666666666666666,16.39996846516927,2.333333333333333
2013-08-15,14:11:09,0.9333333333333332,12.666609022352429,21.33333333333333
2013-08-15,14:16:09,1.8666666666666665,11.199925740559896,63.53333333333333
2013-08-15,14:21:09,1.1666666666666667,11.799952189127605,27.13333333333333
2013-08-15,14:26:09,0.6666666666666667,9.599956936306421,2.066666666666667
2013-08-15,14:31:09,1.2,8.733274671766493,9.533333333333333
2013-08-15,14:36:09,1.3,15.86661444769965,2.6
2013-08-15,14:41:09,1.0333333333333332,12.199969821506073,28.0
2013-08-15,14:46:09,1.2,9.733250935872395,49.33333333333334
2013-08-15,14:51:09,1.3333333333333337,12.06656561957465,9.533333333333333
2013-08-15,14:56:09,0.7,9.39993964301215,3.6666666666666665
2013-08-15,15:01:09,1.4,9.666595458984375,9.6
2013-08-15,15:06:09,4.9,23.2666015625,2.333333333333333
2013-08-15,15:11:09,1.5666666666666669,29.266620212131084,23.266666666666666
2013-08-15,15:16:09,1.5666666666666669,15.799908108181427,55.0
2013-08-15,15:21:09,1.1333333333333333,16.066623263888886,30.0
2013-08-15,15:26:09,0.5333333333333333,11.799952189127605,0.4666666666666667
2013-08-15,15:31:09,1.2,10.99993387858073,7.933333333333334
2013-08-15,15:36:09,1.2666666666666666,25.466588338216145,1.5333333333333334
2013-08-15,15:41:09,0.7,12.333263821072048,23.2
2013-08-15,15:46:09,0.9,10.799950493706596,37.73333333333333
2013-08-15,15:51:09,0.9,10.99993387858073,22.0
2013-08-15,15:56:09,0.6,9.533276028103298,3.6
2013-08-15,16:01:09,17.03333333333333,17.199935913085938,9.333333333333334
2013-08-15,16:06:09,19.0,63.599980672200516,19.4
2013-08-15,16:11:09,1.4333333333333331,29.999898274739582,13.466666666666667
2013-08-15,16:16:09,1.5666666666666669,15.399958292643229,39.66666666666666
2013-08-15,16:21:09,1.1,13.799921671549479,19.8
2013-08-15,16:26:09,1.7666666666666666,10.599924723307291,21.133333333333333
2013-08-15,16:31:09,1.1333333333333333,12.399910820855037,12.133333333333333
2013-08-15,16:36:09,1.2333333333333334,26.199951171874996,1.2
2013-08-15,16:41:09,0.6666666666666667,13.599955240885416,13.533333333333333
2013-08-15,16:46:09,0.7666666666666667,9.599939982096355,15.133333333333333
2013-08-15,16:51:09,0.7666666666666667,8.399937947591146,16.866666666666667
2013-08-15,16:56:09,0.6333333333333333,6.666607326931423,13.266666666666667
2013-08-15,17:01:09,1.7333333333333334,13.733274671766496,18.866666666666667
2013-08-15,17:06:09,0.9666666666666668,21.599934895833332,1.5333333333333334
2013-08-15,17:11:09,0.9,12.79991149902344,5.933333333333334
2013-08-15,17:16:09,1.3666666666666665,12.199935913085938,34.53333333333333
2013-08-15,17:21:09,0.9333333333333332,10.399932861328125,15.4
2013-08-15,17:26:09,0.7,10.19989013671875,13.866666666666667
2013-08-15,17:31:09,1.3666666666666665,10.599924723307291,23.13333333333333
2013-08-15,17:36:09,1.3,21.399943033854164,7.4
2013-08-15,17:41:09,0.6333333333333333,11.99994405110677,3.8666666666666663
2013-08-15,17:46:10,0.6666666666666667,8.399912516276043,2.6666666666666665
2013-08-15,17:51:10,3.8,10.199915568033854,2.0
2013-08-15,17:56:10,0.7333333333333333,8.66659376356337,3.0
2013-08-15,18:01:10,0.8333333333333333,12.199944390190971,9.866666666666667
2013-08-15,18:06:10,3.566666666666667,17.99992879231771,24.466666666666665
2013-08-15,18:11:10,1.1666666666666667,15.599924723307293,16.866666666666667
2013-08-15,18:16:10,1.7666666666666666,13.99993896484375,38.66666666666666
2013-08-15,18:21:10,1.2666666666666666,12.799962361653646,4.866666666666666
2013-08-15,18:26:10,0.5,10.599950154622395,1.1333333333333333
2013-08-15,18:31:10,1.1666666666666667,9.533250596788195,8.4
2013-08-15,18:36:10,2.8,19.799957275390625,5.666666666666668
2013-08-15,18:41:10,1.2,15.399932861328125,23.73333333333333
2013-08-15,18:46:10,1.1,10.199940999348959,37.8
2013-08-15,18:51:10,1.0,9.199905395507812,26.13333333333333
2013-08-15,18:56:10,0.4,8.999964396158855,2.333333333333333
2013-08-15,19:01:10,1.2666666666666666,11.466598510742188,8.133333333333333
2013-08-15,19:06:10,1.0666666666666669,16.799952189127605,1.1333333333333333
2013-08-15,19:11:10,1.3,10.999908447265625,23.0
2013-08-15,19:16:10,1.8666666666666665,11.399943033854166,66.66666666666667
2013-08-15,19:21:10,0.9,12.399953206380209,19.466666666666665
2013-08-15,19:26:10,1.6,8.599929809570312,0.9333333333333332
2013-08-15,19:31:10,1.7333333333333334,19.799957275390625,7.8
2013-08-15,19:36:10,1.7333333333333334,19.599939982096355,1.0
2013-08-15,19:41:10,0.8,13.199920654296873,33.666666666666664
2013-08-15,19:46:10,1.0666666666666669,8.999913533528646,50.33333333333334
2013-08-15,19:51:10,0.6,8.199920654296875,0.26666666666666666
2013-08-15,19:56:10,0.33333333333333337,7.933273315429688,0
2013-08-15,20:01:10,17.633333333333333,16.999944051106773,11.133333333333333
2013-08-15,20:06:10,17.933333333333334,62.466608683268234,20.066666666666666
2013-08-15,20:11:10,1.1666666666666667,26.13327874077691,26.6
2013-08-15,20:16:10,2.033333333333333,15.266613430447052,64.06666666666666
2013-08-15,20:21:10,1.7666666666666666,11.333262125651041,22.0
2013-08-15,20:26:11,0.9,10.066613091362846,4.4
2013-08-15,20:31:11,1.5,11.266598171657984,9.866666666666667
2013-08-15,20:36:11,1.0333333333333332,18.733300103081593,1.4
2013-08-15,20:41:11,0.7666666666666667,10.999942355685764,21.466666666666665
2013-08-15,20:46:11,0.9666666666666668,8.666585286458334,31.266666666666666
2013-08-15,20:51:11,1.1,9.399948120117188,35.2
2013-08-15,20:56:11,1.0666666666666669,8.933266533745659,4.8
2013-08-15,21:01:10,1.5333333333333334,11.133253309461805,11.266666666666667
2013-08-15,21:06:10,1.2333333333333334,18.199920654296875,3.333333333333333
2013-08-15,21:11:10,1.0,12.866626315646702,23.93333333333333
2013-08-15,21:16:10,1.8,14.266603257921004,61.33333333333334
2013-08-15,21:21:10,1.2666666666666666,10.999925401475693,30.4
2013-08-15,21:26:10,0.7,9.266586303710938,1.6
2013-08-15,21:31:10,1.1666666666666667,9.533276028103298,9.066666666666666
2013-08-15,21:36:11,1.1333333333333333,19.733301798502602,1.6
2013-08-15,21:41:11,0.8333333333333333,13.133290608723957,19.33333333333333
2013-08-15,21:46:11,0.9666666666666668,9.466595119900171,38.266666666666666
2013-08-15,21:51:11,2.1666666666666665,11.399917602539062,30.2
2013-08-15,21:56:11,1.9666666666666663,8.266626993815104,4.066666666666666
2013-08-15,22:01:11,1.5666666666666669,11.199942694769964,8.533333333333333
2013-08-15,22:06:11,0.9333333333333332,18.666627671983512,0.8666666666666667
2013-08-15,22:11:11,1.0666666666666669,11.7999267578125,24.466666666666665
2013-08-15,22:16:11,1.5333333333333334,11.7999267578125,54.53333333333333
2013-08-15,22:21:11,0.9,11.066623263888888,29.93333333333333
2013-08-15,22:26:11,0.5333333333333333,10.99993387858073,6.0
2013-08-15,22:31:11,1.0333333333333332,10.466596815321182,7.466666666666668
2013-08-15,22:36:11,0.9666666666666668,18.79992167154948,0.8666666666666667
2013-08-15,22:41:11,0.6333333333333333,10.1332770453559,20.066666666666666
2013-08-15,22:46:11,0.9666666666666668,8.199954562717013,38.8
2013-08-15,22:51:11,0.9,7.8666008843316,31.066666666666666
2013-08-15,22:56:11,0.4,7.599936591254338,1.8
2013-08-15,23:01:11,1.1,11.59994337293837,8.266666666666667
2013-08-15,23:06:11,0.8666666666666667,14.599956936306427,0.8666666666666667
2013-08-15,23:11:11,0.7,9.33328416612413,22.33333333333333
2013-08-15,23:16:11,1.6333333333333335,10.866605970594618,66.53333333333333
2013-08-15,23:21:11,0.9333333333333332,11.866624620225693,27.86666666666667
2013-08-15,23:26:11,0.6333333333333333,10.933278401692709,0.3333333333333333
2013-08-15,23:31:11,1.1333333333333333,11.999935574001734,7.4
2013-08-15,23:36:11,1.1,19.133275349934898,0.8666666666666667
2013-08-15,23:41:11,0.8333333333333333,11.533262464735243,24.6
2013-08-15,23:46:11,1.0333333333333332,8.599929809570312,51.66666666666666
2013-08-15,23:51:11,0.6,9.866595798068577,14.133333333333333
2013-08-15,23:56:11,0.43333333333333335,7.466583251953125,1.8666666666666667
2013-08-16,00:01:11,18.266666666666666,18.39992947048611,8.133333333333333
2013-08-16,00:06:11,16.166666666666668,61.5999518500434,18.6
2013-08-16,00:11:12,1.0,28.06658426920573,20.933333333333334
2013-08-16,00:16:12,1.6,13.93326653374566,51.2
2013-08-16,00:21:12,1.0,11.666573418511287,31.466666666666665
2013-08-16,00:26:12,0.5,10.999908447265625,12.933333333333335
2013-08-16,00:31:12,1.0666666666666669,12.466591729058159,7.666666666666668
2013-08-16,00:36:12,1.0,20.933320787217887,1.1333333333333333
2013-08-16,00:41:12,0.7333333333333333,11.999935574001734,20.866666666666667
2013-08-16,00:46:12,0.9,8.933241102430557,32.06666666666667
2013-08-16,00:51:12,0.9,10.066613091362846,37.333333333333336
2013-08-16,00:56:12,0.5,9.33328416612413,2.2666666666666666
2013-08-16,01:01:12,1.5,10.46661376953125,7.7333333333333325
2013-08-16,01:06:12,0.8333333333333333,19.999983045789936,1.0666666666666669
2013-08-16,01:11:12,0.9333333333333332,13.333273993598088,27.73333333333333
2013-08-16,01:16:12,1.8,13.199937608506945,69.06666666666666
2013-08-16,01:21:12,0.9,12.26657443576389,20.53333333333333
2013-08-16,01:26:12,0.5,10.599941677517359,0.06666666666666668
2013-08-16,01:31:12,1.3333333333333337,10.866605970594618,6.7333333333333325
2013-08-16,01:36:12,3.633333333333333,23.266626993815105,91.86666666666666
2013-08-16,01:41:12,1.2666666666666666,15.533269246419271,46.66666666666666
2013-08-16,01:46:12,1.3333333333333337,11.066597832573784,67.13333333333334
2013-08-16,01:51:12,0.9333333333333332,10.933269924587673,100.0
2013-08-16,01:56:12,0.4,9.533267550998266,2.066666666666667
2013-08-16,02:01:12,17.9,16.533245510525177,7.0
2013-08-16,02:06:12,17.03333333333333,61.0666232638889,17.733333333333334
2013-08-16,02:11:12,0.9333333333333332,26.866607666015625,25.0
2013-08-16,02:16:12,1.6666666666666663,13.266618516710068,63.26666666666666
2013-08-16,02:21:12,0.9,10.666597154405382,10.0
2013-08-16,02:26:12,0.43333333333333335,10.53326924641927,0
2013-08-16,02:31:12,1.3,11.866582234700521,6.666666666666668
2013-08-16,02:36:12,0.8333333333333333,19.266586303710938,0.8666666666666667
2013-08-16,02:41:12,0.6666666666666667,11.199934217664932,21.53333333333333
2013-08-16,02:46:12,0.9333333333333332,9.533276028103298,33.73333333333333
2013-08-16,02:51:12,0.9,10.599933200412327,21.466666666666665
2013-08-16,02:56:12,0.33333333333333337,10.399949815538195,2.0
2013-08-16,03:01:12,1.4333333333333331,8.79993862575955,7.133333333333334
2013-08-16,03:06:12,0.7666666666666667,16.33326212565104,0.8
2013-08-16,03:11:12,0.8,12.599894205729168,23.53333333333333
2013-08-16,03:16:12,1.7,10.799933539496525,73.33333333333333
2013-08-16,03:21:12,0.8666666666666667,10.599916246202255,2.066666666666667
2013-08-16,03:26:12,0.36666666666666653,9.933268229166666,0
2013-08-16,03:31:12,1.2333333333333334,9.3332756890191,6.7333333333333325
2013-08-16,03:36:12,0.8666666666666667,17.13327195909288,0.8666666666666667
2013-08-16,03:41:12,0.6,10.733252631293402,18.866666666666667
2013-08-16,03:46:12,1.0,7.266582912868922,40.2
2013-08-16,03:51:12,0.8,9.599931504991318,18.2
2013-08-16,03:56:12,1.8666666666666665,17.999945746527782,1.6666666666666667
2013-08-16,04:01:12,1.3333333333333337,29.06662835015192,7.466666666666668
2013-08-16,04:06:12,0.8666666666666667,20.99993387858073,0.8
2013-08-16,04:11:12,0.5666666666666667,13.399929470486107,13.2
2013-08-16,04:16:12,1.2666666666666666,10.799933539496525,32.4
2013-08-16,04:21:12,0.9,11.53323703342014,11.933333333333335
2013-08-16,04:26:12,0.6,8.79995557996962,15.466666666666667
2013-08-16,04:31:12,1.5333333333333334,9.933285183376737,17.0
2013-08-16,04:36:13,0.7,18.599955240885414,6.0
2013-08-16,04:41:13,0.5,12.399944729275171,10.133333333333333
2013-08-16,04:46:13,0.7666666666666667,11.399917602539062,12.4
2013-08-16,04:51:13,0.6,8.99993896484375,15.733333333333333
2013-08-16,04:56:13,0.7,8.99993896484375,22.0
2013-08-16,05:01:13,1.4666666666666666,13.199920654296873,19.066666666666666
2013-08-16,05:06:13,0.7333333333333333,17.399978637695312,0.2
2013-08-16,05:11:13,0.6333333333333333,11.599934895833334,11.066666666666665
2013-08-16,05:16:13,1.2666666666666666,9.799931844075521,40.6
2013-08-16,05:21:13,0.9666666666666668,9.866604275173609,20.2
2013-08-16,05:26:13,0.6,7.599945068359375,15.6
2013-08-16,05:31:13,1.2333333333333334,10.99993387858073,9.533333333333333
2013-08-16,05:36:13,0.9333333333333332,20.999984741210938,0.8666666666666667
2013-08-16,05:41:13,0.5666666666666667,11.399943033854166,10.333333333333334
2013-08-16,05:46:13,0.8,9.59991455078125,21.33333333333333
2013-08-16,05:51:13,0.6666666666666667,8.533265855577255,14.6
2013-08-16,05:56:13,0.7,8.466601901584202,20.733333333333334
2013-08-16,06:01:13,1.4333333333333331,11.399943033854166,14.533333333333333
2013-08-16,06:06:13,0.8,20.199940999348957,0.8
2013-08-16,06:11:13,0.7,10.199940999348959,15.4
2013-08-16,06:16:13,1.3666666666666665,10.199915568033854,46.2
2013-08-16,06:21:13,1.0666666666666669,9.199930826822916,37.13333333333333
2013-08-16,06:26:13,0.4666666666666666,8.199920654296875,0.06666666666666668
2013-08-16,06:31:13,1.1666666666666667,9.399897257486979,6.666666666666668
2013-08-16,06:36:13,0.8333333333333333,18.399937947591148,0.8
2013-08-16,06:41:13,0.6666666666666667,11.399943033854166,13.266666666666667
2013-08-16,06:46:13,0.8666666666666667,8.599929809570312,25.4
2013-08-16,06:51:13,0.7,8.599929809570312,16.2
2013-08-16,06:56:13,0.6333333333333333,8.799947102864584,19.066666666666666
2013-08-16,07:01:13,1.1666666666666667,11.733279758029514,7.066666666666666
2013-08-16,07:06:13,0.9666666666666668,16.399943033854168,0.8666666666666667
2013-08-16,07:11:13,0.7333333333333333,11.99994405110677,15.4
2013-08-16,07:16:13,1.3666666666666665,12.399953206380209,44.66666666666666
2013-08-16,07:21:13,1.1,10.399932861328125,37.8
2013-08-16,07:26:13,0.5,8.99993896484375,0.06666666666666668
2013-08-16,07:31:13,1.2,8.399887084960938,6.7333333333333325
2013-08-16,07:36:13,0.8333333333333333,15.199940999348957,0.8
2013-08-16,07:41:13,0.7,9.199930826822916,17.2
2013-08-16,07:46:13,0.7333333333333333,8.399937947591146,23.66666666666667
2013-08-16,07:51:13,0.7666666666666667,9.799906412760418,31.73333333333333
2013-08-16,07:56:13,0.6666666666666667,9.266603257921007,6.066666666666666
2013-08-16,08:01:13,17.46666666666667,19.66660393608941,7.066666666666666
2013-08-16,08:06:13,17.166666666666668,65.19994099934895,18.466666666666665
2013-08-16,08:11:13,0.7666666666666667,26.599960327148438,14.933333333333335
2013-08-16,08:16:13,1.3666666666666665,14.599939982096355,45.46666666666667
2013-08-16,08:21:14,0.8333333333333333,9.999949137369791,25.4
2013-08-16,08:26:14,0.7333333333333333,10.199940999348959,11.0
2013-08-16,08:31:14,1.2,8.733266194661459,6.7333333333333325
2013-08-16,08:36:14,0.7,19.133275349934898,0.8
2013-08-16,08:41:14,0.8,9.46658664279514,19.866666666666667
2013-08-16,08:46:14,0.8333333333333333,10.599950154622395,29.66666666666667
2013-08-16,08:51:14,0.7666666666666667,6.999910142686631,20.266666666666666
2013-08-16,08:56:14,0.6,8.86656019422743,9.466666666666667
2013-08-16,09:01:14,1.2333333333333334,11.199925740559896,6.866666666666666
2013-08-16,09:06:14,0.9,19.19996473524305,2.4
2013-08-16,09:11:14,0.6333333333333333,11.866590711805557,3.466666666666667
2013-08-16,09:16:14,1.2333333333333334,10.99993387858073,27.66666666666667
2013-08-16,09:21:14,0.7666666666666667,9.133241441514755,6.533333333333332
2013-08-16,09:26:14,0.6,8.93324957953559,4.333333333333333
2013-08-16,09:31:14,1.1,10.999925401475693,10.866666666666667
2013-08-16,09:36:14,1.1,16.59996880425347,2.6666666666666665
2013-08-16,09:41:14,0.5666666666666667,10.933269924587673,1.2666666666666666
2013-08-16,09:46:14,0.7666666666666667,11.533279418945312,2.933333333333333
2013-08-16,09:51:14,0.5666666666666667,10.533260769314234,1.1333333333333333
2013-08-16,09:56:14,0.6428571428571429,7.642782302129837,4.571428571428571
2013-08-16,10:01:14,1.5666666666666669,12.866592407226562,7.7333333333333325
2013-08-16,10:06:14,0.8,16.933297051323784,0
2013-08-16,10:11:14,0.6333333333333333,12.199935913085938,2.2
2013-08-16,10:16:14,1.2333333333333334,11.266581217447918,24.066666666666666
2013-08-16,10:21:14,0.6666666666666667,11.333287556966146,3.466666666666667
2013-08-16,10:26:14,0.5,10.333260430230034,1.0666666666666669
2013-08-16,10:31:14,1.2,10.599941677517359,8.133333333333333
2013-08-16,10:36:14,0.75,16.28565107073103,1.8571428571428568
2013-08-16,10:41:14,0.6,11.133261786566841,2.1333333333333333
2013-08-16,10:46:14,0.7,6.733254326714409,2.333333333333333
2013-08-16,10:51:14,0.5666666666666667,5.9999338785807295,2.466666666666667
2013-08-16,10:56:14,0.6333333333333333,6.466606987847221,3.533333333333333
2013-08-16,11:01:14,1.3666666666666665,12.399927775065105,6.866666666666666
2013-08-16,11:06:14,1.0333333333333332,16.666615804036457,4.2
2013-08-16,11:11:14,0.7142857142857143,10.99993387858073,3.0
2013-08-16,11:16:14,1.3666666666666665,12.399953206380209,23.2
2013-08-16,11:21:15,0.7,9.399931165907118,3.733333333333333
2013-08-16,11:26:15,0.5666666666666667,8.66659376356337,1.2
2013-08-16,11:31:15,1.1,9.799957275390625,9.533333333333333
2013-08-16,11:36:15,1.0,18.199954562717018,1.5333333333333334
2013-08-16,11:41:15,0.5666666666666667,12.199910481770832,1.2666666666666666
2013-08-16,11:46:15,0.6,10.933269924587673,2.8
2013-08-16,11:51:15,0.5333333333333333,9.333267211914062,6.4
2013-08-16,11:56:15,0.6666666666666667,7.466591729058159,7.0
2013-08-16,12:01:15,23.966666666666665,19.13330078125,8.333333333333334
2013-08-16,12:06:15,11.535714285714285,61.85707818894159,20.071428571428573
2013-08-16,12:11:15,2.666666666666667,25.599950154622398,6.7333333333333325
2013-08-16,12:16:15,6.433333333333334,16.533279418945312,36.13333333333333
2013-08-16,12:21:15,2.3,14.199947781032984,9.466666666666667
2013-08-16,12:26:15,2.2,12.666600545247395,10.466666666666667
2013-08-16,12:31:15,2.821428571428572,15.35707201276507,13.428571428571427
2013-08-16,12:36:15,2.392857142857143,17.499932788667223,4.214285714285714
2013-08-16,12:41:15,2.533333333333333,11.599909464518229,8.133333333333333
2013-08-16,12:46:15,2.4333333333333336,11.333279079861112,7.533333333333332
2013-08-16,12:51:15,2.2333333333333334,9.866578843858505,2.066666666666667
2013-08-16,12:56:15,2.2666666666666666,10.5332268608941,3.6
2013-08-16,13:01:15,3.1,12.933273315429686,9.6
2013-08-16,13:06:15,2.466666666666667,17.59993659125434,1.7333333333333334
2013-08-16,13:11:15,2.7,12.999928792317709,14.866666666666667
2013-08-16,13:16:15,4.2,14.199939303927952,49.6
2013-08-16,13:21:15,2.766666666666667,14.666595458984375,19.0
2013-08-16,13:26:15,2.666666666666667,10.99993387858073,26.0
2013-08-16,13:31:15,3.033333333333333,10.799950493706596,8.8
2013-08-16,13:36:15,2.6785714285714284,17.57137661888486,2.8571428571428568
2013-08-16,13:41:15,2.4333333333333336,12.39993625217014,13.266666666666667
2013-08-16,13:46:15,2.466666666666667,14.799957275390627,24.266666666666666
2013-08-16,13:51:16,2.733333333333333,12.999954223632812,48.8
2013-08-16,13:56:16,2.75,9.571357000441779,20.642857142857142
2013-08-16,14:01:16,3.266666666666667,11.266598171657984,9.266666666666667
2013-08-16,14:06:16,2.9642857142857144,19.428480239141553,4.142857142857143
2013-08-16,14:11:16,2.733333333333333,13.799947102864582,16.733333333333334
2013-08-16,14:16:16,3.6071428571428568,12.999952407110307,55.42857142857143
2013-08-16,14:21:16,3.0357142857142856,12.357057843889509,28.785714285714285
2013-08-16,14:26:16,2.4642857142857135,13.57136680966332,4.857142857142857
2013-08-16,14:31:16,2.9642857142857144,12.642796834309896,8.642857142857142
2013-08-16,14:36:16,2.933333333333333,15.466596815321177,2.6666666666666665
2013-08-16,14:41:16,2.4333333333333336,11.266606648763021,16.066666666666666
2013-08-16,14:46:16,2.466666666666667,9.999915228949654,31.13333333333333
2013-08-16,14:51:16,2.666666666666667,11.199942694769964,33.266666666666666
2013-08-16,14:56:16,2.333333333333333,11.7999267578125,3.6666666666666665
2013-08-16,15:01:16,3.533333333333333,15.466613769531248,8.666666666666666
2013-08-16,15:06:16,7.6,24.533284505208332,2.1333333333333333
2013-08-16,15:11:16,3.633333333333333,32.79994540744358,23.0
2013-08-16,15:16:16,4.066666666666666,20.866622924804688,59.26666666666666
2013-08-16,15:21:16,2.733333333333333,14.799906412760416,23.53333333333333
2013-08-16,15:26:16,2.4333333333333336,12.333289252387152,1.0666666666666669
2013-08-16,15:31:16,2.7,11.133261786566841,7.866666666666666
2013-08-16,15:36:16,0.7,20.066587660047745,1.1333333333333333
2013-08-16,15:41:16,0.7666666666666667,10.533286200629338,25.13333333333333
2013-08-16,15:46:16,1.0,10.866614447699654,41.66666666666666
2013-08-16,15:51:16,0.8333333333333333,10.066613091362846,13.866666666666667
2013-08-16,15:56:16,0.7,7.799936930338541,3.2
2013-08-16,16:01:16,23.066666666666666,23.399946424696175,8.466666666666667
2013-08-16,16:06:16,12.966666666666667,61.933246188693566,18.53333333333333
2013-08-16,16:11:16,1.0333333333333332,26.866607666015625,29.66666666666667
2013-08-16,16:16:16,2.4,15.799967447916666,70.66666666666667
2013-08-16,16:21:16,0.7333333333333333,14.666612413194443,3.4
2013-08-16,16:26:16,1.0666666666666669,10.933269924587673,0.5333333333333333
2013-08-16,16:31:16,1.6,13.866628011067709,9.2
2013-08-16,16:36:16,0.7666666666666667,19.999957614474827,0
2013-08-16,16:41:16,0.8666666666666667,13.199954562717018,30.66666666666667
2013-08-16,16:46:16,1.1,10.533277723524305,50.46666666666667
2013-08-16,16:51:16,0.6333333333333333,10.599924723307291,0.8
2013-08-16,16:56:16,0.7,9.533250596788195,3.733333333333333
2013-08-16,17:01:16,1.6333333333333335,13.199954562717018,8.533333333333333
2013-08-16,17:06:16,0.8333333333333333,18.59994676378038,1.6
2013-08-16,17:11:16,0.9333333333333332,11.466598510742188,27.53333333333333
2013-08-16,17:16:16,1.6666666666666663,11.933237711588541,67.26666666666667
2013-08-16,17:21:16,0.7666666666666667,12.133297390407984,8.2
2013-08-16,17:26:16,4.733333333333333,12.599919637044271,10.133333333333333
2013-08-16,17:31:17,9.266666666666666,23.666627671983505,10.266666666666667
2013-08-16,17:36:17,8.366666666666667,18.866619533962673,2.6
2013-08-16,17:41:17,7.3,12.333255343967016,20.53333333333333
2013-08-16,17:46:17,6.7,9.866587320963543,34.333333333333336
2013-08-16,17:51:17,6.466666666666666,12.266599867078991,33.06666666666667
2013-08-16,17:56:17,6.3,22.46660868326823,4.6
2013-08-16,18:01:17,2.933333333333333,26.799926757812504,9.733333333333333
2013-08-16,18:06:17,1.9333333333333331,21.466623942057293,2.8666666666666667
2013-08-16,18:11:17,1.0333333333333332,11.999935574001734,22.4
2013-08-16,18:16:17,1.7333333333333334,11.399951510959204,62.93333333333333
2013-08-16,18:21:17,1.8,11.533270941840275,19.866666666666667
2013-08-16,18:26:17,1.4333333333333331,9.266594780815971,1.6
2013-08-16,18:31:17,1.7,14.73328484429253,9.333333333333334
2013-08-16,18:36:17,1.8,20.466622246636287,1.7333333333333334
2013-08-16,18:41:17,0.8333333333333333,12.999945746527777,30.93333333333333
2013-08-16,18:51:17,1.4333333333333331,8.99993896484375,5.666666666666668
2013-08-16,18:56:17,0.8,10.866614447699654,3.4
2013-08-16,19:01:17,2.4,14.733250935872396,9.733333333333333
2013-08-16,19:06:17,1.2,21.199925740559898,2.2
2013-08-16,19:11:17,1.2666666666666666,13.19994608561198,33.4
2013-08-16,19:16:17,2.3666666666666667,14.999974568684896,69.86666666666666
2013-08-16,19:21:17,0.8666666666666667,10.799942016601562,2.0
2013-08-16,19:26:17,0.5,7.799936930338541,0.06666666666666668
2013-08-16,19:31:17,1.5666666666666669,9.933268229166666,8.6
2013-08-16,19:36:17,1.0666666666666669,18.79992167154948,0.8666666666666667
2013-08-16,19:41:17,0.9666666666666668,14.399973551432291,33.2
2013-08-16,19:46:17,1.2666666666666666,11.399943033854166,48.53333333333333
2013-08-16,19:51:18,0.5333333333333333,12.199961344401041,0.3333333333333333
2013-08-16,19:56:18,0.7,9.799957275390625,3.2
2013-08-16,20:01:18,23.73333333333333,21.066597832573784,8.6
2013-08-16,20:06:18,12.9,62.99995422363281,19.0
2013-08-16,20:11:18,2.566666666666667,26.599960327148438,33.266666666666666
2013-08-16,20:16:18,1.9,13.599929809570312,71.8
2013-08-16,20:21:18,0.9666666666666668,9.199930826822916,3.2
2013-08-16,20:26:18,0.6333333333333333,9.599939982096355,1.7333333333333334
2013-08-16,20:31:18,1.6666666666666663,10.666597154405382,10.2
2013-08-16,20:36:18,1.2,19.599939982096355,3.8
2013-08-16,20:41:18,0.9,12.199961344401041,32.73333333333333
2013-08-16,20:46:18,1.3333333333333337,9.399948120117188,51.0
2013-08-16,20:51:18,0.5666666666666667,8.666585286458334,0.8666666666666667
2013-08-16,20:56:18,0.7,9.999923706054688,4.666666666666667
2013-08-16,21:01:18,1.8333333333333333,12.599945068359375,11.0
2013-08-16,21:06:18,1.7333333333333334,17.599970499674477,2.0
2013-08-16,21:11:18,1.0,11.599934895833334,26.266666666666666
2013-08-16,21:16:18,1.6333333333333335,10.999959309895834,65.6
2013-08-16,21:21:18,1.7333333333333334,12.199935913085938,14.333333333333336
2013-08-16,21:26:18,0.8333333333333333,9.399948120117188,1.8666666666666667
2013-08-16,21:31:18,1.7,10.333251953125,9.933333333333334
2013-08-16,21:36:18,1.2333333333333334,16.999944051106773,3.333333333333333
2013-08-16,21:41:18,1.0333333333333332,11.199951171875,33.13333333333333
2013-08-16,21:46:18,1.7666666666666666,11.199900309244793,51.8
2013-08-16,21:51:18,0.8666666666666667,10.599924723307291,2.1333333333333333
2013-08-16,21:56:18,0.7,9.199930826822916,4.2
2013-08-16,22:01:19,2.1,13.533265855577255,11.333333333333336
2013-08-16,22:06:19,1.0666666666666669,20.399932861328125,1.2666666666666666
2013-08-16,22:11:19,2.8,13.533257378472225,32.333333333333336
2013-08-16,22:16:19,2.3666666666666667,19.399948120117188,68.66666666666667
2013-08-16,22:21:19,1.9333333333333331,13.799930148654513,12.266666666666667
2013-08-16,22:26:19,1.2666666666666666,12.599919637044271,0.7333333333333333
2013-08-16,22:31:19,1.5,11.066614786783854,8.066666666666666
2013-08-16,22:36:19,1.0333333333333332,16.333253648546005,1.1333333333333333
2013-08-16,22:41:19,0.9,12.933264838324652,38.4
2013-08-16,22:46:19,1.2666666666666666,9.799914889865454,48.4
2013-08-16,22:51:19,0.5333333333333333,12.799945407443577,0
2013-08-16,22:56:19,0.6333333333333333,9.53325907389323,3.1333333333333333
2013-08-16,23:01:19,1.8,15.33328586154514,8.666666666666666
2013-08-16,23:06:19,1.0,22.13326348198785,1.1333333333333333
2013-08-16,23:11:19,1.0,13.733266194661459,35.0
2013-08-16,23:16:19,1.7666666666666666,12.466591729058159,72.66666666666667
2013-08-16,23:21:19,0.7,11.666590372721354,1.0
2013-08-16,23:26:19,0.6333333333333333,11.93327162000868,0.2
2013-08-16,23:31:19,1.4666666666666666,11.999935574001734,8.066666666666666
2013-08-16,23:36:19,1.0,18.999955919053814,1.1333333333333333
2013-08-16,23:41:19,0.9333333333333332,13.266618516710068,38.4
2013-08-16,23:46:19,1.2,9.199913872612846,47.86666666666667
2013-08-16,23:51:19,0.6333333333333333,11.466632419162327,0.6
2013-08-16,23:56:19,0.5666666666666667,10.666605631510418,3.1333333333333333
2013-08-17,00:01:19,23.9,20.333260430230037,8.733333333333333
2013-08-17,00:06:19,12.566666666666668,59.933285183376725,18.933333333333334
2013-08-17,00:11:19,1.2666666666666666,25.599933200412327,33.73333333333333
2013-08-17,00:16:19,2.033333333333333,13.799938625759548,72.2
2013-08-17,00:21:19,0.6666666666666667,12.533281114366321,4.733333333333333
2013-08-17,00:26:19,0.6,10.133260091145834,0.3333333333333333
2013-08-17,00:31:19,1.3666666666666665,11.399959988064234,8.133333333333333
2013-08-17,00:36:19,1.0,17.333272298177082,1.4666666666666666
2013-08-17,00:41:19,0.9333333333333332,10.933269924587673,39.6
2013-08-17,00:46:19,1.3,9.133292304144963,47.8
2013-08-17,00:51:19,0.43333333333333335,8.99992201063368,0
2013-08-17,00:56:19,0.5666666666666667,9.599956936306421,3.4
2013-08-17,01:01:19,1.9333333333333331,13.466601901584205,10.0
2013-08-17,01:06:19,0.8,16.466606987847225,0
2013-08-17,01:11:19,1.0,11.399917602539062,36.73333333333333
2013-08-17,01:16:19,1.8333333333333333,11.466606987847221,73.73333333333333
2013-08-17,01:21:19,0.6,10.199940999348959,0.5333333333333333
2013-08-17,01:26:19,0.5333333333333333,8.06661817762587,0
2013-08-17,01:31:19,3.633333333333333,9.933251274956596,7.533333333333332
2013-08-17,01:36:19,4.033333333333333,25.799950493706596,81.66666666666667
2013-08-17,01:41:19,3.8,20.333277384440105,100.0
2013-08-17,01:46:19,1.8333333333333333,14.533284505208332,71.2
2013-08-17,01:51:20,2.3666666666666667,22.59993659125434,100.0
2013-08-17,01:56:20,0.7333333333333333,22.66658359103733,2.6
2013-08-17,02:01:20,21.5,21.799952189127602,7.866666666666666
2013-08-17,02:06:20,1.5714285714285714,70.99990844726562,0
2013-08-17,02:11:20,1.0666666666666669,55.99992540147568,39.53333333333333
2013-08-17,02:16:20,1.4666666666666666,22.599945068359375,56.4
2013-08-17,02:21:20,0.7,12.399927775065105,0.8
2013-08-17,02:26:20,0.5666666666666667,10.399932861328125,0
2013-08-17,02:31:20,1.4,11.73323737250434,7.4
2013-08-17,02:36:20,0.9333333333333332,17.999979654947918,1.0666666666666669
2013-08-17,02:41:20,0.9666666666666668,10.799916585286457,41.6
2013-08-17,02:46:20,1.0,9.19995625813802,34.73333333333333
2013-08-17,02:51:20,0.6333333333333333,12.599945068359375,0.4
2013-08-17,02:56:20,0.7333333333333333,8.799921671549479,2.6
2013-08-17,03:01:20,4.633333333333333,15.599924723307293,9.4
2013-08-17,03:06:20,3.966666666666667,23.799947102864582,1.4666666666666666
2013-08-17,03:11:20,3.4,14.399948120117188,40.266666666666666
2013-08-17,03:16:20,3.7,12.933290269639757,57.06666666666667
2013-08-17,03:21:20,3.733333333333333,13.599929809570312,0.6666666666666666
2013-08-17,03:26:20,3.433333333333333,10.799942016601562,0.06666666666666668
2013-08-17,03:31:20,1.3,12.533264160156252,7.4
2013-08-17,03:36:20,0.8,21.199951171875,1.0666666666666669
2013-08-17,03:41:20,0.8,11.399943033854166,34.53333333333333
2013-08-17,03:46:20,0.9666666666666668,7.7999114990234375,42.333333333333336
2013-08-17,03:51:20,0.5333333333333333,9.399948120117188,0
2013-08-17,03:56:20,0.5333333333333333,9.866612752278646,2.6
2013-08-17,04:01:20,1.6333333333333335,15.066613091362848,8.666666666666666
2013-08-17,04:06:21,0.7333333333333333,20.399932861328125,1.1333333333333333
2013-08-17,04:11:21,0.9333333333333332,12.399953206380209,32.13333333333333
2013-08-17,04:16:21,1.4333333333333331,12.199935913085938,62.86666666666667
2013-08-17,04:21:21,0.7666666666666667,10.39995829264323,2.2
2013-08-17,04:26:21,0.4666666666666666,8.799921671549479,0
2013-08-17,04:31:21,1.5333333333333334,10.399907430013021,8.533333333333333
2013-08-17,04:36:21,0.6,21.599934895833332,0
2013-08-17,04:41:21,0.8,12.599945068359375,28.066666666666666
2013-08-17,04:46:21,1.0666666666666669,9.999949137369791,43.86666666666667
2013-08-17,04:51:21,0.4666666666666666,9.999923706054688,4.666666666666667
2013-08-17,04:56:21,0.5666666666666667,8.19994608561198,2.6
2013-08-17,05:01:21,1.5,11.466590033637152,9.133333333333333
2013-08-17,05:06:21,0.6333333333333333,16.999969482421875,0
2013-08-17,05:11:21,0.8333333333333333,10.99993387858073,21.86666666666667
2013-08-17,05:16:21,1.3333333333333337,13.799921671549479,42.4
2013-08-17,05:21:21,0.8666666666666667,10.266613430447046,24.53333333333333
2013-08-17,05:26:21,0.5,10.799891153971354,4.133333333333334
2013-08-17,05:31:21,1.2666666666666666,11.666598849826391,7.4
2013-08-17,05:36:21,0.7666666666666667,19.19995625813802,1.0666666666666669
2013-08-17,05:41:21,0.8,9.999923706054688,28.6
2013-08-17,05:46:21,1.0,7.799936930338541,36.06666666666667
2013-08-17,05:51:21,0.7,10.399907430013021,12.133333333333333
2013-08-17,05:56:21,0.6666666666666667,10.99993387858073,2.6
2013-08-17,06:01:21,1.4333333333333331,11.399900648328993,7.8
2013-08-17,06:06:21,0.7333333333333333,16.599960327148438,1.0666666666666669
2013-08-17,06:11:21,0.8666666666666667,11.799952189127605,29.66666666666667
2013-08-17,06:16:21,1.6,11.99994405110677,66.86666666666666
2013-08-17,06:21:21,0.5666666666666667,11.06657240125868,0.6
2013-08-17,06:26:21,0.4666666666666666,10.399932861328125,0
2013-08-17,06:31:21,1.3333333333333337,11.866607666015625,7.466666666666668
2013-08-17,06:36:21,0.8,18.66659376356337,1.0666666666666669
2013-08-17,06:41:21,0.8333333333333333,9.533276028103298,34.53333333333333
2013-08-17,06:46:21,1.0,8.999964396158855,42.06666666666667
2013-08-17,06:51:21,0.5333333333333333,9.999949137369791,0
2013-08-17,06:56:21,0.5666666666666667,9.0665774875217,2.6
2013-08-17,07:01:22,1.5,12.666609022352429,7.866666666666666
2013-08-17,07:06:22,0.7,20.133285522460938,1.1333333333333333
2013-08-17,07:11:22,0.8666666666666667,14.33326721191406,21.8
2013-08-17,07:16:22,1.3666666666666665,11.466606987847221,53.6
2013-08-17,07:21:22,0.8333333333333333,11.666624281141493,21.66666666666667
2013-08-17,07:26:22,0.5333333333333333,7.866617838541666,0
2013-08-17,07:31:22,1.3,10.066579182942709,7.4
2013-08-17,07:36:22,0.8,18.2666015625,1.0666666666666669
2013-08-17,07:41:22,0.8,10.399949815538195,28.6
2013-08-17,07:46:22,0.9666666666666668,8.933266533745659,36.66666666666666
2013-08-17,07:51:22,0.6,9.333258734809027,11.4
2013-08-17,07:56:22,0.5666666666666667,10.199924045138888,2.6
2013-08-17,08:01:22,23.93333333333333,22.466625637478295,7.8
2013-08-17,08:06:22,11.5,61.13325330946181,18.53333333333333
2013-08-17,08:11:22,0.8666666666666667,26.866607666015625,26.2
2013-08-17,08:16:22,1.4,13.2666015625,62.53333333333333
2013-08-17,08:21:22,0.8666666666666667,9.799940321180557,8.2
2013-08-17,08:26:22,0.5,10.266587999131943,0
2013-08-17,08:31:22,1.3,10.866622924804688,7.4
2013-08-17,08:36:22,0.8,18.466601901584205,1.1333333333333333
2013-08-17,08:41:22,0.8333333333333333,13.13328213161892,32.333333333333336
2013-08-17,08:46:22,1.0666666666666669,7.866583930121526,43.93333333333333
2013-08-17,08:51:22,0.6666666666666667,8.333248562282984,0.8666666666666667
2013-08-17,08:56:22,0.6,7.999911838107641,2.6
2013-08-17,09:01:22,1.6666666666666663,14.333258734809027,8.933333333333334
2013-08-17,09:06:22,0.6333333333333333,22.799945407443577,0
2013-08-17,09:11:22,0.9333333333333332,10.1999749077691,33.266666666666666
2013-08-17,09:16:22,1.5666666666666669,10.79995897081163,63.53333333333333
2013-08-17,09:21:22,0.5666666666666667,10.666580200195312,0.26666666666666666
2013-08-17,09:26:22,0.5666666666666667,8.533265855577255,0
2013-08-17,09:31:22,1.3666666666666665,10.666605631510418,8.266666666666667
2013-08-17,09:36:22,0.7,16.799935234917537,0.2
2013-08-17,09:41:22,0.8333333333333333,9.866587320963543,33.333333333333336
2013-08-17,09:46:22,0.9333333333333332,8.8665771484375,39.6
2013-08-17,09:51:22,0.4666666666666666,8.266610039605036,3.8666666666666663
2013-08-17,09:56:22,0.5333333333333333,9.533284505208334,3.466666666666667
2013-08-17,10:01:22,1.4666666666666666,10.933278401692709,7.8
2013-08-17,10:06:22,0.7,17.933247884114582,1.0666666666666669
2013-08-17,10:11:22,0.8,11.599934895833334,16.066666666666666
2013-08-17,10:16:22,1.3,10.266621907552082,38.0
2013-08-17,10:21:22,0.8333333333333333,9.533242119683159,31.53333333333333
2013-08-17,10:26:22,0.5,9.799923366970486,8.466666666666667
2013-08-17,10:31:22,1.3666666666666665,11.733262803819443,7.4
2013-08-17,10:36:22,0.8333333333333333,19.399939643012157,1.0666666666666669
2013-08-17,10:41:22,0.6666666666666667,11.79990980360243,20.133333333333333
2013-08-17,10:46:22,1.0333333333333332,12.733281453450521,40.8
2013-08-17,10:51:22,0.5666666666666667,9.799957275390625,15.466666666666667
2013-08-17,10:56:22,0.6333333333333333,7.666617499457463,2.6
2013-08-17,11:01:22,1.5,11.199942694769964,7.8
2013-08-17,11:06:22,0.6666666666666667,16.466590033637154,1.2
2013-08-17,11:11:22,0.7666666666666667,11.333253648546005,20.6
2013-08-17,11:16:22,1.3666666666666665,13.99993896484375,49.13333333333333
2013-08-17,11:21:22,0.8666666666666667,12.79991149902344,24.6
2013-08-17,11:26:22,0.4666666666666666,11.933254665798609,0
2013-08-17,11:31:22,1.3,10.933286878797745,7.4
2013-08-17,11:36:23,0.8333333333333333,17.533272637261287,1.0666666666666669
2013-08-17,11:41:23,0.7666666666666667,14.266603257921004,30.8
2013-08-17,11:46:23,1.0333333333333332,12.199910481770832,44.6
2013-08-17,11:51:23,0.5333333333333333,10.333268907335068,1.4666666666666666
2013-08-17,11:56:23,0.5666666666666667,7.999928792317708,2.6
2013-08-17,12:01:23,24.93333333333333,18.999905056423614,7.8
2013-08-17,12:06:23,10.666666666666668,58.8666025797526,19.0
2013-08-17,12:11:23,1.1,21.666624281141498,24.8
2013-08-17,12:16:23,1.4666666666666666,12.666600545247395,61.0
2013-08-17,12:21:23,0.7666666666666667,10.266621907552082,11.333333333333336
2013-08-17,12:26:23,0.5666666666666667,9.7332763671875,0
2013-08-17,12:31:23,1.3333333333333337,13.133265177408854,7.4
2013-08-17,12:36:23,0.7666666666666667,21.666590372721352,1.1333333333333333
2013-08-17,12:41:23,0.8,13.13327365451389,36.6
2013-08-17,12:46:23,0.9666666666666668,9.866612752278646,37.93333333333333
2013-08-17,12:51:23,0.6,9.733242458767359,2.466666666666667
2013-08-17,12:56:23,0.5,8.066592746310764,2.6
2013-08-17,13:01:23,1.4666666666666666,12.399927775065105,7.8
2013-08-17,13:06:23,0.6333333333333333,19.866621229383682,1.0666666666666669
2013-08-17,13:11:23,0.9333333333333332,12.13326348198785,36.06666666666667
2013-08-17,13:16:23,1.4666666666666666,10.799942016601562,60.53333333333333
2013-08-17,13:21:23,0.5333333333333333,9.999923706054688,0.26666666666666666
2013-08-17,13:26:24,0.4666666666666666,9.933251274956596,0.4
2013-08-17,13:31:24,1.5666666666666669,12.333255343967016,8.466666666666667
2013-08-17,13:36:24,0.6333333333333333,16.86663309733073,0
2013-08-17,13:41:24,0.7333333333333333,11.59994337293837,29.66666666666667
2013-08-17,13:46:24,1.0333333333333332,10.399941338433159,47.46666666666667
2013-08-17,13:51:24,0.43333333333333335,8.866585625542537,0
2013-08-17,13:56:24,0.6333333333333333,7.466591729058159,2.6
2013-08-17,14:01:24,1.5,12.799919976128473,8.8
2013-08-17,14:06:24,0.6666666666666667,19.266620212131077,0.2
2013-08-17,14:11:24,0.8666666666666667,13.999930487738713,26.13333333333333
2013-08-17,14:16:24,1.4333333333333331,9.666578504774305,49.53333333333333
2013-08-17,14:21:24,0.7,9.866587320963543,18.33333333333333
2013-08-17,14:26:24,0.4,10.333251953125,0
2013-08-17,14:31:24,1.3333333333333337,12.933256361219616,7.4
2013-08-17,14:36:24,0.8,18.666636149088543,1.0666666666666669
2013-08-17,14:41:24,0.8,10.533286200629338,36.8
2013-08-17,14:46:24,0.9,9.999923706054688,40.06666666666667
2013-08-17,14:51:24,0.5666666666666667,9.399948120117188,0.8
2013-08-17,14:56:24,0.43333333333333335,8.999913533528646,2.6
2013-08-17,15:01:24,1.4,10.533243815104166,7.866666666666666
2013-08-17,15:06:24,4.6,24.933276706271705,1.2
2013-08-17,15:11:24,1.0666666666666669,31.59996032714844,32.93333333333333
2013-08-17,15:16:24,1.5666666666666669,16.399943033854168,62.53333333333333
2013-08-17,15:21:24,0.5333333333333333,14.199956258138021,2.066666666666667
2013-08-17,15:26:24,0.26666666666666666,9.59991455078125,0
2013-08-17,15:31:24,1.3,10.133268568250868,7.466666666666668
2013-08-17,15:36:24,0.8,19.399948120117188,1.0666666666666669
2013-08-17,15:41:24,0.8,12.199935913085938,32.73333333333333
2013-08-17,15:46:24,0.8333333333333333,8.799947102864584,43.4
2013-08-17,15:51:25,0.6,9.799906412760418,1.0666666666666669
2013-08-17,15:56:25,0.4666666666666666,9.799957275390625,2.6
2013-08-17,16:01:25,24.53333333333333,19.399948120117188,7.8
2013-08-17,16:06:25,10.8,62.599945068359375,19.266666666666666
2013-08-17,16:11:25,0.9333333333333332,24.399948120117188,33.666666666666664
2013-08-17,16:16:25,1.5333333333333334,13.199920654296873,63.66666666666666
2013-08-17,16:21:25,0.5,11.399917602539062,0.26666666666666666
2013-08-17,16:26:25,0.43333333333333335,10.399907430013021,0
2013-08-17,16:31:25,1.3,10.733295016818577,7.4
2013-08-17,16:36:25,0.7,21.799952189127602,1.0
2013-08-17,16:41:25,0.8,11.199951171875,32.53333333333333
2013-08-17,16:46:25,1.0,9.399922688802082,44.8
2013-08-17,16:51:25,0.33333333333333337,8.799947102864584,0.06666666666666668
2013-08-17,16:56:25,0.5666666666666667,8.799947102864584,2.6
2013-08-17,17:01:25,1.3666666666666665,13.733291625976562,7.8
2013-08-17,17:06:25,0.6666666666666667,17.99992879231771,0.9333333333333332
2013-08-17,17:11:25,0.9,10.199915568033854,33.333333333333336
2013-08-17,17:16:25,1.4666666666666666,12.79991149902344,63.4
2013-08-17,17:21:25,0.5666666666666667,12.799936930338543,0.6666666666666666
2013-08-17,17:26:25,0.36666666666666653,10.199940999348959,0
2013-08-17,17:31:25,1.3,12.333263821072048,7.4
2013-08-17,17:36:25,0.7666666666666667,20.599950154622395,1.0666666666666669
2013-08-17,17:41:25,0.7666666666666667,11.7999267578125,36.66666666666666
2013-08-17,17:46:25,0.9,7.7999114990234375,40.66666666666666
2013-08-17,17:51:25,0.36666666666666653,11.3999260796441,0
2013-08-17,17:56:25,0.5333333333333333,8.799921671549479,2.6
2013-08-17,18:01:25,1.4,14.066585964626736,7.866666666666666
2013-08-17,18:06:25,0.6333333333333333,18.799947102864582,1.0
2013-08-17,18:11:25,0.8666666666666667,12.199935913085938,32.86666666666667
2013-08-17,18:16:26,1.4666666666666666,11.399951510959204,64.2
2013-08-17,18:21:26,0.5,11.733262803819443,0.5333333333333333
2013-08-17,18:26:26,0.36666666666666653,9.3332756890191,0
2013-08-17,18:31:25,1.5,11.666615804036457,8.4
2013-08-17,18:36:25,0.5666666666666667,17.666600545247395,0
2013-08-17,18:41:25,0.7666666666666667,9.73325941297743,32.8
2013-08-17,18:46:25,1.2,8.199937608506943,44.6
2013-08-17,18:51:25,0.36666666666666653,10.866597493489582,0
2013-08-17,18:56:25,0.5666666666666667,9.866612752278646,2.6
2013-08-17,19:01:25,1.4666666666666666,10.933252970377605,8.733333333333333
2013-08-17,19:06:25,0.5333333333333333,19.199930826822918,0
2013-08-17,19:11:25,0.9333333333333332,11.666607326931421,33.86666666666667
2013-08-17,19:16:25,1.6,10.733261108398438,63.13333333333333
2013-08-17,19:21:25,0.5333333333333333,9.066602918836807,0.4666666666666667
2013-08-17,19:26:25,0.4,7.933264838324651,0
2013-08-17,19:31:25,1.4333333333333331,9.066602918836807,7.866666666666666
2013-08-17,19:36:25,0.6666666666666667,19.26661173502604,0.4666666666666667
2013-08-17,19:41:25,0.9,12.533238728841145,42.06666666666667
2013-08-17,19:46:25,1.0,9.333267211914062,35.53333333333333
2013-08-17,19:51:25,0.4,10.666580200195312,0
2013-08-17,19:56:25,0.5666666666666667,8.133265177408854,2.6
2013-08-17,20:01:25,25.73333333333333,21.199908786349827,7.8
2013-08-17,20:06:26,9.6,55.13329399956597,18.133333333333333
2013-08-17,20:11:26,0.9,23.066618177625873,34.73333333333333
2013-08-17,20:16:26,1.6,12.199952867296005,62.4
2013-08-17,20:21:26,0.5,10.199915568033854,0.4666666666666667
2013-08-17,20:26:26,0.36666666666666653,9.466620551215279,0
2013-08-17,20:31:26,1.3333333333333337,11.133270263671875,7.466666666666668
2013-08-17,20:36:26,0.6666666666666667,20.7332526312934,0.9333333333333332
2013-08-17,20:41:26,0.8666666666666667,11.866616143120662,35.53333333333333
2013-08-17,20:46:26,2.533333333333333,25.999925401475693,42.06666666666667
2013-08-17,20:51:26,0.3,16.799952189127605,0
2013-08-17,20:56:26,0.6,11.666598849826391,2.6
2013-08-17,21:01:26,1.3666666666666665,14.93325975206163,7.7333333333333325
2013-08-17,21:06:26,0.5666666666666667,18.799947102864582,0.9333333333333332
2013-08-17,21:11:26,0.9,12.199910481770832,31.13333333333333
2013-08-17,21:16:26,1.5333333333333334,12.199918958875868,65.53333333333333
2013-08-17,21:21:26,0.43333333333333335,11.666590372721354,0.6
2013-08-17,21:26:26,0.43333333333333335,11.199959648980034,0
2013-08-17,21:31:26,1.2333333333333334,10.599924723307291,7.4
2013-08-17,21:36:26,0.6333333333333333,18.533274332682293,0.8666666666666667
2013-08-17,21:41:26,0.7666666666666667,12.333272298177084,27.13333333333333
2013-08-17,21:46:26,1.0333333333333332,11.06658935546875,41.8
2013-08-17,21:51:26,0.36666666666666653,11.799935234917532,8.4
2013-08-17,21:56:26,0.6333333333333333,8.99995591905382,2.6
2013-08-17,22:01:26,1.3666666666666665,14.399939643012157,7.8
2013-08-17,22:06:26,0.5666666666666667,19.333267211914062,0.9333333333333332
2013-08-17,22:11:26,0.9,12.399927775065105,34.93333333333333
2013-08-17,22:16:26,1.5333333333333334,12.599962022569441,62.0
2013-08-17,22:21:26,0.4666666666666666,11.599951850043404,0.5333333333333333
2013-08-17,22:26:26,0.43333333333333335,10.133260091145834,0
2013-08-17,22:31:26,1.3,10.199932522243925,7.4
2013-08-17,22:36:27,0.6,18.933266533745662,0.9333333333333332
2013-08-17,22:41:27,0.8,12.533255683051218,30.86666666666667
2013-08-17,22:46:27,1.0333333333333332,10.266604953342016,46.2
2013-08-17,22:51:27,0.33333333333333337,9.066602918836807,0.13333333333333333
2013-08-17,22:56:27,0.7,9.533250596788195,2.7333333333333334
2013-08-17,23:01:27,1.4,14.199905395507814,7.8
2013-08-17,23:06:27,0.5666666666666667,19.7332763671875,0.9333333333333332
2013-08-17,23:11:27,0.9666666666666668,11.199942694769964,42.266666666666666
2013-08-17,23:16:27,1.4333333333333331,10.799925062391493,54.73333333333333
2013-08-17,23:21:27,0.6333333333333333,12.133255004882812,0.4666666666666667
2013-08-17,23:26:27,0.5333333333333333,8.933232625325521,0.2
2013-08-17,23:31:27,0.5666666666666667,11.733262803819443,7.4
2013-08-17,23:36:27,0.5,22.99996270073785,0
2013-08-17,23:41:27,0.8333333333333333,12.933256361219616,36.13333333333333
2013-08-17,23:46:27,0.6,12.266616821289062,1.1333333333333333
2013-08-17,23:51:27,0.4,9.466603597005207,0.2
2013-08-17,23:56:27,0.4666666666666666,9.19992234971788,2.6
2013-08-18,00:01:27,25.2,23.666593763563363,7.466666666666668
2013-08-18,00:06:27,7.933333333333334,62.79995388454861,18.133333333333333
2013-08-18,00:11:27,0.9333333333333332,24.866595798068577,36.06666666666667
2013-08-18,00:16:27,1.1333333333333333,14.2665778266059,21.466666666666665
2013-08-18,00:21:27,0.43333333333333335,10.133293999565971,0.06666666666666668
2013-08-18,00:26:27,0.5,7.999928792317708,0
2013-08-18,00:31:27,3.233333333333333,13.666585286458332,8.4
2013-08-18,00:36:27,3.5,24.066602918836807,0
2013-08-18,00:41:27,3.4,13.933291965060764,36.4
2013-08-18,00:46:28,3.533333333333333,11.333287556966146,1.3333333333333333
2013-08-18,00:51:28,3.333333333333333,10.533243815104166,0.26666666666666666
2013-08-18,00:56:28,3.466666666666667,9.53325907389323,2.6666666666666665
2013-08-18,01:01:31,3.566666666666667,12.533289591471355,7.466666666666668
2013-08-18,01:06:31,3.4,16.466623942057293,0.06666666666666668
2013-08-18,01:11:31,3.533333333333333,10.466596815321182,28.13333333333333
2013-08-18,01:16:31,3.833333333333333,12.199910481770832,31.0
2013-08-18,01:21:31,3.566666666666667,10.133268568250868,0
2013-08-18,01:26:31,3.4,8.666619194878471,0.13333333333333333
2013-08-18,01:31:31,3.833333333333333,12.93328179253472,6.866666666666666
2013-08-18,01:36:31,6.633333333333334,24.466620551215282,94.6
2013-08-18,01:41:31,3.8,13.933291965060764,59.0
2013-08-18,01:46:31,3.8666666666666663,13.733283148871525,100.0
2013-08-18,01:51:31,3.466666666666667,12.799936930338543,0.5333333333333333
2013-08-18,01:56:31,3.466666666666667,11.266606648763021,2.8666666666666667
2013-08-18,02:01:31,27.4,20.399958292643227,7.2666666666666675
2013-08-18,02:06:31,12.4,56.53329637315538,18.0
2013-08-18,02:11:31,3.633333333333333,23.533291286892364,25.66666666666667
2013-08-18,02:16:31,3.833333333333333,15.999950832790802,18.133333333333333
2013-08-18,02:21:31,3.3666666666666667,13.866636488172745,0.06666666666666668
2013-08-18,02:26:31,3.566666666666667,9.399922688802082,0.26666666666666666
2013-08-18,02:31:31,3.6,12.733306884765625,6.933333333333334
2013-08-18,02:36:31,3.5,14.999949137369791,0.06666666666666668
2013-08-18,02:41:31,3.233333333333333,12.599919637044271,25.8
2013-08-18,02:46:31,3.6,9.799931844075521,1.1333333333333333
2013-08-18,02:51:31,3.4,8.599929809570312,0.06666666666666668
2013-08-18,02:56:31,3.533333333333333,11.06658935546875,2.7333333333333334
2013-08-18,03:01:31,3.633333333333333,13.733274671766496,6.866666666666666
2013-08-18,03:06:32,1.4,20.199940999348957,0
2013-08-18,03:11:32,0.8666666666666667,12.999954223632812,25.73333333333333
2013-08-18,03:16:32,1.1,14.199930826822918,18.0
2013-08-18,03:21:32,0.5666666666666667,10.99993387858073,0
2013-08-18,03:26:32,0.43333333333333335,9.799957275390625,0
2013-08-18,03:31:32,0.6333333333333333,10.199940999348959,6.7333333333333325
2013-08-18,03:36:31,0.5666666666666667,21.199976603190105,0
2013-08-18,03:41:31,0.8,11.7999267578125,26.4
2013-08-18,03:46:31,0.5333333333333333,9.999898274739582,1.0
2013-08-18,03:51:31,0.43333333333333335,9.999923706054688,0
2013-08-18,03:56:31,0.36666666666666653,7.599945068359375,0
2013-08-18,04:01:31,0.6,11.133236355251734,9.266666666666667
2013-08-18,04:06:31,0.5,18.99993896484375,0
2013-08-18,04:11:31,0.8333333333333333,14.999974568684896,26.266666666666666
2013-08-18,04:16:31,1.0333333333333332,12.79991149902344,17.4
2013-08-18,04:21:31,0.6,11.99994405110677,0.7333333333333333
2013-08-18,04:26:31,0.4,8.399937947591146,0
2013-08-18,04:31:31,0.6666666666666667,9.599906073676214,6.7333333333333325
2013-08-18,04:36:31,0.5333333333333333,22.199961344401043,0
2013-08-18,04:41:32,0.7,12.399927775065105,24.466666666666665
2013-08-18,04:46:32,0.5666666666666667,12.666617499457464,1.0666666666666669
2013-08-18,04:51:32,0.43333333333333335,9.59991455078125,0
2013-08-18,04:56:32,0.4666666666666666,7.399953206380208,0
2013-08-18,05:01:32,0.6,10.133251614040796,9.266666666666667
2013-08-18,05:06:32,0.5,21.199951171875,0
2013-08-18,05:11:32,0.7333333333333333,11.99994405110677,19.733333333333334
2013-08-18,05:16:32,1.1,12.599919637044271,21.6
2013-08-18,05:21:32,0.5666666666666667,10.599924723307291,0.7333333333333333
2013-08-18,05:26:32,0.36666666666666653,8.599929809570312,0
2013-08-18,05:31:32,0.7333333333333333,10.799967447916666,6.7333333333333325
2013-08-18,05:36:32,0.5333333333333333,20.5999755859375,0
2013-08-18,05:41:32,0.7,10.99993387858073,16.533333333333335
2013-08-18,05:46:32,0.6,10.39995829264323,8.0
2013-08-18,05:51:32,0.43333333333333335,8.599955240885416,0
2013-08-18,05:56:32,0.33333333333333337,8.19994608561198,0
2013-08-18,06:01:32,0.6,11.39996846516927,9.333333333333334
2013-08-18,06:06:32,0.43333333333333335,17.399953206380207,0
2013-08-18,06:11:32,0.7666666666666667,11.866582234700521,17.733333333333334
2013-08-18,06:16:32,1.1,13.399937947591145,24.86666666666667
2013-08-18,06:21:32,0.6333333333333333,12.199935913085938,0.5333333333333333
2013-08-18,06:26:32,0.36666666666666653,8.199920654296875,0
2013-08-18,06:31:32,0.6666666666666667,8.599921332465279,6.8
2013-08-18,06:36:32,0.5666666666666667,16.999952528211807,0
2013-08-18,06:41:32,0.7,11.799952189127605,25.066666666666666
2013-08-18,06:46:32,0.5,8.999913533528646,0.5333333333333333
2013-08-18,06:51:33,0.5,8.99993896484375,0.8666666666666667
2013-08-18,06:56:33,0.43333333333333335,7.933273315429688,0
2013-08-18,07:01:33,0.6333333333333333,11.199900309244793,9.333333333333334
2013-08-18,07:06:33,0.43333333333333335,17.933247884114582,0
2013-08-18,07:11:33,0.7666666666666667,11.59994337293837,19.266666666666666
2013-08-18,07:16:33,1.1333333333333333,11.333270602756075,23.4
2013-08-18,07:21:33,0.6,10.799942016601562,0.6
2013-08-18,07:26:33,0.43333333333333335,8.266593085394963,0
2013-08-18,07:31:33,0.6,9.999966091579859,6.8
2013-08-18,07:36:33,0.5666666666666667,19.066585964626732,0
2013-08-18,07:41:33,0.7666666666666667,11.3999260796441,25.33333333333333
2013-08-18,07:46:33,0.5666666666666667,8.799930148654513,1.0666666666666669
2013-08-18,07:51:33,0.33333333333333337,8.933275010850693,0
2013-08-18,07:56:33,0.36666666666666653,6.06657240125868,0
2013-08-18,08:01:33,16.53333333333333,16.866607666015625,9.333333333333334
2013-08-18,08:06:33,16.566666666666666,65.19991556803384,18.266666666666666
2013-08-18,08:11:33,0.8333333333333333,24.999966091579857,23.8
2013-08-18,08:16:33,1.1333333333333333,12.933256361219616,20.066666666666666
2013-08-18,08:21:33,0.6,9.466612074110243,0.6666666666666666
2013-08-18,08:26:33,0.43333333333333335,9.53325907389323,0
2013-08-18,08:31:33,0.6333333333333333,10.99993387858073,6.7333333333333325
2013-08-18,08:36:33,0.5666666666666667,17.866617838541664,0
2013-08-18,08:41:33,0.8,11.199934217664932,25.33333333333333
2013-08-18,08:46:33,0.5,11.199951171875,0.4
2013-08-18,08:51:33,0.5666666666666667,10.599950154622395,0.6666666666666666
2013-08-18,08:56:33,0.4666666666666666,9.599923027886287,0
2013-08-18,09:01:33,0.6333333333333333,11.93327162000868,9.266666666666667
2013-08-18,09:06:33,0.4666666666666666,18.866602579752602,0
2013-08-18,09:11:33,0.8,10.933269924587673,25.466666666666665
2013-08-18,09:16:33,1.1,13.933291965060764,17.333333333333332
2013-08-18,09:21:33,0.6,11.66658189561632,0.5333333333333333
2013-08-18,09:26:33,0.4666666666666666,9.399948120117188,0
2013-08-18,09:31:33,0.7,9.199947781032984,6.7333333333333325
2013-08-18,09:36:33,0.5666666666666667,17.73328993055556,0
2013-08-18,09:41:33,0.7666666666666667,11.666598849826391,25.466666666666665
2013-08-18,09:46:33,0.5666666666666667,9.399922688802082,1.0
2013-08-18,09:51:33,0.4666666666666666,8.19991217719184,0
2013-08-18,09:56:33,0.5,9.799931844075521,0.9333333333333332
2013-08-18,10:01:33,0.6333333333333333,10.533252292209204,9.333333333333334
2013-08-18,10:06:33,0.4666666666666666,16.866624620225693,0
2013-08-18,10:11:34,0.8333333333333333,10.666622585720486,25.4
2013-08-18,10:16:34,1.1666666666666667,11.866590711805557,17.933333333333334
2013-08-18,10:21:34,0.5666666666666667,8.333265516493057,0
2013-08-18,10:26:34,0.4,7.3332553439670125,0
2013-08-18,10:31:34,0.6666666666666667,11.933280097113713,6.7333333333333325
2013-08-18,10:36:34,0.5666666666666667,16.86659071180556,0
2013-08-18,10:41:34,0.7333333333333333,11.866616143120662,25.53333333333333
2013-08-18,10:46:34,0.5,11.866582234700521,1.0
2013-08-18,10:51:34,0.5333333333333333,9.799923366970486,0
2013-08-18,10:56:34,0.43333333333333335,7.666609022352429,0
2013-08-18,11:01:34,0.6666666666666667,13.06661817762587,9.333333333333334
2013-08-18,11:06:34,0.5333333333333333,19.399905734592014,0
2013-08-18,11:11:34,0.7666666666666667,11.466606987847221,26.33333333333333
2013-08-18,11:16:34,1.1,12.466591729058159,18.0
2013-08-18,11:21:34,0.6,10.199915568033854,0
2013-08-18,11:26:34,0.43333333333333335,10.333260430230034,0
2013-08-18,11:31:34,0.6666666666666667,10.066604614257812,6.7333333333333325
2013-08-18,11:36:34,0.5666666666666667,16.199908786349823,0
2013-08-18,11:41:34,0.7333333333333333,10.466596815321182,25.4
2013-08-18,11:46:34,0.5666666666666667,11.06657240125868,1.0
2013-08-18,11:51:34,0.4666666666666666,10.066587660047745,0
2013-08-18,11:56:34,0.43333333333333335,8.39996337890625,0.7333333333333333
2013-08-18,12:01:34,16.766666666666666,17.46659172905816,8.6
2013-08-18,12:06:34,16.433333333333334,62.19994439019098,17.866666666666667
2013-08-18,12:11:34,0.8333333333333333,28.466567993164066,25.86666666666667
2013-08-18,12:16:34,1.2,16.933271620008675,18.4
2013-08-18,12:21:34,0.6,12.39993625217014,0
2013-08-18,12:26:34,0.4666666666666666,10.199932522243925,0
2013-08-18,12:31:34,0.6,10.46661376953125,6.8
2013-08-18,12:36:34,0.5333333333333333,18.99994744194878,0
2013-08-18,12:41:34,0.7,11.79994371202257,24.466666666666665
2013-08-18,12:46:34,0.6,10.999959309895834,1.9333333333333331
2013-08-18,12:51:34,0.4,9.39993964301215,0
2013-08-18,12:56:34,0.5,8.99993896484375,0.8666666666666667
2013-08-18,13:01:34,0.7,9.7332763671875,8.4
2013-08-18,13:06:34,0.5666666666666667,16.799943712022568,0
2013-08-18,13:11:34,0.7666666666666667,10.999925401475693,25.33333333333333
2013-08-18,13:16:34,0.9666666666666668,12.199944390190971,17.066666666666666
2013-08-18,13:21:34,0.6333333333333333,9.666595458984375,0.8666666666666667
2013-08-18,13:26:34,0.4666666666666666,8.266610039605036,0
2013-08-18,13:31:34,0.5666666666666667,10.99993387858073,6.8
2013-08-18,13:36:34,0.5,20.599967108832463,0
2013-08-18,13:41:34,0.7,13.59994676378038,25.266666666666666
2013-08-18,13:46:34,0.6,10.799933539496525,2.066666666666667
2013-08-18,13:51:34,0.33333333333333337,9.599939982096355,0
2013-08-18,13:56:34,0.4666666666666666,8.866619533962671,1.0666666666666669
2013-08-18,14:01:34,0.6666666666666667,10.799942016601562,8.266666666666667
2013-08-18,14:06:35,0.4666666666666666,17.199969821506077,0
2013-08-18,14:11:35,0.8333333333333333,10.999925401475693,25.53333333333333
2013-08-18,14:16:35,1.0666666666666669,12.466600206163193,18.0
2013-08-18,14:21:35,0.6,12.733264499240448,0
2013-08-18,14:26:35,0.4666666666666666,9.866587320963543,0
2013-08-18,14:31:35,0.5666666666666667,8.866611056857641,6.7333333333333325
2013-08-18,14:36:35,0.5333333333333333,17.666609022352432,0
2013-08-18,14:41:35,0.7,10.866589016384546,25.6
2013-08-18,14:46:35,0.6,10.399949815538195,1.0666666666666669
2013-08-18,14:51:35,0.4,9.266594780815971,0
2013-08-18,14:56:35,0.43333333333333335,8.066584269205729,1.4
2013-08-18,15:01:35,0.6666666666666667,12.799936930338543,7.933333333333334
2013-08-18,15:06:35,3.466666666666667,23.533248901367188,0.06666666666666668
2013-08-18,15:11:35,1.9,33.133273654513886,25.86666666666667
2013-08-18,15:16:35,1.1666666666666667,20.866597493489582,18.266666666666666
2013-08-18,15:21:35,0.6333333333333333,15.666597154405379,0
2013-08-18,15:26:35,0.43333333333333335,11.7999267578125,0
2013-08-18,15:31:35,0.5666666666666667,10.666614108615454,6.7333333333333325
2013-08-18,15:36:35,0.5,16.599909464518227,0
2013-08-18,15:41:35,0.6333333333333333,11.399943033854166,23.8
2013-08-18,15:46:35,0.6333333333333333,10.399907430013021,3.733333333333333
2013-08-18,15:51:35,0.4666666666666666,11.599909464518229,0.2
2013-08-18,15:56:35,0.43333333333333335,9.799957275390625,1.7333333333333334
2013-08-18,16:01:35,19.2,17.1999274359809,10.333333333333334
2013-08-18,16:06:35,23.133333333333336,61.39996846516927,18.133333333333333
2013-08-18,16:11:35,3.4,27.799962361653645,30.53333333333333
2013-08-18,16:16:36,3.566666666666667,12.999903361002604,53.6
2013-08-18,16:21:36,3.5,11.399943033854166,0.13333333333333333
2013-08-18,16:26:36,3.4,10.599924723307291,0.2
2013-08-18,16:31:36,4.233333333333333,10.133251614040796,6.933333333333334
2013-08-18,16:36:36,4.333333333333333,18.599955240885414,1.5333333333333334
2013-08-18,16:41:36,3.5,15.19996643066406,34.73333333333333
2013-08-18,16:46:36,3.1,11.99994405110677,32.8
2013-08-18,16:51:36,3.466666666666667,10.99993387858073,0.06666666666666668
2013-08-18,16:56:36,3.4,8.599955240885416,2.066666666666667
2013-08-18,17:01:35,4.733333333333333,11.733296712239582,9.6
2013-08-18,17:06:35,4.433333333333334,17.399978637695312,0.13333333333333333
2013-08-18,17:11:35,3.4,13.19994608561198,31.86666666666667
2013-08-18,17:16:35,3.7,13.599929809570312,52.46666666666667
2013-08-18,17:21:35,3.533333333333333,15.599924723307293,0.06666666666666668
2013-08-18,17:26:35,3.433333333333333,10.99993387858073,0.06666666666666668
2013-08-18,17:31:35,4.233333333333333,9.999949137369791,6.866666666666666
2013-08-18,17:36:35,4.6,17.399953206380207,1.4666666666666666
2013-08-18,17:41:35,3.333333333333333,10.799916585286457,30.86666666666667
2013-08-18,17:46:35,3.066666666666667,10.599950154622395,36.4
2013-08-18,17:51:35,3.466666666666667,12.399927775065105,0.13333333333333333
2013-08-18,17:56:35,3.4,9.199939303927952,2.2
2013-08-18,18:01:36,4.866666666666667,14.53326755099826,7.933333333333334
2013-08-18,18:06:36,4.5,20.399958292643227,1.5333333333333334
2013-08-18,18:11:36,3.3,12.599919637044271,33.333333333333336
2013-08-18,18:16:36,3.566666666666667,13.066601223415796,50.4
2013-08-18,18:21:36,3.633333333333333,16.133261786566838,0.4666666666666667
2013-08-18,18:26:36,3.3666666666666667,12.533272637261286,0.06666666666666668
2013-08-18,18:31:36,4.2,11.599892510308159,6.866666666666666
2013-08-18,18:36:36,5.466666666666666,16.866582234700523,1.6
2013-08-18,18:41:36,4.033333333333333,30.933269924587663,38.06666666666667
2013-08-18,18:46:36,3.166666666666667,18.866636488172748,29.4
2013-08-18,18:51:36,3.5,13.533274332682291,0.13333333333333333
2013-08-18,18:56:36,3.333333333333333,9.799914889865454,2.2666666666666666
2013-08-18,19:01:36,4.8,10.533252292209204,7.8
2013-08-18,19:06:36,4.5,17.2666252983941,1.4666666666666666
2013-08-18,19:11:36,3.3666666666666667,11.533262464735243,31.66666666666667
2013-08-18,19:16:36,3.733333333333333,9.19992234971788,52.66666666666666
2013-08-18,19:21:36,3.566666666666667,12.933264838324652,0.2
2013-08-18,19:26:36,3.3666666666666667,10.066613091362846,0.06666666666666668
2013-08-18,19:31:36,4.166666666666667,11.199942694769964,6.933333333333334
2013-08-18,19:36:36,4.566666666666666,19.33328416612413,1.4666666666666666
2013-08-18,19:41:36,3.266666666666667,13.19994608561198,31.13333333333333
2013-08-18,19:46:36,3.2,10.53326924641927,36.13333333333333
2013-08-18,19:51:36,3.466666666666667,10.599933200412327,0.06666666666666668
2013-08-18,19:56:36,3.266666666666667,9.066585964626737,2.533333333333333
2013-08-18,20:01:36,14.866666666666667,14.93325975206163,7.533333333333332
2013-08-18,20:06:36,27.866666666666664,59.799923366970475,19.53333333333333
2013-08-18,20:11:36,3.4,31.199908786349834,33.266666666666666
2013-08-18,20:16:36,3.8,17.799979315863713,51.0
2013-08-18,20:21:36,3.566666666666667,13.266576131184896,0.13333333333333333
2013-08-18,20:26:36,3.433333333333333,9.066585964626737,0.06666666666666668
2013-08-18,20:31:36,4.233333333333333,9.133266872829859,6.866666666666666
2013-08-18,20:36:36,4.633333333333333,17.066616482204864,1.5333333333333334
2013-08-18,20:41:36,3.233333333333333,13.399912516276041,32.06666666666667
2013-08-18,20:46:36,3.333333333333333,9.866604275173609,35.333333333333336
2013-08-18,20:51:36,3.4,13.199963039822048,0.06666666666666668
2013-08-18,20:56:36,3.3,8.466610378689234,1.9333333333333331
2013-08-18,21:01:36,4.9,11.733271280924479,8.4
2013-08-18,21:06:36,4.566666666666666,19.59991455078125,1.6666666666666667
2013-08-18,21:11:36,3.4,12.333255343967016,32.266666666666666
2013-08-18,21:16:36,3.8,12.333263821072048,51.86666666666667
2013-08-18,21:21:36,3.533333333333333,13.466610378689236,0.06666666666666668
2013-08-18,21:26:36,3.466666666666667,10.266604953342016,0.13333333333333333
2013-08-18,21:31:36,4.733333333333333,10.73324415418837,8.4
2013-08-18,21:36:36,4.066666666666666,17.466634114583336,0.13333333333333333
2013-08-18,21:41:36,1.1666666666666667,16.199925740559895,21.66666666666667
2013-08-18,21:46:36,0.8666666666666667,12.399944729275171,30.466666666666665
2013-08-18,21:51:36,0.5333333333333333,7.999928792317708,10.6
2013-08-18,21:56:36,0.36666666666666653,7.266574435763888,2.533333333333333
2013-08-18,22:01:36,1.5,10.799925062391493,7.2
2013-08-18,22:06:36,0.7333333333333333,19.26661173502604,0.8666666666666667
2013-08-18,22:11:36,0.7666666666666667,10.599950154622395,31.73333333333333
2013-08-18,22:16:36,1.4,8.933283487955729,51.53333333333333
2013-08-18,22:21:37,0.43333333333333335,12.399927775065105,0
2013-08-18,22:26:36,0.33333333333333337,12.06656561957465,0
2013-08-18,22:31:37,1.1666666666666667,11.266589694552952,6.7333333333333325
2013-08-18,22:36:37,0.8,16.933297051323784,0.8666666666666667
2013-08-18,22:41:37,0.5333333333333333,10.399924384223088,21.133333333333333
2013-08-18,22:46:37,0.8666666666666667,7.866583930121526,31.0
2013-08-18,22:51:37,0.6333333333333333,7.8665924072265625,13.6
2013-08-18,22:56:37,0.36666666666666653,8.133265177408854,2.533333333333333
2013-08-18,23:01:37,1.5,11.199934217664932,7.2
2013-08-18,23:06:37,0.7333333333333333,19.599923027886287,0.9333333333333332
2013-08-18,23:11:37,0.6,12.199918958875868,17.733333333333334
2013-08-18,23:16:37,1.4,11.199968126085068,61.86666666666667
2013-08-18,23:21:37,0.8,12.533289591471355,3.733333333333333
2013-08-18,23:26:37,0.36666666666666653,10.266613430447046,0
2013-08-18,23:31:37,1.2,11.733262803819443,6.7333333333333325
2013-08-18,23:36:37,0.8,22.199927435980907,0.8666666666666667
2013-08-18,23:41:37,0.5666666666666667,11.466623942057291,28.4
2013-08-18,23:46:37,1.0,8.733274671766493,38.333333333333336
2013-08-18,23:51:37,0.4666666666666666,10.333243476019964,0
2013-08-18,23:56:37,24.1,27.13327195909288,2.2666666666666666
2013-08-19,00:01:37,56.96666666666667,53.733266194661454,8.533333333333333
2013-08-19,00:06:37,87.7,63.53325737847221,0.9333333333333332
2013-08-19,00:11:37,54.26666666666667,55.799925062391495,7.333333333333332
2013-08-19,00:16:37,10.266666666666667,40.06662156846787,40.13333333333333
2013-08-19,00:21:37,10.333333333333332,28.06661817762587,53.66666666666666
2013-08-19,00:26:37,0.5,17.066624959309895,0
2013-08-19,00:31:37,1.1333333333333333,10.066570705837673,6.7333333333333325
2013-08-19,00:36:37,0.7666666666666667,10.73324415418837,0.9333333333333332
2013-08-19,00:41:37,0.7,11.266589694552952,22.93333333333333
2013-08-19,00:46:37,0.8,8.666602240668402,38.53333333333333
2013-08-19,00:51:37,0.4666666666666666,8.466593424479168,4.933333333333334
2013-08-19,00:56:37,0.4,9.466603597005207,2.533333333333333
2013-08-19,01:01:38,1.4,8.59993828667535,7.2
2013-08-19,01:06:38,0.6,11.199951171875,0.9333333333333332
2013-08-19,01:11:38,0.8666666666666667,11.799977620442709,32.333333333333336
2013-08-19,01:16:38,1.3666666666666665,15.199940999348957,50.13333333333333
2013-08-19,01:21:38,0.6,10.799942016601562,0.8666666666666667
2013-08-19,01:26:38,0.4,7.999928792317708,0
2013-08-19,01:31:38,2.733333333333333,8.599904378255207,7.7333333333333325
2013-08-19,01:36:38,11.166666666666668,20.99993387858073,84.2
2013-08-19,01:41:38,3.8666666666666663,30.799916585286457,100.0
2013-08-19,01:46:38,1.8666666666666665,16.399943033854168,54.73333333333333
2013-08-19,01:51:39,0.6,12.399927775065105,21.6
2013-08-19,01:56:39,0.5333333333333333,8.799921671549479,100.0
2013-08-19,02:01:39,9.333333333333334,13.333282470703125,6.866666666666666
2013-08-19,02:06:39,19.966666666666672,50.06660461425781,18.0
2013-08-19,02:11:40,0.9666666666666668,22.399953206380207,26.266666666666666
2013-08-19,02:16:41,1.3333333333333337,13.2666015625,50.06666666666667
2013-08-19,02:21:41,0.5666666666666667,11.199951171875,0
2013-08-19,02:26:41,0.36666666666666653,8.133265177408854,0
2013-08-19,02:31:41,3.2,22.399936252170143,6.8
2013-08-19,02:36:41,0.7666666666666667,44.73325093587239,0.9333333333333332
2013-08-19,02:41:41,0.8666666666666667,17.266599867078995,35.266666666666666
2013-08-19,02:46:41,0.9,12.066624959309896,29.266666666666666
2013-08-19,02:51:41,0.4666666666666666,9.999940660264755,0
2013-08-19,02:56:41,0.4666666666666666,9.399948120117188,2.533333333333333
2013-08-19,03:01:41,1.3666666666666665,9.399905734592016,7.2
2013-08-19,03:06:41,0.7666666666666667,9.53329298231337,0.9333333333333332
2013-08-19,03:11:41,0.8333333333333333,11.866624620225693,27.066666666666666
2013-08-19,03:16:41,1.3333333333333337,11.799935234917532,49.13333333333333
2013-08-19,03:21:41,0.6,10.73324415418837,0.6666666666666666
2013-08-19,03:26:41,0.36666666666666653,7.9999033610026045,0
2013-08-19,03:31:41,1.2333333333333334,8.666576809353298,6.8
2013-08-19,03:36:41,0.8,10.333277384440104,0.9333333333333332
2013-08-19,03:41:41,0.6,11.933254665798609,18.2
2013-08-19,03:46:41,0.7333333333333333,10.066604614257812,20.733333333333334
2013-08-19,03:51:41,0.6,9.266611735026043,16.733333333333334
2013-08-19,03:56:41,0.6,10.866605970594618,7.933333333333334
2013-08-19,04:01:41,1.4333333333333331,9.999940660264755,7.066666666666666
2013-08-19,04:06:41,0.7666666666666667,9.066594441731771,0.9333333333333332
2013-08-19,04:11:41,0.6333333333333333,10.53326924641927,2.0
2013-08-19,04:16:41,1.0,10.199940999348959,15.333333333333336
2013-08-19,04:21:41,0.6,8.266626993815104,3.2
2013-08-19,04:26:41,0.6,7.666583591037328,1.1333333333333333
2013-08-19,04:31:41,1.2333333333333334,8.133231268988714,7.333333333333332
2013-08-19,04:36:41,0.7666666666666667,9.466595119900171,0.9333333333333332
2013-08-19,04:41:41,0.5,8.933266533745659,1.5333333333333334
2013-08-19,04:46:41,0.6666666666666667,8.066601223415796,1.4666666666666666
2013-08-19,04:51:41,0.4666666666666666,10.133251614040796,1.0
2013-08-19,04:56:41,0.5666666666666667,10.066579182942709,3.0
2013-08-19,05:01:41,1.4,10.133268568250868,8.866666666666667
2013-08-19,05:06:41,0.8,11.466564602322048,3.6
2013-08-19,05:11:42,0.6666666666666667,8.933283487955729,0.6666666666666666
2013-08-19,05:16:42,0.9666666666666668,10.333268907335068,12.533333333333333
2013-08-19,05:21:42,0.5666666666666667,10.39995829264323,0.26666666666666666
2013-08-19,05:26:42,0.4,7.733256022135417,0
2013-08-19,05:31:42,1.2666666666666666,8.066592746310764,6.8
2013-08-19,05:36:42,0.7666666666666667,9.933285183376737,0.9333333333333332
2013-08-19,05:41:42,0.5,9.199930826822916,1.8666666666666667
2013-08-19,05:46:42,0.7,9.799931844075521,4.066666666666666
2013-08-19,05:51:42,0.4666666666666666,11.599909464518229,5.133333333333334
2013-08-19,05:56:42,0.7,8.399937947591146,6.866666666666666
2013-08-19,06:01:42,1.6333333333333335,7.9999033610026045,13.2
2013-08-19,06:06:42,0.5666666666666667,9.799957275390625,4.733333333333333
2013-08-19,06:11:42,0.6666666666666667,9.399948120117188,5.4
2013-08-19,06:16:42,0.9333333333333332,11.399917602539062,14.333333333333336
2013-08-19,06:21:42,0.5333333333333333,9.199930826822916,0.3333333333333333
2013-08-19,06:26:42,0.4666666666666666,11.3999260796441,0
2013-08-19,06:31:42,1.3333333333333337,9.799906412760418,7.7333333333333325
2013-08-19,06:36:42,0.6,9.999923706054688,0
2013-08-19,06:41:42,0.6,12.199935913085938,9.6
2013-08-19,06:46:42,0.8,10.599924723307291,15.333333333333336
2013-08-19,06:51:42,0.6666666666666667,8.06661817762587,21.066666666666666
2013-08-19,06:56:42,0.7,9.399922688802082,14.533333333333333
2013-08-19,07:01:42,1.4,10.466579861111112,7.133333333333334
2013-08-19,07:06:42,0.7,11.199951171875,0.6
2013-08-19,07:11:42,0.7333333333333333,11.7999267578125,13.933333333333335
2013-08-19,07:16:42,1.1666666666666667,12.39990234375,34.266666666666666
2013-08-19,07:21:42,0.6666666666666667,10.399907430013021,13.2
2013-08-19,07:26:42,0.5666666666666667,10.933252970377605,9.2
2013-08-19,07:31:42,1.3,9.199930826822916,6.8
2013-08-19,07:36:42,0.7,9.999898274739582,0.8666666666666667
2013-08-19,07:41:42,0.7,9.399948120117188,21.466666666666665
2013-08-19,07:46:42,0.7333333333333333,10.599924723307291,20.733333333333334
2013-08-19,07:51:42,0.6,8.399937947591146,18.866666666666667
2013-08-19,07:56:42,0.6,9.999949137369791,2.533333333333333
2013-08-19,08:01:42,22.6,16.399909125434025,7.133333333333334
2013-08-19,08:06:42,11.6,54.99992370605469,19.2
2013-08-19,08:11:42,0.7666666666666667,22.59997049967448,16.866666666666667
2013-08-19,08:16:43,1.0666666666666669,12.999954223632812,34.0
2013-08-19,08:21:43,0.8333333333333333,12.599970499674479,22.13333333333333
2013-08-19,08:26:43,0.4666666666666666,10.599950154622395,0
2013-08-19,08:31:43,1.2666666666666666,9.066602918836807,6.7333333333333325
2013-08-19,08:36:43,0.7333333333333333,12.599945068359375,0.9333333333333332
2013-08-19,08:41:43,0.6,11.799977620442709,12.8
2013-08-19,08:46:43,0.7333333333333333,9.666603936089409,13.733333333333333
2013-08-19,08:51:43,0.7333333333333333,9.799957275390625,29.13333333333333
2013-08-19,08:56:43,0.6333333333333333,11.99994405110677,3.6666666666666665
2013-08-19,09:01:43,1.5666666666666669,10.599907769097221,7.2666666666666675
2013-08-19,09:06:43,1.0666666666666669,13.799947102864582,2.8666666666666667
2013-08-19,09:11:43,0.7,11.533262464735243,4.0
2013-08-19,09:16:43,1.1,13.599955240885416,15.4
2013-08-19,09:21:43,0.9333333333333332,10.599924723307291,5.266666666666667
2013-08-19,09:26:43,0.6,9.999915228949654,2.933333333333333
2013-08-19,09:31:43,1.4,10.266571044921875,10.133333333333333
2013-08-19,09:36:43,0.7666666666666667,10.799908108181421,2.933333333333333
2013-08-19,09:41:43,0.5666666666666667,8.599921332465279,2.533333333333333
2013-08-19,09:46:43,0.7,9.999949137369791,3.533333333333333
2013-08-19,09:51:43,0.36666666666666653,10.599933200412327,0
2013-08-19,09:56:43,0.5333333333333333,10.533252292209204,3.466666666666667
2013-08-19,10:01:43,1.4,9.733267890082466,7.2
2013-08-19,10:06:43,0.6,9.866595798068577,0.9333333333333332
2013-08-19,10:11:44,0.6666666666666667,9.733267890082466,2.6
2013-08-19,10:16:44,1.0333333333333332,10.533286200629338,16.066666666666666
2013-08-19,10:21:44,0.5333333333333333,8.99992201063368,1.6
2013-08-19,10:26:44,0.5,9.599931504991318,2.066666666666667
2013-08-19,10:31:44,1.3666666666666665,9.999966091579859,9.133333333333333
2013-08-19,10:36:44,0.7666666666666667,10.466579861111112,3.333333333333333
2013-08-19,10:41:44,0.5,8.933258056640625,1.4666666666666666
2013-08-19,10:46:44,0.6666666666666667,7.866626315646701,1.5333333333333334
2013-08-19,10:51:44,0.33333333333333337,10.466596815321182,0
2013-08-19,10:56:44,0.5333333333333333,8.199920654296875,2.6
2013-08-19,11:01:44,1.5,12.599953545464409,8.2
2013-08-19,11:06:44,0.6,9.866595798068577,2.333333333333333
2013-08-19,11:11:44,0.6,8.133256700303818,1.4666666666666666
2013-08-19,11:16:44,1.0,9.666578504774305,14.4
2013-08-19,11:21:44,0.5666666666666667,10.333260430230034,2.466666666666667
2013-08-19,11:26:44,0.6,9.466620551215279,1.9333333333333331
2013-08-19,11:31:44,1.3666666666666665,7.066591050889756,8.6
2013-08-19,11:36:44,0.7333333333333333,10.199915568033854,3.8
2013-08-19,11:41:44,0.5,10.99993387858073,2.533333333333333
2013-08-19,11:46:44,0.5666666666666667,9.333267211914062,0.8
2013-08-19,11:51:44,0.36666666666666653,8.79993862575955,0
2013-08-19,11:56:44,0.5666666666666667,8.199937608506943,3.2
2013-08-19,12:01:44,24.1,18.266626993815105,7.7333333333333325
2013-08-19,12:06:44,10.633333333333333,52.999937269422745,19.4
2013-08-19,12:11:44,0.7666666666666667,22.999945746527775,2.8
2013-08-19,12:16:44,1.1666666666666667,14.466595119900171,16.4
2013-08-19,12:21:44,0.6666666666666667,12.39993625217014,3.8
2013-08-19,12:26:44,0.6,10.53326924641927,24.266666666666666
2013-08-19,12:31:44,1.5,10.199932522243925,31.73333333333333
2013-08-19,12:36:44,0.8666666666666667,10.999916924370662,4.6
2013-08-19,12:41:44,0.6333333333333333,9.133241441514755,5.2
2013-08-19,12:46:44,0.7,9.599939982096355,4.0
2013-08-19,12:51:44,0.5666666666666667,11.199934217664932,2.4
2013-08-19,12:56:44,3.766666666666667,13.666602240668405,4.333333333333333
2013-08-19,13:01:44,1.8,27.866617838541668,9.466666666666667
2013-08-19,13:06:44,6.666666666666666,18.399937947591148,4.6
2013-08-19,13:11:44,0.9,12.266582912868921,27.33333333333333
2013-08-19,13:16:44,3.233333333333333,12.666583591037325,29.93333333333333
2013-08-19,13:21:44,0.7666666666666667,12.666600545247395,12.466666666666667
2013-08-19,13:26:44,0.8,12.13327195909288,12.466666666666667
2013-08-19,13:31:44,1.6,11.999935574001734,18.2
2013-08-19,13:36:44,1.0333333333333332,16.933280097113713,2.533333333333333
2013-08-19,13:41:44,1.6333333333333335,10.733278062608505,12.866666666666667
2013-08-19,13:46:44,0.9333333333333332,11.333279079861112,17.866666666666667
2013-08-19,13:51:44,0.7333333333333333,11.133253309461805,14.666666666666664
2013-08-19,13:56:44,2.466666666666667,8.799921671549479,20.2
2013-08-19,14:01:44,2.033333333333333,15.26660495334201,12.666666666666664
2013-08-19,14:06:44,1.6666666666666663,20.266621907552086,3.4
2013-08-19,14:11:45,1.0333333333333332,13.199963039822048,18.133333333333333
2013-08-19,14:16:45,1.2333333333333334,11.866607666015625,32.73333333333333
2013-08-19,14:21:45,0.8666666666666667,10.53326924641927,13.533333333333333
2013-08-19,14:26:45,1.1,10.133243136935764,13.6
2013-08-19,14:31:45,3.6,11.066614786783854,8.0
2013-08-19,14:36:45,2.933333333333333,14.266603257921004,2.066666666666667
2013-08-19,14:41:45,0.8333333333333333,12.133280436197918,12.866666666666667
2013-08-19,14:46:45,0.9666666666666668,11.533279418945312,22.0
2013-08-19,14:51:45,2.566666666666667,9.7332763671875,28.33333333333333
2013-08-19,14:56:45,0.7666666666666667,10.99993387858073,5.0
2013-08-19,15:01:45,1.7,11.533279418945312,9.666666666666666
2013-08-19,15:06:45,4.8,19.53329298231337,3.533333333333333
2013-08-19,15:11:45,1.3666666666666665,26.399959988064232,21.266666666666666
2013-08-19,15:16:45,1.3666666666666665,16.93328857421875,36.93333333333333
2013-08-19,15:21:45,1.1,11.866590711805557,22.66666666666667
2013-08-19,15:26:45,3.3666666666666667,13.399946424696177,2.066666666666667
2013-08-19,15:31:45,3.4,14.266628689236107,8.666666666666666
2013-08-19,15:36:45,4.4,16.599985758463543,3.6
2013-08-19,15:41:45,4.333333333333333,15.33328586154514,18.066666666666666
2013-08-19,15:46:45,4.133333333333333,14.933276706271698,23.8
2013-08-19,15:51:45,3.933333333333333,10.266579522026912,22.73333333333333
2013-08-19,15:56:45,4.066666666666666,10.266604953342016,3.6666666666666665
2013-08-19,16:01:45,22.73333333333333,17.199935913085938,8.8
2013-08-19,16:06:45,18.7,53.86661105685765,20.133333333333333
2013-08-19,16:11:45,3.933333333333333,24.13330078125,12.8
2013-08-19,16:16:45,4.233333333333333,15.866589016384546,31.53333333333333
2013-08-19,16:21:45,4.1,16.466623942057293,15.933333333333335
2013-08-19,16:26:45,3.8666666666666663,13.13328213161892,15.6
2013-08-19,16:31:45,4.666666666666667,9.799906412760418,8.0
2013-08-19,16:36:45,4.033333333333333,10.466605292426214,0.8
2013-08-19,16:41:45,3.5,14.79993184407552,12.866666666666667
2013-08-19,16:46:45,2.533333333333333,12.133288913302952,15.333333333333336
2013-08-19,16:51:46,5.366666666666666,16.33327907986111,49.13333333333333
2013-08-19,16:56:46,5.0,17.666600545247395,19.6
2013-08-19,17:01:46,3.2,15.066604614257814,8.2
2013-08-19,17:06:46,2.6333333333333333,12.999920315212673,3.333333333333333
2013-08-19,17:11:46,2.4333333333333336,13.266584608289932,6.2666666666666675
2013-08-19,17:16:46,3.266666666666667,11.93327162000868,41.0
2013-08-19,17:21:46,4.133333333333333,12.066591050889757,8.0
2013-08-19,17:26:46,6.033333333333334,14.666620890299479,20.733333333333334
2013-08-19,17:31:46,4.833333333333333,16.733271280924477,24.33333333333333
2013-08-19,17:36:46,4.5,13.8665771484375,11.333333333333336
2013-08-19,17:41:46,4.2,16.999944051106773,9.6
2013-08-19,17:46:46,4.066666666666666,10.799916585286457,12.066666666666665
2013-08-19,17:51:46,4.3,12.199910481770832,12.333333333333336
2013-08-19,17:56:46,4.433333333333334,15.599924723307293,25.66666666666667
2013-08-19,18:01:46,4.966666666666667,11.599934895833334,10.933333333333335
2013-08-19,18:06:46,40.3,15.99993387858073,12.066666666666665
2013-08-19,18:11:46,67.46666666666667,15.799967447916666,24.8
2013-08-19,18:16:46,69.43333333333334,13.933258056640627,45.26666666666666
2013-08-19,18:21:46,69.6,14.266586303710938,25.8
2013-08-19,18:26:46,68.53333333333333,15.666614108615448,12.0
2013-08-19,18:31:46,59.93333333333333,13.999922010633684,15.533333333333333
2013-08-19,18:36:46,10.266666666666667,16.7999267578125,3.066666666666667
2013-08-19,18:41:46,4.333333333333333,13.99993896484375,12.8
2013-08-19,18:46:46,3.166666666666667,14.79998270670573,18.0
2013-08-19,18:51:46,3.233333333333333,11.99994405110677,22.53333333333333
2013-08-19,18:56:46,3.1333333333333333,11.266615125868055,19.733333333333334
2013-08-19,19:01:46,5.033333333333333,12.799936930338543,11.533333333333333
2013-08-19,19:06:46,2.8666666666666667,12.599919637044271,1.4666666666666666
2013-08-19,19:11:46,4.633333333333333,12.199935913085938,21.266666666666666
2013-08-19,19:16:46,5.566666666666666,16.199951171875,48.26666666666666
2013-08-19,19:21:46,4.866666666666667,14.999923706054688,10.733333333333333
2013-08-19,19:26:46,4.566666666666666,11.7999267578125,0.13333333333333333
2013-08-19,19:31:46,5.7,11.13324483235677,8.466666666666667
2013-08-19,19:36:47,6.366666666666666,12.399953206380209,1.3333333333333333
2013-08-19,19:41:47,5.966666666666666,12.599894205729168,23.13333333333333
2013-08-19,19:46:47,5.2,12.399927775065105,27.53333333333333
2013-08-19,19:51:47,5.1,11.399943033854166,15.333333333333336
2013-08-19,19:56:47,5.266666666666667,10.066613091362846,3.6
2013-08-19,20:01:47,28.8,18.533240424262157,7.933333333333334
2013-08-19,20:06:47,4.75,63.99993896484375,0
2013-08-19,20:11:47,4.033333333333333,46.266589694552955,22.66666666666667
2013-08-19,20:16:47,4.2,19.933285183376732,41.6
2013-08-19,20:21:47,4.133333333333333,13.466593424479168,16.0
2013-08-19,20:26:47,3.833333333333333,11.133278740776912,0.3333333333333333
2013-08-19,20:31:47,4.733333333333333,10.733278062608505,7.933333333333334
2013-08-19,20:36:47,4.266666666666667,11.866590711805557,1.2
2013-08-19,20:41:47,3.933333333333333,12.066591050889757,17.066666666666666
2013-08-19,20:46:47,3.833333333333333,11.133278740776912,31.2
2013-08-19,20:51:47,3.7,12.866609361436629,20.866666666666667
2013-08-19,20:56:47,4.1,10.133268568250868,5.133333333333334
2013-08-19,21:01:47,5.2,12.266608344184029,11.066666666666665
2013-08-19,21:06:47,4.2,12.133280436197918,3.0
2013-08-19,21:11:47,4.2,12.93328179253472,22.466666666666665
2013-08-19,21:16:47,4.233333333333333,14.066619873046873,54.73333333333333
2013-08-19,21:21:47,4.233333333333333,12.466583251953125,11.866666666666667
2013-08-19,21:26:47,4.633333333333333,8.266626993815104,2.533333333333333
2013-08-19,21:31:47,5.666666666666666,10.999916924370662,10.066666666666666
2013-08-19,21:36:47,5.0,13.333240085177952,3.333333333333333
2013-08-19,21:41:47,4.8,11.066623263888888,21.33333333333333
2013-08-19,21:46:47,4.733333333333333,12.266608344184029,31.0
2013-08-19,21:51:47,4.433333333333334,12.533281114366321,21.66666666666667
2013-08-19,21:56:47,5.1,13.333273993598088,6.533333333333332
2013-08-19,22:01:47,5.433333333333334,14.066619873046873,11.866666666666667
2013-08-19,22:06:48,35.96666666666667,12.799928453233509,7.0
2013-08-19,22:11:48,48.06666666666667,14.466578165690105,33.13333333333333
2013-08-19,22:16:48,4.466666666666667,14.666603936089412,55.33333333333334
2013-08-19,22:21:48,4.9,14.86663818359375,8.733333333333333
2013-08-19,22:26:48,4.666666666666667,25.466605292426216,2.6
2013-08-19,22:31:48,4.866666666666667,19.733250935872395,9.133333333333333
2013-08-19,22:36:48,4.7,20.93326144748264,3.1333333333333333
2013-08-19,22:41:48,4.166666666666667,14.733267890082463,30.53333333333333
2013-08-19,22:46:48,4.033333333333333,13.66661071777344,40.13333333333333
2013-08-19,22:51:48,4.366666666666667,12.73329840766059,5.7333333333333325
2013-08-19,22:56:48,5.033333333333333,14.266611735026041,4.466666666666667
2013-08-19,23:01:48,5.833333333333334,16.466615464952262,9.0
2013-08-19,23:06:48,4.833333333333333,18.39991251627604,2.066666666666667
2013-08-19,23:11:48,5.266666666666667,15.599933200412327,27.266666666666666
2013-08-19,23:16:48,6.133333333333334,23.933291965060764,58.53333333333333
2013-08-19,23:21:48,12.266666666666667,15.199940999348957,13.466666666666667
2013-08-19,23:26:48,9.966666666666667,15.399932861328125,21.86666666666667
2013-08-19,23:31:48,11.366666666666667,21.533262464735245,27.8
2013-08-19,23:36:48,11.4,24.199956258138023,19.666666666666668
2013-08-19,23:41:48,12.266666666666667,22.599945068359375,55.8
2013-08-19,23:46:48,7.1,18.599955240885414,54.93333333333333
2013-08-19,23:51:48,9.333333333333334,17.999954223632812,26.066666666666666
2013-08-19,23:56:48,9.466666666666667,14.199930826822918,23.2
2013-08-20,00:01:48,28.6,21.5999518500434,21.86666666666667
2013-08-20,00:06:48,26.23333333333333,61.59993489583333,42.333333333333336
2013-08-20,00:11:48,14.266666666666667,26.999944051106773,51.86666666666667
2013-08-20,00:16:48,10.566666666666668,17.399953206380207,80.73333333333333
2013-08-20,00:21:49,9.5,16.599909464518227,6.8
2013-08-20,00:26:49,7.666666666666666,12.599919637044271,0.3333333333333333
2013-08-20,00:31:49,16.666666666666668,13.999964396158854,21.53333333333333
2013-08-20,00:36:49,8.366666666666667,17.73328993055556,0.13333333333333333
2013-08-20,00:41:49,5.966666666666666,14.06661139594184,29.93333333333333
2013-08-20,00:46:49,10.033333333333333,13.266584608289932,57.2
2013-08-20,00:51:49,9.4,13.866619533962673,13.333333333333336
2013-08-20,00:56:48,6.866666666666666,13.533248901367188,4.266666666666667
2013-08-20,01:01:49,8.066666666666666,16.533262464735245,13.333333333333336
2013-08-20,01:06:49,9.866666666666667,24.133266872829857,12.8
2013-08-20,01:11:49,6.6,22.466625637478295,37.2
2013-08-20,01:16:49,8.066666666666666,18.133282131618923,68.2
2013-08-20,01:21:49,6.833333333333334,15.266587999131943,1.7333333333333334
2013-08-20,01:26:49,6.933333333333334,11.46658155653212,2.6
2013-08-20,01:31:49,9.4,12.733281453450521,17.0
2013-08-20,01:36:49,11.733333333333333,19.466620551215275,80.0
2013-08-20,01:41:49,11.733333333333333,21.133270263671875,100.0
2013-08-20,01:46:49,8.433333333333334,18.99994744194878,75.93333333333334
2013-08-20,01:51:49,6.966666666666666,13.93326653374566,22.93333333333333
2013-08-20,01:56:49,8.066666666666666,13.533308241102429,100.0
2013-08-20,02:01:49,31.0,21.599934895833332,16.2
2013-08-20,02:06:50,21.833333333333336,58.7332746717665,22.33333333333333
2013-08-20,02:11:50,7.0,22.199935913085938,42.46666666666667
2013-08-20,02:16:50,6.633333333333334,16.266623602973088,36.266666666666666
2013-08-20,02:21:50,8.1,13.799930148654513,5.0
2013-08-20,02:26:50,6.2,11.733262803819443,0.2
2013-08-20,02:31:50,7.566666666666666,11.999961005316841,7.866666666666666
2013-08-20,02:36:50,6.633333333333334,15.06659613715278,0.26666666666666666
2013-08-20,02:41:50,6.2,12.133280436197918,28.466666666666665
2013-08-20,02:46:50,6.166666666666666,14.39990573459201,27.66666666666667
2013-08-20,02:51:50,6.6,14.133241441514755,0.8
2013-08-20,02:56:50,6.7666666666666675,9.933251274956596,3.8
2013-08-20,03:01:50,10.366666666666667,31.133270263671875,0.5333333333333333
2013-08-20,03:06:50,51.66666666666667,93.13329060872397,0.9333333333333332
2013-08-20,03:11:50,45.1,68.59994676378037,0.06666666666666668
2013-08-20,03:16:50,13.066666666666668,50.93328687879776,1.2
2013-08-20,03:21:50,0.7,25.399941338433162,0.3333333333333333
2013-08-20,03:26:50,0.4,10.799942016601562,0
2013-08-20,03:31:50,1.6,8.199929131401912,6.7333333333333325
2013-08-20,03:36:50,1.1666666666666667,22.26663377549913,0
2013-08-20,03:41:50,0.5,12.999954223632812,0
2013-08-20,03:46:50,0.6666666666666667,9.399931165907118,1.5333333333333334
2013-08-20,03:51:50,0.5666666666666667,8.466601901584202,0
2013-08-20,03:56:50,0.4,6.733254326714409,0
2013-08-20,04:01:50,1.2666666666666666,7.4666086832682295,6.7333333333333325
2013-08-20,04:06:50,8.4,18.733274671766495,0.13333333333333333
2013-08-20,04:11:50,0.4666666666666666,10.799908108181421,0.06666666666666668
2013-08-20,04:16:50,0.43333333333333335,7.999928792317708,0.26666666666666666
2013-08-20,04:21:50,0.6333333333333333,5.933244493272569,1.1333333333333333
2013-08-20,04:26:50,0.36666666666666653,5.933269924587673,0
2013-08-20,04:31:51,1.0666666666666669,8.799904717339409,6.7333333333333325
2013-08-20,04:36:51,0.5333333333333333,16.33327907986111,0
2013-08-20,04:41:51,0.36666666666666653,9.866587320963543,0
2013-08-20,04:46:51,0.6,6.999935574001735,1.5333333333333334
2013-08-20,04:51:51,0.43333333333333335,9.266620212131079,0
2013-08-20,04:56:51,0.4,7.133280436197917,0
2013-08-20,05:01:51,1.0,10.466630723741318,6.7333333333333325
2013-08-20,05:06:51,0.4,18.13329060872396,0.13333333333333333
2013-08-20,05:11:51,0.5,10.399941338433159,0.06666666666666668
2013-08-20,05:16:51,0.33333333333333337,9.533276028103298,0.13333333333333333
2013-08-20,05:21:51,0.7666666666666667,10.53323533799913,1.3333333333333333
2013-08-20,05:26:51,0.36666666666666653,6.599900987413193,0
2013-08-20,05:31:51,1.1,8.199929131401912,6.7333333333333325
2013-08-20,05:36:51,0.5666666666666667,15.19994947645399,0
2013-08-20,05:41:51,0.36666666666666653,8.133273654513888,0
2013-08-20,05:46:51,0.5666666666666667,6.999969482421875,1.4666666666666666
2013-08-20,05:51:51,0.43333333333333335,6.933280097113716,0
2013-08-20,05:56:51,0.36666666666666653,9.666578504774305,0
2013-08-20,06:01:51,1.0666666666666669,7.999911838107641,6.8
2013-08-20,06:06:51,0.43333333333333335,12.933256361219616,0.13333333333333333
2013-08-20,06:11:51,0.4,8.59993828667535,0.06666666666666668
2013-08-20,06:16:51,0.36666666666666653,9.666603936089409,0.2
2013-08-20,06:21:51,0.6,8.2666015625,1.2666666666666666
2013-08-20,06:26:51,0.33333333333333337,6.333245171440971,0
2013-08-20,06:31:51,1.1,10.399924384223088,6.7333333333333325
2013-08-20,06:36:51,0.5,14.93325975206163,0
2013-08-20,06:41:51,0.33333333333333337,7.799928453233505,0
2013-08-20,06:46:51,0.6,7.9999033610026045,1.5333333333333334
2013-08-20,06:51:51,0.43333333333333335,9.399948120117188,0
2013-08-20,06:56:51,0.4,8.19994608561198,0
2013-08-20,07:01:51,1.0,8.799904717339409,6.8
2013-08-20,07:06:51,0.43333333333333335,16.599934895833332,0.13333333333333333
2013-08-20,07:11:51,0.4,9.799931844075521,0.06666666666666668
2013-08-20,07:16:51,0.36666666666666653,9.799906412760418,0.26666666666666666
2013-08-20,07:21:52,0.7,7.3999277750651045,1.1333333333333333
2013-08-20,07:26:52,0.43333333333333335,7.3999277750651045,0
2013-08-20,07:31:52,1.0666666666666669,9.599923027886287,6.7333333333333325
2013-08-20,07:36:52,0.5,14.999949137369791,0
2013-08-20,07:41:52,0.33333333333333337,8.599929809570312,0
2013-08-20,07:46:52,1.0,8.999964396158855,1.5333333333333334
2013-08-20,07:51:52,1.9,12.599970499674479,0
2013-08-20,07:56:52,2.3,18.99993896484375,0
2013-08-20,08:01:52,3.733333333333333,20.199940999348957,0.06666666666666668
2013-08-20,08:06:52,30.366666666666664,47.99992879231771,24.6
2013-08-20,08:11:52,0.43333333333333335,28.599929809570312,0.06666666666666668
2013-08-20,08:16:52,0.4666666666666666,9.599939982096355,0.13333333333333333
2013-08-20,08:21:52,0.7333333333333333,7.599945068359375,1.2666666666666666
2013-08-20,08:26:52,0.5666666666666667,7.86660936143663,0
2013-08-20,08:31:52,1.2,7.599970499674479,6.7333333333333325
2013-08-20,08:36:52,0.5333333333333333,8.599955240885416,0
2013-08-20,08:41:52,0.36666666666666653,6.599934895833333,0
2013-08-20,08:46:52,0.4666666666666666,6.933263142903646,0.4666666666666667
2013-08-20,08:51:52,0.7,8.799947102864584,1.1333333333333333
2013-08-20,08:56:52,4.9,9.999923706054688,0
2013-08-20,09:01:52,1.5333333333333334,26.399917602539062,6.933333333333334
2013-08-20,09:06:52,1.2666666666666666,19.399948120117188,0.4666666666666667
2013-08-20,09:11:52,0.6333333333333333,14.599939982096355,1.6
2013-08-20,09:16:52,0.7,10.99993387858073,2.6666666666666665
2013-08-20,09:21:52,0.7666666666666667,8.599929809570312,0.9333333333333332
2013-08-20,09:26:52,0.5333333333333333,6.1999257405598955,0.6
2013-08-20,09:31:52,4.866666666666667,10.866605970594618,10.733333333333333
2013-08-20,09:36:52,7.133333333333334,21.199951171875,9.666666666666666
2013-08-20,09:41:52,3.8,13.799947102864582,9.933333333333334
2013-08-20,09:46:52,3.3,10.199915568033854,11.0
2013-08-20,09:51:52,3.3666666666666667,7.799962361653646,16.6
2013-08-20,09:56:52,3.233333333333333,8.93324957953559,13.933333333333335
2013-08-20,10:01:52,4.466666666666667,12.999928792317709,10.866666666666667
2013-08-20,10:06:52,4.166666666666667,9.399897257486979,0.6
2013-08-20,10:11:52,4.0,9.599939982096355,4.266666666666667
2013-08-20,10:16:52,4.166666666666667,9.999949137369791,20.33333333333333
2013-08-20,10:21:52,4.166666666666667,11.799977620442709,10.533333333333333
2013-08-20,10:26:52,4.0,10.399932861328125,9.066666666666666
2013-08-20,10:31:52,4.6,10.266604953342016,15.333333333333336
2013-08-20,10:36:52,4.3,11.199925740559896,7.6
2013-08-20,10:41:52,3.833333333333333,10.999908447265625,7.0
2013-08-20,10:46:52,4.133333333333333,10.466596815321182,9.866666666666667
2013-08-20,10:51:52,4.166666666666667,12.466591729058159,10.133333333333333
2013-08-20,10:56:52,4.0,9.666586981879338,13.733333333333333
2013-08-20,11:01:52,4.9,10.46661376953125,11.866666666666667
2013-08-20,11:06:52,4.433333333333334,10.666597154405382,4.733333333333333
2013-08-20,11:11:52,4.066666666666666,9.933285183376737,4.666666666666667
2013-08-20,11:16:52,4.366666666666667,10.333251953125,26.066666666666666
2013-08-20,11:21:52,2.833333333333333,15.399924384223088,10.866666666666667
2013-08-20,11:26:52,0.7666666666666667,13.06661817762587,13.666666666666664
2013-08-20,11:31:52,1.5,10.133268568250868,15.866666666666667
2013-08-20,11:36:52,0.9,12.06661648220486,1.6
2013-08-20,11:41:52,0.7666666666666667,11.866607666015625,10.066666666666666
2013-08-20,11:46:52,1.0,9.466620551215279,14.0
2013-08-20,11:51:52,0.9,10.933278401692709,12.666666666666664
2013-08-20,11:56:52,0.8333333333333333,7.799936930338541,13.266666666666667
2013-08-20,12:01:52,22.3,18.533308241102432,10.533333333333333
2013-08-20,12:06:52,15.233333333333333,51.66659037272135,21.4
2013-08-20,12:11:52,0.9,22.133280436197918,8.133333333333333
2013-08-20,12:16:52,1.4666666666666666,11.733279758029514,27.73333333333333
2013-08-20,12:21:52,1.0,8.999913533528646,14.066666666666665
2013-08-20,12:26:52,1.1,8.733300103081596,15.533333333333333
2013-08-20,12:31:52,1.6666666666666663,8.999930487738713,9.133333333333333
2013-08-20,12:36:52,0.8,12.466583251953125,0.6666666666666666
2013-08-20,12:41:52,1.1666666666666667,9.999906751844618,11.6
2013-08-20,12:46:52,1.0,10.999925401475693,16.866666666666667
2013-08-20,12:51:52,1.0,7.66659206814236,24.66666666666667
2013-08-20,12:56:52,1.4,9.866587320963543,4.066666666666666
2013-08-20,13:01:53,1.6666666666666663,12.599919637044271,8.133333333333333
2013-08-20,13:06:53,1.1,11.399943033854166,2.1333333333333333
2013-08-20,13:11:53,8.4,9.399922688802082,19.466666666666665
2013-08-20,13:16:53,46.56666666666667,13.733257717556423,44.73333333333333
2013-08-20,13:22:03,1.3333333333333337,11.999927096896702,14.866666666666667
2013-08-20,13:27:03,1.5333333333333334,11.399943033854166,2.4
2013-08-20,13:32:04,1.7666666666666666,10.333277384440104,10.2
2013-08-20,13:37:04,1.0333333333333332,10.066579182942709,3.733333333333333
2013-08-20,13:42:04,8.533333333333333,10.733261108398438,21.4
2013-08-20,13:47:04,1.6666666666666663,9.666603936089409,27.53333333333333
2013-08-20,13:52:04,1.0333333333333332,10.066596137152777,15.666666666666664
2013-08-20,13:57:04,1.8333333333333333,10.333260430230034,4.933333333333334
2013-08-20,14:02:04,1.6333333333333335,9.133275349934895,9.466666666666667
2013-08-20,14:07:04,1.0666666666666669,10.066579182942709,4.4
2013-08-20,14:12:04,2.3,11.133261786566841,26.66666666666667
2013-08-20,14:17:04,1.7666666666666666,11.399943033854166,49.6
2013-08-20,14:22:04,0.9666666666666668,10.733278062608505,3.333333333333333
2013-08-20,14:27:04,0.8333333333333333,7.999937269422743,2.066666666666667
2013-08-20,14:32:04,1.8666666666666665,11.599951850043404,10.6
2013-08-20,14:37:04,1.1333333333333333,11.7999267578125,3.933333333333333
2013-08-20,14:42:04,1.0,12.533255683051218,25.0
2013-08-20,14:47:04,1.9,11.199951171875,34.86666666666667
2013-08-20,14:52:04,1.6666666666666663,10.533260769314234,1.3333333333333333
2013-08-20,14:57:04,1.9666666666666663,8.26658460828993,4.933333333333334
2013-08-20,15:02:04,2.466666666666667,12.13326348198785,17.066666666666666
2013-08-20,15:07:04,5.5,18.33325703938802,1.8
2013-08-20,15:12:04,1.2666666666666666,27.86659240722656,20.6
2013-08-20,15:17:04,2.4,16.133270263671875,52.53333333333333
2013-08-20,15:22:04,1.6333333333333335,13.19994608561198,4.066666666666666
2013-08-20,15:27:04,1.5,10.599916246202255,1.0666666666666669
2013-08-20,15:32:04,2.8666666666666667,15.333302815755209,9.8
2013-08-20,15:37:04,2.1,17.466642591688373,9.133333333333333
2013-08-20,15:42:04,3.5,11.133278740776912,36.46666666666667
2013-08-20,15:47:04,2.9,9.799923366970486,39.8
2013-08-20,15:52:05,3.666666666666667,9.066594441731771,29.2
2013-08-20,15:57:05,4.4,11.933263142903645,25.86666666666667
2013-08-20,16:02:05,29.466666666666665,20.266587999131943,30.66666666666667
2013-08-20,16:07:05,15.1,57.39992777506511,41.266666666666666
2013-08-20,16:12:05,3.7,24.266611735026043,41.0
2013-08-20,16:17:05,6.2333333333333325,14.666620890299479,68.86666666666666
2013-08-20,16:22:05,3.1333333333333333,13.399954901801218,31.13333333333333
2013-08-20,16:27:05,6.033333333333334,11.533270941840275,51.93333333333333
2013-08-20,16:32:05,3.85,8.099962870279947,26.222222222222218
2013-08-20,16:37:05,4.2,12.999920315212673,21.066666666666666
2013-08-20,16:42:05,4.233333333333333,10.799942016601562,42.2
2013-08-20,16:47:05,2.733333333333333,9.999923706054688,48.33333333333334
2013-08-20,16:52:05,4.266666666666667,9.399948120117188,29.33333333333333
2013-08-20,16:57:05,2.2,7.866566975911458,18.866666666666667
2013-08-20,17:02:05,4.8,10.399932861328125,29.86666666666667
2013-08-20,17:07:05,3.2,14.399922688802084,21.066666666666666
2013-08-20,17:12:05,4.066666666666666,9.399948120117188,41.2
2013-08-20,17:17:05,3.6,11.199951171875,60.06666666666667
2013-08-20,17:22:05,3.8666666666666663,12.399953206380209,26.2
2013-08-20,17:27:05,4.4,10.799942016601562,25.93333333333333
2013-08-20,17:32:05,3.1333333333333333,13.733291625976562,23.73333333333333
2013-08-20,17:37:05,3.4,17.19996134440104,20.2
2013-08-20,17:42:05,3.466666666666667,13.399937947591145,48.4
2013-08-20,17:47:05,4.933333333333334,10.39995829264323,49.93333333333333
2013-08-20,17:52:05,4.633333333333333,9.399897257486979,27.0
2013-08-20,17:57:05,4.433333333333334,8.199937608506943,24.4
2013-08-20,18:02:05,4.966666666666667,14.599939982096355,34.333333333333336
2013-08-20,18:07:06,5.933333333333334,14.399948120117188,28.13333333333333
2013-08-20,18:12:06,3.233333333333333,11.599960327148438,41.266666666666666
2013-08-20,18:17:06,6.625,11.999893188476562,58.09090909090909
2013-08-20,18:22:06,3.3,12.599894205729168,33.0
2013-08-20,18:27:06,4.733333333333333,11.199951171875,20.733333333333334
2013-08-20,18:32:06,4.9,13.19994608561198,26.66666666666667
2013-08-20,18:37:06,5.366666666666666,14.399948120117188,16.266666666666666
2013-08-20,18:42:06,7.533333333333334,13.999964396158854,43.0
2013-08-20,18:47:06,6.666666666666666,17.599945068359375,41.46666666666667
2013-08-20,18:52:06,6.433333333333334,14.199930826822918,17.333333333333332
2013-08-20,18:57:06,6.666666666666666,14.999923706054688,11.133333333333333
2013-08-20,19:02:06,16.0,12.399927775065105,25.777777777777782
2013-08-20,19:07:05,43.0,14.999898274739584,23.0
2013-08-20,19:12:05,10.0,16.399917602539062,43.06666666666667
2013-08-20,19:17:05,23.566666666666666,19.19995625813802,78.8
2013-08-20,19:22:05,8.433333333333334,15.599924723307293,23.8
2013-08-20,19:27:05,6.4,14.399948120117188,20.33333333333333
2013-08-20,19:32:05,8.3,14.999949137369791,25.2
2013-08-20,19:37:05,7.7333333333333325,13.399937947591145,19.133333333333333
2013-08-20,19:42:05,8.1,14.799906412760416,41.06666666666667
2013-08-20,19:47:05,4.866666666666667,13.199920654296873,47.33333333333334
2013-08-20,19:52:06,29.5,44.999949137369796,47.33333333333334
2013-08-20,19:57:06,4.433333333333334,42.133280436197914,13.2
2013-08-20,20:02:06,30.43333333333333,26.733279758029514,15.866666666666667
2013-08-20,20:07:06,13.9,50.73325263129339,24.4
2013-08-20,20:12:06,5.066666666666666,22.066633436414932,46.8
2013-08-20,20:17:06,4.2,15.13329399956597,46.33333333333334
2013-08-20,20:22:06,4.1,11.5999264187283,9.266666666666667
2013-08-20,20:27:06,2.966666666666667,11.199976603190104,3.2666666666666666
2013-08-20,20:32:06,3.533333333333333,8.999930487738713,7.8
2013-08-20,20:37:06,3.1333333333333333,11.133253309461805,3.4
2013-08-20,20:42:06,3.466666666666667,12.866609361436629,44.73333333333333
2013-08-20,20:47:06,11.833333333333332,12.799953884548609,30.8
2013-08-20,20:52:06,3.966666666666667,11.933263142903645,8.333333333333334
2013-08-20,20:57:06,3.3666666666666667,11.3999260796441,7.8
2013-08-20,21:02:06,4.566666666666666,13.399912516276041,13.133333333333333
2013-08-20,21:07:06,5.0,13.666593763563364,12.466666666666667
2013-08-20,21:12:06,3.2,15.599924723307293,38.2
2013-08-20,21:17:06,3.966666666666667,15.199940999348957,51.53333333333333
2013-08-20,21:22:06,2.933333333333333,11.7999267578125,2.2
2013-08-20,21:27:06,2.966666666666667,10.799942016601562,1.6
2013-08-20,21:32:06,5.433333333333334,12.799962361653646,17.266666666666666
2013-08-20,21:37:06,4.0,12.799962361653646,5.2
2013-08-20,21:42:06,3.8666666666666663,13.599980672200521,40.4
2013-08-20,21:47:06,4.033333333333333,12.999928792317709,34.0
2013-08-20,21:52:06,4.133333333333333,11.199951171875,10.0
2013-08-20,21:57:06,3.266666666666667,9.799906412760418,5.533333333333332
2013-08-20,22:02:06,5.5,10.799942016601562,9.466666666666667
2013-08-20,22:07:07,4.766666666666667,10.99993387858073,3.0
2013-08-20,22:12:07,3.633333333333333,12.599945068359375,35.8
2013-08-20,22:17:07,7.333333333333334,12.999954223632812,62.46666666666667
2013-08-20,22:22:07,6.466666666666666,14.79993184407552,13.866666666666667
2013-08-20,22:27:07,4.3,12.999928792317709,6.6
2013-08-20,22:32:07,4.566666666666666,11.999893188476562,13.6
2013-08-20,22:37:07,4.866666666666667,14.399973551432291,13.066666666666665
2013-08-20,22:42:07,4.4,14.399948120117188,46.6
2013-08-20,22:47:07,4.166666666666667,12.799936930338543,42.06666666666667
2013-08-20,22:52:07,3.566666666666667,14.79993184407552,5.333333333333333
2013-08-20,22:57:07,2.933333333333333,9.799931844075521,3.8666666666666663
2013-08-20,23:02:07,3.566666666666667,9.799906412760418,7.933333333333334
2013-08-20,23:07:07,2.8666666666666667,10.199940999348959,1.1333333333333333
2013-08-20,23:12:07,3.233333333333333,11.399917602539062,33.13333333333333
2013-08-20,23:17:07,4.333333333333333,12.599945068359375,60.26666666666666
2013-08-20,23:22:07,4.766666666666667,13.19994608561198,14.2
2013-08-20,23:27:07,3.166666666666667,12.399961683485243,2.1333333333333333
2013-08-20,23:32:07,3.833333333333333,12.399953206380209,8.2
2013-08-20,23:37:07,3.1,11.99994405110677,0.8666666666666667
2013-08-20,23:42:07,3.033333333333333,11.333279079861112,31.8
2013-08-20,23:47:07,3.633333333333333,12.533289591471355,44.0
2013-08-20,23:52:07,3.666666666666667,14.266637166341145,4.333333333333333
2013-08-20,23:57:07,3.466666666666667,12.599919637044271,8.333333333333334
2013-08-21,00:02:07,29.73333333333333,18.866594102647568,11.266666666666667
2013-08-21,00:07:07,13.233333333333333,50.26660495334202,25.13333333333333
2013-08-21,00:12:07,3.9,22.99992031521267,32.666666666666664
2013-08-21,00:17:07,5.266666666666667,18.466627332899307,74.13333333333334
2013-08-21,00:22:07,3.9,17.866626315646702,6.933333333333334
2013-08-21,00:27:07,3.533333333333333,12.733264499240448,0.6
2013-08-21,00:32:07,3.833333333333333,11.933229234483507,7.7333333333333325
2013-08-21,00:37:07,3.1333333333333333,12.599911159939236,1.0
2013-08-21,00:42:08,53.83333333333333,12.066591050889757,38.2
2013-08-21,00:47:08,7.0,17.999903361002602,38.2
2013-08-21,00:52:08,3.5,17.59991115993924,2.8
2013-08-21,00:57:08,2.933333333333333,13.999955919053816,3.4
2013-08-21,01:02:08,3.533333333333333,10.399932861328125,7.133333333333334
2013-08-21,01:07:08,2.966666666666667,10.799933539496525,0.9333333333333332
2013-08-21,01:12:08,4.966666666666667,12.13327195909288,47.73333333333333
2013-08-21,01:17:08,5.7,15.066613091362848,65.0
2013-08-21,01:22:08,4.166666666666667,15.73327806260851,11.133333333333333
2013-08-21,01:27:08,2.733333333333333,14.866587320963543,0.26666666666666666
2013-08-21,01:32:08,3.833333333333333,10.933269924587673,6.8
2013-08-21,01:37:09,4.433333333333334,16.999977959526912,77.6
2013-08-21,01:42:09,1.4,13.799938625759548,18.933333333333334
2013-08-21,01:47:09,4.033333333333333,15.666614108615448,57.73333333333333
2013-08-21,01:52:09,1.4,12.933256361219616,9.933333333333334
2013-08-21,01:57:09,1.8,15.199915568033854,10.533333333333333
2013-08-21,02:02:09,27.73333333333333,22.266608344184025,8.333333333333334
2013-08-21,02:07:09,10.766666666666667,56.1999257405599,22.6
2013-08-21,02:12:09,1.8,24.199930826822914,43.66666666666666
2013-08-21,02:17:09,1.7,13.599938286675348,55.2
2013-08-21,02:22:09,0.9,14.399922688802084,0.6
2013-08-21,02:27:09,0.8666666666666667,9.59991455078125,0
2013-08-21,02:32:09,3.6,12.399953206380209,16.266666666666666
2013-08-21,02:37:09,2.3666666666666667,17.19996134440104,10.933333333333335
2013-08-21,02:42:09,1.8333333333333333,12.799936930338543,39.46666666666667
2013-08-21,02:47:09,2.466666666666667,12.26657443576389,39.0
2013-08-21,02:52:09,3.466666666666667,17.666609022352432,9.0
2013-08-21,02:57:09,2.466666666666667,26.599960327148438,14.266666666666667
2013-08-21,03:02:09,3.066666666666667,17.26660834418403,16.666666666666668
2013-08-21,03:07:09,1.0666666666666669,18.999964396158852,0.8666666666666667
2013-08-21,03:12:09,2.4,13.99993896484375,40.73333333333333
2013-08-21,03:17:09,3.166666666666667,12.199935913085938,65.53333333333333
2013-08-21,03:22:09,1.4333333333333331,14.199956258138021,5.866666666666666
2013-08-21,03:27:09,0.8,9.799931844075521,0.06666666666666668
2013-08-21,03:32:09,1.6666666666666663,12.733264499240448,7.2
2013-08-21,03:37:09,0.9666666666666668,21.799952189127602,1.2
2013-08-21,03:42:09,2.466666666666667,12.599945068359375,32.13333333333333
2013-08-21,03:47:09,1.3333333333333337,11.999918619791666,32.93333333333333
2013-08-21,03:52:09,0.9333333333333332,11.7999267578125,16.133333333333333
2013-08-21,03:57:09,1.0,11.199925740559896,2.466666666666667
2013-08-21,04:02:09,2.4,16.599909464518227,10.8
2013-08-21,04:07:10,1.8333333333333333,18.999964396158852,8.866666666666667
2013-08-21,04:12:09,1.7666666666666666,12.399953206380209,16.933333333333334
2013-08-21,04:17:09,2.666666666666667,13.466635810004338,49.93333333333333
2013-08-21,04:22:09,1.2,12.333272298177084,24.73333333333333
2013-08-21,04:27:09,0.9333333333333332,10.666580200195312,8.666666666666666
2013-08-21,04:32:09,1.5333333333333334,11.999952528211804,6.6
2013-08-21,04:37:09,2.466666666666667,21.13327874077691,12.0
2013-08-21,04:42:09,1.0666666666666669,11.133270263671875,21.93333333333333
2013-08-21,04:47:09,1.2,11.933254665798609,13.8
2013-08-21,04:52:09,0.8666666666666667,11.599934895833334,18.0
2013-08-21,04:57:09,2.0,11.266598171657984,20.8
2013-08-21,05:02:09,2.2666666666666666,13.933291965060764,13.0
2013-08-21,05:07:09,2.033333333333333,23.133282131618923,9.666666666666666
2013-08-21,05:12:09,1.5666666666666669,13.733249240451393,10.133333333333333
2013-08-21,05:17:09,1.6666666666666663,14.866587320963543,32.8
2013-08-21,05:22:09,1.8333333333333333,12.199918958875868,20.2
2013-08-21,05:27:09,1.0333333333333332,10.933252970377605,9.8
2013-08-21,05:32:09,1.6333333333333335,12.73324754503038,17.866666666666667
2013-08-21,05:37:09,0.9666666666666668,18.33325703938802,6.4
2013-08-21,05:42:09,1.1666666666666667,12.74993684556749,20.916666666666668
2013-08-21,05:47:09,3.7222222222222223,13.22219283492477,32.55555555555556
2013-08-21,05:52:09,0.9,10.93324449327257,12.066666666666665
2013-08-21,05:57:10,1.125,9.499915440877277,25.25
2013-08-21,06:02:10,1.1111111111111112,11.55546682852286,29.777777777777782
2013-08-21,06:07:10,1.9333333333333331,17.999962700737846,6.466666666666668
2013-08-21,06:12:10,2.0,13.99993896484375,100.0
2013-08-21,06:17:10,2.9642857142857144,15.99991208031064,53.714285714285715
2013-08-21,06:22:10,1.1428571428571432,13.714236304873511,21.357142857142858
2013-08-21,06:27:10,0.9333333333333332,11.79994371202257,12.933333333333335
2013-08-21,06:32:10,1.7,11.666590372721354,6.666666666666668
2013-08-21,06:37:10,2.3666666666666667,16.466598510742188,12.0
2013-08-21,06:42:10,1.1,13.19994608561198,15.266666666666667
2013-08-21,06:47:10,1.1666666666666667,10.133268568250868,23.8
2013-08-21,06:52:10,0.9,9.399922688802082,16.866666666666667
2013-08-21,06:57:10,1.1,8.999947441948784,13.8
2013-08-21,07:02:10,3.066666666666667,14.999949137369791,18.866666666666667
2013-08-21,07:07:10,1.1,16.26660664876302,0.3333333333333333
2013-08-21,07:12:10,2.5,16.999969482421875,28.93333333333333
2013-08-21,07:17:10,3.1428571428571432,14.999934605189733,63.714285714285715
2013-08-21,07:22:10,1.3,15.133268568250871,22.33333333333333
2013-08-21,07:27:10,0.8,10.999916924370662,0
2013-08-21,07:32:10,1.6,13.066575792100696,6.533333333333332
2013-08-21,07:37:10,1.6666666666666663,18.466627332899307,4.133333333333334
2013-08-21,07:42:10,1.7666666666666666,15.399932861328125,37.06666666666667
2013-08-21,07:47:10,1.8666666666666665,13.066592746310764,43.13333333333333
2013-08-21,07:52:10,1.2,13.466593424479168,5.066666666666666
2013-08-21,07:57:10,1.3666666666666665,12.39993625217014,8.466666666666667
2013-08-21,08:02:10,19.433333333333334,16.39993455674913,8.066666666666666
2013-08-21,08:07:11,18.033333333333328,58.066601223415795,19.266666666666666
2013-08-21,08:12:11,1.1333333333333333,25.19994947645399,5.933333333333334
2013-08-21,08:17:11,1.3333333333333337,12.999945746527777,12.4
2013-08-21,08:22:11,2.966666666666667,12.13327195909288,55.73333333333333
2013-08-21,08:27:11,1.4333333333333331,11.999918619791666,6.2666666666666675
2013-08-21,08:32:11,1.2,10.666597154405382,12.333333333333336
2013-08-21,08:37:11,1.6,16.733288235134548,19.133333333333333
2013-08-21,08:42:11,2.333333333333333,14.799957275390627,44.73333333333333
2013-08-21,08:47:11,1.5666666666666669,11.599951850043404,39.46666666666667
2013-08-21,08:52:11,0.9666666666666668,11.466615464952255,0.8666666666666667
2013-08-21,08:57:11,0.9,11.399943033854166,2.466666666666667
2013-08-21,09:02:11,2.966666666666667,13.999922010633684,7.333333333333332
2013-08-21,09:07:11,3.3,18.33325703938802,11.733333333333333
2013-08-21,09:12:11,1.6666666666666663,13.866594102647568,19.666666666666668
2013-08-21,09:17:11,1.9666666666666663,10.666614108615454,35.06666666666667
2013-08-21,09:22:11,3.2,10.799950493706596,20.53333333333333
2013-08-21,09:27:11,7.6,17.799970838758675,21.266666666666666
2013-08-21,09:32:11,7.2,19.93329366048177,10.666666666666666
2013-08-21,09:37:11,4.566666666666666,16.39993455674913,1.1333333333333333
2013-08-21,09:42:11,3.8,14.666603936089412,4.466666666666667
2013-08-21,09:47:11,1.6333333333333335,13.533265855577255,7.2
2013-08-21,09:52:11,1.4333333333333331,12.13327195909288,4.533333333333333
2013-08-21,09:57:11,2.8666666666666667,11.199934217664932,18.0
2013-08-21,10:02:11,2.966666666666667,15.266621907552084,23.0
2013-08-21,10:07:11,2.8,13.599895901150171,11.733333333333333
2013-08-21,10:12:11,3.766666666666667,11.866599188910591,11.866666666666667
2013-08-21,10:17:12,2.766666666666667,12.533272637261286,29.93333333333333
2013-08-21,10:22:12,2.6333333333333333,12.933264838324652,6.466666666666668
2013-08-21,10:27:12,4.233333333333333,11.733271280924479,10.466666666666667
2013-08-21,10:32:12,2.466666666666667,15.73327806260851,9.866666666666667
2013-08-21,10:37:12,1.5666666666666669,12.466591729058159,0.7333333333333333
2013-08-21,10:42:12,1.5666666666666669,11.199968126085068,2.6666666666666665
2013-08-21,10:47:12,2.466666666666667,10.333268907335068,11.4
2013-08-21,10:52:12,7.933333333333334,15.59989929199219,8.8
2013-08-21,10:57:12,7.0,12.933264838324652,22.466666666666665
2013-08-21,11:02:12,4.6,13.2666015625,6.866666666666666
2013-08-21,11:07:12,6.166666666666666,11.866616143120662,13.6
2013-08-21,11:12:12,2.966666666666667,11.999969482421875,6.8
2013-08-21,11:17:12,3.1,12.399927775065105,38.73333333333333
2013-08-21,11:22:12,2.8,11.599960327148438,12.6
2013-08-21,11:27:12,1.5,12.199910481770832,0.13333333333333333
2013-08-21,11:32:12,2.6333333333333333,9.59991455078125,11.133333333333333
2013-08-21,11:37:12,1.6666666666666663,10.533286200629338,2.2666666666666666
2013-08-21,11:42:12,2.5,12.199910481770832,11.0
2013-08-21,11:47:12,1.9666666666666663,11.99994405110677,6.933333333333334
2013-08-21,11:52:12,2.833333333333333,12.399953206380209,14.333333333333336
2013-08-21,11:57:12,1.5333333333333334,9.399948120117188,3.533333333333333
2013-08-21,12:02:12,28.03333333333333,18.666619194878475,5.133333333333334
2013-08-21,12:07:12,10.933333333333332,54.79995727539063,29.2
2013-08-21,12:12:12,1.8,19.399922688802086,7.533333333333332
2013-08-21,12:17:12,3.433333333333333,13.799921671549479,4.933333333333334
2013-08-21,12:22:12,9.4,11.599934895833334,8.6
2013-08-21,12:27:12,15.733333333333333,16.799901326497395,12.8
2013-08-21,12:32:12,5.966666666666666,15.19996643066406,5.333333333333333
2013-08-21,12:37:12,2.033333333333333,11.599960327148438,3.333333333333333
2013-08-21,12:42:12,3.2,13.999964396158854,14.4
2013-08-21,12:47:12,2.1,12.79991149902344,5.4
2013-08-21,12:52:12,14.166666666666668,29.999966091579864,19.133333333333333
2013-08-21,12:57:12,3.8666666666666663,42.39995320638021,16.666666666666668
2013-08-21,13:02:12,2.4,18.599929809570312,3.933333333333333
2013-08-21,13:07:12,7.5,15.99993387858073,10.8
2013-08-21,13:12:12,1.7333333333333334,11.999918619791666,11.2
2013-08-21,13:17:12,3.3,11.7999267578125,34.266666666666666
2013-08-21,13:22:12,4.333333333333333,12.999954223632812,10.266666666666667
2013-08-21,13:27:12,3.066666666666667,10.599950154622395,1.3333333333333333
2013-08-21,13:32:12,4.9,11.133236355251734,7.4
2013-08-21,13:37:12,2.2,12.866617838541666,5.0
2013-08-21,13:42:12,1.6333333333333335,11.933246188693579,4.666666666666667
2013-08-21,13:47:12,1.8666666666666665,10.733252631293402,23.0
2013-08-21,13:52:12,1.5666666666666669,12.733289930555557,8.866666666666667
2013-08-21,13:57:12,1.8666666666666665,12.533272637261286,20.33333333333333
2013-08-21,14:02:12,1.8666666666666665,11.133295694986979,21.33333333333333
2013-08-21,14:07:12,3.1333333333333333,10.933252970377605,1.0
2013-08-21,14:12:12,1.9666666666666663,10.866597493489582,17.533333333333335
2013-08-21,14:17:12,2.533333333333333,13.599938286675348,48.86666666666667
2013-08-21,14:22:12,2.8,13.266618516710068,39.66666666666666
2013-08-21,14:27:12,1.8666666666666665,11.666598849826391,0.8
2013-08-21,14:32:12,2.3666666666666667,13.266618516710068,6.933333333333334
2013-08-21,14:37:12,1.9,17.799911499023438,1.2
2013-08-21,14:42:12,1.5666666666666669,13.399929470486107,4.066666666666666
2013-08-21,14:47:12,2.666666666666667,9.799931844075521,22.53333333333333
2013-08-21,14:52:12,1.9,10.733261108398438,7.2
2013-08-21,14:57:12,3.466666666666667,9.866561889648438,40.2
2013-08-21,15:02:12,5.366666666666666,17.866617838541664,20.066666666666666
2013-08-21,15:07:12,7.5,21.533253987630207,3.8666666666666663
2013-08-21,15:12:12,1.8666666666666665,28.399929470486114,21.6
2013-08-21,15:17:12,1.9666666666666663,17.133280436197918,57.26666666666666
2013-08-21,15:22:12,1.3333333333333337,14.733301798502604,18.266666666666666
2013-08-21,15:27:12,0.9333333333333332,12.39993625217014,0.4666666666666667
2013-08-21,15:32:12,1.8,11.466623942057291,9.533333333333333
2013-08-21,15:37:13,1.1666666666666667,17.933273315429688,1.2
2013-08-21,15:42:13,1.1,10.533252292209204,16.133333333333333
2013-08-21,15:47:13,2.566666666666667,11.799935234917532,24.13333333333333
2013-08-21,15:52:13,3.333333333333333,15.93329535590278,18.733333333333334
2013-08-21,15:57:13,3.233333333333333,11.866590711805557,19.266666666666666
2013-08-21,16:02:13,25.133333333333336,22.266582912868923,20.066666666666666
2013-08-21,16:07:13,13.25,60.99993387858073,65.8
2013-08-21,16:12:13,4.0,49.99994913736979,33.13333333333333
2013-08-21,16:17:13,3.033333333333333,24.59996541341146,60.06666666666667
2013-08-21,16:22:13,1.5333333333333334,14.133283827039932,33.53333333333333
2013-08-21,16:27:13,1.1333333333333333,10.733286539713543,2.466666666666667
2013-08-21,16:32:13,1.4,11.866599188910591,7.533333333333332
2013-08-21,16:37:13,1.5333333333333334,17.066616482204864,3.8
2013-08-21,16:42:13,1.1,10.599950154622395,25.4
2013-08-21,16:47:13,1.2666666666666666,9.466595119900171,30.86666666666667
2013-08-21,16:52:13,2.0,10.266596476236979,31.33333333333333
2013-08-21,16:57:13,2.357142857142857,9.928521655854723,15.285714285714285
2013-08-21,17:02:13,7.4,12.13327195909288,26.266666666666666
2013-08-21,17:07:13,64.53333333333333,15.133251614040802,16.733333333333334
2013-08-21,17:12:13,11.333333333333332,12.199944390190971,24.66666666666667
2013-08-21,17:17:13,1.8,14.066628350151907,52.0
2013-08-21,17:22:13,1.2333333333333334,11.333262125651041,22.13333333333333
2013-08-21,17:27:13,0.8,10.866563585069443,2.6
2013-08-21,17:32:13,1.4666666666666666,12.333263821072048,8.2
2013-08-21,17:37:13,1.1333333333333333,13.866602579752604,1.6666666666666667
2013-08-21,17:42:13,2.733333333333333,55.66657172309027,26.2
2013-08-21,17:47:13,1.1,24.933276706271705,40.86666666666667
2013-08-21,17:52:13,0.8666666666666667,13.199963039822048,11.4
2013-08-21,17:57:13,0.8666666666666667,11.866607666015625,3.4
2013-08-21,18:02:13,1.6333333333333335,10.733261108398438,8.6
2013-08-21,18:07:13,1.1,16.133236355251736,2.2
2013-08-21,18:12:13,1.0333333333333332,10.866589016384546,28.13333333333333
2013-08-21,18:17:14,1.8,11.866590711805557,66.0
2013-08-21,18:22:14,0.7333333333333333,11.266615125868055,4.866666666666666
2013-08-21,18:27:14,1.0,8.333282470703125,5.6
2013-08-21,18:32:14,1.6,10.133268568250868,8.533333333333333
2013-08-21,18:37:14,1.1666666666666667,14.93329366048177,4.933333333333334
2013-08-21,18:42:14,1.1333333333333333,9.533267550998266,31.2
2013-08-21,18:47:14,1.1333333333333333,10.933252970377605,41.06666666666667
2013-08-21,18:52:14,0.8,12.46661716037326,8.666666666666666
2013-08-21,18:57:14,0.8333333333333333,8.8665771484375,4.333333333333333
2013-08-21,19:02:14,1.8666666666666665,13.99993896484375,11.066666666666665
2013-08-21,19:07:14,0.9,14.866612752278646,1.9333333333333331
2013-08-21,19:12:14,1.2666666666666666,11.333279079861112,31.4
2013-08-21,19:17:14,1.9333333333333331,12.06658257378472,67.73333333333333
2013-08-21,19:22:14,28.366666666666664,11.466606987847221,12.133333333333333
2013-08-21,19:27:14,15.866666666666667,10.733278062608505,6.133333333333334
2013-08-21,19:32:14,36.46666666666667,12.33324686686198,19.133333333333333
2013-08-21,19:37:14,35.60714285714286,16.857119968959264,9.071428571428571
2013-08-21,19:42:14,1.1333333333333333,11.399959988064234,31.4
2013-08-21,19:47:14,1.3333333333333337,8.733274671766493,44.4
2013-08-21,19:52:14,0.7142857142857143,11.142767043340774,2.7857142857142856
2013-08-21,19:57:14,1.5,11.533253987630209,4.266666666666667
2013-08-21,20:02:14,29.0,21.73326280381945,12.933333333333335
2013-08-21,20:07:14,10.966666666666667,55.79991658528646,20.0
2013-08-21,20:12:14,1.0333333333333332,22.533281114366318,30.73333333333333
2013-08-21,20:17:14,1.7333333333333334,14.733293321397568,66.26666666666667
2013-08-21,20:22:15,1.0666666666666669,10.99993387858073,3.1333333333333333
2013-08-21,20:27:15,0.5666666666666667,7.999928792317708,0.8
2013-08-21,20:32:15,1.7333333333333334,11.333245171440971,8.6
2013-08-21,20:37:15,0.8666666666666667,13.599955240885416,2.6666666666666665
2013-08-21,20:42:15,0.9333333333333332,10.99993387858073,35.13333333333333
2013-08-21,20:47:15,1.3333333333333337,9.266586303710938,42.66666666666666
2013-08-21,20:52:15,0.6333333333333333,10.399932861328125,0.6666666666666666
2013-08-21,20:57:15,0.8,7.1999359130859375,3.6666666666666665
2013-08-21,21:02:15,1.9,10.73324415418837,12.733333333333333
2013-08-21,21:07:15,0.9333333333333332,14.79993184407552,3.0
2013-08-21,21:12:15,1.3,9.2665778266059,38.2
2013-08-21,21:17:15,1.8928571428571428,14.714222862606958,65.85714285714286
2013-08-21,21:22:15,0.8,11.599951850043404,2.4
2013-08-21,21:27:15,1.0,8.933266533745659,2.2
2013-08-21,21:32:15,2.4285714285714293,12.214233761742001,9.285714285714286
2013-08-21,21:37:15,3.6071428571428568,16.571362813313804,2.2857142857142856
2013-08-21,21:42:15,1.0,29.142788478306365,18.642857142857142
2013-08-21,21:47:15,3.766666666666667,17.26659138997396,30.4
2013-08-21,21:52:15,3.321428571428572,14.857065109979539,34.714285714285715
2013-08-21,21:57:15,3.4285714285714284,9.785670325869605,5.357142857142857
2013-08-21,22:02:16,4.75,14.714195614769347,11.928571428571427
2013-08-21,22:07:16,6.7,23.799947102864582,4.666666666666667
2013-08-21,22:12:16,3.233333333333333,14.399956597222225,34.266666666666666
2013-08-21,22:17:16,4.678571428571427,12.714204334077383,74.28571428571429
2013-08-21,22:22:15,5.0,12.285677591959637,3.0
2013-08-21,22:27:15,4.678571428571427,9.714217413039435,1.9285714285714288
2013-08-21,22:32:15,10.066666666666666,13.333265516493057,14.2
2013-08-21,22:37:15,3.3571428571428568,17.928541274297803,1.3571428571428572
2013-08-21,22:42:15,3.321428571428572,11.357062203543526,23.285714285714285
2013-08-21,22:47:15,3.5,10.93324449327257,48.06666666666667
2013-08-21,22:52:15,2.766666666666667,13.399963378906252,7.7333333333333325
2013-08-21,22:57:15,2.966666666666667,10.466588338216146,3.2666666666666666
2013-08-21,23:02:15,3.8,11.466590033637152,9.533333333333333
2013-08-21,23:07:15,3.5,17.399953206380207,2.2666666666666666
2013-08-21,23:12:15,3.066666666666667,11.799952189127605,43.2
2013-08-21,23:17:15,3.533333333333333,13.999964396158854,58.0
2013-08-21,23:22:15,3.2,15.599950154622396,2.0
2013-08-21,23:27:15,2.533333333333333,8.533274332682291,0.4666666666666667
2013-08-21,23:32:15,3.633333333333333,12.199918958875868,9.6
2013-08-21,23:37:15,3.566666666666667,19.599939982096355,2.4
2013-08-21,23:42:15,2.966666666666667,13.533248901367188,37.06666666666667
2013-08-21,23:47:16,3.6,11.199959648980034,43.4
2013-08-21,23:52:16,2.933333333333333,11.7999267578125,0.6666666666666666
2013-08-21,23:57:16,2.766666666666667,10.59995863172743,2.8
2013-08-22,00:02:16,22.866666666666664,17.599945068359375,9.8
2013-08-22,00:07:16,68.57142857142857,53.428495497930626,28.357142857142854
2013-08-22,00:12:16,8.666666666666666,27.266625298394096,37.6
2013-08-22,00:17:16,4.1,16.666615804036457,63.86666666666667
2013-08-22,00:22:16,3.1333333333333333,12.199935913085938,1.2666666666666666
2013-08-22,00:27:16,2.607142857142857,9.857077825637091,0.14285714285714285
2013-08-22,00:32:16,12.5,11.466606987847221,10.866666666666667
2013-08-22,00:37:16,3.8928571428571432,15.64278375534784,2.7142857142857144
2013-08-22,00:42:16,2.966666666666667,14.999949137369791,26.86666666666667
2013-08-22,00:47:16,2.966666666666667,11.399943033854166,35.8
2013-08-22,00:52:16,2.6,11.399943033854166,17.133333333333333
2013-08-22,00:57:16,3.4,12.13327195909288,3.733333333333333
2013-08-22,01:02:17,3.6,13.733283148871525,9.533333333333333
2013-08-22,01:07:17,3.3666666666666667,12.533247205946177,1.2
2013-08-22,01:12:17,3.466666666666667,12.333272298177084,38.333333333333336
2013-08-22,01:17:17,4.2,13.399937947591145,65.8
2013-08-22,01:22:17,3.1,12.533264160156252,2.7333333333333334
2013-08-22,01:27:17,2.566666666666667,12.933256361219616,0.3333333333333333
2013-08-22,01:32:17,4.1,12.933247884114582,9.333333333333334
2013-08-22,01:37:17,8.966666666666667,29.666603936089402,100.0
2013-08-22,01:42:17,6.3,26.99993557400174,100.0
2013-08-22,01:47:17,4.133333333333333,19.13326687282986,67.0
2013-08-22,01:52:17,2.9,14.333284166124136,22.6
2013-08-22,01:57:17,3.033333333333333,12.666609022352429,100.0
2013-08-22,02:02:17,28.9,25.46661376953125,9.533333333333333
2013-08-22,02:07:17,12.733333333333333,57.93328179253471,21.2
2013-08-22,02:12:17,3.033333333333333,23.399912516276043,30.8
2013-08-22,02:17:17,3.966666666666667,15.53326076931424,74.0
2013-08-22,02:22:17,2.833333333333333,12.866592407226562,1.4
2013-08-22,02:27:17,2.6,8.733266194661459,0.6
2013-08-22,02:32:17,3.633333333333333,11.533253987630209,8.866666666666667
2013-08-22,02:37:17,2.966666666666667,14.799948798285593,1.9333333333333331
2013-08-22,02:42:17,3.166666666666667,12.999928792317709,39.46666666666667
2013-08-22,02:47:17,3.466666666666667,9.666603936089409,41.53333333333333
2013-08-22,02:52:17,2.666666666666667,10.7332271999783,0.8
2013-08-22,02:57:17,2.8666666666666667,12.133238050672745,2.933333333333333
2013-08-22,03:02:17,3.966666666666667,12.066608005099829,11.2
2013-08-22,03:07:17,2.666666666666667,13.333257039388021,0.7333333333333333
2013-08-22,03:12:17,2.966666666666667,15.399949815538191,34.53333333333333
2013-08-22,03:17:17,3.7,12.333272298177084,69.8
2013-08-22,03:22:17,2.8,11.266615125868055,1.6666666666666667
2013-08-22,03:27:17,2.833333333333333,10.599950154622395,0.6666666666666666
2013-08-22,03:32:17,3.533333333333333,13.133290608723957,8.933333333333334
2013-08-22,03:37:17,2.833333333333333,15.1332770453559,1.7333333333333334
2013-08-22,03:42:18,2.9,11.866590711805557,25.53333333333333
2013-08-22,03:47:18,3.333333333333333,10.866597493489582,38.46666666666667
2013-08-22,03:52:18,2.833333333333333,13.99998135036892,17.466666666666665
2013-08-22,03:57:18,2.833333333333333,11.466606987847221,2.933333333333333
2013-08-22,04:02:18,3.6,11.999927096896702,9.266666666666667
2013-08-22,04:07:18,2.833333333333333,14.933268229166666,1.9333333333333331
2013-08-22,04:12:18,3.0,13.533265855577255,19.53333333333333
2013-08-22,04:17:18,3.833333333333333,14.466612074110238,54.26666666666666
2013-08-22,04:22:18,3.2,11.133261786566841,26.66666666666667
2013-08-22,04:27:18,2.833333333333333,12.066574096679688,5.466666666666668
2013-08-22,04:32:18,3.6,13.066601223415796,9.0
2013-08-22,04:37:18,2.9,16.533262464735245,2.0
2013-08-22,04:42:18,2.8,13.133256700303816,16.666666666666668
2013-08-22,04:47:18,3.0,10.333268907335068,23.0
2013-08-22,04:52:18,2.766666666666667,11.266581217447918,29.066666666666666
2013-08-22,04:57:18,3.066666666666667,12.866609361436629,12.733333333333333
2013-08-22,05:02:18,3.733333333333333,15.133260091145834,9.533333333333333
2013-08-22,05:07:18,3.066666666666667,16.26660664876302,2.066666666666667
2013-08-22,05:12:18,3.066666666666667,12.399944729275171,16.933333333333334
2013-08-22,05:17:18,3.9,13.066609700520834,44.6
2013-08-22,05:22:18,3.1,13.799904717339412,21.4
2013-08-22,05:27:18,2.7,11.133287217881943,16.6
2013-08-22,05:32:18,3.7,14.86663818359375,11.733333333333333
2013-08-22,05:37:18,2.8666666666666667,17.533272637261287,2.0
2013-08-22,05:42:18,2.766666666666667,12.599911159939236,15.066666666666665
2013-08-22,05:47:18,3.033333333333333,8.866619533962671,18.4
2013-08-22,05:52:18,2.8666666666666667,12.133238050672745,22.266666666666666
2013-08-22,05:57:18,2.966666666666667,11.266589694552952,20.466666666666665
2013-08-22,06:02:18,3.833333333333333,15.333268907335073,12.466666666666667
2013-08-22,06:07:18,2.566666666666667,14.9332512749566,0.7333333333333333
2013-08-22,06:12:18,2.833333333333333,11.666615804036457,14.6
2013-08-22,06:17:18,3.5,11.399909125434029,53.73333333333333
2013-08-22,06:22:18,3.033333333333333,11.666598849826391,22.8
2013-08-22,06:27:18,2.8,11.333279079861112,10.266666666666667
2013-08-22,06:32:18,3.766666666666667,14.33325025770399,9.8
2013-08-22,06:37:18,2.766666666666667,17.599953545464405,0.6666666666666666
2013-08-22,06:42:18,2.8666666666666667,12.999920315212673,22.53333333333333
2013-08-22,06:47:18,3.266666666666667,10.199924045138888,31.2
2013-08-22,06:52:18,2.966666666666667,11.399917602539062,26.86666666666667
2013-08-22,06:57:18,2.8,10.99993387858073,2.8666666666666667
2013-08-22,07:02:18,3.633333333333333,14.133275349934896,9.8
2013-08-22,07:07:18,2.9,17.799962361653645,2.2
2013-08-22,07:12:18,2.8666666666666667,12.199935913085938,16.6
2013-08-22,07:17:19,3.533333333333333,13.066609700520834,52.8
2013-08-22,07:22:19,2.833333333333333,13.399937947591145,30.466666666666665
2013-08-22,07:27:18,2.733333333333333,10.199940999348959,6.0
2013-08-22,07:32:18,3.733333333333333,10.39995829264323,9.266666666666667
2013-08-22,07:37:18,3.066666666666667,14.199930826822918,2.2
2013-08-22,07:42:18,3.033333333333333,11.199951171875,33.2
2013-08-22,07:47:18,3.466666666666667,11.399943033854166,44.26666666666666
2013-08-22,07:52:18,2.8,10.199940999348959,4.6
2013-08-22,07:57:18,2.8666666666666667,11.199925740559896,2.933333333333333
2013-08-22,08:02:18,33.93333333333334,23.666585286458332,9.333333333333334
2013-08-22,08:07:18,8.033333333333333,56.7999267578125,20.866666666666667
2013-08-22,08:12:18,3.0,21.59990946451823,20.866666666666667
2013-08-22,08:17:18,4.033333333333333,14.799957275390627,53.8
2013-08-22,08:22:18,3.2,13.799921671549479,30.066666666666666
2013-08-22,08:27:18,2.733333333333333,11.799952189127605,2.333333333333333
2013-08-22,08:32:18,3.766666666666667,12.799936930338543,9.066666666666666
2013-08-22,08:37:19,2.933333333333333,14.199930826822918,1.8666666666666667
2013-08-22,08:42:19,2.733333333333333,12.866592407226562,22.2
2013-08-22,08:47:19,3.0,13.399912516276041,30.93333333333333
2013-08-22,08:52:19,2.6333333333333333,12.599945068359375,25.86666666666667
2013-08-22,08:57:19,2.733333333333333,11.799952189127605,2.533333333333333
2013-08-22,09:02:19,3.566666666666667,12.399927775065105,8.8
2013-08-22,09:07:19,2.9,13.466584947374132,3.333333333333333
2013-08-22,09:12:19,2.8,14.999949137369791,12.533333333333333
2013-08-22,09:17:19,3.8,12.999903361002604,41.8
2013-08-22,09:22:19,3.0,11.199925740559896,16.6
2013-08-22,09:27:19,2.733333333333333,9.59991455078125,12.666666666666664
2013-08-22,09:32:19,4.166666666666667,8.799921671549479,23.0
2013-08-22,09:37:19,2.766666666666667,11.533279418945312,0.7333333333333333
2013-08-22,09:42:19,2.7,12.133255004882812,12.466666666666667
2013-08-22,09:47:19,3.033333333333333,11.466590033637152,15.466666666666667
2013-08-22,09:52:19,2.7,13.133290608723957,14.333333333333336
2013-08-22,09:57:19,2.966666666666667,9.46658664279514,19.4
2013-08-22,10:02:19,3.7,11.99991014268663,18.6
2013-08-22,10:07:19,2.8,11.733296712239582,4.666666666666667
2013-08-22,10:12:19,3.466666666666667,12.33328077528212,10.066666666666666
2013-08-22,10:17:19,4.533333333333333,13.2666015625,37.93333333333333
2013-08-22,10:22:19,3.066666666666667,13.46656799316406,15.466666666666667
2013-08-22,10:27:19,2.2333333333333334,12.599928114149309,13.0
2013-08-22,10:32:19,3.6,9.933242797851562,27.2
2013-08-22,10:37:19,2.533333333333333,12.999937269422745,6.533333333333332
2013-08-22,10:42:19,2.466666666666667,10.533260769314234,9.4
2013-08-22,10:47:19,2.733333333333333,10.199915568033854,10.933333333333335
2013-08-22,10:52:19,2.466666666666667,11.133261786566841,10.933333333333335
2013-08-22,10:57:19,2.7,10.533260769314234,15.4
2013-08-22,11:02:19,3.5,10.866605970594618,22.73333333333333
2013-08-22,11:07:20,3.1333333333333333,15.26660495334201,9.733333333333333
2013-08-22,11:12:20,2.4333333333333336,13.399937947591145,4.466666666666667
2013-08-22,11:17:20,3.5,11.199951171875,28.466666666666665
2013-08-22,11:22:20,3.633333333333333,11.466598510742188,1.3333333333333333
2013-08-22,11:27:20,2.2333333333333334,13.066575792100696,3.2666666666666666
2013-08-22,11:32:20,3.966666666666667,11.466623942057291,10.933333333333335
2013-08-22,11:37:20,3.333333333333333,14.666603936089412,2.0
2013-08-22,11:42:20,24.333333333333336,14.39990573459201,8.2
2013-08-22,11:47:20,8.833333333333334,13.333265516493057,6.6
2013-08-22,11:52:20,2.8,11.399951510959204,5.866666666666666
2013-08-22,11:57:20,3.233333333333333,10.733252631293402,10.466666666666667
2013-08-22,12:02:20,35.433333333333344,22.59993659125434,21.8
2013-08-22,12:07:19,18.6,50.06662156846788,30.066666666666666
2013-08-22,12:12:19,2.966666666666667,19.599956936306427,12.4
2013-08-22,12:17:19,5.166666666666666,15.26660495334201,30.2
2013-08-22,12:22:19,4.133333333333333,16.999927096896702,1.0
2013-08-22,12:27:19,3.8666666666666663,14.066569010416666,2.4
2013-08-22,12:32:19,3.7,11.999935574001734,9.266666666666667
2013-08-22,12:37:19,2.966666666666667,14.33326721191406,1.8
2013-08-22,12:42:20,2.966666666666667,10.733303493923609,13.533333333333333
2013-08-22,12:47:20,3.166666666666667,10.666622585720486,13.0
2013-08-22,12:52:20,2.766666666666667,9.933251274956596,12.4
2013-08-22,12:57:20,4.166666666666667,12.866617838541666,21.86666666666667
2013-08-22,13:02:20,4.266666666666667,15.399949815538191,22.73333333333333
2013-08-22,13:07:20,3.066666666666667,13.866602579752604,7.533333333333332
2013-08-22,13:12:20,3.466666666666667,14.399922688802084,12.066666666666665
2013-08-22,13:17:20,3.8,12.599928114149309,39.333333333333336
2013-08-22,13:22:20,3.4,11.799935234917532,23.266666666666666
2013-08-22,13:27:20,3.1,10.53326924641927,21.33333333333333
2013-08-22,13:32:20,4.4,13.59994676378038,19.466666666666665
2013-08-22,13:37:20,2.9,14.199939303927952,3.066666666666667
2013-08-22,13:42:20,2.8666666666666667,9.533250596788195,17.666666666666668
2013-08-22,13:47:20,3.233333333333333,10.266613430447046,35.73333333333333
2013-08-22,13:52:20,3.3,13.333273993598088,32.86666666666667
2013-08-22,13:57:20,2.7,11.599951850043404,5.533333333333332
2013-08-22,14:02:20,3.5,11.466615464952255,12.133333333333333
2013-08-22,14:07:20,3.033333333333333,13.999922010633684,4.2
2013-08-22,14:12:20,20.766666666666666,14.266620212131077,25.6
2013-08-22,14:17:20,4.4,13.799921671549479,60.53333333333333
2013-08-22,14:22:20,3.1333333333333333,13.799947102864582,27.66666666666667
2013-08-22,14:27:20,11.433333333333332,11.866616143120662,2.6
2013-08-22,14:32:20,12.766666666666667,11.866573757595487,13.266666666666667
2013-08-22,14:37:20,3.066666666666667,11.99994405110677,5.066666666666666
2013-08-22,14:42:20,2.833333333333333,15.533277723524307,27.93333333333333
2013-08-22,14:47:21,3.5,12.13327195909288,45.6
2013-08-22,14:52:21,6.1,13.199920654296873,33.93333333333333
2013-08-22,14:57:21,4.466666666666667,11.86663309733073,6.866666666666666
2013-08-22,15:02:21,3.066666666666667,12.466591729058159,1.6666666666666667
2013-08-22,15:07:21,7.5,20.533286200629345,2.0
2013-08-22,15:12:21,3.633333333333333,28.06658426920573,32.2
2013-08-22,15:17:21,5.1,16.19993421766493,72.6
2013-08-22,15:22:21,3.566666666666667,16.7999267578125,7.8
2013-08-22,15:27:21,3.166666666666667,12.266599867078991,1.4666666666666666
2013-08-22,15:32:21,3.266666666666667,12.399953206380209,1.3333333333333333
2013-08-22,15:37:21,3.1,13.799947102864582,1.4666666666666666
2013-08-22,15:42:21,3.5,11.199925740559896,29.86666666666667
2013-08-22,15:47:21,4.233333333333333,13.733257717556423,42.53333333333333
2013-08-22,15:52:21,3.233333333333333,15.599950154622396,13.866666666666667
2013-08-22,15:57:21,3.4,11.066623263888888,5.266666666666667
2013-08-22,16:02:21,24.133333333333336,20.199915568033855,12.733333333333333
2013-08-22,16:07:21,19.766666666666666,60.5999501546224,21.466666666666665
2013-08-22,16:12:21,3.333333333333333,26.599960327148438,22.266666666666666
2013-08-22,16:17:21,9.833333333333334,14.399922688802084,72.06666666666666
2013-08-22,16:22:21,3.433333333333333,11.599934895833334,26.53333333333333
2013-08-22,16:27:21,5.333333333333334,12.399953206380209,2.333333333333333
2013-08-22,16:32:21,5.433333333333334,42.066565619574654,11.466666666666667
2013-08-22,16:37:21,3.9,23.599955240885418,2.933333333333333
2013-08-22,16:42:21,4.4,16.199951171875,21.73333333333333
2013-08-22,16:47:21,3.533333333333333,13.99993896484375,25.266666666666666
2013-08-22,16:52:21,3.5,10.599950154622395,33.0
2013-08-22,16:57:21,4.3,11.399917602539062,14.533333333333333
2013-08-22,17:02:21,5.6,16.7999267578125,12.4
2013-08-22,17:07:21,28.966666666666665,18.599955240885414,4.533333333333333
2013-08-22,17:12:21,5.7333333333333325,14.599939982096355,21.266666666666666
2013-08-22,17:17:21,4.666666666666667,16.599909464518227,46.4
2013-08-22,17:22:21,3.7,16.199951171875,34.06666666666667
2013-08-22,17:27:21,3.1,12.799936930338543,16.666666666666668
2013-08-22,17:32:21,3.1,11.599934895833334,6.133333333333334
2013-08-22,17:37:21,6.7,15.599950154622396,28.6
2013-08-22,17:42:22,4.966666666666667,29.599939982096352,21.66666666666667
2013-08-22,17:47:22,3.566666666666667,17.399953206380207,38.6
2013-08-22,17:52:22,3.633333333333333,14.199956258138021,31.13333333333333
2013-08-22,17:57:22,3.8666666666666663,10.799942016601562,6.2666666666666675
2013-08-22,18:02:22,13.433333333333332,16.199951171875,14.6
2013-08-22,18:07:22,42.36666666666667,20.73329501681858,9.733333333333333
2013-08-22,18:12:22,18.533333333333328,15.133285522460938,35.06666666666667
2013-08-22,18:17:22,5.633333333333334,16.999944051106773,71.8
2013-08-22,18:22:22,4.933333333333334,13.599929809570312,18.133333333333333
2013-08-22,18:27:22,3.6,14.86659579806858,0.9333333333333332
2013-08-22,18:32:22,4.166666666666667,15.99993387858073,10.066666666666666
2013-08-22,18:37:22,4.833333333333333,17.866600884331593,2.8
2013-08-22,18:42:22,1.9,15.399924384223088,42.266666666666666
2013-08-22,18:47:22,1.3,13.333282470703125,38.266666666666666
2013-08-22,18:52:22,0.6,10.866597493489582,6.333333333333332
2013-08-22,18:57:22,2.2,20.46661376953125,3.2
2013-08-22,19:02:22,2.0666666666666664,18.26659308539497,11.0
2013-08-22,19:07:22,0.6333333333333333,13.599938286675348,0.2
2013-08-22,19:12:22,1.5666666666666669,9.333267211914062,22.266666666666666
2013-08-22,19:17:22,1.9,12.266608344184029,59.06666666666667
2013-08-22,19:22:22,1.2,10.999942355685764,30.33333333333333
2013-08-22,19:27:22,0.7666666666666667,9.733242458767359,0.9333333333333332
2013-08-22,19:32:22,2.0,12.799936930338543,10.266666666666667
2013-08-22,19:37:22,0.6333333333333333,12.866617838541666,0.26666666666666666
2013-08-22,19:42:22,1.2,10.666622585720486,31.66666666666667
2013-08-22,19:47:22,1.4666666666666666,10.199915568033854,52.6
2013-08-22,19:52:22,0.9,9.399897257486979,5.866666666666666
2013-08-22,19:57:23,1.6,9.266586303710938,5.466666666666668
2013-08-22,20:02:23,32.8,26.799935234917537,10.666666666666666
2013-08-22,20:07:23,7.2,52.13329739040798,23.93333333333333
2013-08-22,20:12:23,1.3,18.999955919053814,38.13333333333333
2013-08-22,20:17:23,2.6,13.53329128689236,76.4
2013-08-22,20:22:23,1.0333333333333332,11.99991014268663,3.2666666666666666
2013-08-22,20:27:23,0.7333333333333333,9.06661139594184,1.6
2013-08-22,20:32:23,1.9,9.999966091579859,10.466666666666667
2013-08-22,20:37:23,1.4,14.199947781032984,2.1333333333333333
2013-08-22,20:42:23,1.1,12.866592407226562,43.0
2013-08-22,20:47:23,1.5333333333333334,9.733267890082466,46.73333333333333
2013-08-22,20:52:23,0.6,10.533277723524305,0.3333333333333333
2013-08-22,20:57:23,1.0,8.666610717773438,4.666666666666667
2013-08-22,21:02:23,1.9666666666666663,11.266606648763021,12.4
2013-08-22,21:07:23,1.2,13.799964057074652,3.8
2013-08-22,21:12:23,1.3,10.799967447916666,40.4
2013-08-22,21:17:23,2.2666666666666666,11.533270941840275,76.2
2013-08-22,21:22:23,0.8666666666666667,9.19992234971788,2.333333333333333
2013-08-22,21:27:23,0.8,7.399902343749999,2.6666666666666665
2013-08-22,21:32:23,1.9666666666666663,10.866631401909725,11.6
2013-08-22,21:37:23,1.0333333333333332,12.799953884548609,2.7333333333333334
2013-08-22,21:42:23,1.2,11.599968804253475,34.333333333333336
2013-08-22,21:47:23,1.4333333333333331,11.13324483235677,31.33333333333333
2013-08-22,21:52:23,1.0666666666666669,9.066594441731771,27.2
2013-08-22,21:57:23,1.1666666666666667,11.466615464952255,6.933333333333334
2013-08-22,22:02:23,1.9,12.333255343967016,11.266666666666667
2013-08-22,22:07:23,2.1666666666666665,13.799921671549479,2.0
2013-08-22,22:12:23,5.6,14.46658664279514,28.53333333333333
2013-08-22,22:17:23,6.2333333333333325,15.333277384440105,65.8
2013-08-22,22:22:23,4.233333333333333,13.933275010850696,26.8
2013-08-22,22:27:23,3.933333333333333,13.8665771484375,1.6
2013-08-22,22:32:23,3.8,14.2665778266059,9.333333333333334
2013-08-22,22:37:23,2.966666666666667,12.46661716037326,1.0666666666666669
2013-08-22,22:42:23,2.8666666666666667,12.93330722384983,28.066666666666666
2013-08-22,22:47:23,3.233333333333333,9.73325941297743,40.266666666666666
2013-08-22,22:52:23,2.833333333333333,9.2665778266059,27.53333333333333
2013-08-22,22:57:23,3.2,12.13327195909288,4.0
2013-08-22,23:02:23,4.633333333333333,10.866589016384546,12.2
2013-08-22,23:07:23,2.9,11.13324483235677,1.4666666666666666
2013-08-22,23:12:23,3.166666666666667,11.5999264187283,30.13333333333333
2013-08-22,23:17:23,4.233333333333333,15.26660495334201,65.4
2013-08-22,23:22:23,3.466666666666667,14.533292982313364,26.8
2013-08-22,23:27:23,2.666666666666667,9.9332767062717,0.2
2013-08-22,23:32:23,3.833333333333333,9.666595458984375,9.4
2013-08-22,23:37:24,3.0,13.46656799316406,1.1333333333333333
2013-08-22,23:42:24,3.136363636363636,11.363555445815578,33.54545454545455
2013-08-22,23:47:24,3.7,10.099932352701824,31.7
2013-08-22,23:52:24,3.125,12.999916076660156,22.16666666666667
2013-08-22,23:57:24,3.033333333333333,11.399943033854166,3.1333333333333333
2013-08-23,00:02:24,34.7,23.199946085611977,11.8
2013-08-23,00:07:24,39.0,48.799947102864586,22.86666666666667
2013-08-23,00:12:24,8.7,22.199935913085938,31.266666666666666
2013-08-23,00:17:24,6.366666666666666,16.39996846516927,62.13333333333333
2013-08-23,00:22:24,3.233333333333333,12.599945068359375,33.46666666666667
2013-08-23,00:27:24,10.7,12.733272976345486,2.066666666666667
2013-08-23,00:32:24,3.966666666666667,12.533272637261286,9.666666666666666
2013-08-23,00:37:24,3.033333333333333,11.99994405110677,1.0666666666666669
2013-08-23,00:42:24,3.1333333333333333,11.799952189127605,28.466666666666665
2013-08-23,00:47:24,3.4,10.933278401692709,31.66666666666667
2013-08-23,00:52:24,3.166666666666667,11.999969482421875,36.4
2013-08-23,00:57:24,2.9,11.866607666015625,3.2
2013-08-23,01:02:24,3.7,12.199978298611112,8.733333333333333
2013-08-23,01:07:25,2.933333333333333,13.53329128689236,1.0666666666666669
2013-08-23,01:12:25,3.1333333333333333,13.066609700520834,32.06666666666667
2013-08-23,01:17:25,4.233333333333333,13.13328213161892,72.26666666666667
2013-08-23,01:22:25,3.0357142857142856,13.642801557268417,21.857142857142854
2013-08-23,01:27:25,2.766666666666667,11.399917602539062,0.2
2013-08-23,01:32:25,6.8,11.59991794162326,83.86666666666666
2013-08-23,01:37:25,6.333333333333334,17.066599527994793,21.8
2013-08-23,01:42:25,3.333333333333333,15.133285522460938,51.4
2013-08-23,01:47:25,3.7,13.533248901367188,100.0
2013-08-23,01:52:25,2.8,14.266594780815971,22.93333333333333
2013-08-23,01:57:25,3.066666666666667,12.866626315646702,3.1333333333333333
2013-08-23,02:02:25,33.73333333333333,24.46660359700521,8.6
2013-08-23,02:07:25,11.333333333333332,51.26658969455294,20.53333333333333
2013-08-23,02:12:25,3.233333333333333,22.13326348198785,39.0
2013-08-23,02:17:25,8.233333333333334,16.53329637315538,66.06666666666666
2013-08-23,02:22:25,17.6,14.333275689019095,3.2666666666666666
2013-08-23,02:27:25,2.7,11.666607326931421,0.2
2013-08-23,02:32:25,3.9,13.266584608289932,8.333333333333334
2013-08-23,02:37:25,2.966666666666667,13.266593085394964,1.2
2013-08-23,02:42:25,3.0,13.866602579752604,26.93333333333333
2013-08-23,02:47:25,3.6,10.666580200195312,50.86666666666667
2013-08-23,02:52:25,2.9,9.199905395507812,1.3333333333333333
2013-08-23,02:57:25,3.0,8.933283487955729,3.1333333333333333
2013-08-23,03:02:25,3.933333333333333,12.799953884548609,9.466666666666667
2013-08-23,03:07:25,2.7,11.066597832573784,0.2
2013-08-23,03:12:25,3.233333333333333,11.333279079861112,43.2
2013-08-23,03:17:25,4.166666666666667,14.46658664279514,61.93333333333333
2013-08-23,03:22:25,2.833333333333333,11.533270941840275,0.26666666666666666
2013-08-23,03:27:25,2.7,9.333258734809027,0.06666666666666668
2013-08-23,03:32:25,3.933333333333333,8.666602240668402,9.133333333333333
2013-08-23,03:37:25,2.8666666666666667,12.933273315429686,0.13333333333333333
2013-08-23,03:42:25,3.1,9.999940660264755,26.93333333333333
2013-08-23,03:47:25,3.7,8.8665771484375,38.66666666666666
2013-08-23,03:52:25,2.966666666666667,10.933269924587673,13.933333333333335
2013-08-23,03:57:25,3.033333333333333,11.266581217447918,3.466666666666667
2013-08-23,04:02:25,3.6,11.466615464952255,8.4
2013-08-23,04:07:25,2.966666666666667,10.133268568250868,0.8
2013-08-23,04:12:25,3.066666666666667,10.933278401692709,13.466666666666667
2013-08-23,04:17:26,3.766666666666667,11.533279418945312,41.8
2013-08-23,04:22:26,3.266666666666667,11.933263142903645,32.266666666666666
2013-08-23,04:27:26,2.966666666666667,13.466593424479168,11.533333333333333
2013-08-23,04:32:26,3.766666666666667,11.866616143120662,8.266666666666667
2013-08-23,04:37:26,2.966666666666667,12.466608683268229,1.0666666666666669
2013-08-23,04:42:26,2.9,11.866616143120662,15.4
2013-08-23,04:47:26,3.3666666666666667,9.533267550998266,31.466666666666665
2013-08-23,04:52:26,2.933333333333333,11.333253648546005,25.066666666666666
2013-08-23,04:57:26,3.233333333333333,10.799933539496525,6.866666666666666
2013-08-23,05:02:26,3.7,13.799921671549479,8.666666666666666
2013-08-23,05:07:26,2.966666666666667,13.33329094780816,1.0666666666666669
2013-08-23,05:12:26,3.033333333333333,11.533296373155382,6.533333333333332
2013-08-23,05:17:26,3.966666666666667,12.533255683051218,34.13333333333333
2013-08-23,05:22:26,3.1333333333333333,11.93327162000868,17.533333333333335
2013-08-23,05:27:26,3.066666666666667,12.399961683485243,27.4
2013-08-23,05:32:26,3.933333333333333,11.466606987847221,18.266666666666666
2013-08-23,05:37:26,3.166666666666667,9.999940660264755,1.0666666666666669
2013-08-23,05:42:26,3.0,13.933291965060764,15.266666666666667
2013-08-23,05:47:26,3.233333333333333,11.266615125868055,23.6
2013-08-23,05:52:26,2.8666666666666667,12.066608005099829,20.133333333333333
2013-08-23,05:57:26,3.266666666666667,10.399966769748266,19.2
2013-08-23,06:02:26,3.833333333333333,10.53326924641927,8.866666666666667
2013-08-23,06:07:26,3.033333333333333,11.533262464735243,1.1333333333333333
2013-08-23,06:12:26,3.166666666666667,13.399954901801218,18.866666666666667
2013-08-23,06:17:26,4.3,10.866597493489582,70.33333333333333
2013-08-23,06:22:26,3.233333333333333,12.799962361653646,14.733333333333333
2013-08-23,06:27:26,2.766666666666667,9.799931844075521,0.13333333333333333
2013-08-23,06:32:26,3.766666666666667,10.533252292209204,8.266666666666667
2013-08-23,06:37:26,2.966666666666667,14.79993184407552,1.0
2013-08-23,06:42:26,3.0,10.5999755859375,29.73333333333333
2013-08-23,06:47:26,3.5,10.333294338650171,36.333333333333336
2013-08-23,06:52:26,3.0,13.199971516927084,14.0
2013-08-23,06:57:26,2.966666666666667,9.59991455078125,3.1333333333333333
2013-08-23,07:02:26,3.6,13.666593763563364,8.533333333333333
2013-08-23,07:07:26,2.933333333333333,13.599929809570312,1.1333333333333333
2013-08-23,07:12:26,3.066666666666667,12.399953206380209,27.53333333333333
2013-08-23,07:17:26,3.8666666666666663,12.999928792317709,62.53333333333333
2013-08-23,07:22:26,3.266666666666667,10.866605970594618,14.8
2013-08-23,07:27:26,2.666666666666667,10.799942016601562,0.06666666666666668
2013-08-23,07:32:26,4.0,10.599924723307291,9.2
2013-08-23,07:37:26,2.8,10.799916585286457,0.3333333333333333
2013-08-23,07:42:26,3.333333333333333,12.599945068359375,46.53333333333333
2013-08-23,07:47:27,3.666666666666667,10.999925401475693,33.53333333333333
2013-08-23,07:52:27,2.6333333333333333,15.599924723307293,0.2
2013-08-23,07:57:27,3.1333333333333333,11.199951171875,3.533333333333333
2013-08-23,08:02:27,34.13333333333333,24.733250935872398,9.133333333333333
2013-08-23,08:07:27,7.966666666666666,53.39996337890626,19.6
2013-08-23,08:12:27,3.166666666666667,21.599934895833332,26.0
2013-08-23,08:17:27,4.266666666666667,15.199940999348957,73.8
2013-08-23,08:22:27,3.1333333333333333,16.39996846516927,5.2
2013-08-23,08:27:27,2.766666666666667,12.799936930338543,0.13333333333333333
2013-08-23,08:32:27,3.166666666666667,13.19994608561198,9.133333333333333
2013-08-23,08:37:27,0.7333333333333333,14.599939982096355,0
2013-08-23,08:42:27,0.9333333333333332,9.199930826822916,41.53333333333333
2013-08-23,08:47:27,1.4333333333333331,10.799967447916666,37.73333333333333
2013-08-23,08:52:27,0.5666666666666667,12.999928792317709,0
2013-08-23,08:57:27,0.8333333333333333,9.59991455078125,3.1333333333333333
2013-08-23,09:02:27,1.5666666666666669,11.199951171875,8.466666666666667
2013-08-23,09:07:27,1.0,12.79991149902344,3.0
2013-08-23,09:12:27,0.9666666666666668,15.199915568033854,22.33333333333333
2013-08-23,09:17:27,1.9,10.599950154622395,55.26666666666666
2013-08-23,09:22:27,1.3333333333333337,10.533286200629338,26.66666666666667
2013-08-23,09:27:27,0.6666666666666667,10.999908447265625,0.2
2013-08-23,09:32:27,1.5666666666666669,11.7999267578125,8.133333333333333
2013-08-23,09:37:27,0.8,10.799942016601562,1.0666666666666669
2013-08-23,09:42:27,0.8333333333333333,8.799921671549479,19.4
2013-08-23,09:47:27,1.2,10.399907430013021,29.4
2013-08-23,09:52:27,0.8666666666666667,10.399907430013021,28.066666666666666
2013-08-23,09:57:27,0.8666666666666667,9.199939303927952,4.2
2013-08-23,10:02:27,5.166666666666666,12.799936930338543,9.6
2013-08-23,10:07:27,6.133333333333334,13.066575792100696,2.0
2013-08-23,10:12:27,3.766666666666667,13.399937947591145,16.733333333333334
2013-08-23,10:17:27,5.266666666666667,16.799969143337677,47.06666666666667
2013-08-23,10:22:27,3.233333333333333,13.933291965060764,27.6
2013-08-23,10:27:28,2.9,9.733250935872395,12.8
2013-08-23,10:32:28,3.733333333333333,10.866605970594618,8.466666666666667
2013-08-23,10:37:28,3.1333333333333333,11.666598849826391,1.2
2013-08-23,10:42:28,3.1333333333333333,11.533262464735243,28.0
2013-08-23,10:47:28,3.6,10.666588677300346,30.53333333333333
2013-08-23,10:52:27,3.1333333333333333,10.399941338433159,24.66666666666667
2013-08-23,10:57:27,3.566666666666667,11.333296034071182,3.333333333333333
2013-08-23,11:02:27,4.066666666666666,11.333270602756075,8.733333333333333
2013-08-23,11:07:27,3.1333333333333333,11.866624620225693,4.8
2013-08-23,11:12:27,3.2,9.53325907389323,21.53333333333333
2013-08-23,11:17:27,3.933333333333333,12.066608005099829,52.6
2013-08-23,11:22:27,4.933333333333334,27.533255683051223,30.2
2013-08-23,11:27:27,2.933333333333333,23.33329094780816,0.6666666666666666
2013-08-23,11:32:28,4.0,16.199942694769966,9.533333333333333
2013-08-23,11:37:28,2.8,20.666597154405377,0.26666666666666666
2013-08-23,11:42:28,3.266666666666667,13.866585625542536,22.0
2013-08-23,11:47:28,3.766666666666667,12.06658257378472,35.13333333333333
2013-08-23,11:52:28,3.2,11.466615464952255,22.53333333333333
2013-08-23,11:57:28,4.6,23.13323974609375,4.466666666666667
2013-08-23,12:02:28,25.73333333333333,26.666615804036457,9.8
2013-08-23,12:07:28,21.73333333333333,59.73327636718749,20.33333333333333
2013-08-23,12:12:28,6.7333333333333325,29.333275689019107,28.86666666666667
2013-08-23,12:17:28,6.533333333333334,18.666627671983512,65.86666666666666
2013-08-23,12:22:28,6.666666666666666,15.799942016601562,15.0
2013-08-23,12:27:28,4.733333333333333,12.733272976345486,0.3333333333333333
2013-08-23,12:32:28,7.5,12.933273315429686,9.466666666666667
2013-08-23,12:37:28,5.033333333333333,16.066623263888886,3.1333333333333333
2013-08-23,12:42:28,4.466666666666667,12.733272976345486,28.86666666666667
2013-08-23,12:47:28,4.533333333333333,13.06661817762587,35.6
2013-08-23,12:52:28,4.2,13.333273993598088,18.466666666666665
2013-08-23,12:57:28,4.733333333333333,10.866580539279514,4.4
2013-08-23,13:02:28,4.966666666666667,13.599955240885416,9.333333333333334
2013-08-23,13:07:28,3.8666666666666663,17.33326382107205,1.1333333333333333
2013-08-23,13:12:28,4.166666666666667,13.133265177408854,32.0
2013-08-23,13:17:28,5.266666666666667,15.866597493489584,64.53333333333333
2013-08-23,13:22:28,4.333333333333333,11.93327162000868,11.333333333333336
2013-08-23,13:27:28,3.833333333333333,11.266589694552952,1.0666666666666669
2013-08-23,13:32:28,4.733333333333333,13.399937947591145,8.4
2013-08-23,13:37:28,4.033333333333333,17.466617160373264,1.2666666666666666
2013-08-23,13:42:28,4.233333333333333,13.399937947591145,26.0
2013-08-23,13:47:28,4.5,12.599945068359375,37.8
2013-08-23,13:52:28,3.933333333333333,12.53329806857639,21.93333333333333
2013-08-23,13:57:28,4.166666666666667,9.066602918836807,5.066666666666666
2013-08-23,14:02:28,5.0,13.999922010633684,9.533333333333333
2013-08-23,14:07:28,4.366666666666667,14.399965074327255,2.1333333333333333
2013-08-23,14:12:28,4.633333333333333,14.7332763671875,41.46666666666667
2013-08-23,14:17:28,5.933333333333334,16.933314005533852,67.6
2013-08-23,14:22:28,4.066666666666666,16.99996100531684,1.3333333333333333
2013-08-23,14:27:29,3.666666666666667,10.79995897081163,0.4666666666666667
2013-08-23,14:32:29,4.866666666666667,14.866587320963543,10.8
2013-08-23,14:37:29,3.8666666666666663,17.599953545464405,1.4
2013-08-23,14:42:29,4.333333333333333,12.199952867296005,36.333333333333336
2013-08-23,14:47:29,5.233333333333333,11.533304850260418,46.86666666666667
2013-08-23,14:52:29,4.133333333333333,14.533259073893229,1.3333333333333333
2013-08-23,14:57:29,4.5,10.799933539496525,5.6
2013-08-23,15:02:29,10.866666666666667,13.199937608506945,12.0
2013-08-23,15:07:29,44.1,24.733284844292534,6.4
2013-08-23,15:12:29,4.333333333333333,28.799921671549477,44.06666666666667
2013-08-23,15:17:29,5.433333333333334,17.59991963704427,65.2
2013-08-23,15:22:29,11.4,15.799942016601562,4.6
2013-08-23,15:27:29,3.666666666666667,11.399917602539062,0.6
2013-08-23,15:32:29,4.966666666666667,14.666620890299479,10.066666666666666
2013-08-23,15:37:29,3.8,18.399937947591148,1.4
2013-08-23,15:42:29,4.333333333333333,13.799947102864582,44.06666666666667
2013-08-23,15:47:29,4.866666666666667,13.99993896484375,42.06666666666667
2013-08-23,15:52:29,3.7,11.599934895833334,1.0
2013-08-23,15:57:29,4.066666666666666,9.799931844075521,4.466666666666667
2013-08-23,16:02:29,35.666666666666664,27.93326483832465,9.733333333333333
2013-08-23,16:07:29,8.233333333333334,58.19994608561198,20.666666666666668
2013-08-23,16:12:29,4.433333333333334,24.199930826822914,33.666666666666664
2013-08-23,16:17:29,5.666666666666666,16.399917602539062,68.86666666666666
2013-08-23,16:22:29,4.133333333333333,13.599929809570312,9.466666666666667
2013-08-23,16:27:29,3.933333333333333,9.399922688802082,1.1333333333333333
2013-08-23,16:32:29,4.766666666666667,12.399953206380209,8.8
2013-08-23,16:37:29,4.2,14.999923706054688,1.3333333333333333
2013-08-23,16:42:29,4.433333333333334,11.599934895833334,39.13333333333333
2013-08-23,16:47:29,4.733333333333333,11.399943033854166,42.86666666666667
2013-08-23,16:52:29,4.0,12.399953206380209,0.7333333333333333
2013-08-23,16:57:29,4.533333333333333,10.39995829264323,4.533333333333333
2013-08-23,17:02:29,4.7,15.399958292643229,9.6
2013-08-23,17:07:29,3.933333333333333,17.19996134440104,1.6666666666666667
2013-08-23,17:12:29,4.733333333333333,12.399927775065105,42.06666666666667
2013-08-23,17:17:29,5.7,13.99993896484375,67.4
2013-08-23,17:22:29,4.066666666666666,13.599929809570312,1.8666666666666667
2013-08-23,17:27:29,3.8,13.19994608561198,1.6666666666666667
2013-08-23,17:32:29,4.833333333333333,13.599963717990448,9.6
2013-08-23,17:37:29,4.133333333333333,17.1999274359809,3.0
2013-08-23,17:42:29,4.366666666666667,13.799904717339412,42.8
2013-08-23,17:47:29,4.866666666666667,11.999918619791666,43.53333333333333
2013-08-23,17:52:29,3.933333333333333,12.46661716037326,1.5333333333333334
2013-08-23,17:57:29,4.033333333333333,9.9332767062717,4.8
2013-08-23,18:02:29,9.6,14.733310275607636,11.066666666666665
2013-08-23,18:07:29,8.6,17.066624959309895,3.466666666666667
2013-08-23,18:12:29,4.2,12.533289591471355,49.46666666666667
2013-08-23,18:17:29,5.433333333333334,10.866622924804688,60.13333333333333
2013-08-23,18:22:29,4.233333333333333,12.066624959309896,3.6
2013-08-23,18:27:29,3.733333333333333,10.266587999131943,0.8
2013-08-23,18:32:30,5.966666666666666,12.666566636827255,9.666666666666666
2013-08-23,18:37:30,3.833333333333333,13.19991217719184,0.8666666666666667
2013-08-23,18:42:30,4.233333333333333,11.66658189561632,43.8
2013-08-23,18:47:30,4.833333333333333,13.533265855577255,40.86666666666667
2013-08-23,18:52:30,3.8,9.999915228949654,1.4666666666666666
2013-08-23,18:57:30,4.2,9.066594441731771,5.066666666666666
2013-08-23,19:02:30,6.033333333333334,14.066628350151907,10.933333333333335
2013-08-23,19:07:30,3.8666666666666663,15.266579522026905,1.4
2013-08-23,19:12:30,4.366666666666667,12.733264499240448,40.86666666666667
2013-08-23,19:17:30,5.433333333333334,13.666602240668405,69.13333333333334
2013-08-23,19:22:30,3.933333333333333,15.599924723307293,1.8
2013-08-23,19:27:30,3.7,11.533262464735243,0.8666666666666667
2013-08-23,19:32:30,4.766666666666667,12.666609022352429,9.266666666666667
2013-08-23,19:37:30,3.833333333333333,17.399953206380207,0.2
2013-08-23,19:42:30,4.266666666666667,15.599958631727425,46.13333333333333
2013-08-23,19:47:30,4.466666666666667,12.06661648220486,38.8
2013-08-23,19:52:30,4.5,15.19994947645399,3.0
2013-08-23,19:57:30,4.433333333333334,11.999935574001734,3.8
2013-08-23,20:02:30,35.06666666666666,26.599917941623268,9.666666666666666
2013-08-23,20:07:30,9.733333333333334,54.26661173502604,21.93333333333333
2013-08-23,20:12:30,4.433333333333334,21.733296712239582,44.4
2013-08-23,20:17:30,5.433333333333334,15.33328586154514,65.0
2013-08-23,20:22:30,4.466666666666667,16.399976942274307,1.8666666666666667
2013-08-23,20:27:30,3.8,10.733269585503475,0.9333333333333332
2013-08-23,20:32:30,4.633333333333333,13.199903700086804,9.266666666666667
2013-08-23,20:37:30,3.9,19.599931504991318,1.3333333333333333
2013-08-23,20:42:30,4.166666666666667,14.399965074327255,44.6
2013-08-23,20:47:30,4.733333333333333,13.533299763997395,40.2
2013-08-23,20:52:30,3.733333333333333,10.866589016384546,1.1333333333333333
2013-08-23,20:57:30,4.033333333333333,8.933258056640625,4.666666666666667
2013-08-23,21:02:30,7.533333333333334,13.399920993381077,10.4
2013-08-23,21:07:30,8.4,15.86661444769965,2.933333333333333
2013-08-23,21:12:31,5.7666666666666675,13.399929470486107,45.06666666666667
2013-08-23,21:17:31,8.266666666666666,15.999959309895834,67.13333333333334
2013-08-23,21:22:31,6.5,13.199937608506945,1.4666666666666666
2013-08-23,21:27:31,6.7333333333333325,11.066631740993925,1.0
2013-08-23,21:32:31,4.666666666666667,15.399924384223088,8.6
2013-08-23,21:37:31,3.9,17.266633775499137,1.3333333333333333
2013-08-23,21:42:31,4.166666666666667,13.199937608506945,44.06666666666667
2013-08-23,21:47:31,4.666666666666667,9.46658664279514,38.93333333333333
2013-08-23,21:52:31,3.6,9.66657002766927,0.4666666666666667
2013-08-23,21:57:31,4.066666666666666,9.333250257703995,7.0
2013-08-23,22:02:31,5.0,15.866580539279514,11.4
2013-08-23,22:07:31,4.666666666666667,17.066599527994793,1.4666666666666666
2013-08-23,22:12:31,6.166666666666666,13.866628011067709,42.333333333333336
2013-08-23,22:17:31,6.433333333333334,12.599936591254338,71.06666666666666
2013-08-23,22:22:31,3.666666666666667,13.06661817762587,0.4
2013-08-23,22:27:31,3.633333333333333,8.199920654296875,0.13333333333333333
2013-08-23,22:32:31,4.8,12.933239407009548,9.133333333333333
2013-08-23,22:37:31,3.666666666666667,18.466627332899307,0.13333333333333333
2013-08-23,22:42:31,4.133333333333333,10.933269924587673,46.26666666666666
2013-08-23,22:47:31,4.533333333333333,10.999950832790796,38.93333333333333
2013-08-23,22:52:31,3.566666666666667,13.13323974609375,0.3333333333333333
2013-08-23,22:57:31,4.0,10.999916924370662,3.8666666666666663
2013-08-23,23:02:31,4.666666666666667,13.933258056640627,9.4
2013-08-23,23:07:31,3.833333333333333,16.799969143337677,0.13333333333333333
2013-08-23,23:12:31,4.333333333333333,14.733293321397568,45.4
2013-08-23,23:17:31,5.3,15.199940999348957,65.26666666666667
2013-08-23,23:22:31,4.0,11.866599188910591,1.7333333333333334
2013-08-23,23:27:31,3.7,10.53326924641927,1.0
2013-08-23,23:32:31,4.633333333333333,13.733283148871525,8.466666666666667
2013-08-23,23:37:31,3.833333333333333,16.533287896050343,0.9333333333333332
2013-08-23,23:42:31,4.0,13.93326653374566,46.4
2013-08-23,23:47:32,4.392857142857142,11.571366446358818,38.285714285714285
2013-08-23,23:52:32,3.733333333333333,11.799977620442709,0.3333333333333333
2013-08-23,23:57:32,3.966666666666667,11.13324483235677,3.4
2013-08-24,00:02:32,35.46666666666667,29.06660291883681,9.0
2013-08-24,00:07:32,8.033333333333333,54.59993998209636,20.266666666666666
2013-08-24,00:12:32,4.2,23.199946085611977,42.8
2013-08-24,00:17:32,5.233333333333333,17.399953206380207,67.13333333333334
2013-08-24,00:22:32,3.9,13.199920654296873,1.7333333333333334
2013-08-24,00:27:32,3.533333333333333,9.799957275390625,0.06666666666666668
2013-08-24,00:32:31,4.6,13.19994608561198,8.4
2013-08-24,00:37:31,3.8,15.599950154622396,0.9333333333333332
2013-08-24,00:42:31,4.133333333333333,14.799957275390627,50.33333333333334
2013-08-24,00:47:31,4.533333333333333,13.733266194661459,35.266666666666666
2013-08-24,00:52:31,3.533333333333333,13.599929809570312,0.13333333333333333
2013-08-24,00:57:31,3.833333333333333,13.599955240885416,3.4
2013-08-24,01:02:32,4.566666666666666,13.999922010633684,8.4
2013-08-24,01:07:32,15.7,16.399943033854168,3.466666666666667
2013-08-24,01:12:32,9.333333333333334,13.199920654296873,46.66666666666666
2013-08-24,01:17:32,9.566666666666666,12.999928792317709,66.86666666666666
2013-08-24,01:22:32,9.033333333333333,14.799957275390627,1.2
2013-08-24,01:27:32,1.1333333333333333,13.799947102864582,0
2013-08-24,01:32:32,2.7,13.733283148871525,84.13333333333334
2013-08-24,01:37:32,2.933333333333333,17.199935913085938,21.066666666666666
2013-08-24,01:42:32,1.2,12.399927775065105,72.26666666666667
2013-08-24,01:47:32,1.7333333333333334,11.199925740559896,100.0
2013-08-24,01:52:32,0.6,12.799962361653646,0
2013-08-24,01:57:32,0.8666666666666667,9.999923706054688,3.4
2013-08-24,02:02:32,32.5,28.199912177191838,9.0
2013-08-24,02:07:32,5.866666666666666,52.73325602213542,19.066666666666666
2013-08-24,02:12:32,1.1333333333333333,20.866580539279514,50.46666666666667
2013-08-24,02:17:32,1.7666666666666666,13.799930148654513,48.0
2013-08-24,02:22:32,0.6333333333333333,12.999903361002604,0.06666666666666668
2013-08-24,02:27:32,0.5333333333333333,9.7332763671875,0
2013-08-24,02:32:32,1.6666666666666663,12.066608005099829,8.533333333333333
2013-08-24,02:37:32,0.6333333333333333,14.866604275173614,1.6666666666666667
2013-08-24,02:42:32,1.1,16.066623263888886,53.73333333333333
2013-08-24,02:47:32,1.1,13.333282470703125,21.466666666666665
2013-08-24,02:52:32,0.6333333333333333,14.733267890082463,0.13333333333333333
2013-08-24,02:57:32,0.8666666666666667,10.599924723307291,3.6
2013-08-24,03:02:32,1.5333333333333334,13.066575792100696,8.0
2013-08-24,03:07:32,0.7666666666666667,15.466605292426214,0.6666666666666666
2013-08-24,03:12:32,1.2142857142857144,13.285636901855469,52.78571428571429
2013-08-24,03:17:32,1.7,13.066601223415796,47.4
2013-08-24,03:22:32,0.6333333333333333,11.733262803819443,0.2
2013-08-24,03:27:32,0.5333333333333333,10.466596815321182,0.06666666666666668
2013-08-24,03:32:32,1.6,10.533277723524305,7.8
2013-08-24,03:37:32,0.8,15.33328586154514,0.7333333333333333
2013-08-24,03:42:33,1.0666666666666669,12.866626315646702,52.13333333333333
2013-08-24,03:47:33,1.1,12.199944390190971,23.33333333333333
2013-08-24,03:52:33,0.6333333333333333,12.999945746527777,0.13333333333333333
2013-08-24,03:57:33,0.8333333333333333,8.466601901584202,3.2
2013-08-24,04:02:33,1.5333333333333334,14.266603257921004,8.266666666666667
2013-08-24,04:07:33,0.7666666666666667,16.26659817165799,0.7333333333333333
2013-08-24,04:12:33,1.0,12.333263821072048,37.0
2013-08-24,04:17:33,1.7666666666666666,12.33324686686198,60.8
2013-08-24,04:22:33,0.7666666666666667,12.533272637261286,0.4
2013-08-24,04:27:33,0.5333333333333333,9.866604275173609,0
2013-08-24,04:32:33,1.6,10.99993387858073,7.866666666666666
2013-08-24,04:37:33,0.7666666666666667,14.599897596571177,0.7333333333333333
2013-08-24,04:42:33,1.0,11.799935234917532,43.53333333333333
2013-08-24,04:47:33,1.1666666666666667,8.599929809570312,28.6
2013-08-24,04:52:33,0.6333333333333333,9.53325907389323,0.06666666666666668
2013-08-24,04:57:33,0.8333333333333333,9.999957614474829,3.1333333333333333
2013-08-24,05:02:33,1.5333333333333334,13.199954562717018,8.266666666666667
2013-08-24,05:07:33,0.8,16.86661614312066,0.8
2013-08-24,05:12:33,1.0,12.266599867078991,40.73333333333333
2013-08-24,05:17:33,1.7857142857142858,11.714235941569012,60.0
2013-08-24,05:22:33,0.7333333333333333,12.733281453450521,0.6
2013-08-24,05:27:33,0.5666666666666667,11.59991794162326,0
2013-08-24,05:32:33,1.6333333333333335,12.399927775065105,7.7333333333333325
2013-08-24,05:37:33,0.8,17.066591050889755,0.7333333333333333
2013-08-24,05:42:33,1.0,14.466603597005209,43.6
2013-08-24,05:47:33,1.2666666666666666,9.466569688585068,31.8
2013-08-24,05:52:33,0.6666666666666667,9.33328416612413,0
2013-08-24,05:57:33,0.8,8.666602240668402,3.1333333333333333
2013-08-24,06:02:33,2.7,15.066604614257814,8.266666666666667
2013-08-24,06:07:33,1.2666666666666666,25.933252970377602,0.8
2013-08-24,06:12:33,1.1333333333333333,16.466590033637154,46.73333333333333
2013-08-24,06:17:33,1.7333333333333334,14.733250935872396,52.4
2013-08-24,06:22:33,0.7,11.199934217664932,0
2013-08-24,06:27:33,0.5333333333333333,8.666568332248266,0
2013-08-24,06:32:34,1.7333333333333334,17.333238389756943,8.466666666666667
2013-08-24,06:37:34,0.6333333333333333,20.39994981553819,0.06666666666666668
2013-08-24,06:42:34,0.9666666666666668,13.733283148871525,48.73333333333333
2013-08-24,06:47:34,1.2,10.666614108615454,26.86666666666667
2013-08-24,06:52:34,0.6666666666666667,10.466596815321182,0
2013-08-24,06:57:34,0.8,8.533265855577255,3.1333333333333333
2013-08-24,07:02:34,1.7333333333333334,15.599967108832463,9.066666666666666
2013-08-24,07:07:34,0.6666666666666667,19.599948459201393,0
2013-08-24,07:12:34,1.0,11.7999267578125,34.2
2013-08-24,07:17:34,1.7666666666666666,14.333284166124136,63.86666666666667
2013-08-24,07:22:34,0.8333333333333333,10.066596137152777,0.5333333333333333
2013-08-24,07:27:34,0.5,7.599945068359375,0
2013-08-24,07:32:34,1.7333333333333334,13.866568671332463,8.466666666666667
2013-08-24,07:37:34,0.6333333333333333,20.266638861762157,0
2013-08-24,07:42:34,0.9,10.53326924641927,36.73333333333333
2013-08-24,07:47:34,1.2333333333333334,7.666609022352429,38.86666666666667
2013-08-24,07:52:34,0.6666666666666667,10.533277723524305,0
2013-08-24,07:57:34,0.9333333333333332,7.266574435763888,3.6
2013-08-24,08:02:34,28.466666666666665,24.666612413194443,8.933333333333334
2013-08-24,08:07:34,9.8,64.73328484429254,19.0
2013-08-24,08:12:34,1.1333333333333333,27.333255343967018,49.86666666666667
2013-08-24,08:17:34,1.75,16.999944051106773,49.42857142857143
2013-08-24,08:22:34,0.8,13.933275010850696,0.6666666666666666
2013-08-24,08:27:34,0.5,8.333265516493057,0
2013-08-24,08:32:34,1.5333333333333334,17.733264499240452,8.2
2013-08-24,08:37:35,0.7666666666666667,21.066606309678818,0.3333333333333333
2013-08-24,08:42:35,0.9333333333333332,12.599911159939236,42.2
2013-08-24,08:47:35,1.1785714285714286,12.214242844354539,31.92857142857143
2013-08-24,08:52:35,0.6333333333333333,12.799953884548609,0.06666666666666668
2013-08-24,08:57:35,0.8333333333333333,11.799977620442709,3.6
2013-08-24,09:02:35,1.4666666666666666,13.133290608723957,8.333333333333334
2013-08-24,09:07:35,0.7666666666666667,17.53326416015625,0.6666666666666666
2013-08-24,09:12:35,0.9333333333333332,13.13328213161892,39.53333333333333
2013-08-24,09:17:35,1.8,13.333248562282984,58.13333333333333
2013-08-24,09:22:35,0.7,11.199951171875,0.13333333333333333
2013-08-24,09:27:35,0.5333333333333333,9.733250935872395,0
2013-08-24,09:32:35,1.5333333333333334,12.466608683268229,7.8
2013-08-24,09:37:35,0.8,19.333267211914062,0.7333333333333333
2013-08-24,09:42:34,1.0,10.866597493489582,46.93333333333333
2013-08-24,09:47:34,1.1428571428571432,10.999924795968191,28.785714285714285
2013-08-24,09:52:34,0.6666666666666667,9.333267211914062,0.06666666666666668
2013-08-24,09:57:34,0.8666666666666667,7.266599867078995,4.266666666666667
2013-08-24,10:02:35,1.5666666666666669,15.1332770453559,8.266666666666667
2013-08-24,10:07:35,0.8333333333333333,20.399958292643227,2.8666666666666667
2013-08-24,10:12:35,0.8928571428571429,12.92854490734282,35.642857142857146
2013-08-24,10:17:35,1.6666666666666663,12.333289252387152,56.73333333333333
2013-08-24,10:22:35,0.8666666666666667,11.333253648546005,4.866666666666666
2013-08-24,10:27:35,0.5666666666666667,8.666576809353298,0
2013-08-24,10:32:35,1.6,11.333287556966146,7.933333333333334
2013-08-24,10:37:35,0.7666666666666667,17.59993659125434,0.8666666666666667
2013-08-24,10:42:35,0.9285714285714286,11.428487868536086,42.214285714285715
2013-08-24,10:47:35,1.2,11.39993455674913,31.6
2013-08-24,10:52:35,0.6428571428571429,10.571352640787762,0.07142857142857142
2013-08-24,10:57:35,0.8571428571428571,10.999942961193266,3.3571428571428568
2013-08-24,11:02:35,1.4333333333333331,14.599914550781248,8.266666666666667
2013-08-24,11:07:35,0.9,16.59996880425347,3.4
2013-08-24,11:12:35,1.0,10.799933539496525,42.4
2013-08-24,11:17:35,1.8,13.666593763563364,54.4
2013-08-24,11:22:35,0.7,11.866599188910591,0.06666666666666668
2013-08-24,11:27:35,0.6333333333333333,7.599945068359375,0
2013-08-24,11:32:35,1.6,15.73326958550347,7.7333333333333325
2013-08-24,11:37:35,0.9,16.533262464735245,2.533333333333333
2013-08-24,11:42:35,1.0357142857142856,10.999961126418341,48.07142857142857
2013-08-24,11:47:35,1.1,10.466596815321182,26.466666666666665
2013-08-24,11:52:35,0.6071428571428572,10.642787388392856,0.07142857142857142
2013-08-24,11:57:35,0.8666666666666667,9.199930826822916,3.1333333333333333
2013-08-24,12:02:35,36.6,32.46660868326823,15.8
2013-08-24,12:07:35,5.333333333333334,59.99994066026475,14.866666666666667
2013-08-24,12:12:35,1.7,24.73326789008247,43.0
2013-08-24,12:17:35,2.1666666666666665,17.066616482204864,55.0
2013-08-24,12:22:35,0.6666666666666667,11.866582234700521,0.06666666666666668
2013-08-24,12:27:35,0.5666666666666667,8.533274332682291,0
2013-08-24,12:32:35,2.733333333333333,15.999950832790802,8.8
2013-08-24,12:37:35,0.6785714285714286,16.642824808756508,0
2013-08-24,12:42:35,1.0,11.642810276576453,47.57142857142857
2013-08-24,12:47:35,1.1785714285714286,9.999947320847284,27.142857142857146
2013-08-24,12:52:35,0.6333333333333333,10.266621907552082,0
2013-08-24,12:57:35,0.8571428571428571,9.785652160644531,3.2857142857142856
2013-08-24,13:02:35,1.8571428571428568,16.142799740745907,9.571428571428571
2013-08-24,13:07:35,0.6,18.79992167154948,0
2013-08-24,13:12:36,0.9642857142857144,11.14281245640346,38.57142857142857
2013-08-24,13:17:36,1.6666666666666663,15.466613769531248,55.06666666666667
2013-08-24,13:22:36,0.8214285714285714,12.642787751697359,0.7857142857142857
2013-08-24,13:27:36,0.5357142857142857,11.642819359188989,0
2013-08-24,13:32:36,1.6666666666666663,18.99993896484375,8.6
2013-08-24,13:37:36,0.7333333333333333,18.0666266547309,2.0
2013-08-24,13:42:36,1.1,13.133256700303816,49.53333333333333
2013-08-24,13:47:36,1.1785714285714286,10.571352640787762,26.214285714285715
2013-08-24,13:52:36,0.6333333333333333,10.599950154622395,0
2013-08-24,13:57:36,0.9333333333333332,10.399941338433159,3.6
2013-08-24,14:02:36,1.6071428571428572,15.999948410760789,9.571428571428571
2013-08-24,14:07:36,0.7,17.266599867078995,1.8666666666666667
2013-08-24,14:12:36,0.9666666666666668,13.199937608506945,40.4
2013-08-24,14:17:36,1.8,13.733240763346355,57.26666666666666
2013-08-24,14:22:36,0.7,12.799928453233509,0
2013-08-24,14:27:36,0.5666666666666667,9.466603597005207,0
2013-08-24,14:32:36,1.5666666666666669,16.533287896050343,8.466666666666667
2013-08-24,14:37:36,0.8,18.9332750108507,1.4666666666666666
2013-08-24,14:42:36,0.9333333333333332,13.666619194878473,44.6
2013-08-24,14:47:36,1.1333333333333333,10.733252631293402,29.33333333333333
2013-08-24,14:52:36,0.5666666666666667,10.533260769314234,0
2013-08-24,14:57:36,0.8666666666666667,9.59991455078125,3.466666666666667
2013-08-24,15:02:36,1.4,17.866592407226562,7.8
2013-08-24,15:07:36,4.833333333333333,26.19993421766493,2.933333333333333
2013-08-24,15:12:36,1.1333333333333333,28.733257717556416,44.26666666666666
2013-08-24,15:17:36,1.8333333333333333,16.066606309678818,53.06666666666667
2013-08-24,15:22:36,0.7333333333333333,14.733267890082463,0.13333333333333333
2013-08-24,15:27:36,0.5666666666666667,9.999940660264755,0
2013-08-24,15:32:36,1.5333333333333334,14.199939303927952,7.7333333333333325
2013-08-24,15:37:36,0.8333333333333333,17.399961683485245,3.066666666666667
2013-08-24,15:42:36,1.0333333333333332,12.799919976128473,44.73333333333333
2013-08-24,15:47:36,1.1333333333333333,11.199951171875,29.066666666666666
2013-08-24,15:52:37,0.5666666666666667,10.933278401692709,0.06666666666666668
2013-08-24,15:57:37,0.8666666666666667,10.066613091362846,3.1333333333333333
2013-08-24,16:02:37,33.93333333333334,33.26661003960504,8.266666666666667
2013-08-24,16:07:37,5.166666666666666,58.79994710286458,21.73333333333333
2013-08-24,16:12:37,1.0666666666666669,23.733274671766495,44.6
2013-08-24,16:17:37,1.7,13.799921671549479,52.93333333333333
2013-08-24,16:22:37,0.6666666666666667,11.266606648763021,0.06666666666666668
2013-08-24,16:27:37,0.6,8.866611056857641,0
2013-08-24,16:32:37,1.5666666666666669,15.466596815321177,7.866666666666666
2013-08-24,16:37:37,0.8333333333333333,21.399917602539062,3.4
2013-08-24,16:42:37,1.0333333333333332,12.199935913085938,44.46666666666667
2013-08-24,16:47:37,1.1666666666666667,10.466579861111112,29.13333333333333
2013-08-24,16:52:37,0.5666666666666667,13.19994608561198,0.06666666666666668
2013-08-24,16:57:37,0.8666666666666667,9.933251274956596,3.066666666666667
2013-08-24,17:02:37,1.5666666666666669,16.599909464518227,8.466666666666667
2013-08-24,17:07:37,0.7666666666666667,15.53326076931424,2.6666666666666665
2013-08-24,17:12:37,1.2,10.799942016601562,51.6
2013-08-24,17:17:37,1.7,15.06658766004774,45.86666666666667
2013-08-24,17:22:37,0.6333333333333333,14.599939982096355,0
2013-08-24,17:27:37,0.6071428571428572,10.99993387858073,0
2013-08-24,17:32:37,1.4666666666666666,14.86659579806858,7.866666666666666
2013-08-24,17:37:37,0.8,17.399927775065105,3.2666666666666666
2013-08-24,17:42:37,0.9666666666666668,13.199920654296873,45.0
2013-08-24,17:47:37,1.1333333333333333,10.466571384006075,28.4
2013-08-24,17:52:37,0.6,12.199910481770832,0
2013-08-24,17:57:37,0.8666666666666667,8.999930487738713,3.1333333333333333
2013-08-24,18:02:37,1.5,15.799933539496532,8.333333333333334
2013-08-24,18:07:37,0.8,20.199940999348957,2.933333333333333
2013-08-24,18:12:37,1.2333333333333334,11.99994405110677,50.13333333333333
2013-08-24,18:17:37,1.6333333333333335,12.799936930338543,46.86666666666667
2013-08-24,18:22:37,0.6333333333333333,12.79991149902344,0.13333333333333333
2013-08-24,18:27:37,0.6,10.399932861328125,0
2013-08-24,18:32:37,1.4333333333333331,12.199961344401041,7.866666666666666
2013-08-24,18:37:38,0.7666666666666667,16.199925740559895,2.466666666666667
2013-08-24,18:42:37,1.0333333333333332,12.199935913085938,49.33333333333334
2013-08-24,18:47:37,1.1,9.199930826822916,25.0
2013-08-24,18:52:37,0.5666666666666667,11.799952189127605,0
2013-08-24,18:57:37,0.9333333333333332,10.599950154622395,3.066666666666667
2013-08-24,19:02:37,1.6666666666666663,16.733271280924477,8.8
2013-08-24,19:07:37,0.7333333333333333,19.399948120117188,1.8666666666666667
2013-08-24,19:12:37,1.1,14.399948120117188,41.86666666666667
2013-08-24,19:17:37,1.8,13.99993896484375,55.66666666666666
2013-08-24,19:22:37,0.6333333333333333,11.7999267578125,0
2013-08-24,19:27:37,0.6,9.399948120117188,0
2013-08-24,19:32:37,1.6,14.666612413194443,8.4
2013-08-24,19:37:37,0.7,16.599934895833332,2.6666666666666665
2013-08-24,19:42:37,1.0333333333333332,12.199935913085938,48.46666666666667
2013-08-24,19:47:37,1.0333333333333332,10.799942016601562,24.93333333333333
2013-08-24,19:52:37,0.6,11.199900309244793,0
2013-08-24,19:57:37,0.9333333333333332,8.999913533528646,3.066666666666667
2013-08-24,20:02:37,37.5,34.399939643012154,28.4
2013-08-24,20:07:37,1.8,55.39995829264323,2.533333333333333
2013-08-24,20:12:37,1.1333333333333333,21.399943033854164,46.13333333333333
2013-08-24,20:17:37,1.7333333333333334,12.999928792317709,50.86666666666667
2013-08-24,20:22:37,0.6333333333333333,11.466598510742188,0
2013-08-24,20:27:37,0.6,10.799942016601562,0
2013-08-24,20:32:38,1.6333333333333335,14.866604275173614,8.333333333333334
2013-08-24,20:37:38,0.7,17.999903361002602,2.0
2013-08-24,20:42:38,1.0333333333333332,11.399917602539062,44.0
2013-08-24,20:47:38,1.1666666666666667,10.199940999348959,30.066666666666666
2013-08-24,20:52:38,0.6,9.999932183159725,0
2013-08-24,20:57:38,0.9666666666666668,10.066613091362846,3.6
2013-08-24,21:02:38,1.5,11.599909464518229,8.466666666666667
2013-08-24,21:07:38,0.7333333333333333,17.066624959309895,2.2
2013-08-24,21:12:38,1.1333333333333333,12.399944729275171,53.53333333333333
2013-08-24,21:17:38,1.6666666666666663,16.06658935546875,44.0
2013-08-24,21:22:38,0.6333333333333333,13.199903700086804,0
2013-08-24,21:27:38,0.5666666666666667,9.199913872612846,0
2013-08-24,21:32:38,1.5666666666666669,14.86657884385851,8.333333333333334
2013-08-24,21:37:38,0.7666666666666667,18.266626993815105,1.8666666666666667
2013-08-24,21:42:38,1.0666666666666669,10.266621907552082,48.66666666666666
2013-08-24,21:47:38,1.1333333333333333,9.999915228949654,25.53333333333333
2013-08-24,21:52:38,0.6,11.066623263888888,0
2013-08-24,21:57:38,0.9,8.533274332682291,3.2666666666666666
2013-08-24,22:02:38,1.4666666666666666,13.13328213161892,8.133333333333333
2013-08-24,22:07:38,0.8,16.59991794162326,5.066666666666666
2013-08-24,22:12:38,1.1666666666666667,12.533264160156252,52.93333333333333
2013-08-24,22:17:38,1.6666666666666663,12.466591729058159,42.06666666666667
2013-08-24,22:22:38,0.6333333333333333,12.666609022352429,0.13333333333333333
2013-08-24,22:27:38,0.5666666666666667,7.533272637261283,0
2013-08-24,22:32:38,1.4666666666666666,14.666612413194443,7.866666666666666
2013-08-24,22:37:38,0.8333333333333333,16.933297051323784,3.6666666666666665
2013-08-24,22:42:38,1.0,12.39993625217014,51.13333333333333
2013-08-24,22:47:38,1.1666666666666667,9.066585964626737,21.86666666666667
2013-08-24,22:52:38,0.6,8.79993862575955,0.06666666666666668
2013-08-24,22:57:39,0.8666666666666667,8.93324957953559,3.066666666666667
2013-08-24,23:02:39,1.5,14.066569010416666,8.2
2013-08-24,23:07:39,0.7666666666666667,18.666610717773438,2.533333333333333
2013-08-24,23:12:39,1.0666666666666669,11.533262464735243,53.66666666666666
2013-08-24,23:17:39,1.6,13.933275010850696,43.8
2013-08-24,23:22:39,0.6666666666666667,12.79991149902344,0.06666666666666668
2013-08-24,23:27:39,0.5666666666666667,10.199949476453995,0
2013-08-24,23:32:39,1.5333333333333334,13.99993896484375,7.8
2013-08-24,23:37:39,0.8,16.999944051106773,5.133333333333334
2013-08-24,23:42:39,1.0,11.133278740776912,55.0
2013-08-24,23:47:39,1.0333333333333332,9.39993964301215,16.4
2013-08-24,23:52:39,0.6333333333333333,10.7332271999783,0
2013-08-24,23:57:39,0.8666666666666667,8.933275010850693,3.1333333333333333
2013-08-25,00:02:39,36.7,35.99991692437066,27.53333333333333
2013-08-25,00:07:39,1.8333333333333333,51.46662394205729,5.333333333333333
2013-08-25,00:12:39,1.1666666666666667,22.399936252170143,55.2
2013-08-25,00:17:39,1.5666666666666669,13.93328348795573,39.46666666666667
2013-08-25,00:22:39,0.6666666666666667,13.399971856011286,0
2013-08-25,00:27:39,0.5333333333333333,10.333268907335068,0
2013-08-25,00:32:39,1.3666666666666665,14.733267890082463,7.7333333333333325
2013-08-25,00:37:39,0.7666666666666667,16.5999518500434,5.6
2013-08-25,00:42:39,1.0666666666666669,11.666607326931421,59.4
2013-08-25,00:47:39,1.0,9.866595798068577,11.666666666666664
2013-08-25,00:52:39,0.6333333333333333,9.999923706054688,0
2013-08-25,00:57:39,0.8333333333333333,11.3999260796441,3.1333333333333333
2013-08-25,01:02:39,1.4666666666666666,14.266603257921004,8.266666666666667
2013-08-25,01:07:39,0.7666666666666667,13.73323228624132,2.533333333333333
2013-08-25,01:12:39,1.3,11.93328857421875,67.46666666666667
2013-08-25,01:17:39,1.5,12.999928792317709,30.2
2013-08-25,01:22:39,0.6666666666666667,9.666595458984375,0
2013-08-25,01:27:39,2.033333333333333,14.7332763671875,0
2013-08-25,01:32:39,3.633333333333333,28.999938964843746,84.33333333333333
2013-08-25,01:37:39,4.033333333333333,28.666610717773438,83.06666666666666
2013-08-25,01:42:39,4.233333333333333,22.199927435980907,100.0
2013-08-25,01:47:39,1.9333333333333331,19.466612074110238,33.13333333333333
2013-08-25,01:52:39,0.7333333333333333,14.933285183376736,21.66666666666667
2013-08-25,01:57:40,1.1666666666666667,10.666597154405382,100.0
2013-08-25,02:02:40,36.566666666666656,35.66658867730035,27.266666666666666
2013-08-25,02:07:40,2.4333333333333336,58.33326551649306,2.6
2013-08-25,02:12:40,1.1,23.133256700303825,44.06666666666667
2013-08-25,02:17:40,1.4333333333333331,14.333258734809027,30.66666666666667
2013-08-25,02:22:40,0.7,10.866614447699654,0
2013-08-25,02:27:40,0.5333333333333333,9.999898274739582,0
2013-08-25,02:32:40,1.5333333333333334,15.06659613715278,7.6
2013-08-25,02:37:40,0.6666666666666667,16.666598849826386,2.6
2013-08-25,02:42:40,0.8666666666666667,12.1999274359809,42.6
2013-08-25,02:47:40,0.9333333333333332,11.399909125434029,11.533333333333333
2013-08-25,02:52:40,1.4,18.066618177625863,8.0
2013-08-25,03:07:40,0.6666666666666667,15.333268907335073,1.8
2013-08-25,03:12:40,1.0666666666666669,12.199969821506073,38.46666666666667
2013-08-25,03:17:40,1.5666666666666669,13.333273993598088,37.266666666666666
2013-08-25,03:22:40,0.7,11.39993455674913,0.13333333333333333
2013-08-25,03:27:40,0.6333333333333333,10.533252292209204,0.6
2013-08-25,03:32:40,1.4666666666666666,15.733286539713543,7.7333333333333325
2013-08-25,03:37:40,0.7666666666666667,15.53326076931424,3.0
2013-08-25,03:42:40,0.9333333333333332,10.266596476236979,41.46666666666667
2013-08-25,03:47:40,0.9333333333333332,11.266589694552952,12.133333333333333
2013-08-25,03:52:41,0.6,13.06658426920573,0
2013-08-25,03:57:41,0.9,10.399932861328125,3.2666666666666666
2013-08-25,04:02:41,1.4,12.866609361436629,7.4
2013-08-25,04:07:41,0.7333333333333333,15.7999504937066,2.8
2013-08-25,04:12:41,1.0666666666666669,11.5999264187283,40.73333333333333
2013-08-25,04:17:41,1.3666666666666665,10.333268907335068,33.6
2013-08-25,04:22:41,0.7333333333333333,11.46658155653212,0.2
2013-08-25,04:27:41,0.5666666666666667,8.533265855577255,0
2013-08-25,04:32:41,1.4,14.133275349934896,7.133333333333334
2013-08-25,04:37:41,0.8,13.799972534179686,3.1333333333333333
2013-08-25,04:42:41,0.9,12.199935913085938,37.73333333333333
2013-08-25,04:47:41,0.9333333333333332,11.266581217447918,16.333333333333332
2013-08-25,04:52:41,0.6,10.599924723307291,0
2013-08-25,04:57:41,0.9,11.133253309461805,3.066666666666667
2013-08-25,05:02:41,1.4333333333333331,15.133285522460938,7.6
2013-08-25,05:07:41,0.7333333333333333,18.066592746310764,3.466666666666667
2013-08-25,05:12:41,1.0333333333333332,12.599945068359375,36.93333333333333
2013-08-25,05:17:41,1.6,15.99993387858073,37.13333333333333
2013-08-25,05:22:41,0.7,12.399927775065105,0
2013-08-25,05:27:41,0.5666666666666667,9.599923027886287,0
2013-08-25,05:32:41,1.4,16.399943033854168,7.133333333333334
2013-08-25,05:37:41,0.8333333333333333,14.599939982096355,3.466666666666667
2013-08-25,05:42:41,1.0,10.999908447265625,52.33333333333334
2013-08-25,05:47:41,0.8333333333333333,9.599939982096355,1.0666666666666669
2013-08-25,05:52:41,0.6,9.999898274739582,0
2013-08-25,05:57:41,0.9333333333333332,9.333250257703995,3.066666666666667
2013-08-25,06:02:41,1.4,16.733254326714405,7.6
2013-08-25,06:07:41,0.7333333333333333,16.799952189127605,1.4
2013-08-25,06:12:42,1.1333333333333333,13.399963378906252,47.26666666666666
2013-08-25,06:17:42,1.4333333333333331,11.99994405110677,28.93333333333333
2013-08-25,06:22:42,0.7,10.599924723307291,0
2013-08-25,06:27:42,0.6,7.399953206380208,0
2013-08-25,06:32:42,1.4,14.333292643229168,7.133333333333334
2013-08-25,06:37:42,0.8,18.19994608561198,3.066666666666667
2013-08-25,06:42:42,1.0666666666666669,12.399927775065105,50.73333333333333
2013-08-25,06:47:42,0.9,9.19995625813802,3.1333333333333333
2013-08-25,06:52:42,0.6,11.199900309244793,0
2013-08-25,06:57:42,0.9333333333333332,9.999923706054688,3.066666666666667
2013-08-25,07:02:42,1.4333333333333331,14.933268229166666,7.6
2013-08-25,07:07:42,0.7333333333333333,17.399927775065105,2.7333333333333334
2013-08-25,07:12:42,1.1666666666666667,11.599934895833334,54.8
2013-08-25,07:17:42,1.3666666666666665,14.199956258138021,20.066666666666666
2013-08-25,07:22:42,0.6666666666666667,11.399943033854166,0
2013-08-25,07:27:42,0.6333333333333333,9.933234320746525,0
2013-08-25,07:32:42,1.4,13.06658426920573,7.2
2013-08-25,07:37:42,0.7666666666666667,14.399948120117188,3.333333333333333
2013-08-25,07:42:42,1.0333333333333332,10.599924723307291,52.66666666666666
2013-08-25,07:47:42,0.8666666666666667,9.866570366753475,1.0666666666666669
2013-08-25,07:52:42,0.6,11.599909464518229,0
2013-08-25,07:57:42,0.9666666666666668,8.99993896484375,3.066666666666667
2013-08-25,08:02:42,36.53333333333333,33.333273993598084,26.0
2013-08-25,08:07:42,1.8333333333333333,53.19997151692708,3.8
2013-08-25,08:12:42,1.1333333333333333,20.399932861328125,53.8
2013-08-25,08:17:42,1.4333333333333331,15.599924723307293,20.0
2013-08-25,08:22:42,0.7,11.199951171875,0.06666666666666668
2013-08-25,08:27:42,0.6666666666666667,8.799947102864584,0
2013-08-25,08:32:42,1.4666666666666666,16.26660664876302,7.666666666666668
2013-08-25,08:37:42,0.7,18.799947102864582,3.8666666666666663
2013-08-25,08:42:42,1.0333333333333332,14.399922688802084,51.66666666666666
2013-08-25,08:47:42,0.9333333333333332,12.199935913085938,1.0666666666666669
2013-08-25,08:52:42,0.6,10.599924723307291,0
2013-08-25,08:57:42,0.9333333333333332,9.799931844075521,3.066666666666667
2013-08-25,09:02:42,1.5,16.666641235351562,8.133333333333333
2013-08-25,09:07:42,0.5666666666666667,16.33327907986111,5.7333333333333325
2013-08-25,09:12:42,1.2333333333333334,10.799925062391493,46.2
2013-08-25,09:17:43,1.3333333333333337,12.533255683051218,25.066666666666666
2013-08-25,09:22:43,0.6666666666666667,11.599934895833334,0.06666666666666668
2013-08-25,09:27:43,0.7,8.599921332465279,0
2013-08-25,09:32:43,1.4666666666666666,14.533284505208332,7.666666666666668
2013-08-25,09:37:43,0.6666666666666667,18.066618177625863,5.7333333333333325
2013-08-25,09:42:43,1.1333333333333333,12.599936591254338,49.8
2013-08-25,09:47:43,0.8666666666666667,8.666602240668402,1.0666666666666669
2013-08-25,09:52:43,0.6,10.1332770453559,0
2013-08-25,09:57:43,1.1,9.599939982096355,4.666666666666667
2013-08-25,10:02:43,1.4,13.2666015625,7.666666666666668
2013-08-25,10:07:43,0.5666666666666667,17.866609361436627,2.8666666666666667
2013-08-25,10:12:43,1.2,11.19991726345486,53.86666666666667
2013-08-25,10:17:43,1.4,15.399949815538191,20.266666666666666
2013-08-25,10:22:43,0.6333333333333333,11.533262464735243,0
2013-08-25,10:27:43,0.7,8.333273993598088,0.06666666666666668
2013-08-25,10:32:43,1.4,13.399929470486107,7.666666666666668
2013-08-25,10:37:43,0.7,16.866624620225693,4.666666666666667
2013-08-25,10:42:43,1.1333333333333333,12.599936591254338,47.86666666666667
2013-08-25,10:47:43,0.8333333333333333,11.999952528211804,4.066666666666666
2013-08-25,10:52:43,0.5333333333333333,12.199935913085938,0
2013-08-25,10:57:43,1.0333333333333332,9.799931844075521,3.533333333333333
2013-08-25,11:02:43,1.3666666666666665,14.9332512749566,7.7333333333333325
2013-08-25,11:07:43,0.6333333333333333,17.199935913085938,5.6
2013-08-25,11:12:43,1.2333333333333334,12.199910481770832,51.26666666666666
2013-08-25,11:17:43,1.3666666666666665,13.333307902018229,20.2
2013-08-25,11:22:43,0.7,12.799928453233509,0
2013-08-25,11:27:43,0.7,9.133275349934895,0
2013-08-25,11:32:44,1.3666666666666665,12.333263821072048,7.2666666666666675
2013-08-25,11:37:44,0.7333333333333333,16.06658935546875,3.066666666666667
2013-08-25,11:42:44,1.1,13.599929809570312,52.8
2013-08-25,11:47:44,0.8,10.399932861328125,1.0666666666666669
2013-08-25,11:52:44,0.5666666666666667,11.666598849826391,0
2013-08-25,11:57:44,1.0,11.533262464735243,3.066666666666667
2013-08-25,12:02:44,36.3,34.73329332139756,26.466666666666665
2013-08-25,12:07:44,2.2333333333333334,54.86661275227864,3.2666666666666666
2013-08-25,12:12:44,1.2,21.466623942057293,53.73333333333333
2013-08-25,12:17:44,1.4,14.933268229166666,20.53333333333333
2013-08-25,12:22:44,0.6666666666666667,12.866609361436629,0
2013-08-25,12:27:44,0.6666666666666667,9.0665774875217,0
2013-08-25,12:32:44,1.3666666666666665,13.13328213161892,7.133333333333334
2013-08-25,12:37:44,0.7666666666666667,14.466612074110238,6.7333333333333325
2013-08-25,12:42:44,1.0666666666666669,9.266603257921007,49.4
2013-08-25,12:47:44,0.8666666666666667,9.933225843641493,1.0666666666666669
2013-08-25,12:52:44,0.5666666666666667,10.53323533799913,0
2013-08-25,12:57:43,0.9333333333333332,11.133287217881943,3.066666666666667
2013-08-25,13:02:43,1.4333333333333331,15.93329535590278,7.7333333333333325
2013-08-25,13:07:43,0.6666666666666667,14.199930826822918,3.2666666666666666
2013-08-25,13:12:43,1.1,12.866600884331596,48.0
2013-08-25,13:17:43,1.4333333333333331,11.86663309733073,26.466666666666665
2013-08-25,13:22:43,0.6333333333333333,11.59994337293837,0.06666666666666668
2013-08-25,13:27:43,0.6666666666666667,8.93324957953559,0.06666666666666668
2013-08-25,13:32:43,1.3666666666666665,13.333282470703125,7.2666666666666675
2013-08-25,13:37:43,0.7333333333333333,13.866602579752604,4.933333333333334
2013-08-25,13:42:43,1.0666666666666669,10.799942016601562,51.2
2013-08-25,13:47:43,0.8333333333333333,10.666614108615454,1.2666666666666666
2013-08-25,13:52:43,0.5666666666666667,12.533306545681421,0
2013-08-25,13:57:43,0.9,9.666578504774305,3.066666666666667
2013-08-25,14:02:43,1.4333333333333331,15.066579182942707,7.6
2013-08-25,14:07:43,0.7333333333333333,17.066616482204864,6.2666666666666675
2013-08-25,14:12:43,1.1666666666666667,9.13328382703993,51.4
2013-08-25,14:17:43,1.3333333333333337,12.733272976345486,19.933333333333334
2013-08-25,14:22:43,0.6333333333333333,10.933261447482641,0
2013-08-25,14:27:43,0.6666666666666667,9.799897935655382,0
2013-08-25,14:32:43,1.3666666666666665,11.866599188910591,7.2
2013-08-25,14:37:44,0.7666666666666667,13.866602579752604,3.466666666666667
2013-08-25,14:42:44,1.0,11.39996846516927,49.46666666666667
2013-08-25,14:47:44,0.9,10.133243136935764,4.2
2013-08-25,14:52:44,0.6,13.13327365451389,0
2013-08-25,14:57:44,0.9,8.799921671549479,3.066666666666667
2013-08-25,15:02:44,1.4666666666666666,13.13327365451389,7.6
2013-08-25,15:07:44,5.1,25.86660597059462,3.6
2013-08-25,15:12:44,1.2,26.66660732693142,53.6
2013-08-25,15:17:44,1.4666666666666666,16.466615464952262,20.4
2013-08-25,15:22:44,0.6666666666666667,13.19994608561198,0
2013-08-25,15:27:44,0.6333333333333333,9.266637166341146,0
2013-08-25,15:32:44,1.3666666666666665,15.733286539713543,7.133333333333334
2013-08-25,15:37:44,0.8,17.066624959309895,3.8
2013-08-25,15:42:44,1.0333333333333332,10.799933539496525,52.33333333333334
2013-08-25,15:47:44,0.8333333333333333,12.533264160156252,1.0666666666666669
2013-08-25,15:52:44,0.6333333333333333,10.133268568250868,0
2013-08-25,15:57:44,0.8333333333333333,9.866604275173609,3.066666666666667
2013-08-25,16:02:44,35.03333333333333,33.73328314887152,26.6
2013-08-25,16:07:44,3.433333333333333,59.93330213758682,3.2666666666666666
2013-08-25,16:12:44,1.2666666666666666,23.866602579752605,53.93333333333333
2013-08-25,16:17:44,1.3333333333333337,14.799906412760416,19.866666666666667
2013-08-25,16:22:44,0.6666666666666667,12.533247205946177,0
2013-08-25,16:27:44,0.6333333333333333,10.399949815538195,0
2013-08-25,16:32:44,1.5,11.733262803819443,7.666666666666668
2013-08-25,16:37:44,0.7,13.266618516710068,6.0
2013-08-25,16:42:44,1.0666666666666669,9.866612752278646,49.6
2013-08-25,16:47:44,0.8666666666666667,8.99992201063368,1.0666666666666669
2013-08-25,16:52:44,0.6,9.933251274956596,0
2013-08-25,16:57:44,0.8,9.866595798068577,3.066666666666667
2013-08-25,17:02:44,1.5666666666666669,15.533252292209198,8.2
2013-08-25,17:07:44,0.6333333333333333,14.933276706271698,3.066666666666667
2013-08-25,17:12:44,1.2,13.466593424479168,54.2
2013-08-25,17:17:44,1.4,17.999920315212673,19.866666666666667
2013-08-25,17:22:44,0.6666666666666667,12.599936591254338,0.06666666666666668
2013-08-25,17:27:44,0.6,9.466603597005207,0
2013-08-25,17:32:44,1.5666666666666669,13.99993896484375,7.6
2013-08-25,17:37:44,0.6666666666666667,16.999952528211807,4.466666666666667
2013-08-25,17:42:44,1.0,11.466590033637152,51.06666666666667
2013-08-25,17:47:44,0.8333333333333333,11.399909125434029,1.1333333333333333
2013-08-25,17:52:44,0.6,12.133288913302952,0
2013-08-25,17:57:45,0.9333333333333332,10.399932861328125,3.533333333333333
2013-08-25,18:02:45,1.4,14.666603936089412,7.666666666666668
2013-08-25,18:07:45,0.6333333333333333,15.73327806260851,3.533333333333333
2013-08-25,18:12:45,1.1666666666666667,12.399953206380209,53.93333333333333
2013-08-25,18:17:45,1.4333333333333331,13.19994608561198,19.666666666666668
2013-08-25,18:22:45,0.6666666666666667,11.133261786566841,0
2013-08-25,18:27:45,0.6,9.666578504774305,0
2013-08-25,18:32:45,1.5333333333333334,14.466620551215275,7.6
2013-08-25,18:37:45,0.7,15.199940999348957,3.0
2013-08-25,18:42:45,1.0333333333333332,12.599945068359375,52.46666666666667
2013-08-25,18:47:45,0.8666666666666667,9.266569349500868,1.2666666666666666
2013-08-25,18:52:45,0.6,9.599889119466146,0
2013-08-25,18:57:45,0.9666666666666668,9.599939982096355,3.533333333333333
2013-08-25,19:02:45,1.4333333333333331,13.533265855577255,7.6
2013-08-25,19:07:45,0.7,16.399943033854168,5.066666666666666
2013-08-25,19:12:45,1.0666666666666669,12.999903361002604,42.73333333333333
2013-08-25,19:17:45,1.5333333333333334,13.19994608561198,29.33333333333333
2013-08-25,19:22:45,0.7,11.399917602539062,0
2013-08-25,19:27:45,0.6333333333333333,9.799931844075521,0
2013-08-25,19:32:45,1.5666666666666669,13.466601901584205,7.666666666666668
2013-08-25,19:37:45,0.7,14.999949137369791,2.7333333333333334
2013-08-25,19:42:45,1.0,10.999908447265625,47.46666666666667
2013-08-25,19:47:45,0.9333333333333332,10.399941338433159,6.466666666666668
2013-08-25,19:52:45,0.6,12.399953206380209,0
2013-08-25,19:57:45,0.9,8.99993896484375,3.066666666666667
2013-08-25,20:02:45,37.066666666666656,33.59994676378037,27.33333333333333
2013-08-25,20:07:45,1.3666666666666665,52.999954223632805,4.133333333333334
2013-08-25,20:12:45,1.0666666666666669,20.799942016601562,44.13333333333333
2013-08-25,20:17:45,1.4666666666666666,13.199920654296873,29.4
2013-08-25,20:22:45,0.7,12.199935913085938,0
2013-08-25,20:27:45,0.6333333333333333,9.599939982096355,0
2013-08-25,20:32:45,1.5333333333333334,12.999954223632812,7.133333333333334
2013-08-25,20:37:46,0.8,16.599960327148438,5.7333333333333325
2013-08-25,20:42:46,1.0,11.599934895833334,50.2
2013-08-25,20:47:46,0.8666666666666667,11.999918619791666,1.1333333333333333
2013-08-25,20:52:46,0.6,11.799952189127605,0
2013-08-25,20:57:46,0.9333333333333332,9.13328382703993,3.066666666666667
2013-08-25,21:02:46,1.3666666666666665,14.399922688802084,7.6
2013-08-25,21:07:46,0.7333333333333333,14.999949137369791,4.866666666666666
2013-08-25,21:12:46,0.9666666666666668,11.399943033854166,37.333333333333336
2013-08-25,21:17:46,1.5,12.199910481770832,34.46666666666667
2013-08-25,21:22:46,0.7,12.599919637044271,0
2013-08-25,21:27:46,0.6,8.799947102864584,0
2013-08-25,21:32:46,1.5,13.266610039605037,7.2
2013-08-25,21:37:46,0.7333333333333333,17.399927775065105,4.533333333333333
2013-08-25,21:42:46,1.0,11.799952189127605,51.73333333333333
2013-08-25,21:47:46,0.8,10.599899291992188,1.1333333333333333
2013-08-25,21:52:46,0.6,9.399948120117188,0
2013-08-25,21:57:46,0.9,9.999949137369791,3.066666666666667
2013-08-25,22:02:46,1.3333333333333337,17.53326416015625,7.6
2013-08-25,22:07:46,0.7333333333333333,19.133275349934898,4.133333333333334
2013-08-25,22:12:46,1.0,12.466608683268229,43.66666666666666
2013-08-25,22:17:46,1.4666666666666666,12.599919637044271,29.93333333333333
2013-08-25,22:22:46,0.7,10.99993387858073,0
2013-08-25,22:27:46,0.6,7.666575113932292,0
2013-08-25,22:32:46,1.5,11.19991726345486,7.133333333333334
2013-08-25,22:37:46,0.7666666666666667,16.866607666015625,4.6
2013-08-25,22:42:46,0.9666666666666668,10.799942016601562,46.66666666666666
2013-08-25,22:47:46,0.9333333333333332,10.066587660047745,5.8
2013-08-25,22:52:46,0.6,8.399920993381079,0
2013-08-25,22:57:46,0.9,9.866578843858505,3.066666666666667
2013-08-25,23:02:46,1.4,14.799914889865448,7.7333333333333325
2013-08-25,23:07:46,0.8666666666666667,16.333270602756073,5.066666666666666
2013-08-25,23:12:46,1.1666666666666667,11.266615125868055,53.13333333333333
2013-08-25,23:17:46,1.3333333333333337,15.333277384440105,19.466666666666665
2013-08-25,23:22:46,2.1,23.466593424479164,0
2013-08-25,23:27:46,0.6,19.799923366970486,0
2013-08-25,23:32:46,1.6333333333333335,15.26663038465712,7.6
2013-08-25,23:37:46,0.7333333333333333,19.66660393608941,5.6
2013-08-25,23:42:46,1.0333333333333332,13.133265177408854,50.06666666666667
2013-08-25,23:47:46,0.8333333333333333,10.466596815321182,1.1333333333333333
2013-08-25,23:52:46,0.6,9.333267211914062,0
2013-08-25,23:57:46,0.9,8.333273993598088,3.066666666666667
2013-08-26,00:02:46,37.266666666666666,35.999933878580734,27.066666666666666
2013-08-26,00:07:46,1.3,58.2665761311849,4.666666666666667
2013-08-26,00:12:47,1.2,22.33328077528212,53.2
2013-08-26,00:17:47,1.4,14.933268229166666,19.53333333333333
2013-08-26,00:22:47,0.6333333333333333,13.066601223415796,0
2013-08-26,00:27:47,0.6,9.466595119900171,0
2013-08-26,00:32:47,1.5333333333333334,14.733267890082463,7.6
2013-08-26,00:37:47,0.7333333333333333,19.599939982096355,5.6
2013-08-26,00:42:47,1.0666666666666669,11.933280097113713,50.0
2013-08-26,00:47:47,0.8,11.133261786566841,1.0
2013-08-26,00:52:47,0.6,9.999932183159725,0
2013-08-26,00:57:47,0.9666666666666668,7.8666008843316,3.533333333333333
2013-08-26,01:02:47,1.3666666666666665,17.59996202256944,8.4
2013-08-26,01:07:47,0.7333333333333333,17.066624959309895,6.4
2013-08-26,01:12:47,1.2,12.866600884331596,51.2
2013-08-26,01:17:47,1.4,14.066602918836804,19.466666666666665
2013-08-26,01:22:47,0.7,13.799955579969616,0
2013-08-26,01:27:47,0.5666666666666667,9.666612413194443,0
2013-08-26,01:32:47,3.4,13.599938286675348,84.46666666666667
2013-08-26,01:37:47,2.2,23.733257717556423,20.33333333333333
2013-08-26,01:42:47,4.066666666666666,19.79994879828559,100.0
2013-08-26,01:47:47,1.8,16.999935574001736,26.66666666666667
2013-08-26,01:52:47,0.7,13.799938625759548,21.6
2013-08-26,01:57:47,1.1666666666666667,13.599912855360245,100.0
2013-08-26,02:02:47,36.96666666666667,37.06658257378473,26.6
2013-08-26,02:07:47,1.6333333333333335,54.466620551215286,6.2666666666666675
2013-08-26,02:12:47,1.1333333333333333,22.799928453233505,37.4
2013-08-26,02:17:47,1.2,15.866597493489584,12.466666666666667
2013-08-26,02:22:47,0.7,10.199924045138888,0
2013-08-26,02:27:47,0.5333333333333333,11.466590033637152,0
2013-08-26,02:32:47,1.3333333333333337,15.799925062391495,7.133333333333334
2013-08-26,02:37:47,0.7666666666666667,16.599960327148438,3.8
2013-08-26,02:42:47,0.9666666666666668,12.666600545247395,38.6
2013-08-26,02:47:47,0.8666666666666667,11.733271280924479,0.8666666666666667
2013-08-26,02:52:47,0.6,10.133285522460938,0
2013-08-26,02:57:47,0.8333333333333333,7.933264838324651,3.066666666666667
2013-08-26,03:02:47,1.4333333333333331,15.99993387858073,7.533333333333332
2013-08-26,03:07:47,0.8,16.733271280924477,4.866666666666666
2013-08-26,03:12:47,1.1,13.2666015625,38.86666666666667
2013-08-26,03:17:47,1.1333333333333333,16.466590033637154,12.4
2013-08-26,03:22:47,0.6666666666666667,13.733274671766496,0
2013-08-26,03:27:47,0.5333333333333333,9.666603936089409,0
2013-08-26,03:32:48,1.4333333333333331,16.933297051323784,7.133333333333334
2013-08-26,03:37:48,0.7666666666666667,20.066604614257812,3.0
2013-08-26,03:42:48,0.8,13.13327365451389,26.4
2013-08-26,03:47:48,0.9666666666666668,9.866604275173609,12.466666666666667
2013-08-26,03:52:48,0.6,11.199925740559896,0.06666666666666668
2013-08-26,03:57:48,0.8,9.933251274956596,3.066666666666667
2013-08-26,04:02:48,1.4,14.799940321180552,7.7333333333333325
2013-08-26,04:07:48,0.7666666666666667,18.333273993598088,0.8
2013-08-26,04:12:48,0.7666666666666667,13.399937947591145,4.666666666666667
2013-08-26,04:17:48,1.2666666666666666,13.399937947591145,15.4
2013-08-26,04:22:48,0.6666666666666667,11.466598510742188,2.6
2013-08-26,04:27:48,0.6,8.666585286458334,3.533333333333333
2013-08-26,04:32:48,1.4333333333333331,14.39993116590712,9.4
2013-08-26,04:37:48,0.7666666666666667,15.666614108615448,2.8
2013-08-26,04:42:48,0.7333333333333333,10.933252970377605,6.133333333333334
2013-08-26,04:47:48,0.9,8.599929809570312,10.333333333333334
2013-08-26,04:52:48,0.6333333333333333,9.999923706054688,13.133333333333333
2013-08-26,04:57:48,0.8666666666666667,11.733262803819443,3.1333333333333333
2013-08-26,05:02:48,1.4666666666666666,15.199957953559027,7.666666666666668
2013-08-26,05:07:48,0.7666666666666667,15.33328586154514,2.2666666666666666
2013-08-26,05:12:48,0.9666666666666668,12.133255004882812,23.93333333333333
2013-08-26,05:17:48,1.4,10.999959309895834,29.53333333333333
2013-08-26,05:22:48,0.7,10.399932861328125,0.13333333333333333
2013-08-26,05:27:48,0.5666666666666667,9.399922688802082,0
2013-08-26,05:32:48,1.4333333333333331,14.39993116590712,7.133333333333334
2013-08-26,05:37:48,0.7666666666666667,18.19994608561198,3.0
2013-08-26,05:42:48,0.9333333333333332,14.199930826822918,39.266666666666666
2013-08-26,05:47:48,0.8,11.999918619791666,1.0
2013-08-26,05:52:48,0.6,9.599939982096355,0.06666666666666668
2013-08-26,05:57:48,0.9,8.399912516276043,3.066666666666667
2013-08-26,06:02:48,1.5333333333333334,13.799913194444443,8.066666666666666
2013-08-26,06:07:48,0.6333333333333333,17.599945068359375,3.933333333333333
2013-08-26,06:12:48,1.1333333333333333,11.199934217664932,39.6
2013-08-26,06:17:48,1.1333333333333333,14.266603257921004,12.266666666666667
2013-08-26,06:22:48,0.6666666666666667,11.99994405110677,0
2013-08-26,06:27:48,0.6,10.199940999348959,0
2013-08-26,06:32:48,1.5333333333333334,15.599941677517359,7.666666666666668
2013-08-26,06:37:49,0.7,17.19996134440104,2.2
2013-08-26,06:42:49,0.8333333333333333,10.799942016601562,21.0
2013-08-26,06:47:49,1.0,7.599945068359375,18.0
2013-08-26,06:52:49,0.6,8.466627332899305,0
2013-08-26,06:57:49,1.0,11.399917602539062,3.533333333333333
2013-08-26,07:02:49,1.4333333333333331,15.399932861328125,7.666666666666668
2013-08-26,07:07:48,0.6333333333333333,17.99992879231771,3.0
2013-08-26,07:12:48,1.2,14.0665774875217,38.0
2013-08-26,07:17:48,1.2333333333333334,13.199920654296873,15.0
2013-08-26,07:22:48,0.6333333333333333,11.199900309244793,0
2013-08-26,07:27:48,0.6333333333333333,10.199915568033854,0
2013-08-26,07:32:48,1.5,15.666622585720482,7.666666666666668
2013-08-26,07:37:48,0.6666666666666667,20.999959309895832,4.133333333333334
2013-08-26,07:42:48,1.0,12.999928792317709,37.73333333333333
2013-08-26,07:47:48,0.8,11.39996846516927,0.8666666666666667
2013-08-26,07:52:48,0.6,12.399927775065105,0
2013-08-26,07:57:48,1.0333333333333332,10.799942016601562,3.533333333333333
2013-08-26,08:02:48,37.03333333333333,34.46661207411025,27.4
2013-08-26,08:07:48,1.3333333333333337,52.79996236165364,3.2
2013-08-26,08:12:48,1.0333333333333332,19.99994913736979,24.2
2013-08-26,08:17:48,1.3666666666666665,13.599929809570312,27.93333333333333
2013-08-26,08:22:49,0.6333333333333333,10.799967447916666,0
2013-08-26,08:27:49,0.6333333333333333,9.999923706054688,0
2013-08-26,08:32:49,1.4666666666666666,12.666609022352429,7.666666666666668
2013-08-26,08:37:49,0.7333333333333333,13.799947102864582,2.066666666666667
2013-08-26,08:42:49,1.0,12.399953206380209,38.73333333333333
2013-08-26,08:47:49,0.8333333333333333,13.19994608561198,2.2666666666666666
2013-08-26,08:52:49,0.6,11.399917602539062,0.13333333333333333
2013-08-26,08:57:49,1.0333333333333332,9.066594441731771,3.533333333333333
2013-08-26,09:02:49,1.4,14.533276028103295,8.0
2013-08-26,09:07:49,0.7,15.266596476236979,0.8
2013-08-26,09:12:49,0.7666666666666667,11.7999267578125,14.0
2013-08-26,09:17:49,1.4333333333333331,10.599924723307291,36.06666666666667
2013-08-26,09:22:49,1.0,9.933268229166666,4.733333333333333
2013-08-26,09:27:49,0.7,8.999947441948784,0.26666666666666666
2013-08-26,09:32:49,1.4333333333333331,15.533286200629345,7.533333333333332
2013-08-26,09:37:49,0.9,19.666637844509545,2.7333333333333334
2013-08-26,09:42:49,0.8333333333333333,11.533279418945312,17.533333333333335
2013-08-26,09:47:49,0.9666666666666668,11.266606648763021,13.933333333333335
2013-08-26,09:52:49,0.6666666666666667,11.333253648546005,6.4
2013-08-26,09:57:49,1.0,10.266604953342016,4.466666666666667
2013-08-26,10:02:49,1.6666666666666663,15.13329399956597,8.066666666666666
2013-08-26,10:07:49,0.8333333333333333,17.33328077528212,2.466666666666667
2013-08-26,10:12:49,0.9333333333333332,10.466622246636287,23.86666666666667
2013-08-26,10:17:50,1.3666666666666665,12.799953884548609,24.466666666666665
2013-08-26,10:22:50,0.6333333333333333,10.266596476236979,2.7333333333333334
2013-08-26,10:27:50,0.6666666666666667,9.999923706054688,0
2013-08-26,10:32:50,1.5666666666666669,14.666586981879345,8.0
2013-08-26,10:37:50,0.8666666666666667,17.466617160373264,2.2666666666666666
2013-08-26,10:42:50,0.7333333333333333,12.066608005099829,16.933333333333334
2013-08-26,10:47:50,1.0,9.933242797851562,19.266666666666666
2013-08-26,10:52:50,0.6,10.399907430013021,3.066666666666667
2013-08-26,10:57:50,1.0666666666666669,9.799931844075521,3.6
2013-08-26,11:02:50,4.566666666666666,16.73326280381944,8.933333333333334
2013-08-26,11:07:50,9.4,16.5999518500434,4.466666666666667
2013-08-26,11:12:50,0.9,12.266599867078991,16.533333333333335
2013-08-26,11:17:50,1.3,14.9332512749566,21.0
2013-08-26,11:22:50,0.8666666666666667,12.199952867296005,12.533333333333333
2013-08-26,11:27:50,0.6666666666666667,10.999942355685764,0
2013-08-26,11:32:50,1.5333333333333334,13.599955240885416,8.4
2013-08-26,11:37:50,0.6666666666666667,13.399954901801218,1.1333333333333333
2013-08-26,11:42:50,0.7666666666666667,9.999923706054688,11.933333333333335
2013-08-26,11:47:50,1.0,10.599933200412327,16.666666666666668
2013-08-26,11:52:50,0.6666666666666667,9.866587320963543,10.466666666666667
2013-08-26,11:57:50,1.1333333333333333,11.799960666232641,4.133333333333334
2013-08-26,12:02:50,37.9,38.39994642469619,29.4
2013-08-26,12:07:50,1.5,52.3999277750651,1.8
2013-08-26,12:12:50,1.0,21.399951510959202,24.86666666666667
2013-08-26,12:17:50,2.333333333333333,15.333277384440105,29.33333333333333
2013-08-26,12:22:50,0.8666666666666667,13.333282470703125,0.06666666666666668
2013-08-26,12:27:50,0.7666666666666667,9.79994879828559,0.13333333333333333
2013-08-26,12:32:50,1.6333333333333335,13.266610039605037,8.4
2013-08-26,12:37:50,0.8,12.999954223632812,22.93333333333333
2013-08-26,12:42:50,0.8,12.266599867078991,24.86666666666667
2013-08-26,12:47:51,0.9333333333333332,8.933258056640625,15.866666666666667
2013-08-26,12:52:51,0.5333333333333333,9.866578843858505,0
2013-08-26,12:57:51,1.2333333333333334,8.666602240668402,4.4
2013-08-26,13:02:51,1.6,13.266626993815104,9.0
2013-08-26,13:07:51,0.6666666666666667,14.39990573459201,0.5333333333333333
2013-08-26,13:12:51,0.9333333333333332,11.266589694552952,20.666666666666668
2013-08-26,13:17:51,1.5333333333333334,12.39993625217014,34.8
2013-08-26,13:22:51,0.7666666666666667,12.533272637261286,0.06666666666666668
2013-08-26,13:27:51,0.7666666666666667,8.199920654296875,0.13333333333333333
2013-08-26,13:32:51,1.8333333333333333,10.999916924370662,9.466666666666667
2013-08-26,13:37:51,1.0,14.86659579806858,4.733333333333333
2013-08-26,13:42:51,1.0666666666666669,13.799921671549479,38.13333333333333
2013-08-26,13:47:51,1.0333333333333332,10.799925062391493,1.1333333333333333
2013-08-26,13:52:51,0.7666666666666667,9.13328382703993,0.06666666666666668
2013-08-26,13:57:51,1.3,9.666620890299479,4.4
2013-08-26,14:02:51,1.8,14.733259412977425,9.933333333333334
2013-08-26,14:07:51,1.0333333333333332,14.7332763671875,4.533333333333333
2013-08-26,14:12:51,1.2333333333333334,12.333263821072048,40.6
2013-08-26,14:17:51,1.4,13.799938625759548,13.533333333333333
2013-08-26,14:22:51,0.7666666666666667,11.399917602539062,0.4666666666666667
2013-08-26,14:27:51,0.7,7.4666086832682295,0
2013-08-26,14:32:51,1.6,12.866600884331596,8.2
2013-08-26,14:37:51,0.8666666666666667,13.933258056640627,3.6
2013-08-26,14:42:51,0.9666666666666668,10.933278401692709,33.13333333333333
2013-08-26,14:47:51,0.9,12.26657443576389,7.6
2013-08-26,14:52:51,0.5666666666666667,10.53326924641927,0.06666666666666668
2013-08-26,14:57:51,1.0333333333333332,10.599950154622395,3.733333333333333
2013-08-26,15:02:51,1.5333333333333334,16.999944051106773,8.933333333333334
2013-08-26,15:07:51,13.3,25.333268907335064,5.666666666666668
2013-08-26,15:12:52,1.1666666666666667,25.399958292643227,42.6
2013-08-26,15:17:52,1.2666666666666666,15.199957953559027,12.533333333333333
2013-08-26,15:22:52,0.7666666666666667,13.066609700520834,0.7333333333333333
2013-08-26,15:27:52,3.766666666666667,9.333250257703995,1.1333333333333333
2013-08-26,15:32:52,7.033333333333334,19.9332767062717,9.533333333333333
2013-08-26,15:37:52,0.6666666666666667,18.199937608506943,4.466666666666667
2013-08-26,15:42:52,9.233333333333334,12.199944390190971,41.6
2013-08-26,15:47:52,9.0,11.59991794162326,2.4
2013-08-26,15:52:52,0.6333333333333333,12.46661716037326,0.2
2013-08-26,15:57:52,0.9666666666666668,9.266611735026043,3.8
2013-08-26,16:02:52,40.0,38.59992980957031,30.66666666666667
2013-08-26,16:07:52,6.7666666666666675,58.39995490180121,4.466666666666667
2013-08-26,16:12:51,4.7,24.266594780815975,41.266666666666666
2013-08-26,16:17:51,4.966666666666667,17.199918958875863,12.866666666666667
2013-08-26,16:22:51,4.166666666666667,12.999928792317709,0.6666666666666666
2013-08-26,16:27:51,4.033333333333333,8.333265516493057,0.2
2013-08-26,16:32:51,5.133333333333334,13.266584608289932,9.266666666666667
2013-08-26,16:37:51,4.166666666666667,16.7999267578125,3.4
2013-08-26,16:42:51,4.5,14.799957275390627,40.0
2013-08-26,16:47:51,4.366666666666667,11.7999267578125,1.0
2013-08-26,16:52:51,6.666666666666666,15.599950154622396,1.4666666666666666
2013-08-26,16:57:51,6.833333333333334,11.599934895833334,7.066666666666666
2013-08-26,17:02:51,6.7,14.866587320963543,9.133333333333333
2013-08-26,17:07:51,5.4,16.599934895833332,4.466666666666667
2013-08-26,17:12:51,5.7666666666666675,14.599939982096355,37.0
2013-08-26,17:17:51,6.2,15.199940999348957,17.933333333333334
2013-08-26,17:22:51,5.3,11.399917602539062,0.4666666666666667
2013-08-26,17:27:51,5.233333333333333,10.999959309895834,0.2
2013-08-26,17:32:51,6.2,12.466591729058159,9.0
2013-08-26,17:37:51,5.466666666666666,12.799936930338543,5.2
2013-08-26,17:42:51,5.433333333333334,13.399963378906252,19.8
2013-08-26,17:47:52,5.633333333333334,14.599914550781248,16.866666666666667
2013-08-26,17:52:52,5.5357142857142865,19.57137698218936,0.15384615384615385
2013-08-26,17:57:52,5.433333333333334,16.333270602756073,3.933333333333333
2013-08-26,18:02:52,10.266666666666667,14.466620551215275,11.2
2013-08-26,18:07:52,8.966666666666667,15.199932522243923,7.8
2013-08-26,18:12:52,8.733333333333334,14.06661139594184,32.73333333333333
2013-08-26,18:17:52,6.2666666666666675,12.799953884548609,21.53333333333333
2013-08-26,18:22:52,6.0,6.999969482421875,0
2013-08-26,18:27:52,11.933333333333332,10.733303493923609,2.0
2013-08-26,18:32:52,8.233333333333334,14.933234320746532,9.333333333333334
2013-08-26,18:37:52,5.7,13.599938286675348,3.6666666666666665
2013-08-26,18:42:52,9.166666666666666,14.266586303710938,42.13333333333333
2013-08-26,18:47:52,8.433333333333334,13.733266194661459,2.2666666666666666
2013-08-26,18:52:52,6.2,8.999888102213543,0.25
2013-08-26,18:57:52,7.5,15.999984741210938,0
2013-08-26,19:02:52,6.9,16.86664157443576,10.933333333333335
2013-08-26,19:07:52,5.566666666666666,16.933280097113713,2.8
2013-08-26,19:12:52,6.066666666666666,14.06661139594184,41.93333333333333
2013-08-26,19:17:52,6.0,13.399929470486107,14.066666666666665
2013-08-26,19:22:52,5.233333333333333,12.466574774848088,0.4
2013-08-26,19:27:52,5.233333333333333,9.866595798068577,0.3333333333333333
2013-08-26,19:32:52,6.566666666666666,15.59991624620226,10.0
2013-08-26,19:37:52,6.6,29.53326755099827,4.666666666666667
2013-08-26,19:42:52,0.8,24.866595798068577,38.66666666666666
2013-08-26,19:47:52,0.8,17.733306884765625,0.8666666666666667
2013-08-26,19:52:52,0.6333333333333333,13.666585286458332,0
2013-08-26,19:57:52,0.9666666666666668,11.066597832573784,4.2
2013-08-26,20:02:52,32.96666666666667,35.799925062391495,9.8
2013-08-26,20:07:52,5.966666666666666,57.26663377549913,24.266666666666666
2013-08-26,20:12:52,0.9333333333333332,23.066618177625873,40.13333333333333
2013-08-26,20:17:52,1.1333333333333333,13.66661071777344,12.866666666666667
2013-08-26,20:22:52,0.6333333333333333,9.399922688802082,0.3333333333333333
2013-08-26,20:27:52,0.6333333333333333,8.266593085394963,0
2013-08-26,20:32:52,1.5666666666666669,14.733259412977425,9.4
2013-08-26,20:37:52,0.7333333333333333,14.466629028320312,3.466666666666667
2013-08-26,20:42:52,0.7666666666666667,13.333282470703125,39.53333333333333
2013-08-26,20:47:52,0.7666666666666667,10.999942355685764,0.8666666666666667
2013-08-26,20:52:52,0.5666666666666667,11.99994405110677,0
2013-08-26,20:57:53,0.9,10.066604614257812,3.733333333333333
2013-08-26,21:02:53,1.5333333333333334,15.533252292209198,9.2
2013-08-26,21:07:53,1.1666666666666667,17.53326416015625,5.666666666666668
2013-08-26,21:12:53,1.1,14.666612413194443,40.46666666666667
2013-08-26,21:17:53,1.1333333333333333,12.599894205729168,12.6
2013-08-26,21:22:53,0.5,9.599931504991318,0.06666666666666668
2013-08-26,21:27:53,0.6666666666666667,7.733272976345484,0
2013-08-26,21:32:53,1.5,12.933247884114582,8.8
2013-08-26,21:37:53,0.8333333333333333,14.46658664279514,4.6
2013-08-26,21:42:53,0.8333333333333333,9.333267211914062,39.46666666666667
2013-08-26,21:47:53,0.8,12.933247884114582,0.9333333333333332
2013-08-26,21:52:53,0.6,10.799942016601562,0
2013-08-26,21:57:53,0.9,8.999913533528646,3.733333333333333
2013-08-26,22:02:53,4.033333333333333,18.066601223415798,9.466666666666667
2013-08-26,22:07:53,25.833333333333336,18.466593424479168,6.7333333333333325
2013-08-26,22:12:53,0.8666666666666667,12.466608683268229,40.46666666666667
2013-08-26,22:17:53,1.0333333333333332,13.2666015625,12.133333333333333
2013-08-26,22:22:53,0.6666666666666667,14.79993184407552,0.8
2013-08-26,22:27:53,0.6,9.133258395724829,0
2013-08-26,22:32:53,1.6333333333333335,12.66659206814236,8.8
2013-08-26,22:37:53,0.8,17.066616482204864,3.933333333333333
2013-08-26,22:42:53,0.7333333333333333,14.999932183159718,40.2
2013-08-26,22:47:53,0.7666666666666667,10.599924723307291,0.8666666666666667
2013-08-26,22:52:53,0.5666666666666667,10.066579182942709,0
2013-08-26,22:57:53,0.9,10.399924384223088,3.733333333333333
2013-08-26,23:02:53,1.5666666666666669,15.133268568250871,9.4
2013-08-26,23:07:53,0.8,16.466598510742188,5.4
2013-08-26,23:12:53,0.9,13.733283148871525,40.333333333333336
2013-08-26,23:17:53,1.1,12.199935913085938,12.866666666666667
2013-08-26,23:22:53,0.5333333333333333,11.199951171875,0
2013-08-26,23:27:53,0.6333333333333333,9.199905395507812,0
2013-08-26,23:32:53,1.7333333333333334,12.99997117784288,9.666666666666666
2013-08-26,23:37:53,0.6333333333333333,13.399937947591145,2.466666666666667
2013-08-26,23:42:54,0.7666666666666667,10.799942016601562,40.66666666666666
2013-08-26,23:47:54,0.8,11.399943033854166,0.9333333333333332
2013-08-26,23:52:54,0.5333333333333333,10.599950154622395,0
2013-08-26,23:57:54,0.9666666666666668,9.799923366970486,4.133333333333334
2013-08-27,00:02:54,37.9,37.66661749945746,29.93333333333333
2013-08-27,00:07:54,6.7666666666666675,58.599929809570305,4.8
2013-08-27,00:12:54,3.933333333333333,23.199946085611977,41.86666666666667
2013-08-27,00:17:54,1.0666666666666669,15.799942016601562,12.866666666666667
2013-08-27,00:22:54,3.733333333333333,12.733281453450521,0.8
2013-08-27,00:27:54,0.6,14.399922688802084,0
2013-08-27,00:32:54,1.5666666666666669,16.466598510742188,9.0
2013-08-27,00:37:54,0.8,14.999923706054688,5.266666666666667
2013-08-27,00:42:54,0.8,12.799936930338543,38.6
2013-08-27,00:47:54,0.7333333333333333,11.999952528211804,1.2666666666666666
2013-08-27,00:52:54,0.5666666666666667,10.39995829264323,0.7333333333333333
2013-08-27,00:57:54,0.8333333333333333,11.599934895833334,3.733333333333333
2013-08-27,01:02:54,1.5666666666666669,17.799936930338543,9.066666666666666
2013-08-27,01:07:54,0.8,14.999949137369791,5.466666666666668
2013-08-27,01:12:54,0.9333333333333332,13.599929809570312,40.4
2013-08-27,01:17:54,1.0,12.999954223632812,12.466666666666667
2013-08-27,01:22:54,0.5666666666666667,12.599919637044271,0
2013-08-27,01:27:54,0.6333333333333333,10.399932861328125,0
2013-08-27,01:32:54,2.8666666666666667,14.866604275173614,100.0
2013-08-27,01:37:54,3.066666666666667,20.5999755859375,4.866666666666666
2013-08-27,01:42:54,0.8666666666666667,14.799906412760416,39.13333333333333
2013-08-27,01:47:54,0.8333333333333333,11.199925740559896,0.9333333333333332
2013-08-27,01:52:54,0.5333333333333333,9.399922688802082,0
2013-08-27,01:57:54,0.8666666666666667,9.599965413411459,3.1333333333333333
2013-08-27,02:02:54,35.1,35.53328620062934,27.0
2013-08-27,02:07:54,3.6,53.99996439615885,4.133333333333334
2013-08-27,02:12:54,0.8666666666666667,22.199986775716145,30.2
2013-08-27,02:17:54,1.0,15.599924723307293,9.266666666666667
2013-08-27,02:22:54,0.5666666666666667,11.999927096896702,0
2013-08-27,02:27:54,0.5666666666666667,7.399953206380208,0.3333333333333333
2013-08-27,02:32:54,1.6333333333333335,13.333282470703125,8.2
2013-08-27,02:37:54,0.8,16.333287556966145,4.333333333333333
2013-08-27,02:42:54,0.8,12.199935913085938,29.0
2013-08-27,02:47:54,0.7,11.26657274034288,0.5333333333333333
2013-08-27,02:52:54,0.5333333333333333,8.19991217719184,0
2013-08-27,02:57:54,0.8666666666666667,8.333265516493057,3.1333333333333333
2013-08-27,03:02:54,1.5666666666666669,14.466603597005209,9.066666666666666
2013-08-27,03:07:54,0.6333333333333333,17.333289252387154,4.066666666666666
2013-08-27,03:12:54,0.9,12.399970160590275,31.4
2013-08-27,03:17:54,1.0,15.714209420340405,5.571428571428571
2013-08-27,03:22:54,0.6,14.199956258138021,0.06666666666666668
2013-08-27,03:27:54,0.5666666666666667,10.066587660047745,0
2013-08-27,03:32:54,1.6,13.533274332682291,8.733333333333333
2013-08-27,03:37:54,0.5714285714285715,16.785685221354164,2.9285714285714284
2013-08-27,03:42:54,0.6666666666666667,11.99994405110677,27.93333333333333
2013-08-27,03:47:54,0.7333333333333333,10.733269585503475,0.6
2013-08-27,03:52:54,0.5,10.066587660047745,0
2013-08-27,03:57:54,0.9666666666666668,8.599904378255207,3.6
2013-08-27,04:02:54,1.6666666666666663,14.066585964626736,9.133333333333333
2013-08-27,04:07:54,0.6333333333333333,14.466620551215275,1.6
2013-08-27,04:12:54,0.8,12.599945068359375,27.66666666666667
2013-08-27,04:17:54,1.0666666666666669,12.666609022352429,15.333333333333336
2013-08-27,04:22:54,0.6,13.99993896484375,0
2013-08-27,04:27:54,0.6333333333333333,9.666603936089409,0
2013-08-27,04:32:55,1.7333333333333334,12.999903361002604,9.266666666666667
2013-08-27,04:37:55,0.6,13.333299424913193,4.733333333333333
2013-08-27,04:42:55,0.6666666666666667,11.733271280924479,28.86666666666667
2013-08-27,04:47:55,0.7,11.199951171875,0.5333333333333333
2013-08-27,04:52:55,0.5714285714285715,10.357075645810083,0
2013-08-27,04:57:55,0.9333333333333332,10.866589016384546,3.533333333333333
2013-08-27,05:02:55,1.5,15.714209420340405,9.142857142857142
2013-08-27,05:07:55,0.7333333333333333,14.79993184407552,1.8666666666666667
2013-08-27,05:12:55,0.8,11.466598510742188,27.93333333333333
2013-08-27,05:17:55,0.9666666666666668,14.599939982096355,8.333333333333334
2013-08-27,05:22:55,0.6,11.199925740559896,0
2013-08-27,05:27:55,0.6,7.599928114149307,0
2013-08-27,05:32:55,1.5666666666666669,16.533270941840275,7.866666666666666
2013-08-27,05:37:55,0.7666666666666667,14.2665778266059,5.333333333333333
2013-08-27,05:42:55,0.7,9.799914889865454,27.66666666666667
2013-08-27,05:47:55,0.7666666666666667,13.933291965060764,0.5333333333333333
2013-08-27,05:52:55,0.4666666666666666,11.7999267578125,0
2013-08-27,05:57:55,0.8666666666666667,9.799931844075521,3.2
2013-08-27,06:02:55,1.4666666666666666,16.399943033854168,8.266666666666667
2013-08-27,06:07:55,0.7666666666666667,14.06659444173177,3.066666666666667
2013-08-27,06:12:55,0.7666666666666667,10.733261108398438,31.6
2013-08-27,06:17:55,1.0,12.199935913085938,4.266666666666667
2013-08-27,06:22:56,0.5666666666666667,12.199961344401041,0
2013-08-27,06:27:56,0.6,8.26658460828993,0
2013-08-27,06:32:56,1.4666666666666666,12.866609361436629,7.866666666666666
2013-08-27,06:37:56,0.7333333333333333,13.866611056857636,4.8
2013-08-27,06:42:56,0.6666666666666667,9.199930826822916,26.6
2013-08-27,06:47:56,0.7333333333333333,10.066613091362846,0.5333333333333333
2013-08-27,06:52:56,0.5,8.99993896484375,0
2013-08-27,06:57:56,0.8666666666666667,8.533248901367188,3.1333333333333333
2013-08-27,07:02:56,1.4666666666666666,16.333253648546005,8.266666666666667
2013-08-27,07:07:56,0.8333333333333333,15.399932861328125,4.333333333333333
2013-08-27,07:12:56,0.8333333333333333,12.999928792317709,36.13333333333333
2013-08-27,07:17:56,0.9666666666666668,14.599939982096355,3.2666666666666666
2013-08-27,07:22:56,0.5666666666666667,11.199925740559896,0
2013-08-27,07:27:56,0.5333333333333333,9.799931844075521,0
2013-08-27,07:32:56,1.4666666666666666,14.666586981879345,7.866666666666666
2013-08-27,07:37:56,0.8,14.666612413194443,8.2
2013-08-27,07:42:56,0.7,11.199908786349829,25.2
2013-08-27,07:47:56,0.7,11.666607326931421,0.5333333333333333
2013-08-27,07:52:56,0.5,12.799936930338543,0
2013-08-27,07:57:56,0.8333333333333333,9.599889119466146,3.2
2013-08-27,08:02:56,37.7,35.66658867730035,28.0
2013-08-27,08:07:56,0.8666666666666667,51.39993455674913,6.8
2013-08-27,08:12:56,0.8666666666666667,20.866622924804688,34.6
2013-08-27,08:17:56,0.9666666666666668,13.999947441948784,2.466666666666667
2013-08-27,08:22:56,0.5666666666666667,10.199924045138888,0
2013-08-27,08:27:56,0.5,6.66659884982639,0
2013-08-27,08:32:56,1.6,13.933275010850696,8.933333333333334
2013-08-27,08:37:56,0.6,13.866628011067709,5.0
2013-08-27,08:42:56,0.6666666666666667,9.133249918619791,27.2
2013-08-27,08:47:56,0.7666666666666667,12.133280436197918,0.7333333333333333
2013-08-27,08:52:56,0.5,11.866616143120662,0
2013-08-27,08:57:57,0.9333333333333332,10.466596815321182,3.6666666666666665
2013-08-27,09:02:57,1.6,15.933252970377604,8.933333333333334
2013-08-27,09:07:57,0.6666666666666667,18.73328314887153,3.733333333333333
2013-08-27,09:12:57,0.8666666666666667,11.599960327148438,34.73333333333333
2013-08-27,09:17:57,0.9333333333333332,12.733272976345486,2.8666666666666667
2013-08-27,09:22:57,0.8333333333333333,10.599916246202255,1.3333333333333333
2013-08-27,09:27:57,0.5,8.533257378472221,0
2013-08-27,09:32:57,1.5666666666666669,14.466595119900171,8.866666666666667
2013-08-27,09:37:57,0.6,10.93324449327257,3.6666666666666665
2013-08-27,09:42:57,0.6666666666666667,9.133266872829859,22.33333333333333
2013-08-27,09:47:57,0.7333333333333333,10.066587660047745,5.4
2013-08-27,09:52:57,0.5,9.866595798068577,0
2013-08-27,09:57:57,0.8,9.933268229166666,4.8
2013-08-27,10:02:57,1.5666666666666669,16.733279758029514,10.933333333333335
2013-08-27,10:07:57,0.8333333333333333,16.599926418728298,4.866666666666666
2013-08-27,10:12:57,0.8666666666666667,11.399943033854166,24.93333333333333
2013-08-27,10:17:57,1.2333333333333334,15.86661444769965,17.8
2013-08-27,10:22:57,0.6,11.199934217664932,1.5333333333333334
2013-08-27,10:27:57,0.5333333333333333,8.533265855577255,0.7333333333333333
2013-08-27,10:32:56,1.5666666666666669,13.533257378472225,8.333333333333334
2013-08-27,10:37:56,0.9285714285714286,15.357090177990143,5.428571428571429
2013-08-27,10:42:56,0.6333333333333333,10.533277723524305,13.266666666666667
2013-08-27,10:47:56,0.8666666666666667,9.666612413194443,14.4
2013-08-27,10:52:56,0.5,9.199947781032984,0.6
2013-08-27,10:57:57,0.9333333333333332,9.133266872829859,4.4
2013-08-27,11:02:57,1.5666666666666669,13.066609700520834,9.8
2013-08-27,11:07:57,3.766666666666667,14.466629028320312,3.0
2013-08-27,11:12:57,6.533333333333334,12.39993625217014,15.466666666666667
2013-08-27,11:17:57,1.0,14.39990573459201,9.933333333333334
2013-08-27,11:22:57,3.6,12.266599867078991,6.7333333333333325
2013-08-27,11:27:57,0.6,11.066623263888888,2.8
2013-08-27,11:32:57,1.5,13.999964396158854,8.4
2013-08-27,11:37:57,0.8333333333333333,12.06661648220486,3.066666666666667
2013-08-27,11:42:57,0.5666666666666667,9.399922688802082,8.4
2013-08-27,11:47:57,0.8333333333333333,9.133258395724829,13.133333333333333
2013-08-27,11:52:57,0.5666666666666667,8.999947441948784,5.266666666666667
2013-08-27,11:57:57,0.9666666666666668,10.933303833007812,4.733333333333333
2013-08-27,12:02:57,42.36666666666667,39.066602918836814,30.266666666666666
2013-08-27,12:07:57,36.53333333333333,48.933283487955734,6.533333333333332
2013-08-27,12:12:57,0.9,21.066606309678818,16.866666666666667
2013-08-27,12:17:57,1.0333333333333332,12.866617838541666,10.866666666666667
2013-08-27,12:22:57,0.7333333333333333,8.99995591905382,9.733333333333333
2013-08-27,12:27:57,1.2333333333333334,8.66659376356337,1.7333333333333334
2013-08-27,12:32:57,8.6,11.199925740559896,10.733333333333333
2013-08-27,12:37:57,0.6,14.666612413194443,3.2
2013-08-27,12:42:57,0.5333333333333333,11.133287217881943,7.7333333333333325
2013-08-27,12:47:57,0.7666666666666667,9.466620551215279,6.533333333333332
2013-08-27,12:52:57,0.6,11.19991726345486,7.8
2013-08-27,12:57:57,1.0,8.333265516493057,5.666666666666668
2013-08-27,13:02:57,1.5333333333333334,14.133249918619791,9.6
2013-08-27,13:07:57,1.3,13.666602240668405,3.8666666666666663
2013-08-27,13:12:57,0.9666666666666668,9.999932183159725,24.266666666666666
2013-08-27,13:17:57,1.0,12.799953884548609,15.0
2013-08-27,13:22:57,0.43333333333333335,10.333260430230034,0.8
2013-08-27,13:27:57,0.4666666666666666,9.866595798068577,0.2
2013-08-27,13:32:57,1.5666666666666669,11.199942694769964,9.333333333333334
2013-08-27,13:37:57,0.7666666666666667,14.866604275173614,3.0
2013-08-27,13:42:57,1.0333333333333332,12.733264499240448,22.33333333333333
2013-08-27,13:47:57,0.9666666666666668,10.799950493706596,11.466666666666667
2013-08-27,13:52:57,0.6666666666666667,11.66658189561632,2.2
2013-08-27,13:57:57,0.8333333333333333,11.066580878363713,3.733333333333333
2013-08-27,14:02:57,1.5333333333333334,12.666575113932291,9.4
2013-08-27,14:07:57,0.9333333333333332,14.13326687282986,5.866666666666666
2013-08-27,14:12:57,0.9333333333333332,11.199951171875,27.2
2013-08-27,14:17:58,1.0333333333333332,12.599945068359375,13.0
2013-08-27,14:22:58,0.8666666666666667,10.266621907552082,2.6666666666666665
2013-08-27,14:27:58,1.2333333333333334,9.266569349500868,1.0666666666666669
2013-08-27,14:32:58,1.7333333333333334,12.999937269422745,10.866666666666667
2013-08-27,14:37:58,1.5666666666666669,20.199966430664062,6.8
2013-08-27,14:42:58,0.8666666666666667,14.599939982096355,28.66666666666667
2013-08-27,14:47:58,0.8,11.399917602539062,2.466666666666667
2013-08-27,14:52:58,0.9333333333333332,10.199966430664062,0.7333333333333333
2013-08-27,14:57:58,0.8333333333333333,12.599945068359375,4.2
2013-08-27,15:02:58,3.433333333333333,14.599939982096355,9.066666666666666
2013-08-27,15:07:58,6.066666666666666,25.93327840169271,6.0
2013-08-27,15:12:58,4.5,26.399943033854168,27.73333333333333
2013-08-27,15:17:58,2.833333333333333,17.199935913085938,13.333333333333336
2013-08-27,15:22:58,0.8333333333333333,14.799957275390627,2.2
2013-08-27,15:27:58,0.6333333333333333,9.799931844075521,0.5333333333333333
2013-08-27,15:32:58,1.6666666666666663,16.19993421766493,9.666666666666666
2013-08-27,15:37:58,0.7,16.199976603190105,4.733333333333333
2013-08-27,15:42:58,2.1333333333333333,15.46657986111111,16.533333333333335
2013-08-27,15:47:58,0.8,25.599924723307293,13.533333333333333
2013-08-27,15:52:58,0.5666666666666667,13.19994608561198,1.3333333333333333
2013-08-27,15:57:58,0.9333333333333332,9.999923706054688,4.333333333333333
2013-08-27,16:02:58,38.333333333333336,44.46661207411025,29.13333333333333
2013-08-27,16:07:58,0.6333333333333333,49.19990539550781,3.8
2013-08-27,16:12:58,0.9333333333333332,17.19996134440104,26.8
2013-08-27,16:17:58,1.0333333333333332,12.79991149902344,11.4
2013-08-27,16:22:58,0.7333333333333333,13.399937947591145,1.2
2013-08-27,16:27:58,0.6333333333333333,9.799957275390625,1.4666666666666666
2013-08-27,16:32:58,1.6,14.999940660264755,9.4
2013-08-27,16:37:58,0.6333333333333333,17.399978637695312,3.6666666666666665
2013-08-27,16:42:58,0.7333333333333333,12.799936930338543,16.266666666666666
2013-08-27,16:47:58,0.8,10.99993387858073,12.533333333333333
2013-08-27,16:52:58,0.5333333333333333,9.399948120117188,0.9333333333333332
2013-08-27,16:57:58,0.9333333333333332,9.599939982096355,4.933333333333334
2013-08-27,17:02:58,2.0,16.599960327148438,10.933333333333335
2013-08-27,17:07:58,0.8666666666666667,16.199951171875,5.6
2013-08-27,17:12:58,5.566666666666666,12.599919637044271,35.333333333333336
2013-08-27,17:17:58,5.2,12.799936930338543,7.466666666666668
2013-08-27,17:22:58,0.6666666666666667,11.199951171875,2.1333333333333333
2013-08-27,17:27:58,3.5,9.399948120117188,2.066666666666667
2013-08-27,17:32:58,1.5,16.733296712239586,9.2
2013-08-27,17:37:59,0.7333333333333333,16.533270941840275,6.2
2013-08-27,17:42:59,1.0333333333333332,9.799957275390625,26.4
2013-08-27,17:47:59,0.8333333333333333,11.533279418945312,4.0
2013-08-27,17:52:59,2.4,12.799962361653646,3.066666666666667
2013-08-27,17:57:59,4.233333333333333,14.533284505208332,6.466666666666668
2013-08-27,18:02:59,4.8,15.866589016384546,10.6
2013-08-27,18:07:59,18.3,16.73323737250434,7.6
2013-08-27,18:12:59,6.633333333333334,17.73328993055556,40.46666666666667
2013-08-27,18:17:59,4.1,14.199964735243057,3.2666666666666666
2013-08-27,18:22:59,3.766666666666667,10.933261447482641,1.0666666666666669
2013-08-27,18:27:59,3.8,7.5999196370442705,1.8666666666666667
2013-08-27,18:32:59,4.733333333333333,13.133248223198784,10.066666666666666
2013-08-27,18:37:59,3.5,14.599948459201393,7.7333333333333325
2013-08-27,18:42:59,3.166666666666667,13.93326653374566,30.066666666666666
2013-08-27,18:47:59,2.8,12.199935913085938,3.2
2013-08-27,18:52:59,2.1,10.533277723524305,2.4
2013-08-27,18:57:59,2.4333333333333336,9.733250935872395,4.8
2013-08-27,19:02:59,3.266666666666667,14.93329366048177,10.066666666666666
2013-08-27,19:07:59,2.0,16.59996880425347,5.666666666666668
2013-08-27,19:12:59,2.8,13.533274332682291,38.266666666666666
2013-08-27,19:17:59,2.566666666666667,12.999903361002604,3.4
2013-08-27,19:22:59,2.1333333333333333,9.86662122938368,2.6
2013-08-27,19:27:59,2.2333333333333334,8.0666266547309,2.4
2013-08-27,19:32:59,1.6,17.999954223632812,9.133333333333333
2013-08-27,19:37:59,0.7333333333333333,13.99993896484375,6.0
2013-08-27,19:42:59,0.9666666666666668,10.799942016601562,28.4
2013-08-27,19:47:59,0.8666666666666667,12.933264838324652,2.533333333333333
2013-08-27,19:52:59,0.7333333333333333,9.466595119900171,2.6666666666666665
2013-08-27,19:57:59,1.1666666666666667,8.466627332899305,5.466666666666668
2013-08-27,20:02:59,38.833333333333336,39.06659444173177,28.66666666666667
2013-08-27,20:07:59,1.8666666666666665,50.73326958550348,7.466666666666668
2013-08-27,20:12:59,1.1333333333333333,19.666586981879345,38.06666666666667
2013-08-27,20:17:59,1.7333333333333334,14.466612074110238,2.7333333333333334
2013-08-27,20:22:59,0.6333333333333333,10.333277384440104,1.3333333333333333
2013-08-27,20:27:59,0.7333333333333333,7.666609022352429,2.2666666666666666
2013-08-27,20:32:59,2.5,15.599950154622396,10.4
2013-08-27,20:37:59,0.9,15.599941677517359,9.0
2013-08-27,20:42:59,0.9,10.733261108398438,27.4
2013-08-27,20:47:59,0.8,8.79995557996962,2.2666666666666666
2013-08-27,20:52:59,0.7,9.26662868923611,2.533333333333333
2013-08-27,20:57:59,5.066666666666666,13.13329908582899,6.6
2013-08-27,21:02:59,4.833333333333333,16.333236694335938,10.0
2013-08-27,21:07:59,4.266666666666667,12.533264160156252,8.866666666666667
2013-08-27,21:12:59,6.166666666666666,16.066614786783852,38.66666666666666
2013-08-27,21:17:59,14.5,15.26660495334201,14.666666666666664
2013-08-27,21:22:59,3.966666666666667,11.733271280924479,2.2
2013-08-27,21:27:59,4.033333333333333,8.066592746310764,1.3333333333333333
2013-08-27,21:32:59,4.866666666666667,15.066604614257814,9.466666666666667
2013-08-27,21:37:59,6.666666666666666,14.7332763671875,10.6
2013-08-27,21:42:59,3.6,11.199908786349829,25.73333333333333
2013-08-27,21:47:59,4.166666666666667,13.666593763563364,2.466666666666667
2013-08-27,21:53:00,3.833333333333333,11.199908786349829,1.6666666666666667
2013-08-27,21:58:00,4.866666666666667,10.599933200412327,6.6
2013-08-27,22:03:00,5.233333333333333,18.066592746310764,12.066666666666665
2013-08-27,22:08:00,4.0,15.066604614257814,8.333333333333334
2013-08-27,22:13:00,6.666666666666666,14.733267890082463,38.06666666666667
2013-08-27,22:18:00,4.4,15.133302476671004,11.666666666666664
2013-08-27,22:23:00,3.9,12.666600545247395,0.7333333333333333
2013-08-27,22:28:00,5.066666666666666,8.666627671983505,1.3333333333333333
2013-08-27,22:33:00,7.0,14.733242458767359,12.466666666666667
2013-08-27,22:38:00,7.4,16.73323737250434,8.266666666666667
2013-08-27,22:43:00,3.4,15.266596476236979,41.13333333333333
2013-08-27,22:48:00,4.066666666666666,13.333257039388021,0.6
2013-08-27,22:53:00,9.266666666666666,14.266611735026041,1.0666666666666669
2013-08-27,22:58:00,4.133333333333333,10.466622246636287,3.466666666666667
2013-08-27,23:03:00,4.666666666666667,15.066630045572918,8.466666666666667
2013-08-27,23:08:00,3.933333333333333,14.866629706488713,8.333333333333334
2013-08-27,23:13:00,3.5,13.266618516710068,47.33333333333334
2013-08-27,23:18:00,4.266666666666667,13.866611056857636,10.866666666666667
2013-08-27,23:23:00,3.766666666666667,12.93328179253472,0.2
2013-08-27,23:28:00,3.8666666666666663,9.266586303710938,0.13333333333333333
2013-08-27,23:33:00,4.766666666666667,15.599941677517359,7.933333333333334
2013-08-27,23:38:00,3.966666666666667,13.599921332465275,5.533333333333332
2013-08-27,23:43:00,3.433333333333333,11.999935574001734,40.86666666666667
2013-08-27,23:48:00,3.933333333333333,11.733271280924479,2.6
2013-08-27,23:53:00,3.766666666666667,13.399937947591145,0.2
2013-08-27,23:58:00,4.066666666666666,10.599950154622395,3.4
2013-08-28,00:03:00,46.83333333333333,41.26661512586805,28.2
2013-08-28,00:08:00,4.933333333333334,51.199951171875,7.8
2013-08-28,00:13:00,3.666666666666667,19.79998270670573,47.73333333333333
2013-08-28,00:18:00,5.233333333333333,16.599960327148438,12.733333333333333
2013-08-28,00:23:01,4.633333333333333,12.799936930338543,0.9333333333333332
2013-08-28,00:28:01,3.8666666666666663,10.799916585286457,0.4
2013-08-28,00:33:01,6.366666666666666,15.399941338433157,8.333333333333334
2013-08-28,00:38:01,3.966666666666667,15.599924723307293,6.066666666666666
2013-08-28,00:43:01,3.333333333333333,11.399943033854166,38.6
2013-08-28,00:48:01,3.9,9.599939982096355,4.333333333333333
2013-08-28,00:53:01,3.733333333333333,9.59991455078125,0
2013-08-28,00:58:01,4.1,10.533294677734375,3.2666666666666666
2013-08-28,01:03:01,3.766666666666667,17.26660834418403,8.333333333333334
2013-08-28,01:08:01,0.8,16.199951171875,7.066666666666666
2013-08-28,01:13:01,1.1,10.599950154622395,49.53333333333333
2013-08-28,01:18:01,1.0333333333333332,13.199971516927084,10.2
2013-08-28,01:23:01,0.6,10.199940999348959,0.26666666666666666
2013-08-28,01:28:01,0.6333333333333333,8.666568332248266,0
2013-08-28,01:33:01,4.0,16.999944051106773,100.0
2013-08-28,01:38:01,1.8,20.799942016601562,7.7333333333333325
2013-08-28,01:43:01,0.8333333333333333,12.199935913085938,39.2
2013-08-28,01:48:01,0.7666666666666667,12.999954223632812,0.6
2013-08-28,01:53:01,0.5,8.999888102213543,0
2013-08-28,01:58:01,0.8666666666666667,11.999918619791666,3.0
2013-08-28,02:03:01,37.63333333333333,40.86660597059462,27.066666666666666
2013-08-28,02:08:01,0.7,42.933264838324654,7.4
2013-08-28,02:13:01,1.0,16.666615804036457,46.06666666666667
2013-08-28,02:18:01,1.0666666666666669,12.333263821072048,11.6
2013-08-28,02:23:01,0.5666666666666667,12.2666252983941,0.06666666666666668
2013-08-28,02:28:01,0.6333333333333333,7.399910820855037,0
2013-08-28,02:33:01,1.5333333333333334,15.133251614040802,7.4
2013-08-28,02:38:01,0.6666666666666667,14.733259412977425,4.466666666666667
2013-08-28,02:43:01,0.8333333333333333,11.59994337293837,41.73333333333333
2013-08-28,02:48:01,0.7666666666666667,10.399932861328125,0.3333333333333333
2013-08-28,02:53:01,0.5,10.333251953125,0
2013-08-28,02:58:01,0.9,10.199907090928818,3.0
2013-08-28,03:03:01,1.3666666666666665,15.266587999131943,7.4
2013-08-28,03:08:01,0.6666666666666667,14.399914211697052,7.2
2013-08-28,03:13:01,1.0333333333333332,11.599934895833334,45.2
2013-08-28,03:18:01,1.1333333333333333,13.333265516493057,12.933333333333335
2013-08-28,03:23:01,0.5333333333333333,10.533277723524305,0.06666666666666668
2013-08-28,03:28:01,0.6666666666666667,8.866602579752604,0
2013-08-28,03:33:02,1.5,12.333297729492188,7.466666666666668
2013-08-28,03:38:02,0.8,12.066608005099829,5.6
2013-08-28,03:43:02,0.9333333333333332,8.799921671549479,35.266666666666666
2013-08-28,03:48:02,0.8333333333333333,12.733256022135416,5.466666666666668
2013-08-28,03:53:02,0.5333333333333333,13.333273993598088,0
2013-08-28,03:58:02,0.8,8.999930487738713,3.0
2013-08-28,04:03:02,1.3,12.999928792317709,7.4
2013-08-28,04:08:02,2.733333333333333,14.066602918836804,2.4
2013-08-28,04:13:02,3.066666666666667,12.199935913085938,24.33333333333333
2013-08-28,04:18:02,5.633333333333334,12.933273315429686,28.466666666666665
2013-08-28,04:23:02,0.6666666666666667,8.866594102647568,6.866666666666666
2013-08-28,04:28:02,0.6666666666666667,8.066635131835938,0.06666666666666668
2013-08-28,04:33:02,1.3666666666666665,14.599931504991323,6.8
2013-08-28,04:38:02,0.7,13.266610039605037,4.8
2013-08-28,04:43:02,0.6,13.599929809570312,18.866666666666667
2013-08-28,04:48:02,0.8,8.733240763346355,16.0
2013-08-28,04:53:02,0.5,10.599924723307291,2.6666666666666665
2013-08-28,04:58:02,0.7666666666666667,9.133292304144963,2.8
2013-08-28,05:03:02,1.3,14.933276706271698,7.066666666666666
2013-08-28,05:08:02,0.6666666666666667,13.799964057074652,1.6666666666666667
2013-08-28,05:13:02,0.8,12.866600884331596,11.333333333333336
2013-08-28,05:18:02,1.1,13.333282470703125,16.466666666666665
2013-08-28,05:23:02,0.5,11.266615125868055,3.533333333333333
2013-08-28,05:28:02,0.6333333333333333,9.999915228949654,4.4
2013-08-28,05:33:02,1.4,11.999918619791666,11.466666666666667
2013-08-28,05:38:02,0.7666666666666667,11.799935234917532,3.6666666666666665
2013-08-28,05:43:02,0.6,10.599907769097221,9.2
2013-08-28,05:48:02,0.8,10.599916246202255,10.066666666666666
2013-08-28,05:53:02,0.5666666666666667,10.199924045138888,11.0
2013-08-28,05:58:02,0.7666666666666667,10.599924723307291,8.333333333333334
2013-08-28,06:03:02,1.3,17.13327195909288,7.133333333333334
2013-08-28,06:08:02,0.7,14.53326755099826,2.4
2013-08-28,06:13:02,0.8,11.599960327148438,19.8
2013-08-28,06:18:02,1.2333333333333334,11.866607666015625,23.466666666666665
2013-08-28,06:23:02,0.6333333333333333,12.799953884548609,12.8
2013-08-28,06:28:02,0.6333333333333333,12.733289930555557,0.9333333333333332
2013-08-28,06:33:02,1.4,13.733283148871525,6.8
2013-08-28,06:38:02,0.7666666666666667,14.199939303927952,6.2
2013-08-28,06:43:02,0.6,14.599923027886282,16.933333333333334
2013-08-28,06:48:02,0.8,13.0666266547309,22.066666666666666
2013-08-28,06:53:02,0.5666666666666667,12.999928792317709,0.06666666666666668
2013-08-28,06:58:02,0.8,8.733257717556421,2.8666666666666667
2013-08-28,07:03:02,1.3666666666666665,14.266594780815971,7.066666666666666
2013-08-28,07:08:02,0.8,14.466603597005209,2.8
2013-08-28,07:13:02,0.9333333333333332,11.999935574001734,23.266666666666666
2013-08-28,07:18:02,1.1,13.93328348795573,33.4
2013-08-28,07:23:02,0.5666666666666667,12.866609361436629,3.2
2013-08-28,07:28:02,0.6333333333333333,10.199940999348959,0
2013-08-28,07:33:03,1.4333333333333331,14.399948120117188,7.466666666666668
2013-08-28,07:38:03,0.6,12.866600884331596,6.466666666666668
2013-08-28,07:43:03,0.8333333333333333,8.666610717773438,40.266666666666666
2013-08-28,07:48:03,0.8,12.399927775065105,0.4
2013-08-28,07:53:03,0.5,10.93324449327257,0
2013-08-28,07:58:03,0.7333333333333333,10.133268568250868,2.8
2013-08-28,08:03:03,38.1,37.99994574652777,27.86666666666667
2013-08-28,08:08:03,0.5666666666666667,46.599934895833336,4.133333333333334
2013-08-28,08:13:03,0.9333333333333332,19.933285183376732,44.73333333333333
2013-08-28,08:18:03,1.2,13.866602579752604,16.133333333333333
2013-08-28,08:23:03,0.5333333333333333,12.733264499240448,0.06666666666666668
2013-08-28,08:28:03,0.6333333333333333,8.999930487738713,0
2013-08-28,08:33:03,1.4333333333333331,14.599931504991323,7.466666666666668
2013-08-28,08:38:03,0.6666666666666667,15.799967447916666,7.7333333333333325
2013-08-28,08:43:03,0.9,9.599939982096355,39.06666666666667
2013-08-28,08:48:03,0.7,10.733269585503475,0.4
2013-08-28,08:53:03,0.5333333333333333,10.133226182725693,0
2013-08-28,08:58:03,0.8333333333333333,7.799936930338541,3.0
2013-08-28,09:03:03,1.3666666666666665,11.066597832573784,7.4
2013-08-28,09:08:03,0.6666666666666667,13.799955579969616,4.0
2013-08-28,09:13:03,0.9666666666666668,11.266606648763021,35.06666666666667
2013-08-28,09:18:03,1.0666666666666669,15.333294338650171,25.66666666666667
2013-08-28,09:23:03,0.5666666666666667,11.13324483235677,0.06666666666666668
2013-08-28,09:28:03,0.6333333333333333,9.599939982096355,0
2013-08-28,09:33:03,1.4666666666666666,16.86659071180556,7.4
2013-08-28,09:38:03,0.6333333333333333,17.599945068359375,3.0
2013-08-28,09:43:03,0.7,11.333270602756075,20.466666666666665
2013-08-28,09:48:03,0.8,11.466606987847221,16.666666666666668
2013-08-28,09:53:03,2.7,21.799918280707466,7.066666666666666
2013-08-28,09:58:03,1.0,21.26662360297309,5.8
2013-08-28,10:03:03,1.4333333333333331,18.466601901584205,11.466666666666667
2013-08-28,10:08:03,0.7666666666666667,19.666586981879345,2.4
2013-08-28,10:13:03,0.9666666666666668,12.199910481770832,24.466666666666665
2013-08-28,10:18:03,1.2666666666666666,11.199925740559896,18.133333333333333
2013-08-28,10:23:03,0.8,12.199902004665796,9.266666666666667
2013-08-28,10:28:03,0.7333333333333333,7.8666008843316,8.933333333333334
2013-08-28,10:33:03,1.5666666666666669,17.13330586751302,8.866666666666667
2013-08-28,10:38:03,0.8333333333333333,15.399949815538191,3.6666666666666665
2013-08-28,10:43:03,0.6,12.1999274359809,10.933333333333335
2013-08-28,10:48:03,0.8,9.599939982096355,9.4
2013-08-28,10:53:03,0.6,9.999940660264755,9.066666666666666
2013-08-28,10:58:04,1.0666666666666669,7.933264838324651,11.2
2013-08-28,11:03:04,1.6666666666666663,19.9332767062717,10.4
2013-08-28,11:08:04,1.0333333333333332,15.266596476236979,4.4
2013-08-28,11:13:04,0.9333333333333332,10.866597493489582,20.066666666666666
2013-08-28,11:18:04,1.2333333333333334,13.666602240668405,16.333333333333332
2013-08-28,11:23:04,0.8666666666666667,10.266579522026912,10.4
2013-08-28,11:28:04,0.6,7.3999277750651045,8.333333333333334
2013-08-28,11:33:04,1.4,14.999949137369791,9.266666666666667
2013-08-28,11:38:04,0.8333333333333333,15.599950154622396,2.1333333333333333
2013-08-28,11:43:04,0.5666666666666667,12.599919637044271,4.466666666666667
2013-08-28,11:48:04,0.8333333333333333,11.99994405110677,9.666666666666666
2013-08-28,11:53:04,0.6666666666666667,11.199925740559896,7.8
2013-08-28,11:58:04,1.2333333333333334,12.333255343967016,16.333333333333332
2013-08-28,12:03:04,37.13333333333333,38.46658494737412,29.4
2013-08-28,12:08:04,1.9,57.79991149902344,4.533333333333333
2013-08-28,12:13:04,0.9,22.79993693033854,19.933333333333334
2013-08-28,12:18:04,1.1666666666666667,14.799957275390627,23.6
2013-08-28,12:23:04,0.7333333333333333,11.599934895833334,11.866666666666667
2013-08-28,12:28:04,0.5666666666666667,9.199930826822916,3.8
2013-08-28,12:33:04,1.3666666666666665,15.333260430230036,7.933333333333334
2013-08-28,12:38:04,0.7666666666666667,14.79993184407552,4.2
2013-08-28,12:43:04,0.8,10.999959309895834,11.733333333333333
2013-08-28,12:48:04,0.8666666666666667,10.599924723307291,13.0
2013-08-28,12:58:04,1.0333333333333332,9.533276028103298,8.266666666666667
2013-08-28,13:03:04,4.4,16.7999267578125,9.933333333333334
2013-08-28,13:08:04,11.933333333333332,15.599924723307293,5.533333333333332
2013-08-28,13:13:04,0.9333333333333332,11.066597832573784,21.73333333333333
2013-08-28,13:18:04,4.033333333333333,13.19989522298177,26.066666666666666
2013-08-28,13:23:04,0.7,10.799916585286457,15.0
2013-08-28,13:28:04,6.3,8.99993896484375,1.8666666666666667
2013-08-28,13:33:04,1.7666666666666666,14.86659579806858,9.466666666666667
2013-08-28,13:38:04,0.7,13.99993896484375,2.8
2013-08-28,13:43:04,0.7666666666666667,11.399943033854166,20.0
2013-08-28,13:48:04,1.2666666666666666,8.199920654296875,23.13333333333333
2013-08-28,13:53:04,0.7333333333333333,9.799931844075521,5.266666666666667
2013-08-28,13:58:04,0.9,8.599955240885416,4.333333333333333
2013-08-28,14:03:04,1.4666666666666666,18.199920654296875,11.533333333333333
2013-08-28,14:08:04,0.8,15.399932861328125,7.0
2013-08-28,14:13:04,1.0666666666666669,11.599934895833334,38.333333333333336
2013-08-28,14:18:04,1.3,12.599919637044271,26.0
2013-08-28,14:23:04,0.7,11.399892171223957,1.6
2013-08-28,14:28:04,0.6333333333333333,9.59991455078125,1.6
2013-08-28,14:33:04,1.6,14.53326755099826,8.933333333333334
2013-08-28,14:38:04,0.8,15.399932861328125,8.0
2013-08-28,14:43:04,0.8666666666666667,11.466590033637152,34.46666666666667
2013-08-28,14:48:04,0.7666666666666667,11.199925740559896,8.733333333333333
2013-08-28,14:53:04,0.6,10.933252970377605,1.2
2013-08-28,14:58:04,0.9666666666666668,9.46658664279514,5.2
2013-08-28,15:03:04,1.4666666666666666,16.133278740776905,9.6
2013-08-28,15:08:04,5.2,26.599917941623268,8.2
2013-08-28,15:13:04,1.2666666666666666,26.199959648980037,49.06666666666667
2013-08-28,15:18:04,1.6333333333333335,15.466613769531248,15.866666666666667
2013-08-28,15:23:04,1.0,13.599938286675348,2.8666666666666667
2013-08-28,15:28:04,0.6,7.333263821072046,0.8
2013-08-28,15:33:04,1.4,15.866605970594613,8.2
2013-08-28,15:38:04,0.9,15.533269246419271,6.666666666666668
2013-08-28,15:43:04,1.1666666666666667,12.999928792317709,31.13333333333333
2013-08-28,15:48:04,1.3,11.199951171875,14.6
2013-08-28,15:53:04,0.7,11.99994405110677,1.5333333333333334
2013-08-28,15:58:04,1.1666666666666667,9.933268229166666,5.266666666666667
2013-08-28,16:03:04,43.03333333333333,40.93328687879775,30.0
2013-08-28,16:08:04,13.5,50.19989013671875,9.6
2013-08-28,16:13:04,1.1333333333333333,19.799957275390625,44.26666666666666
2013-08-28,16:18:04,1.5666666666666669,14.199930826822918,20.866666666666667
2013-08-28,16:23:04,0.8,11.79994371202257,2.0
2013-08-28,16:28:04,0.6,9.266611735026043,1.0666666666666669
2013-08-28,16:33:05,3.166666666666667,12.733264499240448,10.266666666666667
2013-08-28,16:38:05,7.9,15.866597493489584,7.666666666666668
2013-08-28,16:43:05,9.633333333333333,10.733261108398438,23.73333333333333
2013-08-28,16:48:05,0.9,9.666595458984375,22.8
2013-08-28,16:53:05,0.7,9.06661139594184,1.2
2013-08-28,16:58:05,1.4333333333333331,9.999940660264755,4.666666666666667
2013-08-28,17:03:05,1.6333333333333335,15.99993387858073,9.533333333333333
2013-08-28,17:08:05,0.7666666666666667,15.199957953559027,3.4
2013-08-28,17:13:05,0.9333333333333332,11.133253309461805,31.2
2013-08-28,17:18:05,1.3666666666666665,15.666597154405379,48.4
2013-08-28,17:23:05,0.7,11.066597832573784,5.866666666666666
2013-08-28,17:28:05,0.6333333333333333,9.199930826822916,1.9333333333333331
2013-08-28,17:33:05,2.4333333333333336,15.533294677734375,15.733333333333333
2013-08-28,17:38:05,0.9666666666666668,15.999959309895834,6.7333333333333325
2013-08-28,17:43:05,1.4,11.866616143120662,27.66666666666667
2013-08-28,17:48:05,3.533333333333333,8.733283148871525,33.13333333333333
2013-08-28,17:53:05,1.4,10.666597154405382,7.066666666666666
2013-08-28,17:58:05,1.1666666666666667,9.466578165690104,6.666666666666668
2013-08-28,18:03:05,1.7333333333333334,14.93325975206163,11.533333333333333
2013-08-28,18:08:05,2.1,15.399932861328125,18.266666666666666
2013-08-28,18:13:05,2.1,11.333279079861112,50.8
2013-08-28,18:18:05,2.3,13.799947102864582,29.13333333333333
2013-08-28,18:23:05,1.2333333333333334,12.466600206163193,5.866666666666666
2013-08-28,18:28:05,1.7333333333333334,8.733266194661459,9.466666666666667
2013-08-28,18:33:05,2.8666666666666667,13.399929470486107,18.33333333333333
2013-08-28,18:38:05,0.9666666666666668,14.333284166124136,9.933333333333334
2013-08-28,18:43:05,0.9333333333333332,10.399941338433159,42.73333333333333
2013-08-28,18:48:05,1.0666666666666669,10.399932861328125,4.533333333333333
2013-08-28,18:53:05,0.8,9.866604275173609,2.1333333333333333
2013-08-28,18:58:05,0.9333333333333332,9.399914211697046,3.6666666666666665
2013-08-28,19:03:05,7.2,11.733262803819443,10.2
2013-08-28,19:08:05,1.0333333333333332,16.26659817165799,7.6
2013-08-28,19:13:05,1.1,13.399929470486107,42.333333333333336
2013-08-28,19:18:05,1.4,14.066602918836804,22.33333333333333
2013-08-28,19:23:06,0.7,12.666600545247395,0.9333333333333332
2013-08-28,19:28:06,3.8,10.733269585503475,0.6
2013-08-28,19:33:06,8.142857142857144,19.99994913736979,2.333333333333333
2013-08-28,19:38:06,3.233333333333333,17.133280436197918,8.6
2013-08-28,19:43:06,18.633333333333333,10.933278401692709,32.13333333333333
2013-08-28,19:48:06,0.9666666666666668,11.333270602756075,12.466666666666667
2013-08-28,19:53:06,4.566666666666666,12.799936930338543,1.2
2013-08-28,19:58:06,2.466666666666667,9.999915228949654,5.666666666666668
2013-08-28,20:03:06,40.46666666666667,41.733262803819436,28.93333333333333
2013-08-28,20:08:06,8.333333333333334,49.59992302788629,9.333333333333334
2013-08-28,20:13:06,8.866666666666667,18.733266194661457,48.6
2013-08-28,20:18:06,4.9,15.799975925021698,16.333333333333332
2013-08-28,20:23:06,3.2,11.5999264187283,2.0
2013-08-28,20:28:06,0.5333333333333333,9.39993964301215,0.6666666666666666
2013-08-28,20:33:06,4.0,13.333257039388021,10.933333333333335
2013-08-28,20:38:06,5.033333333333333,12.466600206163193,11.933333333333335
2013-08-28,20:43:06,4.1,13.99993896484375,41.93333333333333
2013-08-28,20:48:06,4.133333333333333,9.59991455078125,3.333333333333333
2013-08-28,20:53:06,3.733333333333333,8.599929809570312,1.4666666666666666
2013-08-28,20:58:06,3.933333333333333,10.533286200629338,4.066666666666666
2013-08-28,21:03:06,7.7,14.599939982096355,11.266666666666667
2013-08-28,21:08:06,4.7,13.199920654296873,8.133333333333333
2013-08-28,21:13:06,7.166666666666666,13.399937947591145,53.33333333333334
2013-08-28,21:18:06,8.033333333333333,15.199940999348957,19.53333333333333
2013-08-28,21:23:06,4.066666666666666,15.5999755859375,2.0
2013-08-28,21:28:06,7.9,9.399922688802082,2.8
2013-08-28,21:33:06,4.9,16.999969482421875,9.6
2013-08-28,21:38:06,3.8666666666666663,13.599929809570312,5.533333333333332
2013-08-28,21:43:06,3.4,13.199920654296873,28.66666666666667
2013-08-28,21:48:06,3.833333333333333,11.199925740559896,19.8
2013-08-28,21:53:07,3.8,10.399932861328125,2.2666666666666666
2013-08-28,21:58:07,4.1,9.999949137369791,5.533333333333332
2013-08-28,22:03:07,4.7,11.999918619791666,9.266666666666667
2013-08-28,22:08:07,3.933333333333333,10.99993387858073,8.733333333333333
2013-08-28,22:13:07,3.533333333333333,10.799916585286457,50.26666666666666
2013-08-28,22:18:07,4.333333333333333,14.399948120117188,18.8
2013-08-28,22:23:07,3.733333333333333,13.599955240885416,0.4666666666666667
2013-08-28,22:28:07,2.5,12.399953206380209,1.4666666666666666
2013-08-28,22:33:07,3.0,13.99993896484375,9.533333333333333
2013-08-28,22:38:07,1.7666666666666666,13.399963378906252,7.6
2013-08-28,22:43:07,1.5666666666666669,13.599929809570312,43.13333333333333
2013-08-28,22:48:06,1.2333333333333334,12.399927775065105,27.53333333333333
2013-08-28,22:53:06,0.5666666666666667,10.99993387858073,0.13333333333333333
2013-08-28,22:58:06,0.8,11.799952189127605,3.066666666666667
2013-08-28,23:03:06,1.4666666666666666,13.99993896484375,8.266666666666667
2013-08-28,23:08:06,6.833333333333334,14.79993184407552,7.933333333333334
2013-08-28,23:13:06,1.0333333333333332,10.599950154622395,57.73333333333333
2013-08-28,23:18:06,7.066666666666666,11.93328857421875,33.266666666666666
2013-08-28,23:23:06,0.6333333333333333,11.599934895833334,0.7333333333333333
2013-08-28,23:28:06,1.1875,9.999974568684895,0
2013-08-28,23:33:06,1.4666666666666666,14.66662936740451,8.066666666666666
2013-08-28,23:38:06,0.9,15.199932522243923,9.6
2013-08-28,23:43:06,0.9666666666666668,11.733271280924479,56.06666666666667
2013-08-28,23:48:06,1.1333333333333333,10.533260769314234,9.866666666666667
2013-08-28,23:53:06,0.5,10.79995897081163,0
2013-08-28,23:58:06,0.8666666666666667,8.333265516493057,3.066666666666667
2013-08-29,00:03:07,40.1,38.866628011067704,28.93333333333333
2013-08-29,00:08:07,0.7666666666666667,46.33327907986111,9.533333333333333
2013-08-29,00:13:07,3.933333333333333,18.733274671766495,51.46666666666667
2013-08-29,00:18:07,2.966666666666667,11.666607326931421,38.266666666666666
2013-08-29,00:23:07,0.7333333333333333,9.866570366753475,0.6666666666666666
2013-08-29,00:28:07,0.6,10.199915568033854,0
2013-08-29,00:33:07,1.7,12.999937269422745,8.8
2013-08-29,00:38:07,0.6666666666666667,12.933247884114582,6.7333333333333325
2013-08-29,00:43:07,0.9333333333333332,10.199932522243925,43.33333333333334
2013-08-29,00:48:07,1.1333333333333333,10.533243815104166,24.8
2013-08-29,00:53:07,0.5,9.533250596788195,0
2013-08-29,00:58:07,0.9,9.999940660264755,3.333333333333333
2013-08-29,01:03:07,1.6,13.59994676378038,9.266666666666667
2013-08-29,01:08:07,0.7666666666666667,16.133287217881943,9.2
2013-08-29,01:13:07,1.0666666666666669,13.93326653374566,52.8
2013-08-29,01:18:07,1.5333333333333334,12.333272298177084,36.266666666666666
2013-08-29,01:23:07,0.7333333333333333,12.133305867513021,0.2
2013-08-29,01:28:07,0.6666666666666667,11.249955495198567,0.08333333333333333
2013-08-29,01:33:07,4.033333333333333,15.666605631510416,100.0
2013-08-29,01:38:07,1.7,19.533284505208336,7.2
2013-08-29,01:43:07,0.9333333333333332,12.399919297960068,56.06666666666667
2013-08-29,01:48:07,1.1333333333333333,13.599921332465275,11.8
2013-08-29,01:53:07,0.5333333333333333,11.533253987630209,0
2013-08-29,01:58:07,0.7333333333333333,9.533267550998266,2.8
2013-08-29,02:03:07,35.333333333333336,57.99992879231771,58.8
2013-08-29,02:08:08,0.9666666666666668,46.39994303385417,9.2
2013-08-29,02:13:08,1.2,19.999974568684898,67.33333333333333
2013-08-29,02:18:08,1.6,11.7999267578125,22.066666666666666
2013-08-29,02:23:08,0.7,13.199920654296873,0.06666666666666668
2013-08-29,02:28:08,0.6666666666666667,11.599934895833334,0
2013-08-29,02:33:08,1.4,16.599960327148438,6.866666666666666
2013-08-29,02:38:08,1.3125,10.99993387858073,18.571428571428573
2013-08-29,02:43:08,1.0,12.399944729275171,58.46666666666667
2013-08-29,02:48:08,1.0666666666666669,11.733271280924479,7.7333333333333325
2013-08-29,02:53:08,0.6,9.666586981879338,0.06666666666666668
2013-08-29,02:58:08,0.8666666666666667,10.533243815104166,2.6
2013-08-29,03:03:08,1.4,14.39993116590712,7.2666666666666675
2013-08-29,03:08:08,0.9,14.466595119900171,8.466666666666667
2013-08-29,03:13:08,1.1,12.333238389756945,49.73333333333333
2013-08-29,03:18:08,1.6333333333333335,11.799935234917532,40.2
2013-08-29,03:23:08,0.6,11.59994337293837,0.06666666666666668
2013-08-29,03:28:08,0.5666666666666667,9.66663784450955,0
2013-08-29,03:33:08,1.4,14.133249918619791,7.0
2013-08-29,03:38:08,0.8333333333333333,15.599958631727425,7.066666666666666
2013-08-29,03:43:08,0.8333333333333333,12.666625976562498,36.66666666666666
2013-08-29,03:48:08,1.1333333333333333,11.199942694769964,32.0
2013-08-29,03:53:08,0.5333333333333333,11.199959648980034,0
2013-08-29,03:58:08,0.8,10.1332770453559,2.6
2013-08-29,04:03:08,1.5666666666666669,17.53329806857639,8.2
2013-08-29,04:08:09,0.6333333333333333,14.39993116590712,5.533333333333332
2013-08-29,04:13:09,0.7666666666666667,10.999916924370662,29.2
2013-08-29,04:18:09,1.9666666666666663,13.19991217719184,49.13333333333333
2013-08-29,04:23:09,1.1666666666666667,12.466591729058159,13.466666666666667
2013-08-29,04:28:09,0.5,10.133268568250868,0
2013-08-29,04:33:09,1.7333333333333334,13.06658426920573,8.066666666666666
2013-08-29,04:38:09,0.9,15.733261108398436,5.0
2013-08-29,04:43:09,0.6,12.333255343967016,19.933333333333334
2013-08-29,04:48:09,1.1333333333333333,9.866578843858505,22.2
2013-08-29,04:53:09,2.2333333333333334,16.066623263888886,26.33333333333333
2013-08-29,04:58:09,0.8,27.866617838541668,2.8
2013-08-29,05:03:09,1.5666666666666669,19.266594780815968,7.933333333333334
2013-08-29,05:08:09,0.6333333333333333,21.266589694552955,3.066666666666667
2013-08-29,05:13:09,0.8,14.799948798285593,21.133333333333333
2013-08-29,05:18:09,1.4333333333333331,12.866600884331596,37.93333333333333
2013-08-29,05:23:09,0.8,11.066614786783854,31.266666666666666
2013-08-29,05:28:09,0.5333333333333333,13.533240424262152,0
2013-08-29,05:33:09,1.5666666666666669,18.066609700520832,7.866666666666666
2013-08-29,05:38:09,0.6,16.599943372938363,0.8
2013-08-29,05:43:09,0.5666666666666667,12.999954223632812,11.733333333333333
2013-08-29,05:48:09,1.0333333333333332,12.333263821072048,23.6
2013-08-29,05:53:09,0.6333333333333333,9.466603597005207,13.133333333333333
2013-08-29,05:58:09,0.8333333333333333,9.666612413194443,21.66666666666667
2013-08-29,06:03:09,1.3,18.733291625976562,7.7333333333333325
2013-08-29,06:08:09,0.8666666666666667,16.666598849826386,6.6
2013-08-29,06:13:09,1.0666666666666669,12.999954223632812,46.66666666666666
2013-08-29,06:18:09,1.5,10.999925401475693,43.6
2013-08-29,06:23:09,0.7,11.866624620225693,0.8666666666666667
2013-08-29,06:28:09,0.5333333333333333,10.466579861111112,0
2013-08-29,06:33:09,1.3666666666666665,18.9332750108507,6.933333333333334
2013-08-29,06:38:09,0.7666666666666667,16.99996100531684,5.533333333333332
2013-08-29,06:43:09,0.7333333333333333,14.06659444173177,19.53333333333333
2013-08-29,06:48:09,1.0333333333333332,9.466603597005207,21.53333333333333
2013-08-29,06:53:09,0.7333333333333333,8.533282809787325,27.53333333333333
2013-08-29,06:58:10,0.7333333333333333,7.7999199761284705,2.6
2013-08-29,07:03:10,1.3,16.59991794162326,7.2666666666666675
2013-08-29,07:08:10,0.8333333333333333,16.066614786783852,3.533333333333333
2013-08-29,07:13:10,0.9333333333333332,13.866628011067709,23.93333333333333
2013-08-29,07:18:10,1.4666666666666666,11.333296034071182,44.46666666666667
2013-08-29,07:23:10,0.8666666666666667,10.39995829264323,23.6
2013-08-29,07:28:10,0.5333333333333333,9.466603597005207,0
2013-08-29,07:33:10,1.3666666666666665,15.399924384223088,7.0
2013-08-29,07:38:10,0.8333333333333333,16.399943033854168,8.4
2013-08-29,07:43:10,0.7666666666666667,12.999928792317709,43.13333333333333
2013-08-29,07:48:10,1.1333333333333333,10.266613430447046,24.4
2013-08-29,07:53:10,0.5666666666666667,9.799957275390625,0
2013-08-29,07:58:09,0.8,9.799931844075521,2.6
2013-08-29,08:03:09,33.4,37.26660834418402,7.2666666666666675
2013-08-29,08:08:09,1.4375,50.0,16.857142857142858
2013-08-29,08:13:09,1.1666666666666667,35.86663140190973,42.266666666666666
2013-08-29,08:18:09,1.5666666666666669,17.933290269639755,47.53333333333333
2013-08-29,08:23:09,0.7,12.666583591037325,0.26666666666666666
2013-08-29,08:28:09,0.5666666666666667,10.399941338433159,0
2013-08-29,08:33:09,1.5,14.73328484429253,7.066666666666666
2013-08-29,08:38:09,0.8333333333333333,13.866602579752604,5.7333333333333325
2013-08-29,08:43:09,0.7,12.46661716037326,26.466666666666665
2013-08-29,08:48:09,1.2,9.599939982096355,35.4
2013-08-29,08:53:10,0.6,9.93325975206163,7.933333333333334
2013-08-29,08:58:10,0.8,9.066619873046875,2.6
2013-08-29,09:03:10,1.5666666666666669,15.466622246636282,8.066666666666666
2013-08-29,09:08:10,0.6333333333333333,16.333287556966145,5.066666666666666
2013-08-29,09:13:10,0.9333333333333332,11.266623602973088,30.4
2013-08-29,09:18:10,1.6,11.266615125868055,50.86666666666667
2013-08-29,09:23:10,0.8333333333333333,11.733254326714409,9.8
2013-08-29,09:28:10,0.5333333333333333,10.133285522460938,0
2013-08-29,09:33:10,1.6333333333333335,14.999940660264755,8.0
2013-08-29,09:38:10,0.6666666666666667,15.799942016601562,3.933333333333333
2013-08-29,09:43:10,0.6333333333333333,11.466623942057291,11.2
2013-08-29,09:48:10,1.1,10.666580200195312,14.333333333333336
2013-08-29,09:53:10,0.6666666666666667,10.199949476453995,21.86666666666667
2013-08-29,09:58:10,1.0333333333333332,8.533257378472221,25.2
2013-08-29,10:03:10,1.7333333333333334,15.53323533799913,12.4
2013-08-29,10:08:10,0.7,15.333268907335073,3.2
2013-08-29,10:13:10,0.8333333333333333,12.266591389973957,12.266666666666667
2013-08-29,10:18:10,1.4333333333333331,12.79991149902344,25.066666666666666
2013-08-29,10:23:10,0.7333333333333333,12.06658257378472,9.4
2013-08-29,10:28:10,0.6,9.933251274956596,7.7333333333333325
2013-08-29,10:33:10,1.6666666666666663,12.399953206380209,13.333333333333336
2013-08-29,10:38:10,0.6,13.599921332465275,7.4
2013-08-29,10:43:10,0.6,9.799923366970486,12.866666666666667
2013-08-29,10:48:10,1.1666666666666667,9.266603257921007,5.2
2013-08-29,10:53:10,0.5333333333333333,10.266596476236979,0.4666666666666667
2013-08-29,10:58:10,0.8333333333333333,8.199929131401912,3.466666666666667
2013-08-29,11:03:10,1.4333333333333331,16.33326212565104,8.4
2013-08-29,11:08:10,0.8333333333333333,18.999930487738716,2.066666666666667
2013-08-29,11:13:10,0.7,13.0666266547309,11.6
2013-08-29,11:18:10,1.9333333333333331,13.466627332899309,27.66666666666667
2013-08-29,11:23:10,1.4666666666666666,12.93328179253472,6.2666666666666675
2013-08-29,11:28:10,2.6333333333333333,9.466612074110243,11.6
2013-08-29,11:33:11,1.5333333333333334,15.666597154405379,12.866666666666667
2013-08-29,11:38:11,0.7,16.39993455674913,2.933333333333333
2013-08-29,11:43:11,0.6333333333333333,11.466615464952255,10.866666666666667
2013-08-29,11:48:11,1.1666666666666667,12.866617838541666,3.4
2013-08-29,11:53:11,0.6,10.066604614257812,1.4666666666666666
2013-08-29,11:58:11,0.9,8.533274332682291,4.333333333333333
2013-08-29,12:03:11,38.766666666666666,39.199956258138016,35.666666666666664
2013-08-29,12:08:11,15.066666666666668,48.3999294704861,15.733333333333333
2013-08-29,12:13:11,2.0666666666666664,19.666595458984375,22.466666666666665
2013-08-29,12:18:11,7.7666666666666675,15.999942355685768,28.8
2013-08-29,12:23:11,0.8333333333333333,13.199929131401907,8.6
2013-08-29,12:28:11,0.7333333333333333,10.999959309895834,8.666666666666666
2013-08-29,12:33:11,5.033333333333333,17.13327195909288,16.933333333333334
2013-08-29,12:38:11,3.7,14.199956258138021,11.066666666666665
2013-08-29,12:43:11,1.3125,8.999888102213543,0.2857142857142857
2013-08-29,12:48:11,1.1,9.66657002766927,2.533333333333333
2013-08-29,12:53:11,1.2,11.866616143120662,0.7333333333333333
2013-08-29,12:58:11,1.1,12.53329806857639,3.533333333333333
2013-08-29,13:03:11,2.0666666666666664,16.599943372938363,9.8
2013-08-29,13:08:11,0.7,16.866599188910595,2.8666666666666667
2013-08-29,13:13:11,1.0,13.733291625976562,23.86666666666667
2013-08-29,13:18:11,2.3,13.733257717556423,41.333333333333336
2013-08-29,13:23:11,1.3,11.266581217447918,18.6
2013-08-29,13:28:11,0.8333333333333333,8.99993896484375,12.133333333333333
2013-08-29,13:33:11,2.0666666666666664,17.39994472927517,10.466666666666667
2013-08-29,13:38:11,0.8,16.3999515109592,6.866666666666666
2013-08-29,13:43:11,1.0333333333333332,13.066601223415796,19.866666666666667
2013-08-29,13:48:11,1.4,11.866616143120662,25.4
2013-08-29,13:53:11,0.7333333333333333,8.799913194444443,22.4
2013-08-29,13:58:11,1.1666666666666667,9.666595458984375,15.533333333333333
2013-08-29,14:03:11,1.6333333333333335,13.533282809787325,9.2
2013-08-29,14:08:11,0.6666666666666667,14.533259073893229,3.6666666666666665
2013-08-29,14:13:11,0.9666666666666668,12.533247205946177,30.066666666666666
2013-08-29,14:18:11,1.8666666666666665,13.533274332682291,46.66666666666666
2013-08-29,14:23:11,0.9333333333333332,12.266591389973957,23.066666666666666
2013-08-29,14:28:11,0.7,8.533257378472221,0.6666666666666666
2013-08-29,14:33:11,1.6333333333333335,13.533282809787325,9.2
2013-08-29,14:38:11,1.1,14.73328484429253,5.266666666666667
2013-08-29,14:43:11,0.8333333333333333,10.866605970594618,28.0
2013-08-29,14:48:12,1.4,10.599924723307291,35.93333333333333
2013-08-29,14:53:12,0.7333333333333333,11.199942694769964,11.0
2013-08-29,14:58:12,1.0,10.666605631510418,5.466666666666668
2013-08-29,15:03:12,1.4333333333333331,16.19993421766493,8.533333333333333
2013-08-29,15:08:12,5.466666666666666,27.933256361219623,5.2
2013-08-29,15:13:12,1.2333333333333334,24.999949137369793,36.46666666666667
2013-08-29,15:18:12,2.0,16.266581217447918,47.33333333333334
2013-08-29,15:23:12,1.1,13.733249240451393,18.133333333333333
2013-08-29,15:28:12,0.7,10.79995897081163,1.3333333333333333
2013-08-29,15:33:12,1.7333333333333334,14.799948798285593,8.6
2013-08-29,15:38:12,1.0333333333333332,14.466595119900171,5.933333333333334
2013-08-29,15:43:12,1.0666666666666669,12.799919976128473,42.0
2013-08-29,15:48:12,1.4333333333333331,11.599951850043404,29.4
2013-08-29,15:53:12,1.1,9.466603597005207,23.4
2013-08-29,15:58:12,1.0,8.733257717556421,6.133333333333334
2013-08-29,16:03:12,38.933333333333344,41.93328009711371,29.33333333333333
2013-08-29,16:08:12,1.0,48.3999294704861,7.0
2013-08-29,16:13:12,1.1666666666666667,19.999940660264755,36.86666666666667
2013-08-29,16:18:12,1.9666666666666663,14.266586303710938,42.2
2013-08-29,16:23:12,0.8666666666666667,12.33328077528212,20.266666666666666
2013-08-29,16:28:12,0.6666666666666667,9.333233303493925,0.4666666666666667
2013-08-29,16:33:12,1.7333333333333334,12.533281114366321,9.2
2013-08-29,16:38:12,0.7333333333333333,11.466623942057291,14.666666666666664
2013-08-29,16:43:12,0.7666666666666667,10.599941677517359,35.86666666666667
2013-08-29,16:48:12,1.4666666666666666,9.733242458767359,32.4
2013-08-29,16:53:12,0.6333333333333333,10.199924045138888,9.733333333333333
2013-08-29,16:58:12,0.8666666666666667,11.133287217881943,3.8666666666666663
2013-08-29,17:03:12,1.7,15.93326992458767,9.933333333333334
2013-08-29,17:08:12,3.0,17.333255343967018,7.4
2013-08-29,17:13:11,5.166666666666666,13.933275010850696,28.8
2013-08-29,17:18:11,5.266666666666667,12.933264838324652,36.93333333333333
2013-08-29,17:23:12,3.933333333333333,11.5999264187283,28.86666666666667
2013-08-29,17:28:12,0.7,9.399922688802082,2.333333333333333
2013-08-29,17:33:12,1.6666666666666663,10.933261447482641,9.066666666666666
2013-08-29,17:38:12,0.9,13.19994608561198,5.066666666666666
2013-08-29,17:43:12,0.9666666666666668,13.99993896484375,27.33333333333333
2013-08-29,17:48:12,1.4333333333333331,12.999928792317709,34.13333333333333
2013-08-29,17:53:12,0.8333333333333333,10.799942016601562,15.4
2013-08-29,17:58:12,1.0666666666666669,10.799942016601562,2.933333333333333
2013-08-29,18:03:12,4.0,14.333275689019095,9.333333333333334
2013-08-29,18:08:12,1.5666666666666669,14.199956258138021,6.8
2013-08-29,18:13:12,2.9,10.799942016601562,38.6
2013-08-29,18:18:12,4.533333333333333,12.399927775065105,48.2
2013-08-29,18:23:12,3.466666666666667,13.599929809570312,15.2
2013-08-29,18:28:12,0.8,12.999928792317709,1.6
2013-08-29,18:33:12,1.8666666666666665,11.866599188910591,10.866666666666667
2013-08-29,18:38:12,0.8,11.199951171875,6.133333333333334
2013-08-29,18:43:12,1.0,11.99994405110677,27.4
2013-08-29,18:48:12,1.5,10.199940999348959,38.8
2013-08-29,18:53:12,0.7666666666666667,10.866589016384546,12.4
2013-08-29,18:58:12,1.8,11.399917602539062,4.933333333333334
2013-08-29,19:03:12,1.6,15.266596476236979,10.2
2013-08-29,19:08:12,0.7,14.399922688802084,8.666666666666666
2013-08-29,19:13:12,1.3666666666666665,12.4666256374783,56.26666666666666
2013-08-29,19:18:12,2.0666666666666664,14.399922688802084,50.06666666666667
2013-08-29,19:23:12,0.7,10.599950154622395,1.6
2013-08-29,19:28:12,0.7666666666666667,8.799921671549479,1.5333333333333334
2013-08-29,19:33:12,1.8,16.933263142903645,9.066666666666666
2013-08-29,19:38:12,1.0333333333333332,15.399932861328125,7.533333333333332
2013-08-29,19:43:12,0.9,11.99994405110677,38.86666666666667
2013-08-29,19:48:12,1.3,10.399932861328125,34.73333333333333
2013-08-29,19:53:12,0.5666666666666667,10.199915568033854,0.5333333333333333
2013-08-29,19:58:12,0.8666666666666667,8.599929809570312,3.466666666666667
2013-08-29,20:03:13,40.821428571428584,42.85707019624256,30.642857142857146
2013-08-29,20:08:13,0.8666666666666667,44.399922688802086,6.8
2013-08-29,20:13:13,1.2,18.39996337890625,48.66666666666666
2013-08-29,20:18:13,2.0,13.571357727050781,47.64285714285714
2013-08-29,20:23:13,0.6333333333333333,9.799923366970486,0.8666666666666667
2013-08-29,20:28:13,0.6,8.599929809570312,0.7333333333333333
2013-08-29,20:33:13,1.6,15.999942355685768,8.8
2013-08-29,20:38:13,0.8666666666666667,14.999949137369791,9.533333333333333
2013-08-29,20:43:13,0.9666666666666668,10.399924384223088,41.13333333333333
2013-08-29,20:48:13,1.3214285714285714,11.214210873558407,33.214285714285715
2013-08-29,20:53:13,0.5333333333333333,9.133258395724829,1.3333333333333333
2013-08-29,20:58:13,0.8,6.866590711805555,3.333333333333333
2013-08-29,21:03:13,3.033333333333333,15.533269246419271,9.733333333333333
2013-08-29,21:08:13,11.3,15.933261447482636,11.866666666666667
2013-08-29,21:13:13,1.1333333333333333,12.399927775065105,55.13333333333333
2013-08-29,21:18:13,1.9,13.733257717556423,45.06666666666667
2013-08-29,21:23:13,0.5666666666666667,9.06661139594184,0.26666666666666666
2013-08-29,21:28:13,3.5,11.199942694769964,1.0
2013-08-29,21:33:13,1.7666666666666666,14.93329366048177,9.066666666666666
2013-08-29,21:38:13,0.8666666666666667,15.533252292209198,7.8
2013-08-29,21:43:13,0.7333333333333333,10.399932861328125,36.86666666666667
2013-08-29,21:48:13,1.3,10.79995897081163,36.2
2013-08-29,21:53:13,0.6333333333333333,11.199934217664932,0.26666666666666666
2013-08-29,21:58:13,1.1,9.53325907389323,3.0
2013-08-29,22:03:13,4.066666666666666,13.333248562282984,11.333333333333336
2013-08-29,22:08:13,0.9666666666666668,12.866583930121525,7.533333333333332
2013-08-29,22:13:13,2.533333333333333,13.333257039388021,53.73333333333333
2013-08-29,22:18:13,1.9333333333333331,15.99993387858073,55.46666666666667
2013-08-29,22:23:14,0.6,12.066591050889757,0.26666666666666666
2013-08-29,22:28:14,0.6666666666666667,8.266593085394963,0.13333333333333333
2013-08-29,22:33:14,1.8,15.999908447265623,9.333333333333334
2013-08-29,22:38:14,0.7333333333333333,14.533292982313364,6.2666666666666675
2013-08-29,22:43:14,1.0,10.733269585503475,48.0
2013-08-29,22:48:14,1.2666666666666666,12.999954223632812,32.4
2013-08-29,22:53:14,0.5666666666666667,11.199959648980034,0.13333333333333333
2013-08-29,22:58:14,0.8666666666666667,9.533284505208334,2.933333333333333
2013-08-29,23:03:14,1.5,15.73327806260851,9.2
2013-08-29,23:08:14,3.633333333333333,17.06660800509983,8.466666666666667
2013-08-29,23:13:14,1.1333333333333333,15.399932861328125,50.66666666666666
2013-08-29,23:18:14,4.633333333333333,13.599955240885416,62.6
2013-08-29,23:23:14,15.066666666666668,14.199956258138021,1.9333333333333331
2013-08-29,23:28:14,0.5666666666666667,12.799945407443577,0.13333333333333333
2013-08-29,23:33:14,1.5666666666666669,13.66661071777344,8.733333333333333
2013-08-29,23:38:14,1.1333333333333333,13.19994608561198,7.8
2013-08-29,23:43:14,0.7333333333333333,9.666612413194443,31.2
2013-08-29,23:48:14,1.2666666666666666,11.866582234700521,38.6
2013-08-29,23:53:14,0.7333333333333333,10.066596137152777,13.466666666666667
2013-08-29,23:58:14,1.1666666666666667,12.39993625217014,2.8
2013-08-30,00:03:14,39.86666666666667,45.79993353949652,27.73333333333333
2013-08-30,00:08:14,8.066666666666666,43.73324924045139,8.666666666666666
2013-08-30,00:13:14,16.2,19.999923706054688,34.2
2013-08-30,00:18:14,4.766666666666667,24.86660427517361,74.4
2013-08-30,00:23:14,2.2,13.399920993381077,4.2
2013-08-30,00:28:14,0.7,10.133251614040796,0.8666666666666667
2013-08-30,00:33:14,1.4666666666666666,12.599919637044271,8.4
2013-08-30,00:38:14,0.8666666666666667,12.266616821289062,6.2
2013-08-30,00:43:14,0.7666666666666667,12.133255004882812,34.86666666666667
2013-08-30,00:48:14,1.2666666666666666,11.466615464952255,39.46666666666667
2013-08-30,00:53:14,0.9666666666666668,13.399929470486107,9.333333333333334
2013-08-30,00:58:14,0.8,11.599951850043404,2.7333333333333334
2013-08-30,01:03:14,1.5357142857142858,14.071373712448848,9.071428571428571
2013-08-30,01:08:14,0.8333333333333333,12.799962361653646,9.866666666666667
2013-08-30,01:13:15,1.3,15.9999762641059,62.66666666666666
2013-08-30,01:18:15,1.8666666666666665,15.066630045572918,51.13333333333333
2013-08-30,01:23:15,0.6666666666666667,10.999942355685764,1.8666666666666667
2013-08-30,01:28:15,0.6333333333333333,8.133256700303818,0.2
2013-08-30,01:33:15,4.464285714285714,12.999925159272696,100.0
2013-08-30,01:38:15,1.5,16.933271620008675,8.266666666666667
2013-08-30,01:43:15,0.9,14.466637505425343,44.66666666666666
2013-08-30,01:48:15,1.3,13.333265516493057,37.2
2013-08-30,01:53:15,0.6,9.333267211914062,0.2
2013-08-30,01:58:15,0.8333333333333333,10.266621907552082,2.6
2013-08-30,02:03:15,38.3,45.466596815321175,27.66666666666667
2013-08-30,02:08:14,0.7,42.53328111436631,9.8
2013-08-30,02:13:14,2.9,28.93328348795573,69.0
2013-08-30,02:18:14,1.4,20.99993387858073,21.66666666666667
2013-08-30,02:23:14,0.8666666666666667,14.599948459201393,0.2
2013-08-30,02:28:14,0.6,10.266621907552082,0.26666666666666666
2013-08-30,02:33:14,1.4333333333333331,16.466615464952262,7.7333333333333325
2013-08-30,02:38:14,0.7,14.999932183159718,6.666666666666668
2013-08-30,02:43:14,0.9333333333333332,12.33328077528212,41.86666666666667
2013-08-30,02:48:14,1.3571428571428572,10.785638718377976,28.785714285714285
2013-08-30,02:53:14,0.6071428571428572,9.428487505231585,0.14285714285714285
2013-08-30,02:58:14,0.8,8.266593085394963,2.6666666666666665
2013-08-30,03:03:14,1.4,17.733272976345486,7.933333333333334
2013-08-30,03:08:14,0.7,13.933258056640627,7.333333333333332
2013-08-30,03:13:14,1.3,14.133249918619791,42.2
2013-08-30,03:18:14,1.5333333333333334,12.93328179253472,40.266666666666666
2013-08-30,03:23:14,0.7333333333333333,10.666614108615454,10.933333333333335
2013-08-30,03:28:14,0.6,11.399943033854166,0.13333333333333333
2013-08-30,03:33:14,1.5333333333333334,18.333282470703125,7.866666666666666
2013-08-30,03:38:14,0.7,16.733271280924477,7.466666666666668
2013-08-30,03:43:14,0.7333333333333333,14.13330078125,25.466666666666665
2013-08-30,03:48:14,1.2333333333333334,10.533252292209204,32.4
2013-08-30,03:53:14,0.7,10.533252292209204,13.466666666666667
2013-08-30,03:58:14,0.9333333333333332,13.06658426920573,2.6666666666666665
2013-08-30,04:03:15,1.2666666666666666,21.066623263888886,7.6
2013-08-30,04:08:15,0.8333333333333333,14.39993116590712,3.0
2013-08-30,04:13:15,0.9333333333333332,11.133261786566841,20.4
2013-08-30,04:18:15,1.4666666666666666,12.199944390190971,26.13333333333333
2013-08-30,04:23:15,0.7333333333333333,10.199932522243925,10.266666666666667
2013-08-30,04:28:15,0.6333333333333333,10.399932861328125,13.4
2013-08-30,04:33:15,1.5,19.93329366048177,17.6
2013-08-30,04:38:15,0.8666666666666667,16.999935574001736,6.066666666666666
2013-08-30,04:43:15,0.6,11.266598171657984,11.933333333333335
2013-08-30,04:48:15,1.3,12.13326348198785,12.4
2013-08-30,04:53:15,0.6333333333333333,10.799950493706596,9.666666666666666
2013-08-30,04:58:15,0.8666666666666667,9.399948120117188,19.2
2013-08-30,05:03:15,1.4666666666666666,19.26661173502604,19.0
2013-08-30,05:08:15,0.8666666666666667,16.066606309678818,5.6
2013-08-30,05:13:15,1.0333333333333332,12.333263821072048,24.13333333333333
2013-08-30,05:18:15,1.3,12.266599867078991,19.4
2013-08-30,05:23:15,0.8666666666666667,10.866605970594618,7.2
2013-08-30,05:28:15,0.6,10.533277723524305,7.133333333333334
2013-08-30,05:33:15,1.5333333333333334,16.599934895833332,24.266666666666666
2013-08-30,05:38:15,0.8928571428571429,15.071360270182291,12.714285714285715
2013-08-30,05:43:15,0.6333333333333333,10.533252292209204,14.533333333333333
2013-08-30,05:48:15,1.1666666666666667,11.133304172092016,26.13333333333333
2013-08-30,05:53:15,0.6333333333333333,12.066574096679688,19.066666666666666
2013-08-30,05:58:15,0.8333333333333333,11.333253648546005,12.6
2013-08-30,06:03:15,1.4333333333333331,19.599939982096355,7.866666666666666
2013-08-30,06:08:15,0.7,16.333236694335938,4.666666666666667
2013-08-30,06:13:15,1.0333333333333332,10.266579522026912,32.53333333333333
2013-08-30,06:18:15,1.3333333333333337,13.733257717556423,23.4
2013-08-30,06:23:15,1.0333333333333332,13.799921671549479,21.066666666666666
2013-08-30,06:28:15,0.7,11.333279079861112,15.133333333333333
2013-08-30,06:33:15,1.5333333333333334,16.799977620442707,7.6
2013-08-30,06:38:15,0.7,14.999932183159718,8.133333333333333
2013-08-30,06:43:15,0.8,10.799925062391493,40.93333333333333
2013-08-30,06:48:15,1.3,11.466590033637152,30.6
2013-08-30,06:53:15,0.6333333333333333,11.399917602539062,0.3333333333333333
2013-08-30,06:58:15,0.9,11.066597832573784,2.6
2013-08-30,07:03:15,1.4,16.799952189127605,7.666666666666668
2013-08-30,07:08:15,0.7333333333333333,14.533276028103295,7.333333333333332
2013-08-30,07:13:16,1.0666666666666669,13.93326653374566,41.2
2013-08-30,07:18:16,1.4333333333333331,13.533248901367188,29.4
2013-08-30,07:23:16,0.8666666666666667,10.46661376953125,22.8
2013-08-30,07:28:16,0.5666666666666667,8.533299763997396,0.13333333333333333
2013-08-30,07:33:16,1.5333333333333334,16.39996846516927,8.0
2013-08-30,07:38:16,0.7,15.333268907335073,4.0
2013-08-30,07:43:16,0.7333333333333333,12.133246527777779,32.8
2013-08-30,07:48:16,1.2333333333333334,11.066614786783854,21.266666666666666
2013-08-30,07:53:16,0.6666666666666667,10.133251614040796,19.666666666666668
2013-08-30,07:58:16,0.9,11.466590033637152,2.6666666666666665
2013-08-30,08:03:16,38.36666666666667,45.06662156846787,27.33333333333333
2013-08-30,08:08:16,0.7666666666666667,49.39994812011719,5.533333333333332
2013-08-30,08:13:16,1.1,19.599939982096355,37.333333333333336
2013-08-30,08:18:16,11.766666666666667,47.466591729058166,22.8
2013-08-30,08:23:16,2.566666666666667,83.79994710286458,0.26666666666666666
2013-08-30,08:28:16,0.5666666666666667,32.3999277750651,0.13333333333333333
2013-08-30,08:33:16,1.5666666666666669,20.799942016601562,7.066666666666666
2013-08-30,08:38:16,0.4666666666666666,16.199951171875,0.13333333333333333
2013-08-30,08:43:16,0.4666666666666666,9.19995625813802,0.13333333333333333
2013-08-30,08:48:16,0.8666666666666667,7.199910481770834,2.4
2013-08-30,08:53:16,0.5666666666666667,8.799947102864584,0.4
2013-08-30,08:58:16,0.36666666666666653,7.599945068359375,0
2013-08-30,09:03:16,0.36666666666666653,4.866578843858508,0
2013-08-30,09:08:16,0.36666666666666653,5.599924723307292,0
2013-08-30,09:13:16,0.4,6.599884033203125,0.06666666666666668
2013-08-30,09:18:16,9.0,6.599934895833333,0.6
2013-08-30,09:23:16,0.7333333333333333,11.199925740559896,1.8666666666666667
2013-08-30,09:28:16,2.766666666666667,12.599945068359375,1.2666666666666666
2013-08-30,09:33:16,4.466666666666667,18.399937947591148,1.4666666666666666
2013-08-30,09:38:16,3.7,13.19994608561198,1.4666666666666666
2013-08-30,09:43:17,3.666666666666667,13.99993896484375,8.4
2013-08-30,09:48:17,4.2,10.399932861328125,13.866666666666667
2013-08-30,09:53:17,4.0,8.799947102864584,21.6
2013-08-30,09:58:17,4.366666666666667,8.399937947591146,24.86666666666667
2013-08-30,10:03:17,4.366666666666667,15.26660495334201,20.666666666666668
2013-08-30,10:08:17,4.266666666666667,17.199935913085938,3.8666666666666663
2013-08-30,10:13:17,4.0,11.799952189127605,12.0
2013-08-30,10:18:17,4.266666666666667,12.999954223632812,31.86666666666667
2013-08-30,10:23:17,3.966666666666667,8.999913533528646,18.266666666666666
2013-08-30,10:28:17,3.7,7.666583591037328,15.4
2013-08-30,10:33:17,4.4,13.99993896484375,20.4
2013-08-30,10:38:17,3.8,16.733279758029514,8.466666666666667
2013-08-30,10:43:17,4.6,15.599924723307293,13.066666666666665
2013-08-30,10:48:17,5.7333333333333325,13.399912516276041,16.0
2013-08-30,10:53:17,3.966666666666667,13.799947102864582,11.266666666666667
2013-08-30,10:58:17,4.5,11.799952189127605,19.0
2013-08-30,11:03:17,5.633333333333334,12.999954223632812,23.73333333333333
2013-08-30,11:08:17,4.766666666666667,14.399948120117188,4.333333333333333
2013-08-30,11:13:17,5.366666666666666,11.599960327148438,12.133333333333333
2013-08-30,11:18:16,6.566666666666666,12.799936930338543,34.93333333333333
2013-08-30,11:23:16,4.2,11.799952189127605,19.133333333333333
2013-08-30,11:28:16,3.6,9.999923706054688,14.533333333333333
2013-08-30,11:33:16,6.7666666666666675,39.33326721191406,22.0
2013-08-30,11:38:16,6.566666666666666,25.39993286132813,6.466666666666668
2013-08-30,11:43:16,6.3,16.466632419162327,12.133333333333333
2013-08-30,11:48:16,6.7333333333333325,15.66663106282552,14.466666666666667
2013-08-30,11:53:16,6.433333333333334,9.933251274956596,11.933333333333335
2013-08-30,11:58:16,6.7666666666666675,13.93328348795573,17.933333333333334
2013-08-30,12:03:16,17.566666666666666,27.266599867078995,21.4
2013-08-30,12:08:16,14.233333333333333,43.19992913140191,15.666666666666664
2013-08-30,12:13:16,17.5,32.999937269422745,4.0
2013-08-30,12:18:17,16.03333333333333,29.866595798068584,47.86666666666667
2013-08-30,12:23:17,4.866666666666667,16.266615125868057,1.1333333333333333
2013-08-30,12:28:17,4.6,10.133260091145834,0.3333333333333333
2013-08-30,12:33:17,5.366666666666666,12.33328077528212,7.2666666666666675
2013-08-30,12:38:17,5.1,12.733272976345486,4.066666666666666
2013-08-30,12:43:17,5.1,12.866583930121525,13.866666666666667
2013-08-30,12:48:17,5.466666666666666,13.533308241102429,14.533333333333333
2013-08-30,12:53:17,4.866666666666667,12.199944390190971,15.4
2013-08-30,12:58:17,5.2,9.866595798068577,26.4
2013-08-30,13:03:17,7.066666666666666,12.399919297960068,22.266666666666666
2013-08-30,13:08:17,0.8,14.066585964626736,3.933333333333333
2013-08-30,13:13:17,0.9666666666666668,10.266621907552082,18.4
2013-08-30,13:18:17,1.5333333333333334,13.533257378472225,42.46666666666667
2013-08-30,13:23:17,4.6,12.333272298177084,29.13333333333333
2013-08-30,13:28:17,4.333333333333333,14.86659579806858,18.066666666666666
2013-08-30,13:33:17,5.066666666666666,10.266621907552082,9.933333333333334
2013-08-30,13:38:17,4.0,9.399914211697046,5.6
2013-08-30,13:43:17,3.666666666666667,10.93324449327257,34.06666666666667
2013-08-30,13:48:17,4.166666666666667,9.999915228949654,30.53333333333333
2013-08-30,13:53:17,3.633333333333333,12.333255343967016,19.53333333333333
2013-08-30,13:58:17,4.333333333333333,10.266587999131943,4.933333333333334
2013-08-30,14:03:17,5.2,13.399946424696177,12.8
2013-08-30,14:08:17,3.933333333333333,10.999908447265625,4.533333333333333
2013-08-30,14:13:17,3.766666666666667,11.333262125651041,43.66666666666666
2013-08-30,14:18:17,5.5,21.333236694335938,63.06666666666667
2013-08-30,14:23:17,4.066666666666666,52.799928453233505,2.066666666666667
2013-08-30,14:28:17,4.6,21.133295694986977,1.5333333333333334
2013-08-30,14:33:17,4.9,14.066619873046873,9.266666666666667
2013-08-30,14:38:18,4.133333333333333,11.266606648763021,6.2
2013-08-30,14:43:18,3.533333333333333,10.33328586154514,44.6
2013-08-30,14:48:18,4.0,9.399914211697046,35.93333333333333
2013-08-30,14:53:18,3.833333333333333,9.866604275173609,1.6
2013-08-30,14:58:18,4.4,10.333260430230034,6.133333333333334
2013-08-30,15:03:18,4.933333333333334,10.866614447699654,10.4
2013-08-30,15:08:18,8.566666666666666,19.66662089029948,6.333333333333332
2013-08-30,15:13:18,6.333333333333334,25.733278062608505,43.46666666666667
2013-08-30,15:18:18,5.033333333333333,17.999937269422748,66.2
2013-08-30,15:23:18,4.2,14.933302137586802,2.533333333333333
2013-08-30,15:28:18,4.166666666666667,11.066606309678818,2.0
2013-08-30,15:33:18,5.033333333333333,15.7999504937066,9.666666666666666
2013-08-30,15:38:18,4.3,16.599960327148438,6.466666666666668
2013-08-30,15:43:18,3.633333333333333,13.799947102864582,32.73333333333333
2013-08-30,15:48:18,4.733333333333333,11.93328857421875,44.53333333333333
2013-08-30,15:53:18,4.066666666666666,14.399948120117188,6.533333333333332
2013-08-30,15:58:18,4.366666666666667,11.79994371202257,5.2
2013-08-30,16:03:18,42.23333333333333,34.999966091579864,30.6
2013-08-30,16:08:18,5.266666666666667,48.6666022406684,5.333333333333333
2013-08-30,16:13:18,4.166666666666667,19.133283827039936,28.66666666666667
2013-08-30,16:18:18,4.733333333333333,15.399958292643229,63.4
2013-08-30,16:23:18,3.8,15.333260430230036,18.2
2013-08-30,16:28:18,4.166666666666667,10.399932861328125,1.4666666666666666
2013-08-30,16:33:18,5.3,14.599948459201393,10.466666666666667
2013-08-30,16:38:18,4.633333333333333,13.999930487738713,6.133333333333334
2013-08-30,16:43:18,4.366666666666667,12.333289252387152,22.6
2013-08-30,16:48:18,4.133333333333333,11.133278740776912,39.93333333333333
2013-08-30,16:53:18,3.533333333333333,12.399953206380209,18.133333333333333
2013-08-30,16:58:18,4.366666666666667,10.333260430230034,5.4
2013-08-30,17:03:18,4.833333333333333,12.466566297743055,8.6
2013-08-30,17:08:18,4.133333333333333,12.06658257378472,4.266666666666667
2013-08-30,17:13:18,3.766666666666667,9.999940660264755,35.266666666666666
2013-08-30,17:18:19,4.5,14.399948120117188,54.93333333333333
2013-08-30,17:23:19,3.7,11.933254665798609,17.933333333333334
2013-08-30,17:28:19,4.133333333333333,9.999949137369791,3.2666666666666666
2013-08-30,17:33:19,4.866666666666667,12.133280436197918,9.0
2013-08-30,17:38:19,4.4,13.999930487738713,6.2666666666666675
2013-08-30,17:43:19,3.7,12.599919637044271,32.06666666666667
2013-08-30,17:48:19,4.1,12.599945068359375,47.33333333333334
2013-08-30,17:53:19,3.966666666666667,9.999923706054688,5.7333333333333325
2013-08-30,17:58:19,4.766666666666667,9.066602918836807,6.333333333333332
2013-08-30,18:03:19,5.033333333333333,13.399912516276041,10.333333333333334
2013-08-30,18:08:19,4.1,12.799936930338543,5.7333333333333325
2013-08-30,18:13:19,3.666666666666667,11.7999267578125,41.8
2013-08-30,18:18:19,4.733333333333333,15.199940999348957,63.86666666666667
2013-08-30,18:23:19,3.9,10.666614108615454,14.066666666666665
2013-08-30,18:28:19,4.033333333333333,11.7999267578125,1.2666666666666666
2013-08-30,18:33:19,4.933333333333334,12.599894205729168,9.4
2013-08-30,18:38:19,4.633333333333333,11.599934895833334,12.333333333333336
2013-08-30,18:43:19,4.133333333333333,12.999928792317709,53.53333333333333
2013-08-30,18:48:19,4.466666666666667,11.399943033854166,56.46666666666667
2013-08-30,18:53:19,4.6,7.999928792317708,1.0
2013-08-30,18:58:19,4.2,9.599931504991318,4.2
2013-08-30,19:03:19,5.133333333333334,14.133249918619791,9.4
2013-08-30,19:08:19,3.933333333333333,11.799935234917532,4.066666666666666
2013-08-30,19:13:19,3.7,13.466618855794271,48.93333333333333
2013-08-30,19:18:19,4.466666666666667,13.733291625976562,67.06666666666666
2013-08-30,19:23:19,4.366666666666667,11.333262125651041,2.1333333333333333
2013-08-30,19:28:20,4.033333333333333,10.266587999131943,1.4666666666666666
2013-08-30,19:33:20,5.266666666666667,13.866628011067709,9.533333333333333
2013-08-30,19:38:20,6.6,12.933273315429686,8.933333333333334
2013-08-30,19:43:20,3.333333333333333,9.46658664279514,41.53333333333333
2013-08-30,19:48:20,3.666666666666667,10.066587660047745,48.86666666666667
2013-08-30,19:53:20,3.7,9.866612752278646,0.4
2013-08-30,19:58:20,4.3,8.333257039388021,4.333333333333333
2013-08-30,20:03:20,42.03333333333333,33.733249240451386,28.6
2013-08-30,20:08:20,4.466666666666667,49.133292304144966,5.533333333333332
2013-08-30,20:13:20,3.5,17.999937269422748,49.86666666666667
2013-08-30,20:18:20,4.433333333333334,16.666590372721355,64.6
2013-08-30,20:23:19,3.966666666666667,12.999928792317709,0.7333333333333333
2013-08-30,20:28:19,3.9,7.999928792317708,1.0
2013-08-30,20:33:19,5.9,13.933258056640627,8.933333333333334
2013-08-30,20:38:19,4.666666666666667,27.39990234375,6.6
2013-08-30,20:43:19,3.3666666666666667,17.333297729492188,53.46666666666667
2013-08-30,20:48:19,3.9,15.26660495334201,39.53333333333333
2013-08-30,20:53:19,3.733333333333333,11.399943033854166,0.4
2013-08-30,20:58:19,4.1,11.733254326714409,4.0
2013-08-30,21:03:19,4.833333333333333,17.26659138997396,10.333333333333334
2013-08-30,21:08:20,4.233333333333333,17.933298746744793,6.333333333333332
2013-08-30,21:13:20,3.7,13.933291965060764,50.4
2013-08-30,21:18:20,4.366666666666667,15.13329399956597,71.33333333333333
2013-08-30,21:23:20,3.8666666666666663,12.599945068359375,0.6
2013-08-30,21:28:20,4.333333333333333,10.666605631510418,1.2666666666666666
2013-08-30,21:33:20,4.866666666666667,16.799960666232643,9.266666666666667
2013-08-30,21:38:20,4.1,17.19996134440104,5.666666666666668
2013-08-30,21:43:20,3.3,11.533270941840275,42.0
2013-08-30,21:48:20,4.733333333333333,11.333279079861112,53.33333333333334
2013-08-30,21:53:20,3.766666666666667,11.99994405110677,1.9333333333333331
2013-08-30,21:58:20,4.066666666666666,9.46658664279514,4.066666666666666
2013-08-30,22:03:20,5.033333333333333,17.066582573784725,9.666666666666666
2013-08-30,22:08:20,4.1,19.59991455078125,7.2
2013-08-30,22:13:20,3.6,11.39993455674913,46.8
2013-08-30,22:18:20,5.4,15.199940999348957,73.2
2013-08-30,22:23:20,4.8,14.79993184407552,1.5333333333333334
2013-08-30,22:28:20,3.9,9.599939982096355,0.4
2013-08-30,22:33:20,4.9,14.799940321180552,8.733333333333333
2013-08-30,22:38:20,3.8,17.199935913085938,5.4
2013-08-30,22:43:20,3.4,11.199925740559896,39.4
2013-08-30,22:48:20,3.633333333333333,9.799906412760418,50.66666666666666
2013-08-30,22:53:20,3.666666666666667,9.799906412760418,2.533333333333333
2013-08-30,22:58:20,4.166666666666667,8.799921671549479,4.066666666666666
2013-08-30,23:03:20,4.633333333333333,16.799952189127605,8.666666666666666
2013-08-30,23:08:20,3.933333333333333,17.399927775065105,4.266666666666667
2013-08-30,23:13:20,3.466666666666667,11.866607666015625,43.26666666666666
2013-08-30,23:18:20,4.0,13.999964396158854,76.2
2013-08-30,23:23:20,4.066666666666666,10.599950154622395,2.1333333333333333
2013-08-30,23:28:20,3.833333333333333,7.999954223632812,0.3333333333333333
2013-08-30,23:33:20,4.633333333333333,15.39996676974826,8.133333333333333
2013-08-30,23:38:20,4.033333333333333,19.19995625813802,5.6
2013-08-30,23:43:20,3.3,11.599934895833334,41.2
2013-08-30,23:48:20,3.6,12.799936930338543,51.46666666666667
2013-08-30,23:53:20,3.8,12.799936930338543,0.3333333333333333
2013-08-30,23:58:20,4.1,11.7999267578125,3.4
2013-08-31,00:03:20,41.8,43.2666015625,28.4
2013-08-31,00:08:21,4.466666666666667,59.33325025770401,6.8
2013-08-31,00:13:21,3.4,23.199963039822048,44.8
2013-08-31,00:18:21,4.3,14.599914550781248,74.66666666666667
2013-08-31,00:23:21,3.833333333333333,13.199929131401907,0.5333333333333333
2013-08-31,00:28:21,3.833333333333333,10.666597154405382,0.26666666666666666
2013-08-31,00:33:21,4.666666666666667,18.733291625976562,7.866666666666666
2013-08-31,00:38:21,4.0,17.93325636121962,5.066666666666666
2013-08-31,00:43:21,3.233333333333333,11.933280097113713,45.13333333333333
2013-08-31,00:48:21,3.4,12.666600545247395,48.8
2013-08-31,00:53:21,3.766666666666667,12.533238728841145,0.5333333333333333
2013-08-31,00:58:21,4.1,9.733242458767359,4.0
2013-08-31,01:03:21,4.566666666666666,17.133280436197918,7.6
2013-08-31,01:08:21,4.066666666666666,15.99993387858073,6.2
2013-08-31,01:13:21,3.466666666666667,12.39990234375,44.66666666666666
2013-08-31,01:18:21,4.066666666666666,12.999954223632812,75.46666666666667
2013-08-31,01:23:21,0.5666666666666667,14.86659579806858,0.3333333333333333
2013-08-31,01:28:21,0.5333333333333333,11.066597832573784,0.13333333333333333
2013-08-31,01:33:21,3.666666666666667,17.733272976345486,100.0
2013-08-31,01:38:21,2.5,20.999959309895832,5.066666666666666
2013-08-31,01:43:21,0.9666666666666668,14.599956936306427,51.73333333333333
2013-08-31,01:48:21,1.3333333333333337,13.266626993815104,40.2
2013-08-31,01:53:21,0.5333333333333333,9.9332767062717,0.26666666666666666
2013-08-31,01:58:22,0.8,9.133258395724829,2.933333333333333
2013-08-31,02:03:22,39.0,40.266579522026916,27.066666666666666
2013-08-31,02:08:22,0.8,55.799925062391495,4.933333333333334
2013-08-31,02:13:22,1.1,20.733286539713543,56.8
2013-08-31,02:18:22,1.7,14.599973890516496,56.53333333333333
2013-08-31,02:23:22,0.5666666666666667,10.199940999348959,0.26666666666666666
2013-08-31,02:28:22,0.5333333333333333,9.533267550998266,0.13333333333333333
2013-08-31,02:33:22,2.566666666666667,13.933308919270834,7.7333333333333325
2013-08-31,02:38:22,0.7333333333333333,15.533277723524307,5.6
2013-08-31,02:43:22,0.9666666666666668,11.733279758029514,53.8
2013-08-31,02:48:22,1.1666666666666667,11.666598849826391,34.13333333333333
2013-08-31,02:53:22,0.5333333333333333,9.799931844075521,0.2
2013-08-31,02:58:22,0.8,9.266620212131079,3.333333333333333
2013-08-31,03:03:22,1.4,14.466569688585073,7.7333333333333325
2013-08-31,03:08:22,0.6,12.733281453450521,4.0
2013-08-31,03:13:22,0.9666666666666668,11.59994337293837,48.33333333333334
2013-08-31,03:18:22,1.7666666666666666,10.93324449327257,65.93333333333334
2013-08-31,03:23:22,0.5666666666666667,10.199949476453995,0.3333333333333333
2013-08-31,03:28:22,0.5333333333333333,7.53326416015625,0.13333333333333333
2013-08-31,03:33:22,1.4,10.799908108181421,7.6
2013-08-31,03:38:22,0.6666666666666667,10.266579522026912,3.8
2013-08-31,03:43:22,0.8666666666666667,8.133265177408854,46.0
2013-08-31,03:48:22,1.3,8.066584269205729,43.8
2013-08-31,03:53:22,0.5333333333333333,9.06661139594184,0.2
2013-08-31,03:58:22,0.8,8.266618516710068,2.8666666666666667
2013-08-31,04:03:22,1.3333333333333337,11.266598171657984,7.4
2013-08-31,04:08:22,0.8,11.599934895833334,5.933333333333334
2013-08-31,04:13:22,1.0,9.599923027886287,42.93333333333333
2013-08-31,04:18:22,1.5333333333333334,12.933256361219616,62.8
2013-08-31,04:23:22,0.8666666666666667,10.06662156846788,7.866666666666666
2013-08-31,04:28:22,0.6333333333333333,8.333248562282984,0.13333333333333333
2013-08-31,04:33:22,1.3666666666666665,11.133270263671875,6.866666666666666
2013-08-31,04:38:22,0.9333333333333332,11.866573757595487,5.266666666666667
2013-08-31,04:43:22,0.8666666666666667,9.199930826822916,37.333333333333336
2013-08-31,04:48:22,1.1333333333333333,9.666612413194443,41.266666666666666
2013-08-31,04:53:23,0.6333333333333333,9.999949137369791,10.933333333333335
2013-08-31,04:58:23,0.7666666666666667,8.799921671549479,2.8666666666666667
2013-08-31,05:03:23,1.4,11.666607326931421,7.2666666666666675
2013-08-31,05:08:23,0.7666666666666667,12.733306884765625,4.2
2013-08-31,05:13:23,1.0333333333333332,11.333253648546005,44.06666666666667
2013-08-31,05:18:23,1.6333333333333335,12.666634453667532,58.0
2013-08-31,05:23:23,1.0,11.59991794162326,12.933333333333335
2013-08-31,05:28:22,0.6333333333333333,9.799914889865454,0.13333333333333333
2013-08-31,05:33:22,1.3666666666666665,12.666609022352429,6.933333333333334
2013-08-31,05:38:22,0.8666666666666667,11.13324483235677,4.666666666666667
2013-08-31,05:43:22,0.7666666666666667,10.733261108398438,34.53333333333333
2013-08-31,05:48:22,1.2,7.999911838107641,45.66666666666666
2013-08-31,05:53:22,0.6666666666666667,9.333241780598959,10.133333333333333
2013-08-31,05:58:22,0.8,8.199971516927084,2.933333333333333
2013-08-31,06:03:22,1.6,10.599916246202255,8.133333333333333
2013-08-31,06:08:22,0.6666666666666667,10.266571044921875,5.066666666666666
2013-08-31,06:13:22,1.0333333333333332,9.599923027886287,52.53333333333333
2013-08-31,06:18:22,1.6666666666666663,10.666588677300346,60.26666666666666
2013-08-31,06:23:22,0.8666666666666667,9.933293660481771,1.3333333333333333
2013-08-31,06:28:22,0.6333333333333333,10.666597154405382,0.13333333333333333
2013-08-31,06:33:22,1.5,12.733264499240448,7.666666666666668
2013-08-31,06:38:22,0.7,11.066614786783854,4.866666666666666
2013-08-31,06:43:22,0.9,10.799908108181421,43.46666666666667
2013-08-31,06:48:23,1.1333333333333333,8.866628011067707,44.66666666666666
2013-08-31,06:53:23,0.6333333333333333,11.733271280924479,0.9333333333333332
2013-08-31,06:58:23,0.9,10.866614447699654,3.2666666666666666
2013-08-31,07:03:23,1.4666666666666666,12.266599867078991,7.8
2013-08-31,07:08:23,0.6666666666666667,11.666590372721354,4.0
2013-08-31,07:13:23,1.0,10.933261447482641,41.66666666666666
2013-08-31,07:18:23,1.6333333333333335,10.533260769314234,71.46666666666667
2013-08-31,07:23:23,0.9,9.19992234971788,1.8666666666666667
2013-08-31,07:28:23,0.6,8.733266194661459,0.13333333333333333
2013-08-31,07:33:23,1.5,11.533304850260418,7.7333333333333325
2013-08-31,07:38:23,0.6333333333333333,12.333263821072048,2.933333333333333
2013-08-31,07:43:23,0.8,9.866587320963543,39.2
2013-08-31,07:48:23,1.2,10.066596137152777,40.6
2013-08-31,07:53:23,0.6666666666666667,9.73325941297743,10.266666666666667
2013-08-31,07:58:23,0.9,7.999920315212671,3.333333333333333
2013-08-31,08:03:23,38.16666666666666,31.9999270968967,27.13333333333333
2013-08-31,08:08:23,1.4333333333333331,46.39994303385417,4.0
2013-08-31,08:13:23,1.0,18.599929809570312,52.86666666666667
2013-08-31,08:18:23,1.5666666666666669,11.99994405110677,60.06666666666667
2013-08-31,08:23:23,0.7666666666666667,10.599950154622395,1.7333333333333334
2013-08-31,08:28:23,0.6,10.599924723307291,0.26666666666666666
2013-08-31,08:33:23,1.4,12.399953206380209,7.666666666666668
2013-08-31,08:38:23,0.8,12.399953206380209,5.2
2013-08-31,08:43:23,0.8666666666666667,11.199925740559896,45.4
2013-08-31,08:48:23,0.9333333333333332,10.266613430447046,41.8
2013-08-31,08:53:23,0.8666666666666667,11.599934895833334,1.6666666666666667
2013-08-31,08:58:23,0.8,11.999893188476562,3.0
2013-08-31,09:03:23,1.3,10.799967447916666,7.2
2013-08-31,09:08:23,0.8666666666666667,11.99994405110677,5.2
2013-08-31,09:13:24,1.0,10.999908447265625,44.73333333333333
2013-08-31,09:18:24,1.6333333333333335,13.19994608561198,68.0
2013-08-31,09:23:24,0.9333333333333332,13.19994608561198,1.9333333333333331
2013-08-31,09:28:24,0.6,9.199930826822916,0.13333333333333333
2013-08-31,09:33:24,1.3666666666666665,9.799957275390625,6.8
2013-08-31,09:38:24,0.8666666666666667,11.199976603190104,5.666666666666668
2013-08-31,09:43:24,0.9666666666666668,12.199961344401041,50.6
2013-08-31,09:48:24,1.2333333333333334,9.799931844075521,38.46666666666667
2013-08-31,09:53:24,0.6,9.399922688802082,0.13333333333333333
2013-08-31,09:58:24,0.8,10.599950154622395,4.2
2013-08-31,10:03:24,1.3333333333333337,12.066599527994793,7.466666666666668
2013-08-31,10:08:24,0.8666666666666667,12.799936930338543,3.466666666666667
2013-08-31,10:13:24,1.0333333333333332,9.799906412760418,44.33333333333334
2013-08-31,10:18:24,1.7,11.599909464518229,56.26666666666666
2013-08-31,10:23:24,0.7666666666666667,9.799931844075521,15.8
2013-08-31,10:28:24,0.6,9.533276028103298,0.13333333333333333
2013-08-31,10:33:24,1.3333333333333337,11.999918619791666,6.8
2013-08-31,10:38:24,0.8666666666666667,9.799931844075521,5.8
2013-08-31,10:43:24,0.8333333333333333,8.39996337890625,41.4
2013-08-31,10:48:24,1.1666666666666667,8.666619194878471,38.4
2013-08-31,10:53:24,0.6666666666666667,11.799952189127605,9.733333333333333
2013-08-31,10:58:24,0.7666666666666667,12.399927775065105,2.8666666666666667
2013-08-31,11:03:24,1.3,12.199935913085938,7.533333333333332
2013-08-31,11:08:24,0.9,11.999969482421875,4.8
2013-08-31,11:13:24,0.9,9.799931844075521,28.86666666666667
2013-08-31,11:18:24,1.7333333333333334,11.999918619791666,66.66666666666667
2013-08-31,11:23:24,0.9,9.999949137369791,19.0
2013-08-31,11:28:24,0.5666666666666667,9.399948120117188,0.13333333333333333
2013-08-31,11:33:24,1.5333333333333334,9.399948120117188,7.7333333333333325
2013-08-31,11:38:24,0.6333333333333333,11.399943033854166,3.733333333333333
2013-08-31,11:43:24,0.8,9.399948120117188,36.333333333333336
2013-08-31,11:48:25,1.2333333333333334,8.599955240885416,47.26666666666666
2013-08-31,11:53:25,0.6333333333333333,11.066597832573784,7.2
2013-08-31,11:58:25,0.7,9.933242797851562,2.8666666666666667
2013-08-31,12:03:25,39.03333333333333,31.93327162000869,28.466666666666665
2013-08-31,12:08:25,1.4333333333333331,46.59994337293836,3.066666666666667
2013-08-31,12:13:25,0.9666666666666668,19.266603257921002,38.86666666666667
2013-08-31,12:18:25,1.8666666666666665,13.133290608723957,67.8
2013-08-31,12:23:25,0.7333333333333333,10.933261447482641,9.666666666666666
2013-08-31,12:28:25,0.5666666666666667,8.466593424479168,0.13333333333333333
2013-08-31,12:33:25,1.6,10.99993387858073,7.6
2013-08-31,12:38:25,0.6333333333333333,12.866592407226562,4.2
2013-08-31,12:43:25,1.4333333333333331,13.199929131401907,43.13333333333333
2013-08-31,12:48:25,5.233333333333333,12.666609022352429,44.26666666666666
2013-08-31,12:53:25,4.7,12.599945068359375,5.533333333333332
2013-08-31,12:58:25,4.566666666666666,10.1332770453559,4.6
2013-08-31,13:03:25,4.8,12.999903361002604,8.133333333333333
2013-08-31,13:08:25,4.0,12.066608005099829,3.8666666666666663
2013-08-31,13:13:25,3.566666666666667,11.999969482421875,41.06666666666667
2013-08-31,13:18:25,3.933333333333333,13.666593763563364,69.13333333333334
2013-08-31,13:23:25,4.166666666666667,11.99994405110677,6.6
2013-08-31,13:28:25,3.833333333333333,9.866604275173609,0.26666666666666666
2013-08-31,13:33:25,4.766666666666667,11.533279418945312,7.666666666666668
2013-08-31,13:38:25,4.0,10.933286878797745,4.2
2013-08-31,13:43:25,3.3666666666666667,11.533270941840275,35.73333333333333
2013-08-31,13:48:25,3.533333333333333,9.866570366753475,50.6
2013-08-31,13:53:25,3.633333333333333,10.799925062391493,4.933333333333334
2013-08-31,13:58:26,4.133333333333333,9.3332756890191,3.466666666666667
2013-08-31,14:03:26,4.733333333333333,11.533262464735243,7.7333333333333325
2013-08-31,14:08:26,4.033333333333333,10.06662156846788,5.666666666666668
2013-08-31,14:13:26,3.3666666666666667,9.533284505208334,49.86666666666667
2013-08-31,14:18:26,4.233333333333333,12.266608344184029,65.73333333333333
2013-08-31,14:23:26,3.8666666666666663,11.466615464952255,0.3333333333333333
2013-08-31,14:28:26,3.833333333333333,9.73325941297743,0.26666666666666666
2013-08-31,14:33:25,4.6,12.399953206380209,7.0
2013-08-31,14:38:25,4.133333333333333,10.33328586154514,6.0
2013-08-31,14:43:25,3.3,13.19991217719184,52.0
2013-08-31,14:48:25,3.833333333333333,11.799952189127605,38.266666666666666
2013-08-31,14:53:25,3.766666666666667,10.599950154622395,0.3333333333333333
2013-08-31,14:58:25,4.066666666666666,9.999906751844618,2.933333333333333
2013-08-31,15:03:25,4.6,9.9332767062717,7.4
2013-08-31,15:08:25,8.3,25.39993286132813,6.2666666666666675
2013-08-31,15:13:25,3.433333333333333,30.733295016818584,52.06666666666667
2013-08-31,15:18:25,4.4,17.26660834418403,62.86666666666667
2013-08-31,15:23:25,3.9,13.533248901367188,0.4
2013-08-31,15:28:25,3.8666666666666663,9.73325941297743,0.2
2013-08-31,15:33:25,4.566666666666666,15.999959309895834,6.933333333333334
2013-08-31,15:38:25,4.066666666666666,16.999944051106773,4.933333333333334
2013-08-31,15:43:25,3.3,10.933278401692709,44.86666666666667
2013-08-31,15:48:26,3.666666666666667,12.599962022569441,46.4
2013-08-31,15:53:26,3.8,11.399951510959204,0.26666666666666666
2013-08-31,15:58:26,4.1,9.999906751844618,2.933333333333333
2013-08-31,16:03:26,33.63333333333333,32.06657409667969,7.466666666666668
2013-08-31,16:08:26,13.166666666666668,61.26664055718317,25.466666666666665
2013-08-31,16:13:26,3.4,22.933273315429688,55.2
2013-08-31,16:18:26,4.333333333333333,16.799943712022568,59.46666666666667
2013-08-31,16:23:26,3.8,11.666607326931421,0.4666666666666667
2013-08-31,16:28:26,3.833333333333333,9.46658664279514,0.26666666666666666
2013-08-31,16:33:26,4.8,13.666627671983509,7.0
2013-08-31,16:38:26,5.433333333333334,30.999933878580727,8.6
2013-08-31,16:43:26,3.2,21.99994405110677,46.46666666666667
2013-08-31,16:48:26,3.833333333333333,17.399927775065105,41.06666666666667
2013-08-31,16:53:26,3.833333333333333,12.46661716037326,0.2
2013-08-31,16:58:26,4.066666666666666,8.59994676378038,3.0
2013-08-31,17:03:26,4.766666666666667,16.799969143337677,8.066666666666666
2013-08-31,17:08:26,3.9,17.39994472927517,8.466666666666667
2013-08-31,17:13:26,3.166666666666667,13.199937608506945,57.13333333333333
2013-08-31,17:18:26,4.333333333333333,13.466644287109375,54.66666666666666
2013-08-31,17:23:26,3.9,11.266589694552952,0.4666666666666667
2013-08-31,17:28:26,3.833333333333333,9.199905395507812,0.26666666666666666
2013-08-31,17:33:26,4.8,18.333248562282986,7.7333333333333325
2013-08-31,17:38:26,3.8666666666666663,19.199947781032986,4.8
2013-08-31,17:43:27,3.266666666666667,16.7999267578125,50.73333333333333
2013-08-31,17:48:26,3.8,12.399927775065105,39.8
2013-08-31,17:53:26,3.833333333333333,11.999935574001734,0.26666666666666666
2013-08-31,17:58:26,4.066666666666666,9.133266872829859,3.066666666666667
2013-08-31,18:03:26,4.766666666666667,15.933278401692707,8.133333333333333
2013-08-31,18:08:26,3.9,17.599953545464405,6.0
2013-08-31,18:13:27,3.3666666666666667,12.399953206380209,58.73333333333333
2013-08-31,18:18:27,4.6,13.666602240668405,55.33333333333334
2013-08-31,18:23:27,3.833333333333333,13.533282809787325,0.4
2013-08-31,18:28:27,3.833333333333333,9.866612752278646,0.2
2013-08-31,18:33:27,4.8,13.866619533962673,7.7333333333333325
2013-08-31,18:38:27,3.9,17.799936930338543,7.7333333333333325
2013-08-31,18:43:27,0.9,16.399943033854168,44.13333333333333
2013-08-31,18:48:27,1.3666666666666665,9.666578504774305,42.73333333333333
2013-08-31,18:53:27,0.5333333333333333,12.399927775065105,0.13333333333333333
2013-08-31,18:58:27,0.7666666666666667,9.799906412760418,3.2666666666666666
2013-08-31,19:03:27,1.4,15.599950154622396,7.533333333333332
2013-08-31,19:08:27,0.6333333333333333,16.599934895833332,5.6
2013-08-31,19:13:27,0.9666666666666668,10.599924723307291,56.53333333333333
2013-08-31,19:18:27,1.8,11.199951171875,57.2
2013-08-31,19:23:27,0.6,10.999908447265625,0.26666666666666666
2013-08-31,19:28:27,0.5333333333333333,7.7999114990234375,0.13333333333333333
2013-08-31,19:33:27,1.4666666666666666,16.999944051106773,7.6
2013-08-31,19:38:27,0.6333333333333333,14.799957275390627,6.2
2013-08-31,19:43:27,0.8,11.39996846516927,54.4
2013-08-31,19:48:27,1.2333333333333334,10.39995829264323,34.06666666666667
2013-08-31,19:53:27,0.5333333333333333,9.999949137369791,0.13333333333333333
2013-08-31,19:58:27,0.7666666666666667,9.399922688802082,3.2
2013-08-31,20:03:27,38.53333333333333,35.199940999348954,27.53333333333333
2013-08-31,20:08:27,1.2666666666666666,52.999954223632805,7.8
2013-08-31,20:13:27,0.9666666666666668,20.999959309895832,55.66666666666666
2013-08-31,20:18:27,1.8666666666666665,13.399937947591145,55.8
2013-08-31,20:23:27,0.6333333333333333,11.199951171875,0.26666666666666666
2013-08-31,20:28:27,0.6,8.39996337890625,0.13333333333333333
2013-08-31,20:33:27,1.3,12.866575453016496,6.933333333333334
2013-08-31,20:38:27,0.8,17.399927775065105,6.6
2013-08-31,20:43:27,0.8333333333333333,11.999918619791666,45.06666666666667
2013-08-31,20:48:27,1.2333333333333334,9.599939982096355,43.2
2013-08-31,20:53:27,0.5333333333333333,9.999949137369791,0.13333333333333333
2013-08-31,20:58:27,0.8333333333333333,7.599945068359375,2.8666666666666667
2013-08-31,21:03:27,1.3333333333333337,14.999949137369791,7.2
2013-08-31,21:08:27,0.8,13.99993896484375,8.6
2013-08-31,21:13:27,1.0333333333333332,9.199930826822916,56.66666666666666
2013-08-31,21:18:27,1.7666666666666666,8.799921671549479,55.0
2013-08-31,21:23:27,0.6,9.399922688802082,0.3333333333333333
2013-08-31,21:28:27,0.6,8.399937947591146,0.13333333333333333
2013-08-31,21:33:28,1.3333333333333337,14.999949137369791,6.8
2013-08-31,21:38:28,0.7666666666666667,15.533269246419271,9.133333333333333
2013-08-31,21:43:28,0.8333333333333333,10.999959309895834,41.13333333333333
2013-08-31,21:48:28,1.3333333333333337,10.199915568033854,44.8
2013-08-31,21:53:28,0.5666666666666667,10.266604953342016,0.13333333333333333
2013-08-31,21:58:28,0.8,7.933247884114583,2.8666666666666667
2013-08-31,22:03:28,1.2666666666666666,15.399932861328125,7.2
2013-08-31,22:08:28,0.8,15.399949815538191,5.0
2013-08-31,22:13:28,0.9666666666666668,12.666617499457464,50.26666666666666
2013-08-31,22:18:28,1.8333333333333333,11.066597832573784,64.6
2013-08-31,22:23:28,0.5666666666666667,13.466601901584205,0.3333333333333333
2013-08-31,22:28:28,0.5666666666666667,8.933258056640625,0.13333333333333333
2013-08-31,22:33:28,1.3333333333333337,14.199922349717884,6.866666666666666
2013-08-31,22:38:28,0.7666666666666667,14.466612074110238,9.333333333333334
2013-08-31,22:43:28,0.8666666666666667,12.06661648220486,49.6
2013-08-31,22:48:28,1.2333333333333334,11.666632758246525,36.53333333333333
2013-08-31,22:53:28,0.5666666666666667,10.066596137152777,0.13333333333333333
2013-08-31,22:58:28,0.7333333333333333,8.199937608506943,2.8666666666666667
2013-08-31,23:03:28,1.5,13.533265855577255,8.0
2013-08-31,23:08:28,0.6333333333333333,12.599936591254338,7.2666666666666675
2013-08-31,23:13:28,0.9666666666666668,10.133251614040796,47.93333333333333
2013-08-31,23:18:28,1.5333333333333334,10.99993387858073,62.46666666666667
2013-08-31,23:23:28,0.8,9.399931165907118,1.9333333333333331
2013-08-31,23:28:28,0.5333333333333333,7.199902004665796,0.13333333333333333
2013-08-31,23:33:28,1.4333333333333331,14.399965074327255,7.6
2013-08-31,23:38:28,0.6666666666666667,14.599939982096355,5.133333333333334
2013-08-31,23:43:28,0.8,12.866609361436629,40.46666666666667
2013-08-31,23:48:28,1.3666666666666665,8.599929809570312,48.93333333333333
2013-08-31,23:53:28,0.6,9.466595119900171,0.2
2013-08-31,23:58:28,0.7333333333333333,10.199924045138888,3.2666666666666666
2013-09-01,00:03:28,38.53333333333333,38.93329196506076,27.0
2013-09-01,00:08:28,0.8333333333333333,53.73325771755641,6.2
2013-09-01,00:13:28,1.1666666666666667,20.13326856825087,61.6
2013-09-01,00:18:28,1.7666666666666666,12.39993625217014,51.46666666666667
2013-09-01,00:23:28,0.6,10.666614108615454,0.3333333333333333
2013-09-01,00:28:28,0.5333333333333333,11.533296373155382,0.13333333333333333
2013-09-01,00:33:28,1.5,15.399924384223088,7.533333333333332
2013-09-01,00:38:28,0.6333333333333333,15.266613430447052,5.933333333333334
2013-09-01,00:43:28,0.8666666666666667,9.7332763671875,48.46666666666667
2013-09-01,00:48:28,1.2666666666666666,8.599929809570312,40.266666666666666
2013-09-01,00:53:28,0.5666666666666667,7.4666086832682295,0.2
2013-09-01,00:58:28,0.8,9.199964735243055,3.2666666666666666
2013-09-01,01:03:28,1.2666666666666666,14.599923027886282,7.0
2013-09-01,01:08:28,0.7,15.19996643066406,5.133333333333334
2013-09-01,01:13:28,1.0666666666666669,13.733291625976562,53.13333333333333
2013-09-01,01:18:28,1.8666666666666665,11.933280097113713,61.2
2013-09-01,01:23:28,0.6,11.266623602973088,0.26666666666666666
2013-09-01,01:28:28,0.5,9.666603936089409,0.13333333333333333
2013-09-01,01:33:28,3.233333333333333,14.333258734809027,100.0
2013-09-01,01:38:28,2.333333333333333,21.866607666015625,5.666666666666668
2013-09-01,01:43:28,0.9333333333333332,15.199915568033854,50.2
2013-09-01,01:48:29,1.3666666666666665,12.733272976345486,38.73333333333333
2013-09-01,01:53:29,0.6,12.399953206380209,0.2
2013-09-01,01:58:29,0.7666666666666667,10.199940999348959,2.8
2013-09-01,02:03:29,38.36666666666667,36.399943033854164,26.4
2013-09-01,02:08:29,1.7,43.999989827473954,28.75
2013-09-01,02:13:29,1.0666666666666669,35.73329501681857,52.6
2013-09-01,02:18:29,1.1666666666666667,15.199940999348957,28.6
2013-09-01,02:23:29,0.7333333333333333,11.466590033637152,0.8666666666666667
2013-09-01,02:28:29,0.7666666666666667,10.333294338650171,0.13333333333333333
2013-09-01,02:33:29,2.033333333333333,18.266635470920136,6.2666666666666675
2013-09-01,02:38:29,0.8,14.866629706488713,8.466666666666667
2013-09-01,02:43:29,0.9,11.466623942057291,56.53333333333333
2013-09-01,02:48:29,1.0666666666666669,11.933254665798609,24.73333333333333
2013-09-01,02:53:29,0.6666666666666667,9.666612413194443,0.4
2013-09-01,02:58:29,0.7,7.666609022352429,2.8
2013-09-01,03:03:29,1.2333333333333334,13.06658426920573,6.666666666666668
2013-09-01,03:08:29,0.6,13.93326653374566,7.133333333333334
2013-09-01,03:13:29,0.9,7.9999033610026045,59.4
2013-09-01,03:18:29,1.1,8.333240085177952,23.4
2013-09-01,03:23:29,0.6,8.399904039171007,0.3333333333333333
2013-09-01,03:28:29,0.8333333333333333,7.399919297960069,19.0
2013-09-01,03:33:29,1.2,13.666593763563364,6.2
2013-09-01,03:38:29,0.7,16.59997728135851,7.6
2013-09-01,03:43:29,0.9,11.79994371202257,58.13333333333333
2013-09-01,03:48:29,1.1,11.799935234917532,24.33333333333333
2013-09-01,03:53:29,0.5333333333333333,9.733250935872395,0.2
2013-09-01,03:58:29,0.7333333333333333,8.46658494737413,3.1333333333333333
2013-09-01,04:03:29,1.2,12.933298746744793,6.866666666666666
2013-09-01,04:08:29,0.6,13.199937608506945,4.666666666666667
2013-09-01,04:13:29,1.1,9.799931844075521,64.93333333333334
2013-09-01,04:18:30,1.2,10.933295355902777,38.0
2013-09-01,04:23:30,0.7666666666666667,8.199937608506943,1.8666666666666667
2013-09-01,04:28:30,0.5333333333333333,9.399948120117188,0.13333333333333333
2013-09-01,04:33:30,1.4,11.266598171657984,7.0
2013-09-01,04:38:30,0.5,11.66658189561632,4.0
2013-09-01,04:43:30,0.8333333333333333,10.333260430230034,52.26666666666666
2013-09-01,04:48:30,1.1333333333333333,7.399910820855037,33.0
2013-09-01,04:53:30,0.5333333333333333,9.59991455078125,0.26666666666666666
2013-09-01,04:58:30,0.7333333333333333,9.666586981879338,3.4
2013-09-01,05:03:30,1.3666666666666665,13.333265516493057,7.6
2013-09-01,05:08:30,0.5,12.066591050889757,4.466666666666667
2013-09-01,05:13:30,1.0,10.333277384440104,52.26666666666666
2013-09-01,05:18:30,1.3666666666666665,13.33329094780816,49.73333333333333
2013-09-01,05:23:30,0.8,14.133258395724823,1.4666666666666666
2013-09-01,05:28:30,0.4666666666666666,9.199930826822916,0.13333333333333333
2013-09-01,05:33:30,1.4333333333333331,11.466606987847221,6.866666666666666
2013-09-01,05:38:30,0.5666666666666667,11.666598849826391,3.466666666666667
2013-09-01,05:43:30,0.7666666666666667,12.13327195909288,39.73333333333333
2013-09-01,05:48:30,1.2666666666666666,9.399948120117188,45.73333333333333
2013-09-01,05:53:30,0.5666666666666667,9.799923366970486,0.13333333333333333
2013-09-01,05:58:30,0.7666666666666667,8.533282809787325,3.2666666666666666
2013-09-01,06:03:30,1.2333333333333334,13.066609700520834,6.866666666666666
2013-09-01,06:08:30,0.5,12.999920315212673,5.0
2013-09-01,06:13:30,1.0333333333333332,10.466579861111112,65.66666666666667
2013-09-01,06:18:30,1.2,12.866600884331596,35.6
2013-09-01,06:23:30,0.7,11.133278740776912,1.6
2013-09-01,06:28:30,0.6666666666666667,8.733291625976562,0.6
2013-09-01,06:33:30,1.3666666666666665,12.33328077528212,6.866666666666666
2013-09-01,06:38:31,0.5666666666666667,12.733306884765625,8.133333333333333
2013-09-01,06:43:31,0.9666666666666668,9.866570366753475,57.0
2013-09-01,06:48:31,1.0333333333333332,11.199934217664932,24.0
2013-09-01,06:53:31,0.5,11.399943033854166,0.13333333333333333
2013-09-01,06:58:31,0.8666666666666667,9.73325941297743,3.2
2013-09-01,07:03:31,1.2666666666666666,12.999911838107636,6.7333333333333325
2013-09-01,07:08:31,0.6333333333333333,11.399917602539062,8.2
2013-09-01,07:13:31,1.0333333333333332,12.466583251953125,56.06666666666667
2013-09-01,07:18:31,1.4333333333333331,11.466590033637152,43.2
2013-09-01,07:23:31,0.7333333333333333,10.199949476453995,1.4
2013-09-01,07:28:31,0.5333333333333333,9.866578843858505,0.13333333333333333
2013-09-01,07:33:31,1.3,12.933273315429686,6.2
2013-09-01,07:38:31,0.6666666666666667,15.199915568033854,6.466666666666668
2013-09-01,07:43:31,0.9333333333333332,10.79995897081163,53.46666666666667
2013-09-01,07:48:31,1.1333333333333333,9.666595458984375,30.0
2013-09-01,07:53:31,0.5,12.266591389973957,0.13333333333333333
2013-09-01,07:58:31,0.7333333333333333,8.599904378255207,2.8
2013-09-01,08:03:31,38.3,34.93326822916667,26.466666666666665
2013-09-01,08:08:31,0.8666666666666667,48.99993896484375,6.466666666666668
2013-09-01,08:13:31,1.1,18.799947102864582,65.4
2013-09-01,08:18:31,1.3,12.199935913085938,35.666666666666664
2013-09-01,08:23:31,0.8,10.799916585286457,1.8
2013-09-01,08:28:31,0.5666666666666667,10.799916585286457,0.13333333333333333
2013-09-01,08:33:31,1.3,11.399900648328993,6.2666666666666675
2013-09-01,08:38:32,0.6,14.999949137369791,6.866666666666666
2013-09-01,08:43:31,0.8333333333333333,9.799931844075521,44.4
2013-09-01,08:48:31,1.1666666666666667,7.999954223632812,38.73333333333333
2013-09-01,08:53:31,0.5,8.599929809570312,0.2
2013-09-01,08:58:31,0.7333333333333333,10.199915568033854,2.8
2013-09-01,09:03:31,1.1333333333333333,10.93324449327257,6.666666666666668
2013-09-01,09:08:31,0.6666666666666667,11.999918619791666,6.4
2013-09-01,09:13:31,1.0666666666666669,10.866605970594618,64.06666666666666
2013-09-01,09:18:31,1.3,13.99993896484375,37.86666666666667
2013-09-01,09:23:31,0.7333333333333333,13.999913533528646,1.3333333333333333
2013-09-01,09:28:31,0.5666666666666667,8.999913533528646,0.13333333333333333
2013-09-01,09:33:31,1.3,9.799931844075521,6.2666666666666675
2013-09-01,09:38:31,0.6666666666666667,9.199930826822916,6.066666666666666
2013-09-01,09:43:31,0.8333333333333333,10.799967447916666,48.53333333333333
2013-09-01,09:48:31,1.1,8.19994608561198,35.4
2013-09-01,09:53:31,0.5,8.399912516276043,0.2
2013-09-01,09:58:31,0.7333333333333333,8.999888102213543,4.066666666666666
2013-09-01,10:03:31,1.1,11.733254326714409,6.666666666666668
2013-09-01,10:08:32,0.6333333333333333,10.999908447265625,6.0
2013-09-01,10:13:32,1.0333333333333332,14.13326687282986,58.06666666666667
2013-09-01,10:18:32,1.4666666666666666,10.39995829264323,45.4
2013-09-01,10:23:32,0.5,11.399943033854166,0.3333333333333333
2013-09-01,10:28:32,0.5666666666666667,10.599950154622395,0.13333333333333333
2013-09-01,10:33:32,1.4,12.333263821072048,7.0
2013-09-01,10:38:32,0.5333333333333333,13.799947102864582,5.8
2013-09-01,10:43:32,0.8666666666666667,12.199935913085938,49.86666666666667
2013-09-01,10:48:32,1.1333333333333333,10.799916585286457,33.6
2013-09-01,10:53:32,0.4666666666666666,11.599934895833334,0.13333333333333333
2013-09-01,10:58:32,0.7333333333333333,10.199940999348959,2.8
2013-09-01,11:03:32,1.3666666666666665,12.199935913085938,7.333333333333332
2013-09-01,11:08:32,2.0,28.866602579752605,7.533333333333332
2013-09-01,11:13:32,1.0,20.86661444769965,57.73333333333333
2013-09-01,11:18:32,1.5,14.999957614474823,43.4
2013-09-01,11:23:32,0.5,10.399932861328125,0.3333333333333333
2013-09-01,11:28:32,0.4666666666666666,9.199930826822916,0.13333333333333333
2013-09-01,11:33:32,1.4333333333333331,14.39993116590712,6.933333333333334
2013-09-01,11:38:32,0.5666666666666667,15.533277723524307,4.2
2013-09-01,11:43:32,0.9333333333333332,12.866609361436629,53.6
2013-09-01,11:48:32,1.1666666666666667,10.666597154405382,31.4
2013-09-01,11:53:32,0.5,11.066614786783854,0.2
2013-09-01,11:58:32,0.8333333333333333,9.53329298231337,3.2
2013-09-01,12:03:32,32.666666666666664,32.79994540744358,6.933333333333334
2013-09-01,12:08:32,6.666666666666666,58.599929809570305,25.2
2013-09-01,12:13:32,1.0666666666666669,23.266576131184895,62.8
2013-09-01,12:18:32,1.4666666666666666,14.133275349934896,39.86666666666667
2013-09-01,12:23:33,0.4666666666666666,10.733269585503475,0.26666666666666666
2013-09-01,12:28:33,0.5333333333333333,8.199920654296875,0.13333333333333333
2013-09-01,12:33:33,1.3666666666666665,17.333255343967018,6.933333333333334
2013-09-01,12:38:33,0.5666666666666667,14.599948459201393,5.266666666666667
2013-09-01,12:43:33,0.8666666666666667,10.733261108398438,46.6
2013-09-01,12:48:33,1.1333333333333333,10.066596137152777,37.266666666666666
2013-09-01,12:53:33,0.4666666666666666,10.933236016167534,0.2
2013-09-01,12:58:33,0.8333333333333333,8.799896240234375,3.2
2013-09-01,13:03:33,1.1666666666666667,15.133285522460938,6.866666666666666
2013-09-01,13:08:33,0.5666666666666667,14.199956258138021,4.266666666666667
2013-09-01,13:13:33,1.1,11.399943033854166,61.8
2013-09-01,13:18:33,1.1333333333333333,10.199915568033854,40.4
2013-09-01,13:23:33,0.8,9.533276028103298,2.2
2013-09-01,13:28:33,0.5,9.199905395507812,0.13333333333333333
2013-09-01,13:33:33,1.2666666666666666,13.466601901584205,6.8
2013-09-01,13:38:33,0.7333333333333333,14.599939982096355,9.733333333333333
2013-09-01,13:43:33,0.9333333333333332,10.53326924641927,50.8
2013-09-01,13:48:33,1.0666666666666669,9.133258395724829,28.73333333333333
2013-09-01,13:53:33,0.4666666666666666,7.533272637261283,0.13333333333333333
2013-09-01,13:58:33,0.7666666666666667,8.199963039822046,2.8
2013-09-01,14:03:33,1.1333333333333333,15.26663038465712,6.6
2013-09-01,14:08:33,0.6666666666666667,16.533270941840275,6.0
2013-09-01,14:13:33,1.0333333333333332,9.866604275173609,55.93333333333333
2013-09-01,14:18:33,1.1666666666666667,9.066619873046875,28.0
2013-09-01,14:23:33,0.4666666666666666,10.666622585720486,0.3333333333333333
2013-09-01,14:28:33,0.5666666666666667,7.73324754503038,0.13333333333333333
2013-09-01,14:33:34,1.2,14.399956597222225,6.2666666666666675
2013-09-01,14:38:34,0.7,13.399946424696177,5.933333333333334
2013-09-01,14:43:34,0.9666666666666668,10.399932861328125,57.53333333333333
2013-09-01,14:48:34,1.0333333333333332,9.399922688802082,26.33333333333333
2013-09-01,14:53:34,0.43333333333333335,9.866595798068577,0.2
2013-09-01,14:58:34,0.7,9.199939303927952,2.8
2013-09-01,15:03:34,1.1666666666666667,12.999954223632812,6.666666666666668
2013-09-01,15:08:34,4.8,25.79993353949653,5.7333333333333325
2013-09-01,15:13:34,0.9666666666666668,26.399926079644096,44.4
2013-09-01,15:18:34,1.2333333333333334,14.599923027886282,40.0
2013-09-01,15:23:34,0.5666666666666667,13.733283148871525,2.4
2013-09-01,15:28:34,0.43333333333333335,8.933232625325521,0.13333333333333333
2013-09-01,15:33:34,1.2,14.466629028320312,6.2666666666666675
2013-09-01,15:38:34,0.7,15.93328687879774,7.2666666666666675
2013-09-01,15:43:34,0.9333333333333332,10.266562567816841,53.13333333333333
2013-09-01,15:48:34,2.2666666666666666,10.333243476019964,33.8
2013-09-01,15:53:34,0.4666666666666666,11.333236694335938,0.13333333333333333
2013-09-01,15:58:34,0.8,9.133241441514755,2.8
2013-09-01,16:03:34,37.7,32.666609022352425,26.73333333333333
2013-09-01,16:08:34,1.9666666666666663,52.933264838324654,4.933333333333334
2013-09-01,16:13:34,1.0666666666666669,17.799945407443577,56.46666666666667
2013-09-01,16:18:34,1.2,10.666597154405382,32.333333333333336
2013-09-01,16:23:34,0.5,8.533291286892362,0.3333333333333333
2013-09-01,16:28:34,0.43333333333333335,7.39988538953993,0.2
2013-09-01,16:33:34,1.1666666666666667,14.33326721191406,6.2666666666666675
2013-09-01,16:38:35,0.7,15.06658766004774,5.7333333333333325
2013-09-01,16:43:35,0.8333333333333333,9.866612752278646,41.333333333333336
2013-09-01,16:48:35,1.1333333333333333,7.73324754503038,42.86666666666667
2013-09-01,16:53:35,0.43333333333333335,10.066613091362846,0.2
2013-09-01,16:58:35,0.7,9.799931844075521,2.8
2013-09-01,17:03:35,1.2,13.466618855794271,7.4
2013-09-01,17:08:35,0.5333333333333333,13.533274332682291,6.466666666666668
2013-09-01,17:13:35,1.0,11.866624620225693,53.13333333333333
2013-09-01,17:18:35,1.0666666666666669,11.399917602539062,29.8
2013-09-01,17:23:35,0.5333333333333333,11.59991794162326,1.6666666666666667
2013-09-01,17:28:35,0.43333333333333335,8.79993862575955,0.13333333333333333
2013-09-01,17:33:35,1.4,13.466601901584205,6.933333333333334
2013-09-01,17:38:35,0.7,12.733256022135416,14.066666666666665
2013-09-01,17:43:35,0.8666666666666667,11.666607326931421,52.2
2013-09-01,17:48:35,1.0333333333333332,10.466596815321182,29.53333333333333
2013-09-01,17:53:35,0.4,10.133243136935764,0.2
2013-09-01,17:58:35,0.6666666666666667,8.799947102864584,2.8
2013-09-01,18:03:35,1.2333333333333334,10.733269585503475,7.2666666666666675
2013-09-01,18:08:35,0.5,13.466601901584205,9.066666666666666
2013-09-01,18:13:35,1.0,11.066597832573784,47.86666666666667
2013-09-01,18:18:35,1.1333333333333333,10.266621907552082,34.86666666666667
2013-09-01,18:23:35,0.4666666666666666,9.7332763671875,0.3333333333333333
2013-09-01,18:28:35,0.5666666666666667,8.466593424479168,0.6666666666666666
2013-09-01,18:33:35,1.2666666666666666,12.666634453667532,6.933333333333334
2013-09-01,18:38:35,0.5666666666666667,14.266611735026041,7.6
2013-09-01,18:43:35,0.9333333333333332,10.466588338216146,65.4
2013-09-01,18:48:35,0.9333333333333332,10.066630045572916,16.466666666666665
2013-09-01,18:53:35,0.4666666666666666,9.799940321180557,0.2
2013-09-01,18:58:35,0.7666666666666667,8.733266194661459,3.2666666666666666
2013-09-01,19:03:35,1.2666666666666666,10.533260769314234,6.933333333333334
2013-09-01,19:08:35,0.5333333333333333,11.866599188910591,6.0
2013-09-01,19:13:35,1.0,10.866622924804688,48.8
2013-09-01,19:18:35,1.1333333333333333,10.199940999348959,34.53333333333333
2013-09-01,19:23:35,0.5,9.999932183159725,0.3333333333333333
2013-09-01,19:28:35,0.36666666666666653,9.599939982096355,0.13333333333333333
2013-09-01,19:33:35,1.2666666666666666,12.533272637261286,6.933333333333334
2013-09-01,19:38:35,0.6,13.599955240885416,5.866666666666666
2013-09-01,19:43:35,0.8333333333333333,10.599924723307291,46.0
2013-09-01,19:48:35,1.0666666666666669,8.399937947591146,37.4
2013-09-01,19:53:35,0.4666666666666666,8.599955240885416,0.2
2013-09-01,19:58:35,0.7666666666666667,8.399937947591146,3.1333333333333333
2013-09-01,20:03:35,38.5,35.66659715440537,27.2
2013-09-01,20:08:35,0.7666666666666667,52.999954223632805,3.0
2013-09-01,20:13:35,0.7666666666666667,20.599924723307293,30.13333333333333
2013-09-01,20:18:36,1.1666666666666667,12.999903361002604,39.93333333333333
2013-09-01,20:23:36,0.7,10.799942016601562,11.666666666666664
2013-09-01,20:28:36,0.5,9.999923706054688,0.13333333333333333
2013-09-01,20:33:36,1.1,12.999911838107636,6.2666666666666675
2013-09-01,20:38:36,0.8,14.79993184407552,5.933333333333334
2013-09-01,20:43:36,0.6333333333333333,9.799931844075521,28.73333333333333
2013-09-01,20:48:36,1.1,8.999913533528646,44.4
2013-09-01,20:53:36,0.5333333333333333,10.133243136935764,8.8
2013-09-01,20:58:36,0.7333333333333333,8.199920654296875,2.8
2013-09-01,21:03:36,1.1666666666666667,14.199930826822918,6.666666666666668
2013-09-01,21:08:36,0.7333333333333333,13.799921671549479,7.333333333333332
2013-09-01,21:13:36,1.1,11.199925740559896,55.26666666666666
2013-09-01,21:18:36,1.1,10.599950154622395,27.8
2013-09-01,21:23:36,0.5,9.59991455078125,0.4
2013-09-01,21:28:36,0.33333333333333337,9.599939982096355,0.13333333333333333
2013-09-01,21:33:36,1.2,15.799916585286459,6.2666666666666675
2013-09-01,21:38:36,0.7,15.599950154622396,6.066666666666666
2013-09-01,21:43:36,0.8666666666666667,10.799916585286457,50.86666666666667
2013-09-01,21:48:36,1.1,9.533242119683159,33.73333333333333
2013-09-01,21:53:36,0.5,8.866602579752604,0.13333333333333333
2013-09-01,21:58:36,0.6428571428571429,7.7142079671223955,2.9285714285714284
2013-09-01,22:03:36,1.0666666666666669,11.599909464518229,6.6
2013-09-01,22:08:36,0.6666666666666667,9.799931844075521,5.2
2013-09-01,22:13:36,0.9333333333333332,8.933266533745659,56.93333333333333
2013-09-01,22:18:36,1.0666666666666669,10.799942016601562,23.8
2013-09-01,22:23:36,0.5333333333333333,9.399956597222221,0.3333333333333333
2013-09-01,22:28:36,0.33333333333333337,9.26662868923611,0.2
2013-09-01,22:33:37,1.1666666666666667,15.13329399956597,6.2666666666666675
2013-09-01,22:38:37,0.8,14.533259073893229,7.4
2013-09-01,22:43:37,0.9,9.3332756890191,56.33333333333334
2013-09-01,22:48:37,1.0,8.99992201063368,24.4
2013-09-01,22:53:37,0.4666666666666666,11.533262464735243,0.13333333333333333
2013-09-01,22:58:37,0.6333333333333333,9.199930826822916,2.8666666666666667
2013-09-01,23:03:37,1.3333333333333337,14.266628689236107,7.4
2013-09-01,23:08:37,0.5666666666666667,14.466612074110238,4.933333333333334
2013-09-01,23:13:37,1.0,9.666586981879338,63.66666666666666
2013-09-01,23:18:37,0.8,10.399932861328125,15.0
2013-09-01,23:23:37,0.7333333333333333,9.399931165907118,1.6666666666666667
2013-09-01,23:28:37,0.8333333333333333,10.79995897081163,19.066666666666666
2013-09-01,23:33:37,1.3333333333333337,15.266596476236979,6.933333333333334
2013-09-01,23:38:37,0.5333333333333333,13.999947441948784,7.333333333333332
2013-09-01,23:43:37,0.9333333333333332,10.199940999348959,55.26666666666666
2013-09-01,23:48:37,1.8333333333333333,11.999893188476562,0.8
2013-09-01,23:53:37,0.5666666666666667,10.599924723307291,0.13333333333333333
2013-09-01,23:58:37,0.9,9.799931844075521,3.2
2013-09-02,00:03:37,39.1,42.7999538845486,26.4
2013-09-02,00:08:37,0.7,46.7999267578125,10.066666666666666
2013-09-02,00:13:37,1.1666666666666667,17.999954223632812,68.13333333333334
2013-09-02,00:18:37,1.3666666666666665,12.799936930338543,30.33333333333333
2013-09-02,00:23:37,0.6,10.599899291992188,0.3333333333333333
2013-09-02,00:28:37,0.7,8.39996337890625,0.13333333333333333
2013-09-02,00:33:37,1.4,12.266565958658854,6.933333333333334
2013-09-02,00:38:37,0.6666666666666667,11.7999267578125,11.2
2013-09-02,00:43:37,1.0,10.199915568033854,61.13333333333333
2013-09-02,00:48:38,1.1,11.733288235134546,17.0
2013-09-02,00:53:38,0.5333333333333333,12.599970499674479,0.13333333333333333
2013-09-02,00:58:38,0.8666666666666667,9.399897257486979,3.2
2013-09-02,01:03:38,1.2333333333333334,14.266611735026041,6.933333333333334
2013-09-02,01:08:38,0.7333333333333333,13.866585625542536,11.866666666666667
2013-09-02,01:13:38,1.1428571428571432,9.499913170224145,64.64285714285714
2013-09-02,01:18:38,7.333333333333334,13.199971516927084,26.6
2013-09-02,01:23:38,6.0,12.999928792317709,1.0
2013-09-02,01:28:38,0.6666666666666667,11.666598849826391,0.13333333333333333
2013-09-02,01:33:38,4.066666666666666,15.199940999348957,100.0
2013-09-02,01:38:38,1.7,17.733264499240452,8.733333333333333
2013-09-02,01:43:38,1.0666666666666669,11.06658935546875,60.66666666666666
2013-09-02,01:48:38,1.1333333333333333,12.733289930555557,19.933333333333334
2013-09-02,01:53:38,0.5333333333333333,10.866614447699654,0.2
2013-09-02,01:58:38,0.8333333333333333,8.066592746310764,3.066666666666667
2013-09-02,02:03:38,39.266666666666666,39.86658732096354,26.466666666666665
2013-09-02,02:08:38,0.8666666666666667,46.733271280924484,6.466666666666668
2013-09-02,02:13:38,1.1333333333333333,17.733256022135414,62.06666666666667
2013-09-02,02:18:38,1.0333333333333332,14.199947781032984,27.86666666666667
2013-09-02,02:23:38,0.7,11.599951850043404,1.0
2013-09-02,02:28:38,0.6666666666666667,10.866614447699654,0.2
2013-09-02,02:33:38,1.3,12.799919976128473,6.2666666666666675
2013-09-02,02:38:38,0.8333333333333333,13.666593763563364,7.666666666666668
2013-09-02,02:43:38,0.8,10.799950493706596,44.26666666666666
2013-09-02,02:48:38,1.1,9.866612752278646,32.4
2013-09-02,02:53:38,0.5666666666666667,9.59994845920139,0.13333333333333333
2013-09-02,02:58:38,0.7666666666666667,8.79995557996962,2.8
2013-09-02,03:03:38,1.3,12.99996270073785,6.666666666666668
2013-09-02,03:08:38,0.8666666666666667,12.666625976562498,8.266666666666667
2013-09-02,03:13:38,1.0333333333333332,11.733254326714409,50.86666666666667
2013-09-02,03:18:38,1.2,13.599955240885416,38.266666666666666
2013-09-02,03:23:38,0.6,11.199934217664932,0.26666666666666666
2013-09-02,03:28:38,0.6666666666666667,7.666617499457463,0.13333333333333333
2013-09-02,03:33:38,1.3,11.466615464952255,6.2666666666666675
2013-09-02,03:38:38,0.8,13.333282470703125,7.7333333333333325
2013-09-02,03:43:38,0.6666666666666667,10.53326924641927,28.8
2013-09-02,03:48:38,1.0333333333333332,8.399912516276043,33.06666666666667
2013-09-02,03:53:38,0.6666666666666667,9.666578504774305,12.666666666666664
2013-09-02,03:58:38,0.7666666666666667,10.266613430447046,2.8
2013-09-02,04:03:38,1.5,12.533281114366321,7.466666666666668
2013-09-02,04:08:38,0.7666666666666667,13.399937947591145,2.8666666666666667
2013-09-02,04:13:38,0.9333333333333332,10.733261108398438,20.8
2013-09-02,04:18:38,0.8666666666666667,11.399917602539062,5.866666666666666
2013-09-02,04:23:38,0.7,10.399932861328125,7.666666666666668
2013-09-02,04:28:38,0.6666666666666667,10.799942016601562,11.8
2013-09-02,04:33:38,1.4666666666666666,14.13326687282986,14.2
2013-09-02,04:38:38,0.6,13.799930148654513,9.0
2013-09-02,04:43:38,0.6,8.533265855577255,9.066666666666666
2013-09-02,04:48:38,0.9333333333333332,11.933280097113713,1.6
2013-09-02,04:53:38,0.5333333333333333,9.59994845920139,0.2
2013-09-02,04:58:38,0.8,9.9332767062717,2.8
2013-09-02,05:03:38,1.4666666666666666,15.266613430447052,7.4
2013-09-02,05:08:38,0.7333333333333333,14.999957614474823,0.6
2013-09-02,05:13:38,0.9,11.933280097113713,18.4
2013-09-02,05:18:39,0.9,12.466591729058159,6.4
2013-09-02,05:23:39,0.7333333333333333,9.2665778266059,9.866666666666667
2013-09-02,05:28:39,2.1,22.799945407443577,3.6
2013-09-02,05:33:39,1.5,24.733293321397568,12.266666666666667
2013-09-02,05:38:39,0.6,17.06660800509983,3.2666666666666666
2013-09-02,05:43:39,0.6,10.199924045138888,3.333333333333333
2013-09-02,05:48:39,0.9333333333333332,8.66659376356337,4.133333333333334
2013-09-02,05:53:39,0.5333333333333333,7.33328077528212,0.13333333333333333
2013-09-02,05:58:39,0.9,8.8665771484375,3.2666666666666666
2013-09-02,06:03:39,1.3,17.399953206380207,6.933333333333334
2013-09-02,06:08:39,0.6666666666666667,16.466581556532116,2.6
2013-09-02,06:13:39,0.9666666666666668,11.799935234917532,34.86666666666667
2013-09-02,06:18:39,1.1,11.466623942057291,27.266666666666666
2013-09-02,06:23:39,0.9666666666666668,11.399951510959204,29.0
2013-09-02,06:28:39,0.6,7.733256022135417,0.13333333333333333
2013-09-02,06:33:39,1.4666666666666666,15.26660495334201,6.866666666666666
2013-09-02,06:38:39,0.6,17.19997829861111,7.933333333333334
2013-09-02,06:43:39,0.7333333333333333,11.999935574001734,44.2
2013-09-02,06:48:39,1.1,10.666622585720486,32.06666666666667
2013-09-02,06:53:39,0.5333333333333333,10.199924045138888,0.2
2013-09-02,06:58:39,0.8333333333333333,9.666612413194443,3.2
2013-09-02,07:03:39,1.3333333333333337,13.266593085394964,7.0
2013-09-02,07:08:39,0.6666666666666667,14.133275349934896,7.933333333333334
2013-09-02,07:13:39,1.0333333333333332,10.066579182942709,38.53333333333333
2013-09-02,07:18:39,1.0333333333333332,11.533279418945312,28.13333333333333
2013-09-02,07:23:39,0.8666666666666667,11.066597832573784,21.133333333333333
2013-09-02,07:28:39,0.6,9.066594441731771,0.13333333333333333
2013-09-02,07:33:39,1.3333333333333337,15.666597154405379,6.933333333333334
2013-09-02,07:38:39,0.6666666666666667,14.666620890299479,6.6
2013-09-02,07:43:39,0.7,11.866599188910591,33.2
2013-09-02,07:48:39,1.2,8.799904717339409,44.06666666666667
2013-09-02,07:53:39,0.5,9.666595458984375,0.2
2013-09-02,07:58:39,0.8,7.866617838541666,2.8666666666666667
2013-09-02,08:03:39,34.06666666666666,38.26662699381511,8.133333333333333
2013-09-02,08:08:39,1.5,45.999908447265625,20.0
2013-09-02,08:13:39,1.0666666666666669,37.39992777506511,54.6
2013-09-02,08:18:39,1.2,18.599929809570312,35.0
2013-09-02,08:23:39,0.6333333333333333,12.79991149902344,0.7333333333333333
2013-09-02,08:28:39,0.5333333333333333,8.799921671549479,0.13333333333333333
2013-09-02,08:33:39,1.3,14.86659579806858,6.333333333333332
2013-09-02,08:38:39,0.8,18.19994608561198,6.333333333333332
2013-09-02,08:43:40,0.6666666666666667,10.599924723307291,42.0
2013-09-02,08:48:40,1.1,8.99993896484375,36.66666666666666
2013-09-02,08:53:40,0.5,10.599899291992188,0.3333333333333333
2013-09-02,08:58:40,0.8,8.399946424696182,2.8666666666666667
2013-09-02,09:03:40,1.2666666666666666,18.19994608561198,6.666666666666668
2013-09-02,09:08:40,1.0,14.399948120117188,10.266666666666667
2013-09-02,09:13:40,0.9333333333333332,11.999918619791666,27.13333333333333
2013-09-02,09:18:40,0.9666666666666668,11.599934895833334,20.933333333333334
2013-09-02,09:23:40,1.0,10.999959309895834,15.866666666666667
2013-09-02,09:28:40,0.5666666666666667,9.399897257486979,11.133333333333333
2013-09-02,09:33:40,1.9333333333333331,14.599956936306427,12.866666666666667
2013-09-02,09:38:40,0.8,16.399943033854168,6.0
2013-09-02,09:43:40,0.7,10.799916585286457,29.4
2013-09-02,09:48:40,2.1333333333333333,11.066631740993925,20.4
2013-09-02,09:53:40,31.866666666666664,16.399943033854168,25.73333333333333
2013-09-02,09:58:40,35.933333333333344,13.399912516276041,23.4
2013-09-02,10:03:40,5.033333333333333,18.999913533528645,10.733333333333333
2013-09-02,10:08:40,4.0,12.799936930338543,3.466666666666667
2013-09-02,10:13:40,3.933333333333333,11.999893188476562,12.466666666666667
2013-09-02,10:18:40,3.8,13.199920654296873,7.333333333333332
2013-09-02,10:23:40,4.033333333333333,10.599899291992188,15.466666666666667
2013-09-02,10:28:40,3.533333333333333,10.99993387858073,6.133333333333334
2013-09-02,10:33:40,5.7,41.799943712022575,13.466666666666667
2013-09-02,10:38:40,3.9,22.799962361653648,24.466666666666665
2013-09-02,10:43:40,2.966666666666667,15.399932861328125,6.666666666666668
2013-09-02,10:48:40,0.9333333333333332,12.933273315429686,9.733333333333333
2013-09-02,10:53:40,0.8333333333333333,8.333257039388021,5.333333333333333
2013-09-02,10:58:40,0.9666666666666668,9.466595119900171,5.666666666666668
2013-09-02,11:03:40,1.3666666666666665,16.066631740993923,8.4
2013-09-02,11:08:40,0.7,15.533286200629345,2.1333333333333333
2013-09-02,11:13:40,0.8666666666666667,12.466600206163193,14.533333333333333
2013-09-02,11:18:41,1.2666666666666666,10.666597154405382,13.133333333333333
2013-09-02,11:23:41,0.7333333333333333,10.266621907552082,38.333333333333336
2013-09-02,11:28:41,0.6,8.066584269205729,5.4
2013-09-02,11:33:40,1.6,14.93329366048177,14.6
2013-09-02,11:38:40,0.8333333333333333,14.266586303710938,7.933333333333334
2013-09-02,11:43:40,0.7,10.866614447699654,11.4
2013-09-02,11:48:40,1.1333333333333333,10.466596815321182,12.466666666666667
2013-09-02,11:53:40,0.5666666666666667,10.99989997016059,6.7333333333333325
2013-09-02,11:58:40,1.0666666666666669,9.9332767062717,5.333333333333333
2013-09-02,12:03:41,39.13333333333333,41.39993455674912,28.53333333333333
2013-09-02,12:08:41,0.8,45.7333034939236,3.2
2013-09-02,12:13:41,0.8333333333333333,17.133255004882812,19.33333333333333
2013-09-02,12:18:41,1.2333333333333334,11.999927096896702,17.8
2013-09-02,12:23:41,0.6,9.79994879828559,6.533333333333332
2013-09-02,12:28:41,0.5,8.733257717556421,5.7333333333333325
2013-09-02,12:33:41,1.6,14.133258395724823,15.0
2013-09-02,12:38:41,0.7,14.066602918836804,9.2
2013-09-02,12:43:41,4.933333333333334,8.799921671549479,7.666666666666668
2013-09-02,12:48:41,2.1666666666666665,10.399924384223088,12.733333333333333
2013-09-02,12:53:41,0.5666666666666667,7.933273315429688,1.1333333333333333
2013-09-02,12:58:41,1.0333333333333332,9.06661139594184,5.2
2013-09-02,13:03:41,1.6666666666666663,16.933271620008675,9.4
2013-09-02,13:08:41,0.7333333333333333,12.666583591037325,2.6
2013-09-02,13:13:41,0.9333333333333332,10.399949815538195,25.0
2013-09-02,13:18:41,1.2333333333333334,11.933263142903645,43.53333333333333
2013-09-02,13:23:41,0.8,10.199915568033854,12.866666666666667
2013-09-02,13:28:41,0.6333333333333333,9.133266872829859,8.4
2013-09-02,13:33:41,1.7333333333333334,15.26660495334201,14.266666666666667
2013-09-02,13:38:41,3.766666666666667,15.266621907552084,13.2
2013-09-02,13:43:41,1.6333333333333335,14.533284505208332,2.4
2013-09-02,13:48:41,16.366666666666667,10.066613091362846,3.8666666666666663
2013-09-02,13:53:41,3.833333333333333,8.599929809570312,1.7333333333333334
2013-09-02,13:58:41,1.0666666666666669,12.066624959309896,5.133333333333334
2013-09-02,14:03:41,1.8,13.266576131184896,10.2
2013-09-02,14:08:41,0.7666666666666667,12.333263821072048,5.466666666666668
2013-09-02,14:13:41,1.0333333333333332,10.866580539279514,31.466666666666665
2013-09-02,14:18:41,1.3,11.7999267578125,29.66666666666667
2013-09-02,14:23:41,1.1,9.266611735026043,37.0
2013-09-02,14:28:41,0.6,8.866619533962671,1.2
2013-09-02,14:33:42,1.5333333333333334,12.866626315646702,8.2
2013-09-02,14:38:42,0.9666666666666668,14.933268229166666,9.466666666666667
2013-09-02,14:43:42,0.8,11.466598510742188,33.86666666666667
2013-09-02,14:48:42,1.2,9.9332767062717,20.53333333333333
2013-09-02,14:53:42,1.0333333333333332,10.666597154405382,25.6
2013-09-02,14:58:42,0.9666666666666668,12.1999274359809,6.466666666666668
2013-09-02,15:03:42,1.6,14.599931504991323,9.866666666666667
2013-09-02,15:08:42,10.966666666666667,27.199935913085938,11.6
2013-09-02,15:13:42,19.933333333333334,25.199940999348957,50.46666666666667
2013-09-02,15:18:42,2.1666666666666665,13.99993896484375,34.4
2013-09-02,15:23:42,13.366666666666667,13.399912516276041,22.266666666666666
2013-09-02,15:28:42,32.53333333333333,13.19994608561198,3.066666666666667
2013-09-02,15:33:42,1.4666666666666666,15.399932861328125,7.7333333333333325
2013-09-02,15:38:42,5.7333333333333325,14.999949137369791,11.266666666666667
2013-09-02,15:43:42,3.2,12.799936930338543,36.73333333333333
2013-09-02,15:48:42,1.5666666666666669,13.599929809570312,57.0
2013-09-02,15:53:42,2.8666666666666667,11.999918619791666,1.3333333333333333
2013-09-02,15:58:42,1.4333333333333331,13.466584947374132,5.0
2013-09-02,16:03:42,40.1,46.39994303385417,31.266666666666666
2013-09-02,16:08:42,1.1,51.53327094184028,10.066666666666666
2013-09-02,16:13:42,1.2,19.599965413411457,51.8
2013-09-02,16:18:42,1.5666666666666669,11.533253987630209,49.26666666666666
2013-09-02,16:23:42,0.8333333333333333,10.999959309895834,11.333333333333336
2013-09-02,16:28:42,1.0333333333333332,11.666590372721354,1.4666666666666666
2013-09-02,16:33:42,1.6,16.199942694769966,8.333333333333334
2013-09-02,16:38:42,0.7,14.86659579806858,8.733333333333333
2013-09-02,16:43:42,0.9666666666666668,12.46661716037326,37.2
2013-09-02,16:48:42,1.3,10.533277723524305,42.53333333333333
2013-09-02,16:53:42,0.6,10.866614447699654,10.733333333333333
2013-09-02,16:58:42,1.2,10.533252292209204,7.133333333333334
2013-09-02,17:03:42,1.4333333333333331,14.399956597222225,9.466666666666667
2013-09-02,17:08:42,0.9333333333333332,14.466620551215275,6.7333333333333325
2013-09-02,17:13:42,1.1333333333333333,10.9999762641059,37.46666666666667
2013-09-02,17:18:42,1.6,14.066585964626736,35.6
2013-09-02,17:23:42,0.8666666666666667,12.533255683051218,35.86666666666667
2013-09-02,17:28:42,0.6666666666666667,10.466579861111112,4.466666666666667
2013-09-02,17:33:42,2.4333333333333336,12.93328179253472,16.466666666666665
2013-09-02,17:38:42,2.2,15.73329501681858,12.733333333333333
2013-09-02,17:43:43,0.9666666666666668,10.733286539713543,31.13333333333333
2013-09-02,17:48:43,1.2,10.599907769097221,22.6
2013-09-02,17:53:43,0.8666666666666667,11.133253309461805,39.53333333333333
2013-09-02,17:58:43,1.0666666666666669,8.933258056640625,6.133333333333334
2013-09-02,18:03:43,1.9333333333333331,15.466613769531248,9.6
2013-09-02,18:08:43,12.5,14.86659579806858,8.6
2013-09-02,18:13:43,14.466666666666667,14.199930826822918,52.06666666666667
2013-09-02,18:18:43,13.533333333333333,17.866617838541664,64.2
2013-09-02,18:23:43,0.7333333333333333,11.93327162000868,2.333333333333333
2013-09-02,18:28:43,9.733333333333334,8.199920654296875,2.7333333333333334
2013-09-02,18:33:43,5.066666666666666,12.333255343967016,9.133333333333333
2013-09-02,18:38:43,2.033333333333333,11.99994405110677,9.733333333333333
2013-09-02,18:43:43,1.0,9.133249918619791,54.8
2013-09-02,18:48:43,1.2333333333333334,8.866602579752604,38.266666666666666
2013-09-02,18:53:43,1.3666666666666665,11.7999267578125,1.3333333333333333
2013-09-02,18:58:43,1.2333333333333334,9.93325975206163,5.7333333333333325
2013-09-02,19:03:43,1.8,16.19993421766493,9.133333333333333
2013-09-02,19:08:43,0.7,17.599953545464405,7.066666666666666
2013-09-02,19:13:43,1.1666666666666667,10.733269585503475,53.0
2013-09-02,19:18:43,1.6,12.866600884331596,56.93333333333333
2013-09-02,19:23:43,1.4666666666666666,9.866604275173609,3.066666666666667
2013-09-02,19:28:43,0.6,7.7999199761284705,1.0
2013-09-02,19:33:43,1.6666666666666663,14.666586981879345,9.0
2013-09-02,19:38:43,0.7,14.533276028103295,6.2
2013-09-02,19:43:43,0.9333333333333332,9.933268229166666,46.6
2013-09-02,19:48:43,1.3666666666666665,9.066619873046875,50.33333333333334
2013-09-02,19:53:44,0.7,9.399931165907118,2.8666666666666667
2013-09-02,19:58:44,1.7666666666666666,9.133249918619791,7.8
2013-09-02,20:03:44,40.16666666666666,41.33327060275607,30.73333333333333
2013-09-02,20:08:44,1.3666666666666665,47.799953884548614,9.466666666666667
2013-09-02,20:13:44,1.1333333333333333,18.599972195095486,51.53333333333333
2013-09-02,20:18:44,1.8333333333333333,13.266584608289932,59.66666666666666
2013-09-02,20:23:44,0.6666666666666667,11.733245849609375,1.7333333333333334
2013-09-02,20:28:44,0.7,7.9332902696397545,1.2
2013-09-02,20:33:44,1.7333333333333334,12.799919976128473,9.066666666666666
2013-09-02,20:38:44,1.0333333333333332,12.999945746527777,10.933333333333335
2013-09-02,20:43:44,1.1666666666666667,11.133295694986979,37.333333333333336
2013-09-02,20:48:44,1.4666666666666666,9.666595458984375,55.2
2013-09-02,20:53:44,1.3333333333333337,10.599933200412327,6.933333333333334
2013-09-02,20:58:44,0.9666666666666668,9.399948120117188,5.0
2013-09-02,21:03:44,1.5666666666666669,17.133280436197918,10.066666666666666
2013-09-02,21:08:44,1.2333333333333334,16.266623602973088,8.266666666666667
2013-09-02,21:13:44,1.3,12.799945407443577,54.8
2013-09-02,21:18:44,1.8,10.733252631293402,59.66666666666666
2013-09-02,21:23:44,0.7,9.933242797851562,3.2666666666666666
2013-09-02,21:28:44,0.5666666666666667,10.33328586154514,1.6
2013-09-02,21:33:44,1.8666666666666665,14.199947781032984,10.266666666666667
2013-09-02,21:38:44,0.8,12.733272976345486,9.933333333333334
2013-09-02,21:43:44,1.2333333333333334,9.933268229166666,50.33333333333334
2013-09-02,21:48:44,3.1,11.599960327148438,46.13333333333333
2013-09-02,21:53:44,0.5666666666666667,11.799918280707463,0.2
2013-09-02,21:58:44,1.0,8.199929131401912,4.266666666666667
2013-09-02,22:03:44,2.1666666666666665,14.33326721191406,9.466666666666667
2013-09-02,22:08:44,1.7333333333333334,14.266620212131077,8.533333333333333
2013-09-02,22:13:44,1.4666666666666666,9.93325975206163,60.13333333333333
2013-09-02,22:18:44,1.8666666666666665,10.399941338433159,53.0
2013-09-02,22:23:44,0.6333333333333333,10.466588338216146,1.9333333333333331
2013-09-02,22:28:44,0.7,9.399905734592016,0.2
2013-09-02,22:33:44,1.5333333333333334,14.266611735026041,8.2
2013-09-02,22:38:44,0.7666666666666667,11.733262803819443,6.2
2013-09-02,22:43:44,0.8333333333333333,10.199940999348959,45.26666666666666
2013-09-02,22:48:44,1.8666666666666665,12.733264499240448,53.26666666666666
2013-09-02,22:53:44,0.8666666666666667,10.333260430230034,1.0
2013-09-02,22:58:44,0.9,10.933269924587673,4.0
2013-09-02,23:03:44,1.5333333333333334,15.799942016601562,8.2
2013-09-02,23:08:45,0.9,13.999922010633684,8.6
2013-09-02,23:13:45,1.3,12.266582912868921,65.33333333333333
2013-09-02,23:18:45,1.4333333333333331,15.666614108615448,46.53333333333333
2013-09-02,23:23:45,0.7,10.399915907118055,2.2666666666666666
2013-09-02,23:28:45,0.7666666666666667,9.466620551215279,1.2
2013-09-02,23:33:45,1.4666666666666666,14.533276028103295,7.6
2013-09-02,23:38:45,0.8,11.999918619791666,6.6
2013-09-02,23:43:45,0.9,9.466603597005207,49.53333333333333
2013-09-02,23:48:45,1.4666666666666666,10.399949815538195,48.13333333333333
2013-09-02,23:53:45,0.5666666666666667,10.733261108398438,0.26666666666666666
2013-09-02,23:58:45,0.9,8.266610039605036,3.733333333333333
2013-09-03,00:03:45,41.2,42.99992879231771,29.8
2013-09-03,00:08:45,5.866666666666666,48.599955240885414,11.2
2013-09-03,00:13:45,4.3,18.399937947591148,57.6
2013-09-03,00:18:45,5.133333333333334,12.999928792317709,57.26666666666666
2013-09-03,00:23:45,0.7,14.599939982096355,0.3333333333333333
2013-09-03,00:28:45,0.5333333333333333,9.999923706054688,0.2
2013-09-03,00:33:45,1.6,15.466613769531248,8.6
2013-09-03,00:38:45,0.6,13.599955240885416,7.2
2013-09-03,00:43:45,0.9,10.399932861328125,54.53333333333333
2013-09-03,00:48:45,1.5333333333333334,9.59991455078125,42.06666666666667
2013-09-03,00:53:45,0.5,10.599950154622395,0.2
2013-09-03,00:58:45,1.0,12.399927775065105,4.266666666666667
2013-09-03,01:03:45,1.6666666666666663,17.133263481987846,7.933333333333334
2013-09-03,01:08:45,0.7666666666666667,15.99993387858073,7.7333333333333325
2013-09-03,01:13:45,1.1333333333333333,10.199940999348959,58.46666666666667
2013-09-03,01:18:45,1.8333333333333333,11.99994405110677,56.73333333333333
2013-09-03,01:23:45,0.9,12.39990234375,1.3333333333333333
2013-09-03,01:28:45,0.5333333333333333,10.599950154622395,0.2
2013-09-03,01:33:45,5.533333333333334,15.066579182942707,100.0
2013-09-03,01:38:45,1.8,19.799931844075523,9.066666666666666
2013-09-03,01:43:45,0.9333333333333332,14.199930826822918,50.73333333333333
2013-09-03,01:48:45,1.5333333333333334,11.999969482421875,44.6
2013-09-03,01:53:45,0.5333333333333333,9.399922688802082,0.4
2013-09-03,01:58:45,0.8333333333333333,9.199905395507812,3.333333333333333
2013-09-03,02:03:45,37.36666666666667,44.333275689019096,27.4
2013-09-03,02:08:45,2.8666666666666667,47.599945068359375,8.666666666666666
2013-09-03,02:13:45,1.1666666666666667,18.999964396158852,60.53333333333333
2013-09-03,02:18:46,1.3,11.199925740559896,24.4
2013-09-03,02:23:46,0.7,9.866578843858505,0.8
2013-09-03,02:28:46,0.9,7.533281114366318,0.2
2013-09-03,02:33:46,2.1333333333333333,13.999964396158854,7.2
2013-09-03,02:38:46,1.9333333333333331,35.199949476454,8.6
2013-09-03,02:43:46,0.8666666666666667,18.933291965060764,50.46666666666667
2013-09-03,02:48:46,1.2,11.93328857421875,20.33333333333333
2013-09-03,02:53:46,0.43333333333333335,10.666597154405382,0.2
2013-09-03,02:58:46,0.8333333333333333,9.866578843858505,3.333333333333333
2013-09-03,03:03:46,1.3333333333333337,17.933290269639755,7.666666666666668
2013-09-03,03:08:46,0.8666666666666667,15.93326992458767,9.066666666666666
2013-09-03,03:13:46,1.1666666666666667,10.93324449327257,57.0
2013-09-03,03:18:46,1.6333333333333335,10.333251953125,28.266666666666666
2013-09-03,03:23:46,0.5,7.133255004882812,0.4
2013-09-03,03:28:46,0.6,8.199937608506943,0.2
2013-09-03,03:33:46,1.5666666666666669,18.666602240668404,8.0
2013-09-03,03:38:46,0.6333333333333333,15.46657986111111,8.666666666666666
2013-09-03,03:43:46,0.8,11.599934895833334,41.6
2013-09-03,03:48:46,1.2666666666666666,10.933261447482641,28.73333333333333
2013-09-03,03:53:47,0.43333333333333335,11.533253987630209,0.26666666666666666
2013-09-03,03:58:47,0.7333333333333333,8.99992201063368,3.333333333333333
2013-09-03,04:03:47,1.4666666666666666,16.199951171875,8.333333333333334
2013-09-03,04:08:47,0.6333333333333333,15.599941677517359,5.666666666666668
2013-09-03,04:13:47,0.9666666666666668,13.399954901801218,33.8
2013-09-03,04:18:47,1.2,9.999923706054688,32.266666666666666
2013-09-03,04:23:47,1.0,8.933275010850693,21.4
2013-09-03,04:28:47,0.5666666666666667,11.066614786783854,0.2
2013-09-03,04:33:47,1.8333333333333333,18.599955240885414,8.066666666666666
2013-09-03,04:38:47,0.6333333333333333,17.733272976345486,6.133333333333334
2013-09-03,04:43:47,0.6,12.599928114149309,21.133333333333333
2013-09-03,04:48:47,1.1,9.666620890299479,20.53333333333333
2013-09-03,04:53:47,0.7,9.133249918619791,24.2
2013-09-03,04:58:47,0.9,10.799933539496525,8.466666666666667
2013-09-03,05:03:47,1.6,17.266633775499137,8.066666666666666
2013-09-03,05:08:47,0.7,17.933281792534725,8.666666666666666
2013-09-03,05:13:47,1.0,12.933256361219616,40.13333333333333
2013-09-03,05:18:47,1.3333333333333337,12.06658257378472,28.13333333333333
2013-09-03,05:23:47,1.1666666666666667,10.666614108615454,15.6
2013-09-03,05:28:47,0.6,8.533274332682291,0.13333333333333333
2013-09-03,05:33:47,1.6666666666666663,15.066613091362848,7.933333333333334
2013-09-03,05:38:47,0.8333333333333333,14.599939982096355,5.8
2013-09-03,05:43:47,0.6,11.133261786566841,23.066666666666666
2013-09-03,05:48:47,1.2,9.799897935655382,31.4
2013-09-03,05:53:47,0.7666666666666667,10.666571723090275,17.266666666666666
2013-09-03,05:58:47,0.8,11.799918280707463,3.6
2013-09-03,06:03:47,1.2666666666666666,18.46661885579427,7.133333333333334
2013-09-03,06:08:47,1.0,16.866624620225693,5.533333333333332
2013-09-03,06:13:47,0.9333333333333332,12.599953545464409,38.8
2013-09-03,06:18:47,1.3333333333333337,11.133278740776912,39.266666666666666
2013-09-03,06:23:47,0.9,12.066624959309896,10.8
2013-09-03,06:28:47,0.5333333333333333,9.79994879828559,0.13333333333333333
2013-09-03,06:33:47,1.4666666666666666,16.333270602756073,7.066666666666666
2013-09-03,06:38:48,1.2,16.399900648328988,6.666666666666668
2013-09-03,06:43:48,0.7333333333333333,10.799925062391493,33.266666666666666
2013-09-03,06:48:48,1.4666666666666666,8.733274671766493,40.2
2013-09-03,06:53:48,0.43333333333333335,9.199939303927952,0.26666666666666666
2013-09-03,06:58:48,0.8,7.466583251953125,3.333333333333333
2013-09-03,07:03:48,1.5,20.066587660047745,7.533333333333332
2013-09-03,07:08:48,0.8,18.066601223415798,6.466666666666668
2013-09-03,07:13:48,1.0,13.599912855360245,37.86666666666667
2013-09-03,07:18:48,1.2,11.733279758029514,42.06666666666667
2013-09-03,07:23:48,0.9666666666666668,9.266611735026043,9.2
2013-09-03,07:28:48,0.6333333333333333,10.399924384223088,0.26666666666666666
2013-09-03,07:33:48,1.6666666666666663,19.26662868923611,7.066666666666666
2013-09-03,07:38:48,0.8,17.666609022352432,7.133333333333334
2013-09-03,07:43:48,0.8,12.133255004882812,39.06666666666667
2013-09-03,07:48:48,1.0666666666666669,12.266599867078991,33.6
2013-09-03,07:53:48,0.8,9.999957614474829,1.0666666666666669
2013-09-03,07:58:48,0.7666666666666667,8.399954901801214,3.333333333333333
2013-09-03,08:03:48,38.766666666666666,38.333282470703125,28.86666666666667
2013-09-03,08:08:48,1.4666666666666666,54.466612074110245,6.333333333333332
2013-09-03,08:13:48,1.1666666666666667,21.66661580403646,56.6
2013-09-03,08:18:48,1.1333333333333333,14.33326721191406,29.66666666666667
2013-09-03,08:23:48,0.8666666666666667,11.533245510525171,1.9333333333333331
2013-09-03,08:28:48,0.7666666666666667,9.999923706054688,0.8
2013-09-03,08:33:48,1.5333333333333334,16.799969143337677,7.933333333333334
2013-09-03,08:38:48,0.6666666666666667,14.266594780815971,4.933333333333334
2013-09-03,08:43:48,0.7333333333333333,13.733266194661459,19.53333333333333
2013-09-03,08:48:48,1.2333333333333334,10.733252631293402,31.53333333333333
2013-09-03,08:53:48,0.7666666666666667,7.799936930338541,21.73333333333333
2013-09-03,08:58:48,0.9,9.733250935872395,3.733333333333333
2013-09-03,09:03:48,1.4333333333333331,16.26659817165799,8.266666666666667
2013-09-03,09:08:49,0.9333333333333332,12.799928453233509,6.933333333333334
2013-09-03,09:13:49,8.9,12.466591729058159,22.266666666666666
2013-09-03,09:18:49,4.933333333333334,14.266603257921004,14.2
2013-09-03,09:23:49,1.0666666666666669,10.733295016818577,19.133333333333333
2013-09-03,09:28:49,0.7666666666666667,9.466629028320312,15.333333333333336
2013-09-03,09:33:49,1.7,16.799960666232643,18.6
2013-09-03,09:38:49,0.7666666666666667,13.599955240885416,4.8
2013-09-03,09:43:49,0.5,9.399914211697046,6.333333333333332
2013-09-03,09:48:49,1.2,8.866611056857641,14.533333333333333
2013-09-03,09:53:49,0.6333333333333333,7.333263821072046,10.0
2013-09-03,09:58:49,1.1,8.799913194444443,16.933333333333334
2013-09-03,10:03:49,1.5,17.066591050889755,17.466666666666665
2013-09-03,10:08:49,0.7666666666666667,19.333267211914062,5.6
2013-09-03,10:13:49,0.9,11.999935574001734,12.0
2013-09-03,10:18:49,1.1,10.266596476236979,6.0
2013-09-03,10:23:49,0.9,8.533265855577255,2.2666666666666666
2013-09-03,10:28:49,0.6,7.19991895887587,0.8666666666666667
2013-09-03,10:33:49,1.4666666666666666,16.733271280924477,7.4
2013-09-03,10:38:49,0.8666666666666667,13.66661071777344,3.933333333333333
2013-09-03,10:43:49,1.0333333333333332,13.399912516276041,11.866666666666667
2013-09-03,10:48:49,1.2666666666666666,11.999918619791666,16.866666666666667
2013-09-03,10:53:49,1.0,10.399924384223088,20.866666666666667
2013-09-03,10:58:49,1.2333333333333334,10.733261108398438,20.53333333333333
2013-09-03,11:03:49,2.0666666666666664,13.93326653374566,17.666666666666668
2013-09-03,11:08:49,0.9666666666666668,15.466588338216145,3.8666666666666663
2013-09-03,11:13:49,1.0666666666666669,11.133270263671875,14.066666666666665
2013-09-03,11:18:49,1.4333333333333331,11.533287896050345,14.6
2013-09-03,11:23:49,0.9,9.533267550998266,7.0
2013-09-03,11:28:49,1.6,11.533245510525171,8.6
2013-09-03,11:33:49,1.7666666666666666,16.86664157443576,14.6
2013-09-03,11:38:49,0.9333333333333332,12.999928792317709,8.933333333333334
2013-09-03,11:43:49,0.9,9.399948120117188,9.8
2013-09-03,11:48:49,1.4,8.99993896484375,8.533333333333333
2013-09-03,11:53:49,0.7333333333333333,8.599929809570312,1.2
2013-09-03,11:58:50,0.9666666666666668,7.799936930338541,4.133333333333334
2013-09-03,12:03:50,56.1,36.53324551052518,11.066666666666665
2013-09-03,12:08:50,1.7142857142857142,55.99988301595052,8.166666666666666
2013-09-03,12:13:50,16.866666666666667,42.933239407009545,24.6
2013-09-03,12:18:50,1.4666666666666666,19.999974568684898,15.2
2013-09-03,12:23:50,4.666666666666667,14.06659444173177,14.333333333333336
2013-09-03,12:28:50,5.6,12.399953206380209,10.333333333333334
2013-09-03,12:33:50,2.8666666666666667,16.799909803602432,16.6
2013-09-03,12:38:50,0.7,15.399932861328125,13.133333333333333
2013-09-03,12:43:50,0.6,11.599960327148438,2.8666666666666667
2013-09-03,12:48:50,1.1333333333333333,10.799916585286457,4.066666666666666
2013-09-03,12:53:50,0.6666666666666667,9.19995625813802,1.6666666666666667
2013-09-03,12:58:50,0.9666666666666668,9.799957275390625,5.2
2013-09-03,13:03:50,1.2666666666666666,14.266620212131077,8.0
2013-09-03,13:08:50,0.7666666666666667,11.99994405110677,4.733333333333333
2013-09-03,13:13:50,1.0,9.399922688802082,27.2
2013-09-03,13:18:50,1.0333333333333332,11.199900309244793,25.86666666666667
2013-09-03,13:23:50,1.0666666666666669,10.199915568033854,18.933333333333334
2013-09-03,13:28:50,0.7333333333333333,8.399912516276043,19.4
2013-09-03,13:33:50,1.3333333333333337,16.266615125868057,7.2
2013-09-03,13:38:50,0.7333333333333333,13.99993896484375,4.533333333333333
2013-09-03,13:43:50,0.7,9.799931844075521,22.86666666666667
2013-09-03,13:48:50,1.0666666666666669,8.199963039822046,23.13333333333333
2013-09-03,13:53:50,0.7666666666666667,11.99994405110677,24.13333333333333
2013-09-03,13:58:50,0.8666666666666667,10.199940999348959,11.2
2013-09-03,14:03:50,1.4666666666666666,15.399932861328125,9.266666666666667
2013-09-03,14:08:50,0.9333333333333332,15.999959309895834,8.733333333333333
2013-09-03,14:13:51,1.1666666666666667,11.199925740559896,39.6
2013-09-03,14:18:51,1.7666666666666666,11.999918619791666,39.266666666666666
2013-09-03,14:23:51,0.8333333333333333,13.19994608561198,17.733333333333334
2013-09-03,14:28:51,1.2,7.1999359130859375,2.8
2013-09-03,14:33:51,1.7,14.399956597222225,10.0
2013-09-03,14:38:51,0.7333333333333333,13.599929809570312,8.066666666666666
2013-09-03,14:43:51,0.8333333333333333,10.399907430013021,29.266666666666666
2013-09-03,14:48:51,1.3,9.799931844075521,39.333333333333336
2013-09-03,14:53:51,0.7333333333333333,11.399943033854166,11.533333333333333
2013-09-03,14:58:51,1.0,11.599909464518229,5.133333333333334
2013-09-03,15:03:51,2.3666666666666667,16.599934895833332,9.2
2013-09-03,15:08:51,10.0,30.39993286132812,10.733333333333333
2013-09-03,15:13:51,64.86666666666667,26.33327060275608,56.2
2013-09-03,15:18:51,37.5,17.133263481987846,34.8
2013-09-03,15:23:51,40.16666666666666,15.799942016601562,15.0
2013-09-03,15:28:51,14.3,11.133270263671875,2.1333333333333333
2013-09-03,15:33:51,4.033333333333333,15.93329535590278,10.6
2013-09-03,15:38:51,2.3666666666666667,17.066616482204864,7.533333333333332
2013-09-03,15:43:51,0.7333333333333333,10.199907090928818,30.53333333333333
2013-09-03,15:48:51,2.1,9.866604275173609,41.46666666666667
2013-09-03,15:53:51,0.9,11.666573418511287,6.933333333333334
2013-09-03,15:58:51,0.9333333333333332,9.7332763671875,5.7333333333333325
2013-09-03,16:03:51,40.13333333333333,40.666614108615455,30.73333333333333
2013-09-03,16:08:51,0.9666666666666668,45.46661376953125,6.533333333333332
2013-09-03,16:13:51,1.0666666666666669,18.466593424479168,38.93333333333333
2013-09-03,16:18:51,1.4333333333333331,14.066619873046873,38.86666666666667
2013-09-03,16:23:51,0.7666666666666667,10.399924384223088,15.866666666666667
2013-09-03,16:28:51,0.6,8.39992947048611,1.6666666666666667
2013-09-03,16:33:51,1.7,13.266576131184896,10.0
2013-09-03,16:38:51,1.0333333333333332,13.19991217719184,7.533333333333332
2013-09-03,16:43:51,0.6666666666666667,11.599934895833334,22.4
2013-09-03,16:48:51,1.4333333333333331,10.933278401692709,35.46666666666667
2013-09-03,16:53:51,0.8,9.533250596788195,18.933333333333334
2013-09-03,16:58:51,2.966666666666667,8.266593085394963,4.333333333333333
2013-09-03,17:03:51,1.6333333333333335,15.73327806260851,9.8
2013-09-03,17:08:51,0.9,16.666590372721355,4.133333333333334
2013-09-03,17:13:51,1.4333333333333331,11.933246188693579,33.666666666666664
2013-09-03,17:18:52,2.1,11.599968804253475,32.06666666666667
2013-09-03,17:23:52,0.9666666666666668,9.59994845920139,25.73333333333333
2013-09-03,17:28:52,1.7,9.866570366753475,22.2
2013-09-03,17:33:52,2.8,15.79995897081163,17.666666666666668
2013-09-03,17:38:52,1.4333333333333331,15.466588338216145,12.4
2013-09-03,17:43:52,1.9333333333333331,12.133238050672745,31.066666666666666
2013-09-03,17:48:52,1.7,9.19992234971788,40.6
2013-09-03,17:53:52,2.3,8.133256700303818,18.0
2013-09-03,17:58:52,1.5,10.466630723741318,7.7333333333333325
2013-09-03,18:03:52,1.8,15.533294677734375,11.4
2013-09-03,18:08:52,0.9333333333333332,15.199940999348957,7.866666666666666
2013-09-03,18:13:52,1.0666666666666669,9.799931844075521,33.13333333333333
2013-09-03,18:18:52,1.6,11.599934895833334,37.46666666666667
2013-09-03,18:23:52,0.8666666666666667,13.399937947591145,15.266666666666667
2013-09-03,18:28:52,0.7,8.799896240234375,7.2666666666666675
2013-09-03,18:33:52,1.9333333333333331,13.799964057074652,10.533333333333333
2013-09-03,18:38:52,1.2666666666666666,12.999928792317709,10.066666666666666
2013-09-03,18:43:52,0.9333333333333332,10.599950154622395,36.4
2013-09-03,18:48:52,1.2,11.399917602539062,26.4
2013-09-03,18:53:52,0.7666666666666667,10.199940999348959,18.53333333333333
2013-09-03,18:58:52,0.8666666666666667,9.133266872829859,4.8
2013-09-03,19:03:52,1.8666666666666665,16.799977620442707,10.266666666666667
2013-09-03,19:08:52,0.9333333333333332,13.599929809570312,6.333333333333332
2013-09-03,19:13:52,1.7333333333333334,11.133236355251734,43.4
2013-09-03,19:18:52,1.5,18.799947102864582,42.46666666666667
2013-09-03,19:23:52,0.7333333333333333,16.199951171875,10.666666666666666
2013-09-03,19:28:52,0.7333333333333333,10.799942016601562,1.8666666666666667
2013-09-03,19:33:52,1.7666666666666666,15.599924723307293,10.6
2013-09-03,19:38:52,1.3666666666666665,15.599950154622396,8.733333333333333
2013-09-03,19:43:52,0.8666666666666667,10.799942016601562,23.466666666666665
2013-09-03,19:48:52,1.6,9.799931844075521,37.0
2013-09-03,19:53:52,0.9666666666666668,9.999923706054688,21.133333333333333
2013-09-03,19:58:53,1.0333333333333332,10.399932861328125,4.066666666666666
2013-09-03,20:03:53,42.26666666666667,44.199956258138016,33.73333333333333
2013-09-03,20:08:53,1.6,48.19994608561198,11.133333333333333
2013-09-03,20:13:53,2.333333333333333,19.99994913736979,52.46666666666667
2013-09-03,20:18:53,2.2,12.399927775065105,43.6
2013-09-03,20:23:53,0.8,10.99993387858073,2.6666666666666665
2013-09-03,20:28:53,0.8666666666666667,8.599929809570312,2.0
2013-09-03,20:33:53,1.9,14.73328484429253,11.066666666666665
2013-09-03,20:38:53,1.4,13.999964396158854,7.066666666666666
2013-09-03,20:43:53,1.1333333333333333,10.99993387858073,44.53333333333333
2013-09-03,20:48:53,2.1333333333333333,9.199930826822916,37.8
2013-09-03,20:53:53,1.1333333333333333,10.999959309895834,2.8
2013-09-03,20:58:53,1.0,10.53323533799913,4.4
2013-09-03,21:03:53,33.23333333333333,16.39993455674913,12.333333333333336
2013-09-03,21:08:53,25.7,15.133251614040802,13.266666666666667
2013-09-03,21:13:53,2.5,11.133287217881943,61.93333333333333
2013-09-03,21:18:53,1.9,12.533306545681421,32.2
2013-09-03,21:23:53,0.7666666666666667,8.799921671549479,1.6666666666666667
2013-09-03,21:28:53,0.8333333333333333,9.333258734809027,1.8
2013-09-03,21:33:53,2.033333333333333,13.466610378689236,10.866666666666667
2013-09-03,21:38:53,0.8,13.466593424479168,5.933333333333334
2013-09-03,21:43:53,0.9,13.399954901801218,34.2
2013-09-03,21:48:53,1.4333333333333331,11.133287217881943,42.93333333333333
2013-09-03,21:53:53,2.3666666666666667,13.933275010850696,1.8
2013-09-03,21:58:53,1.8,22.133255004882812,4.133333333333334
2013-09-03,22:03:53,3.0,18.73328314887153,11.2
2013-09-03,22:08:53,3.1,21.333279079861107,9.0
2013-09-03,22:13:53,1.8333333333333333,12.266599867078991,53.0
2013-09-03,22:18:53,2.0,12.599936591254338,54.13333333333333
2013-09-03,22:23:53,0.9,11.466590033637152,14.866666666666667
2013-09-03,22:28:53,0.6,10.533252292209204,0.2
2013-09-03,22:33:54,1.7333333333333334,15.86661444769965,9.266666666666667
2013-09-03,22:38:54,1.0333333333333332,13.53329128689236,8.333333333333334
2013-09-03,22:43:54,0.7666666666666667,9.199939303927952,41.8
2013-09-03,22:48:54,1.6,10.46661376953125,57.66666666666666
2013-09-03,22:53:54,0.6333333333333333,11.266589694552952,0.26666666666666666
2013-09-03,22:58:54,0.9,9.466612074110243,3.333333333333333
2013-09-03,23:03:54,1.9333333333333331,15.666614108615448,8.8
2013-09-03,23:08:54,1.3,19.66662089029948,9.533333333333333
2013-09-03,23:13:54,1.2333333333333334,15.266613430447052,50.33333333333334
2013-09-03,23:18:54,1.5,13.133265177408854,47.8
2013-09-03,23:23:54,1.0357142857142856,10.214224315824962,20.0
2013-09-03,23:28:54,0.7333333333333333,12.93328179253472,0.2
2013-09-03,23:33:54,1.7,19.06664530436198,8.533333333333333
2013-09-03,23:38:54,1.2,16.93328857421875,8.666666666666666
2013-09-03,23:43:54,0.8666666666666667,12.266608344184029,44.13333333333333
2013-09-03,23:48:54,1.5,9.733267890082466,55.0
2013-09-03,23:53:54,0.7666666666666667,11.999952528211804,0.8
2013-09-03,23:58:54,0.9,13.599938286675348,3.333333333333333
2013-09-04,00:03:54,40.23333333333333,46.93326314290365,29.53333333333333
2013-09-04,00:08:54,1.3666666666666665,47.13325500488281,15.2
2013-09-04,00:13:54,1.2333333333333334,20.733269585503475,52.2
2013-09-04,00:18:54,2.0,13.399929470486107,64.46666666666667
2013-09-04,00:23:54,0.6333333333333333,10.266587999131943,0.4666666666666667
2013-09-04,00:28:54,0.6,7.466600206163193,0.2
2013-09-04,00:33:54,1.8333333333333333,14.06659444173177,9.6
2013-09-04,00:38:54,0.8,16.26659817165799,7.133333333333334
2013-09-04,00:43:54,1.0,11.733254326714409,49.0
2013-09-04,00:48:54,1.5666666666666669,9.399948120117188,53.66666666666666
2013-09-04,00:53:54,0.6666666666666667,13.333265516493057,0.2
2013-09-04,00:58:54,0.9666666666666668,10.799942016601562,3.6
2013-09-04,01:03:54,1.7,16.73326280381944,8.666666666666666
2013-09-04,01:08:54,1.1,15.999984741210938,10.333333333333334
2013-09-04,01:13:54,1.3,13.066601223415796,62.8
2013-09-04,01:18:54,1.7857142857142858,11.928531101771766,49.78571428571429
2013-09-04,01:23:54,0.7,11.133278740776912,0.3333333333333333
2013-09-04,01:28:54,0.5666666666666667,9.53329298231337,0.2
2013-09-04,01:33:54,4.866666666666667,19.733259412977425,100.0
2013-09-04,01:38:55,1.6,21.733254326714412,12.333333333333336
2013-09-04,01:43:55,1.1666666666666667,13.199937608506945,47.33333333333334
2013-09-04,01:48:55,1.4666666666666666,12.333263821072048,47.8
2013-09-04,01:53:55,0.6,11.733271280924479,0.2
2013-09-04,01:58:55,0.8666666666666667,8.999913533528646,3.0
2013-09-04,02:03:55,63.83333333333333,48.1332736545139,30.6
2013-09-04,02:08:55,72.35714285714283,47.99995422363281,24.83333333333333
2013-09-04,02:13:55,58.96666666666667,38.99993896484375,65.26666666666667
2013-09-04,02:18:55,1.7,19.19995625813802,59.26666666666666
2013-09-04,02:23:55,0.7666666666666667,13.99993896484375,1.2
2013-09-04,02:28:55,0.5,10.99993387858073,0.2
2013-09-04,02:33:55,1.4333333333333331,14.333241780598957,7.8
2013-09-04,02:38:56,0.9666666666666668,12.999928792317709,8.266666666666667
2013-09-04,02:43:56,0.8,11.666590372721354,35.8
2013-09-04,02:48:56,1.3666666666666665,9.999949137369791,49.33333333333334
2013-09-04,02:53:56,0.6,8.133265177408854,9.533333333333333
2013-09-04,02:58:56,0.7333333333333333,7.733239067925346,2.7333333333333334
2013-09-04,03:03:56,1.7666666666666666,15.53326076931424,8.866666666666667
2013-09-04,03:08:56,1.0,18.399988810221355,4.6
2013-09-04,03:13:56,1.0333333333333332,11.533270941840275,46.53333333333333
2013-09-04,03:18:56,1.6,11.466606987847221,39.86666666666667
2013-09-04,03:23:56,0.8571428571428571,10.428510393415179,42.42857142857143
2013-09-04,03:28:56,0.6,11.599909464518229,0.2
2013-09-04,03:33:56,1.7,17.066591050889755,9.2
2013-09-04,03:38:56,0.7333333333333333,15.599950154622396,4.333333333333333
2013-09-04,03:43:56,0.5357142857142857,11.14281245640346,26.142857142857146
2013-09-04,03:48:56,1.2333333333333334,8.733257717556421,38.4
2013-09-04,03:53:56,0.8,8.799947102864584,36.53333333333333
2013-09-04,03:58:56,0.7666666666666667,12.799919976128473,3.2666666666666666
2013-09-04,04:03:56,1.5666666666666669,16.73326280381944,8.533333333333333
2013-09-04,04:08:56,0.5,14.733267890082463,2.333333333333333
2013-09-04,04:13:56,0.8333333333333333,11.666615804036457,19.866666666666667
2013-09-04,04:18:56,1.1333333333333333,10.533277723524305,26.466666666666665
2013-09-04,04:23:56,0.8666666666666667,10.266579522026912,12.266666666666667
2013-09-04,04:28:56,0.6333333333333333,8.799947102864584,17.066666666666666
2013-09-04,04:33:56,1.7333333333333334,13.399946424696177,24.93333333333333
2013-09-04,04:38:56,0.7,13.533282809787325,12.266666666666667
2013-09-04,04:43:56,0.5,10.799942016601562,6.866666666666666
2013-09-04,04:48:56,1.0714285714285714,12.85709199451265,3.0
2013-09-04,04:53:56,0.6071428571428572,10.785656883603052,0.2857142857142857
2013-09-04,04:58:56,0.7666666666666667,9.399922688802082,3.0
2013-09-04,05:03:56,1.4642857142857142,14.999952770414806,9.142857142857142
2013-09-04,05:08:57,1.0,13.99993896484375,2.1333333333333333
2013-09-04,05:13:57,0.7857142857142857,11.714245024181551,16.285714285714285
2013-09-04,05:18:57,1.1428571428571432,11.499958946591333,18.571428571428573
2013-09-04,05:23:57,0.8333333333333333,10.799916585286457,7.7333333333333325
2013-09-04,05:28:57,0.5,6.799926757812501,7.666666666666668
2013-09-04,05:33:57,1.4666666666666666,15.133285522460938,15.6
2013-09-04,05:38:57,0.7333333333333333,14.133292304144964,4.4
2013-09-04,05:43:57,0.5333333333333333,11.999969482421875,2.7333333333333334
2013-09-04,05:48:57,1.0333333333333332,10.99993387858073,5.866666666666666
2013-09-04,05:53:57,0.6333333333333333,9.799931844075521,3.933333333333333
2013-09-04,05:58:57,0.7666666666666667,6.999944051106771,7.933333333333334
2013-09-04,06:03:57,1.4,12.599936591254338,8.733333333333333
2013-09-04,06:08:57,0.8,13.799921671549479,1.9333333333333331
2013-09-04,06:13:57,0.9666666666666668,10.199966430664062,19.466666666666665
2013-09-04,06:18:57,1.0666666666666669,10.599924723307291,12.466666666666667
2013-09-04,06:23:57,1.0,8.19994608561198,9.266666666666667
2013-09-04,06:28:57,0.5,8.599929809570312,6.066666666666666
2013-09-04,06:33:57,1.4666666666666666,15.199915568033854,12.8
2013-09-04,06:38:57,0.7666666666666667,10.799942016601562,7.533333333333332
2013-09-04,06:43:57,0.6,9.399922688802082,15.333333333333336
2013-09-04,06:48:57,1.1666666666666667,11.133304172092016,12.733333333333333
2013-09-04,06:53:57,0.6333333333333333,10.599950154622395,12.333333333333336
2013-09-04,06:58:57,0.6333333333333333,8.599955240885416,2.7333333333333334
2013-09-04,07:03:57,1.5,15.466588338216145,7.933333333333334
2013-09-04,07:08:57,1.2,14.599965413411459,5.066666666666666
2013-09-04,07:13:58,1.0,11.799952189127605,40.46666666666667
2013-09-04,07:18:58,1.1333333333333333,14.399922688802084,23.266666666666666
2013-09-04,07:23:58,0.8333333333333333,10.799916585286457,25.466666666666665
2013-09-04,07:28:58,0.7666666666666667,9.199930826822916,29.33333333333333
2013-09-04,07:33:58,1.6333333333333335,17.066599527994793,8.533333333333333
2013-09-04,07:38:58,0.8666666666666667,18.199920654296875,6.533333333333332
2013-09-04,07:43:58,0.5666666666666667,11.599934895833334,23.266666666666666
2013-09-04,07:48:58,0.9666666666666668,9.799931844075521,27.13333333333333
2013-09-04,07:53:58,0.8666666666666667,9.199930826822916,24.86666666666667
2013-09-04,07:58:58,0.9333333333333332,11.599934895833334,25.86666666666667
2013-09-04,08:03:58,40.63333333333333,50.73324415418837,28.86666666666667
2013-09-04,08:08:58,0.7333333333333333,41.799935234917534,7.466666666666668
2013-09-04,08:13:58,1.0333333333333332,17.866592407226562,49.0
2013-09-04,08:18:58,0.9666666666666668,12.199944390190971,25.8
2013-09-04,08:23:58,0.8333333333333333,10.799942016601562,30.86666666666667
2013-09-04,08:28:58,0.7666666666666667,11.5999264187283,15.2
2013-09-04,08:33:58,1.7333333333333334,17.199969821506077,8.733333333333333
2013-09-04,08:38:58,0.7666666666666667,14.2665778266059,8.333333333333334
2013-09-04,08:43:58,0.5666666666666667,11.399943033854166,21.466666666666665
2013-09-04,08:48:58,1.2333333333333334,8.533265855577255,32.06666666666667
2013-09-04,08:53:58,0.7333333333333333,11.733262803819443,27.93333333333333
2013-09-04,08:58:58,0.8333333333333333,9.2665778266059,18.933333333333334
2013-09-04,09:03:58,36.16666666666666,13.199920654296873,10.2
2013-09-04,09:08:58,1.8333333333333333,15.799933539496532,7.4
2013-09-04,09:13:58,1.0,13.733257717556423,34.46666666666667
2013-09-04,09:18:58,1.2,13.799913194444443,20.2
2013-09-04,09:23:58,0.9,11.733262803819443,20.933333333333334
2013-09-04,09:28:58,0.6,10.7999759250217,16.866666666666667
2013-09-04,09:33:58,3.033333333333333,42.93329026963976,23.466666666666665
2013-09-04,09:38:58,0.6333333333333333,26.466623942057293,13.066666666666665
2013-09-04,09:43:58,0.5666666666666667,12.999937269422745,3.066666666666667
2013-09-04,09:48:58,1.0333333333333332,11.99994405110677,2.7333333333333334
2013-09-04,09:53:58,0.4666666666666666,9.79994879828559,0.2
2013-09-04,09:58:58,0.8666666666666667,6.799909803602429,4.6
2013-09-04,10:03:58,1.5333333333333334,12.199961344401041,9.4
2013-09-04,10:08:58,0.7666666666666667,12.933264838324652,3.2666666666666666
2013-09-04,10:13:58,1.0666666666666669,13.333282470703125,31.66666666666667
2013-09-04,10:18:58,1.0333333333333332,11.333253648546005,8.866666666666667
2013-09-04,10:23:58,1.0,9.799923366970486,12.4
2013-09-04,10:28:58,0.5666666666666667,9.199947781032984,6.066666666666666
2013-09-04,10:33:58,1.7,13.399929470486107,15.666666666666664
2013-09-04,10:38:58,0.7333333333333333,11.666615804036457,8.266666666666667
2013-09-04,10:43:58,0.5666666666666667,8.733257717556421,6.6
2013-09-04,10:48:58,1.1,11.333253648546005,10.466666666666667
2013-09-04,10:53:58,1.1666666666666667,11.066623263888888,13.333333333333336
2013-09-04,10:58:58,0.8333333333333333,9.199939303927952,9.4
2013-09-04,11:03:58,1.5666666666666669,12.99996270073785,8.8
2013-09-04,11:08:58,1.2,14.53326755099826,6.6
2013-09-04,11:13:58,1.2666666666666666,13.8665771484375,25.73333333333333
2013-09-04,11:18:59,1.4333333333333331,14.7332763671875,17.866666666666667
2013-09-04,11:23:59,0.6666666666666667,11.799918280707463,7.2
2013-09-04,11:28:59,0.7,8.733266194661459,11.733333333333333
2013-09-04,11:33:59,1.7,12.266599867078991,16.733333333333334
2013-09-04,11:38:59,0.9666666666666668,11.799935234917532,9.666666666666666
2013-09-04,11:43:59,0.7,11.866616143120662,19.6
2013-09-04,11:48:59,1.1333333333333333,13.799947102864582,17.333333333333332
2013-09-04,11:53:59,0.8,11.266615125868055,2.8666666666666667
2013-09-04,11:58:59,0.8,11.733279758029514,3.333333333333333
2013-09-04,12:03:59,59.4,44.06661139594184,12.4
2013-09-04,12:08:59,23.166666666666664,48.46663581000434,28.33333333333333
2013-09-04,12:13:59,1.1333333333333333,21.9999525282118,33.333333333333336
2013-09-04,12:18:59,1.4333333333333331,12.599936591254338,20.266666666666666
2013-09-04,12:23:59,0.8333333333333333,9.266586303710938,21.53333333333333
2013-09-04,12:28:59,15.666666666666668,13.599929809570312,23.2
2013-09-04,12:33:59,2.666666666666667,18.599929809570312,27.73333333333333
2013-09-04,12:38:59,0.5666666666666667,10.599924723307291,10.466666666666667
2013-09-04,12:43:59,0.5666666666666667,8.599929809570312,1.8666666666666667
2013-09-04,12:48:59,1.0333333333333332,8.599929809570312,3.6
2013-09-04,12:53:59,0.6333333333333333,9.33328416612413,1.2
2013-09-04,12:58:59,0.9333333333333332,10.399932861328125,6.4
2013-09-04,13:03:59,1.9333333333333331,12.333272298177084,15.0
2013-09-04,13:09:00,0.8333333333333333,11.7999267578125,8.266666666666667
2013-09-04,13:14:00,1.6333333333333335,12.399927775065105,34.73333333333333
2013-09-04,13:19:00,1.4333333333333331,12.799936930338543,30.8
2013-09-04,13:24:00,1.1333333333333333,9.199930826822916,34.333333333333336
2013-09-04,13:29:00,0.7666666666666667,8.599929809570312,26.53333333333333
2013-09-04,13:34:00,1.8333333333333333,12.399927775065105,10.866666666666667
2013-09-04,13:39:00,0.8666666666666667,9.999923706054688,8.066666666666666
2013-09-04,13:44:00,0.8,10.599924723307291,28.8
2013-09-04,13:49:00,1.4333333333333331,8.799921671549479,36.266666666666666
2013-09-04,13:54:00,0.8333333333333333,7.799936930338541,38.66666666666666
2013-09-04,13:59:00,1.0333333333333332,8.46658494737413,6.466666666666668
2013-09-04,14:04:00,2.5,12.79991149902344,16.133333333333333
2013-09-04,14:09:00,1.2,13.599929809570312,12.533333333333333
2013-09-04,14:14:00,3.566666666666667,11.599934895833334,45.46666666666667
2013-09-04,14:19:00,2.033333333333333,14.399922688802084,45.73333333333333
2013-09-04,14:24:00,1.0666666666666669,9.799931844075521,41.333333333333336
2013-09-04,14:29:00,0.8,9.999923706054688,2.0
2013-09-04,14:34:00,1.9,10.399932861328125,10.333333333333334
2013-09-04,14:39:00,1.2666666666666666,10.99993387858073,10.0
2013-09-04,14:44:00,1.3666666666666665,11.399917602539062,40.06666666666667
2013-09-04,14:49:00,2.3666666666666667,10.599933200412327,40.53333333333333
2013-09-04,14:54:00,2.3666666666666667,13.399937947591145,31.13333333333333
2013-09-04,14:59:00,0.9666666666666668,8.799896240234375,4.266666666666667
2013-09-04,15:04:00,1.9333333333333331,11.99994405110677,11.266666666666667
2013-09-04,15:09:00,5.4,31.533270941840268,10.733333333333333
2013-09-04,15:14:00,1.4,27.59994506835937,51.06666666666667
2013-09-04,15:19:00,1.9333333333333331,17.999954223632812,40.86666666666667
2013-09-04,15:24:01,0.9,12.999954223632812,34.2
2013-09-04,15:29:01,0.6666666666666667,9.599939982096355,0.6666666666666666
2013-09-04,15:34:01,2.0,15.133285522460938,10.6
2013-09-04,15:39:01,0.6666666666666667,13.99993896484375,9.666666666666666
2013-09-04,15:44:01,0.8333333333333333,12.599945068359375,27.066666666666666
2013-09-04,15:49:01,1.3666666666666665,11.999952528211804,33.2
2013-09-04,15:54:01,1.6875,7.999928792317708,39.285714285714285
2013-09-04,15:59:01,1.1666666666666667,10.466605292426214,15.0
2013-09-04,16:04:01,41.06666666666667,47.73326449924046,32.333333333333336
2013-09-04,16:09:01,2.0,46.73328823513454,11.666666666666664
2013-09-04,16:14:01,1.6666666666666663,20.199957953559025,56.93333333333333
2013-09-04,16:19:01,1.7,13.466601901584205,39.46666666666667
2013-09-04,16:24:01,1.4666666666666666,13.133265177408854,34.4
2013-09-04,16:29:01,0.7333333333333333,9.133275349934895,1.6666666666666667
2013-09-04,16:34:01,1.8666666666666665,15.666614108615448,11.0
2013-09-04,16:39:01,0.9333333333333332,13.399929470486107,10.4
2013-09-04,16:44:01,0.8,12.599945068359375,35.266666666666666
2013-09-04,16:49:01,1.3666666666666665,9.466578165690104,41.86666666666667
2013-09-04,16:54:01,1.0,10.733252631293402,27.8
2013-09-04,16:59:01,0.9666666666666668,9.466612074110243,3.466666666666667
2013-09-04,17:04:01,1.8,14.999949137369791,31.66666666666667
2013-09-04,17:09:01,1.1333333333333333,16.199959648980037,10.6
2013-09-04,17:14:01,1.4,13.799947102864582,42.13333333333333
2013-09-04,17:19:01,1.7,15.466622246636282,23.0
2013-09-04,17:24:02,1.0333333333333332,14.066619873046873,34.0
2013-09-04,17:29:02,1.0333333333333332,10.266579522026912,20.933333333333334
2013-09-04,17:34:02,2.3666666666666667,16.199917263454857,20.8
2013-09-04,17:39:02,0.8,13.66661071777344,11.666666666666664
2013-09-04,17:44:02,0.9333333333333332,9.266603257921007,33.86666666666667
2013-09-04,17:49:02,1.4,9.933302137586807,42.46666666666667
2013-09-04,17:54:02,0.7666666666666667,9.933293660481771,28.73333333333333
2013-09-04,17:59:02,1.0,8.066575792100693,5.866666666666666
2013-09-04,18:04:02,44.0,14.93325975206163,19.733333333333334
2013-09-04,18:09:02,38.36666666666667,18.79993014865451,17.266666666666666
2013-09-04,18:14:01,7.433333333333334,15.99993387858073,46.13333333333333
2013-09-04,18:19:01,1.8,15.399958292643229,39.8
2013-09-04,18:24:01,1.1666666666666667,11.799901326497396,36.13333333333333
2013-09-04,18:29:01,7.2666666666666675,16.533270941840275,13.733333333333333
2013-09-04,18:34:01,6.066666666666666,17.399927775065105,11.6
2013-09-04,18:39:01,8.533333333333333,19.199981689453125,14.6
2013-09-04,18:44:01,5.333333333333334,14.399948120117188,39.266666666666666
2013-09-04,18:49:01,5.8,13.999913533528646,39.86666666666667
2013-09-04,18:54:01,4.766666666666667,15.199915568033854,32.46666666666667
2013-09-04,18:59:01,5.5,12.599945068359375,5.866666666666666
2013-09-04,19:04:01,5.533333333333334,13.599955240885416,12.8
2013-09-04,19:09:01,4.966666666666667,19.399948120117188,9.733333333333333
2013-09-04,19:14:01,1.8666666666666665,24.59991455078125,51.4
2013-09-04,19:19:02,2.0,16.999944051106773,43.06666666666667
2013-09-04,19:24:02,1.3,14.599939982096355,37.6
2013-09-04,19:29:02,1.0,10.933278401692709,1.5333333333333334
2013-09-04,19:34:02,2.2666666666666666,21.066597832573784,12.266666666666667
2013-09-04,19:39:02,2.2666666666666666,18.599929809570312,10.6
2013-09-04,19:44:02,1.9666666666666663,12.599945068359375,36.86666666666667
2013-09-04,19:49:02,1.7333333333333334,10.199924045138888,49.66666666666666
2013-09-04,19:54:02,5.9,17.866617838541664,25.86666666666667
2013-09-04,19:59:02,4.3,15.066604614257814,6.2
2013-09-04,20:04:02,40.9,48.33325703938802,32.0
2013-09-04,20:09:02,4.966666666666667,48.4666019015842,11.8
2013-09-04,20:14:02,4.366666666666667,21.066623263888886,62.2
2013-09-04,20:19:02,4.9,16.866607666015625,56.06666666666667
2013-09-04,20:24:02,4.0,15.333268907335073,17.733333333333334
2013-09-04,20:29:02,3.541666666666667,15.416622161865234,3.083333333333333
2013-09-04,20:34:02,4.466666666666667,16.199951171875,9.933333333333334
2013-09-04,20:39:02,3.766666666666667,14.666578504774307,11.533333333333333
2013-09-04,20:44:02,3.666666666666667,13.599929809570312,45.6
2013-09-04,20:49:02,4.366666666666667,12.399953206380209,49.26666666666666
2013-09-04,20:54:02,3.533333333333333,11.666590372721354,11.933333333333335
2013-09-04,20:59:02,3.733333333333333,12.999928792317709,4.2
2013-09-04,21:04:02,4.566666666666666,14.933268229166666,10.6
2013-09-04,21:09:02,3.833333333333333,13.399937947591145,13.133333333333333
2013-09-04,21:14:02,4.566666666666666,12.999928792317709,65.53333333333333
2013-09-04,21:19:02,5.2,15.599950154622396,54.06666666666667
2013-09-04,21:24:02,3.8,13.99993896484375,13.4
2013-09-04,21:29:02,3.633333333333333,10.799916585286457,0.8
2013-09-04,21:34:02,4.8,14.999906751844613,11.0
2013-09-04,21:39:02,3.7,13.799921671549479,13.2
2013-09-04,21:44:03,3.7,12.199935913085938,43.46666666666667
2013-09-04,21:49:03,4.433333333333334,13.399937947591145,45.06666666666667
2013-09-04,21:54:03,4.4,11.799901326497396,18.066666666666666
2013-09-04,21:59:03,6.2333333333333325,9.59991455078125,4.8
2013-09-04,22:04:03,5.6,13.99993896484375,11.4
2013-09-04,22:09:03,3.733333333333333,13.599980672200521,11.4
2013-09-04,22:14:03,4.233333333333333,13.599955240885416,67.73333333333333
2013-09-04,22:19:03,4.7,14.79993184407552,56.0
2013-09-04,22:24:03,3.633333333333333,14.399922688802084,25.13333333333333
2013-09-04,22:29:03,3.566666666666667,13.19994608561198,0.26666666666666666
2013-09-04,22:34:03,4.9,16.999944051106773,10.466666666666667
2013-09-04,22:39:03,3.6,13.999913533528646,12.8
2013-09-04,22:44:03,3.533333333333333,11.999918619791666,45.6
2013-09-04,22:49:03,4.2,12.199935913085938,53.2
2013-09-04,22:54:03,3.566666666666667,13.133256700303816,21.266666666666666
2013-09-04,22:59:03,3.7,14.33326721191406,2.933333333333333
2013-09-04,23:04:03,4.4,15.733261108398436,9.333333333333334
2013-09-04,23:09:03,3.766666666666667,15.533294677734375,15.0
2013-09-04,23:14:03,4.233333333333333,12.466591729058159,69.2
2013-09-04,23:19:03,4.233333333333333,15.533286200629345,53.73333333333333
2013-09-04,23:24:03,3.8,12.466600206163193,20.8
2013-09-04,23:29:03,3.8,9.53325907389323,2.0
2013-09-04,23:34:03,4.466666666666667,15.53326076931424,9.0
2013-09-04,23:39:03,3.8666666666666663,12.733264499240448,12.6
2013-09-04,23:44:03,3.7142857142857135,14.214225042433966,49.42857142857143
2013-09-04,23:49:03,4.333333333333333,14.333241780598957,56.4
2013-09-04,23:54:03,3.6,10.666580200195312,22.466666666666665
2013-09-04,23:59:03,3.766666666666667,12.79991149902344,2.933333333333333
2013-09-05,00:04:03,61.7,42.93325636121961,10.8
2013-09-05,00:09:03,25.0,50.13328552246094,34.4
2013-09-05,00:14:04,4.333333333333333,23.13327365451389,70.93333333333334
2013-09-05,00:19:04,4.566666666666666,16.533262464735245,63.73333333333333
2013-09-05,00:24:04,3.666666666666667,15.73327806260851,13.8
2013-09-05,00:29:04,3.633333333333333,11.666598849826391,0.4
2013-09-05,00:34:04,2.333333333333333,16.13329569498698,9.733333333333333
2013-09-05,00:39:04,1.0333333333333332,12.733256022135416,13.8
2013-09-05,00:44:04,1.2,12.466591729058159,41.66666666666666
2013-09-05,00:49:04,1.9333333333333331,11.066597832573784,62.0
2013-09-05,00:54:04,1.0,9.133258395724829,14.266666666666667
2013-09-05,00:59:04,1.0666666666666669,7.86660936143663,2.8
2013-09-05,01:04:04,1.8666666666666665,16.19993421766493,9.333333333333334
2013-09-05,01:09:04,1.1333333333333333,15.999942355685768,13.866666666666667
2013-09-05,01:14:04,1.7,11.99994405110677,68.86666666666666
2013-09-05,01:19:04,2.2,13.199937608506945,57.66666666666666
2013-09-05,01:24:04,1.4,11.86663309733073,18.933333333333334
2013-09-05,01:29:04,1.0,10.333251953125,0.2
2013-09-05,01:34:04,5.066666666666666,15.59991624620226,100.0
2013-09-05,01:39:04,1.7,15.73326958550347,8.666666666666666
2013-09-05,01:44:04,1.1666666666666667,10.066596137152777,46.0
2013-09-05,01:49:04,1.9,13.999964396158854,61.26666666666666
2013-09-05,01:54:04,1.0,11.933263142903645,16.133333333333333
2013-09-05,01:59:04,1.0333333333333332,8.933275010850693,2.6666666666666665
2013-09-05,02:04:04,40.4,52.3999277750651,28.466666666666665
2013-09-05,02:09:04,1.3666666666666665,44.46661207411025,9.266666666666667
2013-09-05,02:14:04,1.7333333333333334,19.066628350151912,77.46666666666667
2013-09-05,02:19:04,1.8333333333333333,15.93328687879774,65.93333333333334
2013-09-05,02:24:05,1.4666666666666666,11.999927096896702,5.7333333333333325
2013-09-05,02:29:05,0.9666666666666668,12.666600545247395,0.2
2013-09-05,02:34:05,1.8666666666666665,13.06661817762587,8.266666666666667
2013-09-05,02:39:05,1.2,14.399948120117188,13.466666666666667
2013-09-05,02:44:05,1.1,11.399943033854166,42.333333333333336
2013-09-05,02:49:05,1.8333333333333333,11.999969482421875,44.73333333333333
2013-09-05,02:54:05,1.0,8.599904378255207,32.2
2013-09-05,02:59:05,1.0333333333333332,10.99993387858073,2.533333333333333
2013-09-05,03:04:05,1.7333333333333334,16.3999515109592,8.333333333333334
2013-09-05,03:09:05,1.2,14.599965413411459,8.666666666666666
2013-09-05,03:14:05,1.5333333333333334,12.799936930338543,52.4
2013-09-05,03:19:05,2.2666666666666666,11.399943033854166,48.73333333333333
2013-09-05,03:24:05,1.2333333333333334,12.199935913085938,49.46666666666667
2013-09-05,03:29:05,0.8666666666666667,10.799942016601562,0.3333333333333333
2013-09-05,03:34:05,2.033333333333333,15.599924723307293,9.2
2013-09-05,03:39:05,1.0333333333333332,12.999928792317709,8.8
2013-09-05,03:44:05,1.1333333333333333,11.199925740559896,31.8
2013-09-05,03:49:05,1.8666666666666665,11.99994405110677,33.73333333333333
2013-09-05,03:54:05,1.0,12.599945068359375,23.6
2013-09-05,03:59:05,1.2666666666666666,10.399932861328125,30.13333333333333
2013-09-05,04:04:05,1.8,12.866609361436629,14.933333333333335
2013-09-05,04:09:05,1.1333333333333333,11.99994405110677,8.0
2013-09-05,04:14:05,1.5,10.999908447265625,51.2
2013-09-05,04:19:05,1.6333333333333335,14.399948120117188,33.53333333333333
2013-09-05,04:24:05,1.4666666666666666,10.799916585286457,29.466666666666665
2013-09-05,04:29:05,1.2666666666666666,8.99993896484375,21.33333333333333
2013-09-05,04:34:05,2.0,14.999966091579864,21.73333333333333
2013-09-05,04:39:05,0.9666666666666668,15.999959309895834,3.733333333333333
2013-09-05,04:44:05,0.8666666666666667,11.599934895833334,21.466666666666665
2013-09-05,04:49:05,1.5666666666666669,12.799936930338543,14.733333333333333
2013-09-05,04:54:05,1.0666666666666669,9.599939982096355,23.4
2013-09-05,04:59:05,1.0666666666666669,8.599929809570312,22.73333333333333
2013-09-05,05:04:05,1.8666666666666665,13.866611056857636,16.466666666666665
2013-09-05,05:09:05,0.9333333333333332,13.799972534179686,6.2
2013-09-05,05:14:05,1.2333333333333334,9.799906412760418,28.066666666666666
2013-09-05,05:19:05,1.4333333333333331,12.399978637695312,19.266666666666666
2013-09-05,05:24:05,1.5,9.799931844075521,3.066666666666667
2013-09-05,05:29:05,0.8666666666666667,8.599929809570312,0.2
2013-09-05,05:34:05,2.1333333333333333,17.99998813205295,9.066666666666666
2013-09-05,05:39:05,1.1,15.599950154622396,3.2666666666666666
2013-09-05,05:44:05,0.9,10.599924723307291,21.53333333333333
2013-09-05,05:49:05,1.7333333333333334,11.399943033854166,25.66666666666667
2013-09-05,05:54:05,1.0333333333333332,11.799952189127605,25.8
2013-09-05,05:59:05,1.2666666666666666,9.399948120117188,35.93333333333333
2013-09-05,06:04:05,1.8666666666666665,13.799947102864582,27.73333333333333
2013-09-05,06:09:05,1.2,13.199920654296873,7.866666666666666
2013-09-05,06:14:05,1.2666666666666666,12.199910481770832,34.13333333333333
2013-09-05,06:19:05,1.5,11.399943033854166,37.6
2013-09-05,06:24:05,1.5,12.066591050889757,36.46666666666667
2013-09-05,06:29:05,1.3333333333333337,8.533265855577255,32.06666666666667
2013-09-05,06:34:06,2.033333333333333,15.999967787000871,16.8
2013-09-05,06:39:06,1.2,13.06658426920573,12.733333333333333
2013-09-05,06:44:06,1.1,12.46661716037326,31.8
2013-09-05,06:49:06,1.7666666666666666,11.266606648763021,45.93333333333333
2013-09-05,06:54:06,1.1,9.9332767062717,42.86666666666667
2013-09-05,06:59:06,1.0666666666666669,9.133292304144963,2.8
2013-09-05,07:04:06,1.6666666666666663,14.066628350151907,8.2
2013-09-05,07:09:06,1.1333333333333333,13.666585286458332,7.7333333333333325
2013-09-05,07:14:06,1.2333333333333334,12.333255343967016,39.13333333333333
2013-09-05,07:19:06,1.7,10.33328586154514,36.13333333333333
2013-09-05,07:24:06,1.5666666666666669,9.599939982096355,32.0
2013-09-05,07:29:06,1.2,8.866602579752604,31.73333333333333
2013-09-05,07:34:06,2.0666666666666664,13.333240085177952,22.4
2013-09-05,07:39:06,1.0,11.799935234917532,9.266666666666667
2013-09-05,07:44:06,1.2333333333333334,15.466622246636282,37.53333333333333
2013-09-05,07:49:06,1.7666666666666666,10.933278401692709,46.93333333333333
2013-09-05,07:54:06,1.2,7.39993625217014,39.46666666666667
2013-09-05,07:59:06,1.1,12.266608344184029,2.6666666666666665
2013-09-05,08:04:06,40.3,50.73326958550348,30.33333333333333
2013-09-05,08:09:06,1.1666666666666667,42.93329874674479,8.866666666666667
2013-09-05,08:14:06,1.5,18.666576809353298,45.2
2013-09-05,08:19:06,2.033333333333333,15.733252631293402,51.8
2013-09-05,08:24:06,1.4333333333333331,10.866597493489582,38.93333333333333
2013-09-05,08:29:07,1.1666666666666667,9.133241441514755,15.0
2013-09-05,08:34:07,2.333333333333333,14.733293321397568,10.066666666666666
2013-09-05,08:39:07,0.9666666666666668,11.399943033854166,9.0
2013-09-05,08:44:07,1.0666666666666669,8.999930487738713,30.4
2013-09-05,08:49:07,1.7666666666666666,11.133236355251734,42.06666666666667
2013-09-05,08:54:07,1.0,10.1332770453559,32.46666666666667
2013-09-05,08:59:07,1.1666666666666667,12.266591389973957,22.266666666666666
2013-09-05,09:04:07,1.8666666666666665,15.466571384006073,11.2
2013-09-05,09:09:07,1.0333333333333332,13.399929470486107,6.066666666666666
2013-09-05,09:14:07,1.6,10.866605970594618,41.6
2013-09-05,09:19:07,1.5,11.799918280707463,30.4
2013-09-05,09:24:07,1.5666666666666669,8.933266533745659,25.13333333333333
2013-09-05,09:29:07,1.1,8.533282809787325,22.4
2013-09-05,09:34:07,2.333333333333333,17.19997829861111,30.4
2013-09-05,09:39:07,1.2333333333333334,15.799942016601562,14.666666666666664
2013-09-05,09:44:07,0.7333333333333333,12.799953884548609,0.6
2013-09-05,09:49:07,1.5333333333333334,12.733239067925348,4.8
2013-09-05,09:54:07,0.8666666666666667,12.79991149902344,0.26666666666666666
2013-09-05,09:59:07,1.0333333333333332,8.533248901367188,4.733333333333333
2013-09-05,10:04:07,1.7333333333333334,13.333282470703125,9.6
2013-09-05,10:09:07,1.2,11.39993455674913,6.133333333333334
2013-09-05,10:14:07,1.3333333333333337,10.533277723524305,30.93333333333333
2013-09-05,10:19:07,1.6333333333333335,12.199910481770832,33.266666666666666
2013-09-05,10:24:07,1.4666666666666666,10.333251953125,26.53333333333333
2013-09-05,10:29:07,1.1666666666666667,10.866605970594618,26.466666666666665
2013-09-05,10:34:07,2.033333333333333,13.466618855794271,30.86666666666667
2013-09-05,10:39:07,1.4666666666666666,12.133246527777779,20.8
2013-09-05,10:44:07,0.7666666666666667,10.933269924587673,12.133333333333333
2013-09-05,10:49:07,1.4666666666666666,8.13323974609375,19.53333333333333
2013-09-05,10:54:07,0.9666666666666668,7.999954223632812,16.0
2013-09-05,10:59:07,3.066666666666667,10.79995897081163,29.4
2013-09-05,11:04:07,4.866666666666667,14.866604275173614,20.866666666666667
2013-09-05,11:09:07,4.233333333333333,9.199930826822916,7.0
2013-09-05,11:14:08,4.4,10.733252631293402,27.93333333333333
2013-09-05,11:19:08,4.833333333333333,12.066608005099829,20.6
2013-09-05,11:24:08,4.2,10.733269585503475,8.666666666666666
2013-09-05,11:29:08,3.8666666666666663,12.733272976345486,0.4
2013-09-05,11:34:08,5.0,11.13324483235677,9.533333333333333
2013-09-05,11:39:08,3.833333333333333,11.733262803819443,9.0
2013-09-05,11:44:08,3.6,11.399943033854166,16.866666666666667
2013-09-05,11:49:08,4.533333333333333,11.799935234917532,10.666666666666666
2013-09-05,11:54:08,3.8666666666666663,11.066614786783854,6.333333333333332
2013-09-05,11:59:08,4.066666666666666,10.999942355685764,9.666666666666666
2013-09-05,12:04:08,63.3,37.86659240722656,22.6
2013-09-05,12:09:08,26.9,55.59992472330729,31.8
2013-09-05,12:14:08,1.5333333333333334,26.399943033854168,34.93333333333333
2013-09-05,12:19:08,1.6666666666666663,16.399943033854168,24.066666666666666
2013-09-05,12:24:07,1.1,12.999928792317709,19.6
2013-09-05,12:29:07,0.7666666666666667,11.599934895833334,4.466666666666667
2013-09-05,12:34:07,2.6333333333333333,11.99994405110677,11.133333333333333
2013-09-05,12:39:07,0.9333333333333332,15.199940999348957,8.2
2013-09-05,12:44:07,0.8,12.799936930338543,12.133333333333333
2013-09-05,12:49:07,1.2,10.99993387858073,15.8
2013-09-05,12:54:07,0.6333333333333333,9.199930826822916,12.866666666666667
2013-09-05,12:59:07,2.733333333333333,8.399937947591146,21.0
2013-09-05,13:04:07,4.9,13.599955240885416,31.66666666666667
2013-09-05,13:09:07,3.833333333333333,11.399917602539062,24.066666666666666
2013-09-05,13:14:07,3.6,11.99994405110677,42.8
2013-09-05,13:19:07,4.233333333333333,15.799967447916666,9.266666666666667
2013-09-05,13:24:08,6.5,16.999944051106773,9.866666666666667
2013-09-05,13:29:08,6.7,18.999964396158852,9.266666666666667
2013-09-05,13:34:08,3.033333333333333,18.599929809570312,13.2
2013-09-05,13:39:08,1.2666666666666666,14.999949137369791,11.466666666666667
2013-09-05,13:44:08,1.4333333333333331,12.79991149902344,29.466666666666665
2013-09-05,13:49:08,1.4,10.99993387858073,36.86666666666667
2013-09-05,13:54:08,1.1666666666666667,11.5999264187283,43.66666666666666
2013-09-05,13:59:08,0.9,12.799962361653646,24.66666666666667
2013-09-05,14:04:08,1.8666666666666665,13.199937608506945,10.333333333333334
2013-09-05,14:09:08,0.9333333333333332,15.5999755859375,10.466666666666667
2013-09-05,14:14:08,1.3666666666666665,13.799947102864582,42.86666666666667
2013-09-05,14:19:08,1.8,13.99993896484375,43.4
2013-09-05,14:24:08,0.9333333333333332,11.599909464518229,39.73333333333333
2013-09-05,14:29:08,0.8,7.66659206814236,29.066666666666666
2013-09-05,14:34:08,1.7333333333333334,14.666603936089412,11.266666666666667
2013-09-05,14:39:08,0.9666666666666668,10.99993387858073,10.866666666666667
2013-09-05,14:44:08,0.8,10.999908447265625,31.86666666666667
2013-09-05,14:49:08,1.5333333333333334,10.799942016601562,42.8
2013-09-05,14:54:08,1.0333333333333332,10.399932861328125,52.53333333333333
2013-09-05,14:59:08,0.8,8.599929809570312,3.333333333333333
2013-09-05,15:04:08,14.533333333333333,11.133287217881943,10.4
2013-09-05,15:09:08,14.9,30.066604614257812,10.933333333333335
2013-09-05,15:14:08,1.6666666666666663,24.79994032118055,51.93333333333333
2013-09-05,15:19:08,1.8666666666666665,13.866602579752604,46.0
2013-09-05,15:24:08,0.9666666666666668,9.666578504774305,42.86666666666667
2013-09-05,15:29:09,1.0333333333333332,9.733250935872395,18.4
2013-09-05,15:34:09,2.2333333333333334,15.599907769097223,15.266666666666667
2013-09-05,15:39:09,2.033333333333333,10.333251953125,21.66666666666667
2013-09-05,15:44:09,1.1333333333333333,11.866624620225693,36.8
2013-09-05,15:49:09,2.5,11.533253987630209,38.53333333333333
2013-09-05,15:54:09,1.8333333333333333,10.666622585720486,34.666666666666664
2013-09-05,15:59:09,1.3,8.133265177408854,37.13333333333333
2013-09-05,16:04:09,43.3,47.86660936143662,38.333333333333336
2013-09-05,16:09:09,1.5666666666666669,46.266589694552955,12.733333333333333
2013-09-05,16:14:09,1.0666666666666669,17.666617499457463,18.2
2013-09-05,16:19:09,2.1,12.39993625217014,31.93333333333333
2013-09-05,16:24:09,4.9,17.799970838758675,25.0
2013-09-05,16:29:09,4.5,12.13327195909288,51.66666666666666
2013-09-05,16:34:09,5.466666666666666,13.266593085394964,28.33333333333333
2013-09-05,16:39:09,4.533333333333333,11.133270263671875,19.866666666666667
2013-09-05,16:44:09,3.833333333333333,13.399929470486107,18.866666666666667
2013-09-05,16:49:09,6.0,24.866629706488716,30.73333333333333
2013-09-05,16:54:09,3.566666666666667,15.399949815538191,28.466666666666665
2013-09-05,16:59:09,4.833333333333333,15.733286539713543,42.73333333333333
2013-09-05,17:04:09,4.933333333333334,18.19997999403212,21.33333333333333
2013-09-05,17:09:09,4.466666666666667,15.19994947645399,9.2
2013-09-05,17:14:09,3.933333333333333,13.066609700520834,49.4
2013-09-05,17:19:09,4.333333333333333,14.399922688802084,35.333333333333336
2013-09-05,17:24:09,5.466666666666666,18.46661885579427,36.0
2013-09-05,17:29:09,5.7333333333333325,14.666620890299479,39.13333333333333
2013-09-05,17:34:09,6.566666666666666,19.066636827256943,13.733333333333333
2013-09-05,17:39:09,5.666666666666666,16.666632758246532,12.533333333333333
2013-09-05,17:44:09,4.466666666666667,15.866589016384546,38.86666666666667
2013-09-05,17:49:09,4.866666666666667,11.866599188910591,43.2
2013-09-05,17:54:09,4.233333333333333,10.999925401475693,46.53333333333333
2013-09-05,17:59:09,4.9,12.066591050889757,4.066666666666666
2013-09-05,18:04:09,12.133333333333333,17.19994439019097,13.466666666666667
2013-09-05,18:09:09,21.433333333333334,17.466608683268227,21.86666666666667
2013-09-05,18:14:10,12.033333333333333,19.399931165907123,57.26666666666666
2013-09-05,18:19:10,15.933333333333332,23.533299763997395,54.0
2013-09-05,18:24:10,8.033333333333333,19.133283827039936,40.86666666666667
2013-09-05,18:29:10,4.533333333333333,12.999945746527777,16.4
2013-09-05,18:34:10,6.066666666666666,14.866587320963543,10.8
2013-09-05,18:39:10,6.333333333333334,17.199935913085938,17.2
2013-09-05,18:44:10,4.233333333333333,18.466627332899307,40.06666666666667
2013-09-05,18:49:10,4.833333333333333,13.13327365451389,52.93333333333333
2013-09-05,18:54:10,4.333333333333333,11.199951171875,34.46666666666667
2013-09-05,18:59:10,4.9,12.733264499240448,4.6
2013-09-05,19:04:10,7.433333333333334,18.266618516710068,12.866666666666667
2013-09-05,19:09:10,6.1,17.733264499240452,13.733333333333333
2013-09-05,19:14:10,7.2666666666666675,18.9332750108507,75.66666666666667
2013-09-05,19:19:10,6.033333333333334,17.333297729492188,54.86666666666667
2013-09-05,19:24:10,4.333333333333333,16.066597832573787,38.2
2013-09-05,19:29:10,4.733333333333333,11.799952189127605,0.4
2013-09-05,19:34:10,6.8,16.599926418728298,12.133333333333333
2013-09-05,19:39:10,5.966666666666666,15.666580200195312,13.266666666666667
2013-09-05,19:44:10,4.233333333333333,14.399939643012157,37.6
2013-09-05,19:49:10,4.866666666666667,12.533272637261286,39.86666666666667
2013-09-05,19:54:10,4.066666666666666,14.799948798285593,48.73333333333333
2013-09-05,19:59:10,5.0,12.533255683051218,6.666666666666668
2013-09-05,20:04:10,43.73333333333333,49.866604275173614,33.13333333333333
2013-09-05,20:09:10,5.066666666666666,44.999949137369796,13.8
2013-09-05,20:14:10,4.866666666666667,21.199951171875,51.73333333333333
2013-09-05,20:19:10,5.133333333333334,17.999954223632812,48.46666666666667
2013-09-05,20:24:10,1.5333333333333334,17.19996134440104,40.2
2013-09-05,20:29:10,0.8666666666666667,12.399927775065105,17.533333333333335
2013-09-05,20:34:10,1.8666666666666665,15.333268907335073,11.533333333333333
2013-09-05,20:39:10,1.0333333333333332,13.399937947591145,13.666666666666664
2013-09-05,20:44:10,0.8333333333333333,11.599934895833334,35.86666666666667
2013-09-05,20:49:10,1.7333333333333334,13.399912516276041,50.86666666666667
2013-09-05,20:54:11,0.9,13.799921671549479,42.66666666666666
2013-09-05,20:59:11,1.2333333333333334,11.399943033854166,3.733333333333333
2013-09-05,21:04:11,42.16666666666667,17.933290269639755,12.733333333333333
2013-09-05,21:09:11,53.7,16.59996880425347,13.2
2013-09-05,21:14:11,74.96666666666667,12.733264499240448,54.06666666666667
2013-09-05,21:19:11,29.1,13.199929131401907,56.6
2013-09-05,21:24:11,3.3666666666666667,10.133268568250868,43.13333333333333
2013-09-05,21:29:10,0.9666666666666668,8.799947102864584,12.6
2013-09-05,21:34:10,2.1666666666666665,19.466595119900173,11.6
2013-09-05,21:39:10,0.9666666666666668,16.799918280707463,12.466666666666667
2013-09-05,21:44:10,0.9,11.733271280924479,35.333333333333336
2013-09-05,21:49:10,1.6666666666666663,10.266621907552082,41.333333333333336
2013-09-05,21:54:10,1.0,10.999942355685764,50.06666666666667
2013-09-05,21:59:10,0.9333333333333332,7.999937269422743,11.733333333333333
2013-09-05,22:04:10,1.8666666666666665,15.99993387858073,10.8
2013-09-05,22:09:10,1.5333333333333334,15.666605631510416,13.2
2013-09-05,22:14:10,1.4,12.266582912868921,64.6
2013-09-05,22:19:11,2.0,12.599936591254338,46.93333333333333
2013-09-05,22:24:11,3.233333333333333,12.733281453450521,43.6
2013-09-05,22:29:11,1.8666666666666665,10.93324449327257,2.6
2013-09-05,22:34:11,2.0,17.466608683268227,10.733333333333333
2013-09-05,22:39:11,0.8,13.599955240885416,10.466666666666667
2013-09-05,22:44:11,0.7666666666666667,12.599928114149309,37.4
2013-09-05,22:49:11,1.6333333333333335,9.999949137369791,55.66666666666666
2013-09-05,22:54:11,0.8,8.133256700303818,36.4
2013-09-05,22:59:11,1.0,9.199905395507812,4.6
2013-09-05,23:04:11,1.7666666666666666,16.999944051106773,10.733333333333333
2013-09-05,23:09:11,0.9,15.399932861328125,12.866666666666667
2013-09-05,23:14:11,1.2666666666666666,11.466606987847221,60.53333333333333
2013-09-05,23:19:11,1.4,10.666631062825521,50.86666666666667
2013-09-05,23:24:11,1.1333333333333333,11.399917602539062,43.06666666666667
2013-09-05,23:29:11,2.666666666666667,26.199942694769963,2.2
2013-09-05,23:34:11,2.3,69.19993082682292,10.133333333333333
2013-09-05,23:39:11,1.7222222222222223,25.0,23.5
2013-09-05,23:44:11,1.1333333333333333,50.199949476453995,43.26666666666666
2013-09-05,23:49:11,1.6,66.59996032714844,43.53333333333333
2013-09-05,23:54:11,0.9,21.7999267578125,40.4
2013-09-05,23:59:11,0.8333333333333333,12.399953206380209,3.6
2013-09-06,00:04:11,35.36666666666667,26.933254665798607,13.066666666666665
2013-09-06,00:09:11,54.63333333333333,28.199937608506946,16.4
2013-09-06,00:14:11,8.766666666666666,29.999906751844623,52.66666666666666
2013-09-06,00:19:11,14.7,35.333260430230034,57.26666666666666
2013-09-06,00:24:11,11.066666666666668,45.399915907118064,67.26666666666667
2013-09-06,00:29:11,0.5666666666666667,24.466620551215282,0.3333333333333333
2013-09-06,00:34:11,1.9333333333333331,21.666624281141498,10.466666666666667
2013-09-06,00:39:12,0.8666666666666667,14.7332763671875,11.533333333333333
2013-09-06,00:44:12,0.8,11.399951510959204,44.66666666666666
2013-09-06,00:49:12,1.5666666666666669,8.733257717556421,46.93333333333333
2013-09-06,00:54:12,0.7666666666666667,9.466595119900171,37.13333333333333
2013-09-06,00:59:12,0.8666666666666667,11.133261786566841,3.933333333333333
2013-09-06,01:04:12,1.7,22.79998779296875,10.4
2013-09-06,01:09:12,0.9,14.933276706271698,13.0
2013-09-06,01:14:12,1.2666666666666666,11.266589694552952,65.6
2013-09-06,01:19:12,2.0666666666666664,9.999898274739582,66.13333333333334
2013-09-06,01:24:12,0.7666666666666667,9.866578843858505,23.2
2013-09-06,01:29:12,0.6,11.266589694552952,0.4
2013-09-06,01:34:12,4.633333333333333,23.199963039822048,100.0
2013-09-06,01:39:12,1.6666666666666663,23.866594102647568,12.133333333333333
2013-09-06,01:44:12,0.9,14.266603257921004,44.46666666666667
2013-09-06,01:49:12,1.7666666666666666,12.13327195909288,57.4
2013-09-06,01:54:12,0.8,9.133266872829859,28.066666666666666
2013-09-06,01:59:12,0.8666666666666667,11.133270263671875,3.466666666666667
2013-09-06,02:04:12,40.8,57.599928114149314,28.13333333333333
2013-09-06,02:09:12,1.0666666666666669,47.66660902235244,14.8
2013-09-06,02:14:12,1.3,18.999930487738716,65.86666666666666
2013-09-06,02:19:12,1.6666666666666663,11.066606309678818,59.6
2013-09-06,02:24:12,0.8,10.399907430013021,1.8
2013-09-06,02:29:12,0.5666666666666667,9.46658664279514,0.2
2013-09-06,02:34:12,2.6333333333333333,22.599919637044273,9.4
2013-09-06,02:39:12,0.7,15.599907769097223,9.2
2013-09-06,02:44:13,0.8,10.666614108615454,42.333333333333336
2013-09-06,02:49:13,1.6,11.933297051323784,51.33333333333334
2013-09-06,02:54:13,1.2142857142857144,8.28564961751302,0
2013-09-06,02:59:13,0.8666666666666667,10.933261447482641,3.2
2013-09-06,03:04:13,1.8666666666666665,18.533240424262157,9.8
2013-09-06,03:09:13,0.7333333333333333,16.466615464952262,10.466666666666667
2013-09-06,03:14:13,1.3666666666666665,13.733308580186629,60.2
2013-09-06,03:19:13,1.8,13.066575792100696,47.0
2013-09-06,03:24:13,0.8666666666666667,11.066606309678818,23.33333333333333
2013-09-06,03:29:13,0.6,7.866583930121526,0.2
2013-09-06,03:34:13,1.7666666666666666,17.199935913085938,9.333333333333334
2013-09-06,03:39:13,0.6333333333333333,14.466612074110238,9.933333333333334
2013-09-06,03:44:13,0.6,10.999942355685764,23.53333333333333
2013-09-06,03:49:13,1.5666666666666669,9.799940321180557,34.333333333333336
2013-09-06,03:54:13,0.7333333333333333,8.39992947048611,35.06666666666667
2013-09-06,03:59:13,1.1,11.666598849826391,16.733333333333334
2013-09-06,04:04:13,1.7333333333333334,20.133285522460938,9.333333333333334
2013-09-06,04:09:13,0.6666666666666667,14.599948459201393,6.866666666666666
2013-09-06,04:14:13,1.1333333333333333,11.599951850043404,36.86666666666667
2013-09-06,04:19:13,1.2666666666666666,10.666588677300346,19.0
2013-09-06,04:24:13,1.0666666666666669,9.266586303710938,18.33333333333333
2013-09-06,04:29:13,0.7333333333333333,8.533265855577255,16.533333333333335
2013-09-06,04:34:13,1.9333333333333331,16.133270263671875,27.6
2013-09-06,04:39:13,0.7,14.733293321397568,15.866666666666667
2013-09-06,04:44:13,0.5666666666666667,8.333257039388021,0.2
2013-09-06,04:49:13,1.3,9.933251274956596,4.0
2013-09-06,04:54:13,0.5333333333333333,9.399922688802082,0.2
2013-09-06,04:59:13,0.8666666666666667,10.666597154405382,3.6666666666666665
2013-09-06,05:04:14,1.6,20.13326856825087,9.2
2013-09-06,05:09:14,0.8333333333333333,14.799957275390627,1.4666666666666666
2013-09-06,05:14:14,1.2,10.999959309895834,27.53333333333333
2013-09-06,05:19:14,1.0333333333333332,10.399932861328125,10.2
2013-09-06,05:24:14,1.0,8.399937947591146,12.266666666666667
2013-09-06,05:29:14,0.6666666666666667,6.799926757812501,10.2
2013-09-06,05:34:14,1.6666666666666663,18.266618516710068,16.333333333333332
2013-09-06,05:39:14,0.8,15.599950154622396,9.466666666666667
2013-09-06,05:44:14,0.6,8.99993896484375,10.0
2013-09-06,05:49:14,1.2666666666666666,9.799931844075521,15.0
2013-09-06,05:54:14,0.5,8.599929809570312,10.0
2013-09-06,05:59:14,0.9,8.599955240885416,6.4
2013-09-06,06:04:14,1.6333333333333335,19.599948459201393,8.733333333333333
2013-09-06,06:09:14,0.8666666666666667,17.199935913085938,5.8
2013-09-06,06:14:14,1.3,11.399943033854166,37.6
2013-09-06,06:19:14,1.1,13.999964396158854,14.2
2013-09-06,06:24:14,0.9333333333333332,11.399917602539062,16.666666666666668
2013-09-06,06:29:14,0.7333333333333333,7.1999359130859375,6.2666666666666675
2013-09-06,06:34:14,1.8666666666666665,15.066630045572918,15.6
2013-09-06,06:39:14,0.6,13.599929809570312,10.0
2013-09-06,06:44:14,0.6333333333333333,8.199920654296875,14.4
2013-09-06,06:49:14,1.3666666666666665,9.199930826822916,16.066666666666666
2013-09-06,06:54:14,0.5,9.599939982096355,0.26666666666666666
2013-09-06,06:59:14,0.8666666666666667,9.999949137369791,3.2666666666666666
2013-09-06,07:04:14,1.8333333333333333,17.666634453667537,10.066666666666666
2013-09-06,07:09:14,0.6666666666666667,15.199940999348957,8.933333333333334
2013-09-06,07:14:14,1.2,11.399943033854166,43.2
2013-09-06,07:19:14,1.3,13.19994608561198,26.93333333333333
2013-09-06,07:24:14,1.0666666666666669,8.399937947591146,24.33333333333333
2013-09-06,07:29:14,0.7333333333333333,8.399912516276043,22.66666666666667
2013-09-06,07:34:14,1.9333333333333331,15.666639539930552,21.266666666666666
2013-09-06,07:39:14,0.6666666666666667,13.399937947591145,10.0
2013-09-06,07:44:14,0.8,9.799931844075521,36.73333333333333
2013-09-06,07:49:14,1.5666666666666669,8.799947102864584,43.06666666666667
2013-09-06,07:54:14,0.6666666666666667,10.799942016601562,28.8
2013-09-06,07:59:14,0.9666666666666668,11.199900309244793,3.6666666666666665
2013-09-06,08:04:14,40.8,53.99993048773871,30.33333333333333
2013-09-06,08:09:14,0.7,43.19994608561198,6.8
2013-09-06,08:14:14,1.1333333333333333,18.19994608561198,48.2
2013-09-06,08:19:14,1.4666666666666666,14.199930826822918,37.86666666666667
2013-09-06,08:24:14,1.0,9.53325907389323,34.666666666666664
2013-09-06,08:29:14,0.9666666666666668,8.399937947591146,14.8
2013-09-06,08:34:14,1.8666666666666665,20.99993387858073,9.4
2013-09-06,08:39:14,0.6666666666666667,15.799942016601562,10.133333333333333
2013-09-06,08:44:14,0.6,11.066597832573784,17.066666666666666
2013-09-06,08:49:14,1.4666666666666666,10.266587999131943,33.2
2013-09-06,08:54:15,0.7,8.933241102430557,35.0
2013-09-06,08:59:15,1.0333333333333332,9.399922688802082,22.93333333333333
2013-09-06,09:04:15,1.7666666666666666,15.799925062391495,9.533333333333333
2013-09-06,09:09:15,0.7666666666666667,12.799936930338543,9.066666666666666
2013-09-06,09:14:15,1.1,9.333258734809027,27.2
2013-09-06,09:19:15,1.4666666666666666,14.533276028103295,9.866666666666667
2013-09-06,09:24:15,1.3,11.733279758029514,9.133333333333333
2013-09-06,09:29:15,0.6333333333333333,9.066602918836807,5.133333333333334
2013-09-06,09:34:15,1.7333333333333334,15.999950832790802,16.6
2013-09-06,09:39:15,1.0666666666666669,11.666615804036457,7.4
2013-09-06,09:44:15,0.6,9.199930826822916,5.6
2013-09-06,09:49:15,1.5,10.999959309895834,11.8
2013-09-06,09:54:15,0.6666666666666667,10.933278401692709,7.0
2013-09-06,09:59:15,0.9333333333333332,10.666605631510418,4.733333333333333
2013-09-06,10:04:15,1.7,16.799952189127605,8.866666666666667
2013-09-06,10:09:15,1.3333333333333337,15.199924045138886,6.533333333333332
2013-09-06,10:14:15,1.2666666666666666,10.266604953342016,28.13333333333333
2013-09-06,10:19:15,1.4666666666666666,12.666625976562498,11.666666666666664
2013-09-06,10:24:15,1.3666666666666665,9.999940660264755,13.4
2013-09-06,10:29:15,0.8,8.99993896484375,9.4
2013-09-06,10:34:15,2.1,18.266626993815105,15.533333333333333
2013-09-06,10:39:15,0.8333333333333333,14.799923366970482,9.2
2013-09-06,10:44:15,0.7,8.99992201063368,12.666666666666664
2013-09-06,10:49:15,1.4666666666666666,8.933241102430557,12.4
2013-09-06,10:54:15,0.7333333333333333,8.266593085394963,5.533333333333332
2013-09-06,10:59:15,1.2666666666666666,9.599931504991318,7.066666666666666
2013-09-06,11:04:15,1.9333333333333331,15.999908447265623,12.866666666666667
2013-09-06,11:09:15,0.8333333333333333,13.399937947591145,4.066666666666666
2013-09-06,11:14:15,1.2666666666666666,10.266604953342016,27.2
2013-09-06,11:19:15,1.8666666666666665,12.33328077528212,12.666666666666664
2013-09-06,11:24:15,0.7333333333333333,10.79995897081163,5.4
2013-09-06,11:29:15,0.8333333333333333,8.133231268988714,4.733333333333333
2013-09-06,11:34:16,2.5,16.799935234917537,16.666666666666668
2013-09-06,11:39:16,0.8,14.46658664279514,5.0
2013-09-06,11:44:16,0.6666666666666667,9.333267211914062,4.933333333333334
2013-09-06,11:49:16,1.5333333333333334,13.2666015625,11.266666666666667
2013-09-06,11:54:16,0.8,8.266593085394963,5.0
2013-09-06,11:59:16,1.1333333333333333,10.733286539713543,8.066666666666666
2013-09-06,12:04:16,62.43333333333333,45.26658799913194,13.866666666666667
2013-09-06,12:09:16,73.65,31.999969482421875,6.5555555555555545
2013-09-06,12:14:16,55.0,31.199925740559898,54.66666666666666
2013-09-06,12:19:16,1.6333333333333335,24.199956258138023,10.8
2013-09-06,12:24:16,0.7333333333333333,15.399958292643229,4.866666666666666
2013-09-06,12:29:16,0.7666666666666667,11.066606309678818,9.6
2013-09-06,12:34:16,1.9,18.46661037868924,15.6
2013-09-06,12:39:16,0.9,11.799952189127605,6.6
2013-09-06,12:44:16,0.6666666666666667,9.999923706054688,3.933333333333333
2013-09-06,12:49:16,1.5333333333333334,12.333263821072048,10.533333333333333
2013-09-06,12:54:16,0.9,11.399917602539062,6.6
2013-09-06,12:59:16,1.1333333333333333,12.199935913085938,12.2
2013-09-06,13:04:16,2.3,14.199930826822918,16.4
2013-09-06,13:09:16,2.4333333333333336,20.46661376953125,4.2
2013-09-06,13:14:16,1.3666666666666665,18.39996337890625,39.53333333333333
2013-09-06,13:19:16,1.4333333333333331,15.199940999348957,17.0
2013-09-06,13:24:16,1.4,13.199920654296873,30.4
2013-09-06,13:29:16,0.9333333333333332,9.399922688802082,23.8
2013-09-06,13:34:17,2.4333333333333336,18.33326551649305,33.73333333333333
2013-09-06,13:39:17,0.9,11.799977620442709,25.93333333333333
2013-09-06,13:44:17,0.7666666666666667,10.599924723307291,26.86666666666667
2013-09-06,13:49:17,1.5666666666666669,9.999923706054688,46.6
2013-09-06,13:54:17,0.9666666666666668,10.999959309895834,40.266666666666666
2013-09-06,13:59:17,1.0,12.06661648220486,5.933333333333334
2013-09-06,14:04:17,2.5,19.666612413194443,12.2
2013-09-06,14:09:17,0.7333333333333333,13.19994608561198,14.2
2013-09-06,14:14:17,1.4,10.799967447916666,64.4
2013-09-06,14:19:17,1.7333333333333334,13.999964396158854,52.73333333333333
2013-09-06,14:24:17,0.7666666666666667,10.399932861328125,19.866666666666667
2013-09-06,14:29:17,0.6,9.799931844075521,1.5333333333333334
2013-09-06,14:34:17,1.8333333333333333,17.39994472927517,11.066666666666665
2013-09-06,14:39:17,0.9333333333333332,14.399948120117188,17.266666666666666
2013-09-06,14:44:17,0.8,11.199934217664932,38.266666666666666
2013-09-06,14:49:17,1.9333333333333331,9.466612074110243,54.6
2013-09-06,14:54:17,0.8666666666666667,9.59991455078125,17.666666666666668
2013-09-06,14:59:17,0.9333333333333332,8.933258056640625,5.333333333333333
2013-09-06,15:04:17,34.5,17.799936930338543,14.866666666666667
2013-09-06,15:09:17,21.266666666666666,32.266599867079,16.266666666666666
2013-09-06,15:14:17,4.433333333333334,23.133299085828988,51.8
2013-09-06,15:19:17,2.033333333333333,14.933242797851562,47.93333333333333
2013-09-06,15:24:17,1.1333333333333333,11.266598171657984,42.86666666666667
2013-09-06,15:29:17,0.6,10.53326924641927,1.2
2013-09-06,15:34:17,2.033333333333333,15.533286200629345,13.466666666666667
2013-09-06,15:39:17,0.8333333333333333,12.866617838541666,19.6
2013-09-06,15:44:17,0.8666666666666667,12.466583251953125,42.4
2013-09-06,15:49:17,1.6666666666666663,9.3332756890191,57.53333333333333
2013-09-06,15:54:17,0.6666666666666667,9.399922688802082,6.6
2013-09-06,15:59:17,1.0666666666666669,10.999950832790796,5.933333333333334
2013-09-06,16:04:17,41.76666666666667,57.66661749945746,34.266666666666666
2013-09-06,16:09:17,1.4,41.733262803819436,16.066666666666666
2013-09-06,16:14:17,2.0666666666666664,20.866622924804688,64.4
2013-09-06,16:19:17,2.0666666666666664,17.59993659125434,49.2
2013-09-06,16:24:17,0.8,14.06661139594184,22.53333333333333
2013-09-06,16:29:17,0.6333333333333333,9.266586303710938,1.6666666666666667
2013-09-06,16:34:17,1.8333333333333333,16.266632080078125,10.933333333333335
2013-09-06,16:39:17,1.0,13.199954562717018,18.666666666666668
2013-09-06,16:44:17,0.8333333333333333,11.266581217447918,38.73333333333333
2013-09-06,16:49:18,1.7333333333333334,12.799953884548609,47.33333333333334
2013-09-06,16:54:18,1.8,13.733274671766496,24.53333333333333
2013-09-06,16:59:18,1.0,11.66658189561632,5.066666666666666
2013-09-06,17:04:18,1.9333333333333331,15.66663106282552,12.066666666666665
2013-09-06,17:09:18,1.1333333333333333,16.066606309678818,14.2
2013-09-06,17:14:18,1.5333333333333334,13.66661071777344,54.8
2013-09-06,17:19:18,2.0666666666666664,13.799955579969616,42.73333333333333
2013-09-06,17:24:18,1.0,11.3999260796441,39.73333333333333
2013-09-06,17:29:18,0.8,8.266593085394963,3.066666666666667
2013-09-06,17:34:18,2.033333333333333,14.199947781032984,11.733333333333333
2013-09-06,17:39:18,0.8666666666666667,11.533279418945312,19.666666666666668
2013-09-06,17:44:18,1.1333333333333333,9.466612074110243,40.06666666666667
2013-09-06,17:49:18,1.9333333333333331,9.06661139594184,54.93333333333333
2013-09-06,17:54:18,1.2333333333333334,10.866622924804688,18.53333333333333
2013-09-06,17:59:18,1.2,12.266616821289062,6.533333333333332
2013-09-06,18:04:18,47.56666666666667,17.399970160590275,15.933333333333335
2013-09-06,18:09:18,57.53333333333333,15.79995897081163,16.733333333333334
2013-09-06,18:14:18,20.966666666666665,14.79993184407552,66.46666666666667
2013-09-06,18:19:18,2.766666666666667,11.599934895833334,37.06666666666667
2013-09-06,18:24:18,3.066666666666667,11.999918619791666,39.86666666666667
2013-09-06,18:29:18,1.5666666666666669,14.799957275390627,2.0
2013-09-06,18:34:18,1.9666666666666663,17.999954223632812,11.066666666666665
2013-09-06,18:39:18,1.5333333333333334,14.199930826822918,16.533333333333335
2013-09-06,18:44:18,1.0,12.39990234375,44.33333333333334
2013-09-06,18:49:18,1.6666666666666663,10.199940999348959,43.0
2013-09-06,18:54:18,1.3666666666666665,10.799908108181421,25.0
2013-09-06,18:59:18,2.033333333333333,13.666585286458332,5.7333333333333325
2013-09-06,19:04:19,2.0666666666666664,17.39994472927517,12.8
2013-09-06,19:09:19,1.0,13.533274332682291,10.0
2013-09-06,19:14:19,3.2,16.466615464952262,55.93333333333333
2013-09-06,19:19:19,2.0,15.06658766004774,41.73333333333333
2013-09-06,19:24:19,1.1333333333333333,12.066624959309896,40.13333333333333
2013-09-06,19:29:19,0.8,9.13328382703993,11.933333333333335
2013-09-06,19:34:19,2.1,17.399919297960068,12.4
2013-09-06,19:39:19,1.5,11.733279758029514,15.533333333333333
2013-09-06,19:44:19,1.5333333333333334,9.266603257921007,48.2
2013-09-06,19:49:19,1.6,11.933263142903645,53.8
2013-09-06,19:54:19,0.6,11.866599188910591,13.866666666666667
2013-09-06,19:59:19,0.9,10.999950832790796,4.866666666666666
2013-09-06,20:04:19,41.43333333333333,54.399922688802086,30.73333333333333
2013-09-06,20:09:19,0.6333333333333333,39.86660427517361,14.6
2013-09-06,20:14:19,1.3333333333333337,18.799972534179688,64.13333333333334
2013-09-06,20:19:19,2.0666666666666664,14.466603597005209,59.13333333333333
2013-09-06,20:24:19,0.9666666666666668,12.266599867078991,22.66666666666667
2013-09-06,20:29:19,0.7,9.799940321180557,2.0
2013-09-06,20:34:19,1.8666666666666665,14.06661139594184,11.733333333333333
2013-09-06,20:39:19,0.8666666666666667,11.266615125868055,18.266666666666666
2013-09-06,20:44:19,0.9666666666666668,9.399914211697046,47.73333333333333
2013-09-06,20:49:19,1.7333333333333334,9.866604275173609,56.86666666666667
2013-09-06,20:54:19,0.7,8.933258056640625,4.666666666666667
2013-09-06,20:59:19,1.4,9.86662122938368,5.7333333333333325
2013-09-06,21:04:19,1.7666666666666666,15.73327806260851,11.466666666666667
2013-09-06,21:09:19,1.3,14.199947781032984,19.8
2013-09-06,21:14:19,2.4,13.666593763563364,72.33333333333333
2013-09-06,21:19:19,1.8333333333333333,12.933264838324652,60.0
2013-09-06,21:24:19,0.8666666666666667,11.266623602973088,12.333333333333336
2013-09-06,21:29:19,0.6,8.799930148654513,0.26666666666666666
2013-09-06,21:34:19,1.8666666666666665,15.799942016601562,10.466666666666667
2013-09-06,21:39:19,0.7,10.066613091362846,16.266666666666666
2013-09-06,21:44:19,0.7666666666666667,9.399922688802082,49.0
2013-09-06,21:49:20,1.4666666666666666,7.933264838324651,51.66666666666666
2013-09-06,21:54:20,0.6333333333333333,10.266630384657118,5.2
2013-09-06,21:59:20,2.8,10.333243476019964,8.066666666666666
2013-09-06,22:04:20,2.833333333333333,16.26660664876302,19.2
2013-09-06,22:09:20,0.9,14.2665778266059,17.066666666666666
2013-09-06,22:14:20,1.3666666666666665,12.2666252983941,70.8
2013-09-06,22:19:20,1.9333333333333331,11.999952528211804,68.2
2013-09-06,22:24:20,0.7666666666666667,11.99991014268663,25.0
2013-09-06,22:29:20,0.5666666666666667,8.99992201063368,0.26666666666666666
2013-09-06,22:34:20,1.8,14.933268229166666,10.4
2013-09-06,22:39:20,0.6333333333333333,12.06658257378472,11.2
2013-09-06,22:44:20,0.8,8.933275010850693,45.66666666666666
2013-09-06,22:49:20,1.3333333333333337,8.533257378472221,38.86666666666667
2013-09-06,22:54:20,0.7333333333333333,10.866597493489582,50.46666666666667
2013-09-06,22:59:20,0.9333333333333332,13.93326653374566,4.666666666666667
2013-09-06,23:04:20,1.5666666666666669,15.866605970594613,9.733333333333333
2013-09-06,23:09:20,0.9,14.399965074327255,18.866666666666667
2013-09-06,23:14:20,1.3666666666666665,11.866607666015625,72.06666666666666
2013-09-06,23:19:20,1.5333333333333334,10.866605970594618,47.4
2013-09-06,23:24:20,1.0,8.66659376356337,40.4
2013-09-06,23:29:20,0.7666666666666667,7.266591389973959,1.3333333333333333
2013-09-06,23:34:20,1.7333333333333334,15.799925062391495,9.4
2013-09-06,23:39:20,0.8666666666666667,14.799914889865448,19.866666666666667
2013-09-06,23:44:20,0.8,11.933263142903645,39.46666666666667
2013-09-06,23:49:20,1.4333333333333331,9.199930826822916,52.53333333333333
2013-09-06,23:54:20,0.7666666666666667,8.999913533528646,34.46666666666667
2013-09-06,23:59:20,0.8,12.199902004665796,3.8
2013-09-07,00:04:20,41.23333333333333,53.59992980957031,30.86666666666667
2013-09-07,00:09:20,0.9,38.79993862575955,16.2
2013-09-07,00:14:20,1.3666666666666665,16.999944051106773,62.8
2013-09-07,00:19:20,1.8333333333333333,12.599919637044271,58.2
2013-09-07,00:24:20,0.8,10.999925401475693,42.53333333333333
2013-09-07,00:29:20,0.5666666666666667,10.199907090928818,0.26666666666666666
2013-09-07,00:34:20,1.8666666666666665,16.06658087836372,10.466666666666667
2013-09-07,00:39:20,0.7333333333333333,14.333284166124136,21.33333333333333
2013-09-07,00:44:20,0.8,9.466629028320312,43.06666666666667
2013-09-07,00:49:20,1.4666666666666666,9.933268229166666,56.86666666666667
2013-09-07,00:54:20,0.6333333333333333,8.999964396158855,23.8
2013-09-07,00:59:20,0.9,11.733279758029514,4.2
2013-09-07,01:04:20,1.6666666666666663,18.866636488172748,10.8
2013-09-07,01:09:20,0.7,13.866585625542536,16.333333333333332
2013-09-07,01:14:20,1.5,12.733264499240448,81.2
2013-09-07,01:19:20,1.8333333333333333,12.133246527777779,58.66666666666666
2013-09-07,01:24:20,0.7333333333333333,9.533276028103298,23.13333333333333
2013-09-07,01:29:20,0.5666666666666667,10.73324415418837,0.26666666666666666
2013-09-07,01:34:20,6.7666666666666675,17.399910820855034,100.0
2013-09-07,01:39:20,1.4666666666666666,17.333272298177082,15.266666666666667
2013-09-07,01:44:20,0.8666666666666667,11.733279758029514,54.0
2013-09-07,01:49:21,1.7,13.866619533962673,62.6
2013-09-07,01:54:21,0.6,10.999925401475693,13.666666666666664
2013-09-07,01:59:21,0.9666666666666668,9.599923027886287,4.2
2013-09-07,02:04:21,42.23333333333333,54.26659478081597,37.73333333333333
2013-09-07,02:09:21,1.5,37.599945068359375,25.13333333333333
2013-09-07,02:14:21,1.6666666666666663,16.799952189127605,83.0
2013-09-07,02:19:21,1.5666666666666669,14.79998270670573,56.26666666666666
2013-09-07,02:24:21,0.5666666666666667,9.999898274739582,0.4
2013-09-07,02:29:21,0.5666666666666667,8.799896240234375,0.26666666666666666
2013-09-07,02:34:21,1.5,14.799940321180552,8.6
2013-09-07,02:39:21,0.9666666666666668,11.599934895833334,20.33333333333333
2013-09-07,02:44:21,0.7666666666666667,9.399948120117188,51.4
2013-09-07,02:49:21,1.2666666666666666,10.199915568033854,53.13333333333333
2013-09-07,02:54:21,0.5,8.799947102864584,0.3333333333333333
2013-09-07,02:59:21,0.8333333333333333,8.733283148871525,3.6666666666666665
2013-09-07,03:04:21,1.5666666666666669,17.199935913085938,9.066666666666666
2013-09-07,03:09:21,0.9,10.399932861328125,19.8
2013-09-07,03:14:21,1.4333333333333331,10.399932861328125,84.13333333333334
2013-09-07,03:19:21,1.5666666666666669,12.866626315646702,54.13333333333333
2013-09-07,03:24:21,0.6,11.399943033854166,0.4
2013-09-07,03:29:21,0.5666666666666667,10.999959309895834,0.26666666666666666
2013-09-07,03:34:21,1.7333333333333334,15.933261447482636,9.6
2013-09-07,03:39:21,0.7333333333333333,12.599919637044271,15.8
2013-09-07,03:44:21,0.7333333333333333,10.399907430013021,45.2
2013-09-07,03:49:21,1.2,10.999959309895834,55.13333333333333
2013-09-07,03:54:21,0.6666666666666667,9.399948120117188,8.066666666666666
2013-09-07,03:59:21,0.9333333333333332,11.799960666232641,4.066666666666666
2013-09-07,04:04:21,1.7,17.599945068359375,9.6
2013-09-07,04:09:21,0.7666666666666667,11.599934895833334,18.0
2013-09-07,04:14:21,1.5333333333333334,10.399932861328125,79.93333333333334
2013-09-07,04:19:21,1.4333333333333331,10.599924723307291,59.66666666666666
2013-09-07,04:24:21,0.7,8.333248562282984,0.8
2013-09-07,04:29:21,0.5666666666666667,10.199915568033854,0.26666666666666666
2013-09-07,04:34:21,1.7333333333333334,15.86661444769965,9.733333333333333
2013-09-07,04:39:21,0.7666666666666667,10.599950154622395,16.466666666666665
2013-09-07,04:44:21,0.7666666666666667,8.799921671549479,38.46666666666667
2013-09-07,04:49:21,1.2,11.199925740559896,38.66666666666666
2013-09-07,04:54:21,0.7,8.599929809570312,30.13333333333333
2013-09-07,04:59:21,0.9,11.599934895833334,4.066666666666666
2013-09-07,05:04:21,1.6,16.866607666015625,9.533333333333333
2013-09-07,05:09:21,0.6666666666666667,10.99993387858073,12.333333333333336
2013-09-07,05:14:21,1.4,10.133268568250868,70.26666666666667
2013-09-07,05:19:22,1.4666666666666666,13.199920654296873,49.33333333333334
2013-09-07,05:24:22,0.7,9.399922688802082,25.66666666666667
2013-09-07,05:29:22,0.5666666666666667,11.799952189127605,0.26666666666666666
2013-09-07,05:34:22,1.7333333333333334,17.733272976345486,9.733333333333333
2013-09-07,05:39:22,0.7,13.599929809570312,13.333333333333336
2013-09-07,05:44:22,0.6333333333333333,10.599950154622395,27.93333333333333
2013-09-07,05:49:22,1.2,10.466596815321182,43.53333333333333
2013-09-07,05:54:22,0.7666666666666667,11.199951171875,38.46666666666667
2013-09-07,05:59:22,0.8666666666666667,11.199925740559896,4.066666666666666
2013-09-07,06:04:22,1.6333333333333335,17.13327195909288,9.733333333333333
2013-09-07,06:09:22,0.8,14.199930826822918,17.066666666666666
2013-09-07,06:14:22,1.4666666666666666,11.266598171657984,78.93333333333334
2013-09-07,06:19:22,1.6,11.399943033854166,61.06666666666667
2013-09-07,06:24:22,0.6666666666666667,12.399961683485243,0.6666666666666666
2013-09-07,06:29:22,0.5333333333333333,8.799921671549479,0.26666666666666666
2013-09-07,06:34:22,1.6,14.533284505208332,8.933333333333334
2013-09-07,06:39:22,0.9,14.066628350151907,16.466666666666665
2013-09-07,06:44:22,0.7666666666666667,12.599953545464409,40.66666666666666
2013-09-07,06:49:22,1.2333333333333334,7.799945407443578,63.93333333333333
2013-09-07,06:54:22,0.5666666666666667,9.666595458984375,3.8666666666666663
2013-09-07,06:59:22,0.8,9.866570366753475,3.6666666666666665
2013-09-07,07:04:22,1.6,16.199942694769966,9.133333333333333
2013-09-07,07:09:22,1.0333333333333332,11.799935234917532,15.333333333333336
2013-09-07,07:14:22,1.5666666666666669,12.73324754503038,71.0
2013-09-07,07:19:22,1.7333333333333334,13.33329094780816,42.86666666666667
2013-09-07,07:24:22,0.7666666666666667,11.999952528211804,29.13333333333333
2013-09-07,07:29:22,0.5,8.599912855360243,0.26666666666666666
2013-09-07,07:34:22,1.7666666666666666,12.399919297960068,9.533333333333333
2013-09-07,07:39:22,0.7666666666666667,13.06661817762587,20.33333333333333
2013-09-07,07:44:22,0.8333333333333333,12.666600545247395,42.8
2013-09-07,07:49:22,1.2333333333333334,11.066597832573784,55.73333333333333
2013-09-07,07:54:22,0.6,10.066604614257812,5.533333333333332
2013-09-07,07:59:23,0.7,9.666620890299479,3.6666666666666665
2013-09-07,08:04:23,42.0,48.59996371799046,30.066666666666666
2013-09-07,08:09:23,0.7666666666666667,35.53327772352431,17.066666666666666
2013-09-07,08:14:23,1.5666666666666669,16.133261786566838,78.13333333333334
2013-09-07,08:19:23,1.5333333333333334,14.599939982096355,54.0
2013-09-07,08:24:23,0.6333333333333333,10.733286539713543,9.066666666666666
2013-09-07,08:29:23,0.4666666666666666,7.799928453233505,0.26666666666666666
2013-09-07,08:34:23,1.8,12.199944390190971,9.533333333333333
2013-09-07,08:39:23,0.7333333333333333,11.066631740993925,12.666666666666664
2013-09-07,08:44:23,0.7666666666666667,9.733267890082466,44.4
2013-09-07,08:49:23,1.3333333333333337,10.266579522026912,66.2
2013-09-07,08:54:23,0.6,11.466632419162327,1.5333333333333334
2013-09-07,08:59:23,0.7333333333333333,11.133278740776912,4.066666666666666
2013-09-07,09:04:23,1.7,13.733274671766496,9.666666666666666
2013-09-07,09:09:23,0.6666666666666667,9.066594441731771,12.133333333333333
2013-09-07,09:14:23,1.4,11.266606648763021,68.2
2013-09-07,09:19:23,1.4666666666666666,11.266606648763021,48.53333333333333
2013-09-07,09:24:23,0.7333333333333333,11.3999260796441,29.33333333333333
2013-09-07,09:29:23,0.4666666666666666,9.733267890082466,0.26666666666666666
2013-09-07,09:34:23,1.8,13.799947102864582,9.6
2013-09-07,09:39:23,0.7333333333333333,9.799931844075521,14.666666666666664
2013-09-07,09:44:23,0.7333333333333333,10.599933200412327,42.06666666666667
2013-09-07,09:49:23,1.2,8.933275010850693,33.333333333333336
2013-09-07,09:54:23,0.7,8.99993896484375,34.266666666666666
2013-09-07,09:59:23,0.8666666666666667,11.333253648546005,5.6
2013-09-07,10:04:23,1.7,14.53326755099826,9.733333333333333
2013-09-07,10:09:23,0.6666666666666667,12.866626315646702,9.133333333333333
2013-09-07,10:14:23,1.2333333333333334,11.19991726345486,51.46666666666667
2013-09-07,10:19:23,1.1333333333333333,11.666590372721354,17.933333333333334
2013-09-07,10:24:23,0.8333333333333333,8.599929809570312,28.0
2013-09-07,10:29:23,0.5666666666666667,9.599931504991318,19.4
2013-09-07,10:34:23,1.8333333333333333,18.733291625976562,32.0
2013-09-07,10:39:23,2.3,30.666631062825523,6.0
2013-09-07,10:44:23,0.6,22.79995388454861,32.06666666666667
2013-09-07,10:49:23,1.2333333333333334,14.466612074110238,32.0
2013-09-07,10:54:23,0.7333333333333333,10.866589016384546,30.2
2013-09-07,10:59:23,1.0,10.866622924804688,26.93333333333333
2013-09-07,11:04:23,1.5666666666666669,21.466623942057293,9.666666666666666
2013-09-07,11:09:23,0.9,16.799935234917537,13.866666666666667
2013-09-07,11:14:23,1.2666666666666666,13.99990505642361,63.93333333333333
2013-09-07,11:19:23,1.4666666666666666,13.799947102864582,32.6
2013-09-07,11:24:23,0.7666666666666667,10.599941677517359,47.53333333333333
2013-09-07,11:29:23,0.5,10.73324415418837,0.26666666666666666
2013-09-07,11:34:23,1.6333333333333335,25.799942016601562,8.6
2013-09-07,11:39:23,0.9333333333333332,17.599945068359375,12.4
2013-09-07,11:44:23,0.7,13.733274671766496,34.333333333333336
2013-09-07,11:49:23,1.3,9.733284844292537,47.2
2013-09-07,11:54:23,0.6666666666666667,9.199888441297745,31.466666666666665
2013-09-07,11:59:24,0.7,12.466608683268229,3.6666666666666665
2013-09-07,12:04:24,40.63333333333333,49.53329298231338,32.333333333333336
2013-09-07,12:09:24,2.1666666666666665,48.533240424262154,19.8
2013-09-07,12:14:24,1.5666666666666669,20.7999759250217,75.0
2013-09-07,12:19:24,1.4333333333333331,14.666603936089412,31.0
2013-09-07,12:24:24,0.7,12.866617838541666,36.93333333333333
2013-09-07,12:29:24,0.5,9.3332756890191,0.26666666666666666
2013-09-07,12:34:24,1.8,17.999920315212673,9.466666666666667
2013-09-07,12:39:24,0.8,12.999945746527777,16.733333333333334
2013-09-07,12:44:24,0.7,9.933251274956596,35.666666666666664
2013-09-07,12:49:24,1.3666666666666665,11.93328857421875,50.66666666666666
2013-09-07,12:54:24,0.5666666666666667,10.733261108398438,21.8
2013-09-07,12:59:24,0.8666666666666667,13.599963717990448,4.066666666666666
2013-09-07,13:04:24,1.7,16.5999518500434,9.866666666666667
2013-09-07,13:09:24,0.8,13.466601901584205,15.6
2013-09-07,13:14:24,1.5666666666666669,9.799931844075521,72.06666666666666
2013-09-07,13:19:24,1.4,13.59994676378038,48.93333333333333
2013-09-07,13:24:24,0.8666666666666667,11.799935234917532,21.6
2013-09-07,13:29:24,0.5333333333333333,9.06661139594184,0.26666666666666666
2013-09-07,13:34:24,1.7666666666666666,15.7999504937066,9.466666666666667
2013-09-07,13:39:24,0.8333333333333333,13.333257039388021,18.933333333333334
2013-09-07,13:44:24,0.7666666666666667,10.066604614257812,45.6
2013-09-07,13:49:24,1.3,8.99992201063368,43.33333333333334
2013-09-07,13:54:24,0.6666666666666667,11.99994405110677,16.666666666666668
2013-09-07,13:59:24,0.8,10.599950154622395,4.066666666666666
2013-09-07,14:04:24,1.6666666666666663,15.466605292426214,9.8
2013-09-07,14:09:24,0.8,12.799936930338543,21.73333333333333
2013-09-07,14:14:24,1.6,14.333258734809027,79.93333333333334
2013-09-07,14:19:24,1.4333333333333331,12.133280436197918,50.93333333333333
2013-09-07,14:24:24,0.7,12.133246527777779,5.866666666666666
2013-09-07,14:29:24,0.5333333333333333,10.999959309895834,0.26666666666666666
2013-09-07,14:34:24,1.8,18.599972195095486,9.466666666666667
2013-09-07,14:39:24,0.8,13.333257039388021,16.133333333333333
2013-09-07,14:44:24,0.7666666666666667,11.999918619791666,39.266666666666666
2013-09-07,14:49:24,1.3,10.99993387858073,50.0
2013-09-07,14:54:25,0.6666666666666667,9.999949137369791,19.466666666666665
2013-09-07,14:59:25,0.9333333333333332,11.066606309678818,4.2
2013-09-07,15:04:25,1.7333333333333334,17.599945068359375,10.4
2013-09-07,15:09:25,4.966666666666667,27.66659206814236,15.133333333333333
2013-09-07,15:14:25,1.5666666666666669,21.199925740559898,76.26666666666667
2013-09-07,15:19:25,1.5,15.599950154622396,49.6
2013-09-07,15:24:25,0.7,12.599945068359375,17.533333333333335
2013-09-07,15:29:25,0.5666666666666667,9.599939982096355,0.26666666666666666
2013-09-07,15:34:25,1.7,20.53327772352431,9.4
2013-09-07,15:39:25,0.7666666666666667,15.199940999348957,15.733333333333333
2013-09-07,15:44:25,0.8333333333333333,10.99993387858073,45.93333333333333
2013-09-07,15:49:25,1.2666666666666666,11.7999267578125,44.53333333333333
2013-09-07,15:54:25,0.6666666666666667,10.066596137152777,19.0
2013-09-07,15:59:25,0.8333333333333333,12.199935913085938,4.133333333333334
2013-09-07,16:04:25,40.3,48.59992133246527,29.8
2013-09-07,16:09:25,1.45,46.999994913736984,26.0
2013-09-07,16:14:25,1.7333333333333334,30.599950154622395,75.93333333333334
2013-09-07,16:19:25,1.6666666666666663,16.933271620008675,46.06666666666667
2013-09-07,16:24:25,0.7333333333333333,11.86663309733073,20.466666666666665
2013-09-07,16:29:25,0.6,9.73325941297743,0.26666666666666666
2013-09-07,16:34:25,1.6666666666666663,15.399958292643229,8.6
2013-09-07,16:39:25,1.0,12.599919637044271,17.733333333333334
2013-09-07,16:44:25,0.8333333333333333,12.199944390190971,39.8
2013-09-07,16:49:25,1.4,10.199940999348959,45.13333333333333
2013-09-07,16:54:25,0.8,9.733267890082466,22.93333333333333
2013-09-07,16:59:26,0.9,14.066636827256945,3.6666666666666665
2013-09-07,17:04:26,1.6,19.533284505208336,9.066666666666666
2013-09-07,17:09:26,0.9,14.266628689236107,18.8
2013-09-07,17:14:26,1.5666666666666669,10.599924723307291,66.26666666666667
2013-09-07,17:19:26,1.6333333333333335,12.06658257378472,51.93333333333333
2013-09-07,17:24:26,0.7,9.733250935872395,22.0
2013-09-07,17:29:26,0.6,10.266596476236979,0.26666666666666666
2013-09-07,17:34:26,1.7666666666666666,18.133265177408852,9.333333333333334
2013-09-07,17:39:26,0.8333333333333333,15.466596815321177,25.13333333333333
2013-09-07,17:44:26,0.9,11.999901665581596,52.73333333333333
2013-09-07,17:49:26,1.3,9.933234320746525,46.93333333333333
2013-09-07,17:54:26,0.6,9.333292643229168,0.26666666666666666
2013-09-07,17:59:26,0.8666666666666667,11.599960327148438,3.733333333333333
2013-09-07,18:04:26,1.7333333333333334,14.999957614474823,9.933333333333334
2013-09-07,18:09:26,0.7333333333333333,11.999935574001734,19.6
2013-09-07,18:14:26,1.6333333333333335,11.999961005316841,77.8
2013-09-07,18:19:26,1.7333333333333334,12.999945746527777,60.93333333333333
2013-09-07,18:24:26,0.6333333333333333,9.466620551215279,0.4
2013-09-07,18:29:26,0.6,9.799931844075521,0.26666666666666666
2013-09-07,18:34:26,1.7666666666666666,13.333265516493057,9.266666666666667
2013-09-07,18:39:26,0.7333333333333333,12.666617499457464,18.866666666666667
2013-09-07,18:44:26,0.9,11.999952528211804,49.93333333333333
2013-09-07,18:49:26,1.4,11.266606648763021,55.73333333333333
2013-09-07,18:54:26,0.5666666666666667,10.999950832790796,0.26666666666666666
2013-09-07,18:59:26,0.9666666666666668,11.866616143120662,4.133333333333334
2013-09-07,19:04:26,1.7,14.866621229383684,9.333333333333334
2013-09-07,19:09:26,0.6666666666666667,11.866590711805557,17.466666666666665
2013-09-07,19:14:26,1.6666666666666663,10.93324449327257,80.46666666666667
2013-09-07,19:19:26,1.6,12.133280436197918,50.0
2013-09-07,19:24:26,0.6666666666666667,9.799931844075521,10.4
2013-09-07,19:29:26,0.6,8.99993896484375,0.26666666666666666
2013-09-07,19:34:26,1.7,13.999922010633684,9.266666666666667
2013-09-07,19:39:26,0.7333333333333333,11.199925740559896,20.33333333333333
2013-09-07,19:44:26,0.8666666666666667,10.799942016601562,47.13333333333333
2013-09-07,19:49:26,1.3,11.399943033854166,47.06666666666667
2013-09-07,19:54:26,0.5666666666666667,9.399897257486979,10.6
2013-09-07,19:59:26,0.9333333333333332,10.466588338216146,4.133333333333334
2013-09-07,20:04:26,41.5,55.06658766004775,29.33333333333333
2013-09-07,20:09:26,0.6666666666666667,38.39991251627604,19.2
2013-09-07,20:14:27,1.6,16.999918619791664,78.06666666666666
2013-09-07,20:19:27,1.7,13.399937947591145,60.93333333333333
2013-09-07,20:24:27,0.5666666666666667,10.199940999348959,0.4
2013-09-07,20:29:27,0.6,8.799947102864584,0.26666666666666666
2013-09-07,20:34:27,1.6666666666666663,14.399948120117188,9.133333333333333
2013-09-07,20:39:27,0.7333333333333333,10.799942016601562,20.53333333333333
2013-09-07,20:44:27,0.7333333333333333,9.199930826822916,42.8
2013-09-07,20:49:27,1.3333333333333337,8.99993896484375,43.73333333333333
2013-09-07,20:54:27,0.6666666666666667,8.999913533528646,18.0
2013-09-07,20:59:27,0.9333333333333332,11.866616143120662,4.066666666666666
2013-09-07,21:04:27,1.6,14.399948120117188,9.333333333333334
2013-09-07,21:09:27,0.6666666666666667,12.399953206380209,19.133333333333333
2013-09-07,21:14:27,1.6333333333333335,11.599934895833334,93.66666666666669
2013-09-07,21:19:27,1.6333333333333335,11.199925740559896,45.53333333333333
2013-09-07,21:24:27,0.5333333333333333,8.399937947591146,0.4
2013-09-07,21:29:27,0.6,8.599929809570312,0.26666666666666666
2013-09-07,21:34:27,1.6,16.333296034071175,9.266666666666667
2013-09-07,21:39:27,0.6666666666666667,11.199951171875,10.4
2013-09-07,21:44:27,0.6333333333333333,8.19994608561198,23.6
2013-09-07,21:49:27,1.1666666666666667,10.133243136935764,28.8
2013-09-07,21:54:27,0.9666666666666668,8.99993896484375,53.93333333333333
2013-09-07,21:59:27,0.9666666666666668,8.733274671766493,9.866666666666667
2013-09-07,22:04:27,1.5666666666666669,15.99993387858073,8.933333333333334
2013-09-07,22:09:27,0.7666666666666667,12.399927775065105,11.4
2013-09-07,22:14:27,1.4,12.599894205729168,55.46666666666667
2013-09-07,22:19:27,1.4666666666666666,13.399937947591145,33.93333333333333
2013-09-07,22:24:27,0.8666666666666667,10.199940999348959,35.46666666666667
2013-09-07,22:29:27,0.7333333333333333,7.399953206380208,20.933333333333334
2013-09-07,22:34:27,1.5666666666666669,16.86659071180556,8.533333333333333
2013-09-07,22:39:27,0.7333333333333333,12.066599527994793,10.133333333333333
2013-09-07,22:44:27,0.7333333333333333,10.266596476236979,39.4
2013-09-07,22:49:28,1.2333333333333334,9.799906412760418,33.8
2013-09-07,22:54:28,0.7,8.933275010850693,32.4
2013-09-07,22:59:28,0.9333333333333332,10.866597493489582,12.6
2013-09-07,23:04:28,1.6,14.999940660264755,8.933333333333334
2013-09-07,23:09:28,0.8666666666666667,11.066606309678818,11.933333333333335
2013-09-07,23:14:28,1.4666666666666666,9.799931844075521,70.26666666666667
2013-09-07,23:19:28,1.3666666666666665,12.999937269422745,49.2
2013-09-07,23:24:28,0.7666666666666667,8.39992947048611,26.93333333333333
2013-09-07,23:29:28,0.7666666666666667,9.799931844075521,1.2
2013-09-07,23:34:28,1.7333333333333334,15.7999504937066,9.2
2013-09-07,23:39:28,0.7333333333333333,12.266599867078991,20.4
2013-09-07,23:44:28,0.7333333333333333,10.533260769314234,43.26666666666666
2013-09-07,23:49:28,1.2666666666666666,10.533243815104166,33.2
2013-09-07,23:54:28,0.7,9.666620890299479,28.066666666666666
2013-09-07,23:59:28,0.9333333333333332,11.133236355251734,4.066666666666666
2013-09-08,00:04:28,41.53333333333333,55.33325195312501,30.466666666666665
2013-09-08,00:09:28,0.6666666666666667,35.33329433865016,16.4
2013-09-08,00:14:28,1.6,16.799960666232643,77.0
2013-09-08,00:19:28,1.6,14.466612074110238,51.4
2013-09-08,00:24:28,0.5333333333333333,10.99993387858073,13.133333333333333
2013-09-08,00:29:28,0.6,8.599912855360243,0.26666666666666666
2013-09-08,00:34:28,1.6333333333333335,12.666583591037325,9.2
2013-09-08,00:39:28,0.7,11.466598510742188,24.13333333333333
2013-09-08,00:44:28,0.8666666666666667,8.599929809570312,48.46666666666667
2013-09-08,00:49:28,1.3333333333333337,11.133236355251734,52.26666666666666
2013-09-08,00:54:28,0.5333333333333333,9.466612074110243,0.26666666666666666
2013-09-08,00:59:28,0.9666666666666668,11.999935574001734,4.066666666666666
2013-09-08,01:04:28,1.6666666666666663,18.0666266547309,9.333333333333334
2013-09-08,01:09:28,0.7,14.599948459201393,19.6
2013-09-08,01:14:28,1.5666666666666669,11.933263142903645,73.53333333333333
2013-09-08,01:19:28,1.7666666666666666,12.866617838541666,65.0
2013-09-08,01:24:28,0.5666666666666667,9.933251274956596,0.4
2013-09-08,01:29:28,0.6,9.599931504991318,0.26666666666666666
2013-09-08,01:34:29,4.566666666666666,21.06658087836372,100.0
2013-09-08,01:39:29,1.2,17.266616821289062,13.2
2013-09-08,01:44:29,0.9666666666666668,14.666603936089412,52.33333333333334
2013-09-08,01:49:29,1.2333333333333334,16.066614786783852,45.26666666666666
2013-09-08,01:54:29,0.6,11.19991726345486,13.466666666666667
2013-09-08,01:59:29,0.9333333333333332,11.333253648546005,4.0
2013-09-08,02:04:29,41.13333333333333,59.99994066026475,29.466666666666665
2013-09-08,02:09:29,1.35,40.99998474121094,29.777777777777782
2013-09-08,02:14:29,1.4333333333333331,28.466593424479164,71.66666666666667
2013-09-08,02:19:29,1.4666666666666666,16.866599188910595,44.73333333333333
2013-09-08,02:24:29,0.6,12.199952867296005,0.4
2013-09-08,02:29:29,0.6,9.533267550998266,0.26666666666666666
2013-09-08,02:34:29,1.6333333333333335,15.066613091362848,8.4
2013-09-08,02:39:29,0.7333333333333333,9.599931504991318,21.53333333333333
2013-09-08,02:44:29,0.7666666666666667,9.866595798068577,41.8
2013-09-08,02:49:29,1.2666666666666666,10.866605970594618,44.8
2013-09-08,02:54:29,0.5333333333333333,11.999961005316841,0.3333333333333333
2013-09-08,02:59:29,0.9333333333333332,13.399946424696177,4.0
2013-09-08,03:04:29,1.4333333333333331,14.533284505208332,8.4
2013-09-08,03:09:29,0.8,14.333284166124136,13.666666666666664
2013-09-08,03:14:29,1.2666666666666666,11.533287896050345,63.86666666666667
2013-09-08,03:19:29,1.6,10.466622246636287,56.66666666666666
2013-09-08,03:24:29,0.5,11.066623263888888,0.4666666666666667
2013-09-08,03:29:29,0.5666666666666667,8.533282809787325,0.8
2013-09-08,03:34:29,1.5,11.533253987630209,8.066666666666666
2013-09-08,03:39:29,0.8666666666666667,10.199907090928818,19.666666666666668
2013-09-08,03:44:29,0.8333333333333333,12.199944390190971,46.53333333333333
2013-09-08,03:49:29,1.2,9.533250596788195,42.73333333333333
2013-09-08,03:54:29,0.5,9.333250257703995,0.6
2013-09-08,03:59:30,0.8333333333333333,10.199940999348959,3.8666666666666663
2013-09-08,04:04:29,1.3666666666666665,14.333292643229168,8.6
2013-09-08,04:09:29,0.8333333333333333,12.933264838324652,14.533333333333333
2013-09-08,04:14:29,1.3,11.466598510742188,67.46666666666667
2013-09-08,04:19:29,1.3666666666666665,13.466584947374132,53.13333333333333
2013-09-08,04:24:29,0.6333333333333333,10.933261447482641,1.0666666666666669
2013-09-08,04:29:29,0.5333333333333333,9.666595458984375,0.26666666666666666
2013-09-08,04:34:29,1.4666666666666666,14.599914550781248,7.8
2013-09-08,04:39:29,0.7666666666666667,11.533253987630209,16.933333333333334
2013-09-08,04:44:29,0.8666666666666667,11.733296712239582,57.73333333333333
2013-09-08,04:49:29,1.1,11.199908786349829,33.8
2013-09-08,04:54:29,0.4666666666666666,11.333245171440971,0.26666666666666666
2013-09-08,04:59:29,0.8666666666666667,10.399907430013021,3.8
2013-09-08,05:04:29,1.5,15.199915568033854,8.8
2013-09-08,05:09:29,0.7666666666666667,12.999954223632812,22.4
2013-09-08,05:14:29,1.3,12.599945068359375,74.66666666666667
2013-09-08,05:19:29,1.4333333333333331,12.79991149902344,37.6
2013-09-08,05:24:29,0.5333333333333333,11.599960327148438,0.4
2013-09-08,05:29:29,0.6,9.999923706054688,0.26666666666666666
2013-09-08,05:34:29,1.6,16.06658087836372,8.4
2013-09-08,05:39:30,0.7,15.599950154622396,19.066666666666666
2013-09-08,05:44:30,0.8333333333333333,11.999918619791666,44.46666666666667
2013-09-08,05:49:30,1.2,12.466608683268229,44.33333333333334
2013-09-08,05:54:30,0.4666666666666666,13.399963378906252,0.26666666666666666
2013-09-08,05:59:30,0.8666666666666667,9.59991455078125,3.6666666666666665
2013-09-08,06:04:30,1.4666666666666666,13.733257717556423,8.733333333333333
2013-09-08,06:09:30,0.7,13.19994608561198,11.133333333333333
2013-09-08,06:14:30,1.3333333333333337,14.199956258138021,72.93333333333334
2013-09-08,06:19:30,1.4333333333333331,12.599945068359375,49.46666666666667
2013-09-08,06:24:30,0.7,11.399943033854166,1.2666666666666666
2013-09-08,06:29:30,0.6,8.066592746310764,0.26666666666666666
2013-09-08,06:34:30,1.5,13.066601223415796,8.4
2013-09-08,06:39:30,0.8,12.799936930338543,23.66666666666667
2013-09-08,06:44:30,0.8666666666666667,9.799957275390625,61.66666666666666
2013-09-08,06:49:30,1.0,8.99993896484375,23.066666666666666
2013-09-08,06:54:30,0.5,7.3999277750651045,0.26666666666666666
2013-09-08,06:59:30,0.9,10.799967447916666,4.066666666666666
2013-09-08,07:04:30,1.3333333333333337,15.99993387858073,8.4
2013-09-08,07:09:30,0.7,12.599919637044271,18.066666666666666
2013-09-08,07:14:30,1.5,11.199925740559896,88.06666666666666
2013-09-08,07:19:30,1.3333333333333337,12.599945068359375,28.466666666666665
2013-09-08,07:24:30,0.6,11.199976603190104,0.6666666666666666
2013-09-08,07:29:30,2.1333333333333333,14.999949137369791,0.26666666666666666
2013-09-08,07:34:30,1.5,27.59994506835937,8.333333333333334
2013-09-08,07:39:30,0.7666666666666667,18.99993896484375,15.333333333333336
2013-09-08,07:44:30,0.9333333333333332,13.199920654296873,57.93333333333333
2013-09-08,07:49:30,1.1333333333333333,10.399932861328125,35.13333333333333
2013-09-08,07:54:30,0.4666666666666666,7.799962361653646,0.26666666666666666
2013-09-08,07:59:30,0.9666666666666668,8.066609700520834,3.933333333333333
2013-09-08,08:04:30,38.766666666666666,41.46662394205729,29.0
2013-09-08,08:09:30,3.7,51.39993455674913,15.266666666666667
2013-09-08,08:14:30,1.3666666666666665,19.399965074327255,78.86666666666666
2013-09-08,08:19:30,1.3333333333333337,12.133280436197918,40.06666666666667
2013-09-08,08:24:31,0.6666666666666667,8.733266194661459,1.1333333333333333
2013-09-08,08:29:31,0.5666666666666667,10.799925062391493,0.26666666666666666
2013-09-08,08:34:31,1.5333333333333334,18.599938286675346,8.466666666666667
2013-09-08,08:39:31,0.7666666666666667,13.66661071777344,17.533333333333335
2013-09-08,08:44:31,0.8333333333333333,9.599923027886287,52.66666666666666
2013-09-08,08:49:31,1.1,10.999925401475693,38.13333333333333
2013-09-08,08:54:31,0.4666666666666666,8.799930148654513,0.26666666666666666
2013-09-08,08:59:31,0.9,9.133249918619791,3.933333333333333
2013-09-08,09:04:31,1.3333333333333337,15.799942016601562,8.4
2013-09-08,09:09:31,0.7333333333333333,12.999954223632812,14.533333333333333
2013-09-08,09:14:31,1.2666666666666666,13.666602240668405,72.06666666666666
2013-09-08,09:19:31,1.5,11.79994371202257,48.06666666666667
2013-09-08,09:24:31,0.4666666666666666,8.59993828667535,0.4666666666666667
2013-09-08,09:29:31,0.5333333333333333,6.799926757812501,0.26666666666666666
2013-09-08,09:34:31,1.5,13.53329128689236,8.266666666666667
2013-09-08,09:39:31,0.9,11.733279758029514,14.266666666666667
2013-09-08,09:44:31,0.8,10.933278401692709,49.73333333333333
2013-09-08,09:49:31,1.1333333333333333,10.933278401692709,44.53333333333333
2013-09-08,09:54:31,0.43333333333333335,9.799897935655382,0.26666666666666666
2013-09-08,09:59:31,0.9,11.333287556966146,5.133333333333334
2013-09-08,10:04:31,1.3,14.666620890299479,8.133333333333333
2013-09-08,10:09:31,0.8,12.73324754503038,12.8
2013-09-08,10:14:32,1.2666666666666666,12.399927775065105,68.8
2013-09-08,10:19:32,1.5,14.333275689019095,53.6
2013-09-08,10:24:32,0.4666666666666666,13.266593085394964,0.4
2013-09-08,10:29:32,0.5666666666666667,9.466595119900171,0.26666666666666666
2013-09-08,10:34:32,1.4,18.19994608561198,7.7333333333333325
2013-09-08,10:39:32,0.8666666666666667,15.59991624620226,17.0
2013-09-08,10:44:32,0.8,10.999925401475693,46.4
2013-09-08,10:49:32,1.1333333333333333,11.533304850260418,45.53333333333333
2013-09-08,10:54:32,0.43333333333333335,9.999957614474829,0.26666666666666666
2013-09-08,10:59:32,0.8333333333333333,10.266613430447046,3.6
2013-09-08,11:04:32,1.2333333333333334,15.5999755859375,8.133333333333333
2013-09-08,11:09:32,0.9,13.533282809787325,15.2
2013-09-08,11:14:32,1.2666666666666666,12.666617499457464,66.06666666666666
2013-09-08,11:19:32,1.5333333333333334,12.399944729275171,54.2
2013-09-08,11:24:32,0.5666666666666667,11.133287217881943,0.4
2013-09-08,11:29:32,0.6,9.466578165690104,0.26666666666666666
2013-09-08,11:34:32,1.5333333333333334,16.5999518500434,8.4
2013-09-08,11:39:32,0.7666666666666667,13.333257039388021,18.6
2013-09-08,11:44:32,0.9,11.266623602973088,52.73333333333333
2013-09-08,11:49:32,1.0666666666666669,10.666597154405382,37.333333333333336
2013-09-08,11:54:32,0.4,10.799916585286457,0.26666666666666666
2013-09-08,11:59:32,0.9,10.466596815321182,3.6666666666666665
2013-09-08,12:04:33,41.03333333333333,51.06661478678386,28.86666666666667
2013-09-08,12:09:33,0.7666666666666667,45.133260091145836,13.133333333333333
2013-09-08,12:14:33,1.3666666666666665,20.133302476671002,75.13333333333334
2013-09-08,12:19:33,1.6333333333333335,13.999930487738713,46.73333333333333
2013-09-08,12:24:33,0.6,9.799914889865454,0.4
2013-09-08,12:29:33,0.6,11.599934895833334,0.26666666666666666
2013-09-08,12:34:33,1.5666666666666669,14.13326687282986,8.4
2013-09-08,12:39:33,0.7,12.999920315212673,15.466666666666667
2013-09-08,12:44:33,0.9,11.666607326931421,49.2
2013-09-08,12:49:33,1.2333333333333334,11.133270263671875,43.86666666666667
2013-09-08,12:54:33,0.5,11.666590372721354,0.26666666666666666
2013-09-08,12:59:33,1.0,9.999932183159725,4.0
2013-09-08,13:04:33,1.5333333333333334,16.133261786566838,9.0
2013-09-08,13:09:33,0.7333333333333333,14.333258734809027,17.133333333333333
2013-09-08,13:14:33,1.4,12.599936591254338,77.73333333333333
2013-09-08,13:19:33,1.3666666666666665,12.866583930121525,39.46666666666667
2013-09-08,13:24:33,0.7,11.333296034071182,1.0
2013-09-08,13:29:33,0.6,9.333250257703995,0.26666666666666666
2013-09-08,13:34:33,1.5666666666666669,14.599931504991323,8.466666666666667
2013-09-08,13:39:33,0.8,15.266621907552084,19.8
2013-09-08,13:44:33,1.1,11.933263142903645,60.26666666666666
2013-09-08,13:49:33,1.1666666666666667,10.399932861328125,28.466666666666665
2013-09-08,13:54:33,0.5,9.333241780598959,0.26666666666666666
2013-09-08,13:59:33,0.8666666666666667,10.666614108615454,3.933333333333333
2013-09-08,14:04:33,1.3666666666666665,16.533270941840275,8.333333333333334
2013-09-08,14:09:33,0.7333333333333333,14.399922688802084,15.866666666666667
2013-09-08,14:14:33,1.3666666666666665,12.866609361436629,77.33333333333333
2013-09-08,14:19:33,1.4666666666666666,12.866592407226562,41.13333333333333
2013-09-08,14:24:33,0.5666666666666667,9.466603597005207,0.4
2013-09-08,14:29:33,0.5666666666666667,9.333250257703995,0.26666666666666666
2013-09-08,14:34:33,1.6,13.93328348795573,8.4
2013-09-08,14:39:33,0.7333333333333333,13.799947102864582,19.666666666666668
2013-09-08,14:44:33,0.9,13.2666015625,54.8
2013-09-08,14:49:33,0.9666666666666668,10.399949815538195,33.2
2013-09-08,14:54:33,0.5,9.999949137369791,0.26666666666666666
2013-09-08,14:59:33,0.9666666666666668,8.8665771484375,4.0
2013-09-08,15:04:33,1.4333333333333331,15.333268907335073,8.4
2013-09-08,15:09:33,4.9,31.66663275824652,16.333333333333332
2013-09-08,15:14:33,1.4333333333333331,24.93328518337674,80.93333333333334
2013-09-08,15:19:34,1.3333333333333337,17.79995388454861,36.8
2013-09-08,15:24:34,0.5666666666666667,12.399919297960068,0.4
2013-09-08,15:29:34,0.5666666666666667,9.399922688802082,0.26666666666666666
2013-09-08,15:34:34,1.5,20.533286200629345,8.333333333333334
2013-09-08,15:39:34,0.7666666666666667,16.599960327148438,17.933333333333334
2013-09-08,15:44:34,0.8666666666666667,10.399932861328125,57.8
2013-09-08,15:49:34,1.1666666666666667,8.799921671549479,32.6
2013-09-08,15:54:34,0.5,11.7999267578125,0.26666666666666666
2013-09-08,15:59:34,0.9333333333333332,9.199905395507812,3.933333333333333
2013-09-08,16:04:34,41.4,50.06659613715277,29.466666666666665
2013-09-08,16:09:34,0.8666666666666667,43.79992167154948,17.133333333333333
2013-09-08,16:14:34,1.3333333333333337,19.599965413411457,67.66666666666667
2013-09-08,16:19:34,1.6333333333333335,15.799916585286459,49.6
2013-09-08,16:24:34,0.5666666666666667,11.199925740559896,0.4
2013-09-08,16:29:34,0.5333333333333333,8.799921671549479,0.26666666666666666
2013-09-08,16:34:34,1.4,14.866604275173614,8.0
2013-09-08,16:39:34,0.8,14.399948120117188,13.066666666666665
2013-09-08,16:44:34,0.7666666666666667,11.399943033854166,41.4
2013-09-08,16:49:34,1.0333333333333332,10.399907430013021,40.06666666666667
2013-09-08,16:54:34,0.5666666666666667,9.599939982096355,13.733333333333333
2013-09-08,16:59:34,0.8333333333333333,10.399932861328125,3.6
2013-09-08,17:04:34,1.3,14.799906412760416,8.133333333333333
2013-09-08,17:09:34,0.8333333333333333,13.399937947591145,17.666666666666668
2013-09-08,17:14:34,1.3,10.39995829264323,69.53333333333333
2013-09-08,17:19:34,1.6333333333333335,11.999969482421875,48.06666666666667
2013-09-08,17:24:34,0.5333333333333333,9.799931844075521,0.4
2013-09-08,17:29:34,0.5,7.799936930338541,0.26666666666666666
2013-09-08,17:34:34,1.3666666666666665,14.999974568684896,7.7333333333333325
2013-09-08,17:39:34,0.8666666666666667,11.999918619791666,19.866666666666667
2013-09-08,17:44:34,0.8333333333333333,10.599924723307291,50.73333333333333
2013-09-08,17:49:35,1.1333333333333333,12.399927775065105,38.53333333333333
2013-09-08,17:54:35,0.4666666666666666,10.133285522460938,0.3333333333333333
2013-09-08,17:59:35,0.8333333333333333,13.19994608561198,3.6
2013-09-08,18:04:35,1.2666666666666666,16.199976603190105,8.2
2013-09-08,18:09:35,0.7666666666666667,13.999913533528646,12.466666666666667
2013-09-08,18:14:35,1.3333333333333337,11.799952189127605,75.73333333333333
2013-09-08,18:19:35,1.4666666666666666,15.399932861328125,47.13333333333333
2013-09-08,18:24:35,0.5,10.599924723307291,0.4
2013-09-08,18:29:35,0.5,8.599904378255207,0.26666666666666666
2013-09-08,18:34:35,1.4666666666666666,15.93329535590278,8.4
2013-09-08,18:39:35,0.6333333333333333,11.199951171875,15.933333333333335
2013-09-08,18:44:35,0.7,11.533270941840275,34.73333333333333
2013-09-08,18:49:35,1.1333333333333333,9.933234320746525,57.53333333333333
2013-09-08,18:54:35,0.5,9.933242797851562,0.26666666666666666
2013-09-08,18:59:35,0.8,9.93325975206163,3.6
2013-09-08,19:04:35,1.4333333333333331,15.133268568250871,8.8
2013-09-08,19:09:35,0.7,12.13326348198785,14.266666666666667
2013-09-08,19:14:35,1.3,10.199966430664062,73.46666666666667
2013-09-08,19:19:35,1.4333333333333331,12.73329840766059,46.6
2013-09-08,19:24:35,0.5333333333333333,10.733261108398438,0.4
2013-09-08,19:29:35,0.5,8.866611056857641,0.26666666666666666
2013-09-08,19:34:36,1.5,15.466613769531248,8.4
2013-09-08,19:39:36,0.6666666666666667,13.066592746310764,14.2
2013-09-08,19:44:36,0.7666666666666667,12.266591389973957,34.73333333333333
2013-09-08,19:49:36,1.1666666666666667,11.999927096896702,41.0
2013-09-08,19:54:36,0.6,9.799957275390625,17.666666666666668
2013-09-08,19:59:36,0.9,11.733271280924479,4.0
2013-09-08,20:04:36,40.933333333333344,50.999925401475686,27.93333333333333
2013-09-08,20:09:36,0.7,41.86657375759549,4.8
2013-09-08,20:14:36,1.1666666666666667,17.466625637478298,48.2
2013-09-08,20:19:36,1.4333333333333331,12.933247884114582,33.53333333333333
2013-09-08,20:24:36,0.7,9.399956597222221,29.4
2013-09-08,20:29:36,0.6,11.999935574001734,7.4
2013-09-08,20:34:36,1.5333333333333334,15.466613769531248,8.466666666666667
2013-09-08,20:39:36,0.7333333333333333,13.466627332899309,10.066666666666666
2013-09-08,20:44:36,0.8,10.199932522243925,37.66666666666666
2013-09-08,20:49:36,1.2666666666666666,8.333265516493057,43.06666666666667
2013-09-08,20:54:36,0.6,8.133290608723959,13.666666666666664
2013-09-08,20:59:36,0.9,10.933286878797745,4.0
2013-09-08,21:04:36,1.4666666666666666,15.599958631727425,8.4
2013-09-08,21:09:36,0.7,14.866612752278646,12.533333333333333
2013-09-08,21:14:36,1.3666666666666665,11.733271280924479,62.53333333333333
2013-09-08,21:19:36,1.3333333333333337,11.999952528211804,29.466666666666665
2013-09-08,21:24:36,0.7666666666666667,9.799931844075521,29.0
2013-09-08,21:29:36,0.5666666666666667,10.399932861328125,0.26666666666666666
2013-09-08,21:34:36,1.6,14.866604275173614,8.4
2013-09-08,21:39:36,0.8333333333333333,13.333273993598088,11.133333333333333
2013-09-08,21:44:36,0.7666666666666667,11.533270941840275,31.86666666666667
2013-09-08,21:49:36,1.1333333333333333,10.46661376953125,40.86666666666667
2013-09-08,21:54:36,0.6666666666666667,10.53326924641927,23.86666666666667
2013-09-08,21:59:36,0.8333333333333333,11.266615125868055,4.066666666666666
2013-09-08,22:04:37,1.4333333333333331,15.266587999131943,8.333333333333334
2013-09-08,22:09:37,0.8,13.133256700303816,18.133333333333333
2013-09-08,22:14:37,1.3,11.999927096896702,63.53333333333333
2013-09-08,22:19:36,1.5333333333333334,13.199937608506945,52.93333333333333
2013-09-08,22:24:36,0.6,10.666588677300346,0.4
2013-09-08,22:29:36,0.5666666666666667,9.599923027886287,0.26666666666666666
2013-09-08,22:34:36,1.4666666666666666,13.333299424913193,8.466666666666667
2013-09-08,22:39:36,0.8333333333333333,12.266616821289062,15.6
2013-09-08,22:44:36,0.9,10.866614447699654,46.4
2013-09-08,22:49:36,1.2333333333333334,9.39993964301215,46.0
2013-09-08,22:54:36,0.5333333333333333,8.733266194661459,0.3333333333333333
2013-09-08,22:59:36,0.8333333333333333,9.533301459418402,4.0
2013-09-08,23:04:36,1.3666666666666665,15.199974907769095,7.8
2013-09-08,23:09:36,0.8666666666666667,12.999937269422745,17.4
2013-09-08,23:14:36,1.4333333333333331,10.533260769314234,75.33333333333333
2013-09-08,23:19:36,1.3,14.266594780815971,41.333333333333336
2013-09-08,23:24:36,0.8333333333333333,8.2666015625,1.4666666666666666
2013-09-08,23:29:36,0.6,8.866594102647568,0.26666666666666666
2013-09-08,23:34:37,1.4333333333333331,13.133256700303816,7.7333333333333325
2013-09-08,23:39:37,0.8666666666666667,10.666597154405382,17.866666666666667
2013-09-08,23:44:37,0.9,11.133270263671875,60.8
2013-09-08,23:49:37,1.2,11.466598510742188,30.13333333333333
2013-09-08,23:54:37,0.5333333333333333,11.466623942057291,0.26666666666666666
2013-09-08,23:59:37,0.8,8.866594102647568,3.6
2013-09-09,00:04:37,41.63333333333333,54.06663682725693,28.53333333333333
2013-09-09,00:09:37,0.9,41.66659037272136,14.866666666666667
2013-09-09,00:14:37,1.4333333333333331,17.066599527994793,81.06666666666666
2013-09-09,00:19:37,1.3666666666666665,13.733291625976562,31.466666666666665
2013-09-09,00:24:37,0.5333333333333333,12.599962022569441,0.4
2013-09-09,00:29:37,0.5666666666666667,9.999932183159725,0.26666666666666666
2013-09-09,00:34:37,1.6,14.666620890299479,8.466666666666667
2013-09-09,00:39:37,0.8,13.333282470703125,16.0
2013-09-09,00:44:37,0.9333333333333332,10.933261447482641,55.66666666666666
2013-09-09,00:49:37,1.2333333333333334,8.533274332682291,39.6
2013-09-09,00:54:37,0.6,8.333282470703125,0.26666666666666666
2013-09-09,00:59:37,0.8,8.533248901367188,3.6
2013-09-09,01:04:37,1.5333333333333334,15.466613769531248,8.8
2013-09-09,01:09:37,0.7666666666666667,12.2666252983941,21.93333333333333
2013-09-09,01:14:37,1.5333333333333334,11.59994337293837,76.53333333333333
2013-09-09,01:19:37,1.4,11.399943033854166,36.66666666666666
2013-09-09,01:24:37,0.6,9.59991455078125,0.4
2013-09-09,01:29:37,0.5666666666666667,8.133282131618923,0.26666666666666666
2013-09-09,01:34:37,4.5,18.133299085828995,100.0
2013-09-09,01:39:37,1.4333333333333331,18.133265177408852,24.066666666666666
2013-09-09,01:44:37,1.0333333333333332,11.866599188910591,54.0
2013-09-09,01:49:37,1.1333333333333333,13.866611056857636,30.2
2013-09-09,01:54:37,0.6,11.066623263888888,0.26666666666666666
2013-09-09,01:59:38,0.8666666666666667,11.266598171657984,4.066666666666666
2013-09-09,02:04:38,41.36666666666667,53.999947441948784,29.6
2013-09-09,02:09:38,2.1666666666666665,47.333289252387154,17.066666666666666
2013-09-09,02:14:38,1.5,23.933291965060764,79.2
2013-09-09,02:19:38,1.0,18.066609700520832,6.333333333333332
2013-09-09,02:24:38,0.5666666666666667,13.533274332682291,0.4
2013-09-09,02:29:38,0.5333333333333333,9.799957275390625,0.26666666666666666
2013-09-09,02:34:38,1.6333333333333335,19.599948459201393,8.4
2013-09-09,02:39:38,0.7333333333333333,15.06659613715278,13.866666666666667
2013-09-09,02:44:38,0.8666666666666667,10.733252631293402,45.66666666666666
2013-09-09,02:49:38,0.9333333333333332,10.933252970377605,23.13333333333333
2013-09-09,02:54:38,0.5666666666666667,9.599956936306421,0.26666666666666666
2013-09-09,02:59:38,0.8333333333333333,9.46658664279514,4.0
2013-09-09,03:04:38,1.4666666666666666,20.533260769314236,8.466666666666667
2013-09-09,03:09:38,0.7,16.066614786783852,17.4
2013-09-09,03:14:38,1.4333333333333331,12.866617838541666,58.93333333333333
2013-09-09,03:19:38,1.1,13.933258056640627,25.93333333333333
2013-09-09,03:24:38,0.5666666666666667,10.933269924587673,0.4
2013-09-09,03:29:38,0.5333333333333333,9.466603597005207,0.26666666666666666
2013-09-09,03:34:38,1.5666666666666669,18.733266194661457,8.4
2013-09-09,03:39:38,0.7333333333333333,13.333299424913193,8.6
2013-09-09,03:44:38,0.5,10.666605631510418,14.6
2013-09-09,03:49:38,0.8666666666666667,9.933293660481771,17.933333333333334
2013-09-09,03:54:38,0.7,8.066584269205729,14.2
2013-09-09,03:59:38,0.9,10.999942355685764,15.0
2013-09-09,04:04:38,1.4666666666666666,20.9999508327908,12.0
2013-09-09,04:09:38,0.7333333333333333,13.733300103081596,2.533333333333333
2013-09-09,04:14:38,1.0666666666666669,10.866589016384546,21.33333333333333
2013-09-09,04:19:38,0.8666666666666667,14.133283827039932,2.7333333333333334
2013-09-09,04:24:38,0.6333333333333333,8.8665771484375,2.6666666666666665
2013-09-09,04:29:38,0.5,8.866585625542537,2.0
2013-09-09,04:34:38,1.5666666666666669,21.866616143120662,11.0
2013-09-09,04:39:38,0.6666666666666667,13.199937608506945,1.2
2013-09-09,04:44:39,0.5,9.39993964301215,2.2666666666666666
2013-09-09,04:49:39,0.7333333333333333,12.399961683485243,1.0
2013-09-09,04:54:39,0.6,9.73325941297743,0.26666666666666666
2013-09-09,04:59:39,0.8333333333333333,7.266599867078995,3.933333333333333
2013-09-09,05:04:39,1.4,22.066608005099827,8.2
2013-09-09,05:09:39,0.8333333333333333,13.199929131401907,3.8666666666666663
2013-09-09,05:14:39,1.1333333333333333,12.666634453667532,33.13333333333333
2013-09-09,05:19:39,0.9,11.799935234917532,14.2
2013-09-09,05:24:39,0.6666666666666667,13.733283148871525,13.333333333333336
2013-09-09,05:29:39,0.5666666666666667,9.93325975206163,18.733333333333334
2013-09-09,05:34:39,1.5333333333333334,21.733254326714412,17.0
2013-09-09,05:39:39,0.8,13.599955240885416,13.8
2013-09-09,05:44:39,0.7,9.266586303710938,23.066666666666666
2013-09-09,05:49:39,0.9666666666666668,12.399927775065105,33.13333333333333
2013-09-09,05:54:39,0.7,10.5999755859375,8.6
2013-09-09,05:59:39,0.8333333333333333,10.399932861328125,3.6666666666666665
2013-09-09,06:04:39,1.4666666666666666,23.199946085611977,8.133333333333333
2013-09-09,06:09:39,0.8666666666666667,16.999969482421875,7.466666666666668
2013-09-09,06:14:39,1.2666666666666666,11.199925740559896,43.73333333333333
2013-09-09,06:19:39,1.1,11.999918619791666,29.93333333333333
2013-09-09,06:24:39,0.6666666666666667,8.799947102864584,18.33333333333333
2013-09-09,06:29:39,0.5333333333333333,9.999923706054688,0.26666666666666666
2013-09-09,06:34:39,1.6333333333333335,20.999916924370662,8.4
2013-09-09,06:39:39,0.8333333333333333,13.19994608561198,18.266666666666666
2013-09-09,06:44:39,0.5333333333333333,8.799921671549479,17.066666666666666
2013-09-09,06:49:39,0.9666666666666668,10.599924723307291,44.06666666666667
2013-09-09,06:54:39,0.6666666666666667,7.3999277750651045,0.26666666666666666
2013-09-09,06:59:40,0.8333333333333333,10.666571723090275,3.6666666666666665
2013-09-09,07:04:40,1.6,22.46661716037326,8.8
2013-09-09,07:09:40,0.6666666666666667,14.599939982096355,3.533333333333333
2013-09-09,07:14:40,1.1333333333333333,11.599909464518229,34.6
2013-09-09,07:19:40,1.0333333333333332,11.599934895833334,22.33333333333333
2013-09-09,07:24:39,0.8333333333333333,8.99993896484375,35.6
2013-09-09,07:29:39,0.5333333333333333,12.399953206380209,0.26666666666666666
2013-09-09,07:34:39,1.6,21.066623263888886,8.333333333333334
2013-09-09,07:39:39,0.6666666666666667,13.799947102864582,7.533333333333332
2013-09-09,07:44:39,0.7666666666666667,12.399953206380209,31.73333333333333
2013-09-09,07:49:39,0.9,11.99994405110677,23.13333333333333
2013-09-09,07:54:39,0.5333333333333333,7.399910820855037,14.466666666666667
2013-09-09,07:59:39,0.9333333333333332,12.999928792317709,4.066666666666666
2013-09-09,08:04:39,40.5,52.133238050672745,29.8
2013-09-09,08:09:39,0.7666666666666667,45.999959309895836,10.6
2013-09-09,08:14:40,1.4333333333333331,19.599965413411457,49.0
2013-09-09,08:19:40,1.1,13.599955240885416,40.73333333333333
2013-09-09,08:24:40,0.6,10.399932861328125,0.4
2013-09-09,08:29:40,0.5,9.533267550998266,0.26666666666666666
2013-09-09,08:34:40,1.5666666666666669,17.266599867078995,8.466666666666667
2013-09-09,08:39:40,0.6,13.19994608561198,8.133333333333333
2013-09-09,08:44:40,0.6666666666666667,12.799936930338543,22.8
2013-09-09,08:49:40,0.8,11.133270263671875,15.333333333333336
2013-09-09,08:54:40,0.6333333333333333,8.333282470703125,22.86666666666667
2013-09-09,08:59:40,0.9,10.599950154622395,9.8
2013-09-09,09:04:40,1.6666666666666663,18.799938625759545,10.6
2013-09-09,09:09:40,0.6,13.199920654296873,1.4
2013-09-09,09:14:40,1.2666666666666666,11.199925740559896,26.8
2013-09-09,09:19:40,0.9,12.79991149902344,6.133333333333334
2013-09-09,09:24:40,0.6333333333333333,9.199930826822916,4.133333333333334
2013-09-09,09:29:40,0.5666666666666667,9.53325907389323,5.066666666666666
2013-09-09,09:34:40,1.6,13.666585286458332,11.8
2013-09-09,09:39:40,0.6,9.59991455078125,3.2
2013-09-09,09:44:40,0.5666666666666667,9.533284505208334,3.1333333333333333
2013-09-09,09:49:40,0.9333333333333332,11.133253309461805,5.066666666666666
2013-09-09,09:54:40,0.5666666666666667,10.999959309895834,2.6666666666666665
2013-09-09,09:59:40,1.0,11.199934217664932,8.933333333333334
2013-09-09,10:04:40,1.8666666666666665,18.199954562717018,11.933333333333335
2013-09-09,10:09:40,0.7333333333333333,13.066609700520834,2.8
2013-09-09,10:14:40,1.1,12.46661716037326,23.8
2013-09-09,10:19:40,0.9666666666666668,14.13326687282986,4.933333333333334
2013-09-09,10:24:41,0.6333333333333333,11.266615125868055,4.2
2013-09-09,10:29:41,0.6333333333333333,9.333267211914062,4.0
2013-09-09,10:34:41,1.6333333333333335,14.133258395724823,11.533333333333333
2013-09-09,10:39:41,0.6666666666666667,11.666624281141493,4.333333333333333
2013-09-09,10:44:41,0.6333333333333333,11.066597832573784,4.2
2013-09-09,10:49:41,0.8,11.266589694552952,3.2
2013-09-09,10:54:41,0.6,8.666602240668402,3.8
2013-09-09,10:59:41,1.5833333333333337,8.666610717773438,5.909090909090909
2013-09-09,11:04:41,1.5333333333333334,15.86661444769965,9.066666666666666
2013-09-09,11:09:41,0.8333333333333333,12.466574774848088,3.0
2013-09-09,11:14:41,1.2666666666666666,12.066633436414932,22.466666666666665
2013-09-09,11:19:41,1.0,13.666593763563364,5.0
2013-09-09,11:24:41,0.6333333333333333,10.133285522460938,2.933333333333333
2013-09-09,11:29:41,0.9666666666666668,9.666603936089409,4.0
2013-09-09,11:34:41,1.8,16.866599188910595,14.466666666666667
2013-09-09,11:39:41,0.8333333333333333,11.866616143120662,5.333333333333333
2013-09-09,11:44:41,1.0454545454545454,7.999928792317708,3.5
2013-09-09,11:49:41,1.3333333333333337,10.333268907335068,4.866666666666666
2013-09-09,11:54:41,0.6666666666666667,9.33328416612413,4.066666666666666
2013-09-09,11:59:41,1.5,12.933273315429686,5.866666666666666
2013-09-09,12:04:41,42.26666666666667,56.866607666015625,30.33333333333333
2013-09-09,12:09:42,1.2083333333333333,51.999918619791664,1.9090909090909087
2013-09-09,12:14:42,1.2333333333333334,30.466596815321186,22.66666666666667
2013-09-09,12:19:42,1.0,16.799935234917537,5.266666666666667
2013-09-09,12:24:42,0.6333333333333333,10.799925062391493,4.2
2013-09-09,12:29:42,0.6666666666666667,7.39993625217014,5.866666666666666
2013-09-09,12:34:42,1.7666666666666666,14.799940321180552,12.933333333333335
2013-09-09,12:39:42,0.6666666666666667,11.333279079861112,5.133333333333334
2013-09-09,12:44:42,0.6,8.933275010850693,2.6666666666666665
2013-09-09,12:49:42,0.8333333333333333,9.53325907389323,5.333333333333333
2013-09-09,12:54:42,0.5,7.666583591037328,2.8666666666666667
2013-09-09,12:59:42,1.6333333333333335,10.133293999565971,12.133333333333333
2013-09-09,13:04:42,1.8,17.866643269856773,13.066666666666665
2013-09-09,13:09:42,0.5666666666666667,13.799964057074652,1.2666666666666666
2013-09-09,13:14:42,1.1666666666666667,10.133268568250868,28.13333333333333
2013-09-09,13:19:42,1.0333333333333332,12.39993625217014,17.6
2013-09-09,13:24:42,0.7,10.133260091145834,16.266666666666666
2013-09-09,13:29:42,0.7,9.399914211697046,23.0
2013-09-09,13:34:42,1.9333333333333331,18.533274332682293,21.066666666666666
2013-09-09,13:39:42,0.6,13.666576809353295,7.866666666666666
2013-09-09,13:44:42,0.8333333333333333,9.933268229166666,21.2
2013-09-09,13:49:42,1.0333333333333332,11.466623942057291,21.86666666666667
2013-09-09,13:54:42,0.8,9.733267890082466,26.066666666666666
2013-09-09,13:59:42,1.6666666666666663,8.933291965060764,14.2
2013-09-09,14:04:42,1.8,17.133255004882812,10.933333333333335
2013-09-09,14:09:42,1.0666666666666669,13.333282470703125,11.666666666666664
2013-09-09,14:14:42,1.3666666666666665,10.733252631293402,47.86666666666667
2013-09-09,14:19:42,1.3,14.7332763671875,38.4
2013-09-09,14:24:42,0.7666666666666667,11.066597832573784,9.933333333333334
2013-09-09,14:29:42,0.5333333333333333,7.799970838758682,0.6666666666666666
2013-09-09,14:34:42,1.8666666666666665,14.33326721191406,11.4
2013-09-09,14:39:42,0.9333333333333332,13.399920993381077,9.266666666666667
2013-09-09,14:44:42,0.8666666666666667,12.199935913085938,34.53333333333333
2013-09-09,14:49:42,1.6666666666666663,12.066608005099829,35.266666666666666
2013-09-09,14:54:42,0.7333333333333333,9.46658664279514,8.4
2013-09-09,14:59:43,1.3666666666666665,13.066592746310764,7.8
2013-09-09,15:04:43,1.8666666666666665,14.333275689019095,11.866666666666667
2013-09-09,15:09:43,5.6,26.999918619791668,7.7333333333333325
2013-09-09,15:14:43,1.5333333333333334,20.999942355685768,48.26666666666666
2013-09-09,15:19:43,1.3,14.73328484429253,26.33333333333333
2013-09-09,15:24:43,0.8,11.46658155653212,24.266666666666666
2013-09-09,15:29:43,0.6666666666666667,10.666580200195312,1.1333333333333333
2013-09-09,15:34:43,2.0666666666666664,17.933290269639755,12.733333333333333
2013-09-09,15:39:43,0.7666666666666667,12.733264499240448,15.333333333333336
2013-09-09,15:44:43,0.9,10.733261108398438,35.333333333333336
2013-09-09,15:49:43,1.2,9.533267550998266,31.466666666666665
2013-09-09,15:54:43,0.9,10.666597154405382,15.0
2013-09-09,15:59:43,1.1666666666666667,10.866597493489582,6.7333333333333325
2013-09-09,16:04:43,41.36666666666667,56.19993421766494,31.066666666666666
2013-09-09,16:09:43,1.346153846153846,50.307650443835136,11.5
2013-09-09,16:14:43,1.5666666666666669,28.799930148654525,48.13333333333333
2013-09-09,16:19:43,1.4,14.799940321180552,29.13333333333333
2013-09-09,16:24:43,0.8,10.733269585503475,10.8
2013-09-09,16:29:43,0.8666666666666667,8.466601901584202,9.6
2013-09-09,16:34:43,1.9333333333333331,15.333260430230036,10.6
2013-09-09,16:39:43,1.0,12.599928114149309,10.6
2013-09-09,16:44:43,0.8,11.466598510742188,18.466666666666665
2013-09-09,16:49:43,1.0333333333333332,10.933278401692709,16.666666666666668
2013-09-09,16:54:43,0.7666666666666667,9.333292643229168,18.866666666666667
2013-09-09,16:59:43,2.2,10.066579182942709,25.66666666666667
2013-09-09,17:04:43,2.9090909090909087,13.99993896484375,9.5
2013-09-09,17:09:43,0.7333333333333333,12.399944729275171,11.133333333333333
2013-09-09,17:14:43,1.4666666666666666,14.266586303710938,38.86666666666667
2013-09-09,17:19:43,1.2333333333333334,13.333273993598088,20.933333333333334
2013-09-09,17:24:43,0.8,8.533257378472221,16.0
2013-09-09,17:29:43,0.7333333333333333,9.133266872829859,11.733333333333333
2013-09-09,17:34:43,2.2333333333333334,13.133256700303816,12.466666666666667
2013-09-09,17:39:43,0.9666666666666668,10.933261447482641,9.6
2013-09-09,17:44:43,0.9666666666666668,10.066596137152777,19.8
2013-09-09,17:49:43,1.2666666666666666,10.999925401475693,31.6
2013-09-09,17:54:43,0.7333333333333333,8.99993896484375,19.466666666666665
2013-09-09,17:59:43,1.4333333333333331,12.266582912868921,15.466666666666667
2013-09-09,18:04:43,2.1,16.13330417209201,13.733333333333333
2013-09-09,18:09:43,0.8333333333333333,11.466632419162327,8.866666666666667
2013-09-09,18:14:43,1.6666666666666663,12.199969821506073,45.8
2013-09-09,18:19:43,1.6666666666666663,12.399961683485243,36.93333333333333
2013-09-09,18:24:43,0.9333333333333332,11.13324483235677,21.8
2013-09-09,18:29:43,0.9,12.933264838324652,3.2
2013-09-09,18:34:43,2.1333333333333333,15.73326958550347,11.266666666666667
2013-09-09,18:39:43,1.2,12.733289930555557,12.8
2013-09-09,18:44:43,1.5333333333333334,11.533270941840275,36.93333333333333
2013-09-09,18:49:43,1.5333333333333334,10.399915907118055,29.33333333333333
2013-09-09,18:54:44,0.9,11.133270263671875,16.6
2013-09-09,18:59:44,1.1333333333333333,10.399915907118055,6.4
2013-09-09,19:04:44,2.2333333333333334,13.799947102864582,13.666666666666664
2013-09-09,19:09:44,2.6,12.26657443576389,21.8
2013-09-09,19:14:44,1.7333333333333334,10.46661376953125,59.86666666666667
2013-09-09,19:19:44,1.1333333333333333,11.733271280924479,24.13333333333333
2013-09-09,19:24:44,0.6333333333333333,9.999906751844618,7.066666666666666
2013-09-09,19:29:44,0.8666666666666667,10.933261447482641,2.2666666666666666
2013-09-09,19:34:44,3.6,13.13327365451389,17.8
2013-09-09,19:39:44,1.7,11.933297051323784,16.933333333333334
2013-09-09,19:44:44,0.8,11.599960327148438,32.266666666666666
2013-09-09,19:49:44,1.5,12.599928114149309,35.86666666666667
2013-09-09,19:54:44,1.9666666666666663,10.066596137152777,8.2
2013-09-09,19:59:44,1.4,11.533287896050345,6.933333333333334
2013-09-09,20:04:44,43.43333333333333,52.39995320638021,36.66666666666666
2013-09-09,20:09:44,1.3666666666666665,37.79994540744357,17.133333333333333
2013-09-09,20:14:44,1.5666666666666669,16.066606309678818,46.93333333333333
2013-09-09,20:19:44,1.4666666666666666,13.333273993598088,32.13333333333333
2013-09-09,20:24:44,0.9,11.266606648763021,16.466666666666665
2013-09-09,20:29:44,0.7333333333333333,8.333257039388021,2.1333333333333333
2013-09-09,20:34:44,2.8666666666666667,12.533238728841145,13.0
2013-09-09,20:39:44,1.4,16.266589694552955,8.2
2013-09-09,20:44:44,0.7,11.066606309678818,23.86666666666667
2013-09-09,20:49:44,1.5,10.733269585503475,38.73333333333333
2013-09-09,20:54:44,1.3,13.866611056857636,24.13333333333333
2013-09-09,20:59:44,1.0333333333333332,12.06661648220486,5.933333333333334
2013-09-09,21:04:44,1.7333333333333334,10.199957953559027,10.0
2013-09-09,21:09:44,1.6333333333333335,11.333253648546005,11.4
2013-09-09,21:14:44,2.7,23.466627332899307,57.86666666666667
2013-09-09,21:19:44,1.8333333333333333,14.866621229383684,44.66666666666666
2013-09-09,21:24:44,0.9333333333333332,11.066597832573784,9.933333333333334
2013-09-09,21:29:44,0.6,8.866611056857641,0.8666666666666667
2013-09-09,21:34:44,1.9,17.733298407660595,10.8
2013-09-09,21:39:44,0.7,13.733257717556423,11.733333333333333
2013-09-09,21:44:44,2.2,10.399932861328125,27.33333333333333
2013-09-09,21:49:45,2.0,12.199910481770832,49.13333333333333
2013-09-09,21:54:45,0.8333333333333333,10.39995829264323,15.2
2013-09-09,21:59:45,1.8666666666666665,14.2665778266059,7.2
2013-09-09,22:04:45,2.666666666666667,18.533291286892357,12.0
2013-09-09,22:09:45,0.9333333333333332,13.19994608561198,11.533333333333333
2013-09-09,22:14:45,1.7666666666666666,11.99994405110677,56.33333333333334
2013-09-09,22:19:45,1.5666666666666669,13.399937947591145,38.13333333333333
2013-09-09,22:24:45,0.7,9.59991455078125,14.933333333333335
2013-09-09,22:29:45,0.6,7.999928792317708,0.26666666666666666
2013-09-09,22:34:45,2.0,16.666624281141495,11.133333333333333
2013-09-09,22:39:45,0.7,14.599939982096355,8.533333333333333
2013-09-09,22:44:45,0.8333333333333333,11.7999267578125,42.0
2013-09-09,22:49:45,1.3666666666666665,10.799942016601562,39.86666666666667
2013-09-09,22:54:45,0.5666666666666667,10.399907430013021,6.333333333333332
2013-09-09,22:59:45,0.9666666666666668,14.53326755099826,5.4
2013-09-09,23:04:45,1.7333333333333334,21.399968465169273,10.066666666666666
2013-09-09,23:09:45,0.9,14.799957275390627,16.2
2013-09-09,23:14:45,1.4,12.399927775065105,56.06666666666667
2013-09-09,23:19:45,1.2666666666666666,9.199930826822916,35.93333333333333
2013-09-09,23:24:45,0.9333333333333332,7.999928792317708,12.066666666666665
2013-09-09,23:29:45,0.7666666666666667,10.399907430013021,0.7333333333333333
2013-09-09,23:34:45,1.7333333333333334,19.466637505425346,9.666666666666666
2013-09-09,23:39:45,1.0,13.999964396158854,16.6
2013-09-09,23:44:45,0.7,11.599934895833334,22.86666666666667
2013-09-09,23:49:45,1.6,10.266579522026912,43.0
2013-09-09,23:54:45,0.7666666666666667,10.666614108615454,17.0
2013-09-09,23:59:45,0.9333333333333332,13.399937947591145,4.866666666666666
2013-09-10,00:04:45,42.53333333333333,57.19992743598089,33.0
2013-09-10,00:09:45,0.7666666666666667,39.199930826822914,18.53333333333333
2013-09-10,00:14:45,1.5,19.399973551432293,68.26666666666667
2013-09-10,00:19:45,1.6,13.599938286675348,36.66666666666666
2013-09-10,00:24:45,0.6333333333333333,10.799916585286457,1.0
2013-09-10,00:29:45,0.6,9.333241780598959,0.26666666666666666
2013-09-10,00:34:45,1.9666666666666663,17.399936252170136,11.133333333333333
2013-09-10,00:39:46,0.7666666666666667,13.599929809570312,22.53333333333333
2013-09-10,00:44:46,0.7333333333333333,12.066591050889757,28.266666666666666
2013-09-10,00:49:46,1.5,11.933280097113713,48.4
2013-09-10,00:54:46,0.5333333333333333,8.399937947591146,0.3333333333333333
2013-09-10,00:59:46,1.0666666666666669,12.933264838324652,5.466666666666668
2013-09-10,01:04:46,2.033333333333333,19.199973212348088,12.533333333333333
2013-09-10,01:09:46,0.8,13.99993896484375,9.2
2013-09-10,01:14:46,1.4,11.533245510525171,61.26666666666666
2013-09-10,01:19:46,1.5666666666666669,13.333299424913193,46.4
2013-09-10,01:24:46,0.6,10.266587999131943,7.533333333333332
2013-09-10,01:29:46,0.6,9.266611735026043,0.26666666666666666
2013-09-10,01:34:46,4.9,20.333277384440105,100.0
2013-09-10,01:39:45,1.6,19.46658664279514,17.6
2013-09-10,01:44:45,0.9333333333333332,12.333263821072048,39.93333333333333
2013-09-10,01:49:45,1.6,9.399888780381943,42.66666666666666
2013-09-10,01:54:45,0.6333333333333333,12.133297390407984,0.5333333333333333
2013-09-10,01:59:45,0.9666666666666668,10.666588677300346,4.266666666666667
2013-09-10,02:04:45,41.63333333333333,58.53328280978734,30.2
2013-09-10,02:09:45,1.2666666666666666,44.86658732096354,21.6
2013-09-10,02:14:46,1.4,20.066621568467887,74.0
2013-09-10,02:19:46,1.0,13.466601901584205,2.2666666666666666
2013-09-10,02:24:46,0.7666666666666667,10.933278401692709,1.8666666666666667
2013-09-10,02:29:46,0.6,9.93325975206163,0.3333333333333333
2013-09-10,02:34:46,1.9333333333333331,15.466605292426214,10.6
2013-09-10,02:39:46,0.7,11.533279418945312,13.0
2013-09-10,02:44:46,0.7333333333333333,8.999930487738713,40.13333333333333
2013-09-10,02:49:46,1.2333333333333334,12.199935913085938,26.66666666666667
2013-09-10,02:54:46,0.5333333333333333,11.133261786566841,0.26666666666666666
2013-09-10,02:59:46,0.9333333333333332,11.733271280924479,4.2
2013-09-10,03:04:46,1.8,16.866607666015625,10.866666666666667
2013-09-10,03:09:46,0.7333333333333333,13.666593763563364,12.0
2013-09-10,03:14:46,1.2666666666666666,13.599938286675348,61.06666666666667
2013-09-10,03:19:46,1.4666666666666666,13.399937947591145,24.66666666666667
2013-09-10,03:24:46,0.5333333333333333,11.999952528211804,0.4666666666666667
2013-09-10,03:29:46,0.6333333333333333,11.266589694552952,0.26666666666666666
2013-09-10,03:34:46,1.9,18.733257717556427,10.4
2013-09-10,03:39:46,0.7,14.66662936740451,14.4
2013-09-10,03:44:46,0.7,10.533260769314234,26.4
2013-09-10,03:49:46,1.1333333333333333,8.599921332465279,19.466666666666665
2013-09-10,03:54:46,0.6666666666666667,9.799897935655382,16.733333333333334
2013-09-10,03:59:46,1.1,13.19994608561198,4.866666666666666
2013-09-10,04:04:46,1.7333333333333334,17.866592407226562,10.333333333333334
2013-09-10,04:09:46,0.7333333333333333,14.999940660264755,5.466666666666668
2013-09-10,04:14:46,1.2,12.666609022352429,36.86666666666667
2013-09-10,04:19:46,1.0333333333333332,13.266626993815104,13.0
2013-09-10,04:24:46,0.9333333333333332,10.533252292209204,15.466666666666667
2013-09-10,04:29:46,0.7,7.399919297960069,19.466666666666665
2013-09-10,04:34:46,1.8333333333333333,19.133283827039936,10.333333333333334
2013-09-10,04:39:46,0.7,13.733257717556423,10.2
2013-09-10,04:44:46,0.6,11.999927096896702,17.6
2013-09-10,04:49:47,1.2,10.733286539713543,21.33333333333333
2013-09-10,04:54:47,0.6,9.466595119900171,12.866666666666667
2013-09-10,04:59:47,1.0333333333333332,12.733281453450521,17.133333333333333
2013-09-10,05:04:47,1.6666666666666663,14.266637166341145,10.2
2013-09-10,05:09:47,0.8,13.066601223415796,3.1333333333333333
2013-09-10,05:14:47,1.1,11.799935234917532,28.066666666666666
2013-09-10,05:19:47,0.9666666666666668,12.666600545247395,18.4
2013-09-10,05:24:47,1.0,10.599916246202255,20.8
2013-09-10,05:29:47,0.7666666666666667,9.266594780815971,11.8
2013-09-10,05:34:47,1.7333333333333334,15.26663038465712,14.666666666666664
2013-09-10,05:39:47,0.9666666666666668,13.866594102647568,6.0
2013-09-10,05:44:47,0.6333333333333333,9.799914889865454,16.6
2013-09-10,05:49:47,1.1666666666666667,9.133275349934895,22.33333333333333
2013-09-10,05:54:47,0.7,8.533265855577255,15.933333333333335
2013-09-10,05:59:47,1.0,12.333289252387152,15.6
2013-09-10,06:04:47,1.7,18.266610039605034,9.733333333333333
2013-09-10,06:09:47,0.8666666666666667,13.999947441948784,4.666666666666667
2013-09-10,06:14:47,1.0666666666666669,10.066604614257812,25.4
2013-09-10,06:19:47,1.1666666666666667,11.599934895833334,17.6
2013-09-10,06:24:47,0.9,11.933280097113713,17.733333333333334
2013-09-10,06:29:47,0.8,10.399941338433159,24.73333333333333
2013-09-10,06:34:47,1.9,18.19997999403212,10.2
2013-09-10,06:39:47,0.7,13.13327365451389,7.2
2013-09-10,06:44:47,0.6,13.599921332465275,16.933333333333334
2013-09-10,06:49:47,1.3,10.133251614040796,32.0
2013-09-10,06:54:47,0.6,7.199961344401042,16.2
2013-09-10,06:59:47,1.0666666666666669,11.933254665798609,6.933333333333334
2013-09-10,07:04:47,1.8333333333333333,14.599931504991323,10.466666666666667
2013-09-10,07:09:47,0.7,11.133261786566841,5.133333333333334
2013-09-10,07:14:47,1.2,11.399943033854166,35.13333333333333
2013-09-10,07:19:47,1.0,12.066599527994793,20.733333333333334
2013-09-10,07:24:48,1.1,8.733257717556421,32.06666666666667
2013-09-10,07:29:48,0.6,10.933278401692709,0.4
2013-09-10,07:34:48,1.8,14.266603257921004,10.266666666666667
2013-09-10,07:39:48,2.5,14.999898274739584,10.266666666666667
2013-09-10,07:44:48,0.9333333333333332,14.33325025770399,20.066666666666666
2013-09-10,07:49:48,1.3333333333333337,10.199957953559027,26.13333333333333
2013-09-10,07:54:48,0.6666666666666667,7.933273315429688,22.266666666666666
2013-09-10,07:59:48,1.0666666666666669,12.466600206163193,4.8
2013-09-10,08:04:48,2.5,76.99991861979166,4.8
2013-09-10,08:09:48,1.0333333333333332,71.59993489583334,11.666666666666664
2013-09-10,08:14:48,1.3333333333333337,31.99994405110677,41.6
2013-09-10,08:19:48,1.1666666666666667,18.533282809787323,27.466666666666665
2013-09-10,08:24:48,1.0,11.466623942057291,13.933333333333335
2013-09-10,08:29:48,0.6666666666666667,10.133251614040796,0.8
2013-09-10,08:34:48,1.9333333333333331,16.466598510742188,10.466666666666667
2013-09-10,08:39:48,0.8333333333333333,13.333282470703125,8.866666666666667
2013-09-10,08:44:48,0.6666666666666667,10.066579182942709,22.6
2013-09-10,08:49:48,1.2,10.933295355902777,15.2
2013-09-10,08:54:48,0.7,9.799906412760418,20.933333333333334
2013-09-10,08:59:48,1.0,11.93327162000868,11.733333333333333
2013-09-10,09:04:48,1.7333333333333334,17.46659172905816,11.866666666666667
2013-09-10,09:09:48,0.9333333333333332,13.93326653374566,3.066666666666667
2013-09-10,09:14:48,1.2,11.666598849826391,27.4
2013-09-10,09:19:48,0.9666666666666668,14.599931504991323,12.133333333333333
2013-09-10,09:24:48,0.9666666666666668,10.133251614040796,8.866666666666667
2013-09-10,09:29:48,0.6,8.533282809787325,11.733333333333333
2013-09-10,09:34:49,1.7333333333333334,14.133275349934896,15.8
2013-09-10,09:39:49,0.8,11.733288235134546,6.133333333333334
2013-09-10,09:44:49,0.5666666666666667,8.199929131401912,5.666666666666668
2013-09-10,09:49:49,1.1333333333333333,9.799923366970486,4.466666666666667
2013-09-10,09:54:49,0.6666666666666667,8.866628011067707,3.066666666666667
2013-09-10,09:59:49,0.9333333333333332,10.333268907335068,5.933333333333334
2013-09-10,10:04:49,1.9333333333333331,14.33326721191406,11.333333333333336
2013-09-10,10:09:49,0.8,14.53326755099826,6.333333333333332
2013-09-10,10:14:49,1.3,11.7999267578125,25.8
2013-09-10,10:19:49,1.2,12.199935913085938,9.6
2013-09-10,10:24:49,1.2,10.199915568033854,9.266666666666667
2013-09-10,10:29:49,0.5333333333333333,7.5999196370442705,2.8
2013-09-10,10:34:49,3.1333333333333333,38.46661037868923,16.266666666666666
2013-09-10,10:39:49,0.8333333333333333,30.799942016601562,6.8
2013-09-10,10:44:49,0.6,12.799936930338543,4.133333333333334
2013-09-10,10:49:48,1.4,12.266608344184029,9.533333333333333
2013-09-10,10:54:48,0.6333333333333333,8.999913533528646,3.1333333333333333
2013-09-10,10:59:48,1.0,13.599921332465275,7.466666666666668
2013-09-10,11:04:49,2.033333333333333,16.399943033854168,13.066666666666665
2013-09-10,11:09:49,0.8,13.19994608561198,2.2666666666666666
2013-09-10,11:14:49,1.2666666666666666,13.999913533528646,22.0
2013-09-10,11:19:49,1.5,14.199956258138021,7.933333333333334
2013-09-10,11:24:49,0.7333333333333333,10.599924723307291,3.466666666666667
2013-09-10,11:29:49,0.6333333333333333,10.799916585286457,5.4
2013-09-10,11:34:49,2.0,11.93328857421875,13.8
2013-09-10,11:39:49,0.8,9.999923706054688,4.133333333333334
2013-09-10,11:44:49,0.7,9.59991455078125,5.2
2013-09-10,11:49:49,1.3666666666666665,9.799931844075521,7.933333333333334
2013-09-10,11:54:49,0.7333333333333333,8.799896240234375,5.533333333333332
2013-09-10,11:59:49,1.0333333333333332,11.46658155653212,12.533333333333333
2013-09-10,12:04:49,2.5,75.0,12.533333333333333
2013-09-10,12:09:49,1.2333333333333334,69.59998236762152,3.2
2013-09-10,12:14:49,1.3,29.999923706054688,21.466666666666665
2013-09-10,12:19:49,1.4,14.999932183159718,8.2
2013-09-10,12:24:49,1.0,10.799933539496525,8.2
2013-09-10,12:29:49,0.6666666666666667,8.133256700303818,5.7333333333333325
2013-09-10,12:34:49,2.0666666666666664,15.066604614257814,15.066666666666665
2013-09-10,12:39:49,0.7,12.533272637261286,6.866666666666666
2013-09-10,12:44:49,1.1,7.066574096679688,6.533333333333332
2013-09-10,12:49:49,1.4,9.599906073676214,7.8
2013-09-10,12:54:49,0.6666666666666667,9.066594441731771,4.4
2013-09-10,12:59:49,1.3,8.799930148654513,8.8
2013-09-10,13:04:49,2.1666666666666665,12.66659206814236,13.666666666666664
2013-09-10,13:09:49,0.8,10.066587660047745,5.333333333333333
2013-09-10,13:14:49,1.4666666666666666,11.99994405110677,26.266666666666666
2013-09-10,13:19:49,1.0,11.733271280924479,8.066666666666666
2013-09-10,13:24:49,1.2333333333333334,10.133268568250868,14.933333333333335
2013-09-10,13:29:50,0.6666666666666667,12.066608005099829,8.466666666666667
2013-09-10,13:34:50,2.333333333333333,15.266596476236979,21.466666666666665
2013-09-10,13:39:50,0.7666666666666667,13.599929809570312,9.8
2013-09-10,13:44:50,0.6666666666666667,9.799931844075521,7.133333333333334
2013-09-10,13:49:50,1.3,13.599955240885416,7.8
2013-09-10,13:54:50,1.6666666666666663,10.99993387858073,23.53333333333333
2013-09-10,13:59:50,1.5333333333333334,11.999918619791666,14.066666666666665
2013-09-10,14:04:50,1.9666666666666663,16.39996846516927,12.866666666666667
2013-09-10,14:09:50,1.0666666666666669,14.199930826822918,7.466666666666668
2013-09-10,14:14:50,1.4,13.399963378906252,34.93333333333333
2013-09-10,14:19:50,1.5,12.599945068359375,18.4
2013-09-10,14:24:50,0.8,12.933239407009548,13.4
2013-09-10,14:29:50,0.7,8.999913533528646,21.8
2013-09-10,14:34:50,2.1333333333333333,12.133280436197918,11.666666666666664
2013-09-10,14:39:50,1.0666666666666669,11.399917602539062,10.8
2013-09-10,14:44:50,3.0,7.999928792317708,10.8
2013-09-10,14:49:50,2.0,8.26658460828993,45.93333333333333
2013-09-10,14:54:50,0.8333333333333333,7.733239067925346,11.866666666666667
2013-09-10,14:59:50,1.1,8.06661817762587,5.866666666666666
2013-09-10,15:04:50,2.566666666666667,13.066575792100696,17.933333333333334
2013-09-10,15:09:50,8.2,35.133260091145836,24.0
2013-09-10,15:14:50,2.2666666666666666,24.733259412977436,53.93333333333333
2013-09-10,15:19:50,2.0666666666666664,16.733271280924477,33.06666666666667
2013-09-10,15:24:50,1.0333333333333332,11.933263142903645,20.8
2013-09-10,15:29:50,0.9,8.933291965060764,4.666666666666667
2013-09-10,15:34:50,2.666666666666667,17.866626315646702,18.6
2013-09-10,15:39:50,1.3,11.999935574001734,17.4
2013-09-10,15:44:50,0.9,11.999918619791666,25.2
2013-09-10,15:49:50,1.8666666666666665,12.133246527777779,29.33333333333333
2013-09-10,15:54:50,3.6,13.999913533528646,30.266666666666666
2013-09-10,15:59:50,2.0,23.866594102647568,14.133333333333333
2013-09-10,16:04:50,9.0,81.99996948242188,14.133333333333333
2013-09-10,16:09:50,1.7,76.33329603407118,11.666666666666664
2013-09-10,16:14:50,1.5333333333333334,32.46663411458333,51.33333333333334
2013-09-10,16:19:50,2.0666666666666664,16.066606309678818,39.53333333333333
2013-09-10,16:24:50,1.0333333333333332,11.999961005316841,14.6
2013-09-10,16:29:51,0.8666666666666667,7.86660936143663,5.333333333333333
2013-09-10,16:34:51,2.466666666666667,15.333302815755209,14.866666666666667
2013-09-10,16:39:51,0.8333333333333333,13.866594102647568,10.4
2013-09-10,16:44:51,0.8,11.93327162000868,32.666666666666664
2013-09-10,16:49:51,1.8333333333333333,10.733269585503475,39.0
2013-09-10,16:54:51,0.9666666666666668,9.999923706054688,11.8
2013-09-10,16:59:51,1.4,11.466606987847221,10.066666666666666
2013-09-10,17:04:51,2.1666666666666665,19.53329298231337,15.4
2013-09-10,17:09:51,1.0333333333333332,13.733257717556423,9.666666666666666
2013-09-10,17:14:51,1.4666666666666666,11.466606987847221,39.266666666666666
2013-09-10,17:19:51,2.566666666666667,10.799967447916666,26.53333333333333
2013-09-10,17:24:51,1.3333333333333337,8.999972873263891,25.53333333333333
2013-09-10,17:29:51,2.8,14.533276028103295,17.666666666666668
2013-09-10,17:34:51,2.566666666666667,16.733245849609375,16.333333333333332
2013-09-10,17:39:51,1.8,12.866609361436629,10.733333333333333
2013-09-10,17:44:51,0.8,12.266599867078991,25.6
2013-09-10,17:49:51,5.5,13.666593763563364,33.93333333333333
2013-09-10,17:54:51,3.733333333333333,10.99993387858073,24.93333333333333
2013-09-10,17:59:51,3.6,8.733257717556421,11.2
2013-09-10,18:04:51,4.1,11.399943033854166,17.866666666666667
2013-09-10,18:09:51,3.9,11.99994405110677,28.4
2013-09-10,18:14:51,4.3,12.999954223632812,63.93333333333333
2013-09-10,18:19:51,4.0,12.399953206380209,50.13333333333333
2013-09-10,18:24:51,2.7,11.399943033854166,5.466666666666668
2013-09-10,18:29:51,2.733333333333333,10.39995829264323,8.066666666666666
2013-09-10,18:34:51,3.633333333333333,11.79990980360243,13.0
2013-09-10,18:39:51,2.9,12.199935913085938,20.4
2013-09-10,18:44:51,2.6,10.99993387858073,49.2
2013-09-10,18:49:51,3.533333333333333,12.599945068359375,28.466666666666665
2013-09-10,18:54:51,2.466666666666667,9.399897257486979,5.066666666666666
2013-09-10,18:59:51,3.166666666666667,10.19989013671875,12.2
2013-09-10,19:04:51,4.2,12.999954223632812,17.8
2013-09-10,19:09:51,2.4,13.19994608561198,16.2
2013-09-10,19:14:51,3.3,14.199947781032984,59.0
2013-09-10,19:19:51,4.366666666666667,13.599929809570312,45.66666666666666
2013-09-10,19:24:51,2.466666666666667,12.799962361653646,5.866666666666666
2013-09-10,19:29:52,3.8666666666666663,10.599924723307291,8.733333333333333
2013-09-10,19:34:52,4.4,12.999903361002604,17.933333333333334
2013-09-10,19:39:52,2.766666666666667,11.399917602539062,16.733333333333334
2013-09-10,19:44:52,2.3666666666666667,9.999923706054688,39.333333333333336
2013-09-10,19:49:51,3.1333333333333333,10.799916585286457,35.333333333333336
2013-09-10,19:54:51,2.4,9.799931844075521,3.933333333333333
2013-09-10,19:59:51,2.6,12.39990234375,8.133333333333333
2013-09-10,20:04:51,42.9,52.53328111436632,34.333333333333336
2013-09-10,20:09:51,1.2,34.59993998209636,14.466666666666667
2013-09-10,20:14:51,1.6,15.399907430013021,54.0
2013-09-10,20:19:51,1.5,12.599945068359375,41.8
2013-09-10,20:24:51,0.7666666666666667,10.399924384223088,1.4666666666666666
2013-09-10,20:29:51,0.8333333333333333,13.266584608289932,1.9333333333333331
2013-09-10,20:34:52,2.766666666666667,11.866607666015625,14.866666666666667
2013-09-10,20:39:52,1.0333333333333332,11.866624620225693,21.066666666666666
2013-09-10,20:44:52,1.0333333333333332,12.199935913085938,56.26666666666666
2013-09-10,20:49:52,1.4,11.266589694552952,16.466666666666665
2013-09-10,20:54:52,0.6666666666666667,12.666600545247395,1.8
2013-09-10,20:59:52,1.0666666666666669,11.066580878363713,6.666666666666668
2013-09-10,21:04:52,2.333333333333333,12.333272298177084,15.266666666666667
2013-09-10,21:09:52,1.2333333333333334,12.599953545464409,22.2
2013-09-10,21:14:52,2.033333333333333,13.13327365451389,76.13333333333334
2013-09-10,21:19:52,1.9333333333333331,13.866619533962673,20.33333333333333
2013-09-10,21:24:52,0.7333333333333333,9.733267890082466,2.533333333333333
2013-09-10,21:29:52,1.5333333333333334,9.0665774875217,5.066666666666666
2013-09-10,21:34:52,2.4333333333333336,13.13328213161892,15.733333333333333
2013-09-10,21:39:52,1.1666666666666667,12.99996270073785,21.33333333333333
2013-09-10,21:44:52,0.8666666666666667,11.333262125651041,32.6
2013-09-10,21:49:52,1.6666666666666663,10.199940999348959,40.86666666666667
2013-09-10,21:54:52,0.6666666666666667,8.399912516276043,1.8666666666666667
2013-09-10,21:59:52,0.9333333333333332,11.39993455674913,6.4
2013-09-10,22:04:52,2.8666666666666667,13.93328348795573,13.666666666666664
2013-09-10,22:09:52,0.8333333333333333,11.199959648980034,19.266666666666666
2013-09-10,22:14:52,1.4666666666666666,11.133261786566841,68.13333333333334
2013-09-10,22:19:52,1.6333333333333335,12.666609022352429,30.13333333333333
2013-09-10,22:24:52,0.7,9.7332763671875,1.7333333333333334
2013-09-10,22:29:52,0.5666666666666667,9.066594441731771,1.2
2013-09-10,22:34:52,2.1333333333333333,13.399954901801218,12.133333333333333
2013-09-10,22:39:52,0.8,12.066599527994793,16.6
2013-09-10,22:44:53,0.7666666666666667,10.466605292426214,43.73333333333333
2013-09-10,22:49:53,1.4,10.333268907335068,27.86666666666667
2013-09-10,22:54:53,0.5666666666666667,10.866580539279514,1.4
2013-09-10,22:59:53,0.8333333333333333,10.46661376953125,5.2
2013-09-10,23:04:53,2.2666666666666666,10.933252970377605,13.4
2013-09-10,23:09:53,0.8666666666666667,8.733257717556421,18.666666666666668
2013-09-10,23:14:53,1.7,11.199925740559896,74.8
2013-09-10,23:19:53,1.2333333333333334,10.533277723524305,18.933333333333334
2013-09-10,23:24:53,1.0,8.999947441948784,4.4
2013-09-10,23:29:53,0.7,9.466578165690104,2.4
2013-09-10,23:34:53,1.9,13.466576470269095,11.333333333333336
2013-09-10,23:39:53,0.8666666666666667,10.599950154622395,17.6
2013-09-10,23:44:53,0.7333333333333333,11.666624281141493,34.4
2013-09-10,23:49:53,1.4333333333333331,9.333250257703995,36.46666666666667
2013-09-10,23:54:53,2.3,10.933261447482641,2.333333333333333
2013-09-10,23:59:53,1.6333333333333335,9.466612074110243,6.533333333333332
2013-09-11,00:04:53,45.33333333333333,53.73327467176651,45.53333333333333
2013-09-11,00:09:53,1.4666666666666666,39.53325907389323,21.66666666666667
2013-09-11,00:14:53,1.4666666666666666,17.266599867078995,61.13333333333333
2013-09-11,00:19:53,1.5333333333333334,13.66661071777344,58.86666666666667
2013-09-11,00:24:53,0.5,9.399914211697046,3.6666666666666665
2013-09-11,00:29:53,0.4666666666666666,7.866617838541666,0.8
2013-09-11,00:34:53,1.8666666666666665,11.466573079427084,10.933333333333335
2013-09-11,00:39:53,0.9333333333333332,11.533296373155382,21.266666666666666
2013-09-11,00:44:53,0.7666666666666667,13.399954901801218,39.46666666666667
2013-09-11,00:49:53,1.5666666666666669,10.733278062608505,54.66666666666666
2013-09-11,00:54:53,0.4666666666666666,8.466610378689234,1.2666666666666666
2013-09-11,00:59:53,0.9333333333333332,7.999911838107641,5.8
2013-09-11,01:04:53,1.9333333333333331,13.999930487738713,12.0
2013-09-11,01:09:53,0.6,12.199952867296005,13.733333333333333
2013-09-11,01:14:53,2.0,13.466584947374132,66.33333333333333
2013-09-11,01:19:53,1.7666666666666666,12.999920315212673,58.53333333333333
2013-09-11,01:24:53,0.4666666666666666,10.933261447482641,1.4666666666666666
2013-09-11,01:29:53,0.5666666666666667,8.599929809570312,0.3333333333333333
2013-09-11,01:34:53,6.7666666666666675,15.066638522677952,100.0
2013-09-11,01:39:54,1.2,16.799952189127605,11.2
2013-09-11,01:44:54,0.8333333333333333,11.399959988064234,39.266666666666666
2013-09-11,01:49:54,1.5,9.399922688802082,44.93333333333333
2013-09-11,01:54:54,0.5666666666666667,10.066587660047745,17.0
2013-09-11,01:59:54,0.9666666666666668,9.59991455078125,4.266666666666667
2013-09-11,02:04:54,42.4,52.866626315646705,32.13333333333333
2013-09-11,02:09:54,0.6333333333333333,35.1332516140408,15.066666666666665
2013-09-11,02:14:54,1.4,15.066613091362848,72.13333333333334
2013-09-11,02:19:54,1.4333333333333331,11.199951171875,48.26666666666666
2013-09-11,02:24:54,0.7,9.866570366753475,1.6666666666666667
2013-09-11,02:29:54,0.5,9.999915228949654,0.26666666666666666
2013-09-11,02:34:54,1.9666666666666663,12.33324686686198,10.533333333333333
2013-09-11,02:39:54,0.7,10.933269924587673,18.53333333333333
2013-09-11,02:44:54,0.8,12.333238389756945,43.13333333333333
2013-09-11,02:49:54,1.5666666666666669,10.799908108181421,49.86666666666667
2013-09-11,02:54:54,0.8333333333333333,11.733254326714409,0.3333333333333333
2013-09-11,02:59:54,0.9,12.466608683268229,4.0
2013-09-11,03:04:54,1.8,11.73323737250434,10.466666666666667
2013-09-11,03:09:54,0.7666666666666667,10.866580539279514,17.533333333333335
2013-09-11,03:14:54,1.4,12.599928114149309,69.2
2013-09-11,03:19:54,1.6666666666666663,14.46658664279514,49.6
2013-09-11,03:24:54,0.5666666666666667,10.733261108398438,0.4
2013-09-11,03:29:54,0.5666666666666667,7.466617160373266,0.26666666666666666
2013-09-11,03:34:54,1.8,14.199905395507814,10.6
2013-09-11,03:39:54,0.8333333333333333,11.199968126085068,14.733333333333333
2013-09-11,03:44:54,0.7,9.733242458767359,30.13333333333333
2013-09-11,03:49:54,1.4666666666666666,9.333258734809027,34.8
2013-09-11,03:54:54,0.7666666666666667,7.799936930338541,31.4
2013-09-11,03:59:54,0.8333333333333333,10.799916585286457,3.733333333333333
2013-09-11,04:04:54,1.6333333333333335,13.133265177408854,10.066666666666666
2013-09-11,04:09:54,0.8,10.599924723307291,4.0
2013-09-11,04:14:54,1.2666666666666666,10.399932861328125,35.666666666666664
2013-09-11,04:19:54,1.0,13.399937947591145,14.733333333333333
2013-09-11,04:24:54,1.0666666666666669,9.599939982096355,28.93333333333333
2013-09-11,04:29:54,0.7333333333333333,8.999964396158855,21.86666666666667
2013-09-11,04:34:54,1.7666666666666666,10.866605970594618,15.2
2013-09-11,04:39:55,0.7333333333333333,10.199915568033854,8.4
2013-09-11,04:44:55,0.6333333333333333,7.466600206163193,9.6
2013-09-11,04:49:55,1.1,10.199940999348959,3.466666666666667
2013-09-11,04:54:54,0.5333333333333333,9.199905395507812,0.26666666666666666
2013-09-11,04:59:54,0.8666666666666667,9.999898274739582,4.0
2013-09-11,05:04:54,2.0,14.199930826822918,11.266666666666667
2013-09-11,05:09:54,0.6666666666666667,12.799936930338543,5.7333333333333325
2013-09-11,05:14:54,1.2333333333333334,12.399927775065105,31.86666666666667
2013-09-11,05:19:54,1.0666666666666669,13.399912516276041,9.6
2013-09-11,05:24:54,0.9333333333333332,9.999898274739582,13.266666666666667
2013-09-11,05:29:54,0.6,9.799931844075521,9.933333333333334
2013-09-11,05:34:54,1.9333333333333331,11.799952189127605,17.266666666666666
2013-09-11,05:39:54,0.5666666666666667,8.999913533528646,8.333333333333334
2013-09-11,05:44:54,0.6,9.199930826822916,12.6
2013-09-11,05:49:54,1.2666666666666666,11.533279418945312,23.2
2013-09-11,05:54:54,0.5333333333333333,7.799936930338541,0.3333333333333333
2013-09-11,05:59:54,0.8666666666666667,9.799931844075521,4.066666666666666
2013-09-11,06:04:54,1.7333333333333334,10.999908447265625,10.533333333333333
2013-09-11,06:09:54,0.6,10.399932861328125,5.0
2013-09-11,06:14:54,1.2,10.399907430013021,32.06666666666667
2013-09-11,06:19:54,1.0666666666666669,13.599955240885416,12.0
2013-09-11,06:24:54,1.0333333333333332,7.799928453233505,10.533333333333333
2013-09-11,06:29:54,0.6666666666666667,9.466595119900171,16.0
2013-09-11,06:34:54,2.0,14.999898274739584,21.6
2013-09-11,06:39:54,0.6,9.799931844075521,22.53333333333333
2013-09-11,06:44:54,0.6333333333333333,11.599909464518229,13.733333333333333
2013-09-11,06:49:54,1.3,10.399932861328125,3.8666666666666663
2013-09-11,06:54:55,0.5666666666666667,9.999949137369791,0.4666666666666667
2013-09-11,06:59:55,0.9,10.599924723307291,4.4
2013-09-11,07:04:55,1.8666666666666665,13.19994608561198,10.533333333333333
2013-09-11,07:09:55,0.6333333333333333,7.999928792317708,10.933333333333335
2013-09-11,07:14:55,1.3,10.999908447265625,46.6
2013-09-11,07:19:55,1.3333333333333337,12.799936930338543,28.86666666666667
2013-09-11,07:24:55,1.1333333333333333,11.99994405110677,44.66666666666666
2013-09-11,07:29:55,0.6666666666666667,9.199930826822916,6.2666666666666675
2013-09-11,07:34:55,1.9333333333333331,10.99993387858073,10.6
2013-09-11,07:39:55,0.6666666666666667,9.799906412760418,7.533333333333332
2013-09-11,07:44:55,0.6,9.866587320963543,22.33333333333333
2013-09-11,07:49:55,1.3333333333333337,10.733269585503475,30.0
2013-09-11,07:54:55,0.7333333333333333,8.399912516276043,29.066666666666666
2013-09-11,07:59:55,0.8666666666666667,10.599924723307291,25.8
2013-09-11,08:04:55,42.1,52.53328111436632,31.53333333333333
2013-09-11,08:09:55,0.7666666666666667,39.53326755099827,7.333333333333332
2013-09-11,08:14:55,1.3,15.466605292426214,42.93333333333333
2013-09-11,08:19:55,1.2,13.533257378472225,26.2
2013-09-11,08:24:55,0.9666666666666668,10.733269585503475,22.0
2013-09-11,08:29:55,0.7666666666666667,8.799896240234375,16.933333333333334
2013-09-11,08:34:55,1.8333333333333333,14.733301798502604,27.73333333333333
2013-09-11,08:39:55,0.8333333333333333,13.399954901801218,6.2
2013-09-11,08:44:55,0.7,13.199963039822048,16.6
2013-09-11,08:49:55,1.3666666666666665,9.399948120117188,23.4
2013-09-11,08:54:55,0.6333333333333333,8.599955240885416,21.2
2013-09-11,08:59:55,0.9333333333333332,8.266618516710068,23.6
2013-09-11,09:04:55,1.8333333333333333,11.733305189344616,21.53333333333333
2013-09-11,09:09:55,0.7666666666666667,9.666586981879338,8.533333333333333
2013-09-11,09:14:55,1.3,9.466603597005207,25.466666666666665
2013-09-11,09:19:56,0.8666666666666667,11.466615464952255,1.8
2013-09-11,09:24:56,1.0333333333333332,11.933280097113713,3.1333333333333333
2013-09-11,09:29:56,0.5666666666666667,9.73325941297743,0.8
2013-09-11,09:34:56,1.9666666666666663,12.1999274359809,11.2
2013-09-11,09:39:56,0.6333333333333333,12.133288913302952,5.4
2013-09-11,09:44:56,0.6333333333333333,12.599953545464409,11.466666666666667
2013-09-11,09:49:56,1.2666666666666666,11.5999264187283,8.666666666666666
2013-09-11,09:54:56,0.6333333333333333,10.599933200412327,6.2666666666666675
2013-09-11,09:59:56,1.0666666666666669,10.733252631293402,14.4
2013-09-11,10:04:56,2.1333333333333333,14.06661139594184,18.4
2013-09-11,10:09:56,0.7,10.333268907335068,5.066666666666666
2013-09-11,10:14:56,1.3333333333333337,7.7999114990234375,30.066666666666666
2013-09-11,10:19:56,1.2333333333333334,11.999927096896702,7.6
2013-09-11,10:24:56,1.1333333333333333,9.266586303710938,7.866666666666666
2013-09-11,10:29:56,0.7333333333333333,10.199915568033854,4.866666666666666
2013-09-11,10:34:56,2.0666666666666664,14.666586981879345,15.466666666666667
2013-09-11,10:39:56,0.7333333333333333,9.799931844075521,7.2666666666666675
2013-09-11,10:44:56,0.6333333333333333,11.133270263671875,3.2
2013-09-11,10:49:56,1.3666666666666665,10.799916585286457,5.533333333333332
2013-09-11,10:54:56,2.5,9.999974568684895,1.0
2013-09-11,10:59:56,1.2,9.999974568684895,6.333333333333332
2013-09-11,11:04:56,2.0,13.933275010850696,12.733333333333333
2013-09-11,11:09:56,0.7333333333333333,11.599900987413193,2.933333333333333
2013-09-11,11:14:56,1.4333333333333331,11.333245171440971,29.066666666666666
2013-09-11,11:19:56,1.4333333333333331,9.799923366970486,6.8
2013-09-11,11:24:56,0.5666666666666667,9.266586303710938,3.733333333333333
2013-09-11,11:29:56,0.7333333333333333,10.266579522026912,4.466666666666667
2013-09-11,11:34:56,2.1333333333333333,10.666588677300346,13.866666666666667
2013-09-11,11:39:56,0.7333333333333333,9.53325907389323,4.933333333333334
2013-09-11,11:44:56,0.6666666666666667,10.399941338433159,5.066666666666666
2013-09-11,11:49:56,1.4,13.733257717556423,8.6
2013-09-11,11:54:56,0.7666666666666667,9.666586981879338,5.2
2013-09-11,11:59:57,1.9333333333333331,8.866602579752604,7.4
2013-09-11,12:04:57,42.03333333333333,54.13325839572484,36.66666666666666
2013-09-11,12:09:57,1.3333333333333337,30.466596815321186,3.466666666666667
2013-09-11,12:14:57,1.5333333333333334,23.599929809570312,29.53333333333333
2013-09-11,12:19:57,1.4333333333333331,16.99996100531684,6.2
2013-09-11,12:24:57,0.6,13.266593085394964,1.4666666666666666
2013-09-11,12:29:57,0.6666666666666667,9.799940321180557,1.0
2013-09-11,12:34:57,1.8,18.733291625976562,10.733333333333333
2013-09-11,12:39:57,0.8333333333333333,12.66659206814236,6.133333333333334
2013-09-11,12:44:57,0.6666666666666667,8.99992201063368,6.2
2013-09-11,12:49:57,1.4666666666666666,9.599939982096355,10.533333333333333
2013-09-11,12:54:57,0.5333333333333333,8.133265177408854,5.8
2013-09-11,12:59:57,1.0333333333333332,12.733272976345486,9.933333333333334
2013-09-11,13:04:57,2.3,15.266613430447052,21.133333333333333
2013-09-11,13:09:57,0.6,10.266596476236979,7.066666666666666
2013-09-11,13:14:57,1.4333333333333331,9.666620890299479,36.46666666666667
2013-09-11,13:19:57,1.1,16.066614786783852,14.2
2013-09-11,13:24:57,1.1666666666666667,11.133287217881943,14.2
2013-09-11,13:29:57,0.6666666666666667,8.333257039388021,9.266666666666667
2013-09-11,13:34:57,2.3,18.666627671983512,13.466666666666667
2013-09-11,13:39:57,0.7333333333333333,12.13327195909288,13.266666666666667
2013-09-11,13:44:57,0.7333333333333333,8.933266533745659,11.066666666666665
2013-09-11,13:49:57,1.4,10.266604953342016,19.4
2013-09-11,13:54:57,0.8,7.799936930338541,19.4
2013-09-11,13:59:57,1.3,11.399900648328993,33.06666666666667
2013-09-11,14:04:57,2.2666666666666666,15.199974907769095,29.86666666666667
2013-09-11,14:09:57,0.7333333333333333,13.866594102647568,15.466666666666667
2013-09-11,14:14:57,1.4666666666666666,12.466608683268229,49.93333333333333
2013-09-11,14:19:57,1.5666666666666669,11.93327162000868,24.13333333333333
2013-09-11,14:24:57,0.9333333333333332,9.133258395724829,27.8
2013-09-11,14:29:57,0.7333333333333333,8.799930148654513,19.8
2013-09-11,14:34:57,2.4333333333333336,15.799925062391495,25.13333333333333
2013-09-11,14:39:57,0.8666666666666667,14.933276706271698,14.733333333333333
2013-09-11,14:44:57,0.7666666666666667,9.799897935655382,31.466666666666665
2013-09-11,14:49:57,1.6666666666666663,8.53324042426215,31.6
2013-09-11,14:54:57,0.9,9.933268229166666,33.13333333333333
2013-09-11,14:59:57,1.0666666666666669,10.533260769314234,16.866666666666667
2013-09-11,15:04:57,2.4,17.86658393012153,14.466666666666667
2013-09-11,15:09:57,7.933333333333334,30.333285861545136,23.4
2013-09-11,15:14:57,2.2,20.599950154622395,54.0
2013-09-11,15:19:57,2.1,15.799967447916666,30.466666666666665
2013-09-11,15:24:58,0.8,11.866599188910591,23.466666666666665
2013-09-11,15:29:58,0.9,9.799914889865454,27.86666666666667
2013-09-11,15:34:58,2.333333333333333,18.399937947591148,13.733333333333333
2013-09-11,15:39:58,0.8333333333333333,12.799903021918405,7.4
2013-09-11,15:44:58,0.9,11.266581217447918,24.13333333333333
2013-09-11,15:49:58,1.5333333333333334,11.999918619791666,28.66666666666667
2013-09-11,15:54:58,0.8,9.2665778266059,15.666666666666664
2013-09-11,15:59:58,1.4333333333333331,11.666598849826391,34.93333333333333
2013-09-11,16:04:58,44.76666666666667,54.533284505208336,49.73333333333333
2013-09-11,16:09:58,0.9666666666666668,39.066619873046875,17.4
2013-09-11,16:14:58,1.8,17.39994472927517,59.33333333333334
2013-09-11,16:19:58,1.7333333333333334,14.53330993652344,42.86666666666667
2013-09-11,16:24:58,0.9666666666666668,10.999925401475693,30.93333333333333
2013-09-11,16:29:58,0.8666666666666667,8.19994608561198,1.8
2013-09-11,16:34:58,2.2,17.799936930338543,12.266666666666667
2013-09-11,16:39:58,0.7333333333333333,12.999928792317709,11.0
