Date,Time,CPU,RAM,CHANNEL
2013-08-12,16:40:46,2.6,18.61807337487781,0.13333333333333333
2013-08-12,16:45:46,2.333333333333333,17.817273032746826,0.13333333333333333
2013-08-12,16:50:46,2.4,18.150939841968068,0.26666666666666666
2013-08-12,16:55:46,2.2,15.548415098566313,0.06666666666666668
2013-08-12,17:00:46,4.466666666666667,15.481719920984036,8.933333333333334
2013-08-12,17:05:46,5.266666666666667,34.36680311176279,0.26666666666666666
2013-08-12,17:10:46,2.0,23.155878339850112,0
2013-08-12,17:15:46,4.0,19.68581989247312,0.26666666666666666
2013-08-12,17:20:46,2.666666666666667,33.09888196480939,0.13333333333333333
2013-08-12,17:25:46,2.4,20.620036045943305,0.2
2013-08-12,17:30:46,2.2666666666666666,17.6171365876507,0.13333333333333333
2013-08-12,17:35:46,2.1333333333333333,15.014586388074292,0.13333333333333333
2013-08-12,17:40:46,2.0,14.881132392473118,0
2013-08-12,17:45:46,2.4,16.215697804659495,0.4666666666666667
2013-08-12,17:50:46,2.4,19.085245092049526,0.13333333333333333
2013-08-12,17:55:46,2.333333333333333,14.547491039426522,0.13333333333333333
2013-08-12,18:00:46,4.466666666666667,19.619086530628866,8.333333333333334
2013-08-12,18:05:46,3.8666666666666663,25.491495092049536,0
2013-08-12,18:10:46,2.533333333333333,17.817298488921473,0.4
2013-08-12,18:15:46,3.8,15.681894550342133,0.8
2013-08-12,18:20:46,2.933333333333333,16.549339157706093,0.26666666666666666
2013-08-12,18:25:46,3.0,15.214735561257736,0.13333333333333333
2013-08-12,18:30:46,2.2,13.41302388807429,0.13333333333333333
2013-08-12,18:35:46,2.2,14.147052684099059,0
2013-08-12,18:40:46,2.0666666666666664,14.21382423020528,0
2013-08-12,18:45:46,3.0,16.883082335451288,0.6666666666666666
2013-08-12,18:50:47,2.6,17.48365713587488,0.4
2013-08-12,18:55:47,2.533333333333333,19.418873717008797,0.13333333333333333
2013-08-12,19:00:47,3.666666666666667,17.283444322254805,0.06666666666666668
2013-08-12,19:05:47,4.133333333333333,25.224561644672534,0
2013-08-12,19:10:47,2.0,17.68383176523298,0
2013-08-12,19:15:47,2.1333333333333333,13.679957335451284,0
2013-08-12,19:20:47,2.533333333333333,14.547491039426522,0.13333333333333333
2013-08-12,19:25:47,2.1333333333333333,15.348227741120882,0.2
2013-08-12,19:30:47,2.2,15.148040383675465,0.2
2013-08-12,19:35:47,2.2,17.550352313457154,0.13333333333333333
2013-08-12,19:40:47,2.0,16.88306960736396,0.2
2013-08-12,19:45:47,2.2,18.017524030628866,0.26666666666666666
2013-08-12,19:50:47,2.466666666666667,15.748666096448352,0.26666666666666666
2013-08-12,19:55:47,2.4,15.214786473607036,0.06666666666666668
2013-08-12,20:00:47,5.333333333333334,14.614198945096128,0.4
2013-08-12,20:05:47,5.533333333333334,26.29225724991854,0
2013-08-12,20:10:47,9.866666666666667,19.285368809058323,0.2
2013-08-12,20:15:47,2.2666666666666666,16.148989898989903,0.26666666666666666
2013-08-12,20:20:47,2.4,18.217673203812318,0.4
2013-08-12,20:25:47,2.733333333333333,15.348291381557514,0.4
2013-08-12,20:30:47,2.0666666666666664,14.280557592049526,0
2013-08-12,20:35:47,2.533333333333333,17.884031850765723,0.2
2013-08-12,20:40:47,2.6,21.153864756435322,0.13333333333333333
2013-08-12,20:45:47,2.0,17.48365713587488,0.06666666666666668
2013-08-12,20:50:47,4.133333333333333,15.948827997719123,0.8
2013-08-12,20:55:47,2.933333333333333,16.0155231753014,0.2
2013-08-12,21:00:47,4.666666666666667,16.282494806940374,0.13333333333333333
2013-08-12,21:05:47,4.2,27.760353026230046,0.4666666666666667
2013-08-12,21:10:47,2.6,20.620036045943305,0.2
2013-08-12,21:15:47,2.2,17.350177684099055,0.5333333333333333
2013-08-12,21:20:47,3.2,17.483682592049522,0.3333333333333333
2013-08-12,21:25:47,2.2,19.75251507005539,0
2013-08-12,21:30:47,2.0,14.34729095389378,0
2013-08-12,21:35:47,2.4,12.67895690778755,0.13333333333333333
2013-08-12,21:40:47,2.1333333333333333,15.548440554740958,0
2013-08-12,21:45:47,3.0,19.218648175301407,0.2
2013-08-12,21:50:47,5.866666666666666,20.68676940778755,0.5333333333333333
2013-08-12,21:55:47,2.333333333333333,19.685768980123814,0
2013-08-12,22:00:47,4.2,17.21671096041056,0.13333333333333333
2013-08-12,22:05:47,3.6,31.16366538367546,0.06666666666666668
2013-08-12,22:10:47,2.1333333333333333,19.485594350765727,0.06666666666666668
2013-08-12,22:15:47,2.0,14.947853026230042,0.13333333333333333
2013-08-12,22:20:47,2.533333333333333,15.014573659986965,0.13333333333333333
2013-08-12,22:25:47,2.0666666666666664,17.81728576083415,0
2013-08-12,22:30:47,2.2666666666666666,15.882107363962206,0
2013-08-12,22:35:47,2.2666666666666666,17.216736416585203,0.13333333333333333
2013-08-12,22:40:47,4.2,17.41688558976865,0.4
2013-08-12,22:45:47,2.733333333333333,16.949841153470185,0.4
2013-08-12,22:50:47,3.4,16.68285679374389,0.06666666666666668
2013-08-12,22:55:47,2.4,17.9507779406973,0
2013-08-12,23:00:47,4.2,14.947865754317363,0.06666666666666668
2013-08-12,23:05:47,4.466666666666667,29.228436074454216,0
2013-08-12,23:10:48,2.2,20.953690127077223,0.06666666666666668
2013-08-12,23:15:48,2.0,15.548453282828284,0.13333333333333333
2013-08-12,23:20:48,3.733333333333333,17.08323150863474,0.26666666666666666
2013-08-12,23:25:48,2.533333333333333,30.496357221407628,0
2013-08-12,23:30:48,2.0,17.149990326653636,0
2013-08-12,23:35:48,2.1333333333333333,14.814424486803517,0.13333333333333333
2013-08-12,23:40:48,2.0,15.548389642391655,0
2013-08-12,23:45:48,2.0,13.746665241120883,0
2013-08-12,23:50:48,2.533333333333333,16.74961561176279,0
2013-08-12,23:55:48,2.0,14.347252769631801,0
2013-08-13,00:00:48,3.8,14.814360846366895,0.26666666666666666
2013-08-13,00:05:48,4.066666666666666,24.824161473607038,0
2013-08-13,00:10:48,2.0666666666666664,17.68381903714565,0.06666666666666668
2013-08-13,00:15:48,2.0,15.748653368361035,0.06666666666666668
2013-08-13,00:20:48,2.2,12.011623289345064,0
2013-08-13,00:25:48,2.4,12.345290098566307,0
2013-08-13,00:30:48,2.0666666666666664,14.881157848647767,0
2013-08-13,00:35:48,3.066666666666667,12.74567754154448,0.5333333333333333
2013-08-13,00:40:48,3.466666666666667,14.013598688497886,0.26666666666666666
2013-08-13,00:45:48,2.666666666666667,13.679957335451284,0.06666666666666668
2013-08-13,00:50:48,3.066666666666667,15.61517391658521,0.2
2013-08-13,00:55:48,3.066666666666667,14.881106936298472,0.06666666666666668
2013-08-13,01:00:48,4.4,18.217698659986965,8.4
2013-08-13,01:05:48,4.733333333333333,31.230373289345064,0.13333333333333333
2013-08-13,01:10:48,2.0,20.21966133105246,0
2013-08-13,01:15:48,2.0,14.21382423020528,0
2013-08-13,01:20:48,3.933333333333333,17.817273032746826,0.2
2013-08-13,01:25:48,2.533333333333333,28.894794721407624,0
2013-08-13,01:30:48,3.8,21.153864756435322,0.2
2013-08-13,01:35:48,5.333333333333334,40.97327865347019,1.0666666666666669
2013-08-13,01:40:48,2.0666666666666664,22.15486518409906,1.1333333333333333
2013-08-13,01:45:48,2.0,18.951765640273706,1.0666666666666669
2013-08-13,01:50:48,2.466666666666667,19.81919751955034,1.4666666666666666
2013-08-13,01:55:48,6.133333333333334,15.014624572336267,0.3333333333333333
2013-08-13,02:00:48,6.133333333333334,16.08225653714565,0.13333333333333333
2013-08-13,02:05:49,22.666666666666664,25.024361559139784,0
2013-08-13,02:10:49,2.0,16.415948802541543,0
2013-08-13,02:15:49,2.2,13.613223973607038,0
2013-08-13,02:20:49,2.0,14.013624144672532,0
2013-08-13,02:25:49,2.4,13.012623717008797,0
2013-08-13,02:30:49,2.0,14.147052684099059,0
2013-08-13,02:35:49,2.2666666666666666,13.079357078853048,0
2013-08-13,02:40:49,2.0,17.8173112170088,0
2013-08-13,02:45:49,2.4,15.681869094167483,0
2013-08-13,02:50:49,2.0,15.948853453893777,0
2013-08-13,02:55:49,2.0,13.546452427500816,0
2013-08-13,03:00:49,4.0,16.816310789345064,0.06666666666666668
2013-08-13,03:05:49,3.6,26.625924059139788,0
2013-08-13,03:10:49,2.2,18.818260732323232,0
2013-08-13,03:15:49,2.2,14.480706765232974,0
2013-08-13,03:20:49,2.0,11.811423203812318,0
2013-08-13,03:25:49,2.0,12.412023460410557,0
2013-08-13,03:30:49,2.2666666666666666,12.745690269631805,0.13333333333333333
2013-08-13,03:35:49,2.333333333333333,12.545490184099053,0
2013-08-13,03:40:49,2.0,10.676956052460083,0.06666666666666668
2013-08-13,03:45:49,2.2,12.612223545943305,0.06666666666666668
2013-08-13,03:50:49,2.0,15.014548203812318,0
2013-08-13,03:55:49,2.0,12.07834392310199,0
2013-08-13,04:00:49,4.0,13.546465155588136,0.06666666666666668
2013-08-13,04:05:49,3.533333333333333,28.828099543825342,0
2013-08-13,04:10:49,2.0,19.75251507005539,0
2013-08-13,04:15:49,2.2,13.212823802541546,0
2013-08-13,04:20:49,2.333333333333333,17.41694923020528,0
2013-08-13,04:25:49,2.2,17.884019122678396,0
2013-08-13,04:30:49,2.0666666666666664,14.881145120560447,0
2013-08-13,04:35:49,2.0,14.7476529406973,0
2013-08-13,04:40:49,2.1333333333333333,13.679931879276635,0
2013-08-13,04:45:49,2.2,14.947840298142717,0.06666666666666668
2013-08-13,04:50:49,2.466666666666667,15.615110276148583,0
2013-08-13,04:55:49,2.333333333333333,12.612223545943305,0
2013-08-13,05:00:50,4.2,13.346265070055393,0.13333333333333333
2013-08-13,05:05:50,4.4,30.763303396871944,0
2013-08-13,05:10:50,2.0666666666666664,24.023373859563378,0
2013-08-13,05:15:50,2.2666666666666666,16.082269265232974,0
2013-08-13,05:20:50,2.0,14.280519407787551,0
2013-08-13,05:25:50,2.0,14.680919578853043,0.06666666666666668
2013-08-13,05:30:50,3.2,15.54842782665363,0
2013-08-13,05:35:50,3.6,22.955678254317363,0.06666666666666668
2013-08-13,05:40:50,2.0,26.292282706093182,0
2013-08-13,05:45:50,2.4,16.61614888807429,0.13333333333333333
2013-08-13,05:50:50,2.0,15.681907278429454,0
2013-08-13,05:55:50,2.0,12.612223545943305,0
2013-08-13,06:00:49,4.266666666666667,15.61519937275986,8.266666666666667
2013-08-13,06:05:49,4.066666666666666,32.43157380254154,0.06666666666666668
2013-08-13,06:10:49,2.0,23.089119521831208,0
2013-08-13,06:15:49,2.2,15.681881822254804,0
2013-08-13,06:20:49,2.0,15.081307021831215,0
2013-08-13,06:25:49,2.0,11.744689841968071,0
2013-08-13,06:30:50,2.2,12.21182337487781,0
2013-08-13,06:35:50,2.2,15.081294293743891,0
2013-08-13,06:40:50,2.1333333333333333,15.815386730205278,0
2013-08-13,06:45:50,2.666666666666667,13.67994460736396,0.13333333333333333
2013-08-13,06:50:50,2.0,12.945890355164547,0
2013-08-13,06:55:50,2.0,14.013585960410557,0
2013-08-13,07:00:50,4.666666666666667,14.81439903062887,0.2
2013-08-13,07:05:50,3.666666666666667,23.289332335451284,0
2013-08-13,07:10:50,2.0,17.149977598566306,0
2013-08-13,07:15:50,2.1333333333333333,15.414935646790484,0
2013-08-13,07:20:50,2.4,13.94689078282828,0
2013-08-13,07:25:50,2.0,13.81338587487781,0
2013-08-13,07:30:50,2.1333333333333333,12.67895690778755,0
2013-08-13,07:35:50,2.0,14.347252769631801,0
2013-08-13,07:40:50,2.2,14.34729095389378,0
2013-08-13,07:45:50,2.2666666666666666,16.34925362495927,0.06666666666666668
2013-08-13,07:50:50,2.0,13.613185789345064,0
2013-08-13,07:55:50,2.0,11.210822947214076,0
2013-08-13,08:00:50,4.066666666666666,13.012598260834151,0.06666666666666668
2013-08-13,08:05:50,3.666666666666667,24.356989756435315,0
2013-08-13,08:10:50,2.4,18.684832192896714,0
2013-08-13,08:15:50,2.2,14.614224401270773,0
2013-08-13,08:20:50,2.0666666666666664,14.747665668784618,0
2013-08-13,08:25:50,2.2,13.813411331052455,0
2013-08-13,08:30:50,2.1333333333333333,11.544489756435324,0.06666666666666668
2013-08-13,08:35:50,2.8,13.679931879276635,0
2013-08-13,08:40:50,2.2,16.41593607445422,0
2013-08-13,08:45:50,6.2666666666666675,22.355039813457147,0.06666666666666668
2013-08-13,08:50:50,2.0,31.497370377158678,0
2013-08-13,08:55:50,2.0,16.68285679374389,0
2013-08-13,09:00:51,6.4,15.61519937275986,0.06666666666666668
2013-08-13,09:05:51,3.6,27.093057592049526,0
2013-08-13,09:10:51,2.0,20.01944851743239,0
2013-08-13,09:15:51,2.1333333333333333,13.746690697295538,0
2013-08-13,09:20:51,2.0666666666666664,15.348253197295536,0
2013-08-13,09:25:51,2.6,15.081281565656562,0
2013-08-13,09:30:51,2.0,15.548415098566313,0
2013-08-13,09:35:51,2.466666666666667,13.67994460736396,0.13333333333333333
2013-08-13,09:40:51,2.0666666666666664,15.481694464809385,0
2013-08-13,09:45:51,3.1333333333333333,14.747691124959273,0.5333333333333333
2013-08-13,09:50:51,3.333333333333333,17.950739756435325,0.26666666666666666
2013-08-13,09:55:51,2.466666666666667,16.549415526230046,0.2
2013-08-13,10:00:51,4.4,17.283495234604107,0.26666666666666666
2013-08-13,10:05:51,4.133333333333333,24.957590013033563,0.2
2013-08-13,10:10:51,2.2,18.351114471326166,0.06666666666666668
2013-08-13,10:15:51,2.2,14.013624144672532,0.06666666666666668
2013-08-13,10:20:51,3.333333333333333,15.014510019550343,0.4666666666666667
2013-08-13,10:25:51,3.4,15.081307021831215,0.4
2013-08-13,10:30:51,2.2,14.680894122678398,0
2013-08-13,10:35:51,2.0666666666666664,13.880106508634737,0
2013-08-13,10:40:51,2.2,15.548466010915604,0
2013-08-13,10:45:51,2.0666666666666664,15.948840725806452,0.06666666666666668
2013-08-13,10:50:51,2.2666666666666666,17.884031850765723,0.13333333333333333
2013-08-13,10:55:51,3.666666666666667,19.151902085369827,0.13333333333333333
2013-08-13,11:00:51,4.4,19.81926115998697,8.4
2013-08-13,11:05:51,4.0,29.161766353046602,0.5333333333333333
2013-08-13,11:10:51,2.8,21.020436217008797,0.26666666666666666
2013-08-13,11:15:51,2.2,14.747665668784618,0.2
2013-08-13,11:20:51,2.2666666666666666,15.615186644672532,0.26666666666666666
2013-08-13,11:25:51,2.0,14.34729095389378,0
2013-08-13,11:30:51,2.1333333333333333,15.748640640273706,0.13333333333333333
2013-08-13,11:35:51,2.533333333333333,15.54842782665363,0.4666666666666667
2013-08-13,11:40:51,2.666666666666667,15.681881822254804,0.26666666666666666
2013-08-13,11:45:51,2.8666666666666667,15.61517391658521,0.4666666666666667
2013-08-13,11:50:51,2.1333333333333333,18.084206480123818,0.06666666666666668
2013-08-13,11:55:51,2.4,18.41783510508309,0.2
2013-08-13,12:00:51,4.466666666666667,18.284355653307266,8.333333333333334
2013-08-13,12:05:52,5.266666666666667,30.8299858463669,0.26666666666666666
2013-08-13,12:10:52,3.333333333333333,25.69168244949495,0.13333333333333333
2013-08-13,12:15:52,2.2,18.55131455685891,0.13333333333333333
2013-08-13,12:20:52,2.2666666666666666,14.080344778429454,0.26666666666666666
2013-08-13,12:25:52,2.6,16.082243809058323,0.2
2013-08-13,12:30:52,2.1333333333333333,17.15000305474096,0.3333333333333333
2013-08-13,12:35:52,2.8666666666666667,16.61612343189964,0.4
2013-08-13,12:40:52,2.0,15.548415098566313,0.06666666666666668
2013-08-13,12:45:52,2.2666666666666666,13.94689078282828,0.13333333333333333
2013-08-13,12:50:52,3.066666666666667,16.749577427500814,0.4
2013-08-13,12:55:52,2.4,14.080357506516783,0.26666666666666666
2013-08-13,13:00:52,4.533333333333333,17.683857221407624,0.2
2013-08-13,13:05:52,2.0,31.530654325513197,0
2013-08-13,13:10:52,2.2666666666666666,23.95664049771912,0.13333333333333333
2013-08-13,13:15:52,3.4,19.285368809058323,0.3333333333333333
2013-08-13,13:20:52,4.466666666666667,21.620998289345064,0.2
2013-08-13,13:25:52,2.0666666666666664,15.414961102965139,0.2
2013-08-13,13:30:52,2.0666666666666664,13.212823802541546,0.13333333333333333
2013-08-13,13:35:52,2.6,17.08320605246008,0.26666666666666666
2013-08-13,13:40:52,2.2,17.61711113147605,0.2
2013-08-13,13:45:52,2.666666666666667,15.948815269631803,0.06666666666666668
2013-08-13,13:50:52,2.0666666666666664,18.217673203812318,0.8
2013-08-13,13:55:52,2.333333333333333,17.617149315738022,0.3333333333333333
2013-08-13,14:00:52,4.0,16.2824566226784,0.13333333333333333
2013-08-13,14:05:52,4.0,23.82323741446725,0.13333333333333333
2013-08-13,14:10:52,2.8,21.620998289345064,0.4
2013-08-13,14:15:52,3.266666666666667,17.016549059139784,0.4666666666666667
2013-08-13,14:20:53,2.2,17.216672776148584,0.06666666666666668
2013-08-13,14:25:53,2.2666666666666666,16.949777513033563,0.06666666666666668
2013-08-13,14:30:53,2.1333333333333333,16.616187072336267,0.13333333333333333
2013-08-13,14:35:53,2.333333333333333,13.94689078282828,0
2013-08-13,14:40:53,2.4,15.014586388074292,0.13333333333333333
2013-08-13,14:45:53,3.533333333333333,16.883082335451288,0.8666666666666667
2013-08-13,14:50:53,8.466666666666667,20.419835960410555,0.5333333333333333
2013-08-13,14:55:53,2.466666666666667,22.02139846041056,0.26666666666666666
2013-08-13,15:00:53,4.2,20.019435789345064,0.26666666666666666
2013-08-13,15:05:52,4.6,28.027286473607038,4.133333333333334
2013-08-13,15:10:52,2.666666666666667,22.42179863147605,0.2
2013-08-13,15:15:52,2.0,17.416834677419356,0.2
2013-08-13,15:20:52,2.333333333333333,17.21671096041056,0.3333333333333333
2013-08-13,15:25:52,2.8,13.94689078282828,0.3333333333333333
2013-08-13,15:30:52,2.0666666666666664,13.146090440697295,0
2013-08-13,15:35:52,2.0,17.083193324372765,0
2013-08-13,15:40:52,2.0,15.815386730205278,0.13333333333333333
2013-08-13,15:45:52,2.333333333333333,14.54745285516455,0.26666666666666666
2013-08-13,15:50:52,1.7333333333333334,17.216672776148584,0.13333333333333333
2013-08-13,15:55:52,2.0,15.281519835451284,0
2013-08-13,16:00:53,4.2,19.619073802541546,0.4
2013-08-13,16:05:53,3.8,30.83001130254155,0
2013-08-13,16:10:53,2.533333333333333,22.2215985459433,0.13333333333333333
2013-08-13,16:15:53,2.4,19.218635447214076,0.3333333333333333
2013-08-13,16:20:53,2.8,15.214824657869015,0.13333333333333333
2013-08-13,16:25:53,2.0,15.815348545943303,0
2013-08-13,16:30:53,2.4,12.21182337487781,0.4
2013-08-13,16:35:53,3.733333333333333,13.146090440697295,0.13333333333333333
2013-08-13,16:40:53,3.0,12.879156993320299,0.06666666666666668
2013-08-13,16:45:53,2.0,13.613223973607038,0.13333333333333333
2013-08-13,16:50:53,2.466666666666667,12.879156993320299,0.13333333333333333
2013-08-13,16:55:53,2.2,15.615148460410555,0.26666666666666666
2013-08-13,17:00:53,4.666666666666667,15.414973831052459,0.4666666666666667
2013-08-13,17:05:53,6.4,36.635699230205276,0.06666666666666668
2013-08-13,17:10:53,2.6,31.430573374877806,0.13333333333333333
2013-08-13,17:15:53,2.4,19.218635447214076,0.2
2013-08-13,17:20:53,2.8666666666666667,17.350177684099055,0.3333333333333333
2013-08-13,17:25:53,2.6,17.41694923020528,0.2
2013-08-13,17:30:53,6.8,17.216736416585203,0.13333333333333333
2013-08-13,17:35:53,2.2,17.8173112170088,0.06666666666666668
2013-08-13,17:40:53,6.2666666666666675,15.61519937275986,0.2
2013-08-13,17:45:53,2.533333333333333,15.74862791218638,0.13333333333333333
2013-08-13,17:50:53,2.2,13.212785618279568,0.2
2013-08-13,17:55:53,2.2,13.613211245519711,0
2013-08-13,18:00:53,4.133333333333333,15.214799201694362,8.466666666666667
2013-08-13,18:05:53,3.8,24.423799486803517,0.13333333333333333
2013-08-13,18:10:53,2.8666666666666667,19.485568894591072,0.4
2013-08-13,18:15:54,4.066666666666666,15.14807856793744,0.9333333333333332
2013-08-13,18:20:54,2.733333333333333,18.150952570055388,0.13333333333333333
2013-08-13,18:25:54,2.2,16.082269265232974,0.13333333333333333
2013-08-13,18:30:54,2.2,13.880157420984032,0.06666666666666668
2013-08-13,18:35:54,2.2666666666666666,17.617123859563375,0.2
2013-08-13,18:40:54,2.1333333333333333,15.882107363962206,0
2013-08-13,18:45:54,10.533333333333333,14.680919578853043,0.4666666666666667
2013-08-13,18:50:54,2.933333333333333,15.148027655588137,0.2
2013-08-13,18:55:54,2.533333333333333,18.551340013033556,0.2
2013-08-13,19:00:54,4.8,20.15290251303356,8.333333333333334
2013-08-13,19:05:54,4.066666666666666,26.625898602965137,0.2
2013-08-13,19:10:54,2.0,19.218686359563378,0
2013-08-13,19:15:54,2.0666666666666664,13.146090440697295,0.06666666666666668
2013-08-13,19:20:54,2.933333333333333,15.148027655588137,0.2
2013-08-13,19:25:54,2.4,16.082307449494948,0.26666666666666666
2013-08-13,19:30:54,2.2666666666666666,14.4807194933203,0.2
2013-08-13,19:35:54,2.333333333333333,13.346252341968064,0
2013-08-13,19:40:54,2.0,12.478756822254804,0
2013-08-13,19:45:54,2.0,12.879156993320299,0
2013-08-13,19:50:54,3.4,15.681920006516778,0.3333333333333333
2013-08-13,19:55:54,2.0,14.7476529406973,0
2013-08-13,20:00:55,8.733333333333334,20.086194607363968,0.26666666666666666
2013-08-13,20:05:55,3.733333333333333,29.295169436298472,0
2013-08-13,20:10:55,3.1333333333333333,20.019435789345064,0.13333333333333333
2013-08-13,20:15:55,2.533333333333333,16.94973932877159,0.26666666666666666
2013-08-13,20:20:55,2.2666666666666666,15.681881822254804,0.13333333333333333
2013-08-13,20:25:55,2.0,14.480744949494953,0
2013-08-13,20:30:55,2.466666666666667,15.28148165118931,0.26666666666666666
2013-08-13,20:35:55,6.7333333333333325,16.14905353942653,0.13333333333333333
2013-08-13,20:40:55,2.1333333333333333,18.351152655588137,0.26666666666666666
2013-08-13,20:45:55,2.0,16.215774173183444,0
2013-08-13,20:50:55,2.466666666666667,15.28148165118931,0.13333333333333333
2013-08-13,20:55:55,2.0,17.75059058325187,0.13333333333333333
2013-08-13,21:00:55,4.133333333333333,18.150952570055388,0.06666666666666668
2013-08-13,21:05:55,3.6,23.08913224991854,0
2013-08-13,21:10:55,2.0,18.284470206093193,0
2013-08-13,21:15:55,2.0,13.94686532665363,0.3333333333333333
2013-08-13,21:20:55,2.2,15.48173264907136,0.13333333333333333
2013-08-13,21:25:55,2.0,14.547491039426522,0.06666666666666668
2013-08-13,21:30:55,2.2,14.881119664385793,0
2013-08-13,21:35:55,2.2,15.548440554740958,0
2013-08-13,21:40:55,2.1333333333333333,13.679931879276635,0.2
2013-08-13,21:45:55,2.0,11.944889927500817,0.06666666666666668
2013-08-13,21:50:55,2.666666666666667,16.482669436298465,0.06666666666666668
2013-08-13,21:55:55,33.6,19.685807164385793,0.8666666666666667
2013-08-13,22:00:55,47.33333333333333,19.952740611762792,1.2
2013-08-13,22:05:55,46.73333333333333,28.761302541544474,1.0666666666666669
2013-08-13,22:10:55,48.2,21.821236559139784,1.2
2013-08-13,22:15:55,45.0,18.618047918703166,1.0666666666666669
2013-08-13,22:20:55,44.8,15.148091296024763,1.0666666666666669
2013-08-13,22:25:55,45.13333333333333,17.41689831785598,1.2666666666666666
2013-08-13,22:30:55,48.4,23.556265782828277,1.0
2013-08-13,22:35:55,19.066666666666666,16.61612343189964,0.3333333333333333
2013-08-13,22:40:56,2.0,12.945890355164547,0
2013-08-13,22:45:56,2.0,13.813424059139784,0
2013-08-13,22:50:56,2.2666666666666666,16.015535903388727,0
2013-08-13,22:55:56,2.0,16.482643980123814,0
2013-08-13,23:00:56,4.066666666666666,18.81823527614858,0.13333333333333333
2013-08-13,23:05:56,3.733333333333333,24.156840583251878,0
2013-08-13,23:10:56,2.2666666666666666,19.819235703812314,0.2
2013-08-13,23:15:56,2.0,16.54939007005539,0
2013-08-13,23:20:56,6.8,17.88407003502769,0.13333333333333333
2013-08-13,23:25:56,2.0,18.61807337487781,0
2013-08-13,23:30:56,2.0666666666666664,18.017473118279568,0
2013-08-13,23:35:56,2.2,16.215710532746826,0
2013-08-13,23:40:56,2.0,13.613223973607038,0.06666666666666668
2013-08-13,23:45:56,2.0,15.815348545943303,0.06666666666666668
2013-08-13,23:50:56,2.2,17.01651087487781,0
2013-08-13,23:55:56,2.0,16.21578690127077,0.06666666666666668
2013-08-14,00:00:56,4.266666666666667,14.680957763115018,8.266666666666667
2013-08-14,00:05:56,3.933333333333333,26.42572397360704,0
2013-08-14,00:10:56,2.0,20.219674059139788,0.06666666666666668
2013-08-14,00:15:56,2.2,13.813424059139784,0.06666666666666668
2013-08-14,00:20:56,2.466666666666667,15.815386730205278,0
2013-08-14,00:25:56,2.0,14.814424486803517,0
2013-08-14,00:30:56,2.0,13.813424059139784,0
2013-08-14,00:35:56,2.0666666666666664,14.74761475643532,0
2013-08-14,00:40:56,2.2,16.616187072336267,0.13333333333333333
2013-08-14,00:45:56,2.466666666666667,16.415948802541543,0.06666666666666668
2013-08-14,00:50:56,2.0,18.81823527614858,0.06666666666666668
2013-08-14,00:55:56,2.0,15.615186644672532,0
2013-08-14,01:00:56,4.6,16.74961561176279,8.266666666666667
2013-08-14,01:05:56,3.8666666666666663,26.42572397360704,0
2013-08-14,01:10:56,2.2,20.219635874877813,0
2013-08-14,01:15:56,2.2666666666666666,14.21382423020528,0
2013-08-14,01:20:56,2.533333333333333,15.214748289345062,0
2013-08-14,01:25:56,2.0,13.41302388807429,0
2013-08-14,01:30:56,4.066666666666666,17.81728576083415,0.13333333333333333
2013-08-14,01:35:56,5.333333333333334,43.64251130254154,1.1333333333333333
2013-08-14,01:40:56,9.666666666666666,22.021436644672534,1.3333333333333333
2013-08-14,01:45:56,2.2666666666666666,19.418835532746822,1.4
2013-08-14,01:50:56,2.0666666666666664,18.017511302541543,0
2013-08-14,01:55:56,2.0,14.614186217008799,0
2013-08-14,02:00:56,6.333333333333334,17.884019122678396,0.13333333333333333
2013-08-14,02:05:56,21.4,29.02828690127077,0
2013-08-14,02:10:56,2.0,20.553328140273706,0
2013-08-14,02:15:56,2.333333333333333,16.74965379602477,0.06666666666666668
2013-08-14,02:20:56,6.6,15.815323089768658,0.06666666666666668
2013-08-14,02:25:56,2.0666666666666664,14.013573232323232,0
2013-08-14,02:30:56,2.0,12.07835665118931,0
2013-08-14,02:35:56,2.2666666666666666,15.882043723525573,0.13333333333333333
2013-08-14,02:40:56,2.0,16.415948802541543,0
2013-08-14,02:45:56,2.466666666666667,22.95566552623004,0.13333333333333333
2013-08-14,02:50:56,2.0,17.416911045943305,0
2013-08-14,02:55:56,2.0,15.414973831052459,0
2013-08-14,03:00:56,4.0,13.880157420984032,0.06666666666666668
2013-08-14,03:05:56,3.666666666666667,20.95375376751385,0
2013-08-14,03:10:56,2.1333333333333333,18.08424466438579,0
2013-08-14,03:15:56,2.2,17.150041239002935,0
2013-08-14,03:20:56,2.0,16.415961530628874,0
2013-08-14,03:25:56,2.0,13.279544436298469,0
2013-08-14,03:30:56,2.0,17.483644407787548,0
2013-08-14,03:35:57,2.0,14.947853026230042,0
2013-08-14,03:40:57,2.0,15.548415098566313,0
2013-08-14,03:45:57,2.0,18.21764774763767,0
2013-08-14,03:50:57,2.2,16.149002627077223,0
2013-08-14,03:55:57,2.2666666666666666,13.012623717008797,0
2013-08-14,04:00:57,4.133333333333333,17.149990326653636,0.13333333333333333
2013-08-14,04:05:57,3.733333333333333,26.82612414467253,0
2013-08-14,04:10:57,2.333333333333333,20.82022340338872,0
2013-08-14,04:15:57,2.0666666666666664,14.080357506516783,0
2013-08-14,04:20:57,7.4,16.082294721407624,0.2
2013-08-14,04:25:57,2.2,18.150939841968068,0
2013-08-14,04:30:57,2.0666666666666664,17.88400639459107,0
2013-08-14,04:35:57,2.0,21.687769835451284,0
2013-08-14,04:40:57,2.0,19.55230225643532,0
2013-08-14,04:45:57,2.0666666666666664,16.149002627077223,0
2013-08-14,04:50:57,6.8,15.748602456011728,0.13333333333333333
2013-08-14,04:55:57,2.466666666666667,17.28346977842946,0
2013-08-14,05:00:57,4.0,17.083295149071358,0.06666666666666668
2013-08-14,05:05:57,3.666666666666667,25.624961815738022,0
2013-08-14,05:10:57,2.0666666666666664,20.41979777614858,0
2013-08-14,05:15:57,2.0,17.149990326653636,0
2013-08-14,05:20:57,2.2,13.67991915118931,0
2013-08-14,05:25:57,2.0,15.414986559139784,0
2013-08-14,05:30:57,2.0,15.214799201694362,0
2013-08-14,05:35:57,2.0,16.81633624551971,0
2013-08-14,05:40:57,2.0,15.681920006516778,0
2013-08-14,05:45:57,2.0,14.080357506516783,0
2013-08-14,05:50:57,2.1333333333333333,14.080319322254804,0
2013-08-14,05:55:57,2.2666666666666666,12.345290098566307,0
2013-08-14,06:00:57,4.266666666666667,15.081332478005862,8.266666666666667
2013-08-14,06:05:58,4.733333333333333,29.56212833985012,0
2013-08-14,06:10:58,2.2,26.959552684099048,0
2013-08-14,06:15:58,11.666666666666668,18.95174018409906,0.2
2013-08-14,06:20:58,6.8,17.149990326653636,0.13333333333333333
2013-08-14,06:25:58,2.0666666666666664,14.881119664385793,0
2013-08-14,06:30:58,2.0,15.681869094167483,0
2013-08-14,06:35:58,2.0,16.68286952183122,0
2013-08-14,06:40:58,2.1333333333333333,16.48268216438579,0.06666666666666668
2013-08-14,06:45:58,2.0,18.084219208211145,0
2013-08-14,06:50:58,2.0,14.7476529406973,0
2013-08-14,06:55:58,2.4,16.482643980123814,0
2013-08-14,07:00:58,5.866666666666666,26.35899061176279,8.266666666666667
2013-08-14,07:05:58,3.8,27.827035475724998,0
2013-08-14,07:10:58,2.1333333333333333,19.752553254317366,0
2013-08-14,07:15:58,3.1333333333333333,13.94689078282828,0.06666666666666668
2013-08-14,07:20:58,6.333333333333334,20.152915241120883,0.2
2013-08-14,07:25:58,6.8,16.415961530628874,0.13333333333333333
2013-08-14,07:30:58,6.6,17.41687286168133,0.13333333333333333
2013-08-14,07:35:58,2.1333333333333333,16.549415526230046,0
2013-08-14,07:40:58,2.0666666666666664,19.15191481345715,0
2013-08-14,07:45:58,2.466666666666667,17.750565127077223,0.2
2013-08-14,07:50:58,2.2,16.415948802541543,0.06666666666666668
2013-08-14,07:55:58,2.2,15.281519835451284,0
2013-08-14,08:00:58,8.466666666666667,14.881119664385793,0.2
2013-08-14,08:05:58,4.066666666666666,27.82708638807429,0
2013-08-14,08:10:58,2.0,22.42179863147605,0
2013-08-14,08:15:59,2.0,15.414986559139784,0
2013-08-14,08:20:59,2.0,12.612223545943305,0
2013-08-14,08:25:59,2.4,15.081319749918537,0.06666666666666668
2013-08-14,08:30:59,6.7333333333333325,16.215748717008797,0.13333333333333333
2013-08-14,08:35:59,2.533333333333333,16.482656708211145,0
2013-08-14,08:40:59,2.2666666666666666,20.419835960410555,0
2013-08-14,08:45:59,2.2,15.214786473607036,0
2013-08-14,08:50:59,5.866666666666666,22.288344635874875,0.06666666666666668
2013-08-14,08:55:59,2.4,30.42964931573803,0.06666666666666668
2013-08-14,09:00:59,8.8,18.217635019550343,0.13333333333333333
2013-08-14,09:05:59,8.266666666666666,28.6278485459433,0.06666666666666668
2013-08-14,09:10:59,2.0,19.018473545943305,0
2013-08-14,09:15:59,2.0,16.215748717008797,0
2013-08-14,09:20:58,2.0,14.213786045943303,0.06666666666666668
2013-08-14,09:25:58,2.2,12.745690269631805,0.2
2013-08-14,09:30:58,3.066666666666667,15.548415098566313,0.13333333333333333
2013-08-14,09:35:58,2.0666666666666664,17.617072947214076,0
2013-08-14,09:40:58,2.333333333333333,15.481669008634732,0.2
2013-08-14,09:45:58,2.2,17.41694923020528,0
2013-08-14,09:50:59,2.8,15.214786473607036,0.13333333333333333
2013-08-14,09:55:59,2.466666666666667,15.014586388074292,0.06666666666666668
2013-08-14,10:00:59,4.066666666666666,15.414986559139784,0.2
2013-08-14,10:05:59,3.8,25.024361559139784,0.13333333333333333
2013-08-14,10:10:59,2.2,20.219635874877813,0
2013-08-14,10:15:59,2.1333333333333333,16.015586815738025,0.13333333333333333
2013-08-14,10:20:59,7.666666666666666,18.017473118279568,0.13333333333333333
2013-08-14,10:25:59,2.333333333333333,17.21671096041056,0.2
2013-08-14,10:30:59,2.4,13.81338587487781,0.26666666666666666
2013-08-14,10:35:59,2.666666666666667,12.67895690778755,0.13333333333333333
2013-08-14,10:40:59,2.666666666666667,12.612223545943305,0.2
2013-08-14,10:45:59,3.666666666666667,15.081319749918537,0
2013-08-14,10:50:59,2.466666666666667,12.81242363147605,0
2013-08-14,10:55:59,7.666666666666666,18.150952570055388,0.3333333333333333
2013-08-14,11:00:59,5.466666666666666,19.95270242750081,0.26666666666666666
2013-08-14,11:05:59,8.733333333333334,27.293295861844246,0.3333333333333333
2013-08-14,11:10:59,2.533333333333333,22.888970348647767,0.6
2013-08-14,11:15:59,2.733333333333333,20.15290251303356,0.3333333333333333
2013-08-14,11:20:59,2.4,17.617072947214076,0
2013-08-14,11:25:59,26.666666666666664,18.351165383675465,1.0
2013-08-14,11:30:59,44.66666666666667,20.219635874877813,1.1333333333333333
2013-08-14,11:35:59,44.2,17.950803396871944,1.1333333333333333
2013-08-14,11:40:59,45.53333333333333,16.816348973607038,1.0
2013-08-14,11:45:59,46.53333333333333,16.883018695014663,1.0
2013-08-14,11:50:59,46.13333333333333,16.282507535027698,1.5333333333333334
2013-08-14,11:55:59,46.8,17.95079066878462,1.9333333333333331
2013-08-14,12:00:59,49.46666666666667,26.692657420984027,1.0666666666666669
2013-08-14,12:05:59,24.0,28.694594635874875,0.5333333333333333
2013-08-14,12:10:59,2.466666666666667,26.492444607363964,0
2013-08-14,12:15:59,2.0,18.084206480123818,0
2013-08-14,12:20:59,2.0,13.513096656367827,0
2013-08-14,12:25:59,2.642857142857143,15.801056722175675,0.14285714285714285
2013-08-14,12:30:59,2.357142857142857,17.159543665340035,0.21428571428571427
2013-08-14,12:35:59,2.7857142857142856,14.299583355152912,0.21428571428571427
2013-08-14,12:41:00,3.2142857142857144,14.299583355152912,0.2857142857142857
2013-08-14,12:46:00,2.142857142857143,16.301516024298284,0.07142857142857142
2013-08-14,12:51:00,2.0,16.516043390413348,0
2013-08-14,12:56:00,2.5,14.728597175673789,0.07142857142857142
2013-08-14,13:01:00,6.142857142857142,31.530667962749614,8.928571428571429
2013-08-14,13:06:00,2.9285714285714284,32.74612757034632,0.07142857142857142
2013-08-14,13:11:00,3.7857142857142856,23.808896496648515,0.7857142857142857
2013-08-14,13:16:00,3.1428571428571432,19.089962666701577,0.2857142857142857
2013-08-14,13:21:00,3.2857142857142856,15.229083752269235,0.5714285714285714
2013-08-14,13:26:00,3.3571428571428568,16.372975143136433,0.5
2013-08-14,13:31:00,2.071428571428571,17.3025028147256,0
2013-08-14,13:36:00,48.57142857142857,18.446516940720574,1.0714285714285714
2013-08-14,13:41:00,49.35714285714285,18.37496236122748,1.2142857142857142
2013-08-14,13:46:00,49.5,17.37401648250943,1.0714285714285714
2013-08-14,13:51:00,49.214285714285715,18.589435178396872,1.1428571428571428
2013-08-14,13:56:00,30.857142857142854,18.87548984953219,0.7142857142857143
2013-08-14,14:01:00,5.2,17.21671096041056,0.3333333333333333
2013-08-14,14:06:00,3.6,20.953664670902572,0.26666666666666666
2013-08-14,14:11:00,2.0,16.749577427500814,0
2013-08-14,14:16:00,2.333333333333333,14.080357506516783,0.13333333333333333
2013-08-14,14:21:00,2.0,16.0155740876507,0
2013-08-14,14:26:00,2.333333333333333,14.614198945096128,0.13333333333333333
2013-08-14,14:31:00,2.0,14.280544863962202,0
2013-08-14,14:36:00,2.0,16.88306960736396,0.13333333333333333
2013-08-14,14:41:00,2.1333333333333333,14.414024315738025,0
2013-08-14,14:46:00,2.533333333333333,16.749590155588137,0.2
2013-08-14,14:51:00,2.0,16.482669436298465,0.06666666666666668
2013-08-14,14:56:00,2.2666666666666666,17.08328242098403,0.06666666666666668
2013-08-14,15:01:00,5.866666666666666,22.221649458292607,0.13333333333333333
2013-08-14,15:06:00,3.0,33.16564078282828,0
2013-08-14,15:11:01,3.0,25.758415811339198,0.06666666666666668
2013-08-14,15:16:01,2.466666666666667,18.751527370478986,0.13333333333333333
2013-08-14,15:21:01,2.4,16.816310789345064,0.26666666666666666
2013-08-14,15:26:01,2.333333333333333,17.350177684099055,0.2
2013-08-14,15:31:01,2.2666666666666666,19.285394265232974,0
2013-08-14,15:36:01,2.0666666666666664,12.745690269631805,0
2013-08-14,15:41:01,2.2,14.280557592049526,0
2013-08-14,15:46:01,3.6,13.546490611762788,0.5333333333333333
2013-08-14,15:51:01,2.0,14.54745285516455,0.06666666666666668
2013-08-14,15:56:01,2.2,15.948827997719123,0.06666666666666668
2013-08-14,16:01:01,5.133333333333334,18.284444749918542,0.13333333333333333
2013-08-14,16:06:01,3.1333333333333333,24.824199657869013,0
2013-08-14,16:11:01,2.0666666666666664,20.953715583251874,0.2
2013-08-14,16:16:01,2.333333333333333,16.015586815738025,0.06666666666666668
2013-08-14,16:21:01,2.4,13.746652513033567,0
2013-08-14,16:26:01,2.2,14.147052684099059,0.06666666666666668
2013-08-14,16:31:01,2.0,16.816298061257736,0.13333333333333333
2013-08-14,16:36:01,2.2,13.41302388807429,0.06666666666666668
2013-08-14,16:41:01,2.2,12.745690269631805,0.13333333333333333
2013-08-14,16:46:01,2.2666666666666666,15.281519835451284,0.26666666666666666
2013-08-14,16:51:01,2.2,16.61614888807429,0.06666666666666668
2013-08-14,16:56:01,2.2,16.682844065656564,0.06666666666666668
2013-08-14,17:01:01,5.2,20.086232791625942,0.2
2013-08-14,17:06:01,2.8,27.29325767758227,0.06666666666666668
2013-08-14,17:11:01,2.0,19.685768980123814,0
2013-08-14,17:16:01,2.0,13.946878054740958,0
2013-08-14,17:21:01,4.0,15.74857699983708,0
2013-08-14,17:26:02,2.0666666666666664,15.014611844248938,0.06666666666666668
2013-08-14,17:31:02,2.333333333333333,15.148053111762794,0.13333333333333333
2013-08-14,17:36:02,2.2,16.48261852394917,0.06666666666666668
2013-08-14,17:41:02,2.8666666666666667,15.815348545943303,0.5333333333333333
2013-08-14,17:46:02,2.4,17.61706021912675,0.13333333333333333
2013-08-14,17:51:02,2.0666666666666664,15.681856366080158,0.13333333333333333
2013-08-14,17:56:02,2.0,15.748602456011728,0
2013-08-14,18:01:02,5.266666666666667,16.949790241120883,0.2
2013-08-14,18:06:02,4.2,22.955678254317363,0.3333333333333333
2013-08-14,18:11:02,2.466666666666667,24.890882107363957,0.13333333333333333
2013-08-14,18:16:02,2.733333333333333,17.550365041544477,0.3333333333333333
2013-08-14,18:21:02,2.0,13.212823802541546,0
2013-08-14,18:26:02,2.2666666666666666,11.878156565656562,0.13333333333333333
2013-08-14,18:31:01,2.533333333333333,14.54745285516455,0.26666666666666666
2013-08-14,18:36:01,3.4,16.949790241120883,1.5333333333333334
2013-08-14,18:41:01,2.533333333333333,16.349215440697296,0.13333333333333333
2013-08-14,18:46:01,2.733333333333333,19.55230225643532,0
2013-08-14,18:51:01,8.2,20.353140782828287,0
2013-08-14,18:56:01,8.466666666666667,16.883095063538615,0
2013-08-14,19:01:01,13.0,27.426724401270775,0.13333333333333333
2013-08-14,19:06:02,9.8,35.90165770609319,0
2013-08-14,19:11:02,8.333333333333334,26.492444607363964,0
2013-08-14,19:16:02,8.0,18.351114471326166,0
2013-08-14,19:21:02,9.133333333333333,18.41783510508309,0.06666666666666668
2013-08-14,19:26:02,9.266666666666666,17.95070157217334,0.06666666666666668
2013-08-14,19:31:02,8.066666666666666,17.950752484522646,0
2013-08-14,19:36:02,9.266666666666666,15.548453282828284,0.26666666666666666
2013-08-14,19:41:02,8.733333333333334,19.085181451612904,0.26666666666666666
2013-08-14,19:46:02,8.142857142857144,16.873461719731882,0
2013-08-14,19:51:02,10.533333333333333,19.08519417970023,0.4
2013-08-14,19:56:02,9.0,20.419848688497883,0
2013-08-14,20:01:02,13.733333333333333,25.424710817855978,8.266666666666667
2013-08-14,20:06:02,8.933333333333334,34.700482649071354,0
2013-08-14,20:11:02,8.533333333333333,23.02241161616162,0.2
2013-08-14,20:16:02,8.2,18.351114471326166,0
2013-08-14,20:21:02,9.0,21.153902940697293,0.13333333333333333
2013-08-14,20:26:02,8.866666666666667,17.483606223525573,0.06666666666666668
2013-08-14,20:31:02,8.2,16.749628339850116,0
2013-08-14,20:36:02,8.933333333333334,17.08323150863474,0.06666666666666668
2013-08-14,20:41:02,9.0,17.81724757657217,0.2
2013-08-14,20:46:02,8.533333333333333,20.953702855164543,0
2013-08-14,20:51:02,8.6,19.485568894591072,0.06666666666666668
2013-08-14,20:56:02,8.733333333333334,18.217635019550343,0.06666666666666668
2013-08-14,21:01:03,13.866666666666667,25.024361559139784,8.266666666666667
2013-08-14,21:06:03,9.6,33.69949494949495,0
2013-08-14,21:11:03,8.533333333333333,26.692670149071358,0
2013-08-14,21:16:03,9.066666666666666,17.950752484522646,0.4666666666666667
2013-08-14,21:21:03,8.733333333333334,16.949777513033563,0.13333333333333333
2013-08-14,21:26:03,8.0,15.081357934180517,0
2013-08-14,21:31:03,8.466666666666667,16.149040811339198,0.06666666666666668
2013-08-14,21:36:03,8.6,17.350164956011728,0
2013-08-14,21:41:03,8.8,18.017485846366892,0.06666666666666668
2013-08-14,21:46:03,9.2,16.48270762056044,0.7333333333333333
2013-08-14,21:51:03,8.533333333333333,19.75250234196807,0.13333333333333333
2013-08-14,21:56:03,8.066666666666666,22.555303539426514,0.06666666666666668
2013-08-14,22:01:03,11.266666666666667,19.352102170902576,0.06666666666666668
2013-08-14,22:06:03,9.4,26.82612414467253,0
2013-08-14,22:11:03,8.533333333333333,22.355065269631798,0
2013-08-14,22:16:03,8.266666666666666,15.88209463587488,0.06666666666666668
2013-08-14,22:21:03,8.6,17.283431594167478,0
2013-08-14,22:26:03,8.266666666666666,17.817273032746826,0
2013-08-14,22:31:03,8.2,17.016523602965133,0
2013-08-14,22:36:03,8.0,16.015535903388727,0
2013-08-14,22:41:03,8.733333333333334,16.482643980123814,0
2013-08-14,22:46:03,8.666666666666666,17.350177684099055,0.13333333333333333
2013-08-14,22:51:03,10.2,26.359003339850112,0
2013-08-14,22:56:03,8.8,23.756453140273706,0.13333333333333333
2013-08-14,23:01:03,11.8,18.417898745519715,0.26666666666666666
2013-08-14,23:06:03,8.6,30.6298112170088,0
2013-08-14,23:11:04,8.533333333333333,23.422799059139784,0
2013-08-14,23:16:04,9.666666666666666,21.153902940697293,0.7333333333333333
2013-08-14,23:21:04,8.4,20.953702855164543,0
2013-08-14,23:26:04,8.333333333333334,18.084219208211145,0
2013-08-14,23:31:04,9.4,18.88496863799283,0.2
2013-08-14,23:36:04,9.6,18.017473118279568,0.13333333333333333
2013-08-14,23:41:04,8.933333333333334,16.482631252036494,0.06666666666666668
2013-08-14,23:46:04,8.666666666666666,17.149964870478982,0.3333333333333333
2013-08-14,23:51:04,9.066666666666666,18.68480673672206,0.13333333333333333
2013-08-14,23:56:04,8.933333333333334,19.018473545943305,0
2013-08-15,00:01:04,11.6,20.152915241120883,0.2
2013-08-15,00:06:04,9.4,23.022437072336267,0.13333333333333333
2013-08-15,00:11:04,9.8,21.420836388074292,0.13333333333333333
2013-08-15,00:16:04,9.133333333333333,19.61903561827957,0.2
2013-08-15,00:21:04,8.133333333333333,18.61807337487781,0
2013-08-15,00:26:04,8.2,16.81627260508309,0
2013-08-15,00:31:04,8.133333333333333,19.01843536168133,0
2013-08-15,00:36:04,8.466666666666667,20.419835960410555,0
2013-08-15,00:41:04,8.733333333333334,17.28346977842946,0
2013-08-15,00:46:04,8.666666666666666,20.219674059139788,0.06666666666666668
2013-08-15,00:51:04,10.133333333333333,29.56210288367547,0.06666666666666668
2013-08-15,00:56:05,8.133333333333333,23.222560789345064,0.06666666666666668
2013-08-15,01:01:05,11.4,17.68381903714565,1.1333333333333333
2013-08-15,01:06:05,9.066666666666666,23.222598973607038,0
2013-08-15,01:11:05,8.733333333333334,21.487569749918542,0
2013-08-15,01:16:05,8.533333333333333,20.019435789345064,0.2
2013-08-15,01:21:05,8.733333333333334,18.618035190615835,0
2013-08-15,01:26:05,8.466666666666667,20.019473973607038,0
2013-08-15,01:31:05,12.066666666666668,24.623948659986965,0.5333333333333333
2013-08-15,01:36:05,10.066666666666666,41.24014846041056,1.1333333333333333
2013-08-15,01:41:05,8.466666666666667,22.822198802541543,1.3333333333333333
2013-08-15,01:46:05,9.466666666666667,18.017434934017594,1.4666666666666666
2013-08-15,01:51:05,8.533333333333333,15.481719920984036,1.3333333333333333
2013-08-15,01:56:05,8.066666666666666,15.414935646790484,1.3333333333333333
2013-08-15,02:01:05,17.8,19.01843536168133,9.066666666666666
2013-08-15,02:06:05,22.066666666666666,29.829074515314435,0
2013-08-15,02:11:05,8.2,23.222560789345064,0
2013-08-15,02:16:05,8.266666666666666,18.618035190615835,0.06666666666666668
2013-08-15,02:21:05,8.666666666666666,16.749602883675465,0
2013-08-15,02:26:05,8.933333333333334,16.148977170902572,0
2013-08-15,02:31:05,8.666666666666666,17.817298488921473,0
2013-08-15,02:36:05,8.2,18.217698659986965,0
2013-08-15,02:41:05,8.6,14.547491039426522,0.06666666666666668
2013-08-15,02:46:05,8.066666666666666,16.682831337569244,0
2013-08-15,02:51:05,8.4,19.819248431899638,0.13333333333333333
2013-08-15,02:56:05,8.266666666666666,22.688732078853043,0
2013-08-15,03:01:05,11.6,21.487569749918542,8.266666666666667
2013-08-15,03:06:05,9.733333333333334,25.22452346041056,0
2013-08-15,03:11:05,8.6,23.089094065656564,0.13333333333333333
2013-08-15,03:16:05,8.2,16.482643980123814,0.06666666666666668
2013-08-15,03:21:05,8.0,15.214773745519711,0
2013-08-15,03:26:05,8.2,16.215710532746826,0
2013-08-15,03:31:05,8.2,16.94972660068426,0
2013-08-15,03:36:05,8.133333333333333,20.82023613147605,0
2013-08-15,03:41:05,8.4,20.086169151189313,0.06666666666666668
2013-08-15,03:46:05,8.0,16.949841153470185,0
2013-08-15,03:51:05,8.2,15.348202284946236,0
2013-08-15,03:56:05,8.4,15.414986559139784,0
2013-08-15,04:01:05,11.0,19.95270242750081,0.06666666666666668
2013-08-15,04:06:05,8.733333333333334,23.823186502117952,0
2013-08-15,04:11:05,8.125,20.51993600317693,0
2013-08-15,04:16:05,8.2,19.485594350765727,0.06666666666666668
2013-08-15,04:21:06,8.466666666666667,17.149964870478982,0
2013-08-15,04:26:06,8.2,16.015586815738025,0
2013-08-15,04:31:06,8.333333333333334,15.948853453893777,0
2013-08-15,04:36:06,8.666666666666666,18.41783510508309,0.06666666666666668
2013-08-15,04:41:06,8.666666666666666,16.816285333170416,0.13333333333333333
2013-08-15,04:46:06,8.466666666666667,17.68383176523298,0
2013-08-15,04:51:06,8.066666666666666,18.551301828771585,0
2013-08-15,04:56:06,12.133333333333333,18.81823527614858,0
2013-08-15,05:01:06,11.0,18.68480673672206,0.06666666666666668
2013-08-15,05:06:06,8.8,26.42576215786901,0
2013-08-15,05:11:06,8.866666666666667,22.2215985459433,0
2013-08-15,05:16:06,8.066666666666666,19.218635447214076,0.06666666666666668
2013-08-15,05:21:06,8.4,18.684794008634732,0
2013-08-15,05:26:06,8.466666666666667,17.016498146790482,0
2013-08-15,05:31:06,8.266666666666666,17.483593495438257,0
2013-08-15,05:36:06,8.133333333333333,15.882107363962206,0
2013-08-15,05:41:06,8.666666666666666,17.083269692896707,0
2013-08-15,05:46:06,8.066666666666666,17.61711113147605,0
2013-08-15,05:51:06,8.466666666666667,20.286369236722056,0
2013-08-15,05:56:06,8.266666666666666,17.750577855164547,0
2013-08-15,06:01:06,10.8,16.816310789345064,0.06666666666666668
2013-08-15,06:06:06,10.066666666666666,27.49347049120235,0.06666666666666668
2013-08-15,06:11:06,8.866666666666667,34.967390640273706,0.06666666666666668
2013-08-15,06:16:06,8.2,21.82121110296513,0.06666666666666668
2013-08-15,06:21:06,8.666666666666666,19.151927541544477,0
2013-08-15,06:26:06,8.466666666666667,17.01651087487781,0
2013-08-15,06:31:06,11.533333333333333,17.5503268572825,0
2013-08-15,06:36:06,9.066666666666666,17.61706021912675,0
2013-08-15,06:41:06,8.666666666666666,18.55131455685891,0.13333333333333333
2013-08-15,06:46:06,8.0,17.7505014866406,0
2013-08-15,06:51:06,10.066666666666666,24.490456480123814,0
2013-08-15,06:56:07,9.133333333333333,31.630837100847174,0.2
2013-08-15,07:01:07,12.0,22.75550362495927,0.06666666666666668
2013-08-15,07:06:07,8.666666666666666,25.75839035516455,0
2013-08-15,07:11:07,8.733333333333334,24.957666381557505,0
2013-08-15,07:16:07,8.4,21.420836388074292,0.06666666666666668
2013-08-15,07:21:06,8.8,18.084168295861847,0
2013-08-15,07:26:06,8.466666666666667,17.61711113147605,0
2013-08-15,07:31:06,8.733333333333334,19.75250234196807,0
2013-08-15,07:36:06,8.466666666666667,16.81632351743239,0.06666666666666668
2013-08-15,07:41:06,8.866666666666667,14.34729095389378,0
2013-08-15,07:46:06,8.6,16.749590155588137,0
2013-08-15,07:51:07,8.2,20.419835960410555,0.13333333333333333
2013-08-15,07:56:07,8.0,16.81632351743239,0
2013-08-15,08:01:07,11.866666666666667,16.21573598892147,8.266666666666667
2013-08-15,08:06:07,9.0,24.423799486803517,0
2013-08-15,08:11:07,8.4,20.620036045943305,0
2013-08-15,08:16:07,8.333333333333334,16.34925362495927,0.06666666666666668
2013-08-15,08:21:07,8.666666666666666,16.549428254317363,0.06666666666666668
2013-08-15,08:26:07,8.6,18.75155282665363,0.2
2013-08-15,08:31:07,8.733333333333334,18.217673203812318,0.13333333333333333
2013-08-15,08:36:07,9.4,18.217673203812318,0
2013-08-15,08:41:07,13.066666666666668,38.17050291218638,8.333333333333334
2013-08-15,08:46:07,8.333333333333334,21.42081093189964,0
2013-08-15,08:51:07,8.0,17.416834677419356,0
2013-08-15,08:56:07,8.2,19.08516872352558,0
2013-08-15,09:01:07,11.6,19.485607078853043,0.06666666666666668
2013-08-15,09:06:07,8.8,27.96056583985011,0
2013-08-15,09:11:07,9.266666666666666,22.288370092049526,0.2
2013-08-15,09:16:07,8.666666666666666,18.01744766210492,0.13333333333333333
2013-08-15,09:21:07,8.0,17.884031850765723,0
2013-08-15,09:26:07,8.4,19.819235703812314,0.13333333333333333
2013-08-15,09:31:07,8.933333333333334,20.953702855164543,0.13333333333333333
2013-08-15,09:36:07,8.933333333333334,19.61903561827957,0.26666666666666666
2013-08-15,09:41:07,8.466666666666667,18.41783510508309,0.06666666666666668
2013-08-15,09:46:07,8.733333333333334,17.21669823232323,0
2013-08-15,09:51:07,8.533333333333333,20.953702855164543,0
2013-08-15,09:56:07,8.8,20.019435789345064,0.06666666666666668
2013-08-15,10:01:07,12.533333333333333,20.419835960410555,0.5333333333333333
2013-08-15,10:06:07,10.0,24.62396138807429,0.2
2013-08-15,10:11:07,9.466666666666667,23.022437072336267,0.6
2013-08-15,10:16:08,9.0,21.954703282828277,0.2
2013-08-15,10:21:08,9.266666666666666,21.420836388074292,0.13333333333333333
2013-08-15,10:26:08,8.533333333333333,18.81823527614858,0.26666666666666666
2013-08-15,10:31:08,8.533333333333333,18.217635019550343,0
2013-08-15,10:36:08,9.466666666666667,20.019435789345064,0.2
2013-08-15,10:41:08,8.6,20.219635874877813,0.13333333333333333
2013-08-15,10:46:08,8.466666666666667,17.617072947214076,0.2
2013-08-15,10:51:08,8.133333333333333,19.01843536168133,0
2013-08-15,10:56:08,9.2,16.215710532746826,0.6666666666666666
2013-08-15,11:01:08,11.266666666666667,18.217698659986965,0.06666666666666668
2013-08-15,11:06:08,9.333333333333334,27.026286045943305,0.13333333333333333
2013-08-15,11:11:08,8.6,24.02336113147605,0.13333333333333333
2013-08-15,11:16:08,8.266666666666666,20.019435789345064,0.06666666666666668
2013-08-15,11:21:08,9.0,18.017473118279568,0.26666666666666666
2013-08-15,11:26:08,8.066666666666666,20.219635874877813,0
2013-08-15,11:31:08,8.6,17.41694923020528,0.26666666666666666
2013-08-15,11:36:08,8.333333333333334,18.217673203812318,0.06666666666666668
2013-08-15,11:41:08,8.733333333333334,18.284419293743888,0.26666666666666666
2013-08-15,11:46:08,8.533333333333333,18.618035190615835,0
2013-08-15,11:51:08,8.266666666666666,19.619073802541546,0
2013-08-15,11:56:08,8.266666666666666,18.084193752036498,0.2
2013-08-15,12:01:08,11.666666666666668,21.954665098566302,0.4666666666666667
2013-08-15,12:06:08,10.133333333333333,30.496357221407628,0.3333333333333333
2013-08-15,12:11:08,8.666666666666666,33.03213587487781,0
2013-08-15,12:16:08,8.733333333333334,22.22163673020528,0.2
2013-08-15,12:21:08,8.4,18.618035190615835,0
2013-08-15,12:26:08,8.0,16.415948802541543,0
2013-08-15,12:31:08,8.666666666666666,20.820274315738025,0.06666666666666668
2013-08-15,12:36:08,8.8,18.618035190615835,0.06666666666666668
2013-08-15,12:41:08,8.4,16.41593607445422,0.2
2013-08-15,12:46:08,8.666666666666666,19.819235703812314,0.13333333333333333
2013-08-15,12:51:08,10.4,23.756453140273706,0.06666666666666668
2013-08-15,12:56:08,8.0,30.6298112170088,0
2013-08-15,13:01:08,11.2,20.219597690615835,0.13333333333333333
2013-08-15,13:06:08,9.066666666666666,23.823199230205276,0.3333333333333333
2013-08-15,13:11:08,9.0,25.424761730205276,0.4
2013-08-15,13:16:08,8.266666666666666,21.621036473607038,0.06666666666666668
2013-08-15,13:21:08,8.733333333333334,18.68476855246008,0
2013-08-15,13:26:08,8.2,16.215748717008797,0.06666666666666668
2013-08-15,13:31:08,8.466666666666667,17.817234848484848,0.13333333333333333
2013-08-15,13:36:08,8.333333333333334,19.218635447214076,0.06666666666666668
2013-08-15,13:41:09,9.4,19.418835532746822,0.6
2013-08-15,13:46:09,8.266666666666666,19.819235703812314,0.13333333333333333
2013-08-15,13:51:09,8.6,17.683793580970995,0
2013-08-15,13:56:09,8.0,18.684794008634732,0.06666666666666668
2013-08-15,14:01:09,11.533333333333333,19.08516872352558,0.2
2013-08-15,14:06:09,9.4,27.560152940697296,0.06666666666666668
2013-08-15,14:11:09,8.4,26.55921615347018,0.13333333333333333
2013-08-15,14:16:09,8.4,20.419835960410555,0.2
2013-08-15,14:21:09,8.6,18.951701999837077,0.3333333333333333
2013-08-15,14:26:09,8.4,20.086169151189313,0.2
2013-08-15,14:31:09,8.866666666666667,18.75154009856631,0.2
2013-08-15,14:36:09,8.066666666666666,18.818286188497886,0
2013-08-15,14:41:09,8.266666666666666,19.08516872352558,0.06666666666666668
2013-08-15,14:46:09,8.666666666666666,19.752540526230042,0.06666666666666668
2013-08-15,14:51:09,8.933333333333334,20.086169151189313,0.3333333333333333
2013-08-15,14:56:09,8.2,21.220636302541546,0.06666666666666668
2013-08-15,15:01:09,11.933333333333332,20.620010589768658,0.4
2013-08-15,15:06:09,9.133333333333333,27.026286045943305,0.13333333333333333
2013-08-15,15:11:09,8.533333333333333,23.022386159986972,0.13333333333333333
2013-08-15,15:16:09,9.133333333333333,21.420798203812318,0.26666666666666666
2013-08-15,15:21:09,8.533333333333333,19.61903561827957,0.13333333333333333
2013-08-15,15:26:09,8.733333333333334,21.220598118279568,0.13333333333333333
2013-08-15,15:31:09,8.666666666666666,18.417860561257733,0.13333333333333333
2013-08-15,15:36:09,8.6,18.95172745601173,0.5333333333333333
2013-08-15,15:41:09,8.733333333333334,19.55230225643532,0.3333333333333333
2013-08-15,15:46:09,8.466666666666667,17.9507779406973,0.13333333333333333
2013-08-15,15:51:09,8.866666666666667,18.618060646790482,0.2
2013-08-15,15:56:09,8.933333333333334,21.08716957885305,0.2
2013-08-15,16:01:09,12.8,19.885969065656564,8.733333333333333
2013-08-15,16:06:09,9.466666666666667,25.624923631476054,0.2
2013-08-15,16:11:09,8.333333333333334,28.094045291625935,0.13333333333333333
2013-08-15,16:16:09,8.2,21.020436217008797,0.06666666666666668
2013-08-15,16:21:09,8.933333333333334,18.61807337487781,0.2
2013-08-15,16:26:09,8.4,20.086169151189313,0
2013-08-15,16:31:09,8.4,17.883968210329098,0
2013-08-15,16:36:09,8.4,18.35112719941349,0.26666666666666666
2013-08-15,16:41:09,8.8,18.284381109481913,0.7333333333333333
2013-08-15,16:46:09,8.0,20.019435789345064,0
2013-08-15,16:51:09,8.733333333333334,18.351139927500817,0.13333333333333333
2013-08-15,16:56:09,8.4,18.55136546920821,0
2013-08-15,17:01:09,12.2,21.153877484522642,8.4
2013-08-15,17:06:09,8.933333333333334,27.493445035027698,0.13333333333333333
2013-08-15,17:11:09,8.666666666666666,26.22554934424894,0.13333333333333333
2013-08-15,17:16:09,8.4,21.821236559139784,0.13333333333333333
2013-08-15,17:21:09,8.2,23.08913224991854,0.06666666666666668
2013-08-15,17:26:09,8.8,19.885969065656564,0
2013-08-15,17:31:09,8.466666666666667,21.554264927500807,0.06666666666666668
2013-08-15,17:36:09,8.466666666666667,18.48456846692734,0.06666666666666668
2013-08-15,17:41:09,8.533333333333333,18.68476855246008,0.13333333333333333
2013-08-15,17:46:10,8.6,20.419835960410555,0.4
2013-08-15,17:51:10,8.4,19.61903561827957,0.13333333333333333
2013-08-15,17:56:10,8.2,18.951701999837077,0
2013-08-15,18:01:10,11.266666666666667,22.488544721407624,0.06666666666666668
2013-08-15,18:06:10,9.6,32.09789426523298,0.06666666666666668
2013-08-15,18:11:10,8.733333333333334,33.098894692896714,0.2
2013-08-15,18:16:10,8.266666666666666,24.290281850765723,0.2
2013-08-15,18:21:10,8.733333333333334,21.487569749918542,0
2013-08-15,18:26:10,8.4,19.885969065656564,0.06666666666666668
2013-08-15,18:31:10,8.2,17.5503268572825,0.06666666666666668
2013-08-15,18:36:10,8.666666666666666,19.75252779814272,0.3333333333333333
2013-08-15,18:41:10,8.4,19.55230225643532,0.13333333333333333
2013-08-15,18:46:10,8.2,20.48656932225481,0
2013-08-15,18:51:10,10.0,23.622986416585213,0
2013-08-15,18:56:10,8.0,28.627899458292603,0
2013-08-15,19:01:10,11.666666666666668,23.622999144672534,0.26666666666666666
2013-08-15,19:06:10,11.533333333333333,29.49540770609319,7.6
2013-08-15,19:11:10,10.666666666666668,33.16561532665363,0.2
2013-08-15,19:16:10,8.533333333333333,20.419835960410555,0.13333333333333333
2013-08-15,19:21:10,9.133333333333333,20.019499429781686,0.2
2013-08-15,19:26:10,8.333333333333334,21.487569749918542,0.06666666666666668
2013-08-15,19:31:10,8.333333333333334,21.354103026230046,0
2013-08-15,19:36:10,9.4,18.084219208211145,0.06666666666666668
2013-08-15,19:41:10,8.4,17.01651087487781,0.06666666666666668
2013-08-15,19:46:10,8.0,18.084193752036498,0
2013-08-15,19:51:10,8.666666666666666,17.283444322254805,0
2013-08-15,19:56:10,8.4,18.75154009856631,0.13333333333333333
2013-08-15,20:01:10,12.066666666666668,18.08424466438579,3.466666666666667
2013-08-15,20:06:10,8.8,26.0252983463669,0
2013-08-15,20:11:10,8.266666666666666,27.56019112495926,0
2013-08-15,20:16:10,9.066666666666666,17.61711113147605,0.4666666666666667
2013-08-15,20:21:10,9.866666666666667,24.090094493320297,0
2013-08-15,20:26:11,8.2,26.292282706093182,0.06666666666666668
2013-08-15,20:31:11,8.6,16.749628339850116,0
2013-08-15,20:36:11,8.266666666666666,17.550365041544477,0
2013-08-15,20:41:11,8.733333333333334,20.553302684099055,0.26666666666666666
2013-08-15,20:46:11,8.066666666666666,17.216685504235908,0.13333333333333333
2013-08-15,20:51:11,9.0,17.550352313457154,0.3333333333333333
2013-08-15,20:56:11,8.133333333333333,17.8173112170088,0.06666666666666668
2013-08-15,21:01:10,12.066666666666668,18.951778368361033,3.4
2013-08-15,21:06:10,9.266666666666666,28.561115184099062,0
2013-08-15,21:11:10,8.4,25.89186980694037,0.06666666666666668
2013-08-15,21:16:10,8.066666666666666,20.419835960410555,0.4666666666666667
2013-08-15,21:21:10,8.2,19.352102170902576,0
2013-08-15,21:26:10,8.6,17.95070157217334,0.13333333333333333
2013-08-15,21:31:10,8.866666666666667,19.418835532746822,0.06666666666666668
2013-08-15,21:36:11,8.2,21.687769835451284,0
2013-08-15,21:41:11,9.666666666666666,17.950739756435325,0.26666666666666666
2013-08-15,21:46:11,8.733333333333334,17.416911045943305,0.06666666666666668
2013-08-15,21:51:11,8.266666666666666,17.016472690615835,0
2013-08-15,21:56:11,8.8,16.54939007005539,0.06666666666666668
2013-08-15,22:01:11,11.533333333333333,19.21867363147605,3.466666666666667
2013-08-15,22:06:11,9.733333333333334,27.426686217008793,0.26666666666666666
2013-08-15,22:11:11,16.333333333333332,24.557240754317363,0.3333333333333333
2013-08-15,22:16:11,9.466666666666667,34.43353647360704,0.13333333333333333
2013-08-15,22:21:11,8.6,33.16561532665363,0.13333333333333333
2013-08-15,22:26:11,9.466666666666667,24.423761302541543,0.5333333333333333
2013-08-15,22:31:11,8.733333333333334,21.020436217008797,0.06666666666666668
2013-08-15,22:36:11,8.0,18.551301828771585,0
2013-08-15,22:41:11,8.6,23.556253054740957,0.06666666666666668
2013-08-15,22:46:11,8.2,19.6190483463669,0
2013-08-15,22:51:11,8.2,17.950739756435325,0.06666666666666668
2013-08-15,22:56:11,8.133333333333333,18.017473118279568,0
2013-08-15,23:01:11,12.2,20.753490041544477,11.733333333333333
2013-08-15,23:06:11,9.266666666666666,31.230411473607038,0.13333333333333333
2013-08-15,23:11:11,8.4,24.023399315738025,0
2013-08-15,23:16:11,8.2,20.019435789345064,0.06666666666666668
2013-08-15,23:21:11,8.2,18.751501914304335,0
2013-08-15,23:26:11,8.6,20.82023613147605,0
2013-08-15,23:31:11,8.6,20.219674059139788,0.2
2013-08-15,23:36:11,8.0,18.417873289345064,0
2013-08-15,23:41:11,8.2,20.419835960410555,0
2013-08-15,23:46:11,8.466666666666667,18.88496863799283,0.13333333333333333
2013-08-15,23:51:11,8.533333333333333,19.418835532746822,0.06666666666666668
2013-08-15,23:56:11,8.8,18.28436838139459,0.13333333333333333
2013-08-16,00:01:11,14.533333333333333,23.022360703812318,11.733333333333333
2013-08-16,00:06:11,8.933333333333334,31.230449657869013,0
2013-08-16,00:11:12,8.933333333333334,27.226524315738025,0
2013-08-16,00:16:12,8.4,21.420836388074292,0.06666666666666668
2013-08-16,00:21:12,8.466666666666667,19.485568894591072,0
2013-08-16,00:26:12,8.4,18.217635019550343,0.06666666666666668
2013-08-16,00:31:12,8.333333333333334,18.751501914304335,0.13333333333333333
2013-08-16,00:36:12,8.333333333333334,20.820197947214076,0
2013-08-16,00:41:12,8.466666666666667,18.41791147360704,0.06666666666666668
2013-08-16,00:46:12,8.266666666666666,18.15092711388074,0
2013-08-16,00:51:12,8.0,18.217711388074292,0
2013-08-16,00:56:12,8.533333333333333,20.219623146790486,0.06666666666666668
2013-08-16,01:01:12,11.533333333333333,21.754465013033567,3.4
2013-08-16,01:06:12,9.866666666666667,31.8309735459433,0.2
2013-08-16,01:11:12,8.4,33.232374144672534,0
2013-08-16,01:16:12,9.4,21.220636302541546,0.13333333333333333
2013-08-16,01:21:12,10.066666666666666,28.42768664467253,0
2013-08-16,01:26:12,8.666666666666666,32.63177388807429,0
2013-08-16,01:31:12,12.266666666666667,25.091094920984037,0.5333333333333333
2013-08-16,01:36:12,9.733333333333334,43.64247311827957,1.5333333333333334
2013-08-16,01:41:12,8.2,22.621998717008797,0.2
2013-08-16,01:46:12,8.333333333333334,15.615186644672532,0.13333333333333333
2013-08-16,01:51:12,8.533333333333333,17.01651087487781,0
2013-08-16,01:56:12,8.333333333333334,22.0881318222548,0.13333333333333333
2013-08-16,02:01:12,16.2,21.020398032746822,3.533333333333333
2013-08-16,02:06:12,24.133333333333336,28.961553539426514,0
2013-08-16,02:11:12,8.2,23.689757962691424,0
2013-08-16,02:16:12,8.2,17.216672776148584,0.06666666666666668
2013-08-16,02:21:12,8.0,19.151902085369827,0
2013-08-16,02:26:12,8.266666666666666,19.352102170902576,0.06666666666666668
2013-08-16,02:31:12,8.466666666666667,19.418835532746822,0.2
2013-08-16,02:36:12,8.266666666666666,18.684794008634732,0
2013-08-16,02:41:12,8.733333333333334,16.015561359563378,0
2013-08-16,02:46:12,8.266666666666666,16.482669436298465,0
2013-08-16,02:51:12,8.0,16.81633624551971,0
2013-08-16,02:56:12,8.266666666666666,17.283457050342133,0
2013-08-16,03:01:12,11.4,16.21573598892147,3.466666666666667
2013-08-16,03:06:12,9.133333333333333,23.356065697295534,0
2013-08-16,03:11:12,8.333333333333334,22.555265355164543,0
2013-08-16,03:16:12,8.066666666666666,17.88400639459107,0.06666666666666668
2013-08-16,03:21:12,8.266666666666666,20.019435789345064,0
2013-08-16,03:26:12,8.733333333333334,17.08323150863474,0
2013-08-16,03:31:12,8.933333333333334,15.948815269631803,0.06666666666666668
2013-08-16,03:36:12,8.066666666666666,16.68288224991854,0
2013-08-16,03:41:12,8.733333333333334,17.6170856753014,0.06666666666666668
2013-08-16,03:46:12,8.533333333333333,18.8850068222548,0
2013-08-16,03:51:12,8.4,23.42283724340176,0
2013-08-16,03:56:12,8.2,20.686731223525577,0
2013-08-16,04:01:12,12.266666666666667,21.621011017432394,3.466666666666667
2013-08-16,04:06:12,8.933333333333334,28.828061359563378,0
2013-08-16,04:11:12,8.4,22.688719350765716,0
2013-08-16,04:16:12,8.466666666666667,17.5503268572825,0.06666666666666668
2013-08-16,04:21:12,9.0,19.685768980123814,0
2013-08-16,04:26:12,8.733333333333334,19.485581622678396,0.2
2013-08-16,04:31:12,8.8,19.819235703812314,0.06666666666666668
2013-08-16,04:36:13,9.0,20.419835960410555,0
2013-08-16,04:41:13,8.866666666666667,18.951701999837077,0
2013-08-16,04:46:13,8.4,17.817234848484848,0
2013-08-16,04:51:13,8.8,16.48268216438579,0
2013-08-16,04:56:13,8.133333333333333,18.68478128054741,0
2013-08-16,05:01:13,12.0,22.555265355164543,3.466666666666667
2013-08-16,05:06:13,9.2,28.894832905669602,0
2013-08-16,05:11:13,9.266666666666666,21.487569749918542,0
2013-08-16,05:16:13,8.6,17.884019122678396,0.06666666666666668
2013-08-16,05:21:13,8.333333333333334,17.8173112170088,0
2013-08-16,05:26:13,8.2,18.017434934017594,0
2013-08-16,05:31:13,8.933333333333334,18.284444749918542,0.13333333333333333
2013-08-16,05:36:13,8.4,17.483618951612904,0
2013-08-16,05:41:13,8.4,16.749590155588137,0
2013-08-16,05:46:13,8.333333333333334,18.284381109481913,0
2013-08-16,05:51:13,8.133333333333333,19.3521148989899,0
2013-08-16,05:56:13,8.666666666666666,20.353102598566313,0
2013-08-16,06:01:13,12.066666666666668,16.81632351743239,3.533333333333333
2013-08-16,06:06:13,9.866666666666667,25.75839035516455,0.26666666666666666
2013-08-16,06:11:13,9.0,32.765215155588145,0
2013-08-16,06:16:13,8.466666666666667,21.287369664385793,0.06666666666666668
2013-08-16,06:21:13,10.133333333333333,22.48851926523297,0
2013-08-16,06:26:13,8.2,25.825136445096124,0
2013-08-16,06:31:13,8.266666666666666,20.68676940778755,0
2013-08-16,06:36:13,8.533333333333333,19.819235703812314,0
2013-08-16,06:41:13,8.666666666666666,21.08716957885305,0
2013-08-16,06:46:13,8.066666666666666,16.21576144509612,0
2013-08-16,06:51:13,8.2,15.748602456011728,0
2013-08-16,06:56:13,8.2,17.016472690615835,0
2013-08-16,07:01:13,12.333333333333332,20.21966133105246,11.8
2013-08-16,07:06:13,9.133333333333333,25.75839035516455,0
2013-08-16,07:11:13,8.466666666666667,27.226537043825356,0
2013-08-16,07:16:13,8.333333333333334,18.618098831052457,0.06666666666666668
2013-08-16,07:21:13,8.933333333333334,17.61711113147605,0
2013-08-16,07:26:13,8.133333333333333,21.354103026230046,0
2013-08-16,07:31:13,8.533333333333333,20.68676940778755,0.06666666666666668
2013-08-16,07:36:13,8.2,18.618035190615835,0
2013-08-16,07:41:13,8.466666666666667,18.417873289345064,0
2013-08-16,07:46:13,8.333333333333334,17.283406137992827,0
2013-08-16,07:51:13,8.733333333333334,16.4159233463669,0
2013-08-16,07:56:13,8.4,17.950727028347995,0
2013-08-16,08:01:13,11.8,19.685768980123814,11.666666666666664
2013-08-16,08:06:13,8.866666666666667,26.826098688497872,0
2013-08-16,08:11:13,8.6,21.220636302541546,0.06666666666666668
2013-08-16,08:16:13,8.0,18.26768504093353,0
2013-08-16,08:21:14,8.333333333333334,17.550301401107852,0
2013-08-16,08:26:14,8.666666666666666,21.487569749918542,0.2
2013-08-16,08:31:14,8.0,18.417873289345064,0
2013-08-16,08:36:14,9.0,18.81823527614858,0.06666666666666668
2013-08-16,08:41:14,8.866666666666667,19.95270242750081,3.4
2013-08-16,08:46:14,12.4,38.83778561827957,0
2013-08-16,08:51:14,8.933333333333334,24.824161473607038,0.13333333333333333
2013-08-16,08:56:14,8.466666666666667,18.81823527614858,0.06666666666666668
2013-08-16,09:01:14,12.533333333333333,22.0881318222548,3.6
2013-08-16,09:06:14,9.4,31.630811644672534,0.13333333333333333
2013-08-16,09:11:14,8.933333333333334,25.424799914467254,0
2013-08-16,09:16:14,8.6,20.019435789345064,0.06666666666666668
2013-08-16,09:21:14,8.4,22.2215985459433,0
2013-08-16,09:26:14,8.533333333333333,19.418835532746822,0
2013-08-16,09:31:14,9.0,18.35112719941349,0.06666666666666668
2013-08-16,09:36:14,8.733333333333334,19.61903561827957,0.13333333333333333
2013-08-16,09:41:14,9.066666666666666,20.41979777614858,0
2013-08-16,09:46:14,8.0,17.550339585369823,0
2013-08-16,09:51:14,8.8,19.819235703812314,0.13333333333333333
2013-08-16,09:56:14,8.266666666666666,17.01651087487781,0
2013-08-16,10:01:14,12.266666666666667,18.618111559139784,3.6
2013-08-16,10:06:14,9.133333333333333,26.62596224340176,0.13333333333333333
2013-08-16,10:11:14,9.4,28.6278485459433,0.2
2013-08-16,10:16:14,8.8,25.624961815738022,0.06666666666666668
2013-08-16,10:21:14,9.066666666666666,19.218635447214076,0
2013-08-16,10:26:14,9.2,21.687769835451284,0.4666666666666667
2013-08-16,10:31:14,10.2,22.42179863147605,0.4666666666666667
2013-08-16,10:36:14,9.466666666666667,19.418835532746822,0
2013-08-16,10:41:14,8.4,18.017473118279568,0
2013-08-16,10:46:14,8.6,16.215710532746826,0.2
2013-08-16,10:51:14,8.733333333333334,17.08323150863474,0.2
2013-08-16,10:56:14,8.066666666666666,19.685794436298465,0
2013-08-16,11:01:14,12.2,21.620998289345064,3.6
2013-08-16,11:06:14,9.466666666666667,28.42768664467253,0.13333333333333333
2013-08-16,11:11:14,8.933333333333334,24.423799486803517,0.2
2013-08-16,11:16:14,9.2,21.420836388074292,0.26666666666666666
2013-08-16,11:21:15,8.533333333333333,22.22163673020528,0.2
2013-08-16,11:26:15,8.466666666666667,19.61903561827957,0.2
2013-08-16,11:31:15,9.533333333333333,25.424723545943305,0.4
2013-08-16,11:36:15,8.866666666666667,24.223561217008797,0.26666666666666666
2013-08-16,11:41:15,8.8,21.420836388074292,0.13333333333333333
2013-08-16,11:46:15,8.6,19.61903561827957,0.4666666666666667
2013-08-16,11:51:15,9.066666666666666,22.2215985459433,0.06666666666666668
2013-08-16,11:56:15,8.866666666666667,20.753502769631805,0
2013-08-16,12:01:15,12.2,23.422799059139784,3.4
2013-08-16,12:06:15,9.133333333333333,26.42568578934506,0.3333333333333333
2013-08-16,12:11:15,9.333333333333334,27.82708638807429,0.4
2013-08-16,12:16:15,9.4,23.556265782828277,0.6
2013-08-16,12:21:15,8.733333333333334,27.02632423020528,0.06666666666666668
2013-08-16,12:26:15,9.066666666666666,27.626911758716194,0.26666666666666666
2013-08-16,12:31:15,8.6,25.2913077346041,0.2
2013-08-16,12:36:15,9.0,20.48656932225481,0.3333333333333333
2013-08-16,12:41:15,8.266666666666666,23.6896943222548,0
2013-08-16,12:46:15,8.733333333333334,19.819235703812314,0.2
2013-08-16,12:51:15,8.6,19.75250234196807,0
2013-08-16,12:56:15,8.4,15.681920006516778,0
2013-08-16,13:01:15,11.866666666666667,24.423761302541543,3.533333333333333
2013-08-16,13:06:15,8.733333333333334,28.961540811339198,0.13333333333333333
2013-08-16,13:11:15,9.0,26.826162328934505,0
2013-08-16,13:16:15,8.466666666666667,23.889932592049533,0.13333333333333333
2013-08-16,13:21:15,9.733333333333334,24.95762819729553,0.4
2013-08-16,13:26:15,9.866666666666667,21.220636302541546,0
2013-08-16,13:31:15,8.4,19.285368809058323,0.2
2013-08-16,13:36:15,8.4,19.75252779814272,0
2013-08-16,13:41:15,8.6,19.15191481345715,0.2
2013-08-16,13:46:15,9.866666666666667,21.220610846366892,0.5333333333333333
2013-08-16,13:51:16,9.6,20.953690127077223,0.26666666666666666
2013-08-16,13:56:16,10.133333333333333,18.951701999837077,0.26666666666666666
2013-08-16,14:01:16,13.733333333333333,19.218622719126753,12.333333333333336
2013-08-16,14:06:16,9.666666666666666,30.09596977842946,0.26666666666666666
2013-08-16,14:11:16,8.733333333333334,25.624923631476054,0
2013-08-16,14:16:16,9.333333333333334,19.485568894591072,0.6666666666666666
2013-08-16,14:21:16,8.8,19.55230225643532,0.26666666666666666
2013-08-16,14:26:16,9.066666666666666,19.1519402696318,0.26666666666666666
2013-08-16,14:31:16,8.533333333333333,19.01843536168133,0
2013-08-16,14:36:16,8.533333333333333,19.285368809058323,0
2013-08-16,14:41:16,8.733333333333334,17.01651087487781,0.3333333333333333
2013-08-16,14:46:16,8.6,17.483644407787548,0.2
2013-08-16,14:51:16,8.533333333333333,20.686731223525577,0
2013-08-16,14:56:16,8.466666666666667,17.88400639459107,0.06666666666666668
2013-08-16,15:01:16,12.266666666666667,21.28734420821114,12.0
2013-08-16,15:06:16,9.2,27.093044863962202,0.13333333333333333
2013-08-16,15:11:16,8.933333333333334,25.82516190127077,0
2013-08-16,15:21:16,9.466666666666667,19.218660903388727,0
2013-08-16,15:26:16,9.533333333333333,19.15191481345715,0.3333333333333333
2013-08-16,15:31:16,10.2,20.019435789345064,0
2013-08-16,15:36:16,8.133333333333333,19.95270242750081,0
2013-08-16,15:41:16,8.866666666666667,18.48459392310199,0
2013-08-16,15:51:16,8.2,17.21674914467253,0.06666666666666668
2013-08-16,15:56:16,8.8,17.817336673183444,0.3333333333333333
2013-08-16,16:01:16,11.466666666666667,20.152915241120883,3.4
2013-08-16,16:06:16,9.133333333333333,30.29614440778755,0.06666666666666668
2013-08-16,16:11:16,9.666666666666666,26.158815982404693,0.2
2013-08-16,16:16:16,8.2,22.35510345389378,0.2
2013-08-16,16:21:16,8.733333333333334,21.687769835451284,0
2013-08-16,16:26:16,8.8,19.01843536168133,0.3333333333333333
2013-08-16,16:31:16,8.4,19.885969065656564,0
2013-08-16,16:36:16,9.066666666666666,19.685768980123814,0.2
2013-08-16,16:41:16,8.666666666666666,17.350203140273702,0
2013-08-16,16:46:16,9.133333333333333,17.550352313457154,0.2
2013-08-16,16:51:16,8.666666666666666,17.95076521260997,0.2
2013-08-16,16:56:16,8.2,16.883056879276637,0
2013-08-16,17:01:16,11.8,16.349240896871944,3.533333333333333
2013-08-16,17:06:16,8.733333333333334,22.822198802541543,0.2
2013-08-16,17:11:16,9.466666666666667,32.831973973607035,0
2013-08-16,17:16:16,8.466666666666667,20.753502769631805,0.3333333333333333
2013-08-16,17:21:16,10.133333333333333,20.82023613147605,0.2
2013-08-16,17:26:16,9.733333333333334,22.555265355164543,0.4666666666666667
2013-08-16,17:31:17,9.066666666666666,19.95270242750081,0.2
2013-08-16,17:36:17,8.533333333333333,20.019435789345064,0.2
2013-08-16,17:41:17,9.0,18.751501914304335,0.3333333333333333
2013-08-16,17:46:17,8.733333333333334,19.01843536168133,0.13333333333333333
2013-08-16,17:51:17,8.866666666666667,19.151889357282503,0.13333333333333333
2013-08-16,17:56:17,8.533333333333333,17.483618951612904,0.2
2013-08-16,18:01:17,12.466666666666667,19.352127627077227,3.733333333333333
2013-08-16,18:06:17,11.0,36.035124429781696,0.4
2013-08-16,18:11:17,9.285714285714283,37.0360612170088,0
2013-08-16,18:16:17,8.0,30.696570035027705,0.06666666666666668
2013-08-16,18:21:17,8.4,21.153902940697293,0.06666666666666668
2013-08-16,18:26:17,8.6,17.8173112170088,0
2013-08-16,18:31:17,8.4,17.81724757657217,0.06666666666666668
2013-08-16,18:36:17,8.266666666666666,18.751514642391655,0.2
2013-08-16,18:41:17,9.533333333333333,19.485568894591072,0.4
2013-08-16,18:46:17,8.6,17.416911045943305,0.4
2013-08-16,18:51:17,8.466666666666667,17.550301401107852,0.06666666666666668
2013-08-16,18:56:17,8.666666666666666,19.218635447214076,0.13333333333333333
2013-08-16,19:01:17,14.363636363636365,20.383488014307293,5.1
2013-08-16,19:06:17,11.4,35.100870092049526,0.6
2013-08-16,19:11:17,9.466666666666667,27.493406850765723,0.3333333333333333
2013-08-16,19:16:17,9.066666666666666,20.753502769631805,0.2
2013-08-16,19:21:17,9.133333333333333,19.61903561827957,0.2
2013-08-16,19:26:17,8.866666666666667,18.551327284946233,0.2
2013-08-16,19:31:17,8.466666666666667,17.283393409905507,0.06666666666666668
2013-08-16,19:36:17,8.8,17.88400639459107,0.2
2013-08-16,19:41:17,8.8,22.28833190778755,0
2013-08-16,19:46:17,9.066666666666666,19.08519417970023,0.3333333333333333
2013-08-16,19:51:18,8.733333333333334,19.95272788367547,0.13333333333333333
2013-08-16,19:56:18,8.466666666666667,20.68676940778755,0
2013-08-16,20:01:18,12.933333333333332,20.152889784946236,3.4
2013-08-16,20:06:18,9.333333333333334,29.228461530628863,0.13333333333333333
2013-08-16,20:11:18,11.866666666666667,35.768152798142715,0.2
2013-08-16,20:16:18,9.0,34.09988239247312,0.26666666666666666
2013-08-16,20:21:18,8.466666666666667,22.221624002117956,0.26666666666666666
2013-08-16,20:26:18,8.866666666666667,20.353102598566313,0.3333333333333333
2013-08-16,20:31:18,8.533333333333333,19.218635447214076,0.06666666666666668
2013-08-16,20:36:18,8.733333333333334,20.686731223525577,0.06666666666666668
2013-08-16,20:41:18,8.533333333333333,18.751527370478986,0
2013-08-16,20:46:18,8.533333333333333,17.35021586836103,0
2013-08-16,20:51:18,9.066666666666666,16.282443894591072,0.06666666666666668
2013-08-16,20:56:18,9.066666666666666,18.551352741120887,0.26666666666666666
2013-08-16,21:01:18,13.066666666666668,22.288344635874875,11.6
2013-08-16,21:06:18,8.533333333333333,27.293244949494948,0
2013-08-16,21:11:18,9.266666666666666,25.491469635874882,0
2013-08-16,21:16:18,9.866666666666667,20.219635874877813,0.6666666666666666
2013-08-16,21:21:18,8.666666666666666,19.885969065656564,0.2
2013-08-16,21:26:18,8.6,20.553302684099055,0.13333333333333333
2013-08-16,21:31:18,8.133333333333333,18.017498574454216,0.06666666666666668
2013-08-16,21:36:18,8.866666666666667,17.617047491039433,0.13333333333333333
2013-08-16,21:41:18,8.8,18.351165383675465,0
2013-08-16,21:46:18,8.933333333333334,19.018473545943305,0.26666666666666666
2013-08-16,21:51:18,8.933333333333334,20.753502769631805,0.2
2013-08-16,21:56:18,8.8,20.553302684099055,0
2013-08-16,22:01:19,12.4,19.685807164385793,11.6
2013-08-16,22:06:19,8.4,24.023399315738025,0
2013-08-16,22:11:19,8.666666666666666,18.551327284946233,0
2013-08-16,22:16:19,8.733333333333334,18.684819464809387,0.06666666666666668
2013-08-16,22:21:19,9.266666666666666,16.149015355164554,0
2013-08-16,22:26:19,8.666666666666666,16.61612343189964,0.13333333333333333
2013-08-16,22:31:19,9.466666666666667,19.95270242750081,0.3333333333333333
2013-08-16,22:36:19,9.0,22.688770263115018,0.2
2013-08-16,22:41:19,9.8,23.689732506516776,0.26666666666666666
2013-08-16,22:46:19,8.6,19.61903561827957,0.13333333333333333
2013-08-16,22:51:19,9.066666666666666,18.48460665118931,0
2013-08-16,22:56:19,11.133333333333333,18.351139927500817,0
2013-08-16,23:01:19,13.4,20.686756679700228,11.8
2013-08-16,23:06:19,9.0,26.959578140273706,0.13333333333333333
2013-08-16,23:11:19,12.133333333333333,36.83586113147605,1.4
2013-08-16,23:16:19,8.933333333333334,34.16661575431736,0.06666666666666668
2013-08-16,23:21:19,9.266666666666666,22.822211530628863,0.3333333333333333
2013-08-16,23:26:19,9.0,21.08716957885305,0
2013-08-16,23:31:19,8.2,17.483606223525573,0
2013-08-16,23:36:19,8.466666666666667,17.750577855164547,0.2
2013-08-16,23:41:19,8.6,19.685768980123814,0
2013-08-16,23:46:19,8.733333333333334,16.68288224991854,0.06666666666666668
2013-08-16,23:51:19,9.733333333333334,17.483631679700228,0.2
2013-08-16,23:56:19,8.733333333333334,17.08323150863474,0
2013-08-17,00:01:19,13.333333333333332,19.619022890192245,3.466666666666667
2013-08-17,00:06:19,9.333333333333334,25.825136445096124,0.06666666666666668
2013-08-17,00:11:19,11.266666666666667,22.021436644672534,0.26666666666666666
2013-08-17,00:16:19,9.2,21.08716957885305,0.13333333333333333
2013-08-17,00:21:19,9.933333333333334,22.15486518409906,0.3333333333333333
2013-08-17,00:26:19,9.066666666666666,19.55230225643532,0
2013-08-17,00:31:19,10.4,18.48456846692734,1.1333333333333333
2013-08-17,00:36:19,10.0,23.622999144672534,0
2013-08-17,00:41:19,10.6,24.490532848647774,0.4666666666666667
2013-08-17,00:46:19,9.866666666666667,20.82023613147605,0.13333333333333333
2013-08-17,00:51:19,8.4,17.149990326653636,0
2013-08-17,00:56:19,9.133333333333333,16.682844065656564,0.2
2013-08-17,01:01:19,13.2,19.95268969941349,3.533333333333333
2013-08-17,01:06:19,8.466666666666667,22.888919436298472,0
2013-08-17,01:11:19,9.4,22.822198802541543,0.13333333333333333
2013-08-17,01:16:19,8.6,19.885969065656564,0.06666666666666668
2013-08-17,01:21:19,8.8,17.817234848484848,0.06666666666666668
2013-08-17,01:26:19,8.733333333333334,16.616187072336267,0
2013-08-17,01:31:19,13.2,21.153890212609973,0.4666666666666667
2013-08-17,01:36:19,9.333333333333334,33.032174059139784,1.2
2013-08-17,01:41:19,9.0,23.222637157869013,1.4
2013-08-17,01:46:19,8.666666666666666,19.55230225643532,0.26666666666666666
2013-08-17,01:51:20,8.8,19.61903561827957,0.2
2013-08-17,01:56:20,8.733333333333334,19.95270242750081,0.2
2013-08-17,02:01:20,20.6,21.28735693629847,3.6666666666666665
2013-08-17,02:06:20,21.0,28.828086815738025,0.2
2013-08-17,02:11:20,9.4,21.020436217008797,0
2013-08-17,02:16:20,8.8,18.41783510508309,0.06666666666666668
2013-08-17,02:21:20,8.666666666666666,19.418835532746822,0
2013-08-17,02:26:20,8.866666666666667,16.61609797572499,0
2013-08-17,02:31:20,9.2,18.551340013033556,0
2013-08-17,02:36:20,9.0,25.491495092049536,0
2013-08-17,02:41:20,9.0,19.418835532746822,0
2013-08-17,02:46:20,9.0,20.219635874877813,0
2013-08-17,02:51:20,8.8,19.55230225643532,0
2013-08-17,02:56:20,8.666666666666666,18.28439383756924,0.06666666666666668
2013-08-17,03:01:20,13.6,22.688719350765716,3.4
2013-08-17,03:06:20,8.4,29.295169436298472,0
2013-08-17,03:11:20,9.4,28.093994379276637,0
2013-08-17,03:16:20,9.0,19.95271515558814,0.06666666666666668
2013-08-17,03:21:20,9.0,17.01651087487781,0.13333333333333333
2013-08-17,03:26:20,8.933333333333334,18.618086102965133,0.06666666666666668
2013-08-17,03:31:20,8.666666666666666,16.54937734196807,0
2013-08-17,03:36:20,8.933333333333334,18.150952570055388,0
2013-08-17,03:41:20,9.066666666666666,22.154903368361023,0.06666666666666668
2013-08-17,03:46:20,9.466666666666667,25.024336102965133,0.06666666666666668
2013-08-17,03:51:20,8.533333333333333,23.022386159986972,0.06666666666666668
2013-08-17,03:56:20,8.933333333333334,17.083269692896707,0.13333333333333333
2013-08-17,04:01:20,12.866666666666667,17.350241324535677,11.6
2013-08-17,04:06:21,8.933333333333334,24.95762819729553,0
2013-08-17,04:11:21,9.266666666666666,19.08516872352558,0
2013-08-17,04:16:21,9.133333333333333,18.951701999837077,0.06666666666666668
2013-08-17,04:21:21,8.933333333333334,16.68286952183122,0
2013-08-17,04:26:21,9.133333333333333,17.75059058325187,0.06666666666666668
2013-08-17,04:31:21,8.533333333333333,18.551301828771585,0
2013-08-17,04:36:21,8.733333333333334,18.48460665118931,0
2013-08-17,04:41:21,9.2,17.216672776148584,0
2013-08-17,04:46:21,8.466666666666667,15.481707192896707,0
2013-08-17,04:51:21,9.066666666666666,19.285394265232974,0
2013-08-17,04:56:21,8.266666666666666,19.418835532746822,0
2013-08-17,05:01:21,13.066666666666668,21.621011017432394,11.6
2013-08-17,05:06:21,8.666666666666666,28.627874002117952,0
2013-08-17,05:11:21,9.466666666666667,22.488531993320304,0
2013-08-17,05:16:21,8.533333333333333,18.351101743238843,0.06666666666666668
2013-08-17,05:21:21,8.866666666666667,18.084231936298472,0.06666666666666668
2013-08-17,05:26:21,8.6,19.285445177582275,0
2013-08-17,05:31:21,8.533333333333333,18.75155282665363,0
2013-08-17,05:36:21,8.933333333333334,19.41886098892147,0
2013-08-17,05:41:21,8.466666666666667,18.951752912186382,0
2013-08-17,05:46:21,8.6,17.68383176523298,0
2013-08-17,05:51:21,8.266666666666666,17.81724757657217,0.06666666666666668
2013-08-17,05:56:21,8.4,18.951701999837077,0
2013-08-17,06:01:21,12.466666666666667,18.084206480123818,3.4
2013-08-17,06:06:21,8.466666666666667,26.625924059139788,0
2013-08-17,06:11:21,10.2,33.96636475643531,0
2013-08-17,06:16:21,8.466666666666667,20.019435789345064,0.06666666666666668
2013-08-17,06:21:21,8.733333333333334,16.816285333170416,0
2013-08-17,06:26:21,8.866666666666667,17.483618951612904,0
2013-08-17,06:31:21,8.333333333333334,19.018460817855974,0
2013-08-17,06:36:21,8.466666666666667,17.8172603046595,0.13333333333333333
2013-08-17,06:41:21,8.666666666666666,19.08520690778755,0
2013-08-17,06:46:21,10.533333333333333,24.55721529814272,0
2013-08-17,06:51:21,8.8,27.026336958292607,0
2013-08-17,06:56:21,8.733333333333334,20.753502769631805,0
2013-08-17,07:01:22,12.866666666666667,21.020398032746822,3.533333333333333
2013-08-17,07:06:22,8.4,31.16370356793744,0
2013-08-17,07:11:22,9.2,22.888970348647767,0
2013-08-17,07:16:22,8.4,18.618047918703166,0.06666666666666668
2013-08-17,07:21:22,8.866666666666667,19.08519417970023,0.06666666666666668
2013-08-17,07:26:22,8.2,18.351101743238843,0
2013-08-17,07:31:22,8.2,16.015535903388727,0
2013-08-17,07:36:22,8.266666666666666,17.884044578853043,0
2013-08-17,07:41:22,8.866666666666667,19.352102170902576,0
2013-08-17,07:46:22,9.133333333333333,16.949828425382858,0
2013-08-17,07:51:22,8.866666666666667,16.149002627077223,0
2013-08-17,07:56:22,8.466666666666667,18.284419293743888,0
2013-08-17,08:01:22,12.266666666666667,20.086194607363968,3.4
2013-08-17,08:06:22,8.2,28.828023175301404,0.13333333333333333
2013-08-17,08:11:22,9.4,26.62588587487781,0.06666666666666668
2013-08-17,08:16:22,8.4,21.287369664385793,0.06666666666666668
2013-08-17,08:21:22,8.6,20.753502769631805,0.06666666666666668
2013-08-17,08:26:22,8.2,18.81823527614858,0
2013-08-17,08:31:22,8.4,15.815361274030629,0
2013-08-17,08:36:22,8.733333333333334,15.882069179700226,0.06666666666666668
2013-08-17,08:41:22,8.466666666666667,20.620036045943305,0
2013-08-17,08:46:22,13.2,25.224485276148577,3.533333333333333
2013-08-17,08:51:22,8.6,32.69850724991854,0.06666666666666668
2013-08-17,08:56:22,8.2,18.951701999837077,0.13333333333333333
2013-08-17,09:01:22,13.866666666666667,24.623974116161612,3.4
2013-08-17,09:06:22,8.2,31.23039874551972,0
2013-08-17,09:11:22,9.133333333333333,24.15686603942653,0
2013-08-17,09:16:22,9.2,23.8231610459433,0
2013-08-17,09:21:22,8.733333333333334,24.22359940127077,0.06666666666666668
2013-08-17,09:26:22,8.2,21.420836388074292,0
2013-08-17,09:31:22,8.266666666666666,18.88496863799283,0
2013-08-17,09:36:22,8.0,17.950752484522646,0
2013-08-17,09:41:22,8.266666666666666,15.34824046920821,0
2013-08-17,09:46:22,8.333333333333334,17.483606223525573,0
2013-08-17,09:51:22,8.933333333333334,19.61903561827957,0.06666666666666668
2013-08-17,09:56:22,8.466666666666667,17.483644407787548,0
2013-08-17,10:01:22,13.4,20.886918580971003,3.4
2013-08-17,10:06:22,8.8,27.426724401270775,0
2013-08-17,10:11:22,9.2,21.821236559139784,0
2013-08-17,10:16:22,8.4,18.417873289345064,0
2013-08-17,10:21:22,8.733333333333334,20.620036045943305,0.06666666666666668
2013-08-17,10:26:22,8.666666666666666,19.61903561827957,0
2013-08-17,10:31:22,9.0,16.816348973607038,0.13333333333333333
2013-08-17,10:36:22,8.666666666666666,15.348227741120882,0.26666666666666666
2013-08-17,10:41:22,8.8,19.418835532746822,0.2
2013-08-17,10:46:22,8.666666666666666,18.017434934017594,0
2013-08-17,10:51:22,8.866666666666667,18.017434934017594,0
2013-08-17,10:56:22,8.466666666666667,18.084193752036498,0.13333333333333333
2013-08-17,11:01:22,12.8,24.156815127077223,3.533333333333333
2013-08-17,11:06:22,8.4,25.825123717008797,0.06666666666666668
2013-08-17,11:11:22,9.133333333333333,23.222598973607038,0.13333333333333333
2013-08-17,11:16:22,8.6,18.88496863799283,0.13333333333333333
2013-08-17,11:21:22,8.4,18.618035190615835,0.06666666666666668
2013-08-17,11:26:22,8.466666666666667,18.61807337487781,0
2013-08-17,11:31:22,9.666666666666666,16.682844065656564,0.3333333333333333
2013-08-17,11:36:23,8.4,17.483606223525573,0
2013-08-17,11:41:23,8.466666666666667,17.95070157217334,0
2013-08-17,11:46:23,8.933333333333334,17.817298488921473,0
2013-08-17,11:51:23,9.4,19.418835532746822,0.26666666666666666
2013-08-17,11:56:23,9.0,21.621074657869013,0.13333333333333333
2013-08-17,12:01:23,14.6,23.823199230205276,11.6
2013-08-17,12:06:23,8.733333333333334,29.428687072336263,0.06666666666666668
2013-08-17,12:11:23,10.066666666666666,21.220636302541546,0
2013-08-17,12:16:23,9.2,22.02139846041056,0.26666666666666666
2013-08-17,12:21:23,9.0,21.220636302541546,0.3333333333333333
2013-08-17,12:26:23,8.4,18.017434934017594,0
2013-08-17,12:31:23,8.2,16.21578690127077,0
2013-08-17,12:36:23,8.6,16.215710532746826,0.2
2013-08-17,12:41:23,8.266666666666666,15.948802541544477,0
2013-08-17,12:46:23,8.933333333333334,16.88299323884001,0
2013-08-17,12:51:23,8.533333333333333,18.28436838139459,0
2013-08-17,12:56:23,8.866666666666667,19.352127627077227,0.26666666666666666
2013-08-17,13:01:23,14.0,26.092044436298465,11.6
2013-08-17,13:06:23,8.933333333333334,27.82707365998697,0.06666666666666668
2013-08-17,13:11:23,9.133333333333333,23.689707050342133,0
2013-08-17,13:16:23,9.266666666666666,19.01843536168133,0.8
2013-08-17,13:21:23,10.666666666666668,21.621036473607038,0.6
2013-08-17,13:26:24,9.0,23.155903796024756,0.06666666666666668
2013-08-17,13:31:24,8.4,21.220636302541546,0.13333333333333333
2013-08-17,13:36:24,8.533333333333333,17.21671096041056,0
2013-08-17,13:41:24,8.533333333333333,18.017485846366892,0.13333333333333333
2013-08-17,13:46:24,8.466666666666667,19.01848627403063,0.06666666666666668
2013-08-17,13:51:24,9.0,19.95270242750081,0.06666666666666668
2013-08-17,13:56:24,9.466666666666667,19.352102170902576,0.3333333333333333
2013-08-17,14:01:24,14.0,22.621960532746822,3.4
2013-08-17,14:06:24,8.533333333333333,30.763252484522646,0
2013-08-17,14:11:24,9.933333333333334,23.489532420984037,0.2
2013-08-17,14:16:24,9.266666666666666,21.08716957885305,0.2
2013-08-17,14:21:24,8.133333333333333,19.218635447214076,0
2013-08-17,14:26:24,8.666666666666666,16.549415526230046,0.26666666666666666
2013-08-17,14:31:24,8.933333333333334,18.75154009856631,0.13333333333333333
2013-08-17,14:36:24,8.533333333333333,17.21674914467253,0
2013-08-17,14:41:24,9.333333333333334,19.685768980123814,0.3333333333333333
2013-08-17,14:46:24,9.0,16.68288224991854,0.4666666666666667
2013-08-17,14:51:24,9.066666666666666,17.283406137992827,0.13333333333333333
2013-08-17,14:56:24,8.333333333333334,18.68476855246008,0
2013-08-17,15:01:24,13.6,21.153877484522642,3.6666666666666665
2013-08-17,15:06:24,8.266666666666666,27.827111844248936,0
2013-08-17,15:11:24,9.0,23.022437072336267,0.06666666666666668
2013-08-17,15:16:24,9.2,20.419835960410555,0.2
2013-08-17,15:21:24,8.8,24.15686603942653,0.13333333333333333
2013-08-17,15:26:24,8.933333333333334,20.086169151189313,0
2013-08-17,15:31:24,8.4,18.15097802623004,0
2013-08-17,15:36:24,8.6,17.350203140273702,0
2013-08-17,15:41:24,8.666666666666666,18.951778368361033,0
2013-08-17,15:46:24,8.4,17.283457050342133,0.06666666666666668
2013-08-17,15:51:25,9.866666666666667,22.822211530628863,0.4666666666666667
2013-08-17,15:56:25,8.8,20.286356508634736,0.26666666666666666
2013-08-17,16:01:25,12.333333333333332,21.0203853046595,3.4
2013-08-17,16:06:25,8.4,28.094019835451284,0
2013-08-17,16:11:25,9.4,22.02139846041056,0.3333333333333333
2013-08-17,16:16:25,8.733333333333334,19.218635447214076,0
2013-08-17,16:21:25,8.6,20.753502769631805,0
2013-08-17,16:26:25,8.2,16.883031423101986,0
2013-08-17,16:31:25,8.333333333333334,18.351114471326166,0
2013-08-17,16:36:25,8.733333333333334,16.54937734196807,0.13333333333333333
2013-08-17,16:41:25,8.133333333333333,17.149964870478982,0
2013-08-17,16:46:25,8.466666666666667,18.017434934017594,0
2013-08-17,16:51:25,8.6,19.885969065656564,0
2013-08-17,16:56:25,8.8,17.016523602965133,0
2013-08-17,17:01:25,13.533333333333333,17.817298488921473,3.4
2013-08-17,17:06:25,9.2,26.09205716438579,0
2013-08-17,17:11:25,9.0,21.621036473607038,0
2013-08-17,17:16:25,8.533333333333333,18.28440656565656,0.06666666666666668
2013-08-17,17:21:25,8.733333333333334,22.2215985459433,0.13333333333333333
2013-08-17,17:26:25,9.0,20.48656932225481,0
2013-08-17,17:31:25,8.466666666666667,17.149977598566306,0
2013-08-17,17:36:25,8.266666666666666,20.086169151189313,0.06666666666666668
2013-08-17,17:41:25,8.4,16.816348973607038,0
2013-08-17,17:46:25,9.133333333333333,15.948827997719123,0
2013-08-17,17:51:25,8.933333333333334,17.483631679700228,0.13333333333333333
2013-08-17,17:56:25,8.8,15.081332478005862,0
2013-08-17,18:01:25,13.533333333333333,24.49052012056044,3.933333333333333
2013-08-17,18:06:25,8.066666666666666,30.229436502117952,0
2013-08-17,18:11:25,9.133333333333333,23.889932592049533,0
2013-08-17,18:16:26,9.066666666666666,19.01843536168133,0.06666666666666668
2013-08-17,18:21:26,8.4,17.81728576083415,0
2013-08-17,18:26:26,9.0,18.084193752036498,0
2013-08-17,18:31:25,9.133333333333333,19.819273888074292,0
2013-08-17,18:36:25,8.4,18.21764774763767,0.06666666666666668
2013-08-17,18:41:25,9.0,18.150965298142715,0
2013-08-17,18:46:25,8.6,19.285432449494948,0.06666666666666668
2013-08-17,18:51:25,8.8,20.41979777614858,0.06666666666666668
2013-08-17,18:56:25,8.466666666666667,23.75642768409905,0
2013-08-17,19:01:25,14.0,21.554290383675465,11.6
2013-08-17,19:06:25,8.8,26.95960359644835,0.13333333333333333
2013-08-17,19:11:25,9.6,24.22359940127077,0.26666666666666666
2013-08-17,19:16:25,8.666666666666666,19.685768980123814,0.2
2013-08-17,19:21:25,9.533333333333333,23.222637157869013,0.26666666666666666
2013-08-17,19:26:25,8.733333333333334,21.153877484522642,0
2013-08-17,19:31:25,8.266666666666666,20.219635874877813,0
2013-08-17,19:36:25,8.466666666666667,17.950727028347995,0.06666666666666668
2013-08-17,19:41:25,8.066666666666666,20.219635874877813,0
2013-08-17,19:46:25,9.066666666666666,18.618035190615835,0
2013-08-17,19:51:25,8.733333333333334,16.415948802541543,0.06666666666666668
2013-08-17,19:56:25,8.6,16.482643980123814,0
2013-08-17,20:01:25,13.4,19.619086530628866,8.333333333333334
2013-08-17,20:06:26,8.6,26.42572397360704,0
2013-08-17,20:11:26,8.8,20.286369236722056,0
2013-08-17,20:16:26,8.133333333333333,19.018473545943305,0
2013-08-17,20:21:26,8.6,18.28439383756924,0.2
2013-08-17,20:26:26,8.466666666666667,19.21867363147605,0
2013-08-17,20:31:26,8.533333333333333,17.416911045943305,0
2013-08-17,20:36:26,9.0,17.75052694281525,0
2013-08-17,20:41:26,9.0,20.219635874877813,0
2013-08-17,20:46:26,8.466666666666667,17.216672776148584,0.13333333333333333
2013-08-17,20:51:26,8.8,17.750577855164547,0.06666666666666668
2013-08-17,20:56:26,9.466666666666667,19.685768980123814,0.06666666666666668
2013-08-17,21:01:26,12.2,21.82119837487781,0.06666666666666668
2013-08-17,21:06:26,8.866666666666667,24.290294578853054,0
2013-08-17,21:11:26,8.733333333333334,23.222598973607038,0
2013-08-17,21:16:26,8.6,23.42283724340176,0.26666666666666666
2013-08-17,21:21:26,9.2,19.819235703812314,0.6
2013-08-17,21:26:26,8.266666666666666,19.418835532746822,0
2013-08-17,21:31:26,9.0,22.421836815738025,0.26666666666666666
2013-08-17,21:36:26,8.133333333333333,17.75052694281525,0
2013-08-17,21:41:26,8.533333333333333,21.687769835451284,0
2013-08-17,21:46:26,8.4,20.620036045943305,0.13333333333333333
2013-08-17,21:51:26,8.4,19.08516872352558,0.13333333333333333
2013-08-17,21:56:26,8.333333333333334,17.283444322254805,0.13333333333333333
2013-08-17,22:01:26,13.133333333333333,21.287331480123818,0.3333333333333333
2013-08-17,22:06:26,8.333333333333334,26.82612414467253,0
2013-08-17,22:11:26,9.866666666666667,23.956653225806452,0.2
2013-08-17,22:16:26,9.933333333333334,23.622960960410555,0.5333333333333333
2013-08-17,22:21:26,10.533333333333333,20.219635874877813,0.13333333333333333
2013-08-17,22:26:26,8.6,16.81633624551971,0
2013-08-17,22:31:26,8.666666666666666,17.61711113147605,0
2013-08-17,22:36:27,9.133333333333333,19.418835532746822,0.06666666666666668
2013-08-17,22:41:27,10.4,16.74956469941349,0
2013-08-17,22:46:27,8.666666666666666,16.883056879276637,0.06666666666666668
2013-08-17,22:51:27,8.8,17.41694923020528,0.13333333333333333
2013-08-17,22:56:27,8.933333333333334,16.549415526230046,0
2013-08-17,23:01:27,11.6,16.949841153470185,0.06666666666666668
2013-08-17,23:06:27,8.133333333333333,22.15486518409906,0
2013-08-17,23:11:27,8.666666666666666,22.488531993320304,0
2013-08-17,23:16:27,8.466666666666667,19.885969065656564,0
2013-08-17,23:21:27,8.866666666666667,18.618047918703166,0.06666666666666668
2013-08-17,23:26:27,8.8,20.620036045943305,0.26666666666666666
2013-08-17,23:31:27,8.533333333333333,18.217635019550343,0
2013-08-17,23:36:27,8.133333333333333,16.949790241120883,0
2013-08-17,23:41:27,8.533333333333333,17.21674914467253,0
2013-08-17,23:46:27,8.8,19.41884826083415,0.06666666666666668
2013-08-17,23:51:27,8.933333333333334,19.151927541544477,0.13333333333333333
2013-08-17,23:56:27,9.066666666666666,20.953702855164543,0.06666666666666668
2013-08-18,00:01:27,12.066666666666668,19.885969065656564,0.13333333333333333
2013-08-18,00:06:27,9.066666666666666,20.886969493320297,0.13333333333333333
2013-08-18,00:11:27,9.666666666666666,21.887944464809383,0
2013-08-18,00:16:27,9.066666666666666,19.552289528347995,0.13333333333333333
2013-08-18,00:21:27,8.8,19.08516872352558,0.4
2013-08-18,00:26:27,8.4,18.751616467090255,0
2013-08-18,00:31:27,8.6,21.354077570055395,0.06666666666666668
2013-08-18,00:36:27,8.066666666666666,20.15292796920821,0
2013-08-18,00:41:27,8.466666666666667,16.616110703812318,0
2013-08-18,00:46:28,8.866666666666667,17.750539670902572,0.2
2013-08-18,00:51:28,9.066666666666666,16.54937734196807,0
2013-08-18,00:56:28,8.466666666666667,16.749590155588137,0.13333333333333333
2013-08-18,01:01:31,12.533333333333333,18.417873289345064,0.06666666666666668
2013-08-18,01:06:31,9.266666666666666,24.35702794069729,0
2013-08-18,01:11:31,9.533333333333333,20.953702855164543,0
2013-08-18,01:16:31,9.0,20.219635874877813,0.06666666666666668
2013-08-18,01:21:31,9.2,24.023335675301396,0.2
2013-08-18,01:26:31,9.0,20.55328995601173,0.06666666666666668
2013-08-18,01:31:31,13.733333333333333,23.889919863962206,0.6
2013-08-18,01:36:31,9.066666666666666,32.23138644509613,1.4666666666666666
2013-08-18,01:41:31,8.8,20.219635874877813,0
2013-08-18,01:46:31,8.933333333333334,18.217635019550343,0.06666666666666668
2013-08-18,01:51:31,8.933333333333334,18.551340013033556,0.13333333333333333
2013-08-18,01:56:31,9.0,16.48270762056044,0.13333333333333333
2013-08-18,02:01:31,21.866666666666664,19.61903561827957,8.333333333333334
2013-08-18,02:06:31,23.2,30.16269041218638,0.06666666666666668
2013-08-18,02:11:31,9.133333333333333,25.95865408113392,0.2
2013-08-18,02:16:31,9.0,23.489506964809383,0
2013-08-18,02:21:31,8.533333333333333,18.41783510508309,0
2013-08-18,02:26:31,8.733333333333334,18.951701999837077,0
2013-08-18,02:31:31,8.533333333333333,21.220636302541546,0
2013-08-18,02:36:31,8.066666666666666,20.886969493320297,0
2013-08-18,02:41:31,8.4,19.35214035516455,0
2013-08-18,02:46:31,12.0,21.220636302541546,0.06666666666666668
2013-08-18,02:51:31,8.4,17.817336673183444,0
2013-08-18,02:56:31,8.533333333333333,21.153864756435322,0
2013-08-18,03:01:31,13.0,22.0881318222548,8.4
2013-08-18,03:06:32,8.6,28.42768664467253,0
2013-08-18,03:11:32,9.333333333333334,25.224561644672534,0.06666666666666668
2013-08-18,03:16:32,8.4,21.420836388074292,0
2013-08-18,03:21:32,8.866666666666667,19.685794436298465,0
2013-08-18,03:26:32,8.133333333333333,18.017473118279568,0
2013-08-18,03:31:32,8.333333333333334,15.681869094167483,0
2013-08-18,03:36:31,8.733333333333334,20.886969493320297,0
2013-08-18,03:41:31,8.933333333333334,20.219635874877813,0
2013-08-18,03:46:31,8.928571428571429,20.73443609481916,0.14285714285714285
2013-08-18,03:51:31,8.866666666666667,20.419835960410555,0.13333333333333333
2013-08-18,03:56:31,9.0,16.349228168784617,0.13333333333333333
2013-08-18,04:01:31,12.933333333333332,19.085270548224177,0.26666666666666666
2013-08-18,04:06:31,8.866666666666667,26.82612414467253,0
2013-08-18,04:11:31,9.133333333333333,21.621036473607038,0
2013-08-18,04:16:31,10.333333333333332,19.95270242750081,0
2013-08-18,04:21:31,9.133333333333333,18.81823527614858,0
2013-08-18,04:26:31,9.0,19.218635447214076,0
2013-08-18,04:31:31,9.0,17.683857221407624,0
2013-08-18,04:36:31,8.733333333333334,19.018448089768654,0
2013-08-18,04:41:32,9.2,18.48459392310199,0
2013-08-18,04:46:32,11.2,18.28439383756924,0.06666666666666668
2013-08-18,04:51:32,8.8,19.819312072336267,0
2013-08-18,04:56:32,9.0,21.82119837487781,0
2013-08-18,05:01:32,12.8,19.352102170902576,0.13333333333333333
2013-08-18,05:06:32,8.933333333333334,23.42276087487781,0
2013-08-18,05:11:32,9.8,24.423761302541543,0
2013-08-18,05:16:32,10.0,21.020436217008797,0.06666666666666668
2013-08-18,05:21:32,13.2,17.216672776148584,0.13333333333333333
2013-08-18,05:26:32,8.6,16.616110703812318,0
2013-08-18,05:31:32,9.2,16.01554863147605,0.06666666666666668
2013-08-18,05:36:32,8.8,17.216685504235908,0
2013-08-18,05:41:32,8.933333333333334,17.550339585369823,0
2013-08-18,05:46:32,10.866666666666667,17.884031850765723,0.06666666666666668
2013-08-18,05:51:32,8.4,19.75250234196807,0
2013-08-18,05:56:32,8.533333333333333,15.815386730205278,0
2013-08-18,06:01:32,12.933333333333332,15.882107363962206,0.13333333333333333
2013-08-18,06:06:32,8.733333333333334,22.02139846041056,0
2013-08-18,06:11:32,10.6,28.22746110296513,0
2013-08-18,06:16:32,9.4,22.48850653714565,0.06666666666666668
2013-08-18,06:21:32,9.133333333333333,17.216672776148584,0
2013-08-18,06:26:32,9.0,18.751514642391655,0
2013-08-18,06:31:32,8.8,19.819235703812314,0
2013-08-18,06:36:32,8.533333333333333,18.351101743238843,0
2013-08-18,06:41:32,8.466666666666667,18.751578282828284,0
2013-08-18,06:46:32,10.466666666666667,26.826098688497872,0.06666666666666668
2013-08-18,06:51:33,8.666666666666666,29.22847425871619,0
2013-08-18,06:56:33,8.866666666666667,19.75250234196807,0
2013-08-18,07:01:33,12.066666666666668,18.284444749918542,0.06666666666666668
2013-08-18,07:06:33,8.466666666666667,25.358028368361037,0
2013-08-18,07:11:33,12.0,25.157790098566306,0
2013-08-18,07:16:33,9.0,20.753490041544477,0
2013-08-18,07:21:33,8.533333333333333,19.885969065656564,0
2013-08-18,07:26:33,9.066666666666666,21.420798203812318,0.13333333333333333
2013-08-18,07:31:33,8.933333333333334,19.418835532746822,0
2013-08-18,07:36:33,8.6,15.948840725806452,0.06666666666666668
2013-08-18,07:41:33,8.466666666666667,19.685794436298465,0
2013-08-18,07:46:33,12.533333333333333,17.95079066878462,0
2013-08-18,07:51:33,8.4,18.084219208211145,0
2013-08-18,07:56:33,8.2,17.68383176523298,0
2013-08-18,08:01:33,12.0,19.08520690778755,0.06666666666666668
2013-08-18,08:06:33,8.2,25.624923631476054,0
2013-08-18,08:11:33,9.133333333333333,24.090107221407624,0
2013-08-18,08:16:33,9.6,22.221624002117956,0.06666666666666668
2013-08-18,08:21:33,8.133333333333333,19.352102170902576,0
2013-08-18,08:26:33,8.066666666666666,16.48268216438579,0
2013-08-18,08:31:33,8.533333333333333,22.0881318222548,0.06666666666666668
2013-08-18,08:36:33,9.133333333333333,19.41886098892147,0
2013-08-18,08:41:33,8.666666666666666,18.951701999837077,0
2013-08-18,08:46:33,8.6,19.55230225643532,0
2013-08-18,08:51:33,8.933333333333334,18.417873289345064,0.2
2013-08-18,08:56:33,8.4,20.886969493320297,0.2
2013-08-18,09:01:33,13.466666666666667,20.286369236722056,8.266666666666667
2013-08-18,09:06:33,14.333333333333332,40.43938630254154,0.26666666666666666
2013-08-18,09:11:33,8.6,34.300057021831215,0
2013-08-18,09:16:33,8.4,21.08716957885305,0
2013-08-18,09:21:33,8.4,17.817273032746826,0.06666666666666668
2013-08-18,09:26:33,8.4,15.681894550342133,0
2013-08-18,09:31:33,8.0,17.283393409905507,0
2013-08-18,09:36:33,8.0,16.4159233463669,0
2013-08-18,09:41:33,8.4,18.217724116161616,0
2013-08-18,09:46:33,9.333333333333334,19.75250234196807,0.3333333333333333
2013-08-18,09:51:33,8.6,24.090094493320297,0.13333333333333333
2013-08-18,09:56:33,12.2,20.086169151189313,0
2013-08-18,10:01:33,13.733333333333333,19.619010162104924,8.333333333333334
2013-08-18,10:06:33,9.466666666666667,31.16366538367546,0.26666666666666666
2013-08-18,10:11:34,8.666666666666666,28.094007107363954,0
2013-08-18,10:16:34,8.733333333333334,19.08521963587488,0
2013-08-18,10:21:34,11.2,17.350164956011728,0
2013-08-18,10:26:34,8.4,17.283444322254805,0.06666666666666668
2013-08-18,10:31:34,8.0,18.618086102965133,0
2013-08-18,10:36:34,8.466666666666667,16.68286952183122,0
2013-08-18,10:41:34,8.2,20.820197947214076,0
2013-08-18,10:46:34,9.0,18.951701999837077,0.2
2013-08-18,10:51:34,8.466666666666667,19.95270242750081,0.13333333333333333
2013-08-18,10:56:34,8.666666666666666,17.750539670902572,0.06666666666666668
2013-08-18,11:01:34,12.933333333333332,19.819222975724987,0.06666666666666668
2013-08-18,11:06:34,10.133333333333333,32.03117363147605,0
2013-08-18,11:11:34,9.0,25.15780282665363,0.06666666666666668
2013-08-18,11:16:34,9.133333333333333,18.618035190615835,0.2
2013-08-18,11:21:34,8.866666666666667,18.21764774763767,0.13333333333333333
2013-08-18,11:26:34,8.466666666666667,15.214786473607036,0
2013-08-18,11:31:34,8.533333333333333,15.815374002117952,0
2013-08-18,11:36:34,8.333333333333334,15.081319749918537,0
2013-08-18,11:41:34,8.2,17.41687286168133,0
2013-08-18,11:46:34,8.333333333333334,20.01946124551971,0
2013-08-18,11:51:34,8.866666666666667,21.55430311176278,0.06666666666666668
2013-08-18,11:56:34,8.533333333333333,18.751501914304335,0
2013-08-18,12:01:34,11.933333333333332,20.48659477842946,0.06666666666666668
2013-08-18,12:06:34,9.4,23.88990713587488,0
2013-08-18,12:11:34,8.8,21.954703282828277,0.06666666666666668
2013-08-18,12:16:34,8.6,19.885969065656564,0
2013-08-18,12:21:34,8.6,18.017473118279568,0.06666666666666668
2013-08-18,12:26:34,8.4,17.950727028347995,0
2013-08-18,12:31:34,8.2,21.420836388074292,0
2013-08-18,12:36:34,9.266666666666666,17.350152227924404,0.13333333333333333
2013-08-18,12:41:34,9.066666666666666,19.61903561827957,0.06666666666666668
2013-08-18,12:46:34,13.066666666666668,18.351152655588137,0.06666666666666668
2013-08-18,12:51:34,9.266666666666666,18.017473118279568,0.26666666666666666
2013-08-18,12:56:34,8.466666666666667,18.884981366080154,0
2013-08-18,13:01:34,12.0,20.48656932225481,0.06666666666666668
2013-08-18,13:06:34,10.0,27.493381394591065,0.26666666666666666
2013-08-18,13:11:34,8.466666666666667,24.623999572336267,0
2013-08-18,13:16:34,11.266666666666667,21.687769835451284,0.06666666666666668
2013-08-18,13:21:34,12.6,20.953702855164543,0.26666666666666666
2013-08-18,13:26:34,8.6,20.620036045943305,0
2013-08-18,13:31:34,8.666666666666666,19.95270242750081,0
2013-08-18,13:36:34,9.066666666666666,20.41979777614858,0.2
2013-08-18,13:41:34,8.133333333333333,17.683768124796348,0
2013-08-18,13:46:34,8.666666666666666,19.151902085369827,0.13333333333333333
2013-08-18,13:51:34,10.066666666666666,18.61807337487781,0.06666666666666668
2013-08-18,13:56:34,9.333333333333334,17.61711113147605,0.06666666666666668
2013-08-18,14:01:34,12.4,20.48659477842946,0.06666666666666668
2013-08-18,14:06:35,12.666666666666668,27.62692448680352,0.06666666666666668
2013-08-18,14:11:35,8.733333333333334,22.2215985459433,0.13333333333333333
2013-08-18,14:16:35,8.333333333333334,19.819235703812314,0
2013-08-18,14:21:35,9.533333333333333,24.02336113147605,0.2
2013-08-18,14:26:35,8.333333333333334,21.220636302541546,0
2013-08-18,14:31:35,8.4,18.217635019550343,0
2013-08-18,14:36:35,8.8,18.217673203812318,0.06666666666666668
2013-08-18,14:41:35,8.6,15.214824657869015,0
2013-08-18,14:46:35,8.733333333333334,17.550365041544477,0
2013-08-18,14:51:35,11.066666666666668,18.41783510508309,0
2013-08-18,14:56:35,11.466666666666667,18.217698659986965,0
2013-08-18,15:01:35,12.8,19.218660903388727,0.06666666666666668
2013-08-18,15:06:35,9.2,24.023399315738025,0.06666666666666668
2013-08-18,15:11:35,8.733333333333334,22.621998717008797,0.13333333333333333
2013-08-18,15:16:35,9.133333333333333,18.81823527614858,0
2013-08-18,15:21:35,8.666666666666666,18.217673203812318,0.06666666666666668
2013-08-18,15:26:35,8.733333333333334,18.81823527614858,0.13333333333333333
2013-08-18,15:31:35,9.2,18.084206480123818,0.06666666666666668
2013-08-18,15:36:35,8.533333333333333,18.8850068222548,0
2013-08-18,15:41:35,8.333333333333334,16.015586815738025,0
2013-08-18,15:46:35,8.666666666666666,16.282494806940374,0
2013-08-18,15:51:35,8.6,19.285419721407624,0.13333333333333333
2013-08-18,15:56:35,8.466666666666667,21.287369664385793,0.06666666666666668
2013-08-18,16:01:35,14.066666666666668,19.685807164385793,8.466666666666667
2013-08-18,16:06:35,9.466666666666667,30.09596977842946,0
2013-08-18,16:11:35,8.4,21.153902940697293,0.06666666666666668
2013-08-18,16:16:36,8.733333333333334,20.48656932225481,0.26666666666666666
2013-08-18,16:21:36,15.6,20.219635874877813,0.26666666666666666
2013-08-18,16:26:36,8.2,23.622999144672534,0
2013-08-18,16:31:36,8.2,18.084193752036498,0
2013-08-18,16:36:36,8.4,17.35019041218638,0
2013-08-18,16:41:36,9.066666666666666,17.617072947214076,0.2
2013-08-18,16:46:36,8.6,19.418886445096117,0
2013-08-18,16:51:36,8.4,20.152915241120883,0.06666666666666668
2013-08-18,16:56:36,8.133333333333333,21.354103026230046,0
2013-08-18,17:01:35,11.6,18.95174018409906,0.06666666666666668
2013-08-18,17:06:35,9.066666666666666,24.490532848647774,0
2013-08-18,17:11:35,8.666666666666666,18.01744766210492,0.13333333333333333
2013-08-18,17:16:35,9.866666666666667,19.151902085369827,0.06666666666666668
2013-08-18,17:21:35,8.866666666666667,19.685794436298465,0.26666666666666666
2013-08-18,17:26:35,8.4,19.885969065656564,0
2013-08-18,17:31:35,8.6,20.886969493320297,0
2013-08-18,17:36:35,8.266666666666666,18.217635019550343,0
2013-08-18,17:41:35,8.933333333333334,17.750552398989896,0.06666666666666668
2013-08-18,17:46:35,9.0,20.41979777614858,0.06666666666666668
2013-08-18,17:51:35,9.6,18.150901657706093,0.06666666666666668
2013-08-18,17:56:35,9.066666666666666,20.753477313457154,0.13333333333333333
2013-08-18,18:01:36,12.066666666666668,19.485556166503752,0.06666666666666668
2013-08-18,18:06:36,9.733333333333334,25.424723545943305,0.2
2013-08-18,18:11:36,8.4,23.422799059139784,0
2013-08-18,18:16:36,11.533333333333333,18.81823527614858,0.13333333333333333
2013-08-18,18:21:36,8.8,18.618035190615835,0.2
2013-08-18,18:26:36,8.266666666666666,18.48459392310199,0
2013-08-18,18:31:36,8.666666666666666,18.61807337487781,0.13333333333333333
2013-08-18,18:36:36,9.866666666666667,17.483568039263606,0
2013-08-18,18:41:36,8.2,17.216685504235908,0
2013-08-18,18:46:36,9.333333333333334,16.816348973607038,0
2013-08-18,18:51:36,9.133333333333333,17.01651087487781,0.06666666666666668
2013-08-18,18:56:36,8.266666666666666,17.550314129195176,0
2013-08-18,19:01:36,12.533333333333333,24.023335675301396,0.3333333333333333
2013-08-18,19:06:36,12.266666666666667,36.76915322580645,0.06666666666666668
2013-08-18,19:11:36,8.2,24.623948659986965,0
2013-08-18,19:16:36,8.466666666666667,20.953702855164543,0.06666666666666668
2013-08-18,19:21:36,9.4,23.222598973607038,0.13333333333333333
2013-08-18,19:26:36,12.333333333333332,20.419835960410555,0.06666666666666668
2013-08-18,19:31:36,8.2,17.61711113147605,0
2013-08-18,19:36:36,8.2,19.01843536168133,0
2013-08-18,19:41:36,8.866666666666667,18.351165383675465,0.13333333333333333
2013-08-18,19:46:36,9.333333333333334,22.822236986803517,0.13333333333333333
2013-08-18,19:51:36,8.533333333333333,23.689732506516776,0.06666666666666668
2013-08-18,19:56:36,9.066666666666666,17.950739756435325,0
2013-08-18,20:01:36,11.666666666666668,18.951778368361033,0.13333333333333333
2013-08-18,20:06:36,8.733333333333334,27.293232221407628,0
2013-08-18,20:11:36,8.066666666666666,20.953690127077223,0.13333333333333333
2013-08-18,20:16:36,9.4,21.554264927500807,0.2
2013-08-18,20:21:36,11.4,18.618035190615835,0.13333333333333333
2013-08-18,20:26:36,8.2,18.351139927500817,0
2013-08-18,20:31:36,11.533333333333333,19.01843536168133,0.2
2013-08-18,20:36:36,8.0,16.48270762056044,0
2013-08-18,20:41:36,8.2,17.55039049771913,0.13333333333333333
2013-08-18,20:46:36,8.866666666666667,20.753502769631805,0.13333333333333333
2013-08-18,20:51:36,9.066666666666666,20.219635874877813,0.06666666666666668
2013-08-18,20:56:36,8.733333333333334,17.016472690615835,0.13333333333333333
2013-08-18,21:01:36,11.866666666666667,19.55232771260997,0.13333333333333333
2013-08-18,21:06:36,11.466666666666667,25.825136445096124,0
2013-08-18,21:11:36,8.733333333333334,22.68875753502769,0.06666666666666668
2013-08-18,21:16:36,8.533333333333333,18.48460665118931,0.13333333333333333
2013-08-18,21:21:36,9.733333333333334,17.8173112170088,0.4
2013-08-18,21:26:36,9.0,18.48460665118931,0
2013-08-18,21:31:36,8.733333333333334,19.01843536168133,0
2013-08-18,21:36:36,10.0,19.95270242750081,0.8666666666666667
2013-08-18,21:41:36,8.4,17.350203140273702,0.13333333333333333
2013-08-18,21:46:36,8.666666666666666,16.482656708211145,0
2013-08-18,21:51:36,8.6,16.415948802541543,0.06666666666666668
2013-08-18,21:56:36,8.4,16.482631252036494,0
2013-08-18,22:01:36,12.333333333333332,18.417886017432384,0.13333333333333333
2013-08-18,22:06:36,8.8,23.889945320136853,0
2013-08-18,22:11:36,10.4,20.620023317855978,0.06666666666666668
2013-08-18,22:16:36,8.4,16.482669436298465,0
2013-08-18,22:21:37,8.866666666666667,16.21576144509612,0.06666666666666668
2013-08-18,22:26:36,8.733333333333334,16.949777513033563,0
2013-08-18,22:31:37,8.666666666666666,17.350139499837084,0
2013-08-18,22:36:37,8.4,18.818260732323232,0.13333333333333333
2013-08-18,22:41:37,8.6,17.550377769631805,0
2013-08-18,22:46:37,8.6,16.949777513033563,0.13333333333333333
2013-08-18,22:51:37,8.733333333333334,20.086181879276637,0.06666666666666668
2013-08-18,22:56:37,8.066666666666666,16.61614888807429,0
2013-08-18,23:01:37,12.866666666666667,23.289306879276637,8.333333333333334
2013-08-18,23:06:37,9.2,26.225447519550343,0
2013-08-18,23:11:37,8.6,22.221585817855978,0.06666666666666668
2013-08-18,23:16:37,9.0,18.28436838139459,0.13333333333333333
2013-08-18,23:21:37,11.2,20.019435789345064,0.2
2013-08-18,23:26:37,9.0,22.8889321643858,0.2
2013-08-18,23:31:37,8.866666666666667,22.755478168784627,0
2013-08-18,23:36:37,8.466666666666667,19.418835532746822,0.06666666666666668
2013-08-18,23:41:37,8.733333333333334,19.418835532746822,0.06666666666666668
2013-08-18,23:46:37,9.066666666666666,21.153864756435322,0.2
2013-08-18,23:51:37,9.733333333333334,22.68875753502769,0.3333333333333333
2013-08-18,23:56:37,9.466666666666667,19.485556166503752,0.4
2013-08-19,00:01:37,12.466666666666667,21.08716957885305,0.2
2013-08-19,00:06:37,9.4,26.559203425382854,0
2013-08-19,00:11:37,8.733333333333334,23.556265782828277,0.13333333333333333
2013-08-19,00:16:37,8.6,20.219635874877813,0
2013-08-19,00:21:37,10.8,20.419835960410555,0.06666666666666668
2013-08-19,00:26:37,9.0,20.68676940778755,0.13333333333333333
2013-08-19,00:31:37,8.4,15.615161188497881,0
2013-08-19,00:36:37,9.2,18.150914385793413,0.06666666666666668
2013-08-19,00:41:37,8.4,18.08418102394917,0
2013-08-19,00:46:37,8.2,15.615224828934506,0
2013-08-19,00:51:37,8.933333333333334,16.61612343189964,0.06666666666666668
2013-08-19,00:56:37,8.6,19.352102170902576,0.06666666666666668
2013-08-19,01:01:38,12.266666666666667,22.088119094167475,0.13333333333333333
2013-08-19,01:06:38,10.4,29.628836245519707,0
2013-08-19,01:11:38,9.066666666666666,27.89380702183122,0.06666666666666668
2013-08-19,01:16:38,8.333333333333334,19.75250234196807,0
2013-08-19,01:21:38,11.066666666666668,17.483644407787548,0.06666666666666668
2013-08-19,01:26:38,8.733333333333334,19.886007249918535,0
2013-08-19,01:31:38,24.0,31.030185931899634,3.333333333333333
2013-08-19,01:36:38,8.933333333333334,30.96346529814272,1.2666666666666666
2013-08-19,01:41:38,9.0,19.285406993320294,2.0
2013-08-19,01:46:38,10.533333333333333,26.62591133105246,0.7333333333333333
2013-08-19,01:51:39,8.4,31.29713210736396,0.06666666666666668
2013-08-19,01:56:39,8.933333333333334,19.88598179374389,0
2013-08-19,02:01:39,26.4,19.819312072336267,0.13333333333333333
2013-08-19,02:06:39,16.46666666666667,30.029249144672534,0
2013-08-19,02:11:40,8.6,23.8231610459433,0
2013-08-19,02:16:41,8.266666666666666,18.017473118279568,0
2013-08-19,02:21:41,13.2,20.886982221407624,0
2013-08-19,02:26:41,8.6,21.620998289345064,0
2013-08-19,02:31:41,8.666666666666666,19.885969065656564,0.06666666666666668
2013-08-19,02:36:41,8.333333333333334,18.81823527614858,0
2013-08-19,02:41:41,8.2,16.749590155588137,0
2013-08-19,02:46:41,8.466666666666667,18.017511302541543,0
2013-08-19,02:51:41,9.4,17.21674914467253,0.06666666666666668
2013-08-19,02:56:41,8.733333333333334,20.019473973607038,0.13333333333333333
2013-08-19,03:01:41,11.866666666666667,19.819273888074292,0.13333333333333333
2013-08-19,03:06:41,9.0,28.627924914467258,0
2013-08-19,03:11:41,8.333333333333334,22.02139846041056,0
2013-08-19,03:16:41,8.266666666666666,18.217635019550343,0
2013-08-19,03:21:41,8.4,17.01651087487781,0
2013-08-19,03:26:41,10.933333333333332,17.817273032746826,0
2013-08-19,03:31:41,8.466666666666667,17.01651087487781,0
2013-08-19,03:36:41,8.2,15.348253197295536,0
2013-08-19,03:41:41,8.0,17.617098403388724,0
2013-08-19,03:46:41,8.533333333333333,17.617072947214076,0
2013-08-19,03:51:41,8.333333333333334,17.61711113147605,0
2013-08-19,03:56:41,8.733333333333334,18.417873289345064,0.06666666666666668
2013-08-19,04:01:41,12.2,21.153852028348,0.2
2013-08-19,04:06:41,8.666666666666666,33.098894692896714,0
2013-08-19,04:11:41,8.666666666666666,23.222598973607038,0
2013-08-19,04:16:41,9.1,18.41783510508309,0
2013-08-19,04:21:41,9.4,17.8172603046595,0.06666666666666668
2013-08-19,04:26:41,10.466666666666667,17.683806309058326,0
2013-08-19,04:31:41,9.2,20.152940697295534,0
2013-08-19,04:36:41,8.4,16.549364613880744,0
2013-08-19,04:41:41,8.333333333333334,17.483606223525573,0
2013-08-19,04:46:41,9.066666666666666,18.618035190615835,0.13333333333333333
2013-08-19,04:51:41,8.333333333333334,18.28436838139459,0.06666666666666668
2013-08-19,04:56:41,8.466666666666667,17.21669823232323,0
2013-08-19,05:01:41,11.666666666666668,18.017485846366892,0.13333333333333333
2013-08-19,05:06:41,9.266666666666666,26.89281932225481,0
2013-08-19,05:11:42,8.533333333333333,22.2883573639622,0
2013-08-19,05:16:42,8.4,20.086169151189313,0
2013-08-19,05:21:42,10.466666666666667,17.350203140273702,0
2013-08-19,05:26:42,8.133333333333333,16.215748717008797,0
2013-08-19,05:31:42,8.533333333333333,16.14902808325187,0
2013-08-19,05:36:42,8.0,18.150939841968068,0
2013-08-19,05:41:42,8.6,17.683768124796348,0
2013-08-19,05:46:42,8.666666666666666,20.086207335451288,0.13333333333333333
2013-08-19,05:51:42,9.0,19.352102170902576,0.06666666666666668
2013-08-19,05:56:42,8.533333333333333,16.94980296920821,0
2013-08-19,06:01:42,12.4,19.15191481345715,0.13333333333333333
2013-08-19,06:06:42,10.466666666666667,31.29715756353861,0
2013-08-19,06:11:42,8.6,29.829036331052468,0
2013-08-19,06:16:42,11.2,20.086169151189313,0
2013-08-19,06:21:42,8.266666666666666,18.81823527614858,0
2013-08-19,06:26:42,9.133333333333333,15.348278653470187,0
2013-08-19,06:31:42,9.0,15.481694464809385,0.06666666666666668
2013-08-19,06:36:42,9.066666666666666,17.68383176523298,0
2013-08-19,06:41:42,8.6,19.01849900211795,0
2013-08-19,06:46:42,9.133333333333333,16.749590155588137,0
2013-08-19,06:51:42,8.2,16.749602883675465,0
2013-08-19,06:56:42,8.8,16.949777513033563,0.06666666666666668
2013-08-19,07:01:42,15.333333333333332,23.022386159986972,8.333333333333334
2013-08-19,07:06:42,9.066666666666666,40.039037043825346,0
2013-08-19,07:11:42,9.133333333333333,25.091082192896714,0.13333333333333333
2013-08-19,07:16:42,9.0,21.08716957885305,0
2013-08-19,07:21:42,9.266666666666666,18.351101743238843,0
2013-08-19,07:26:42,8.733333333333334,18.81823527614858,0.06666666666666668
2013-08-19,07:31:42,8.4,17.88399366650375,0
2013-08-19,07:36:42,8.8,17.9507779406973,0
2013-08-19,07:41:42,8.933333333333334,16.616085247637667,0.06666666666666668
2013-08-19,07:46:42,8.866666666666667,17.750565127077223,0
2013-08-19,07:51:42,8.866666666666667,18.818248004235905,0
2013-08-19,07:56:42,8.333333333333334,18.48459392310199,0.06666666666666668
2013-08-19,08:01:42,13.6,22.48850653714565,8.333333333333334
2013-08-19,08:06:42,8.933333333333334,28.227499287227108,0
2013-08-19,08:11:42,12.733333333333333,20.82023613147605,0.06666666666666668
2013-08-19,08:16:43,9.066666666666666,17.01648541870316,0
2013-08-19,08:21:43,8.0,16.082269265232974,0
2013-08-19,08:26:43,8.6,18.885032278429456,0.2
2013-08-19,08:31:43,8.466666666666667,18.28436838139459,0
2013-08-19,08:36:43,9.466666666666667,20.219597690615835,0.06666666666666668
2013-08-19,08:41:43,9.066666666666666,23.022398888074292,0.2
2013-08-19,08:46:43,8.6,18.751501914304335,0.06666666666666668
2013-08-19,08:51:43,8.933333333333334,18.684832192896714,0
2013-08-19,08:56:43,9.333333333333334,22.288370092049526,0.26666666666666666
2013-08-19,09:01:43,12.133333333333333,19.75251507005539,0.2
2013-08-19,09:06:43,14.066666666666668,34.50028256353861,0.13333333333333333
2013-08-19,09:11:43,8.866666666666667,31.697570462691438,0
2013-08-19,09:16:43,10.066666666666666,17.68381903714565,0
2013-08-19,09:21:43,9.8,22.08814455034213,0.26666666666666666
2013-08-19,09:26:43,8.6,23.02241161616162,0
2013-08-19,09:31:43,8.0,21.754503197295538,0
2013-08-19,09:36:43,9.0,22.112436683551053,0.18181818181818185
2013-08-19,09:41:43,8.466666666666667,20.419835960410555,0.13333333333333333
2013-08-19,09:46:43,9.066666666666666,15.548466010915604,0.2
2013-08-19,09:51:43,8.733333333333334,16.81632351743239,0
2013-08-19,09:56:43,9.266666666666666,18.28440656565656,0.3333333333333333
2013-08-19,10:01:43,13.4,22.75543998452265,0.2
2013-08-19,10:06:43,9.066666666666666,29.29519489247312,0
2013-08-19,10:11:44,8.2,22.355065269631798,0.13333333333333333
2013-08-19,10:16:44,9.4,20.219635874877813,0.3333333333333333
2013-08-19,10:21:44,9.4,21.153902940697293,0.3333333333333333
2013-08-19,10:26:44,11.0,23.222637157869013,0.2
2013-08-19,10:31:44,9.066666666666666,19.885969065656564,0.26666666666666666
2013-08-19,10:36:44,9.133333333333333,17.683793580970995,0.2
2013-08-19,10:41:44,11.4,18.81827346041056,0.3333333333333333
2013-08-19,10:46:44,10.266666666666667,18.01746039019224,0.3333333333333333
2013-08-19,10:51:44,9.2,21.08713139459107,0.2
2013-08-19,10:56:44,10.0,23.155865611762792,0.7333333333333333
2013-08-19,11:01:44,12.266666666666667,25.024387015314442,0.26666666666666666
2013-08-19,11:06:44,9.666666666666666,25.358041096448364,0.2
2013-08-19,11:11:44,8.4,22.0881318222548,0
2013-08-19,11:16:44,8.666666666666666,19.352102170902576,0
2013-08-19,11:21:44,8.866666666666667,16.4159233463669,0.5333333333333333
2013-08-19,11:26:44,9.733333333333334,17.617098403388724,0.5333333333333333
2013-08-19,11:31:44,10.666666666666668,21.821172918703155,0.4666666666666667
2013-08-19,11:36:44,10.2,19.552340440697293,0.9333333333333332
2013-08-19,11:41:44,8.933333333333334,21.68773165118931,0.2
2013-08-19,11:46:44,8.866666666666667,18.618035190615835,0.06666666666666668
2013-08-19,11:51:44,9.533333333333333,19.485607078853043,0.4
2013-08-19,11:56:44,9.866666666666667,18.217673203812318,0.3333333333333333
2013-08-19,12:01:44,13.933333333333332,19.48561980694037,0.2
2013-08-19,12:06:44,9.733333333333334,29.628810789345067,0.4
2013-08-19,12:11:44,9.866666666666667,22.822160618279568,0.2
2013-08-19,12:16:44,8.6,19.352102170902576,0
2013-08-19,12:21:44,9.066666666666666,19.61903561827957,0.2
2013-08-19,12:26:44,8.333333333333334,19.418835532746822,0.13333333333333333
2013-08-19,12:31:44,9.0,19.685794436298465,0.6
2013-08-19,12:36:44,10.933333333333332,21.621036473607038,0.3333333333333333
2013-08-19,12:41:44,9.2,19.819235703812314,0.6666666666666666
2013-08-19,12:46:44,8.666666666666666,19.018473545943305,0.13333333333333333
2013-08-19,12:51:44,9.0,16.883031423101986,0.2
2013-08-19,12:56:44,11.333333333333332,18.484644835451284,0.5333333333333333
2013-08-19,13:01:44,12.666666666666668,22.95565279814272,0.4666666666666667
2013-08-19,13:06:44,9.266666666666666,30.42964931573803,0.13333333333333333
2013-08-19,13:11:44,9.066666666666666,23.8231610459433,0
2013-08-19,13:16:44,8.4,19.285368809058323,0
2013-08-19,13:21:44,9.733333333333334,21.82119837487781,0.2
2013-08-19,13:26:44,8.533333333333333,20.419835960410555,0
2013-08-19,13:31:44,9.333333333333334,20.953702855164543,0.3333333333333333
2013-08-19,13:36:44,8.866666666666667,19.218635447214076,0.2
2013-08-19,13:41:44,9.266666666666666,19.018473545943305,0.4666666666666667
2013-08-19,13:46:44,9.0,20.620036045943305,0.2
2013-08-19,13:51:44,8.866666666666667,17.883968210329098,0
2013-08-19,13:56:44,8.666666666666666,25.624923631476054,0.06666666666666668
2013-08-19,14:01:44,14.666666666666668,21.68773165118931,0.4
2013-08-19,14:06:44,9.066666666666666,26.42576215786901,0
2013-08-19,14:11:45,9.066666666666666,22.22163673020528,0.26666666666666666
2013-08-19,14:16:45,9.466666666666667,22.621998717008797,0.4666666666666667
2013-08-19,14:21:45,10.733333333333333,21.220636302541546,0.8666666666666667
2013-08-19,14:26:45,9.333333333333334,19.819235703812314,0.26666666666666666
2013-08-19,14:31:45,8.733333333333334,20.019435789345064,0.13333333333333333
2013-08-19,14:36:45,11.533333333333333,17.41687286168133,0.13333333333333333
2013-08-19,14:41:45,10.533333333333333,19.418835532746822,0.6666666666666666
2013-08-19,14:46:45,9.133333333333333,19.61903561827957,0.4
2013-08-19,14:51:45,11.266666666666667,17.884031850765723,0
2013-08-19,14:56:45,9.266666666666666,17.617072947214076,0.13333333333333333
2013-08-19,15:01:45,13.0,22.28833190778755,0.6666666666666666
2013-08-19,15:06:45,10.333333333333332,31.697468637992827,0.26666666666666666
2013-08-19,15:11:45,8.466666666666667,23.556227598566313,0.26666666666666666
2013-08-19,15:16:45,8.733333333333334,17.683768124796348,0.06666666666666668
2013-08-19,15:21:45,8.4,18.55137819729554,0.26666666666666666
2013-08-19,15:26:45,10.066666666666666,19.485568894591072,0.6
2013-08-19,15:31:45,9.133333333333333,22.35510345389378,0.26666666666666666
2013-08-19,15:36:45,12.333333333333332,21.153902940697293,0.8666666666666667
2013-08-19,15:41:45,9.266666666666666,19.01843536168133,0.26666666666666666
2013-08-19,15:46:45,9.066666666666666,21.55430311176278,0.3333333333333333
2013-08-19,15:51:45,8.733333333333334,21.020436217008797,0.3333333333333333
2013-08-19,15:56:45,9.733333333333334,21.153902940697293,0.6
2013-08-19,16:01:45,12.466666666666667,23.22258624551971,0.5333333333333333
2013-08-19,16:06:45,9.733333333333334,28.227499287227108,0.4
2013-08-19,16:11:45,9.0,25.091133105246016,0.06666666666666668
2013-08-19,16:16:45,8.6,21.020436217008797,0.13333333333333333
2013-08-19,16:21:45,9.333333333333334,23.489494236722056,0.4
2013-08-19,16:26:45,9.333333333333334,19.95270242750081,0.6666666666666666
2013-08-19,16:31:45,8.933333333333334,18.951701999837077,0.13333333333333333
2013-08-19,16:36:45,8.666666666666666,19.75250234196807,0.2
2013-08-19,16:41:45,9.266666666666666,18.551340013033556,0.6666666666666666
2013-08-19,16:46:45,9.733333333333334,18.8850068222548,0.3333333333333333
2013-08-19,16:51:46,9.266666666666666,18.084168295861847,0.2
2013-08-19,16:56:46,9.466666666666667,21.420836388074292,0.4
2013-08-19,17:01:46,12.666666666666668,23.422773602965137,0.3333333333333333
2013-08-19,17:06:46,11.2,26.759390782828284,0.2
2013-08-19,17:11:46,10.6,26.6926446928967,0
2013-08-19,17:16:46,8.733333333333334,30.5630523989899,0.26666666666666666
2013-08-19,17:21:46,12.466666666666667,20.8202106753014,0.9333333333333332
2013-08-19,17:26:46,8.666666666666666,17.95076521260997,0.26666666666666666
2013-08-19,17:31:46,8.666666666666666,17.617034762952102,0.13333333333333333
2013-08-19,17:36:46,12.066666666666668,19.685768980123814,0.2
2013-08-19,17:41:46,10.933333333333332,21.821236559139784,0.3333333333333333
2013-08-19,17:46:46,10.066666666666666,20.886969493320297,0.6
2013-08-19,17:51:46,8.4,19.151902085369827,0.06666666666666668
2013-08-19,17:56:46,9.133333333333333,19.218711815738025,0.26666666666666666
2013-08-19,18:01:46,12.133333333333333,22.02137300423591,0.13333333333333333
2013-08-19,18:06:46,10.666666666666668,27.56019112495926,1.4666666666666666
2013-08-19,18:11:46,10.866666666666667,32.431561074454216,0.3333333333333333
2013-08-19,18:16:46,8.4,34.70046992098403,0
2013-08-19,18:21:46,8.933333333333334,23.756453140273706,0.3333333333333333
2013-08-19,18:26:46,8.6,19.61903561827957,0.06666666666666668
2013-08-19,18:31:46,9.2,19.752476885793417,0.06666666666666668
2013-08-19,18:36:46,8.5,20.019435789345064,3.0
2013-08-19,18:41:46,12.133333333333333,19.819235703812314,0.06666666666666668
2013-08-19,18:46:46,8.533333333333333,22.822198802541543,0
2013-08-19,18:51:46,9.0,20.086169151189313,0.2
2013-08-19,18:56:46,12.75,17.01643450635386,1.0
2013-08-19,19:01:46,13.4,21.22057266210492,0.26666666666666666
2013-08-19,19:06:46,9.8,32.364814984522646,0
2013-08-19,19:11:46,12.733333333333333,32.565027798142715,0
2013-08-19,19:16:46,8.666666666666666,31.830986274030632,0
2013-08-19,19:21:46,9.133333333333333,23.356078425382865,0.06666666666666668
2013-08-19,19:26:46,8.866666666666667,21.287369664385793,0
2013-08-19,19:31:46,8.4,17.817234848484848,0
2013-08-19,19:36:47,8.8,17.550377769631805,0.13333333333333333
2013-08-19,19:41:47,8.866666666666667,19.619061074454216,0.3333333333333333
2013-08-19,19:46:47,8.733333333333334,18.551301828771585,0
2013-08-19,19:51:47,8.6,19.485568894591072,0
2013-08-19,19:56:47,8.6,18.751501914304335,0.13333333333333333
2013-08-19,20:01:47,12.466666666666667,20.219674059139788,0.13333333333333333
2013-08-19,20:06:47,9.8,28.360915098566302,0
2013-08-19,20:11:47,8.733333333333334,26.225587528510925,0.2
2013-08-19,20:16:47,8.333333333333334,21.48754429374389,0
2013-08-19,20:21:47,8.466666666666667,20.353102598566313,0
2013-08-19,20:26:47,9.2,23.022398888074292,0.3333333333333333
2013-08-19,20:31:47,8.8,20.886969493320297,0.2
2013-08-19,20:36:47,8.533333333333333,19.285368809058323,0
2013-08-19,20:41:47,12.0,20.019435789345064,0
2013-08-19,20:46:47,8.6,18.351101743238843,0
2013-08-19,20:51:47,8.4,17.41689831785598,0
2013-08-19,20:56:47,8.2,17.149990326653636,0
2013-08-19,21:01:47,12.533333333333333,23.95664049771912,8.8
2013-08-19,21:06:47,11.333333333333332,28.42768664467253,0.6666666666666666
2013-08-19,21:11:47,11.4,24.290281850765723,0.2
2013-08-19,21:16:47,9.2,33.29905659416748,0.6
2013-08-19,21:21:47,9.333333333333334,21.08718230694037,0.7333333333333333
2013-08-19,21:26:47,11.6,19.885969065656564,0.6666666666666666
2013-08-19,21:31:47,10.666666666666668,19.75250234196807,0.5333333333333333
2013-08-19,21:36:47,8.533333333333333,21.887931736722066,0.13333333333333333
2013-08-19,21:41:47,8.533333333333333,19.95270242750081,0
2013-08-19,21:46:47,9.0,18.217635019550343,0.4666666666666667
2013-08-19,21:51:47,8.266666666666666,18.017434934017594,0.13333333333333333
2013-08-19,21:56:47,12.6,18.751514642391655,0.06666666666666668
2013-08-19,22:01:47,12.466666666666667,19.418886445096117,0.6
2013-08-19,22:06:48,9.933333333333334,27.159752769631808,0.4666666666666667
2013-08-19,22:11:48,11.133333333333333,22.822211530628863,0
2013-08-19,22:16:48,8.333333333333334,18.884981366080154,0
2013-08-19,22:21:48,9.133333333333333,19.619061074454216,0.26666666666666666
2013-08-19,22:26:48,8.6,20.553302684099055,0.06666666666666668
2013-08-19,22:31:48,9.4,18.75148918621701,0.8
2013-08-19,22:36:48,9.333333333333334,21.020410760834153,0.4666666666666667
2013-08-19,22:41:48,9.8,20.48656932225481,0.7333333333333333
2013-08-19,22:46:48,8.466666666666667,17.884044578853043,0.2
2013-08-19,22:51:48,8.733333333333334,20.286369236722056,0.13333333333333333
2013-08-19,22:56:48,8.6,20.753502769631805,0.13333333333333333
2013-08-19,23:01:48,12.333333333333332,23.289319607363964,0.3333333333333333
2013-08-19,23:06:48,11.066666666666668,24.890907563538615,1.0666666666666669
2013-08-19,23:11:48,9.666666666666666,21.887969920984034,0.26666666666666666
2013-08-19,23:16:48,8.466666666666667,18.084168295861847,0.06666666666666668
2013-08-19,23:21:48,8.333333333333334,17.61706021912675,0.2
2013-08-19,23:26:48,8.2,20.152940697295534,0
2013-08-19,23:31:48,8.533333333333333,20.286369236722056,0.26666666666666666
2013-08-19,23:36:48,9.4,16.549415526230046,0.26666666666666666
2013-08-19,23:41:48,10.333333333333332,19.218635447214076,0.6666666666666666
2013-08-19,23:46:48,8.6,18.417847833170413,0
2013-08-19,23:51:48,8.266666666666666,16.949764784946236,0.13333333333333333
2013-08-19,23:56:48,8.933333333333334,20.41982323232323,0.4
2013-08-20,00:01:48,14.133333333333333,24.223561217008797,4.333333333333333
2013-08-20,00:06:48,10.333333333333332,33.03214860296514,0.26666666666666666
2013-08-20,00:11:48,9.333333333333334,30.763290668784617,0.2
2013-08-20,00:16:48,11.0,19.35215308325187,0.13333333333333333
2013-08-20,00:21:49,9.666666666666666,16.549440982404693,0
2013-08-20,00:26:49,8.4,19.285368809058323,0
2013-08-20,00:31:49,10.0,32.031160903388724,0
2013-08-20,00:36:49,8.933333333333334,22.421836815738025,0
2013-08-20,00:41:49,11.466666666666667,18.618035190615835,0.4
2013-08-20,00:46:49,8.066666666666666,18.084168295861847,0
2013-08-20,00:51:49,8.266666666666666,18.61807337487781,0
2013-08-20,00:56:48,9.466666666666667,18.88496863799283,0.5333333333333333
2013-08-20,01:01:49,13.733333333333333,22.688732078853043,3.933333333333333
2013-08-20,01:06:49,9.133333333333333,26.826085960410555,0
2013-08-20,01:11:49,8.933333333333334,22.822160618279568,0.06666666666666668
2013-08-20,01:16:49,9.4,16.415948802541543,0
2013-08-20,01:21:49,9.2,17.15000305474096,0
2013-08-20,01:26:49,8.8,17.416923774030632,0.06666666666666668
2013-08-20,01:31:49,14.466666666666667,21.354103026230046,1.1333333333333333
2013-08-20,01:36:49,9.533333333333333,28.027324657869013,1.7333333333333334
2013-08-20,01:41:49,12.133333333333333,21.420798203812318,1.5333333333333334
2013-08-20,01:46:49,8.6,19.885969065656564,1.4
2013-08-20,01:51:49,8.333333333333334,17.01651087487781,0
2013-08-20,01:56:49,8.866666666666667,16.88306960736396,0
2013-08-20,02:01:49,26.4,22.021436644672534,3.466666666666667
2013-08-20,02:06:50,16.46666666666667,29.562115611762795,0.13333333333333333
2013-08-20,02:11:50,8.666666666666666,24.69069474991854,0.06666666666666668
2013-08-20,02:16:50,8.266666666666666,18.41783510508309,0
2013-08-20,02:21:50,8.333333333333334,18.150901657706093,0
2013-08-20,02:26:50,8.533333333333333,15.148040383675465,0
2013-08-20,02:31:50,8.666666666666666,16.149015355164554,0
2013-08-20,02:36:50,9.333333333333334,19.685768980123814,0.13333333333333333
2013-08-20,02:41:50,8.866666666666667,17.550339585369823,0.06666666666666668
2013-08-20,02:46:50,8.8,19.819273888074292,0
2013-08-20,02:51:50,8.0,21.08716957885305,0
2013-08-20,02:56:50,8.533333333333333,19.151902085369827,0
2013-08-20,03:01:50,12.0,21.287331480123818,3.6
2013-08-20,03:06:50,8.933333333333334,26.492444607363964,0
2013-08-20,03:11:50,9.2,24.02336113147605,0.06666666666666668
2013-08-20,03:16:50,8.466666666666667,18.351139927500817,0
2013-08-20,03:21:50,8.533333333333333,15.61517391658521,0
2013-08-20,03:26:50,8.2,17.75059058325187,0
2013-08-20,03:31:50,8.0,22.555303539426514,0
2013-08-20,03:36:50,8.333333333333334,18.48456846692734,0
2013-08-20,03:41:50,8.466666666666667,17.8173112170088,0
2013-08-20,03:46:50,8.4,17.9507779406973,0
2013-08-20,03:51:50,8.266666666666666,20.152940697295534,0.13333333333333333
2013-08-20,03:56:50,8.266666666666666,18.61807337487781,0
2013-08-20,04:01:50,12.8,22.355065269631798,3.4
2013-08-20,04:06:50,9.133333333333333,29.56210288367547,0.06666666666666668
2013-08-20,04:11:50,8.333333333333334,25.424723545943305,0
2013-08-20,04:16:50,8.266666666666666,18.751501914304335,0
2013-08-20,04:21:50,8.4,19.685768980123814,0
2013-08-20,04:26:50,11.2,17.88407003502769,0.06666666666666668
2013-08-20,04:31:51,8.2,17.8173112170088,0
2013-08-20,04:36:51,9.4,20.620099686379927,0.2
2013-08-20,04:41:51,8.666666666666666,21.687769835451284,0
2013-08-20,04:46:51,8.6,17.750539670902572,0
2013-08-20,04:51:51,8.333333333333334,15.948840725806452,0
2013-08-20,04:56:51,8.0,17.6170856753014,0
2013-08-20,05:01:51,15.066666666666668,19.418873717008797,4.933333333333334
2013-08-20,05:06:51,9.2,26.625924059139788,0
2013-08-20,05:11:51,8.4,24.02334840338873,0
2013-08-20,05:16:51,8.266666666666666,17.149926686217007,0
2013-08-20,05:21:51,8.466666666666667,17.68381903714565,0
2013-08-20,05:26:51,8.2,18.618060646790482,0
2013-08-20,05:31:51,8.4,19.285394265232974,0
2013-08-20,05:36:51,8.666666666666666,21.554315839850112,0
2013-08-20,05:41:51,8.666666666666666,20.886931309058326,0
2013-08-20,05:46:51,8.6,18.95174018409906,0
2013-08-20,05:51:51,10.333333333333332,19.485568894591072,0.13333333333333333
2013-08-20,05:56:51,8.6,18.084168295861847,0
2013-08-20,06:01:51,13.933333333333332,22.82217334636689,11.733333333333333
2013-08-20,06:06:51,10.533333333333333,30.963490754317373,0
2013-08-20,06:11:51,11.066666666666668,31.430611559139788,0
2013-08-20,06:16:51,8.266666666666666,22.08814455034213,0
2013-08-20,06:21:51,8.2,19.819248431899638,0
2013-08-20,06:26:51,9.2,17.483618951612904,0
2013-08-20,06:31:51,8.666666666666666,17.817273032746826,0.06666666666666668
2013-08-20,06:36:51,10.2,27.426673488921484,0.06666666666666668
2013-08-20,06:41:51,8.266666666666666,26.42573670169436,0
2013-08-20,06:46:51,8.266666666666666,18.81823527614858,0
2013-08-20,06:51:51,9.466666666666667,17.483606223525573,0
2013-08-20,06:56:51,11.133333333333333,16.816310789345064,0
2013-08-20,07:01:51,13.8,21.153877484522642,11.666666666666664
2013-08-20,07:06:51,9.8,30.56314149560117,0.26666666666666666
2013-08-20,07:11:51,8.8,28.027311929781696,0.13333333333333333
2013-08-20,07:16:51,9.066666666666666,18.484619379276637,0
2013-08-20,07:21:52,8.6,15.681920006516778,0
2013-08-20,07:26:52,8.0,15.148040383675465,0
2013-08-20,07:31:52,8.6,16.61614888807429,0
2013-08-20,07:36:52,8.466666666666667,16.349228168784617,0.06666666666666668
2013-08-20,07:41:52,11.333333333333332,17.21669823232323,0
2013-08-20,07:46:52,9.133333333333333,17.8173112170088,0.13333333333333333
2013-08-20,07:51:52,8.6,17.750552398989896,0
2013-08-20,07:56:52,8.266666666666666,18.28439383756924,0
2013-08-20,08:01:52,11.8,22.02139846041056,3.4
2013-08-20,08:06:52,10.2,26.359003339850112,0.06666666666666668
2013-08-20,08:11:52,8.666666666666666,28.027311929781696,0
2013-08-20,08:16:52,8.2,20.553302684099055,0
2013-08-20,08:21:52,8.6,22.95566552623004,0
2013-08-20,08:26:52,8.2,19.352102170902576,0
2013-08-20,08:31:52,8.266666666666666,21.08716957885305,0
2013-08-20,08:36:52,13.6,26.358977883675465,0
2013-08-20,08:41:52,9.466666666666667,28.29423264907136,0.06666666666666668
2013-08-20,08:46:52,8.2,21.287369664385793,0
2013-08-20,08:51:52,8.6,19.218635447214076,0.13333333333333333
2013-08-20,08:56:52,8.4,18.017485846366892,0
2013-08-20,09:01:52,13.266666666666667,18.15099075431737,3.8666666666666663
2013-08-20,09:06:52,14.533333333333333,39.90554486396219,0.06666666666666668
2013-08-20,09:11:52,8.466666666666667,30.830024030628874,0.06666666666666668
2013-08-20,09:16:52,8.666666666666666,21.020436217008797,0
2013-08-20,09:21:52,8.333333333333334,19.819235703812314,0.06666666666666668
2013-08-20,09:26:52,11.0,21.020436217008797,0
2013-08-20,09:31:52,8.2,17.01658724340176,0
2013-08-20,09:36:52,8.6,15.882132820136851,0.13333333333333333
2013-08-20,09:41:52,9.0,19.218635447214076,0.4
2013-08-20,09:46:52,8.866666666666667,21.487531565656568,0
2013-08-20,09:51:52,8.533333333333333,19.21867363147605,0.06666666666666668
2013-08-20,09:56:52,8.266666666666666,18.41783510508309,0
2013-08-20,10:01:52,12.066666666666668,19.485568894591072,3.4
2013-08-20,10:06:52,8.933333333333334,27.02632423020528,0
2013-08-20,10:11:52,8.866666666666667,25.624961815738022,0.4666666666666667
2013-08-20,10:16:52,8.533333333333333,21.620998289345064,0
2013-08-20,10:21:52,9.333333333333334,19.485594350765727,0.6
2013-08-20,10:26:52,9.4,19.552340440697293,0.4666666666666667
2013-08-20,10:31:52,8.266666666666666,18.217711388074292,0
2013-08-20,10:36:52,8.0,16.01554863147605,0
2013-08-20,10:41:52,9.133333333333333,17.550339585369823,0.7333333333333333
2013-08-20,10:46:52,8.6,17.8173112170088,0
2013-08-20,10:51:52,10.466666666666667,18.81823527614858,0
2013-08-20,10:56:52,8.666666666666666,22.22163673020528,0.2
2013-08-20,11:01:52,12.266666666666667,21.220636302541546,3.4
2013-08-20,11:06:52,9.666666666666666,26.225523888074292,0
2013-08-20,11:11:52,12.866666666666667,25.091094920984037,0.8666666666666667
2013-08-20,11:16:52,9.266666666666666,33.23229777614858,0.2
2013-08-20,11:21:52,8.933333333333334,22.621998717008797,0.3333333333333333
2013-08-20,11:26:52,9.466666666666667,19.61903561827957,0.3333333333333333
2013-08-20,11:31:52,8.933333333333334,18.61807337487781,0.3333333333333333
2013-08-20,11:36:52,9.133333333333333,16.682805881394593,0.4
2013-08-20,11:41:52,9.066666666666666,23.42283724340176,0.13333333333333333
2013-08-20,11:46:52,8.933333333333334,18.88496863799283,0.2
2013-08-20,11:51:52,9.333333333333334,22.02139846041056,0.3333333333333333
2013-08-20,11:56:52,9.533333333333333,20.286369236722056,0.3333333333333333
2013-08-20,12:01:52,13.066666666666668,23.756453140273706,3.6666666666666665
2013-08-20,12:06:52,11.466666666666667,33.032174059139784,0.06666666666666668
2013-08-20,12:11:52,8.666666666666666,24.824161473607038,0.06666666666666668
2013-08-20,12:16:52,8.466666666666667,24.023399315738025,0.06666666666666668
2013-08-20,12:21:52,8.533333333333333,18.217711388074292,0.26666666666666666
2013-08-20,12:26:52,8.866666666666667,18.81833710084718,0.13333333333333333
2013-08-20,12:31:52,8.733333333333334,20.019435789345064,0.06666666666666668
2013-08-20,12:36:52,8.666666666666666,18.15092711388074,0.13333333333333333
2013-08-20,12:41:52,8.333333333333334,21.420836388074292,0.13333333333333333
2013-08-20,12:46:52,8.4,17.8173112170088,0
2013-08-20,12:51:52,8.333333333333334,16.08232017758227,0
2013-08-20,12:56:52,8.333333333333334,16.282443894591072,0
2013-08-20,13:01:53,12.933333333333332,23.556227598566313,4.2
2013-08-20,13:06:53,11.666666666666668,31.830948089768658,0.13333333333333333
2013-08-20,13:11:53,9.8,27.693632392473123,1.0
2013-08-20,13:16:53,9.2,22.75550362495927,0.2
2013-08-20,13:22:03,8.6,27.493445035027698,0.2
2013-08-20,13:27:03,8.466666666666667,26.82613687275986,0.26666666666666666
2013-08-20,13:32:04,8.8,22.2883573639622,0.4666666666666667
2013-08-20,13:37:04,9.133333333333333,24.69066929374389,0.3333333333333333
2013-08-20,13:42:04,8.666666666666666,24.423786758716194,0.06666666666666668
2013-08-20,13:47:04,8.8,23.556253054740957,0.4
2013-08-20,13:52:04,8.866666666666667,24.423799486803517,0.5333333333333333
2013-08-20,13:57:04,8.866666666666667,25.024361559139784,0.26666666666666666
2013-08-20,14:02:04,12.466666666666667,22.28833190778755,13.066666666666665
2013-08-20,14:07:04,10.533333333333333,26.692657420984027,0.3333333333333333
2013-08-20,14:12:04,9.0,32.63177388807429,0.5333333333333333
2013-08-20,14:17:04,9.0,23.622986416585213,0.3333333333333333
2013-08-20,14:22:04,8.666666666666666,25.424761730205276,0.26666666666666666
2013-08-20,14:27:04,9.4,22.02139846041056,0.4
2013-08-20,14:32:04,14.2,28.828074087650702,0.6
2013-08-20,14:37:04,11.933333333333332,33.09886923672206,0.06666666666666668
2013-08-20,14:42:04,9.066666666666666,33.032174059139784,0.13333333333333333
2013-08-20,14:47:04,8.266666666666666,25.224561644672534,0
2013-08-20,14:52:04,8.333333333333334,21.287369664385793,0.06666666666666668
2013-08-20,14:57:04,9.133333333333333,24.423761302541543,0.5333333333333333
2013-08-20,15:02:04,15.266666666666667,26.826085960410555,11.866666666666667
2013-08-20,15:07:04,9.6,31.430611559139788,0.3333333333333333
2013-08-20,15:12:04,9.0,30.22944923020528,0.4
2013-08-20,15:17:04,10.6,25.624961815738022,1.4
2013-08-20,15:22:04,11.4,24.824161473607038,0.5333333333333333
2013-08-20,15:27:04,8.733333333333334,22.35510345389378,0.13333333333333333
2013-08-20,15:32:04,8.333333333333334,22.0881318222548,0
2013-08-20,15:37:04,10.4,22.2215985459433,0.5333333333333333
2013-08-20,15:42:04,8.266666666666666,18.618035190615835,0
2013-08-20,15:47:04,9.466666666666667,25.157790098566306,0.4
2013-08-20,15:52:05,8.866666666666667,20.620036045943305,0.4
2013-08-20,15:57:05,8.466666666666667,21.287369664385793,0.3333333333333333
2013-08-20,16:02:05,12.466666666666667,24.023399315738025,3.733333333333333
2013-08-20,16:07:05,11.533333333333333,27.426724401270775,0.26666666666666666
2013-08-20,16:12:05,8.866666666666667,21.08716957885305,0.2
2013-08-20,16:17:05,8.733333333333334,20.82023613147605,0.06666666666666668
2013-08-20,16:22:05,9.266666666666666,20.019435789345064,0.2
2013-08-20,16:27:05,8.866666666666667,20.019435789345064,0.06666666666666668
2013-08-20,16:32:05,9.266666666666666,18.618035190615835,0.4666666666666667
2013-08-20,16:37:05,9.666666666666666,16.54940279814272,0.5333333333333333
2013-08-20,16:42:05,12.533333333333333,18.017473118279568,0.2
2013-08-20,16:47:05,10.6,25.091056736722056,2.0
2013-08-20,16:52:05,8.6,21.621036473607038,0
2013-08-20,16:57:05,9.533333333333333,25.024361559139784,0.5333333333333333
2013-08-20,17:02:05,12.466666666666667,32.03117363147605,3.733333333333333
2013-08-20,17:07:05,11.066666666666668,30.22944923020528,0.2
2013-08-20,17:12:05,8.666666666666666,34.833936644672534,0.2
2013-08-20,17:17:05,9.4,27.426724401270775,0.26666666666666666
2013-08-20,17:22:05,8.866666666666667,22.22163673020528,0.26666666666666666
2013-08-20,17:27:05,8.6,20.019435789345064,0
2013-08-20,17:32:05,10.6,18.15092711388074,0
2013-08-20,17:37:05,8.666666666666666,18.88501955034213,0.13333333333333333
2013-08-20,17:42:05,8.666666666666666,18.81827346041056,0
2013-08-20,17:47:05,8.4,21.821236559139784,0
2013-08-20,17:52:05,8.2,20.486531137992834,0.13333333333333333
2013-08-20,17:57:05,10.4,22.822135162104924,0.26666666666666666
2013-08-20,18:02:05,11.933333333333332,26.492457335451284,3.4
2013-08-20,18:07:06,10.266666666666667,26.425749429781682,0.2
2013-08-20,18:12:06,8.266666666666666,23.155827427500817,0.26666666666666666
2013-08-20,18:17:06,9.466666666666667,20.620010589768658,0.5333333333333333
2013-08-20,18:22:06,11.666666666666668,21.153890212609973,0.26666666666666666
2013-08-20,18:27:06,9.333333333333334,20.419835960410555,0.26666666666666666
2013-08-20,18:32:06,8.0,20.886994949494948,0
2013-08-20,18:37:06,8.6,17.416923774030632,0.26666666666666666
2013-08-20,18:42:06,9.6,18.41783510508309,0.26666666666666666
2013-08-20,18:47:06,8.8,18.084193752036498,0.2
2013-08-20,18:52:06,8.6,22.221611274030625,0.2
2013-08-20,18:57:06,9.266666666666666,22.355090725806452,0.13333333333333333
2013-08-20,19:02:06,13.533333333333333,22.221560361681327,4.266666666666667
2013-08-20,19:07:05,8.933333333333334,27.693683304822418,0.06666666666666668
2013-08-20,19:12:05,8.733333333333334,25.2913077346041,0.3333333333333333
2013-08-20,19:17:05,8.6,22.2883573639622,0
2013-08-20,19:22:05,8.933333333333334,20.953702855164543,0.13333333333333333
2013-08-20,19:27:05,8.2,19.08516872352558,0
2013-08-20,19:32:05,9.066666666666666,19.61903561827957,0.3333333333333333
2013-08-20,19:37:05,10.733333333333333,29.829036331052468,0.2
2013-08-20,19:42:05,8.866666666666667,25.62493635956338,0
2013-08-20,19:47:05,9.866666666666667,23.689732506516776,0.06666666666666668
2013-08-20,19:52:06,8.6,20.419835960410555,0
2013-08-20,19:57:06,9.333333333333334,18.551301828771585,0.3333333333333333
2013-08-20,20:02:06,12.2,25.358028368361037,3.4
2013-08-20,20:07:06,10.866666666666667,28.828074087650702,0.3333333333333333
2013-08-20,20:12:06,8.733333333333334,33.03213587487781,0.06666666666666668
2013-08-20,20:17:06,10.733333333333333,24.290332763115018,0.06666666666666668
2013-08-20,20:22:06,8.333333333333334,24.890882107363957,0
2013-08-20,20:27:06,8.533333333333333,20.019435789345064,0
2013-08-20,20:32:06,8.333333333333334,20.086181879276637,0
2013-08-20,20:37:06,11.266666666666667,20.953702855164543,0.3333333333333333
2013-08-20,20:42:06,8.466666666666667,17.884031850765723,0.13333333333333333
2013-08-20,20:47:06,8.333333333333334,16.81633624551971,0
2013-08-20,20:52:06,8.4,18.68480673672206,0.2
2013-08-20,20:57:06,8.6,20.219635874877813,0.06666666666666668
2013-08-20,21:02:06,12.2,22.221573089768647,12.8
2013-08-20,21:07:06,10.8,41.106719920984034,0.13333333333333333
2013-08-20,21:12:06,8.733333333333334,29.428648888074292,0.06666666666666668
2013-08-20,21:17:06,9.4,20.219635874877813,0.06666666666666668
2013-08-20,21:22:06,8.8,25.224599828934508,0.4666666666666667
2013-08-20,21:27:06,8.2,20.219635874877813,0
2013-08-20,21:32:06,8.2,18.8850068222548,0.06666666666666668
2013-08-20,21:37:06,9.066666666666666,17.483644407787548,0.2
2013-08-20,21:42:06,11.666666666666668,18.217698659986965,0
2013-08-20,21:47:06,8.466666666666667,18.017473118279568,0
2013-08-20,21:52:06,8.666666666666666,17.683793580970995,0
2013-08-20,21:57:06,10.266666666666667,17.81728576083415,0.13333333333333333
2013-08-20,22:02:06,12.4,21.687718923101983,11.8
2013-08-20,22:07:07,9.866666666666667,28.89474380905832,0.3333333333333333
2013-08-20,22:12:07,8.933333333333334,26.09206989247312,0.06666666666666668
2013-08-20,22:17:07,8.666666666666666,19.819235703812314,0.06666666666666668
2013-08-20,22:22:07,8.733333333333334,17.95070157217334,0
2013-08-20,22:27:07,8.333333333333334,18.951701999837077,0
2013-08-20,22:32:07,8.466666666666667,19.685768980123814,0.13333333333333333
2013-08-20,22:37:07,9.733333333333334,20.15290251303356,0.06666666666666668
2013-08-20,22:42:07,8.533333333333333,18.41783510508309,0
2013-08-20,22:47:07,9.533333333333333,17.483644407787548,0
2013-08-20,22:52:07,8.333333333333334,17.550352313457154,0
2013-08-20,22:57:07,8.2,18.084206480123818,0
2013-08-20,23:02:07,11.6,20.620036045943305,3.4
2013-08-20,23:07:07,9.266666666666666,23.622960960410555,0.2
2013-08-20,23:12:07,9.066666666666666,21.220610846366892,0.06666666666666668
2013-08-20,23:17:07,8.666666666666666,20.82023613147605,0.13333333333333333
2013-08-20,23:22:07,11.933333333333332,19.95270242750081,0
2013-08-20,23:27:07,8.6,19.68578170821114,0.2
2013-08-20,23:32:07,8.0,16.08232017758227,0
2013-08-20,23:37:07,9.933333333333334,16.68286952183122,0.06666666666666668
2013-08-20,23:42:07,8.6,17.6170856753014,0
2013-08-20,23:47:07,8.6,16.082294721407624,0
2013-08-20,23:52:07,8.333333333333334,17.350177684099055,0
2013-08-20,23:57:07,8.2,16.816310789345064,0.13333333333333333
2013-08-21,00:02:07,11.8,19.619022890192245,3.4
2013-08-21,00:07:07,9.466666666666667,22.02137300423591,0.26666666666666666
2013-08-21,00:12:07,9.333333333333334,22.95566552623004,0.2
2013-08-21,00:17:07,8.6,20.953702855164543,0.3333333333333333
2013-08-21,00:22:07,8.333333333333334,18.084219208211145,0
2013-08-21,00:27:07,8.6,18.618060646790482,0
2013-08-21,00:32:07,8.8,21.08716957885305,0.13333333333333333
2013-08-21,00:37:07,8.733333333333334,17.883968210329098,0.13333333333333333
2013-08-21,00:42:08,8.6,19.418835532746822,0.06666666666666668
2013-08-21,00:47:08,8.533333333333333,23.556227598566313,0.13333333333333333
2013-08-21,00:52:08,8.533333333333333,17.75051421472792,0.06666666666666668
2013-08-21,00:57:08,8.4,16.81633624551971,0
2013-08-21,01:02:08,12.666666666666668,22.622011445096128,3.6
2013-08-21,01:07:08,9.733333333333334,27.026311502117963,0.26666666666666666
2013-08-21,01:12:08,9.4,36.035073517432394,0.13333333333333333
2013-08-21,01:17:08,8.933333333333334,21.554277655588137,0.06666666666666668
2013-08-21,01:22:08,8.933333333333334,22.15486518409906,0.2
2013-08-21,01:27:08,8.266666666666666,18.95174018409906,0.06666666666666668
2013-08-21,01:32:08,13.6,18.8850068222548,0.5333333333333333
2013-08-21,01:37:09,8.6,27.026298774030632,1.7333333333333334
2013-08-21,01:42:09,11.4,21.821236559139784,0.06666666666666668
2013-08-21,01:47:09,8.333333333333334,17.950752484522646,0
2013-08-21,01:52:09,14.133333333333333,18.21766047572499,0.4
2013-08-21,01:57:09,9.133333333333333,21.354103026230046,0.26666666666666666
2013-08-21,02:02:09,29.333333333333336,21.554264927500807,3.466666666666667
2013-08-21,02:07:09,12.6,40.105744949494955,0.06666666666666668
2013-08-21,02:12:09,10.333333333333332,35.83489888807429,0.06666666666666668
2013-08-21,02:17:09,8.466666666666667,22.2215985459433,0
2013-08-21,02:22:09,8.333333333333334,19.75252779814272,0.13333333333333333
2013-08-21,02:27:09,10.2,20.620036045943305,0
2013-08-21,02:32:09,8.666666666666666,21.754465013033567,0
2013-08-21,02:37:09,8.4,19.218635447214076,0
2013-08-21,02:42:09,12.066666666666668,18.48456846692734,0.06666666666666668
2013-08-21,02:47:09,9.133333333333333,20.886969493320297,0
2013-08-21,02:52:09,8.733333333333334,20.219674059139788,0.13333333333333333
2013-08-21,02:57:09,8.6,16.88304415118931,0
2013-08-21,03:02:09,12.066666666666668,20.686756679700228,3.4
2013-08-21,03:07:09,10.0,32.96544069729554,0
2013-08-21,03:12:09,10.2,24.22359940127077,0.13333333333333333
2013-08-21,03:17:09,8.666666666666666,18.017511302541543,0.06666666666666668
2013-08-21,03:22:09,8.2,16.415948802541543,0
2013-08-21,03:27:09,9.2,19.01843536168133,0.6666666666666666
2013-08-21,03:32:09,8.6,20.886969493320297,0
2013-08-21,03:37:09,8.8,15.88209463587488,0.06666666666666668
2013-08-21,03:42:09,9.0,17.817323945096124,0
2013-08-21,03:47:09,8.8,17.28346977842946,0
2013-08-21,03:52:09,8.8,18.618086102965133,0
2013-08-21,03:57:09,8.266666666666666,20.953715583251874,0.13333333333333333
2013-08-21,04:02:09,11.466666666666667,22.888944892473116,3.4
2013-08-21,04:07:10,8.733333333333334,24.82414874551971,0.13333333333333333
2013-08-21,04:12:09,9.266666666666666,26.292269978005866,0.26666666666666666
2013-08-21,04:17:09,8.0,22.421785903388724,0
2013-08-21,04:22:09,9.266666666666666,17.483606223525573,0
2013-08-21,04:27:09,8.2,17.950739756435325,0
2013-08-21,04:32:09,8.266666666666666,17.21671096041056,0
2013-08-21,04:37:09,9.133333333333333,18.017485846366892,0
2013-08-21,04:42:09,8.533333333333333,17.817234848484848,0
2013-08-21,04:47:09,8.666666666666666,19.885969065656564,0
2013-08-21,04:52:09,8.333333333333334,18.01746039019224,0
2013-08-21,04:57:09,9.333333333333334,18.551301828771585,0
2013-08-21,05:02:09,11.933333333333332,21.687744379276637,3.466666666666667
2013-08-21,05:07:09,8.6,24.357053396871944,0
2013-08-21,05:12:09,14.866666666666667,25.157828282828277,0.06666666666666668
2013-08-21,05:17:09,8.0,19.95270242750081,0
2013-08-21,05:22:09,8.2,16.94973932877159,0
2013-08-21,05:27:09,10.666666666666668,15.7485897279244,0
2013-08-21,05:32:09,8.4,19.285368809058323,0
2013-08-21,05:37:09,8.6,15.88214554822418,0
2013-08-21,05:42:09,8.666666666666666,18.818286188497886,0.06666666666666668
2013-08-21,05:47:09,8.666666666666666,20.753502769631805,0
2013-08-21,05:52:09,8.933333333333334,19.95270242750081,0
2013-08-21,05:57:10,8.133333333333333,16.88304415118931,0
2013-08-21,06:02:10,12.333333333333332,21.48755702183122,11.666666666666664
2013-08-21,06:07:10,8.733333333333334,27.2265115876507,0
2013-08-21,06:12:10,12.733333333333333,38.23726173020528,0.2
2013-08-21,06:17:10,8.2,28.69458190778756,0
2013-08-21,06:22:10,8.466666666666667,19.218635447214076,0
2013-08-21,06:27:10,8.0,17.7505014866406,0
2013-08-21,06:32:10,8.6,18.618035190615835,0.06666666666666668
2013-08-21,06:37:10,8.733333333333334,20.219674059139788,0
2013-08-21,06:42:10,8.8,19.819235703812314,0.06666666666666668
2013-08-21,06:47:10,8.466666666666667,19.619073802541546,0
2013-08-21,06:52:10,8.4,22.488531993320304,0.06666666666666668
2013-08-21,06:57:10,8.2,17.216736416585203,0
2013-08-21,07:02:10,12.066666666666668,19.41886098892147,11.666666666666664
2013-08-21,07:07:10,10.933333333333332,22.021423916585203,0
2013-08-21,07:12:10,9.0,22.95566552623004,0.06666666666666668
2013-08-21,07:17:10,8.466666666666667,19.218635447214076,0
2013-08-21,07:22:10,8.933333333333334,19.08519417970023,0
2013-08-21,07:27:10,8.2,17.21669823232323,0
2013-08-21,07:32:10,8.0,16.282482078853043,0
2013-08-21,07:37:10,8.266666666666666,21.08718230694037,0
2013-08-21,07:42:10,9.4,18.417886017432384,0.06666666666666668
2013-08-21,07:47:10,9.666666666666666,18.61807337487781,0
2013-08-21,07:52:10,8.466666666666667,18.951701999837077,0
2013-08-21,07:57:10,9.0,17.750577855164547,0
2013-08-21,08:02:10,12.4,24.55718984196807,3.533333333333333
2013-08-21,08:07:11,8.333333333333334,31.230411473607038,0.06666666666666668
2013-08-21,08:12:11,9.8,32.76520242750082,0.06666666666666668
2013-08-21,08:17:11,9.666666666666666,23.756465868361033,0.3333333333333333
2013-08-21,08:22:11,10.0,39.50514469289671,0
2013-08-21,08:27:11,8.0,24.090107221407624,0
2013-08-21,08:32:11,11.266666666666667,20.219635874877813,0
2013-08-21,08:37:11,9.133333333333333,19.418835532746822,0.13333333333333333
2013-08-21,08:42:11,9.6,21.487569749918542,0
2013-08-21,08:47:11,10.533333333333333,18.150939841968068,0
2013-08-21,08:52:11,8.466666666666667,19.819235703812314,0
2013-08-21,08:57:11,8.266666666666666,18.951714727924408,0
2013-08-21,09:02:11,12.8,23.622999144672534,3.533333333333333
2013-08-21,09:07:11,8.666666666666666,30.896770120560447,0.13333333333333333
2013-08-21,09:12:11,9.466666666666667,25.024361559139784,0.06666666666666668
2013-08-21,09:17:11,8.866666666666667,19.285368809058323,0.26666666666666666
2013-08-21,09:22:11,8.266666666666666,17.016549059139784,0
2013-08-21,09:27:11,8.533333333333333,19.018460817855974,0.13333333333333333
2013-08-21,09:32:11,9.466666666666667,19.285368809058323,0.4
2013-08-21,09:37:11,9.133333333333333,18.28436838139459,0
2013-08-21,09:42:11,8.6,18.28436838139459,0.13333333333333333
2013-08-21,09:47:11,8.666666666666666,18.417873289345064,0.3333333333333333
2013-08-21,09:52:11,8.733333333333334,18.351101743238843,0
2013-08-21,09:57:11,12.733333333333333,17.884031850765723,0
2013-08-21,10:02:11,12.933333333333332,21.754490469208214,3.466666666666667
2013-08-21,10:07:11,8.8,24.824123289345064,0.4
2013-08-21,10:12:11,10.0,23.222637157869013,0.06666666666666668
2013-08-21,10:17:12,10.866666666666667,21.220636302541546,0.5333333333333333
2013-08-21,10:22:12,9.266666666666666,17.550339585369823,0.2
2013-08-21,10:27:12,9.6,19.285368809058323,1.0
2013-08-21,10:32:12,8.666666666666666,22.021436644672534,0.2
2013-08-21,10:37:12,9.466666666666667,22.62203690127077,0.4
2013-08-21,10:42:12,8.933333333333334,22.421836815738025,0.2
2013-08-21,10:47:12,10.0,20.620036045943305,0.2
2013-08-21,10:52:12,8.733333333333334,17.416911045943305,0
2013-08-21,10:57:12,8.333333333333334,16.54940279814272,0.13333333333333333
2013-08-21,11:02:12,11.666666666666668,20.8202106753014,3.4
2013-08-21,11:07:12,8.733333333333334,26.826085960410555,0.2
2013-08-21,11:12:12,9.066666666666666,23.08917043418052,0
2013-08-21,11:17:12,8.4,18.81823527614858,0.06666666666666668
2013-08-21,11:22:12,8.4,18.417873289345064,0.06666666666666668
2013-08-21,11:27:12,9.333333333333334,20.620036045943305,1.2
2013-08-21,11:32:12,8.8,17.61706021912675,0.13333333333333333
2013-08-21,11:37:12,10.933333333333332,20.219635874877813,0.26666666666666666
2013-08-21,11:42:12,8.333333333333334,18.81827346041056,0
2013-08-21,11:47:12,9.866666666666667,19.685794436298465,0.5333333333333333
2013-08-21,11:52:12,8.8,18.21766047572499,0.06666666666666668
2013-08-21,11:57:12,9.266666666666666,20.82023613147605,0.4
2013-08-21,12:02:12,12.0,22.688732078853043,3.533333333333333
2013-08-21,12:07:12,8.6,28.627886730205276,0.06666666666666668
2013-08-21,12:12:12,9.666666666666666,21.887969920984034,0.4
2013-08-21,12:17:12,8.6,23.222598973607038,0.5333333333333333
2013-08-21,12:22:12,8.466666666666667,21.020436217008797,0.06666666666666668
2013-08-21,12:27:12,8.666666666666666,17.817298488921473,0
2013-08-21,12:32:12,9.6,20.820274315738025,0.4666666666666667
2013-08-21,12:37:12,8.666666666666666,19.418835532746822,0.4
2013-08-21,12:42:12,8.866666666666667,21.821236559139784,0.26666666666666666
2013-08-21,12:47:12,9.4,19.01843536168133,0.3333333333333333
2013-08-21,12:52:12,8.933333333333334,22.2215985459433,0.06666666666666668
2013-08-21,12:57:12,9.266666666666666,26.225523888074292,0.3333333333333333
2013-08-21,13:02:12,12.266666666666667,26.225523888074292,12.2
2013-08-21,13:07:12,9.266666666666666,27.02632423020528,0
2013-08-21,13:12:12,10.266666666666667,25.624923631476054,0.3333333333333333
2013-08-21,13:17:12,8.2,21.220636302541546,0
2013-08-21,13:22:12,9.2,21.220636302541546,0.2
2013-08-21,13:27:12,8.8,20.620036045943305,0.2
2013-08-21,13:32:12,8.6,16.816310789345064,0
2013-08-21,13:37:12,8.533333333333333,17.617072947214076,0
2013-08-21,13:42:12,9.0,16.816348973607038,0.3333333333333333
2013-08-21,13:47:12,8.066666666666666,18.217635019550343,0
2013-08-21,13:52:12,9.066666666666666,21.020436217008797,0.4666666666666667
2013-08-21,13:57:12,8.733333333333334,22.621998717008797,0.2
2013-08-21,14:02:12,13.466666666666667,27.02632423020528,12.133333333333333
2013-08-21,14:07:12,8.733333333333334,26.35902879602477,0.2
2013-08-21,14:12:12,10.733333333333333,32.03117363147605,0.13333333333333333
2013-08-21,14:17:12,8.733333333333334,23.022437072336267,0.13333333333333333
2013-08-21,14:22:12,8.933333333333334,21.621036473607038,0.06666666666666668
2013-08-21,14:27:12,9.8,24.957640925382858,0.3333333333333333
2013-08-21,14:32:12,9.866666666666667,30.5631542236885,0.4
2013-08-21,14:37:12,8.933333333333334,30.029274600847184,0.2
2013-08-21,14:42:12,9.0,22.488570177582282,0.5333333333333333
2013-08-21,14:47:12,8.466666666666667,20.286369236722056,0.26666666666666666
2013-08-21,14:52:12,8.933333333333334,17.617098403388724,0.2
2013-08-21,14:57:12,12.2,30.69658276311503,0.2
2013-08-21,15:02:12,13.533333333333333,25.691695177582275,11.866666666666667
2013-08-21,15:07:12,8.066666666666666,23.48948150863473,0
2013-08-21,15:12:12,9.533333333333333,23.889932592049533,0.13333333333333333
2013-08-21,15:17:12,8.866666666666667,20.019435789345064,0.4666666666666667
2013-08-21,15:27:12,8.533333333333333,21.287369664385793,0.2
2013-08-21,15:32:12,8.866666666666667,20.353102598566313,0.06666666666666668
2013-08-21,15:37:13,8.666666666666666,19.08519417970023,0.4
2013-08-21,15:42:13,9.4,22.7554654406973,0.4
2013-08-21,15:47:13,8.733333333333334,20.019435789345064,0.3333333333333333
2013-08-21,15:52:13,9.133333333333333,19.08519417970023,0.26666666666666666
2013-08-21,15:57:13,10.466666666666667,18.81827346041056,0.6666666666666666
2013-08-21,16:02:13,12.8,26.22548570381231,3.6
2013-08-21,16:07:13,8.2,27.09308304822418,0
2013-08-21,16:12:13,11.4,25.224561644672534,0.6
2013-08-21,16:17:13,11.733333333333333,21.55430311176278,0.4666666666666667
2013-08-21,16:22:13,9.933333333333334,20.753502769631805,0.3333333333333333
2013-08-21,16:27:13,9.133333333333333,23.356065697295534,0.4666666666666667
2013-08-21,16:32:13,8.266666666666666,21.220636302541546,0
2013-08-21,16:37:13,8.333333333333334,22.8889321643858,0.06666666666666668
2013-08-21,16:42:13,8.733333333333334,20.019435789345064,0.06666666666666668
2013-08-21,16:47:13,9.2,24.090107221407624,0.4
2013-08-21,16:52:13,9.0,23.42282451531443,0.13333333333333333
2013-08-21,16:57:13,8.133333333333333,20.953702855164543,0.13333333333333333
2013-08-21,17:02:13,13.666666666666668,21.420760019550343,3.6666666666666665
2013-08-21,17:07:13,8.666666666666666,28.094045291625935,0
2013-08-21,17:12:13,12.666666666666668,33.632710675301404,0
2013-08-21,17:17:13,8.866666666666667,23.756453140273706,0.4
2013-08-21,17:22:13,8.666666666666666,23.489545149071358,0.2
2013-08-21,17:27:13,8.733333333333334,18.017485846366892,0.13333333333333333
2013-08-21,17:32:13,12.866666666666667,20.286369236722056,0.7333333333333333
2013-08-21,17:37:13,10.266666666666667,20.219635874877813,0.6666666666666666
2013-08-21,17:42:13,9.866666666666667,22.48851926523297,0.5333333333333333
2013-08-21,17:47:13,10.333333333333332,31.96445299771913,0.13333333333333333
2013-08-21,17:52:13,8.4,24.557240754317363,0
2013-08-21,17:57:13,9.0,19.3521148989899,0.4
2013-08-21,18:02:13,13.133333333333333,24.156802398989903,3.733333333333333
2013-08-21,18:07:13,8.933333333333334,26.42573670169436,0.4
2013-08-21,18:12:13,9.733333333333334,21.220636302541546,0.2
2013-08-21,18:17:14,9.666666666666666,21.354103026230046,0.13333333333333333
2013-08-21,18:22:14,11.2,20.086130966927335,0.8666666666666667
2013-08-21,18:27:14,8.6,19.352102170902576,0.2
2013-08-21,18:32:14,9.533333333333333,21.287369664385793,0.4666666666666667
2013-08-21,18:37:14,9.866666666666667,21.220636302541546,0.26666666666666666
2013-08-21,18:42:14,8.2,18.55131455685891,0.13333333333333333
2013-08-21,18:47:14,12.133333333333333,21.621036473607038,0.13333333333333333
2013-08-21,18:52:14,8.266666666666666,21.287369664385793,0
2013-08-21,18:57:14,8.0,19.15191481345715,0
2013-08-21,19:02:14,13.2,21.887957192896714,3.733333333333333
2013-08-21,19:07:14,8.6,29.495394978005862,0.13333333333333333
2013-08-21,19:12:14,9.2,22.75550362495927,0.26666666666666666
2013-08-21,19:17:14,10.6,19.485581622678396,0.06666666666666668
2013-08-21,19:22:14,9.2,18.818260732323232,0
2013-08-21,19:27:14,8.466666666666667,18.68476855246008,0
2013-08-21,19:32:14,8.6,19.55230225643532,0.26666666666666666
2013-08-21,19:37:14,8.333333333333334,20.15290251303356,0.13333333333333333
2013-08-21,19:42:14,8.2,20.953702855164543,0
2013-08-21,19:47:14,11.333333333333332,17.617072947214076,0.4666666666666667
2013-08-21,19:52:14,8.266666666666666,20.086169151189313,0
2013-08-21,19:57:14,12.733333333333333,20.48656932225481,0.06666666666666668
2013-08-21,20:02:14,13.266666666666667,23.689707050342133,11.733333333333333
2013-08-21,20:07:14,8.4,25.891857078853054,0
2013-08-21,20:12:14,11.266666666666667,35.96837833985011,0.26666666666666666
2013-08-21,20:17:14,9.733333333333334,22.822211530628863,0.2
2013-08-21,20:22:15,9.733333333333334,18.084168295861847,0
2013-08-21,20:27:15,12.933333333333332,18.751501914304335,0.06666666666666668
2013-08-21,20:32:15,9.333333333333334,21.487531565656568,0.3333333333333333
2013-08-21,20:37:15,8.6,21.621036473607038,0.13333333333333333
2013-08-21,20:42:15,8.666666666666666,17.95071430026067,0
2013-08-21,20:47:15,8.6,20.353115326653633,0
2013-08-21,20:52:15,9.0,18.618060646790482,0.06666666666666668
2013-08-21,20:57:15,8.666666666666666,19.885969065656564,0.5333333333333333
2013-08-21,21:02:15,13.6,21.75445228494624,11.733333333333333
2013-08-21,21:07:15,8.266666666666666,31.630811644672534,0
2013-08-21,21:12:15,9.0,23.222637157869013,0
2013-08-21,21:17:15,10.333333333333332,19.61903561827957,0.13333333333333333
2013-08-21,21:22:15,8.733333333333334,21.220636302541546,0.4
2013-08-21,21:27:15,8.466666666666667,20.019435789345064,0
2013-08-21,21:32:15,9.066666666666666,18.81823527614858,0.06666666666666668
2013-08-21,21:37:15,10.466666666666667,31.363865469208207,0
2013-08-21,21:42:15,8.866666666666667,20.82023613147605,0.13333333333333333
2013-08-21,21:47:15,8.4,19.418873717008797,0
2013-08-21,21:52:15,9.466666666666667,20.953702855164543,0.26666666666666666
2013-08-21,21:57:15,8.8,24.62396138807429,0.06666666666666668
2013-08-21,22:02:16,13.6,23.556253054740957,3.6
2013-08-21,22:07:16,10.2,27.82708638807429,0
2013-08-21,22:12:16,8.6,23.022398888074292,0
2013-08-21,22:17:16,8.666666666666666,20.219635874877813,0.06666666666666668
2013-08-21,22:22:15,9.066666666666666,18.217635019550343,0.06666666666666668
2013-08-21,22:27:15,8.4,18.88496863799283,0.13333333333333333
2013-08-21,22:32:15,9.266666666666666,20.620036045943305,0.3333333333333333
2013-08-21,22:37:15,8.4,20.68676940778755,0
2013-08-21,22:42:15,8.6,18.41783510508309,0.13333333333333333
2013-08-21,22:47:15,11.8,18.68480673672206,0.26666666666666666
2013-08-21,22:52:15,8.8,20.019435789345064,0.06666666666666668
2013-08-21,22:57:15,8.8,17.416911045943305,0
2013-08-21,23:02:15,13.0,21.420798203812318,3.6
2013-08-21,23:07:15,9.266666666666666,24.824161473607038,0.2
2013-08-21,23:12:15,9.066666666666666,26.29225724991854,0
2013-08-21,23:17:15,8.4,22.62203690127077,0.3333333333333333
2013-08-21,23:22:15,8.4,17.817234848484848,0
2013-08-21,23:27:15,8.466666666666667,17.083269692896707,0.2
2013-08-21,23:32:15,8.4,18.61807337487781,0
2013-08-21,23:37:15,8.266666666666666,15.681881822254804,0
2013-08-21,23:42:15,8.933333333333334,19.418835532746822,0
2013-08-21,23:47:16,9.0,17.283444322254805,0.2
2013-08-21,23:52:16,8.6,17.21671096041056,0
2013-08-21,23:57:16,8.2,16.082281993320297,0
2013-08-22,00:02:16,13.733333333333333,20.019486701694362,3.466666666666667
2013-08-22,00:07:16,9.133333333333333,25.02434883105246,0
2013-08-22,00:12:16,9.533333333333333,24.35701521260997,0.13333333333333333
2013-08-22,00:17:16,9.4,20.219623146790486,0.2
2013-08-22,00:22:16,10.6,17.416860133594,0.06666666666666668
2013-08-22,00:27:16,8.333333333333334,17.95070157217334,0.13333333333333333
2013-08-22,00:32:16,8.333333333333334,19.151902085369827,0
2013-08-22,00:37:16,8.466666666666667,17.083269692896707,0
2013-08-22,00:42:16,8.333333333333334,18.95174018409906,0
2013-08-22,00:47:16,9.2,16.54937734196807,0.06666666666666668
2013-08-22,00:52:16,9.333333333333334,17.41687286168133,0.26666666666666666
2013-08-22,00:57:16,9.066666666666666,17.150015782828287,0
2013-08-22,01:02:17,11.933333333333332,22.355065269631798,3.466666666666667
2013-08-22,01:07:17,8.733333333333334,22.55521444281525,0
2013-08-22,01:12:17,10.266666666666667,32.09788153714565,0.3333333333333333
2013-08-22,01:17:17,8.8,24.423774030628874,0.06666666666666668
2013-08-22,01:22:17,8.533333333333333,20.953702855164543,0
2013-08-22,01:27:17,9.866666666666667,16.349215440697296,0.2
2013-08-22,01:32:17,13.733333333333333,24.023335675301396,0.5333333333333333
2013-08-22,01:37:17,10.733333333333333,44.576740184099066,1.6
2013-08-22,01:42:17,8.4,27.62689903062887,1.0666666666666669
2013-08-22,01:47:17,8.333333333333334,19.685794436298465,1.1333333333333333
2013-08-22,01:52:17,10.066666666666666,17.750565127077223,0.06666666666666668
2013-08-22,01:57:17,9.0,17.550377769631805,0.5333333333333333
2013-08-22,02:02:17,30.4,23.8231610459433,11.733333333333333
2013-08-22,02:07:17,10.733333333333333,29.295156708211145,0.13333333333333333
2013-08-22,02:12:17,8.933333333333334,24.290332763115018,0.13333333333333333
2013-08-22,02:17:17,9.466666666666667,20.953702855164543,0.06666666666666668
2013-08-22,02:22:17,8.8,19.018448089768654,0.06666666666666668
2013-08-22,02:27:17,8.4,17.55039049771913,0
2013-08-22,02:32:17,8.2,16.149015355164554,0
2013-08-22,02:37:17,8.6,14.680957763115018,0
2013-08-22,02:42:17,9.0,17.81728576083415,0
2013-08-22,02:47:17,11.533333333333333,19.61903561827957,0.13333333333333333
2013-08-22,02:52:17,11.8,18.81823527614858,0.26666666666666666
2013-08-22,02:57:17,8.466666666666667,18.351101743238843,0
2013-08-22,03:02:17,13.4,25.958564984522642,11.733333333333333
2013-08-22,03:07:17,8.2,26.82612414467253,0
2013-08-22,03:12:17,9.2,22.955703710492013,0
2013-08-22,03:17:17,9.066666666666666,19.352102170902576,0.26666666666666666
2013-08-22,03:22:17,9.0,23.022398888074292,0.06666666666666668
2013-08-22,03:27:17,8.666666666666666,19.819248431899638,0
2013-08-22,03:32:17,8.4,18.08425739247312,0
2013-08-22,03:37:17,8.466666666666667,23.823199230205276,0
2013-08-22,03:42:18,8.6,19.61903561827957,0
2013-08-22,03:47:18,8.6,19.952740611762792,0
2013-08-22,03:52:18,11.4,19.28538153714565,0
2013-08-22,03:57:18,8.733333333333334,15.748653368361035,0
2013-08-22,04:02:18,12.733333333333333,23.823135589768658,3.533333333333333
2013-08-22,04:07:18,8.066666666666666,32.76526606793744,0.13333333333333333
2013-08-22,04:12:18,8.733333333333334,23.155903796024756,0
2013-08-22,04:17:18,8.8,20.82023613147605,0.2
2013-08-22,04:22:18,9.4,25.624961815738022,0.06666666666666668
2013-08-22,04:27:18,8.6,20.353102598566313,0
2013-08-22,04:32:18,8.266666666666666,18.41783510508309,0
2013-08-22,04:37:18,9.066666666666666,19.418835532746822,0
2013-08-22,04:42:18,8.2,16.282520263115018,0
2013-08-22,04:47:18,8.733333333333334,16.215748717008797,0
2013-08-22,04:52:18,9.0,17.750539670902572,0.13333333333333333
2013-08-22,04:57:18,8.4,17.216736416585203,0
2013-08-22,05:02:18,12.4,20.35307714239166,3.466666666666667
2013-08-22,05:07:18,8.4,25.624961815738022,0.13333333333333333
2013-08-22,05:12:18,9.733333333333334,27.226524315738025,0
2013-08-22,05:17:18,8.533333333333333,19.819235703812314,0
2013-08-22,05:22:18,9.933333333333334,17.283444322254805,0.06666666666666668
2013-08-22,05:27:18,8.333333333333334,17.8173112170088,0
2013-08-22,05:32:18,8.266666666666666,18.017511302541543,0
2013-08-22,05:37:18,8.2,15.681894550342133,0
2013-08-22,05:42:18,8.4,20.419835960410555,0
2013-08-22,05:47:18,8.333333333333334,19.418835532746822,0
2013-08-22,05:52:18,8.666666666666666,18.417873289345064,0.06666666666666668
2013-08-22,05:57:18,8.2,15.415024743401759,0.06666666666666668
2013-08-22,06:02:18,12.733333333333333,20.82023613147605,3.466666666666667
2013-08-22,06:07:18,8.533333333333333,28.42764846041056,0
2013-08-22,06:12:18,11.866666666666667,31.230411473607038,0
2013-08-22,06:17:18,10.0,26.225511159986965,0
2013-08-22,06:22:18,8.8,34.03317448680352,0.06666666666666668
2013-08-22,06:27:18,8.8,22.822198802541543,0
2013-08-22,06:32:18,8.6,21.82119837487781,0.2
2013-08-22,06:37:18,8.6,23.022398888074292,0.13333333333333333
2013-08-22,06:42:18,8.2,19.08519417970023,0.06666666666666668
2013-08-22,06:47:18,12.0,18.61807337487781,0
2013-08-22,06:52:18,8.8,21.420836388074292,0.06666666666666668
2013-08-22,06:57:18,8.466666666666667,19.01843536168133,0
2013-08-22,07:02:18,13.933333333333332,23.8231610459433,3.466666666666667
2013-08-22,07:07:18,8.6,25.024361559139784,0.2
2013-08-22,07:12:18,9.733333333333334,21.620998289345064,0.06666666666666668
2013-08-22,07:17:19,8.066666666666666,19.218635447214076,0
2013-08-22,07:22:19,9.4,21.754465013033567,0.06666666666666668
2013-08-22,07:27:18,9.4,21.020436217008797,0.4
2013-08-22,07:32:18,8.466666666666667,19.218635447214076,0.06666666666666668
2013-08-22,07:37:18,8.2,20.82023613147605,0
2013-08-22,07:42:18,8.0,18.217635019550343,0
2013-08-22,07:47:18,8.333333333333334,19.61903561827957,0
2013-08-22,07:52:18,13.4,18.81827346041056,0.06666666666666668
2013-08-22,07:57:18,8.733333333333334,16.616110703812318,0
2013-08-22,08:02:18,12.666666666666668,20.82023613147605,3.466666666666667
2013-08-22,08:07:18,8.333333333333334,25.758415811339198,0
2013-08-22,08:12:18,10.133333333333333,35.96834015558814,0.13333333333333333
2013-08-22,08:17:18,9.333333333333334,26.225511159986965,0.26666666666666666
2013-08-22,08:22:18,8.6,25.624949087650705,0
2013-08-22,08:27:18,10.666666666666668,17.88399366650375,0
2013-08-22,08:32:18,8.666666666666666,18.150939841968068,0
2013-08-22,08:37:19,11.333333333333332,24.623974116161612,0.26666666666666666
2013-08-22,08:42:19,8.466666666666667,39.038011159986965,0.2
2013-08-22,08:47:19,9.6,22.48855744949495,0.06666666666666668
2013-08-22,08:52:19,9.0,19.752540526230042,0.2
2013-08-22,08:57:19,9.466666666666667,21.08713139459107,0.26666666666666666
2013-08-22,09:02:19,16.733333333333334,29.895744236722056,11.866666666666667
2013-08-22,09:07:19,8.6,29.495394978005862,0.2
2013-08-22,09:12:19,9.2,21.487569749918542,0.06666666666666668
2013-08-22,09:17:19,10.8,18.751501914304335,0.06666666666666668
2013-08-22,09:22:19,8.666666666666666,17.350177684099055,0.06666666666666668
2013-08-22,09:27:19,8.133333333333333,17.150041239002935,0
2013-08-22,09:32:19,9.066666666666666,17.817273032746826,0.4
2013-08-22,09:37:19,8.866666666666667,21.220636302541546,0.06666666666666668
2013-08-22,09:42:19,8.4,21.020398032746822,0.2
2013-08-22,09:47:19,10.2,19.95270242750081,0.4666666666666667
2013-08-22,09:52:19,9.133333333333333,19.885969065656564,0.2
2013-08-22,09:57:19,8.4,18.551327284946233,0
2013-08-22,10:02:19,13.0,22.355090725806452,11.933333333333335
2013-08-22,10:07:19,10.733333333333333,24.824161473607038,0
2013-08-22,10:12:19,10.333333333333332,24.69066929374389,0.4666666666666667
2013-08-22,10:17:19,8.733333333333334,22.48855744949495,0.06666666666666668
2013-08-22,10:22:19,9.933333333333334,19.08519417970023,0.3333333333333333
2013-08-22,10:27:19,8.266666666666666,21.35406484196806,0
2013-08-22,10:32:19,8.4,17.884044578853043,0.13333333333333333
2013-08-22,10:37:19,8.666666666666666,18.751527370478986,0.2
2013-08-22,10:42:19,9.0,25.35797745601173,0.06666666666666668
2013-08-22,10:47:19,8.866666666666667,18.150901657706093,0.26666666666666666
2013-08-22,10:52:19,9.6,20.620036045943305,0.26666666666666666
2013-08-22,10:57:19,11.2,17.21671096041056,0.2
2013-08-22,11:02:19,12.333333333333332,19.218686359563378,3.533333333333333
2013-08-22,11:07:20,9.266666666666666,25.2913077346041,0.3333333333333333
2013-08-22,11:12:20,9.266666666666666,25.758415811339198,0.2
2013-08-22,11:17:20,9.066666666666666,24.156840583251878,0.4
2013-08-22,11:22:20,9.2,18.41783510508309,0.3333333333333333
2013-08-22,11:27:20,8.466666666666667,18.75155282665363,0.13333333333333333
2013-08-22,11:32:20,8.4,17.41687286168133,0.13333333333333333
2013-08-22,11:37:20,8.066666666666666,17.683806309058326,0
2013-08-22,11:42:20,8.466666666666667,21.55430311176278,0.13333333333333333
2013-08-22,11:47:20,8.533333333333333,21.68773165118931,0
2013-08-22,11:52:20,9.266666666666666,18.618035190615835,0.3333333333333333
2013-08-22,11:57:20,9.333333333333334,22.088157278429453,0.4
2013-08-22,12:02:20,14.066666666666668,27.960540383675465,3.733333333333333
2013-08-22,12:07:19,9.133333333333333,34.099844208211145,0.5333333333333333
2013-08-22,12:12:19,9.666666666666666,25.55821572580645,0.4
2013-08-22,12:17:19,8.333333333333334,21.420836388074292,0.13333333333333333
2013-08-22,12:22:19,9.8,20.953664670902572,0.6666666666666666
2013-08-22,12:27:19,8.733333333333334,22.688770263115018,0.13333333333333333
2013-08-22,12:32:19,9.733333333333334,20.953702855164543,0.7333333333333333
2013-08-22,12:37:19,12.0,17.617072947214076,0.4666666666666667
2013-08-22,12:42:20,9.0,20.753502769631805,0.2
2013-08-22,12:47:20,8.666666666666666,20.286369236722056,0.3333333333333333
2013-08-22,12:52:20,11.266666666666667,21.954639642391655,0.4
2013-08-22,12:57:20,9.866666666666667,23.889919863962206,0.6
2013-08-22,13:02:20,13.2,22.6887066226784,3.466666666666667
2013-08-22,13:07:20,11.533333333333333,28.027248289345064,1.2666666666666666
2013-08-22,13:12:20,8.933333333333334,28.89474380905832,0
2013-08-22,13:17:20,8.0,22.221624002117956,0
2013-08-22,13:22:20,9.8,20.620036045943305,0.13333333333333333
2013-08-22,13:27:20,8.6,20.019435789345064,0
2013-08-22,13:32:20,8.4,18.68476855246008,0.06666666666666668
2013-08-22,13:37:20,8.133333333333333,18.751527370478986,0.06666666666666668
2013-08-22,13:42:20,8.133333333333333,19.552314984522642,0
2013-08-22,13:47:20,8.8,18.618035190615835,0.2
2013-08-22,13:52:20,10.6,18.75154009856631,0.6
2013-08-22,13:57:20,9.933333333333334,19.151927541544477,0.5333333333333333
2013-08-22,14:02:20,13.733333333333333,26.759390782828284,3.466666666666667
2013-08-22,14:07:20,18.266666666666666,38.77111589687195,0.2
2013-08-22,14:12:20,12.0,36.23528633105246,0.13333333333333333
2013-08-22,14:17:20,8.733333333333334,26.092108076735094,0.06666666666666668
2013-08-22,14:22:20,8.6,19.151902085369827,0.2
2013-08-22,14:27:20,9.333333333333334,20.019435789345064,0.2
2013-08-22,14:32:20,9.2,18.150901657706093,0.6
2013-08-22,14:37:20,10.2,22.8889321643858,0.26666666666666666
2013-08-22,14:42:20,9.533333333333333,23.08913224991854,0.3333333333333333
2013-08-22,14:47:21,9.866666666666667,19.685768980123814,0.26666666666666666
2013-08-22,14:52:21,9.0,22.555303539426514,0
2013-08-22,14:57:21,8.733333333333334,21.887931736722066,0.06666666666666668
2013-08-22,15:02:21,13.666666666666668,26.358977883675465,3.466666666666667
2013-08-22,15:07:21,10.933333333333332,29.49536952183121,0.4
2013-08-22,15:12:21,10.266666666666667,32.43158653062887,0.4
2013-08-22,15:17:21,9.666666666666666,24.090145405669595,0.4666666666666667
2013-08-22,15:22:21,10.333333333333332,20.753502769631805,0.2
2013-08-22,15:27:21,11.333333333333332,22.421836815738025,0.5333333333333333
2013-08-22,15:32:21,8.4,21.08716957885305,0.13333333333333333
2013-08-22,15:37:21,8.733333333333334,20.886931309058326,0.13333333333333333
2013-08-22,15:42:21,8.666666666666666,19.75250234196807,0
2013-08-22,15:47:21,8.266666666666666,20.152915241120883,0
2013-08-22,15:52:21,9.066666666666666,17.550339585369823,0.13333333333333333
2013-08-22,15:57:21,11.266666666666667,17.68383176523298,0.26666666666666666
2013-08-22,16:02:21,12.866666666666667,24.023335675301396,12.0
2013-08-22,16:07:21,9.466666666666667,26.22554934424894,0.3333333333333333
2013-08-22,16:12:21,9.666666666666666,26.292282706093182,0.26666666666666666
2013-08-22,16:17:21,8.933333333333334,23.28934506353861,0.26666666666666666
2013-08-22,16:22:21,9.933333333333334,23.42283724340176,0.06666666666666668
2013-08-22,16:27:21,8.2,17.550339585369823,0
2013-08-22,16:32:21,8.733333333333334,17.683768124796348,0
2013-08-22,16:37:21,9.333333333333334,18.81823527614858,0.26666666666666666
2013-08-22,16:42:21,8.2,19.485568894591072,0
2013-08-22,16:47:21,8.666666666666666,19.01843536168133,0
2013-08-22,16:52:21,8.866666666666667,19.685794436298465,0.2
2013-08-22,16:57:21,9.6,23.022360703812318,0.4666666666666667
2013-08-22,17:02:21,12.866666666666667,26.492457335451284,12.066666666666665
2013-08-22,17:07:21,9.133333333333333,26.42572397360704,0.3333333333333333
2013-08-22,17:12:21,10.266666666666667,22.621998717008797,0.5333333333333333
2013-08-22,17:17:21,9.333333333333334,22.822236986803517,0.06666666666666668
2013-08-22,17:22:21,8.866666666666667,19.218635447214076,0.2
2013-08-22,17:27:21,9.8,19.55230225643532,0.4
2013-08-22,17:32:21,9.066666666666666,20.553302684099055,0.2
2013-08-22,17:37:21,8.6,21.420836388074292,0.06666666666666668
2013-08-22,17:42:22,9.666666666666666,20.419835960410555,0.6666666666666666
2013-08-22,17:47:22,8.666666666666666,18.88496863799283,0.2
2013-08-22,17:52:22,8.4,19.352089442815252,0
2013-08-22,17:57:22,9.266666666666666,27.62687357445422,0.3333333333333333
2013-08-22,18:02:22,12.4,26.22554934424894,3.533333333333333
2013-08-22,18:07:22,9.133333333333333,29.22841061827957,0.4666666666666667
2013-08-22,18:12:22,13.866666666666667,27.893819749918542,0.26666666666666666
2013-08-22,18:17:22,9.8,24.023399315738025,0.4
2013-08-22,18:22:22,8.8,22.488493809058323,0.26666666666666666
2013-08-22,18:27:22,9.6,21.954703282828277,0.4666666666666667
2013-08-22,18:32:22,8.2,24.02336113147605,0
2013-08-22,18:37:22,8.533333333333333,18.41783510508309,0.06666666666666668
2013-08-22,18:42:22,8.733333333333334,18.084193752036498,0.13333333333333333
2013-08-22,18:47:22,9.133333333333333,18.618035190615835,0.4
2013-08-22,18:52:22,8.733333333333334,20.219635874877813,0.2
2013-08-22,18:57:22,9.133333333333333,19.352102170902576,0.13333333333333333
2013-08-22,19:02:22,14.133333333333333,24.49052012056044,3.6666666666666665
2013-08-22,19:07:22,9.066666666666666,24.824161473607038,0.13333333333333333
2013-08-22,19:12:22,9.2,21.487531565656568,0
2013-08-22,19:17:22,8.6,20.019435789345064,0.26666666666666666
2013-08-22,19:22:22,10.4,22.2215985459433,0.2
2013-08-22,19:27:22,12.6,44.04287328934507,0.4666666666666667
2013-08-22,19:32:22,11.0,25.624923631476054,0.06666666666666668
2013-08-22,19:37:22,8.466666666666667,18.017473118279568,0.13333333333333333
2013-08-22,19:42:22,8.066666666666666,17.08323150863474,0
2013-08-22,19:47:22,8.666666666666666,17.817273032746826,0
2013-08-22,19:52:22,8.4,20.553315412186375,0
2013-08-22,19:57:23,8.533333333333333,20.553302684099055,0.06666666666666668
2013-08-22,20:02:23,13.2,23.556214870478982,3.466666666666667
2013-08-22,20:07:23,8.866666666666667,26.292295434180513,0.13333333333333333
2013-08-22,20:12:23,10.533333333333333,27.426711673183448,0.26666666666666666
2013-08-22,20:17:23,9.4,23.756453140273706,0.26666666666666666
2013-08-22,20:22:23,9.266666666666666,18.88495590990551,0
2013-08-22,20:27:23,11.933333333333332,36.101832335451284,0.13333333333333333
2013-08-22,20:32:23,8.4,23.22262442978169,0
2013-08-22,20:37:23,9.533333333333333,21.220636302541546,0
2013-08-22,20:42:23,12.266666666666667,16.415974258716194,0.06666666666666668
2013-08-22,20:47:23,10.8,14.947891210492015,0.6
2013-08-22,20:52:23,9.466666666666667,16.682844065656564,0.4
2013-08-22,20:57:23,13.8,21.020436217008797,0.06666666666666668
2013-08-22,21:02:23,13.066666666666668,24.75738992750081,3.6666666666666665
2013-08-22,21:07:23,8.466666666666667,29.69555687927664,0.2
2013-08-22,21:12:23,9.6,26.759403510915615,0.3333333333333333
2013-08-22,21:17:23,9.066666666666666,25.15781555474096,0.5333333333333333
2013-08-22,21:22:23,9.866666666666667,21.95467782665363,0.6666666666666666
2013-08-22,21:27:23,9.6,23.289319607363964,0.13333333333333333
2013-08-22,21:32:23,8.733333333333334,19.685768980123814,0.26666666666666666
2013-08-22,21:37:23,8.8,19.485568894591072,0.06666666666666668
2013-08-22,21:42:23,8.6,17.81724757657217,0.2
2013-08-22,21:47:23,11.133333333333333,20.953702855164543,0
2013-08-22,21:52:23,8.533333333333333,17.483669863962202,0.13333333333333333
2013-08-22,21:57:23,8.4,16.21573598892147,0.13333333333333333
2013-08-22,22:02:23,13.466666666666667,24.023373859563378,11.933333333333335
2013-08-22,22:07:23,8.6,22.621985988921477,0
2013-08-22,22:12:23,9.533333333333333,20.21964860296514,0.26666666666666666
2013-08-22,22:17:23,9.6,20.019435789345064,0.06666666666666668
2013-08-22,22:22:23,10.133333333333333,20.353102598566313,0.4666666666666667
2013-08-22,22:27:23,8.933333333333334,21.153902940697293,0.2
2013-08-22,22:32:23,8.866666666666667,20.286369236722056,0.13333333333333333
2013-08-22,22:37:23,9.066666666666666,28.027324657869013,0.26666666666666666
2013-08-22,22:42:23,8.666666666666666,20.219635874877813,0.26666666666666666
2013-08-22,22:47:23,8.866666666666667,16.282507535027698,0.2
2013-08-22,22:52:23,12.0,16.415948802541543,0
2013-08-22,22:57:23,8.133333333333333,15.548415098566313,0.06666666666666668
2013-08-22,23:02:23,13.133333333333333,24.757415383675465,11.933333333333335
2013-08-22,23:07:23,8.333333333333334,29.028299629358102,0
2013-08-22,23:12:23,9.4,20.553302684099055,0.13333333333333333
2013-08-22,23:17:23,9.133333333333333,22.488570177582282,0.4666666666666667
2013-08-22,23:22:23,8.733333333333334,20.019435789345064,0
2013-08-22,23:27:23,10.866666666666667,18.8850068222548,0
2013-08-22,23:32:23,11.266666666666667,19.68573079586184,0
2013-08-22,23:37:24,8.4,19.01843536168133,0.2
2013-08-22,23:42:24,8.0,18.745435245045766,0
2013-08-22,23:47:24,9.2,16.215748717008797,0.4
2013-08-22,23:52:24,7.75,16.432613050871616,0.25
2013-08-22,23:57:24,8.666666666666666,18.48456846692734,0.06666666666666668
2013-08-23,00:02:24,15.8,22.8889321643858,3.4
2013-08-23,00:07:24,8.266666666666666,24.22354848892147,0.13333333333333333
2013-08-23,00:12:24,9.6,24.223586673183444,0.13333333333333333
2013-08-23,00:17:24,6.666666666666666,23.422811787227104,0.26666666666666666
2013-08-23,00:22:24,8.666666666666666,21.55430311176278,0
2013-08-23,00:27:24,8.866666666666667,19.61903561827957,0.06666666666666668
2013-08-23,00:32:24,8.066666666666666,17.41687286168133,0
2013-08-23,00:37:24,8.2,17.68383176523298,0.13333333333333333
2013-08-23,00:42:24,8.066666666666666,18.61807337487781,0
2013-08-23,00:47:24,8.4,17.550352313457154,0
2013-08-23,00:52:24,8.666666666666666,19.81926115998697,0.13333333333333333
2013-08-23,00:57:24,5.8,20.353089870478986,0.06666666666666668
2013-08-23,01:02:24,12.266666666666667,23.155865611762792,3.6
2013-08-23,01:07:25,8.466666666666667,30.763277940697286,0
2013-08-23,01:12:25,8.666666666666666,22.22163673020528,0.06666666666666668
2013-08-23,01:17:25,8.6,21.020436217008797,0.26666666666666666
2013-08-23,01:22:25,9.857142857142854,21.091936247556205,0
2013-08-23,01:27:25,8.142857142857144,17.088002723083367,0
2013-08-23,01:32:25,14.066666666666668,27.35996558325187,0.9333333333333332
2013-08-23,01:37:25,8.533333333333333,31.69751955034213,1.6666666666666667
2013-08-23,01:42:25,10.0,21.954665098566302,0.06666666666666668
2013-08-23,01:47:25,9.133333333333333,17.283444322254805,0.2
2013-08-23,01:52:25,8.6,20.48656932225481,0
2013-08-23,01:57:25,9.133333333333333,18.41783510508309,0.06666666666666668
2013-08-23,02:02:25,34.73333333333333,22.75543998452265,3.466666666666667
2013-08-23,02:07:25,9.733333333333334,26.02534925871619,0
2013-08-23,02:12:25,9.6,21.354103026230046,0.06666666666666668
2013-08-23,02:17:25,8.666666666666666,20.753502769631805,0
2013-08-23,02:22:25,8.933333333333334,17.95070157217334,0
2013-08-23,02:27:25,11.0,19.75250234196807,0
2013-08-23,02:32:25,8.666666666666666,19.685768980123814,0.13333333333333333
2013-08-23,02:37:25,8.266666666666666,16.34920271260997,0
2013-08-23,02:42:25,8.266666666666666,18.88496863799283,0
2013-08-23,02:47:25,8.266666666666666,17.950727028347995,0
2013-08-23,02:52:25,8.333333333333334,17.750539670902572,0
2013-08-23,02:57:25,8.333333333333334,18.017498574454216,0
2013-08-23,03:02:25,11.8,21.687718923101983,0.13333333333333333
2013-08-23,03:07:25,8.733333333333334,25.424761730205276,0
2013-08-23,03:12:25,9.666666666666666,27.626886302541543,0.06666666666666668
2013-08-23,03:17:25,9.066666666666666,26.025361986803517,0.2
2013-08-23,03:22:25,8.2,24.02336113147605,0.06666666666666668
2013-08-23,03:27:25,8.466666666666667,18.618035190615835,0
2013-08-23,03:32:25,8.666666666666666,20.353102598566313,0.06666666666666668
2013-08-23,03:37:25,9.0,24.62396138807429,0.13333333333333333
2013-08-23,03:42:25,8.2,17.617034762952102,0
2013-08-23,03:47:25,8.533333333333333,18.417873289345064,0
2013-08-23,03:52:25,10.466666666666667,17.483644407787548,0.13333333333333333
2013-08-23,03:57:25,8.666666666666666,16.215710532746826,0.06666666666666668
2013-08-23,04:02:25,11.733333333333333,19.485568894591072,0.06666666666666668
2013-08-23,04:07:25,11.066666666666668,22.02139846041056,0
2013-08-23,04:12:25,9.266666666666666,20.82023613147605,0.13333333333333333
2013-08-23,04:17:26,8.4,20.620036045943305,0
2013-08-23,04:22:26,8.533333333333333,20.68676940778755,0
2013-08-23,04:27:26,8.666666666666666,19.01843536168133,0.13333333333333333
2013-08-23,04:32:26,8.666666666666666,17.61706021912675,0.06666666666666668
2013-08-23,04:37:26,10.466666666666667,30.696557306940374,0
2013-08-23,04:42:26,8.4,20.620036045943305,0
2013-08-23,04:47:26,8.2,17.21674914467253,0
2013-08-23,04:52:26,8.266666666666666,16.749602883675465,0.06666666666666668
2013-08-23,04:57:26,11.6,17.61711113147605,0.06666666666666668
2013-08-23,05:02:26,12.466666666666667,21.28735693629847,8.466666666666667
2013-08-23,05:07:26,8.333333333333334,22.488531993320304,0
2013-08-23,05:12:26,9.0,24.356989756435315,0.06666666666666668
2013-08-23,05:17:26,8.733333333333334,22.2215985459433,0.26666666666666666
2013-08-23,05:22:26,9.666666666666666,18.68476855246008,0
2013-08-23,05:27:26,8.333333333333334,18.217635019550343,0
2013-08-23,05:32:26,8.466666666666667,19.418873717008797,0.06666666666666668
2013-08-23,05:37:26,8.333333333333334,17.21663459188661,0
2013-08-23,05:42:26,8.466666666666667,17.283457050342133,0
2013-08-23,05:47:26,8.4,17.216672776148584,0
2013-08-23,05:52:26,8.866666666666667,23.422799059139784,0.26666666666666666
2013-08-23,05:57:26,8.466666666666667,20.15290251303356,0
2013-08-23,06:02:26,12.0,24.090094493320297,0.26666666666666666
2013-08-23,06:07:26,8.2,22.28833190778755,0
2013-08-23,06:12:26,9.0,20.286369236722056,0.06666666666666668
2013-08-23,06:17:26,8.333333333333334,20.68676940778755,0
2013-08-23,06:22:26,8.533333333333333,20.353115326653633,0
2013-08-23,06:27:26,8.133333333333333,18.017498574454216,0
2013-08-23,06:32:26,10.066666666666666,17.483644407787548,0
2013-08-23,06:37:26,8.2,17.083269692896707,0
2013-08-23,06:42:26,8.4,19.151902085369827,0.06666666666666668
2013-08-23,06:47:26,8.0,23.556214870478982,0
2013-08-23,06:52:26,8.133333333333333,19.01843536168133,0
2013-08-23,06:57:26,8.2,16.349240896871944,0
2013-08-23,07:02:26,11.4,18.217673203812318,0.06666666666666668
2013-08-23,07:07:26,8.066666666666666,21.887944464809383,0
2013-08-23,07:12:26,10.733333333333333,25.358015640273706,0.06666666666666668
2013-08-23,07:17:26,8.0,23.022373431899645,0
2013-08-23,07:22:26,9.066666666666666,22.088157278429453,0.2
2013-08-23,07:27:26,8.533333333333333,22.888881252036487,0
2013-08-23,07:32:26,9.066666666666666,21.287369664385793,0.26666666666666666
2013-08-23,07:37:26,8.666666666666666,20.553302684099055,0
2013-08-23,07:42:26,8.2,20.620036045943305,0
2013-08-23,07:47:27,13.266666666666667,28.694594635874875,0.3333333333333333
2013-08-23,07:52:27,8.4,33.232374144672534,0
2013-08-23,07:57:27,8.2,20.953702855164543,0
2013-08-23,08:02:27,14.4,22.02137300423591,0.13333333333333333
2013-08-23,08:07:27,8.4,22.02138573232324,0
2013-08-23,08:12:27,10.066666666666666,27.09300667970022,0.26666666666666666
2013-08-23,08:17:27,8.8,26.559165241120887,0
2013-08-23,08:22:27,8.4,18.68476855246008,0
2013-08-23,08:27:27,8.2,20.086207335451288,0
2013-08-23,08:32:27,8.8,19.285368809058323,0.06666666666666668
2013-08-23,08:37:27,8.8,20.019435789345064,0
2013-08-23,08:42:27,8.2,18.751514642391655,0
2013-08-23,08:47:27,13.933333333333332,24.82413601743239,0.06666666666666668
2013-08-23,08:52:27,8.866666666666667,44.776952997719114,0.26666666666666666
2013-08-23,08:57:27,8.666666666666666,22.95565279814272,0
2013-08-23,09:02:27,11.333333333333332,19.6190483463669,0.13333333333333333
2013-08-23,09:07:27,8.2,23.089094065656564,0
2013-08-23,09:12:27,9.266666666666666,19.352102170902576,0.06666666666666668
2013-08-23,09:17:27,10.333333333333332,21.420798203812318,0.2
2013-08-23,09:22:27,8.533333333333333,22.822160618279568,0.13333333333333333
2013-08-23,09:27:27,11.6,22.02139846041056,0.3333333333333333
2013-08-23,09:32:27,8.4,20.68676940778755,0.06666666666666668
2013-08-23,09:37:27,8.933333333333334,21.620998289345064,0.06666666666666668
2013-08-23,09:42:27,8.866666666666667,17.950727028347995,0
2013-08-23,09:47:27,8.866666666666667,22.15486518409906,0.26666666666666666
2013-08-23,09:52:27,8.933333333333334,22.2215985459433,0
2013-08-23,09:57:27,8.266666666666666,17.950727028347995,0
2013-08-23,10:02:27,14.0,19.81926115998697,0.13333333333333333
2013-08-23,10:07:27,8.6,21.02042348892147,0
2013-08-23,10:12:27,9.466666666666667,22.421773175301404,0.06666666666666668
2013-08-23,10:17:27,9.066666666666666,20.55328995601173,0.4666666666666667
2013-08-23,10:22:27,9.4,20.286369236722056,0.4
2013-08-23,10:27:28,8.533333333333333,19.418835532746822,0.13333333333333333
2013-08-23,10:32:28,10.066666666666666,19.352102170902576,0.2
2013-08-23,10:37:28,10.066666666666666,18.351101743238843,0.8
2013-08-23,10:42:28,8.733333333333334,20.48656932225481,0.13333333333333333
2013-08-23,10:47:28,8.933333333333334,17.95070157217334,0.2
2013-08-23,10:52:27,9.0,20.753502769631805,0.13333333333333333
2013-08-23,10:57:27,8.666666666666666,20.886931309058326,0.26666666666666666
2013-08-23,11:02:27,14.933333333333332,25.29129500651678,0.2
2013-08-23,11:07:27,8.333333333333334,27.29325767758227,0.13333333333333333
2013-08-23,11:12:27,11.0,23.022437072336267,0.13333333333333333
2013-08-23,11:17:27,9.333333333333334,24.223586673183444,0.4
2013-08-23,11:22:27,8.933333333333334,23.089119521831208,0.5333333333333333
2013-08-23,11:27:27,9.133333333333333,20.753502769631805,0.4
2013-08-23,11:32:28,9.266666666666666,22.02139846041056,0.5333333333333333
2013-08-23,11:37:28,8.8,19.685768980123814,0.13333333333333333
2013-08-23,11:42:28,8.466666666666667,20.68676940778755,0.13333333333333333
2013-08-23,11:47:28,8.6,19.685768980123814,0
2013-08-23,11:52:28,8.666666666666666,20.419835960410555,0
2013-08-23,11:57:28,8.6,18.88496863799283,0
2013-08-23,12:02:28,13.666666666666668,19.55230225643532,0.13333333333333333
2013-08-23,12:07:28,8.533333333333333,21.754503197295538,0.06666666666666668
2013-08-23,12:12:28,9.4,20.553302684099055,0.06666666666666668
2013-08-23,12:17:28,8.8,19.352102170902576,0.5333333333333333
2013-08-23,12:22:28,9.0,22.7554654406973,0.2
2013-08-23,12:27:28,8.333333333333334,19.01843536168133,0.13333333333333333
2013-08-23,12:32:28,11.4,17.149977598566306,0
2013-08-23,12:37:28,8.733333333333334,19.485607078853043,0.26666666666666666
2013-08-23,12:42:28,8.933333333333334,17.750552398989896,0.26666666666666666
2013-08-23,12:47:28,10.133333333333333,25.691695177582275,0.4
2013-08-23,12:52:28,8.933333333333334,20.086169151189313,0.13333333333333333
2013-08-23,12:57:28,9.6,24.423761302541543,0.5333333333333333
2013-08-23,13:02:28,12.2,25.49148236396221,0.26666666666666666
2013-08-23,13:07:28,8.133333333333333,32.03118635956337,0
2013-08-23,13:12:28,8.8,24.423799486803517,0.06666666666666668
2013-08-23,13:17:28,9.066666666666666,25.29129500651678,0.3333333333333333
2013-08-23,13:22:28,8.733333333333334,21.287369664385793,0
2013-08-23,13:27:28,8.4,20.753502769631805,0.2
2013-08-23,13:32:28,9.933333333333334,27.359991039426525,0.4666666666666667
2013-08-23,13:37:28,10.533333333333333,22.021436644672534,0.06666666666666668
2013-08-23,13:42:28,8.466666666666667,20.68676940778755,0.2
2013-08-23,13:47:28,8.733333333333334,20.086169151189313,0.2
2013-08-23,13:52:28,9.066666666666666,22.02139846041056,0.13333333333333333
2013-08-23,13:57:28,8.666666666666666,20.82023613147605,0.13333333333333333
2013-08-23,14:02:28,11.733333333333333,22.82218607445422,0.3333333333333333
2013-08-23,14:07:28,11.466666666666667,24.890869379276637,0.13333333333333333
2013-08-23,14:12:28,10.4,27.893819749918542,0.3333333333333333
2013-08-23,14:17:28,10.933333333333332,36.10180687927664,0.4
2013-08-23,14:22:28,8.533333333333333,26.292269978005866,0.2
2013-08-23,14:27:29,9.266666666666666,23.75642768409905,0.4666666666666667
2013-08-23,14:32:29,8.866666666666667,17.617072947214076,0.06666666666666668
2013-08-23,14:37:29,9.333333333333334,19.685768980123814,0.2
2013-08-23,14:42:29,8.933333333333334,24.09013267758227,0.26666666666666666
2013-08-23,14:47:29,8.466666666666667,20.286369236722056,0
2013-08-23,14:52:29,8.666666666666666,17.14993941430433,0.06666666666666668
2013-08-23,14:57:29,10.8,18.28440656565656,0.2
2013-08-23,15:02:29,14.8,24.156815127077223,0.4666666666666667
2013-08-23,15:07:29,9.066666666666666,23.689745234604104,0.06666666666666668
2013-08-23,15:12:29,11.6,21.954652370478982,1.0
2013-08-23,15:17:29,9.933333333333334,26.492470063538615,0.4666666666666667
2013-08-23,15:22:29,9.733333333333334,22.688770263115018,0.8
2013-08-23,15:27:29,8.266666666666666,24.223586673183444,0.06666666666666668
2013-08-23,15:32:29,8.8,20.353102598566313,0.06666666666666668
2013-08-23,15:37:29,8.733333333333334,19.01843536168133,0.13333333333333333
2013-08-23,15:42:29,8.4,17.817273032746826,0
2013-08-23,15:47:29,8.533333333333333,18.88496863799283,0
2013-08-23,15:52:29,10.466666666666667,17.55039049771913,0
2013-08-23,15:57:29,8.133333333333333,16.482656708211145,0
2013-08-23,16:02:29,12.533333333333333,19.68578170821114,0.26666666666666666
2013-08-23,16:07:29,10.666666666666668,23.622960960410555,0
2013-08-23,16:12:29,10.133333333333333,21.82119837487781,0.4666666666666667
2013-08-23,16:17:29,8.0,24.223561217008797,0
2013-08-23,16:22:29,10.133333333333333,19.01843536168133,0.26666666666666666
2013-08-23,16:27:29,9.2,19.61903561827957,0.06666666666666668
2013-08-23,16:32:29,8.8,17.283431594167478,0.13333333333333333
2013-08-23,16:37:29,8.266666666666666,19.685756252036494,0.13333333333333333
2013-08-23,16:42:29,8.8,19.485556166503752,0.26666666666666666
2013-08-23,16:47:29,9.666666666666666,22.088170006516787,0.6
2013-08-23,16:52:29,10.2,24.824199657869013,0.4
2013-08-23,16:57:29,11.266666666666667,22.22163673020528,0.2
2013-08-23,17:02:29,12.133333333333333,23.556265782828277,0.13333333333333333
2013-08-23,17:07:29,9.466666666666667,23.622960960410555,0.2
2013-08-23,17:12:29,12.333333333333332,23.35605296920821,0.3333333333333333
2013-08-23,17:17:29,9.066666666666666,26.42572397360704,0.4
2013-08-23,17:22:29,9.466666666666667,19.151927541544477,0.6
2013-08-23,17:27:29,8.933333333333334,20.019435789345064,0.26666666666666666
2013-08-23,17:32:29,10.533333333333333,19.352102170902576,0.06666666666666668
2013-08-23,17:37:29,8.6,19.352102170902576,0.13333333333333333
2013-08-23,17:42:29,9.133333333333333,18.81823527614858,0.26666666666666666
2013-08-23,17:47:29,9.466666666666667,20.086169151189313,0.4
2013-08-23,17:52:29,9.066666666666666,19.01843536168133,0.2
2013-08-23,17:57:29,9.533333333333333,19.418835532746822,0.4
2013-08-23,18:02:29,12.066666666666668,22.488493809058323,0.2
2013-08-23,18:07:29,8.866666666666667,23.489494236722056,0.4
2013-08-23,18:12:29,11.866666666666667,30.095906137992834,0.3333333333333333
2013-08-23,18:17:29,8.866666666666667,34.43357465786901,0.26666666666666666
2013-08-23,18:22:29,9.2,20.82023613147605,0.06666666666666668
2013-08-23,18:27:29,10.266666666666667,18.618111559139784,0.13333333333333333
2013-08-23,18:32:30,8.2,15.081319749918537,0
2013-08-23,18:37:30,11.666666666666668,16.616136159986965,0.2
2013-08-23,18:42:30,9.0,18.417860561257733,0.4666666666666667
2013-08-23,18:47:30,8.2,20.620036045943305,0
2013-08-23,18:52:30,8.333333333333334,19.418835532746822,0
2013-08-23,18:57:30,8.2,19.61903561827957,0
2013-08-23,19:02:30,12.266666666666667,21.287369664385793,0.4666666666666667
2013-08-23,19:07:30,11.6,22.42179863147605,0.26666666666666666
2013-08-23,19:12:30,8.8,18.618111559139784,0.06666666666666668
2013-08-23,19:17:30,8.133333333333333,18.751565554740957,0.26666666666666666
2013-08-23,19:22:30,8.733333333333334,19.285394265232974,0
2013-08-23,19:27:30,8.866666666666667,22.22163673020528,0.3333333333333333
2013-08-23,19:32:30,8.2,18.61807337487781,0
2013-08-23,19:37:30,9.2,18.017473118279568,0.26666666666666666
2013-08-23,19:42:30,8.933333333333334,16.01554863147605,0
2013-08-23,19:47:30,8.6,17.283431594167478,0.06666666666666668
2013-08-23,19:52:30,8.4,18.017473118279568,0
2013-08-23,19:57:30,11.266666666666667,16.949790241120883,0.13333333333333333
2013-08-23,20:02:30,11.4,21.28735693629847,0.06666666666666668
2013-08-23,20:07:30,10.533333333333333,24.82414874551971,0.2
2013-08-23,20:12:30,9.866666666666667,21.020436217008797,0.3333333333333333
2013-08-23,20:17:30,8.866666666666667,22.154903368361023,0.2
2013-08-23,20:22:30,8.866666666666667,17.083269692896707,0.06666666666666668
2013-08-23,20:27:30,8.266666666666666,15.41499928722711,0
2013-08-23,20:32:30,8.4,17.083244236722056,0
2013-08-23,20:37:30,11.533333333333333,19.485581622678396,0.5333333333333333
2013-08-23,20:42:30,10.466666666666667,22.822160618279568,0.4666666666666667
2013-08-23,20:47:30,8.8,24.89092029162594,0.13333333333333333
2013-08-23,20:52:30,8.466666666666667,20.48656932225481,0
2013-08-23,20:57:30,9.133333333333333,20.620036045943305,0.13333333333333333
2013-08-23,21:02:30,11.4,22.42179863147605,0.06666666666666668
2013-08-23,21:07:30,9.666666666666666,25.491495092049536,0.2
2013-08-23,21:12:31,11.533333333333333,31.964427541544477,0.13333333333333333
2013-08-23,21:17:31,9.0,42.10768216438579,0.6666666666666666
2013-08-23,21:22:31,8.933333333333334,25.891882535027698,0.4
2013-08-23,21:27:31,8.6,22.822198802541543,0.4
2013-08-23,21:32:31,8.266666666666666,19.285368809058323,0
2013-08-23,21:37:31,11.466666666666667,19.485568894591072,0.2
2013-08-23,21:42:31,9.0,20.15290251303356,0.13333333333333333
2013-08-23,21:47:31,8.266666666666666,18.818260732323232,0
2013-08-23,21:52:31,8.533333333333333,20.68676940778755,0
2013-08-23,21:57:31,8.4,20.886969493320297,0.2
2013-08-23,22:02:31,11.8,18.951701999837077,0.13333333333333333
2013-08-23,22:07:31,8.933333333333334,19.352102170902576,0.13333333333333333
2013-08-23,22:12:31,9.266666666666666,20.88694403714565,0.06666666666666668
2013-08-23,22:17:31,8.666666666666666,21.48755702183122,0
2013-08-23,22:22:31,8.866666666666667,19.75250234196807,0
2013-08-23,22:27:31,8.4,20.419835960410555,0
2013-08-23,22:32:31,8.2,20.553302684099055,0
2013-08-23,22:37:31,8.466666666666667,18.88499409416748,0.06666666666666668
2013-08-23,22:42:31,9.133333333333333,18.684794008634732,0.2
2013-08-23,22:47:31,8.6,19.95270242750081,0
2013-08-23,22:52:31,8.733333333333334,21.153902940697293,0
2013-08-23,22:57:31,8.6,20.48656932225481,0.13333333333333333
2013-08-23,23:02:31,13.333333333333332,26.492470063538615,0.13333333333333333
2013-08-23,23:07:31,9.066666666666666,23.756453140273706,0.06666666666666668
2013-08-23,23:12:31,8.6,20.086130966927335,0.06666666666666668
2013-08-23,23:17:31,11.333333333333332,20.15290251303356,0
2013-08-23,23:22:31,9.2,17.016498146790482,0.3333333333333333
2013-08-23,23:27:31,8.066666666666666,17.350164956011728,0
2013-08-23,23:32:31,8.6,19.819235703812314,0.06666666666666668
2013-08-23,23:37:31,8.8,19.285368809058323,0.06666666666666668
2013-08-23,23:42:31,8.133333333333333,18.751527370478986,0
2013-08-23,23:47:32,8.4,21.55430311176278,0.2
2013-08-23,23:52:32,8.4,19.218635447214076,0.2
2013-08-23,23:57:32,8.4,19.75250234196807,0
2013-08-24,00:02:32,11.933333333333332,20.41982323232323,0.06666666666666668
2013-08-24,00:07:32,8.4,21.95467782665363,0.06666666666666668
2013-08-24,00:12:32,8.6,20.620036045943305,0.06666666666666668
2013-08-24,00:17:32,8.533333333333333,22.8889321643858,0.2
2013-08-24,00:22:32,8.6,16.482669436298465,0
2013-08-24,00:27:32,8.533333333333333,17.483644407787548,0.4666666666666667
2013-08-24,00:32:31,8.533333333333333,19.48561980694037,0
2013-08-24,00:37:31,8.866666666666667,19.218660903388727,0.13333333333333333
2013-08-24,00:42:31,8.733333333333334,19.352102170902576,0
2013-08-24,00:47:31,8.466666666666667,18.81823527614858,0
2013-08-24,00:52:31,8.933333333333334,22.955703710492013,0
2013-08-24,00:57:31,8.933333333333334,23.489494236722056,0.13333333333333333
2013-08-24,01:02:32,11.4,24.090107221407624,0.06666666666666668
2013-08-24,01:07:32,8.933333333333334,25.624949087650705,0.06666666666666668
2013-08-24,01:12:32,10.4,22.955640070055388,0.06666666666666668
2013-08-24,01:17:32,11.333333333333332,28.761302541544474,0
2013-08-24,01:22:32,9.2,18.35112719941349,0.26666666666666666
2013-08-24,01:27:32,8.666666666666666,19.15191481345715,0.13333333333333333
2013-08-24,01:32:32,14.6,23.622960960410555,0.8
2013-08-24,01:37:32,9.066666666666666,29.295169436298472,1.5333333333333334
2013-08-24,01:42:32,8.066666666666666,20.019435789345064,0
2013-08-24,01:47:32,8.2,18.41783510508309,0
2013-08-24,01:52:32,8.466666666666667,17.083244236722056,0
2013-08-24,01:57:32,8.266666666666666,21.621036473607038,0
2013-08-24,02:02:32,32.86666666666667,21.754465013033567,0.13333333333333333
2013-08-24,02:07:32,10.0,26.42572397360704,0.06666666666666668
2013-08-24,02:12:32,11.866666666666667,26.892806594167485,0.26666666666666666
2013-08-24,02:17:32,8.133333333333333,40.03898613147605,0
2013-08-24,02:22:32,8.4,21.821236559139784,0
2013-08-24,02:27:32,9.066666666666666,23.422799059139784,0.06666666666666668
2013-08-24,02:32:32,8.4,19.685768980123814,0
2013-08-24,02:37:32,11.266666666666667,19.418835532746822,0.06666666666666668
2013-08-24,02:42:32,8.666666666666666,18.28436838139459,0
2013-08-24,02:47:32,8.733333333333334,15.548440554740958,0
2013-08-24,02:52:32,8.733333333333334,18.618035190615835,0
2013-08-24,02:57:32,8.933333333333334,16.61614888807429,0
2013-08-24,03:02:32,11.866666666666667,20.019486701694362,0.06666666666666668
2013-08-24,03:07:32,10.666666666666668,23.022398888074292,0
2013-08-24,03:12:32,8.933333333333334,19.552314984522642,0.06666666666666668
2013-08-24,03:17:32,8.2,21.420798203812318,0
2013-08-24,03:22:32,8.4,18.48456846692734,0
2013-08-24,03:27:32,10.6,27.3599783113392,0
2013-08-24,03:32:32,8.466666666666667,28.22748655913978,0
2013-08-24,03:37:32,9.2,22.621998717008797,0.26666666666666666
2013-08-24,03:42:33,8.266666666666666,20.41979777614858,0
2013-08-24,03:47:33,8.533333333333333,16.415948802541543,0.2
2013-08-24,03:52:33,8.266666666666666,15.214786473607036,0
2013-08-24,03:57:33,8.466666666666667,18.21766047572499,0
2013-08-24,04:02:33,14.666666666666668,21.354128482404693,0.3333333333333333
2013-08-24,04:07:33,8.8,23.022360703812318,0.06666666666666668
2013-08-24,04:12:33,11.4,19.418835532746822,0.06666666666666668
2013-08-24,04:17:33,9.666666666666666,22.02139846041056,0
2013-08-24,04:22:33,8.533333333333333,17.817234848484848,0
2013-08-24,04:27:33,8.8,17.884019122678396,0.2
2013-08-24,04:32:33,8.2,20.019473973607038,0.2
2013-08-24,04:37:33,9.933333333333334,18.017473118279568,0.06666666666666668
2013-08-24,04:42:33,8.533333333333333,19.819235703812314,0
2013-08-24,04:47:33,8.466666666666667,18.15099075431737,0
2013-08-24,04:52:33,8.733333333333334,20.820274315738025,0
2013-08-24,04:57:33,8.4,21.354077570055395,0
2013-08-24,05:02:33,11.733333333333333,20.15290251303356,0.06666666666666668
2013-08-24,05:07:33,8.866666666666667,20.219635874877813,0
2013-08-24,05:12:33,9.2,19.285432449494948,0.3333333333333333
2013-08-24,05:17:33,9.666666666666666,30.362865041544474,0.06666666666666668
2013-08-24,05:22:33,8.266666666666666,20.553302684099055,0
2013-08-24,05:27:33,10.866666666666667,20.219635874877813,0
2013-08-24,05:32:33,8.133333333333333,18.150914385793413,0
2013-08-24,05:37:33,8.4,18.8850068222548,0.06666666666666668
2013-08-24,05:42:33,9.0,19.285368809058323,0
2013-08-24,05:47:33,8.6,21.754503197295538,0
2013-08-24,05:52:33,8.8,22.95566552623004,0.26666666666666666
2013-08-24,05:57:33,9.066666666666666,27.626886302541543,0.2
2013-08-24,06:02:33,11.6,25.82516190127077,0.06666666666666668
2013-08-24,06:07:33,8.466666666666667,23.022398888074292,0.06666666666666668
2013-08-24,06:12:33,9.533333333333333,22.888919436298472,0.06666666666666668
2013-08-24,06:17:33,8.466666666666667,27.226549771912673,0
2013-08-24,06:22:33,8.666666666666666,20.086169151189313,0
2013-08-24,06:27:33,9.133333333333333,19.685768980123814,0.26666666666666666
2013-08-24,06:32:34,8.666666666666666,27.15972731345715,0
2013-08-24,06:37:34,13.466666666666667,21.42082365998696,0.26666666666666666
2013-08-24,06:42:34,10.0,20.820197947214076,0
2013-08-24,06:47:34,10.0,18.55136546920821,0
2013-08-24,06:52:34,8.6,19.285368809058323,0
2013-08-24,06:57:34,8.466666666666667,18.95174018409906,0
2013-08-24,07:02:34,11.333333333333332,20.886969493320297,0.06666666666666668
2013-08-24,07:07:34,8.4,21.887969920984034,0.06666666666666668
2013-08-24,07:12:34,8.733333333333334,18.217673203812318,0.06666666666666668
2013-08-24,07:17:34,8.533333333333333,20.753502769631805,0
2013-08-24,07:22:34,8.6,17.350139499837084,0
2013-08-24,07:27:34,8.4,15.61517391658521,0
2013-08-24,07:32:34,8.133333333333333,15.681958190778753,0
2013-08-24,07:37:34,10.4,16.68285679374389,0.06666666666666668
2013-08-24,07:42:34,8.133333333333333,19.218635447214076,0
2013-08-24,07:47:34,8.266666666666666,16.883082335451288,0
2013-08-24,07:52:34,8.533333333333333,18.217711388074292,0
2013-08-24,07:57:34,10.666666666666668,16.749602883675465,0
2013-08-24,08:02:34,11.666666666666668,20.553315412186375,0.06666666666666668
2013-08-24,08:07:34,11.066666666666668,22.95566552623004,0
2013-08-24,08:12:34,10.133333333333333,23.95664049771912,0.06666666666666668
2013-08-24,08:17:34,8.8,27.89380702183122,0
2013-08-24,08:22:34,8.4,17.88399366650375,0
2013-08-24,08:27:34,8.866666666666667,17.083256964809383,0
2013-08-24,08:32:34,10.266666666666667,29.1617154406973,0
2013-08-24,08:37:35,8.733333333333334,21.354077570055395,0
2013-08-24,08:42:35,8.2,20.01944851743239,0
2013-08-24,08:47:35,9.733333333333334,15.948878910068427,0.2
2013-08-24,08:52:35,8.333333333333334,15.081332478005862,0
2013-08-24,08:57:35,12.6,20.353102598566313,0.2
2013-08-24,09:02:35,11.6,34.233323659986965,0.06666666666666668
2013-08-24,09:07:35,8.866666666666667,26.49243187927664,0
2013-08-24,09:12:35,8.733333333333334,23.42282451531443,0.06666666666666668
2013-08-24,09:17:35,8.933333333333334,22.955678254317363,0
2013-08-24,09:22:35,8.933333333333334,19.218635447214076,0
2013-08-24,09:27:35,8.2,16.415872434017594,0
2013-08-24,09:32:35,8.333333333333334,15.748602456011728,0
2013-08-24,09:37:35,8.733333333333334,19.885969065656564,0
2013-08-24,09:42:34,8.466666666666667,20.086169151189313,0
2013-08-24,09:47:34,8.866666666666667,16.61614888807429,0.3333333333333333
2013-08-24,09:52:34,9.0,20.686807592049526,0.26666666666666666
2013-08-24,09:57:34,8.4,27.56016566878462,0
2013-08-24,10:02:35,11.733333333333333,18.351139927500817,0.06666666666666668
2013-08-24,10:07:35,8.866666666666667,19.218635447214076,0.06666666666666668
2013-08-24,10:12:35,9.733333333333334,21.087156850765716,0.26666666666666666
2013-08-24,10:17:35,8.6,23.823135589768658,0.2
2013-08-24,10:22:35,9.2,20.55326449983708,0.13333333333333333
2013-08-24,10:27:35,10.866666666666667,16.883056879276637,0.06666666666666668
2013-08-24,10:32:35,8.0,15.281519835451284,0
2013-08-24,10:37:35,8.333333333333334,16.88304415118931,0.26666666666666666
2013-08-24,10:42:35,10.533333333333333,19.485594350765727,0
2013-08-24,10:47:35,8.266666666666666,18.751514642391655,0
2013-08-24,10:52:35,9.0,17.016498146790482,0.13333333333333333
2013-08-24,10:57:35,9.6,19.151902085369827,0.5333333333333333
2013-08-24,11:02:35,13.0,23.422735418703162,0.26666666666666666
2013-08-24,11:07:35,8.666666666666666,25.224548916585203,0.26666666666666666
2013-08-24,11:12:35,11.933333333333332,21.55425219941349,0.06666666666666668
2013-08-24,11:17:35,9.2,25.49150782013685,0.13333333333333333
2013-08-24,11:22:35,8.533333333333333,19.95270242750081,0
2013-08-24,11:27:35,8.6,17.683806309058326,0.13333333333333333
2013-08-24,11:32:35,8.866666666666667,18.084206480123818,0.13333333333333333
2013-08-24,11:37:35,8.4,18.017473118279568,0
2013-08-24,11:42:35,8.466666666666667,19.75250234196807,0
2013-08-24,11:47:35,8.666666666666666,21.487569749918542,0.13333333333333333
2013-08-24,11:52:35,8.133333333333333,21.754465013033567,0
2013-08-24,11:57:35,8.333333333333334,19.218648175301407,0
2013-08-24,12:02:35,11.533333333333333,21.35411575431737,0.06666666666666668
2013-08-24,12:07:35,8.466666666666667,26.559203425382854,0
2013-08-24,12:12:35,8.8,23.289319607363964,0.26666666666666666
2013-08-24,12:17:35,8.6,24.757402655588137,0
2013-08-24,12:22:35,8.933333333333334,21.28735693629847,0
2013-08-24,12:27:35,8.6,22.221611274030625,0
2013-08-24,12:32:35,8.733333333333334,20.286369236722056,0.4666666666666667
2013-08-24,12:37:35,9.133333333333333,18.084219208211145,0
2013-08-24,12:42:35,9.6,20.01944851743239,0.2
2013-08-24,12:47:35,8.333333333333334,21.354077570055395,0
2013-08-24,12:52:35,8.133333333333333,17.950803396871944,0
2013-08-24,12:57:35,8.466666666666667,17.950739756435325,0.13333333333333333
2013-08-24,13:02:35,11.4,20.753528225806452,0.06666666666666668
2013-08-24,13:07:35,9.066666666666666,20.6867439516129,0
2013-08-24,13:12:36,8.8,19.61903561827957,0.06666666666666668
2013-08-24,13:17:36,8.866666666666667,20.353115326653633,0.13333333333333333
2013-08-24,13:22:36,8.866666666666667,20.35312805474096,0
2013-08-24,13:27:36,9.2,18.150939841968068,0.06666666666666668
2013-08-24,13:32:36,8.733333333333334,19.552340440697293,0.2
2013-08-24,13:37:36,9.2,19.01849900211795,0.4666666666666667
2013-08-24,13:42:36,8.4,19.752553254317366,0.06666666666666668
2013-08-24,13:47:36,10.6,17.350139499837084,0.06666666666666668
2013-08-24,13:52:36,8.4,18.15092711388074,0
2013-08-24,13:57:36,8.333333333333334,17.083256964809383,0
2013-08-24,14:02:36,12.733333333333333,17.483644407787548,0.06666666666666668
2013-08-24,14:07:36,9.0,21.621036473607038,0.13333333333333333
2013-08-24,14:12:36,9.8,22.021360276148584,0.06666666666666668
2013-08-24,14:17:36,8.733333333333334,27.02632423020528,0.3333333333333333
2013-08-24,14:22:36,8.933333333333334,21.621036473607038,0.06666666666666668
2013-08-24,14:27:36,8.733333333333334,20.286369236722056,0.2
2013-08-24,14:32:36,8.066666666666666,20.019435789345064,0
2013-08-24,14:37:36,8.266666666666666,19.485594350765727,0
2013-08-24,14:42:36,8.6,21.82119837487781,0
2013-08-24,14:47:36,8.2,15.615186644672532,0
2013-08-24,14:52:36,9.0,18.618124287227108,0.13333333333333333
2013-08-24,14:57:36,8.2,20.21964860296514,0
2013-08-24,15:02:36,11.866666666666667,24.42372311827957,0.26666666666666666
2013-08-24,15:07:36,9.266666666666666,24.423761302541543,0.06666666666666668
2013-08-24,15:12:36,10.333333333333332,18.751565554740957,0.06666666666666668
2013-08-24,15:17:36,9.466666666666667,23.222637157869013,0.13333333333333333
2013-08-24,15:22:36,11.2,23.28928142310199,0.2
2013-08-24,15:27:36,8.466666666666667,27.426686217008793,0
2013-08-24,15:32:36,8.533333333333333,20.15290251303356,0.2
2013-08-24,15:37:36,8.266666666666666,20.219597690615835,0
2013-08-24,15:42:36,10.533333333333333,17.41687286168133,0
2013-08-24,15:47:36,9.866666666666667,18.017485846366892,0.26666666666666666
2013-08-24,15:52:37,9.066666666666666,19.819273888074292,0.4
2013-08-24,15:57:37,8.6,19.685768980123814,0.06666666666666668
2013-08-24,16:02:37,11.533333333333333,22.62203690127077,0.2
2013-08-24,16:07:37,8.466666666666667,20.620036045943305,0.06666666666666668
2013-08-24,16:12:37,9.466666666666667,20.15292796920821,0.3333333333333333
2013-08-24,16:17:37,8.4,25.224561644672534,0.13333333333333333
2013-08-24,16:22:37,8.6,18.81823527614858,0
2013-08-24,16:27:37,8.6,19.418873717008797,0.3333333333333333
2013-08-24,16:32:37,10.8,18.88496863799283,0.26666666666666666
2013-08-24,16:37:37,8.0,17.21671096041056,0
2013-08-24,16:42:37,8.0,16.482669436298465,0
2013-08-24,16:47:37,9.8,18.084206480123818,0
2013-08-24,16:52:37,8.466666666666667,16.816310789345064,0
2013-08-24,16:57:37,8.733333333333334,19.152003910068427,0
2013-08-24,17:02:37,12.333333333333332,26.225562072336267,0.26666666666666666
2013-08-24,17:07:37,8.266666666666666,26.42572397360704,0
2013-08-24,17:12:37,8.933333333333334,20.620036045943305,0.06666666666666668
2013-08-24,17:17:37,8.2,20.82023613147605,0
2013-08-24,17:22:37,9.266666666666666,18.351101743238843,0.13333333333333333
2013-08-24,17:27:37,8.333333333333334,19.218635447214076,0
2013-08-24,17:32:37,8.4,15.815386730205278,0.06666666666666668
2013-08-24,17:37:37,9.2,17.817273032746826,0.2
2013-08-24,17:42:37,8.0,20.219597690615835,0
2013-08-24,17:47:37,8.0,16.48268216438579,0
2013-08-24,17:52:37,8.066666666666666,18.084168295861847,0
2013-08-24,17:57:37,8.266666666666666,16.482656708211145,0
2013-08-24,18:02:37,12.2,19.619073802541546,0.2
2013-08-24,18:07:37,8.266666666666666,25.091082192896714,0.13333333333333333
2013-08-24,18:12:37,9.4,21.08713139459107,0.26666666666666666
2013-08-24,18:17:37,8.066666666666666,25.29124409416748,0
2013-08-24,18:22:37,8.133333333333333,18.951701999837077,0
2013-08-24,18:27:37,9.8,18.21766047572499,0.13333333333333333
2013-08-24,18:32:37,8.2,21.287369664385793,0
2013-08-24,18:37:38,10.666666666666668,22.555265355164543,0.13333333333333333
2013-08-24,18:42:37,18.733333333333334,17.68383176523298,0.6666666666666666
2013-08-24,18:47:37,26.73333333333333,22.021436644672534,1.4
2013-08-24,18:52:37,32.06666666666666,24.223624857445426,1.7333333333333334
2013-08-24,18:57:37,39.4,28.42768664467253,1.8
2013-08-24,19:02:37,46.86666666666667,40.50613239247311,2.0
2013-08-24,19:07:37,59.53333333333333,91.55593230694036,3.8666666666666663
2013-08-24,19:12:37,64.73333333333333,79.87792491446726,3.2666666666666666
2013-08-24,19:17:37,42.73333333333333,74.67283724340177,2.1333333333333333
2013-08-24,19:22:37,46.4,54.25291218637992,2.466666666666667
2013-08-24,19:27:37,44.26666666666667,47.04587457233627,2.6666666666666665
2013-08-24,19:32:37,46.8,39.97227822580645,2.333333333333333
2013-08-24,19:37:37,44.4,35.6347242587162,2.2666666666666666
2013-08-24,19:42:37,46.6,40.77306583985011,2.6
2013-08-24,19:47:37,46.86666666666667,39.90554486396219,2.333333333333333
2013-08-24,19:52:37,43.33333333333333,39.37170342538286,2.2666666666666666
2013-08-24,19:57:37,45.53333333333333,40.70634520609319,2.533333333333333
2013-08-24,20:02:37,51.73333333333333,40.97326592538286,2.8
2013-08-24,20:07:37,43.73333333333333,45.310832620560454,2.333333333333333
2013-08-24,20:12:37,43.8,39.171490611762785,2.2666666666666666
2013-08-24,20:17:37,35.2,65.39714178071033,1.8
2013-08-24,20:22:37,32.06666666666666,40.973240469208214,1.6
2013-08-24,20:27:37,23.333333333333336,34.50021892310199,1.0666666666666669
2013-08-24,20:32:38,18.6,29.1617154406973,0.8
2013-08-24,20:37:38,14.866666666666667,27.3599783113392,0.3333333333333333
2013-08-24,20:42:38,11.866666666666667,24.290345491202345,0.2
2013-08-24,20:47:38,9.333333333333334,22.82218607445422,0.06666666666666668
2013-08-24,20:52:38,9.133333333333333,21.687769835451284,0.13333333333333333
2013-08-24,20:57:38,8.0,23.155865611762792,0
2013-08-24,21:02:38,11.6,26.759365326653633,0.26666666666666666
2013-08-24,21:07:38,8.2,28.89480744949495,0.13333333333333333
2013-08-24,21:12:38,9.2,23.556278510915604,0.06666666666666668
2013-08-24,21:17:38,7.4,26.425749429781682,0
2013-08-24,21:22:38,7.6,17.35019041218638,0
2013-08-24,21:27:38,7.2666666666666675,14.680919578853043,0
2013-08-24,21:32:38,6.666666666666666,17.15000305474096,0
2013-08-24,21:37:38,6.8,17.95076521260997,0
2013-08-24,21:42:38,7.466666666666666,13.679931879276635,0.06666666666666668
2013-08-24,21:47:38,7.8,14.814386302541543,0.2
2013-08-24,21:52:38,11.133333333333333,18.217685931899645,0.13333333333333333
2013-08-24,21:57:38,6.8,16.415986986803517,0.06666666666666668
2013-08-24,22:02:38,9.8,21.354077570055395,0.26666666666666666
2013-08-24,22:07:38,7.2666666666666675,27.560178396871947,0.06666666666666668
2013-08-24,22:12:38,7.2,17.950739756435325,0.06666666666666668
2013-08-24,22:17:38,7.0,23.022360703812318,0.13333333333333333
2013-08-24,22:22:38,6.866666666666666,17.149977598566306,0.13333333333333333
2013-08-24,22:27:38,6.8,16.34920271260997,0.13333333333333333
2013-08-24,22:32:38,7.0,14.881132392473118,0
2013-08-24,22:37:38,6.866666666666666,15.348215013033562,0.2
2013-08-24,22:42:38,6.7333333333333325,14.881145120560447,0
2013-08-24,22:47:38,6.2,16.282469350765723,0
2013-08-24,22:52:38,6.866666666666666,17.550377769631805,0
2013-08-24,22:57:39,6.8,17.6838444933203,0
2013-08-24,23:02:39,10.266666666666667,19.75256598240469,0.06666666666666668
2013-08-24,23:07:39,6.933333333333334,21.020398032746822,0
2013-08-24,23:12:39,6.466666666666666,17.817273032746826,0.06666666666666668
2013-08-24,23:17:39,6.8,19.819235703812314,0
2013-08-24,23:22:39,6.466666666666666,17.68381903714565,0
2013-08-24,23:27:39,6.933333333333334,16.082269265232974,0.26666666666666666
2013-08-24,23:32:39,7.066666666666666,21.020436217008797,0.3333333333333333
2013-08-24,23:37:39,6.7333333333333325,17.08328242098403,0
2013-08-24,23:42:39,7.0,16.21576144509612,0.13333333333333333
2013-08-24,23:47:39,6.7333333333333325,15.148053111762794,0
2013-08-24,23:52:39,7.0,16.74961561176279,0
2013-08-24,23:57:39,6.866666666666666,16.88304415118931,0
2013-08-25,00:02:39,9.8,21.954690554740957,0.06666666666666668
2013-08-25,00:07:39,6.333333333333334,23.55624032665363,0
2013-08-25,00:12:39,6.6,19.75250234196807,0.13333333333333333
2013-08-25,00:17:39,6.7333333333333325,28.29421992098404,0.06666666666666668
2013-08-25,00:22:39,6.6,19.352102170902576,0
2013-08-25,00:27:39,6.2,15.41499928722711,0
2013-08-25,00:32:39,6.7333333333333325,16.482669436298465,0
2013-08-25,00:37:39,6.133333333333334,13.346290526230046,0
2013-08-25,00:42:39,8.4,15.681869094167483,0.06666666666666668
2013-08-25,00:47:39,6.6,20.019473973607038,0
2013-08-25,00:52:39,6.866666666666666,17.8173621293581,0
2013-08-25,00:57:39,6.866666666666666,14.747691124959273,0
2013-08-25,01:02:39,10.133333333333333,19.68578170821114,0.2
2013-08-25,01:07:39,6.933333333333334,20.419810504235908,0.2
2013-08-25,01:12:39,8.266666666666666,23.155840155588145,0.13333333333333333
2013-08-25,01:17:39,6.7333333333333325,32.63179934424894,0
2013-08-25,01:22:39,7.066666666666666,20.553302684099055,0
2013-08-25,01:27:39,6.666666666666666,16.349189984522646,0
2013-08-25,01:32:39,11.714285714285715,30.958735904552437,0.8571428571428571
2013-08-25,01:37:39,6.6,46.64544894509611,1.0
2013-08-25,01:42:39,7.0,21.687744379276637,1.2
2013-08-25,01:47:39,6.666666666666666,16.682831337569244,0.8
2013-08-25,01:52:39,6.2,15.948789813457148,0
2013-08-25,01:57:40,6.533333333333334,16.0155740876507,0
2013-08-25,02:02:40,30.53333333333333,21.020461673183444,0.13333333333333333
2013-08-25,02:07:40,6.466666666666666,23.42276087487781,0
2013-08-25,02:12:40,7.066666666666666,17.750552398989896,0.13333333333333333
2013-08-25,02:17:40,6.933333333333334,32.2313737170088,0
2013-08-25,02:22:40,6.4,17.8173112170088,0
2013-08-25,02:27:40,6.4,17.21669823232323,0
2013-08-25,02:32:40,6.0,16.88304415118931,0
2013-08-25,02:37:40,6.7333333333333325,15.148091296024763,0
2013-08-25,02:42:40,6.466666666666666,15.281558019713259,0
2013-08-25,02:47:40,6.066666666666666,16.883031423101986,0
2013-08-25,03:07:40,6.4,19.218635447214076,0
2013-08-25,03:12:40,6.2,19.01843536168133,0.06666666666666668
2013-08-25,03:17:40,6.866666666666666,21.420836388074292,0
2013-08-25,03:22:40,6.533333333333334,17.08328242098403,0
2013-08-25,03:27:40,6.8,18.684844920984034,0
2013-08-25,03:32:40,6.133333333333334,16.749602883675465,0
2013-08-25,03:37:40,6.2666666666666675,16.816348973607038,0
2013-08-25,03:42:40,6.8,16.682844065656564,0
2013-08-25,03:47:40,6.8,18.61807337487781,0.13333333333333333
2013-08-25,03:52:41,6.333333333333334,14.814386302541543,0
2013-08-25,03:57:41,6.333333333333334,13.813424059139784,0
2013-08-25,04:02:41,10.0,20.753515497719125,0.06666666666666668
2013-08-25,04:07:41,6.333333333333334,21.220559934017594,0.13333333333333333
2013-08-25,04:12:41,6.7333333333333325,15.414986559139784,0.06666666666666668
2013-08-25,04:17:41,6.2666666666666675,15.615186644672532,0
2013-08-25,04:22:41,7.066666666666666,16.81632351743239,0
2013-08-25,04:27:41,6.8,16.415948802541543,0
2013-08-25,04:32:41,6.666666666666666,13.613223973607038,0
2013-08-25,04:37:41,6.0,13.27955716438579,0
2013-08-25,04:42:41,6.2857142857142865,15.801083996648513,0
2013-08-25,04:47:41,6.133333333333334,17.01651087487781,0
2013-08-25,04:52:41,6.7333333333333325,16.015586815738025,0
2013-08-25,04:57:41,6.2,16.415948802541543,0
2013-08-25,05:02:41,9.666666666666666,18.684832192896714,0.2
2013-08-25,05:07:41,6.857142857142858,17.946016726888704,0
2013-08-25,05:12:41,6.7333333333333325,17.416834677419356,0.06666666666666668
2013-08-25,05:17:41,6.4,22.02139846041056,0
2013-08-25,05:22:41,6.466666666666666,17.01651087487781,0
2013-08-25,05:27:41,7.0,18.41791147360704,0
2013-08-25,05:32:41,6.0,16.21573598892147,0
2013-08-25,05:37:41,6.533333333333334,17.88399366650375,0
2013-08-25,05:42:41,6.333333333333334,16.949777513033563,0
2013-08-25,05:47:41,6.2,19.819273888074292,0
2013-08-25,05:52:41,6.533333333333334,17.01658724340176,0
2013-08-25,05:57:41,6.466666666666666,15.481719920984036,0
2013-08-25,06:02:41,9.666666666666666,22.42179863147605,0.13333333333333333
2013-08-25,06:07:41,6.7333333333333325,25.15781555474096,0
2013-08-25,06:12:42,6.8,17.01651087487781,0.06666666666666668
2013-08-25,06:17:42,6.4,19.285394265232974,0
2013-08-25,06:22:42,6.466666666666666,15.28146892310199,0
2013-08-25,06:27:42,6.533333333333334,15.748615184099055,0
2013-08-25,06:32:42,6.333333333333334,14.947878482404692,0
2013-08-25,06:37:42,6.466666666666666,13.880157420984032,0
2013-08-25,06:42:42,6.533333333333334,16.54937734196807,0
2013-08-25,06:47:42,7.133333333333334,17.01651087487781,0.06666666666666668
2013-08-25,06:52:42,6.2666666666666675,16.616174344248943,0
2013-08-25,06:57:42,6.4,16.482669436298465,0.13333333333333333
2013-08-25,07:02:42,9.733333333333334,22.955640070055388,0.06666666666666668
2013-08-25,07:07:42,6.533333333333334,21.48755702183122,0
2013-08-25,07:12:42,7.2666666666666675,18.28436838139459,0.06666666666666668
2013-08-25,07:17:42,6.466666666666666,20.953702855164543,0
2013-08-25,07:22:42,6.666666666666666,17.15000305474096,0.06666666666666668
2013-08-25,07:27:42,6.666666666666666,15.681920006516778,0
2013-08-25,07:32:42,6.0,15.214786473607036,0
2013-08-25,07:37:42,6.133333333333334,15.148053111762794,0
2013-08-25,07:42:42,6.6,17.01651087487781,0
2013-08-25,07:47:42,6.2666666666666675,17.68381903714565,0
2013-08-25,07:52:42,6.2,16.149040811339198,0
2013-08-25,07:57:42,6.533333333333334,15.54842782665363,0
2013-08-25,08:02:42,9.333333333333334,20.62007423020528,0.06666666666666668
2013-08-25,08:07:42,6.466666666666666,20.686731223525577,0
2013-08-25,08:12:42,7.4,20.21964860296514,0.13333333333333333
2013-08-25,08:17:42,7.142857142857142,33.89018260805056,0
2013-08-25,08:22:42,6.4,20.353102598566313,0
2013-08-25,08:27:42,6.7333333333333325,15.548453282828284,0
2013-08-25,08:32:42,6.533333333333334,17.75052694281525,0
2013-08-25,08:37:42,7.533333333333334,16.082294721407624,0.13333333333333333
2013-08-25,08:42:42,6.533333333333334,16.883031423101986,0
2013-08-25,08:47:42,6.4,16.94975205685891,0
2013-08-25,08:52:42,6.533333333333334,17.61711113147605,0
2013-08-25,08:57:42,9.2,19.552314984522642,0.13333333333333333
2013-08-25,09:02:42,12.533333333333333,46.37854095389377,0.26666666666666666
2013-08-25,09:07:42,6.2666666666666675,28.627899458292603,0
2013-08-25,09:12:42,6.0,18.551327284946233,0.06666666666666668
2013-08-25,09:17:43,6.357142857142858,16.015529539345064,0
2013-08-25,09:22:43,6.0,16.88306960736396,0
2013-08-25,09:27:43,6.6,18.417898745519715,0
2013-08-25,09:32:43,7.0,19.151927541544477,0.2
2013-08-25,09:37:43,6.866666666666666,15.882107363962206,0
2013-08-25,09:42:43,16.2,27.62689903062887,0.3333333333333333
2013-08-25,09:47:43,24.53333333333333,28.6278485459433,0.8
2013-08-25,09:52:43,33.6,27.56011475643533,1.0666666666666669
2013-08-25,09:57:43,44.2,35.56797816878462,1.3333333333333333
2013-08-25,10:02:43,50.93333333333333,47.84664945829261,1.6666666666666667
2013-08-25,10:07:43,50.26666666666667,41.10673264907136,1.8
2013-08-25,10:12:43,56.13333333333333,34.09988239247312,1.8666666666666667
2013-08-25,10:17:43,56.0,34.70044446480939,1.8666666666666667
2013-08-25,10:22:43,56.8,36.36875305474096,1.8666666666666667
2013-08-25,10:27:43,53.86666666666667,35.70143216438579,1.8666666666666667
2013-08-25,10:32:43,57.73333333333333,35.234298631476044,1.9333333333333331
2013-08-25,10:37:43,59.46666666666667,35.36777808325187,2.066666666666667
2013-08-25,10:42:43,62.33333333333333,35.36777808325187,2.1333333333333333
2013-08-25,10:47:43,58.73333333333333,46.64547440127077,2.333333333333333
2013-08-25,10:52:43,58.0,40.63962457233627,2.066666666666667
2013-08-25,10:57:43,62.2,44.44331164467253,2.2666666666666666
2013-08-25,11:02:43,62.8,64.0625,2.0
2013-08-25,11:07:43,64.53333333333333,72.60415393857936,2.2666666666666666
2013-08-25,11:12:43,58.6,63.528633105246,2.0
2013-08-25,11:17:43,59.0,55.38734115347018,2.1333333333333333
2013-08-25,11:22:43,60.8,47.1126079341805,2.066666666666667
2013-08-25,11:27:43,63.33333333333333,44.109606651189296,2.2
2013-08-25,11:32:44,59.73333333333333,47.246074657869016,2.066666666666667
2013-08-25,11:37:44,63.4,46.712169578853036,2.2
2013-08-25,11:42:44,54.73333333333333,47.04583638807429,1.9333333333333331
2013-08-25,11:47:44,46.46666666666667,45.844674059139784,1.6
2013-08-25,11:52:44,35.6,40.63958638807429,1.0
2013-08-25,11:57:44,24.266666666666666,36.6356610459433,0.8666666666666667
2013-08-25,12:02:44,21.53333333333333,36.035098973607035,0.6666666666666666
2013-08-25,12:07:44,15.2,34.83389846041056,0.13333333333333333
2013-08-25,12:12:44,13.4,22.822198802541543,0.5333333333333333
2013-08-25,12:17:44,11.133333333333333,18.28440656565656,0.2
2013-08-25,12:22:44,12.066666666666668,18.818311644672534,0.06666666666666668
2013-08-25,12:27:44,10.6,18.88496863799283,0.2
2013-08-25,12:32:44,9.733333333333334,18.48459392310199,0
2013-08-25,12:37:44,9.8,18.48456846692734,0
2013-08-25,12:42:44,8.333333333333334,18.68476855246008,0
2013-08-25,12:47:44,7.933333333333334,17.350139499837084,0.13333333333333333
2013-08-25,12:52:44,8.857142857142854,18.374935086754643,0
2013-08-25,12:57:43,7.2666666666666675,16.81632351743239,0
2013-08-25,13:02:43,12.066666666666668,21.887906280547412,0.2
2013-08-25,13:07:43,8.2,26.02534925871619,0.13333333333333333
2013-08-25,13:12:43,7.2,18.28436838139459,0.2
2013-08-25,13:17:43,7.066666666666666,19.685832620560447,0
2013-08-25,13:22:43,7.133333333333334,16.282482078853043,0
2013-08-25,13:27:43,7.066666666666666,16.01554863147605,0.13333333333333333
2013-08-25,13:32:43,7.0,17.750539670902572,0
2013-08-25,13:37:43,7.133333333333334,17.216685504235908,0
2013-08-25,13:42:43,7.2666666666666675,16.749577427500814,0.3333333333333333
2013-08-25,13:47:43,6.8,17.350177684099055,0
2013-08-25,13:52:43,6.4,16.54940279814272,0
2013-08-25,13:57:43,6.7333333333333325,15.882120092049526,0
2013-08-25,14:02:43,11.266666666666667,33.76620285516455,0.13333333333333333
2013-08-25,14:07:43,6.866666666666666,26.559177969208214,0
2013-08-25,14:12:43,6.8,18.48456846692734,0.26666666666666666
2013-08-25,14:17:43,7.0,17.683806309058326,0
2013-08-25,14:22:43,7.333333333333334,17.81728576083415,0
2013-08-25,14:27:43,6.666666666666666,15.214773745519711,0
2013-08-25,14:32:43,6.866666666666666,17.683857221407624,0
2013-08-25,14:37:44,6.533333333333334,17.01653633105246,0
2013-08-25,14:42:44,6.7333333333333325,14.547491039426522,0
2013-08-25,14:47:44,6.2,16.81632351743239,0
2013-08-25,14:52:44,6.666666666666666,17.8172603046595,0
2013-08-25,14:57:44,7.333333333333334,17.6170856753014,0
2013-08-25,15:02:44,10.466666666666667,26.49243187927664,0.06666666666666668
2013-08-25,15:07:44,7.7333333333333325,23.62294823232323,0.13333333333333333
2013-08-25,15:12:44,6.066666666666666,17.350126771749753,0.06666666666666668
2013-08-25,15:17:44,7.0,15.081294293743891,0.13333333333333333
2013-08-25,15:22:44,7.0,12.879144265232977,0
2013-08-25,15:27:44,6.8,15.081319749918537,0
2013-08-25,15:32:44,6.533333333333334,16.48268216438579,0
2013-08-25,15:37:44,6.533333333333334,20.41988687275985,0
2013-08-25,15:42:44,6.8,18.81827346041056,0
2013-08-25,15:47:44,6.8,15.681907278429454,0
2013-08-25,15:52:44,6.7333333333333325,15.748653368361035,0.06666666666666668
2013-08-25,15:57:44,6.666666666666666,17.683780852883675,0.2
2013-08-25,16:02:44,10.666666666666668,29.028261445096128,0.26666666666666666
2013-08-25,16:07:44,6.933333333333334,21.754490469208214,0.06666666666666668
2013-08-25,16:12:44,6.466666666666666,18.551327284946233,0.06666666666666668
2013-08-25,16:17:44,7.466666666666666,19.218660903388727,0.13333333333333333
2013-08-25,16:22:44,8.333333333333334,16.082269265232974,0.13333333333333333
2013-08-25,16:27:44,6.866666666666666,17.75061603942652,0.13333333333333333
2013-08-25,16:32:44,6.933333333333334,17.216685504235908,0
2013-08-25,16:37:44,6.7333333333333325,17.750539670902572,0
2013-08-25,16:42:44,6.333333333333334,14.414011587650696,0
2013-08-25,16:47:44,6.466666666666666,16.349228168784617,0
2013-08-25,16:52:44,7.066666666666666,16.61612343189964,0.06666666666666668
2013-08-25,16:57:44,6.7333333333333325,16.4159233463669,0
2013-08-25,17:02:44,10.8,26.559203425382854,0.2
2013-08-25,17:07:44,6.666666666666666,21.22058539019224,0.06666666666666668
2013-08-25,17:12:44,7.133333333333334,16.949790241120883,0.2
2013-08-25,17:17:44,6.6,19.01843536168133,0.06666666666666668
2013-08-25,17:22:44,6.533333333333334,19.885969065656564,0.2
2013-08-25,17:27:44,6.2,16.749577427500814,0
2013-08-25,17:32:44,6.466666666666666,18.08418102394917,0
2013-08-25,17:37:44,6.666666666666666,19.685807164385793,0
2013-08-25,17:42:44,6.0,19.3521148989899,0
2013-08-25,17:47:44,6.4,19.018448089768654,0.13333333333333333
2013-08-25,17:52:44,6.2666666666666675,15.815374002117952,0
2013-08-25,17:57:45,6.333333333333334,16.4159233463669,0
2013-08-25,18:02:45,10.0,26.358965155588137,0.06666666666666668
2013-08-25,18:07:45,6.066666666666666,25.55821572580645,0
2013-08-25,18:12:45,6.666666666666666,17.083256964809383,0.06666666666666668
2013-08-25,18:17:45,6.466666666666666,14.413973403388724,0
2013-08-25,18:22:45,6.466666666666666,16.4159233463669,0.06666666666666668
2013-08-25,18:27:45,6.6,16.54939007005539,0
2013-08-25,18:32:45,6.466666666666666,14.947865754317363,0.13333333333333333
2013-08-25,18:37:45,6.333333333333334,16.215723260834146,0
2013-08-25,18:42:45,6.2,16.883018695014663,0
2013-08-25,18:47:45,6.4,15.88209463587488,0.06666666666666668
2013-08-25,18:52:45,6.2666666666666675,16.816285333170416,0.13333333333333333
2013-08-25,18:57:45,6.6,18.41783510508309,0.06666666666666668
2013-08-25,19:02:45,9.933333333333334,25.55821572580645,0.2
2013-08-25,19:07:45,6.333333333333334,24.5572025700554,0
2013-08-25,19:12:45,6.466666666666666,18.150914385793413,0.06666666666666668
2013-08-25,19:17:45,6.6,17.61711113147605,0
2013-08-25,19:22:45,6.8,17.08323150863474,0.2
2013-08-25,19:27:45,6.466666666666666,18.88499409416748,0
2013-08-25,19:32:45,6.333333333333334,18.55136546920821,0
2013-08-25,19:37:45,6.533333333333334,21.220636302541546,0.06666666666666668
2013-08-25,19:42:45,6.066666666666666,17.75051421472792,0
2013-08-25,19:47:45,6.2666666666666675,16.14905353942653,0
2013-08-25,19:52:45,6.6,15.281519835451284,0.06666666666666668
2013-08-25,19:57:45,6.666666666666666,17.08323150863474,0
2013-08-25,20:02:45,11.333333333333332,35.56797816878462,0.2
2013-08-25,20:07:45,7.0,28.427661188497886,0.3333333333333333
2013-08-25,20:12:45,7.066666666666666,19.61903561827957,0.26666666666666666
2013-08-25,20:17:45,6.6,17.283393409905507,0
2013-08-25,20:22:45,6.0,17.617123859563375,0
2013-08-25,20:27:45,6.666666666666666,16.215685076572175,0
2013-08-25,20:32:45,6.4,16.682831337569244,0
2013-08-25,20:37:46,6.7333333333333325,16.749577427500814,0
2013-08-25,20:42:46,6.2666666666666675,17.41689831785598,0
2013-08-25,20:47:46,6.2666666666666675,13.880157420984032,0
2013-08-25,20:52:46,7.066666666666666,14.080357506516783,0
2013-08-25,20:57:46,6.7333333333333325,15.748602456011728,0
2013-08-25,21:02:46,10.466666666666667,26.492457335451284,0.06666666666666668
2013-08-25,21:07:46,6.2,20.086169151189313,0.06666666666666668
2013-08-25,21:12:46,6.466666666666666,17.016472690615835,0.06666666666666668
2013-08-25,21:17:46,6.7333333333333325,19.285368809058323,0
2013-08-25,21:22:46,6.533333333333334,19.95270242750081,0.3333333333333333
2013-08-25,21:27:46,6.533333333333334,17.149977598566306,0
2013-08-25,21:32:46,6.4,14.947865754317363,0.13333333333333333
2013-08-25,21:37:46,6.6,14.080357506516783,0.26666666666666666
2013-08-25,21:42:46,7.066666666666666,13.679957335451284,0
2013-08-25,21:47:46,6.2,17.41689831785598,0
2013-08-25,21:52:46,6.466666666666666,18.75154009856631,0
2013-08-25,21:57:46,6.533333333333334,16.415961530628874,0
2013-08-25,22:02:46,10.533333333333333,21.287395120560443,0.06666666666666668
2013-08-25,22:07:46,7.0,21.887931736722066,0.13333333333333333
2013-08-25,22:12:46,6.7333333333333325,20.620036045943305,0.06666666666666668
2013-08-25,22:17:46,6.8,17.884019122678396,0.13333333333333333
2013-08-25,22:22:46,6.666666666666666,16.949790241120883,0
2013-08-25,22:27:46,7.066666666666666,18.150965298142715,0.06666666666666668
2013-08-25,22:32:46,6.7333333333333325,19.68578170821114,0
2013-08-25,22:37:46,6.2,16.482656708211145,0
2013-08-25,22:42:46,6.333333333333334,17.750539670902572,0
2013-08-25,22:47:46,6.0,16.883056879276637,0
2013-08-25,22:52:46,6.0,19.151927541544477,0
2013-08-25,22:57:46,6.6,22.888970348647767,0
2013-08-25,23:02:46,9.8,26.75942896709026,0.06666666666666668
2013-08-25,23:07:46,6.6,24.35710430922125,0.13333333333333333
2013-08-25,23:12:46,6.6,19.61903561827957,0.06666666666666668
2013-08-25,23:17:46,6.2,16.816310789345064,0
2013-08-25,23:22:46,6.533333333333334,19.1519402696318,0
2013-08-25,23:27:46,6.7333333333333325,19.218635447214076,0
2013-08-25,23:32:46,6.4,20.68676940778755,0
2013-08-25,23:37:46,6.133333333333334,21.621036473607038,0
2013-08-25,23:42:46,6.8,17.08321878054741,0.06666666666666668
2013-08-25,23:47:46,6.066666666666666,17.08328242098403,0
2013-08-25,23:52:46,6.866666666666666,18.751527370478986,0
2013-08-25,23:57:46,6.4,20.620036045943305,0.13333333333333333
2013-08-26,00:02:46,10.2,25.825123717008797,0.06666666666666668
2013-08-26,00:07:46,6.066666666666666,21.821236559139784,0.2
2013-08-26,00:12:47,6.866666666666666,18.017434934017594,0.06666666666666668
2013-08-26,00:17:47,6.933333333333334,18.351152655588137,0.26666666666666666
2013-08-26,00:22:47,6.4,17.950727028347995,0
2013-08-26,00:27:47,6.466666666666666,21.08716957885305,0
2013-08-26,00:32:47,7.533333333333334,19.95270242750081,0.26666666666666666
2013-08-26,00:37:47,6.933333333333334,19.819235703812314,0
2013-08-26,00:42:47,6.2,17.416834677419356,0
2013-08-26,00:47:47,6.6,18.951701999837077,0
2013-08-26,00:52:47,6.666666666666666,19.01843536168133,0
2013-08-26,00:57:47,6.4,19.08516872352558,0
2013-08-26,01:02:47,10.266666666666667,28.894794721407624,0.13333333333333333
2013-08-26,01:07:47,6.933333333333334,23.823199230205276,0
2013-08-26,01:12:47,9.266666666666666,18.217673203812318,0.13333333333333333
2013-08-26,01:17:47,6.333333333333334,17.21671096041056,0.13333333333333333
2013-08-26,01:22:47,6.7333333333333325,22.421836815738025,0
2013-08-26,01:27:47,6.4,19.685768980123814,0
2013-08-26,01:32:47,12.066666666666668,36.168552969208214,0.9333333333333332
2013-08-26,01:37:47,6.0,44.44331164467253,1.1333333333333333
2013-08-26,01:42:47,6.0,19.819235703812314,1.4666666666666666
2013-08-26,01:47:47,6.6,16.61612343189964,0.6666666666666666
2013-08-26,01:52:47,6.066666666666666,16.616110703812318,0
2013-08-26,01:57:47,6.533333333333334,14.947853026230042,0.2
2013-08-26,02:02:47,30.0,33.032186787227104,0.26666666666666666
2013-08-26,02:07:47,6.2,28.29421992098404,0
2013-08-26,02:12:47,6.866666666666666,18.35112719941349,0.06666666666666668
2013-08-26,02:17:47,6.533333333333334,16.015586815738025,0.13333333333333333
2013-08-26,02:22:47,6.7333333333333325,16.81632351743239,0
2013-08-26,02:27:47,6.6,16.54937734196807,0
2013-08-26,02:32:47,6.6,18.751501914304335,0
2013-08-26,02:37:47,6.533333333333334,13.946878054740958,0
2013-08-26,02:42:47,6.933333333333334,16.082281993320297,0
2013-08-26,02:47:47,6.533333333333334,15.615186644672532,0
2013-08-26,02:52:47,7.0,16.415948802541543,0
2013-08-26,02:57:47,6.7333333333333325,17.35019041218638,0
2013-08-26,03:02:47,10.266666666666667,25.55816481345715,0.06666666666666668
2013-08-26,03:07:47,6.933333333333334,20.353089870478986,0
2013-08-26,03:12:47,6.2,16.883005966927335,0.06666666666666668
2013-08-26,03:17:47,6.6,18.084231936298472,0
2013-08-26,03:22:47,6.333333333333334,16.21578690127077,0
2013-08-26,03:27:47,6.666666666666666,12.545490184099053,0.2
2013-08-26,03:32:48,7.466666666666666,17.884044578853043,0.13333333333333333
2013-08-26,03:37:48,6.4,19.819235703812314,0
2013-08-26,03:42:48,6.4,15.815374002117952,0
2013-08-26,03:47:48,6.6,16.349266353046595,0
2013-08-26,03:52:48,6.466666666666666,16.149015355164554,0
2013-08-26,03:57:48,6.4,18.618060646790482,0
2013-08-26,04:02:48,10.466666666666667,23.489519692896703,0.2
2013-08-26,04:07:48,6.4,20.353089870478986,0
2013-08-26,04:12:48,6.4,16.88306960736396,0.06666666666666668
2013-08-26,04:17:48,6.4,17.483606223525573,0
2013-08-26,04:22:48,7.8,19.552340440697293,0.06666666666666668
2013-08-26,04:27:48,6.6,18.017536758716197,0
2013-08-26,04:32:48,6.2666666666666675,15.481719920984036,0
2013-08-26,04:37:48,6.2,14.947891210492015,0
2013-08-26,04:42:48,6.2,14.280557592049526,0
2013-08-26,04:47:48,6.466666666666666,15.548440554740958,0
2013-08-26,04:52:48,6.333333333333334,16.94972660068426,0
2013-08-26,04:57:48,6.666666666666666,19.485568894591072,0
2013-08-26,05:02:48,10.0,28.29416900863474,0.13333333333333333
2013-08-26,05:07:48,6.7333333333333325,20.41982323232323,0
2013-08-26,05:12:48,6.4,16.949841153470185,0.06666666666666668
2013-08-26,05:17:48,6.066666666666666,16.282494806940374,0
2013-08-26,05:22:48,6.0,15.681894550342133,0
2013-08-26,05:27:48,7.333333333333334,17.817298488921473,0.13333333333333333
2013-08-26,05:32:48,6.6,16.54940279814272,0.06666666666666668
2013-08-26,05:37:48,6.4,15.348227741120882,0
2013-08-26,05:42:48,6.6,17.01651087487781,0
2013-08-26,05:47:48,6.6,20.219635874877813,0
2013-08-26,05:52:48,6.866666666666666,15.28153256353861,0
2013-08-26,05:57:48,6.4,15.815386730205278,0.13333333333333333
2013-08-26,06:02:48,10.133333333333333,26.158803254317363,0.06666666666666668
2013-08-26,06:07:48,6.2,22.221624002117956,0
2013-08-26,06:12:48,6.8,15.615186644672532,0.06666666666666668
2013-08-26,06:17:48,6.7333333333333325,14.480757677582274,0.13333333333333333
2013-08-26,06:22:48,6.8,16.148977170902572,0
2013-08-26,06:27:48,6.933333333333334,20.286381964809383,0.26666666666666666
2013-08-26,06:32:48,6.8,20.419810504235908,0
2013-08-26,06:37:49,6.666666666666666,18.351139927500817,0.06666666666666668
2013-08-26,06:42:49,6.2,16.682920434180513,0
2013-08-26,06:47:49,6.7333333333333325,15.882081907787555,0
2013-08-26,06:52:49,6.333333333333334,14.280544863962202,0
2013-08-26,06:57:49,8.0,16.949777513033563,0
2013-08-26,07:02:49,11.266666666666667,36.702419863962206,0.13333333333333333
2013-08-26,07:07:48,6.866666666666666,25.958603168784617,0
2013-08-26,07:12:48,6.466666666666666,18.150914385793413,0.06666666666666668
2013-08-26,07:17:48,6.666666666666666,20.9537283113392,0
2013-08-26,07:22:48,6.6,19.55230225643532,0
2013-08-26,07:27:48,6.8,16.349215440697296,0
2013-08-26,07:32:48,6.466666666666666,16.61614888807429,0.06666666666666668
2013-08-26,07:37:48,6.6,15.148053111762794,0
2013-08-26,07:42:48,6.4,15.348253197295536,0
2013-08-26,07:47:48,6.333333333333334,14.881119664385793,0
2013-08-26,07:52:48,6.466666666666666,17.48365713587488,0
2013-08-26,07:57:48,6.933333333333334,18.217724116161616,0.06666666666666668
2013-08-26,08:02:48,11.266666666666667,28.227499287227108,0.13333333333333333
2013-08-26,08:07:48,6.533333333333334,23.88990713587488,0
2013-08-26,08:12:48,6.6,19.01851173020528,0.06666666666666668
2013-08-26,08:17:48,6.8,20.019435789345064,0
2013-08-26,08:22:49,9.066666666666666,18.150914385793413,0.06666666666666668
2013-08-26,08:27:49,6.466666666666666,14.280557592049526,0
2013-08-26,08:32:49,6.533333333333334,18.818248004235905,0
2013-08-26,08:37:49,7.0,18.41783510508309,0
2013-08-26,08:42:49,10.133333333333333,18.818248004235905,0.06666666666666668
2013-08-26,08:47:49,7.4,31.363878197295534,0.06666666666666668
2013-08-26,08:52:49,6.933333333333334,18.818286188497886,0
2013-08-26,08:57:49,6.8,16.749590155588137,0
2013-08-26,09:02:49,10.666666666666668,23.35605296920821,0.13333333333333333
2013-08-26,09:07:49,7.133333333333334,21.220598118279568,0.26666666666666666
2013-08-26,09:12:49,6.2,15.148040383675465,0.06666666666666668
2013-08-26,09:17:49,6.2666666666666675,14.4807194933203,0.13333333333333333
2013-08-26,09:22:49,7.066666666666666,15.615186644672532,0.26666666666666666
2013-08-26,09:27:49,6.466666666666666,18.01746039019224,0.06666666666666668
2013-08-26,09:32:49,7.6,20.553302684099055,0.2
2013-08-26,09:37:49,9.466666666666667,23.222560789345064,0.06666666666666668
2013-08-26,09:42:49,7.066666666666666,24.023399315738025,0.06666666666666668
2013-08-26,09:47:49,6.7333333333333325,20.019435789345064,0.06666666666666668
2013-08-26,09:52:49,6.7333333333333325,19.41884826083415,0.06666666666666668
2013-08-26,09:57:49,8.866666666666667,19.619073802541546,0.13333333333333333
2013-08-26,10:02:49,10.666666666666668,31.430611559139788,0.26666666666666666
2013-08-26,10:07:49,8.866666666666667,28.027286473607038,0.2
2013-08-26,10:12:49,14.266666666666667,18.017473118279568,0.3333333333333333
2013-08-26,10:17:50,7.6,18.95172745601173,0.4666666666666667
2013-08-26,10:22:50,7.0,19.08516872352558,0.2
2013-08-26,10:27:50,6.666666666666666,20.886969493320297,0.13333333333333333
2013-08-26,10:32:50,6.866666666666666,21.020398032746822,0.3333333333333333
2013-08-26,10:37:50,7.2,18.618035190615835,0.3333333333333333
2013-08-26,10:42:50,6.6,21.020436217008797,0.26666666666666666
2013-08-26,10:47:50,6.7333333333333325,18.017511302541543,0.2
2013-08-26,10:52:50,6.4,17.416923774030632,0
2013-08-26,10:57:50,7.133333333333334,20.620036045943305,0.2
2013-08-26,11:02:50,11.2,28.16074046920821,0.3333333333333333
2013-08-26,11:07:50,6.933333333333334,28.42764846041056,0
2013-08-26,11:12:50,6.666666666666666,17.617072947214076,0.2
2013-08-26,11:17:50,6.7333333333333325,19.28538153714565,0.13333333333333333
2013-08-26,11:22:50,6.4,18.55131455685891,0.13333333333333333
2013-08-26,11:27:50,7.0,20.68676940778755,0.4
2013-08-26,11:32:50,6.2,15.681881822254804,0.13333333333333333
2013-08-26,11:37:50,6.933333333333334,17.75052694281525,0.2
2013-08-26,11:42:50,6.4,16.015586815738025,0.13333333333333333
2013-08-26,11:47:50,6.333333333333334,16.015586815738025,0
2013-08-26,11:52:50,6.2,14.881157848647767,0.06666666666666668
2013-08-26,11:57:50,6.933333333333334,14.814386302541543,0
2013-08-26,12:02:50,10.666666666666668,24.35702794069729,0.3333333333333333
2013-08-26,12:07:50,7.2,23.222560789345064,0.26666666666666666
2013-08-26,12:12:50,6.8,18.017473118279568,0.2
2013-08-26,12:17:50,6.8,15.815386730205278,0.26666666666666666
2013-08-26,12:22:50,6.6,18.351139927500817,0.06666666666666668
2013-08-26,12:27:50,7.133333333333334,15.615224828934506,0.5333333333333333
2013-08-26,12:32:50,6.6,15.615148460410555,0.13333333333333333
2013-08-26,12:37:50,6.7333333333333325,15.014624572336267,0.2
2013-08-26,12:42:50,6.4,16.215710532746826,0.2
2013-08-26,12:47:51,10.133333333333333,17.149977598566306,0.7333333333333333
2013-08-26,12:52:51,6.6,21.287331480123818,0.06666666666666668
2013-08-26,12:57:51,6.4,18.417847833170413,0
2013-08-26,13:02:51,10.333333333333332,27.226486131476047,0.2
2013-08-26,13:07:51,6.769230769230768,24.40833486070381,0.07692307692307693
2013-08-26,13:12:51,6.538461538461537,19.711435657756223,0.2307692307692308
2013-08-26,13:17:51,6.7333333333333325,18.35112719941349,0
2013-08-26,13:22:51,6.6,18.284381109481913,0
2013-08-26,13:27:51,7.6,18.618111559139784,0.3333333333333333
2013-08-26,13:32:51,6.333333333333334,18.618060646790482,0.06666666666666668
2013-08-26,13:37:51,7.133333333333334,20.21966133105246,0.26666666666666666
2013-08-26,13:42:51,7.666666666666666,21.687757107363957,0.8666666666666667
2013-08-26,13:47:51,6.7333333333333325,19.95270242750081,0.4
2013-08-26,13:52:51,6.4,18.084206480123818,0.13333333333333333
2013-08-26,13:57:51,7.133333333333334,19.218635447214076,0.4666666666666667
2013-08-26,14:02:51,10.933333333333332,25.091044008634732,0.13333333333333333
2013-08-26,14:07:51,6.2666666666666675,28.361004195177582,0
2013-08-26,14:12:51,6.8,19.485594350765727,0
2013-08-26,14:17:51,6.466666666666666,19.15191481345715,0.26666666666666666
2013-08-26,14:22:51,6.7333333333333325,18.017473118279568,0.13333333333333333
2013-08-26,14:27:51,6.4,16.682831337569244,0.06666666666666668
2013-08-26,14:32:51,6.333333333333334,15.615186644672532,0
2013-08-26,14:37:51,6.933333333333334,16.883056879276637,0.6
2013-08-26,14:42:51,6.866666666666666,17.416860133594,0.2
2013-08-26,14:47:51,6.2666666666666675,17.8173112170088,0
2013-08-26,14:52:51,6.2666666666666675,14.68093230694037,0
2013-08-26,14:57:51,6.466666666666666,14.747678396871947,0.2
2013-08-26,15:02:51,11.466666666666667,30.6298112170088,0.4
2013-08-26,15:07:51,6.4,26.425698517432387,0
2013-08-26,15:12:52,6.2666666666666675,19.218635447214076,0.13333333333333333
2013-08-26,15:17:52,7.0,17.083269692896707,0.26666666666666666
2013-08-26,15:22:52,8.4,18.017511302541543,0.7333333333333333
2013-08-26,15:27:52,6.666666666666666,19.3521148989899,0.4
2013-08-26,15:32:52,8.066666666666666,22.822236986803517,1.2666666666666666
2013-08-26,15:37:52,7.0,18.48459392310199,0.2
2013-08-26,15:42:52,7.066666666666666,18.017511302541543,0.4
2013-08-26,15:47:52,8.266666666666666,18.551301828771585,0.9333333333333332
2013-08-26,15:52:52,8.133333333333333,18.68476855246008,0.4666666666666667
2013-08-26,15:57:52,6.7333333333333325,16.48270762056044,0
2013-08-26,16:02:52,10.933333333333332,26.55921615347018,0.7333333333333333
2013-08-26,16:07:52,7.133333333333334,21.95467782665363,0
2013-08-26,16:12:51,7.4,18.81823527614858,0.6666666666666666
2013-08-26,16:17:51,6.7333333333333325,18.217635019550343,0
2013-08-26,16:22:51,6.933333333333334,16.949841153470185,0.4
2013-08-26,16:27:51,7.333333333333334,16.74961561176279,0.5333333333333333
2013-08-26,16:32:51,6.6,16.082281993320297,0.26666666666666666
2013-08-26,16:37:51,6.7333333333333325,17.683857221407624,0
2013-08-26,16:42:51,7.7333333333333325,19.151902085369827,0.8
2013-08-26,16:47:51,6.333333333333334,18.017498574454216,0
2013-08-26,16:52:51,7.0,18.017549486803517,0.2
2013-08-26,16:57:51,7.133333333333334,15.882120092049526,0.2
2013-08-26,17:02:51,13.666666666666668,23.22258624551971,1.2666666666666666
2013-08-26,17:07:51,7.466666666666666,26.225523888074292,0.26666666666666666
2013-08-26,17:12:51,7.533333333333334,17.617072947214076,0.5333333333333333
2013-08-26,17:17:51,7.133333333333334,19.6190483463669,0.2
2013-08-26,17:22:51,7.2666666666666675,20.419835960410555,0.6666666666666666
2013-08-26,17:27:51,8.266666666666666,19.61903561827957,0.26666666666666666
2013-08-26,17:32:51,6.333333333333334,17.617072947214076,0.13333333333333333
2013-08-26,17:37:51,6.333333333333334,17.016498146790482,0
2013-08-26,17:42:51,6.466666666666666,20.620036045943305,0.13333333333333333
2013-08-26,17:47:52,6.7333333333333325,19.619073802541546,0.3333333333333333
2013-08-26,17:52:52,6.4,15.481719920984036,0.13333333333333333
2013-08-26,17:57:52,6.6,16.34920271260997,0
2013-08-26,18:02:52,11.0,29.295156708211145,0.7333333333333333
2013-08-26,18:07:52,6.866666666666666,26.625924059139788,0.3333333333333333
2013-08-26,18:12:52,6.4,16.682844065656564,0.13333333333333333
2013-08-26,18:17:52,6.333333333333334,15.615161188497881,0.13333333333333333
2013-08-26,18:22:52,7.933333333333334,19.819248431899638,0.6
2013-08-26,18:27:52,6.7333333333333325,19.61903561827957,0.13333333333333333
2013-08-26,18:32:52,6.866666666666666,19.685768980123814,0.2
2013-08-26,18:37:52,7.0,18.01746675423591,0.3333333333333333
2013-08-26,18:42:52,7.2,16.61609797572499,0.13333333333333333
2013-08-26,18:47:52,7.2,16.61609797572499,0.13333333333333333
2013-08-26,18:52:52,6.666666666666666,18.084168295861847,0
2013-08-26,18:57:52,6.7333333333333325,18.017473118279568,0.06666666666666668
2013-08-26,19:02:52,10.533333333333333,25.424723545943305,0.06666666666666668
2013-08-26,19:07:52,6.466666666666666,25.424761730205276,0
2013-08-26,19:12:52,6.6,18.81823527614858,0.2
2013-08-26,19:17:52,7.2666666666666675,16.682831337569244,0.4666666666666667
2013-08-26,19:22:52,7.8,17.617072947214076,0.3333333333333333
2013-08-26,19:27:52,6.7333333333333325,18.417873289345064,0.2
2013-08-26,19:32:52,6.533333333333334,16.415948802541543,0.13333333333333333
2013-08-26,19:37:52,6.333333333333334,17.083244236722056,0.13333333333333333
2013-08-26,19:42:52,7.7333333333333325,18.017536758716197,0.5333333333333333
2013-08-26,19:47:52,7.333333333333334,20.953702855164543,0.06666666666666668
2013-08-26,19:52:52,6.6,23.222637157869013,0
2013-08-26,19:57:52,6.4,16.616187072336267,0
2013-08-26,20:02:52,11.066666666666668,25.758403083251878,0.06666666666666668
2013-08-26,20:07:52,6.066666666666666,25.825123717008797,0
2013-08-26,20:12:52,6.666666666666666,16.616110703812318,0.2
2013-08-26,20:17:52,6.7333333333333325,17.149964870478982,0.06666666666666668
2013-08-26,20:22:52,6.466666666666666,16.94980296920821,0.06666666666666668
2013-08-26,20:27:52,7.666666666666666,17.21674914467253,0.4
2013-08-26,20:32:52,6.2666666666666675,15.41494837487781,0
2013-08-26,20:37:52,6.666666666666666,17.083269692896707,0
2013-08-26,20:42:52,8.8,20.286369236722056,0.13333333333333333
2013-08-26,20:47:52,6.8,17.21671096041056,0.2
2013-08-26,20:52:52,6.666666666666666,18.28440656565656,0.13333333333333333
2013-08-26,20:57:53,6.2,20.219635874877813,0
2013-08-26,21:02:53,10.266666666666667,25.691695177582275,0.06666666666666668
2013-08-26,21:07:53,7.4,25.55821572580645,0.4
2013-08-26,21:12:53,6.7333333333333325,20.019435789345064,0.3333333333333333
2013-08-26,21:17:53,6.8,17.08323150863474,0
2013-08-26,21:22:53,6.8,18.217673203812318,0.4
2013-08-26,21:27:53,6.2,19.218635447214076,0
2013-08-26,21:32:53,6.8,18.951701999837077,0
2013-08-26,21:37:53,6.6,18.618047918703166,0
2013-08-26,21:42:53,6.4,21.887969920984034,0
2013-08-26,21:47:53,6.6,18.351139927500817,0.2
2013-08-26,21:52:53,6.7333333333333325,19.885969065656564,0
2013-08-26,21:57:53,7.666666666666666,20.753502769631805,0.3333333333333333
2013-08-26,22:02:53,10.2,25.6917079056696,0.06666666666666668
2013-08-26,22:07:53,6.466666666666666,25.09112037715869,0
2013-08-26,22:12:53,6.533333333333334,18.818260732323232,0.06666666666666668
2013-08-26,22:17:53,6.8,19.21867363147605,0.13333333333333333
2013-08-26,22:22:53,6.866666666666666,15.948789813457148,0
2013-08-26,22:27:53,6.6,16.883031423101986,0
2013-08-26,22:32:53,7.066666666666666,16.54939007005539,0.13333333333333333
2013-08-26,22:37:53,7.066666666666666,18.41783510508309,0.06666666666666668
2013-08-26,22:42:53,6.466666666666666,19.619073802541546,0.2
2013-08-26,22:47:53,6.4,18.88499409416748,0
2013-08-26,22:52:53,6.4,17.41694923020528,0
2013-08-26,22:57:53,6.2,15.882081907787555,0
2013-08-26,23:02:53,10.933333333333332,23.42272269061584,8.4
2013-08-26,23:07:53,6.2,23.222598973607038,0
2013-08-26,23:12:53,7.2666666666666675,16.883095063538615,0.4666666666666667
2013-08-26,23:17:53,6.466666666666666,19.75252779814272,0.13333333333333333
2013-08-26,23:22:53,7.6,19.885969065656564,0.3333333333333333
2013-08-26,23:27:53,6.533333333333334,18.684794008634732,0.13333333333333333
2013-08-26,23:32:53,6.2,16.94975205685891,0
2013-08-26,23:37:53,6.666666666666666,17.950727028347995,0.06666666666666668
2013-08-26,23:42:54,6.2666666666666675,17.6170856753014,0
2013-08-26,23:47:54,6.533333333333334,18.084168295861847,0.13333333333333333
2013-08-26,23:52:54,6.866666666666666,17.483669863962202,0.3333333333333333
2013-08-26,23:57:54,6.666666666666666,15.014586388074292,0.13333333333333333
2013-08-27,00:02:54,14.4,23.42276087487781,0.26666666666666666
2013-08-27,00:07:54,6.6,23.689668866080158,0.06666666666666668
2013-08-27,00:12:54,6.866666666666666,19.285368809058323,0.06666666666666668
2013-08-27,00:17:54,6.466666666666666,18.084168295861847,0
2013-08-27,00:22:54,7.066666666666666,17.483669863962202,0.26666666666666666
2013-08-27,00:27:54,6.7333333333333325,16.349228168784617,0.06666666666666668
2013-08-27,00:32:54,6.6,16.749590155588137,0
2013-08-27,00:37:54,6.2,17.283444322254805,0.13333333333333333
2013-08-27,00:42:54,6.2,16.415961530628874,0
2013-08-27,00:47:54,6.8,17.483631679700228,0
2013-08-27,00:52:54,6.666666666666666,17.21671096041056,0
2013-08-27,00:57:54,6.6,19.151952997719125,0
2013-08-27,01:02:54,10.066666666666666,25.224536188497886,0.2
2013-08-27,01:07:54,6.2,24.757415383675465,0
2013-08-27,01:12:54,6.0,17.750565127077223,0.06666666666666668
2013-08-27,01:17:54,6.2666666666666675,16.415948802541543,0.13333333333333333
2013-08-27,01:22:54,6.6,16.749628339850116,0
2013-08-27,01:27:54,6.133333333333334,19.552340440697293,0
2013-08-27,01:32:54,11.733333333333333,36.769115041544474,0.9333333333333332
2013-08-27,01:37:54,6.7333333333333325,43.04193650211796,1.3333333333333333
2013-08-27,01:42:54,6.866666666666666,21.087156850765716,0.2
2013-08-27,01:47:54,6.6,17.95070157217334,0.2
2013-08-27,01:52:54,6.4,15.214773745519711,0
2013-08-27,01:57:54,6.333333333333334,15.081294293743891,0.13333333333333333
2013-08-27,02:02:54,32.666666666666664,28.828061359563378,0.2
2013-08-27,02:07:54,6.6,28.828074087650702,0
2013-08-27,02:12:54,6.066666666666666,17.08321878054741,0.06666666666666668
2013-08-27,02:17:54,6.8,14.747678396871947,0
2013-08-27,02:22:54,6.666666666666666,18.150939841968068,0.13333333333333333
2013-08-27,02:27:54,6.533333333333334,17.61711113147605,0
2013-08-27,02:32:54,6.066666666666666,16.282520263115018,0
2013-08-27,02:37:54,6.4,14.680957763115018,0
2013-08-27,02:42:54,6.4,16.68285679374389,0
2013-08-27,02:47:54,6.466666666666666,17.283495234604107,0
2013-08-27,02:52:54,6.2666666666666675,15.882056451612902,0
2013-08-27,02:57:54,6.2666666666666675,16.082307449494948,0
2013-08-27,03:02:54,11.266666666666667,26.826098688497872,0.06666666666666668
2013-08-27,03:07:54,6.533333333333334,28.094019835451284,0
2013-08-27,03:12:54,6.333333333333334,18.484619379276637,0.06666666666666668
2013-08-27,03:17:54,7.466666666666666,15.481719920984036,0
2013-08-27,03:22:54,6.666666666666666,17.216672776148584,0
2013-08-27,03:27:54,6.533333333333334,15.281519835451284,0
2013-08-27,03:32:54,6.533333333333334,16.015586815738025,0
2013-08-27,03:37:54,6.2,14.881132392473118,0
2013-08-27,03:42:54,6.2666666666666675,18.81823527614858,0
2013-08-27,03:47:54,6.2,18.351114471326166,0
2013-08-27,03:52:54,6.066666666666666,17.016549059139784,0
2013-08-27,03:57:54,6.466666666666666,14.881094208211145,0
2013-08-27,04:02:54,10.733333333333333,22.088170006516787,1.2
2013-08-27,04:07:54,6.2,24.02336113147605,0
2013-08-27,04:12:54,6.4,16.415948802541543,0.06666666666666668
2013-08-27,04:17:54,20.266666666666666,14.747640212609973,0.26666666666666666
2013-08-27,04:22:54,7.6,18.55131455685891,0
2013-08-27,04:27:54,6.333333333333334,17.81728576083415,0
2013-08-27,04:32:55,6.666666666666666,17.283418866080154,0
2013-08-27,04:37:55,6.333333333333334,15.014586388074292,0
2013-08-27,04:42:55,6.133333333333334,15.481669008634732,0
2013-08-27,04:47:55,6.2,16.082243809058323,0
2013-08-27,04:52:55,6.133333333333334,16.482631252036494,0
2013-08-27,04:57:55,6.133333333333334,16.215748717008797,0
2013-08-27,05:02:55,10.733333333333333,22.622011445096128,8.4
2013-08-27,05:07:55,6.2,25.624961815738022,0
2013-08-27,05:12:55,6.4,18.084193752036498,0.06666666666666668
2013-08-27,05:17:55,6.533333333333334,19.819235703812314,0
2013-08-27,05:22:55,6.666666666666666,18.81823527614858,0
2013-08-27,05:27:55,6.333333333333334,15.882081907787555,0
2013-08-27,05:32:55,6.533333333333334,16.68286952183122,0
2013-08-27,05:37:55,6.2,15.281519835451284,0
2013-08-27,05:42:55,6.666666666666666,16.68286952183122,0
2013-08-27,05:47:55,6.0,16.749602883675465,0
2013-08-27,05:52:55,6.333333333333334,17.483682592049522,0
2013-08-27,05:57:55,6.7333333333333325,18.484619379276637,0
2013-08-27,06:02:55,12.066666666666668,31.230411473607038,8.333333333333334
2013-08-27,06:07:55,6.2,31.030211388074292,0
2013-08-27,06:12:55,6.4,18.81823527614858,0.06666666666666668
2013-08-27,06:17:55,6.2666666666666675,16.015586815738025,0
2013-08-27,06:22:56,6.2,15.681869094167483,0
2013-08-27,06:27:56,6.066666666666666,17.75052694281525,0
2013-08-27,06:32:56,6.7333333333333325,17.21671096041056,0
2013-08-27,06:37:56,6.2666666666666675,15.415024743401759,0
2013-08-27,06:42:56,6.4,14.814386302541543,0.06666666666666668
2013-08-27,06:47:56,6.6,16.149040811339198,0
2013-08-27,06:52:56,7.066666666666666,18.217673203812318,0.2
2013-08-27,06:57:56,7.7333333333333325,17.21671096041056,0.3333333333333333
2013-08-27,07:02:56,10.0,23.022437072336267,0.06666666666666668
2013-08-27,07:07:56,6.7333333333333325,25.22452346041056,0.06666666666666668
2013-08-27,07:12:56,6.4,17.617072947214076,0.06666666666666668
2013-08-27,07:17:56,6.0,14.881157848647767,0
2013-08-27,07:22:56,6.666666666666666,16.215748717008797,0
2013-08-27,07:27:56,6.333333333333334,19.018473545943305,0
2013-08-27,07:32:56,6.533333333333334,16.94980296920821,0
2013-08-27,07:37:56,6.0,18.017549486803517,0
2013-08-27,07:42:56,6.7333333333333325,15.548415098566313,0
2013-08-27,07:47:56,6.0,16.415948802541543,0
2013-08-27,07:52:56,6.6,15.681920006516778,0
2013-08-27,07:57:56,6.466666666666666,17.41688558976865,0
2013-08-27,08:02:56,11.266666666666667,26.22546024763766,0.13333333333333333
2013-08-27,08:07:56,6.333333333333334,28.49439455034213,0
2013-08-27,08:12:56,6.6,18.8850068222548,0.06666666666666668
2013-08-27,08:17:56,6.2666666666666675,19.485568894591072,0
2013-08-27,08:22:56,6.466666666666666,17.083244236722056,0
2013-08-27,08:27:56,6.666666666666666,18.28440656565656,0.13333333333333333
2013-08-27,08:32:56,6.666666666666666,16.215774173183444,0
2013-08-27,08:37:56,6.933333333333334,17.150041239002935,0
2013-08-27,08:42:56,6.533333333333334,18.28443202183121,0.13333333333333333
2013-08-27,08:47:56,6.2,15.348215013033562,0
2013-08-27,08:52:56,6.066666666666666,15.414986559139784,0
2013-08-27,08:57:57,7.2666666666666675,18.351114471326166,0.4
2013-08-27,09:02:57,14.8,29.69558233545129,0.2
2013-08-27,09:07:57,6.666666666666666,37.102769122678396,0.06666666666666668
2013-08-27,09:12:57,6.666666666666666,21.22062357445422,0.13333333333333333
2013-08-27,09:17:57,6.2666666666666675,16.682844065656564,0
2013-08-27,09:22:57,6.6,17.483644407787548,0.06666666666666668
2013-08-27,09:27:57,6.866666666666666,16.816310789345064,0.06666666666666668
2013-08-27,09:32:57,6.2,17.483568039263606,0
2013-08-27,09:37:57,6.933333333333334,17.6170856753014,0.3333333333333333
2013-08-27,09:42:57,6.333333333333334,18.084231936298472,0
2013-08-27,09:47:57,7.6,19.88598179374389,0.26666666666666666
2013-08-27,09:52:57,9.266666666666666,19.685768980123814,0.26666666666666666
2013-08-27,09:57:57,6.8,20.15290251303356,0.13333333333333333
2013-08-27,10:02:57,10.866666666666667,21.888020833333332,0.06666666666666668
2013-08-27,10:07:57,7.0,24.09011994949494,0.26666666666666666
2013-08-27,10:12:57,6.6,18.41783510508309,0.06666666666666668
2013-08-27,10:17:57,6.8,18.217685931899645,0.4666666666666667
2013-08-27,10:22:57,6.866666666666666,19.55230225643532,0.2
2013-08-27,10:27:57,6.666666666666666,17.283406137992827,0.2
2013-08-27,10:32:56,7.133333333333334,17.15000305474096,0.3333333333333333
2013-08-27,10:37:56,6.2,17.35019041218638,0
2013-08-27,10:42:56,6.066666666666666,18.08425739247312,0
2013-08-27,10:47:56,6.933333333333334,18.351165383675465,0.13333333333333333
2013-08-27,10:52:56,8.0,16.883056879276637,0.4
2013-08-27,10:57:57,7.133333333333334,18.81823527614858,0.4
2013-08-27,11:02:57,11.866666666666667,25.958603168784617,1.0
2013-08-27,11:07:57,7.0,26.959578140273706,0
2013-08-27,11:12:57,6.933333333333334,20.48656932225481,0.26666666666666666
2013-08-27,11:17:57,6.666666666666666,17.14993941430433,0
2013-08-27,11:22:57,6.2,17.550339585369823,0
2013-08-27,11:27:57,6.7333333333333325,15.61517391658521,0.2
2013-08-27,11:32:57,6.666666666666666,16.949777513033563,0
2013-08-27,11:37:57,7.0,17.216685504235908,0.13333333333333333
2013-08-27,11:42:57,6.533333333333334,17.550365041544477,0
2013-08-27,11:47:57,6.533333333333334,20.419810504235908,0.13333333333333333
2013-08-27,11:52:57,7.0,16.549415526230046,0.06666666666666668
2013-08-27,11:57:57,7.4,17.350177684099055,0.2
2013-08-27,12:02:57,12.266666666666667,24.69066929374389,8.733333333333333
2013-08-27,12:07:57,6.2,23.823186502117952,0
2013-08-27,12:12:57,6.2666666666666675,18.41783510508309,0.2
2013-08-27,12:17:57,6.6,19.95271515558814,0.26666666666666666
2013-08-27,12:22:57,7.2666666666666675,19.485568894591072,0
2013-08-27,12:27:57,7.0,16.682805881394593,0.13333333333333333
2013-08-27,12:32:57,6.866666666666666,18.8850068222548,0.06666666666666668
2013-08-27,12:37:57,6.933333333333334,16.015599543825353,0
2013-08-27,12:42:57,7.2666666666666675,21.020448945096124,0.4
2013-08-27,12:47:57,8.4,22.22163673020528,0.6
2013-08-27,12:52:57,7.2,19.6190483463669,0.4666666666666667
2013-08-27,12:57:57,7.2666666666666675,17.550365041544477,0.26666666666666666
2013-08-27,13:02:57,11.333333333333332,26.22548570381231,8.533333333333333
2013-08-27,13:07:57,7.0,28.294207192896714,0.4
2013-08-27,13:12:57,6.666666666666666,17.283444322254805,0.26666666666666666
2013-08-27,13:17:57,7.0,18.684832192896714,0.06666666666666668
2013-08-27,13:22:57,7.0,18.885032278429456,0.13333333333333333
2013-08-27,13:27:57,6.6,18.48456846692734,0.26666666666666666
2013-08-27,13:32:57,6.933333333333334,18.818260732323232,0.06666666666666668
2013-08-27,13:37:57,6.333333333333334,15.882132820136851,0
2013-08-27,13:42:57,6.6,15.281558019713259,0.2
2013-08-27,13:47:57,6.4,15.348227741120882,0
2013-08-27,13:52:57,7.066666666666666,16.482631252036494,0.3333333333333333
2013-08-27,13:57:57,9.133333333333333,16.482643980123814,0.8666666666666667
2013-08-27,14:02:57,12.6,29.895731508634725,0.26666666666666666
2013-08-27,14:07:57,6.533333333333334,31.697506822254805,0
2013-08-27,14:12:57,6.866666666666666,19.151902085369827,0.26666666666666666
2013-08-27,14:17:58,6.466666666666666,20.419835960410555,0
2013-08-27,14:22:58,6.7333333333333325,20.419835960410555,0.13333333333333333
2013-08-27,14:27:58,6.7333333333333325,15.948827997719123,0
2013-08-27,14:32:58,6.466666666666666,17.550352313457154,0.2
2013-08-27,14:37:58,7.2666666666666675,17.416911045943305,0.13333333333333333
2013-08-27,14:42:58,6.4,17.483682592049522,0
2013-08-27,14:47:58,7.333333333333334,20.620048774030632,0.2
2013-08-27,14:52:58,6.8,20.152940697295534,0
2013-08-27,14:57:58,6.933333333333334,19.218648175301407,0.26666666666666666
2013-08-27,15:02:58,10.4,27.026286045943305,0.2
2013-08-27,15:07:58,6.933333333333334,27.69360693629847,0.3333333333333333
2013-08-27,15:12:58,7.0,18.150952570055388,0.3333333333333333
2013-08-27,15:17:58,8.4,17.81734940127077,1.2666666666666666
2013-08-27,15:22:58,7.333333333333334,17.283431594167478,0.13333333333333333
2013-08-27,15:27:58,7.8,17.750565127077223,0.8666666666666667
2013-08-27,15:32:58,8.933333333333334,18.48460665118931,1.1333333333333333
2013-08-27,15:37:58,7.8,18.084168295861847,0.3333333333333333
2013-08-27,15:42:58,7.0,19.68578170821114,0.4666666666666667
2013-08-27,15:47:58,6.666666666666666,21.42081093189964,0.06666666666666668
2013-08-27,15:52:58,6.666666666666666,17.550365041544477,0.3333333333333333
2013-08-27,15:57:58,6.666666666666666,17.149964870478982,0.06666666666666668
2013-08-27,16:02:58,10.466666666666667,23.422811787227104,0.06666666666666668
2013-08-27,16:07:58,7.0,28.627886730205276,0.3333333333333333
2013-08-27,16:12:58,6.666666666666666,19.08516872352558,0.06666666666666668
2013-08-27,16:17:58,7.4,17.817273032746826,0.06666666666666668
2013-08-27,16:22:58,6.866666666666666,15.615148460410555,0
2013-08-27,16:27:58,7.0,17.016472690615835,0.06666666666666668
2013-08-27,16:32:58,11.266666666666667,19.01843536168133,0.3333333333333333
2013-08-27,16:37:58,7.4,18.88496863799283,0.26666666666666666
2013-08-27,16:42:58,6.466666666666666,17.817234848484848,0.13333333333333333
2013-08-27,16:47:58,6.6,19.01843536168133,0.2
2013-08-27,16:52:58,6.866666666666666,16.015586815738025,0.3333333333333333
2013-08-27,16:57:58,6.533333333333334,17.75059058325187,0.06666666666666668
2013-08-27,17:02:58,11.0,23.689745234604104,0.7333333333333333
2013-08-27,17:07:58,6.333333333333334,25.624923631476054,0
2013-08-27,17:12:58,6.666666666666666,17.216672776148584,0.3333333333333333
2013-08-27,17:17:58,7.2,16.749602883675465,0.2
2013-08-27,17:22:58,6.533333333333334,17.883968210329098,0
2013-08-27,17:27:58,7.2,17.61711113147605,0.13333333333333333
2013-08-27,17:32:58,6.4,18.084219208211145,0
2013-08-27,17:37:59,7.6,21.954703282828277,0.13333333333333333
2013-08-27,17:42:59,7.0,18.017434934017594,0.26666666666666666
2013-08-27,17:47:59,6.6,17.8172603046595,0.13333333333333333
2013-08-27,17:52:59,6.7333333333333325,19.285406993320294,0.26666666666666666
2013-08-27,17:57:59,7.333333333333334,21.420798203812318,0.7333333333333333
2013-08-27,18:02:59,12.0,23.6896943222548,9.2
2013-08-27,18:07:59,6.8,27.827048203812314,0.13333333333333333
2013-08-27,18:12:59,7.6,20.82023613147605,0.6
2013-08-27,18:17:59,7.133333333333334,19.218635447214076,0.4
2013-08-27,18:22:59,7.2666666666666675,20.620036045943305,0.3333333333333333
2013-08-27,18:27:59,6.2,18.68480673672206,0.13333333333333333
2013-08-27,18:32:59,6.4,18.084193752036498,0
2013-08-27,18:37:59,6.8,17.016549059139784,0.4
2013-08-27,18:42:59,7.2,15.882081907787555,0.2
2013-08-27,18:47:59,7.4,19.619073802541546,0.4
2013-08-27,18:52:59,6.333333333333334,16.94980296920821,0
2013-08-27,18:57:59,8.2,18.217711388074292,1.0
2013-08-27,19:02:59,12.2,27.69360693629847,9.533333333333333
2013-08-27,19:07:59,6.466666666666666,33.83293621700879,0.13333333333333333
2013-08-27,19:12:59,6.933333333333334,22.2215985459433,0.06666666666666668
2013-08-27,19:17:59,7.2,20.886969493320297,0
2013-08-27,19:22:59,6.933333333333334,20.620036045943305,0.13333333333333333
2013-08-27,19:27:59,6.6,21.020436217008797,0
2013-08-27,19:32:59,6.2666666666666675,19.61903561827957,0
2013-08-27,19:37:59,6.4,16.282469350765723,0
2013-08-27,19:42:59,6.466666666666666,18.751527370478986,0.26666666666666666
2013-08-27,19:47:59,6.8,21.420836388074292,0.06666666666666668
2013-08-27,19:52:59,7.2666666666666675,17.216672776148584,0.26666666666666666
2013-08-27,19:57:59,7.133333333333334,18.017473118279568,0.26666666666666666
2013-08-27,20:02:59,13.466666666666667,27.76030211388074,1.0666666666666669
2013-08-27,20:07:59,6.8,34.83397482893451,0.26666666666666666
2013-08-27,20:12:59,6.866666666666666,19.018473545943305,0.06666666666666668
2013-08-27,20:17:59,7.533333333333334,18.818260732323232,0.2
2013-08-27,20:22:59,7.0,17.750565127077223,0
2013-08-27,20:27:59,6.466666666666666,17.817273032746826,0
2013-08-27,20:32:59,6.933333333333334,14.814386302541543,0.13333333333333333
2013-08-27,20:37:59,6.933333333333334,14.881119664385793,0
2013-08-27,20:42:59,6.066666666666666,16.282494806940374,0
2013-08-27,20:47:59,6.333333333333334,17.08323150863474,0.06666666666666668
2013-08-27,20:52:59,6.933333333333334,18.217698659986965,0.2
2013-08-27,20:57:59,6.7333333333333325,17.416936502117956,0.13333333333333333
2013-08-27,21:02:59,11.0,27.159816410068427,0.26666666666666666
2013-08-27,21:07:59,7.0,37.30302012056045,0.06666666666666668
2013-08-27,21:12:59,7.0,21.821223831052457,0.4
2013-08-27,21:17:59,6.7333333333333325,18.81827346041056,0
2013-08-27,21:22:59,6.428571428571429,17.731502998010054,0
2013-08-27,21:27:59,6.666666666666666,14.147065412186377,0
2013-08-27,21:32:59,6.7333333333333325,15.815348545943303,0.06666666666666668
2013-08-27,21:37:59,6.4,17.350177684099055,0.2
2013-08-27,21:42:59,7.642857142857142,18.80396254451194,0.5714285714285714
2013-08-27,21:47:59,6.571428571428571,18.160503181294512,0.07142857142857142
2013-08-27,21:53:00,7.071428571428571,16.87352990591398,0.35714285714285715
2013-08-27,21:58:00,6.5,18.446503303484153,0
2013-08-27,22:03:00,10.714285714285714,21.663909217462646,0.21428571428571427
2013-08-27,22:08:00,7.071428571428571,28.956735049224967,0.21428571428571427
2013-08-27,22:13:00,6.571428571428571,17.731475723537216,0.07142857142857142
2013-08-27,22:18:00,6.866666666666666,19.218635447214076,0
2013-08-27,22:23:00,7.071428571428571,17.802948479611793,0
2013-08-27,22:28:00,6.6,18.217635019550343,0
2013-08-27,22:33:00,6.666666666666666,17.016472690615835,0.3333333333333333
2013-08-27,22:38:00,6.0,17.016549059139784,0
2013-08-27,22:43:00,6.4,15.348253197295536,0
2013-08-27,22:48:00,6.4,16.215748717008797,0.06666666666666668
2013-08-27,22:53:00,6.866666666666666,18.217673203812318,0.2
2013-08-27,22:58:00,6.666666666666666,17.41687286168133,0
2013-08-27,23:03:00,10.0,22.95565279814272,0.06666666666666668
2013-08-27,23:08:00,7.0,22.822198802541543,0.13333333333333333
2013-08-27,23:13:00,6.6,16.282520263115018,0.06666666666666668
2013-08-27,23:18:00,6.4,18.41791147360704,0
2013-08-27,23:23:00,6.533333333333334,15.615186644672532,0
2013-08-27,23:28:00,6.666666666666666,16.41591061827957,0
2013-08-27,23:33:00,10.133333333333333,18.017473118279568,0.26666666666666666
2013-08-27,23:38:00,6.7333333333333325,16.21578690127077,0.13333333333333333
2013-08-27,23:43:00,6.533333333333334,14.614224401270773,0
2013-08-27,23:48:00,6.6,16.61614888807429,0.13333333333333333
2013-08-27,23:53:00,6.866666666666666,16.616110703812318,0.13333333333333333
2013-08-27,23:58:00,6.2,16.549415526230046,0
2013-08-28,00:03:00,10.333333333333332,26.42572397360704,0.4666666666666667
2013-08-28,00:08:00,6.7333333333333325,23.622960960410555,0.13333333333333333
2013-08-28,00:13:00,6.2,16.81627260508309,0.06666666666666668
2013-08-28,00:18:00,6.7333333333333325,17.41687286168133,0.13333333333333333
2013-08-28,00:23:01,6.2,15.014624572336267,0
2013-08-28,00:28:01,6.866666666666666,15.81531036168133,0
2013-08-28,00:33:01,6.0,16.415948802541543,0
2013-08-28,00:38:01,6.466666666666666,16.282443894591072,0
2013-08-28,00:43:01,6.8,20.620036045943305,0
2013-08-28,00:48:01,6.8,18.417873289345064,0.06666666666666668
2013-08-28,00:53:01,7.666666666666666,15.815386730205278,0.06666666666666668
2013-08-28,00:58:01,6.533333333333334,18.017473118279568,0
2013-08-28,01:03:01,10.733333333333333,26.225523888074292,8.4
2013-08-28,01:08:01,6.8,27.89383247800587,0
2013-08-28,01:13:01,6.0,18.017473118279568,0.06666666666666668
2013-08-28,01:18:01,6.466666666666666,18.417873289345064,0.4
2013-08-28,01:23:01,7.133333333333334,17.21671096041056,0.13333333333333333
2013-08-28,01:28:01,6.933333333333334,19.752540526230042,0
2013-08-28,01:33:01,12.333333333333332,36.83586113147605,1.1333333333333333
2013-08-28,01:38:01,6.933333333333334,42.04097425871619,1.1333333333333333
2013-08-28,01:43:01,6.6,19.752489613880744,0
2013-08-28,01:48:01,6.533333333333334,18.28440656565656,0
2013-08-28,01:53:01,6.6,17.350164956011728,0
2013-08-28,01:58:01,6.666666666666666,21.420836388074292,0
2013-08-28,02:03:01,29.93333333333333,26.75935259856631,8.4
2013-08-28,02:08:01,6.333333333333334,29.22847425871619,0
2013-08-28,02:13:01,6.466666666666666,19.151902085369827,0.06666666666666668
2013-08-28,02:18:01,6.6,22.555303539426514,0
2013-08-28,02:23:01,6.0,17.28348250651678,0
2013-08-28,02:28:01,6.7333333333333325,21.420836388074292,0
2013-08-28,02:33:01,6.533333333333334,18.217698659986965,0.13333333333333333
2013-08-28,02:38:01,6.8,23.35605296920821,0.06666666666666668
2013-08-28,02:43:01,6.2,17.350164956011728,0
2013-08-28,02:48:01,6.666666666666666,18.08418102394917,0.4666666666666667
2013-08-28,02:53:01,6.4,17.483618951612904,0
2013-08-28,02:58:01,6.866666666666666,17.95079066878462,0
2013-08-28,03:03:01,11.4,26.025361986803517,0.13333333333333333
2013-08-28,03:08:01,6.2,34.03312357445423,0
2013-08-28,03:13:01,6.7333333333333325,19.01843536168133,0.06666666666666668
2013-08-28,03:18:01,6.6,17.08321878054741,0
2013-08-28,03:23:01,6.866666666666666,19.218648175301407,0
2013-08-28,03:28:01,6.8,17.08328242098403,0
2013-08-28,03:33:02,6.4,15.681920006516778,0.13333333333333333
2013-08-28,03:38:02,6.0,17.216685504235908,0
2013-08-28,03:43:02,6.7333333333333325,15.61519937275986,0
2013-08-28,03:48:02,6.6,17.95071430026067,0.2
2013-08-28,03:53:02,6.466666666666666,17.884019122678396,0.06666666666666668
2013-08-28,03:58:02,6.6,16.41593607445422,0.06666666666666668
2013-08-28,04:03:02,9.866666666666667,24.02334840338873,0.06666666666666668
2013-08-28,04:08:02,6.2666666666666675,25.62493635956338,0
2013-08-28,04:13:02,6.2,18.818248004235905,0.06666666666666668
2013-08-28,04:18:02,6.0,17.9507779406973,0
2013-08-28,04:23:02,6.8,15.74862791218638,0
2013-08-28,04:28:02,6.6,18.217685931899645,0
2013-08-28,04:33:02,6.4,20.353102598566313,0
2013-08-28,04:38:02,6.0,16.949790241120883,0
2013-08-28,04:43:02,6.666666666666666,14.614224401270773,0
2013-08-28,04:48:02,6.6,16.949790241120883,0
2013-08-28,04:53:02,6.133333333333334,17.016523602965133,0
2013-08-28,04:58:02,6.333333333333334,15.214761017432387,0
2013-08-28,05:03:02,10.133333333333333,23.622986416585213,0.06666666666666668
2013-08-28,05:08:02,6.533333333333334,25.024374287227115,0.06666666666666668
2013-08-28,05:13:02,6.0,18.017498574454216,0.06666666666666668
2013-08-28,05:18:02,6.333333333333334,17.016561787227115,0
2013-08-28,05:23:02,6.8,14.080319322254804,0
2013-08-28,05:28:02,6.2,13.146090440697295,0
2013-08-28,05:33:02,6.466666666666666,18.15092711388074,0
2013-08-28,05:38:02,6.7333333333333325,18.8850068222548,0
2013-08-28,05:43:02,6.533333333333334,18.15092711388074,0.13333333333333333
2013-08-28,05:48:02,6.2666666666666675,17.216723688497883,0
2013-08-28,05:53:02,6.466666666666666,17.016498146790482,0
2013-08-28,05:58:02,6.2666666666666675,18.951701999837077,0
2013-08-28,06:03:02,11.266666666666667,24.95756455685892,0.06666666666666668
2013-08-28,06:08:02,6.666666666666666,31.030236844248936,0
2013-08-28,06:13:02,6.533333333333334,18.484619379276637,0.06666666666666668
2013-08-28,06:18:02,6.333333333333334,15.214824657869015,0
2013-08-28,06:23:02,6.333333333333334,15.481719920984036,0
2013-08-28,06:28:02,6.6,20.219635874877813,0
2013-08-28,06:33:02,6.2666666666666675,18.084219208211145,0
2013-08-28,06:38:02,6.7333333333333325,15.882107363962206,0
2013-08-28,06:43:02,6.666666666666666,17.41687286168133,0
2013-08-28,06:48:02,6.6,15.948827997719123,0
2013-08-28,06:53:02,6.2,16.082269265232974,0
2013-08-28,06:58:02,6.4,15.748666096448352,0
2013-08-28,07:03:02,10.2,23.622960960410555,0.06666666666666668
2013-08-28,07:08:02,6.2,28.56117882453568,0
2013-08-28,07:13:02,6.4,20.41979777614858,0.06666666666666668
2013-08-28,07:18:02,6.0,15.948866181981098,0
2013-08-28,07:23:02,6.6,17.01651087487781,0
2013-08-28,07:28:02,6.4,16.616110703812318,0
2013-08-28,07:33:03,6.533333333333334,16.549428254317363,0.06666666666666668
2013-08-28,07:38:03,6.533333333333334,17.483644407787548,0
2013-08-28,07:43:03,6.2666666666666675,18.684794008634732,0
2013-08-28,07:48:03,6.2666666666666675,18.351190839850112,0
2013-08-28,07:53:03,6.533333333333334,17.817336673183444,0
2013-08-28,07:58:03,6.8,16.88306960736396,0.13333333333333333
2013-08-28,08:03:03,12.2,25.091082192896714,8.466666666666667
2013-08-28,08:08:03,6.6,34.03313630254154,0
2013-08-28,08:13:03,6.6,18.417873289345064,0.06666666666666668
2013-08-28,08:18:03,6.666666666666666,16.682894978005866,0.13333333333333333
2013-08-28,08:23:03,6.333333333333334,19.018473545943305,0.13333333333333333
2013-08-28,08:28:03,6.2666666666666675,19.218686359563378,0
2013-08-28,08:33:03,6.666666666666666,17.416911045943305,0.06666666666666668
2013-08-28,08:38:03,6.8,17.55039049771913,0.13333333333333333
2013-08-28,08:43:03,10.866666666666667,22.221611274030625,8.4
2013-08-28,08:48:03,6.866666666666666,36.43549914467253,0
2013-08-28,08:53:03,6.2,19.418835532746822,0
2013-08-28,08:58:03,6.866666666666666,18.81823527614858,0.3333333333333333
2013-08-28,09:03:03,10.0,20.820274315738025,0.13333333333333333
2013-08-28,09:08:03,6.533333333333334,27.02632423020528,0
2013-08-28,09:13:03,7.0,19.01843536168133,0.2
2013-08-28,09:18:03,6.533333333333334,19.285368809058323,0
2013-08-28,09:23:03,6.333333333333334,22.621960532746822,0
2013-08-28,09:28:03,6.466666666666666,15.948853453893777,0
2013-08-28,09:33:03,6.4,18.417873289345064,0.06666666666666668
2013-08-28,09:38:03,6.6,17.016549059139784,0.26666666666666666
2013-08-28,09:43:03,6.2,17.41687286168133,0
2013-08-28,09:48:03,7.2,19.01843536168133,0.2
2013-08-28,09:53:03,6.866666666666666,19.018473545943305,0
2013-08-28,09:58:03,6.6,18.017473118279568,0
2013-08-28,10:03:03,10.6,24.623999572336267,0.6
2013-08-28,10:08:03,6.866666666666666,22.621998717008797,0.3333333333333333
2013-08-28,10:13:03,6.7333333333333325,18.217635019550343,0.2
2013-08-28,10:18:03,6.2,16.01554863147605,0
2013-08-28,10:23:03,8.0,16.61614888807429,0.5333333333333333
2013-08-28,10:28:03,9.266666666666666,22.021436644672534,0.2
2013-08-28,10:33:03,6.533333333333334,23.022398888074292,0.26666666666666666
2013-08-28,10:38:03,7.066666666666666,18.618035190615835,0.2
2013-08-28,10:43:03,6.533333333333334,19.21867363147605,0.06666666666666668
2013-08-28,10:48:03,6.533333333333334,17.01651087487781,0.13333333333333333
2013-08-28,10:53:03,8.133333333333333,16.41591061827957,0.26666666666666666
2013-08-28,10:58:04,8.533333333333333,15.615186644672532,0.5333333333333333
2013-08-28,11:03:04,10.2,24.423761302541543,0.06666666666666668
2013-08-28,11:08:04,6.4,28.22748655913978,0.06666666666666668
2013-08-28,11:13:04,7.2666666666666675,19.819235703812314,0.6
2013-08-28,11:18:04,7.4,19.61903561827957,0.4
2013-08-28,11:23:04,6.533333333333334,16.94980296920821,0.13333333333333333
2013-08-28,11:28:04,8.0,19.418835532746822,0.3333333333333333
2013-08-28,11:33:04,6.933333333333334,15.548453282828284,0
2013-08-28,11:38:04,7.333333333333334,18.017434934017594,0.26666666666666666
2013-08-28,11:43:04,6.533333333333334,15.615186644672532,0.2
2013-08-28,11:48:04,6.466666666666666,17.14993941430433,0.2
2013-08-28,11:53:04,7.2,21.020436217008797,0.4666666666666667
2013-08-28,11:58:04,6.7333333333333325,18.017434934017594,0.2
2013-08-28,12:03:04,11.8,24.4237358463669,0.5333333333333333
2013-08-28,12:08:04,6.933333333333334,30.763290668784617,0.26666666666666666
2013-08-28,12:13:04,7.066666666666666,19.485568894591072,0.6
2013-08-28,12:18:04,9.4,21.420836388074292,0.3333333333333333
2013-08-28,12:23:04,8.133333333333333,39.50514469289671,0.13333333333333333
2013-08-28,12:28:04,8.533333333333333,24.82414874551971,0.6666666666666666
2013-08-28,12:33:04,8.4,21.153902940697293,1.1333333333333333
2013-08-28,12:38:04,7.4,22.421836815738025,0.06666666666666668
2013-08-28,12:43:04,7.466666666666666,23.08913224991854,0.4
2013-08-28,12:48:04,7.0,21.354103026230046,0.26666666666666666
2013-08-28,12:58:04,6.666666666666666,18.15092711388074,0.06666666666666668
2013-08-28,13:03:04,10.2,23.6896943222548,0.06666666666666668
2013-08-28,13:08:04,6.6,24.757440839850116,0.13333333333333333
2013-08-28,13:13:04,6.933333333333334,18.551301828771585,0.3333333333333333
2013-08-28,13:18:04,6.933333333333334,18.41783510508309,0.3333333333333333
2013-08-28,13:23:04,6.6,16.94980296920821,0
2013-08-28,13:28:04,6.7333333333333325,18.217685931899645,0.13333333333333333
2013-08-28,13:33:04,6.666666666666666,20.620036045943305,0.06666666666666668
2013-08-28,13:38:04,6.533333333333334,19.218660903388727,0.06666666666666668
2013-08-28,13:43:04,7.2,17.6170856753014,0.3333333333333333
2013-08-28,13:48:04,6.466666666666666,18.017498574454216,0.13333333333333333
2013-08-28,13:53:04,7.2666666666666675,16.883056879276637,0.2
2013-08-28,13:58:04,6.8,16.21573598892147,0.3333333333333333
2013-08-28,14:03:04,11.4,29.36190279814272,0.13333333333333333
2013-08-28,14:08:04,6.7333333333333325,34.63373655913979,0
2013-08-28,14:13:04,7.066666666666666,19.218635447214076,0.3333333333333333
2013-08-28,14:18:04,6.933333333333334,20.086169151189313,0.26666666666666666
2013-08-28,14:23:04,6.333333333333334,18.751501914304335,0
2013-08-28,14:28:04,6.933333333333334,18.150939841968068,0.13333333333333333
2013-08-28,14:33:04,6.666666666666666,18.284444749918542,0
2013-08-28,14:38:04,6.933333333333334,17.68383176523298,0.4
2013-08-28,14:43:04,7.0,19.352102170902576,0.26666666666666666
2013-08-28,14:48:04,6.6,19.885969065656564,0.13333333333333333
2013-08-28,14:53:04,6.4,20.286369236722056,0
2013-08-28,14:58:04,6.8,18.55136546920821,0.06666666666666668
2013-08-28,15:03:04,10.8,23.022347975724998,8.466666666666667
2013-08-28,15:08:04,6.4,22.555239898989896,0.06666666666666668
2013-08-28,15:13:04,6.7333333333333325,20.753502769631805,0.26666666666666666
2013-08-28,15:18:04,6.2,16.616136159986965,0
2013-08-28,15:23:04,7.466666666666666,17.35022859644835,0.4666666666666667
2013-08-28,15:28:04,6.466666666666666,21.487569749918542,0.06666666666666668
2013-08-28,15:33:04,6.7333333333333325,19.75250234196807,0.26666666666666666
2013-08-28,15:38:04,7.0,17.083193324372765,0.26666666666666666
2013-08-28,15:43:04,7.2,15.948815269631803,0.3333333333333333
2013-08-28,15:48:04,6.8,18.61807337487781,0.26666666666666666
2013-08-28,15:53:04,6.666666666666666,18.551327284946233,0
2013-08-28,15:58:04,7.533333333333334,16.94980296920821,0.2
2013-08-28,16:03:04,11.333333333333332,23.62294823232323,8.733333333333333
2013-08-28,16:08:04,7.066666666666666,25.424710817855978,0.3333333333333333
2013-08-28,16:13:04,7.0,17.817234848484848,0.4
2013-08-28,16:18:04,7.133333333333334,16.08225653714565,0.2
2013-08-28,16:23:04,7.6,17.88400639459107,0.26666666666666666
2013-08-28,16:28:04,6.8,18.08427012056044,0.13333333333333333
2013-08-28,16:33:05,6.866666666666666,15.61519937275986,0.26666666666666666
2013-08-28,16:38:05,9.266666666666666,16.616110703812318,0.9333333333333332
2013-08-28,16:43:05,6.4,17.817298488921473,0.06666666666666668
2013-08-28,16:48:05,6.4,18.150965298142715,0
2013-08-28,16:53:05,6.533333333333334,15.281507107363964,0.26666666666666666
2013-08-28,16:58:05,6.866666666666666,16.34920271260997,0.26666666666666666
2013-08-28,17:03:05,12.266666666666667,26.559165241120887,8.866666666666667
2013-08-28,17:08:05,6.666666666666666,30.029274600847184,0
2013-08-28,17:13:05,7.466666666666666,23.155903796024756,0.3333333333333333
2013-08-28,17:18:05,7.466666666666666,20.219635874877813,0.26666666666666666
2013-08-28,17:23:05,7.0,17.95070157217334,0.06666666666666668
2013-08-28,17:28:05,6.7333333333333325,18.551301828771585,0.2
2013-08-28,17:33:05,6.866666666666666,18.217635019550343,0.13333333333333333
2013-08-28,17:38:05,7.333333333333334,18.21766047572499,0.26666666666666666
2013-08-28,17:43:05,6.466666666666666,20.753502769631805,0.13333333333333333
2013-08-28,17:48:05,6.533333333333334,18.68480673672206,0
2013-08-28,17:53:05,6.933333333333334,19.285368809058323,0.26666666666666666
2013-08-28,17:58:05,7.066666666666666,16.749590155588137,0.4666666666666667
2013-08-28,18:03:05,10.066666666666666,21.954665098566302,0.06666666666666668
2013-08-28,18:08:05,6.866666666666666,24.223573945096117,0.4666666666666667
2013-08-28,18:13:05,6.933333333333334,18.417873289345064,0.2
2013-08-28,18:18:05,6.666666666666666,17.683793580970995,0.06666666666666668
2013-08-28,18:23:05,6.7333333333333325,20.68676940778755,0.26666666666666666
2013-08-28,18:28:05,6.2,18.884981366080154,0
2013-08-28,18:33:05,6.7333333333333325,18.284419293743888,0
2013-08-28,18:38:05,6.466666666666666,18.884981366080154,0
2013-08-28,18:43:05,6.533333333333334,19.88598179374389,0.26666666666666666
2013-08-28,18:48:05,7.0,20.82023613147605,0.3333333333333333
2013-08-28,18:53:05,6.933333333333334,18.88496863799283,0.06666666666666668
2013-08-28,18:58:05,9.333333333333334,17.883968210329098,0.8
2013-08-28,19:03:05,9.933333333333334,22.088157278429453,0.2
2013-08-28,19:08:05,6.2666666666666675,27.159778225806452,0
2013-08-28,19:13:05,6.2,19.685768980123814,0.06666666666666668
2013-08-28,19:18:05,6.2,19.55230225643532,0.13333333333333333
2013-08-28,19:23:06,6.8,18.751501914304335,0
2013-08-28,19:28:06,6.333333333333334,16.88304415118931,0
2013-08-28,19:33:06,6.2,17.750539670902572,0
2013-08-28,19:38:06,6.4,18.017536758716197,0
2013-08-28,19:43:06,6.4,17.35019041218638,0.06666666666666668
2013-08-28,19:48:06,6.6,18.35117811176279,0.06666666666666668
2013-08-28,19:53:06,6.666666666666666,17.6838444933203,0
2013-08-28,19:58:06,6.6,18.084231936298472,0.13333333333333333
2013-08-28,20:03:06,10.933333333333332,20.88694403714565,0.2
2013-08-28,20:08:06,6.466666666666666,25.091069464809383,0.2
2013-08-28,20:13:06,7.133333333333334,19.88598179374389,0.06666666666666668
2013-08-28,20:18:06,6.2666666666666675,18.951752912186382,0.26666666666666666
2013-08-28,20:23:06,6.866666666666666,18.351139927500817,0
2013-08-28,20:28:06,6.533333333333334,17.68381903714565,0
2013-08-28,20:33:06,6.2,18.818248004235905,0.06666666666666668
2013-08-28,20:38:06,6.4,18.28439383756924,0.13333333333333333
2013-08-28,20:43:06,6.8,18.818286188497886,0
2013-08-28,20:48:06,6.4,17.483682592049522,0.2
2013-08-28,20:53:06,6.6,17.216723688497883,0
2013-08-28,20:58:06,6.933333333333334,19.619086530628866,0.26666666666666666
2013-08-28,21:03:06,11.333333333333332,23.889945320136853,0.06666666666666668
2013-08-28,21:08:06,6.133333333333334,29.62887442978169,0.13333333333333333
2013-08-28,21:13:06,6.7333333333333325,18.55131455685891,0.06666666666666668
2013-08-28,21:18:06,6.8,16.015561359563378,0
2013-08-28,21:23:06,6.6,16.015586815738025,0
2013-08-28,21:28:06,7.133333333333334,13.746690697295538,0.26666666666666666
2013-08-28,21:33:06,6.6,19.952740611762792,0
2013-08-28,21:38:06,6.6,18.951714727924408,0
2013-08-28,21:43:06,6.4,16.41593607445422,0.06666666666666668
2013-08-28,21:48:06,6.533333333333334,17.016472690615835,0
2013-08-28,21:53:07,6.8,17.550301401107852,0
2013-08-28,21:58:07,6.933333333333334,16.816310789345064,0.2
2013-08-28,22:03:07,11.133333333333333,22.822160618279568,8.466666666666667
2013-08-28,22:08:07,6.533333333333334,24.02336113147605,0.13333333333333333
2013-08-28,22:13:07,6.8,15.815348545943303,0.3333333333333333
2013-08-28,22:18:07,7.133333333333334,15.548415098566313,0.13333333333333333
2013-08-28,22:23:07,6.7333333333333325,17.817273032746826,0
2013-08-28,22:28:07,6.333333333333334,15.815348545943303,0
2013-08-28,22:33:07,6.6,21.620998289345064,0.13333333333333333
2013-08-28,22:38:07,6.8,17.21674914467253,0.2
2013-08-28,22:43:07,7.0,16.61614888807429,0.13333333333333333
2013-08-28,22:48:06,6.2666666666666675,17.41687286168133,0
2013-08-28,22:53:06,6.8,18.017434934017594,0.2
2013-08-28,22:58:06,6.6,17.01651087487781,0.26666666666666666
2013-08-28,23:03:06,10.933333333333332,24.023335675301396,8.6
2013-08-28,23:08:06,6.4,25.624961815738022,0
2013-08-28,23:13:06,6.2,18.61807337487781,0.06666666666666668
2013-08-28,23:18:06,6.533333333333334,18.81823527614858,0
2013-08-28,23:23:06,6.466666666666666,20.219635874877813,0.13333333333333333
2013-08-28,23:28:06,6.6,18.217635019550343,0.06666666666666668
2013-08-28,23:33:06,6.4,16.015586815738025,0.2
2013-08-28,23:38:06,6.2,15.615148460410555,0
2013-08-28,23:43:06,6.6,18.017473118279568,0
2013-08-28,23:48:06,6.8,19.552314984522642,0.06666666666666668
2013-08-28,23:53:06,6.4,16.61614888807429,0
2013-08-28,23:58:06,6.466666666666666,15.882120092049526,0.06666666666666668
2013-08-29,00:03:07,11.266666666666667,24.423761302541543,0.2
2013-08-29,00:08:07,6.6,28.42768664467253,0
2013-08-29,00:13:07,7.0,15.815348545943303,0.13333333333333333
2013-08-29,00:18:07,6.6,16.082281993320297,0.3333333333333333
2013-08-29,00:23:07,6.333333333333334,17.416911045943305,0
2013-08-29,00:28:07,6.2,17.41687286168133,0
2013-08-29,00:33:07,6.666666666666666,18.81823527614858,0.2
2013-08-29,00:38:07,6.533333333333334,20.21964860296514,0
2013-08-29,00:43:07,6.2,16.61614888807429,0
2013-08-29,00:48:07,6.2666666666666675,15.615148460410555,0
2013-08-29,00:53:07,6.4,16.816310789345064,0
2013-08-29,00:58:07,10.8,18.41791147360704,0.13333333333333333
2013-08-29,01:03:07,11.0,24.02336113147605,0.13333333333333333
2013-08-29,01:08:07,6.466666666666666,31.630811644672534,0.13333333333333333
2013-08-29,01:13:07,6.866666666666666,20.019435789345064,0.06666666666666668
2013-08-29,01:18:07,6.133333333333334,18.017434934017594,0
2013-08-29,01:23:07,7.066666666666666,18.417873289345064,0
2013-08-29,01:28:07,6.666666666666666,17.01653633105246,0
2013-08-29,01:33:07,12.0,38.50418244949495,1.3333333333333333
2013-08-29,01:38:07,6.6,40.63958638807429,1.0666666666666669
2013-08-29,01:43:07,6.4,20.82023613147605,0.13333333333333333
2013-08-29,01:48:07,6.4,16.749602883675465,0
2013-08-29,01:53:07,6.4,15.948840725806452,0
2013-08-29,01:58:07,6.333333333333334,16.282443894591072,0
2013-08-29,02:03:07,29.2,21.687769835451284,0.13333333333333333
2013-08-29,02:08:08,6.4,29.962503054740957,0
2013-08-29,02:13:08,6.666666666666666,17.21671096041056,0.06666666666666668
2013-08-29,02:18:08,7.133333333333334,18.818298916585206,0.13333333333333333
2013-08-29,02:23:08,6.866666666666666,17.950739756435325,0
2013-08-29,02:28:08,7.0,17.083269692896707,0
2013-08-29,02:33:08,6.4,16.415948802541543,0
2013-08-29,02:38:08,6.933333333333334,16.082294721407624,0.13333333333333333
2013-08-29,02:43:08,6.933333333333334,18.818260732323232,0
2013-08-29,02:48:08,6.533333333333334,14.147090868361028,0
2013-08-29,02:53:08,6.0,15.681907278429454,0
2013-08-29,02:58:08,6.2666666666666675,16.81632351743239,0
2013-08-29,03:03:08,10.8,23.422773602965137,8.4
2013-08-29,03:08:08,6.2666666666666675,27.159816410068427,0
2013-08-29,03:13:08,6.4,17.817298488921473,0.06666666666666668
2013-08-29,03:18:08,6.533333333333334,17.01651087487781,0
2013-08-29,03:23:08,6.6,17.750565127077223,0
2013-08-29,03:28:08,6.666666666666666,17.149952142391655,0.13333333333333333
2013-08-29,03:33:08,6.2,19.285368809058323,0
2013-08-29,03:38:08,6.2,16.415961530628874,0
2013-08-29,03:43:08,6.2,15.481719920984036,0
2013-08-29,03:48:08,6.7333333333333325,17.884044578853043,0
2013-08-29,03:53:08,6.466666666666666,20.15290251303356,0.13333333333333333
2013-08-29,03:58:08,10.6,18.751565554740957,0
2013-08-29,04:03:08,10.8,25.7583648989899,8.4
2013-08-29,04:08:09,10.2,29.09504571928967,0.13333333333333333
2013-08-29,04:13:09,6.2666666666666675,19.95270242750081,0.06666666666666668
2013-08-29,04:18:09,6.333333333333334,16.81632351743239,0
2013-08-29,04:23:09,6.8,15.348291381557514,0.06666666666666668
2013-08-29,04:28:09,6.533333333333334,15.214786473607036,0.26666666666666666
2013-08-29,04:33:09,6.8,14.280557592049526,0
2013-08-29,04:38:09,6.6,15.148053111762794,0
2013-08-29,04:43:09,6.2666666666666675,15.214786473607036,0
2013-08-29,04:48:09,6.4,18.951714727924408,0
2013-08-29,04:53:09,6.2,18.818260732323232,0
2013-08-29,04:58:09,6.466666666666666,17.483618951612904,0
2013-08-29,05:03:09,11.066666666666668,22.68874480694037,8.4
2013-08-29,05:08:09,6.2666666666666675,27.360003767513845,0
2013-08-29,05:13:09,6.6,17.216685504235908,0.06666666666666668
2013-08-29,05:18:09,6.2666666666666675,15.148053111762794,0
2013-08-29,05:23:09,6.4,18.551301828771585,0.06666666666666668
2013-08-29,05:28:09,6.2666666666666675,19.285368809058323,0
2013-08-29,05:33:09,6.333333333333334,18.417873289345064,0
2013-08-29,05:38:09,6.4,18.75155282665363,0
2013-08-29,05:43:09,6.2,18.217685931899645,0
2013-08-29,05:48:09,6.533333333333334,17.750565127077223,0
2013-08-29,05:53:09,6.666666666666666,15.28153256353861,0
2013-08-29,05:58:09,6.2,15.815386730205278,0
2013-08-29,06:03:09,11.533333333333333,24.890869379276637,0.13333333333333333
2013-08-29,06:08:09,6.866666666666666,38.23724900211795,0
2013-08-29,06:13:09,6.6,21.687744379276637,0.06666666666666668
2013-08-29,06:18:09,6.2,17.617034762952102,0
2013-08-29,06:23:09,6.4,17.283444322254805,0
2013-08-29,06:28:09,6.4,18.75154009856631,0
2013-08-29,06:33:09,6.133333333333334,19.485568894591072,0
2013-08-29,06:38:09,6.8,16.749577427500814,0
2013-08-29,06:43:09,6.0,14.881132392473118,0
2013-08-29,06:48:09,6.2,17.483631679700228,0
2013-08-29,06:53:09,6.333333333333334,19.01843536168133,0
2013-08-29,06:58:10,6.4,16.74961561176279,0
2013-08-29,07:03:10,10.0,18.75154009856631,0.06666666666666668
2013-08-29,07:08:10,6.0,24.62389774763766,0
2013-08-29,07:13:10,6.2,17.016523602965133,0.06666666666666668
2013-08-29,07:18:10,6.333333333333334,16.282494806940374,0
2013-08-29,07:23:10,6.6,17.350203140273702,0
2013-08-29,07:28:10,6.6,15.615224828934506,0
2013-08-29,07:33:10,6.6,19.352102170902576,0
2013-08-29,07:38:10,6.466666666666666,17.61711113147605,0
2013-08-29,07:43:10,7.133333333333334,18.751501914304335,0
2013-08-29,07:48:10,6.4,18.017549486803517,0
2013-08-29,07:53:10,6.6,17.016549059139784,0.06666666666666668
2013-08-29,07:58:09,6.2,16.21578690127077,0
2013-08-29,08:03:09,10.933333333333332,22.7554654406973,0.26666666666666666
2013-08-29,08:08:09,6.7333333333333325,36.902569037145646,0.13333333333333333
2013-08-29,08:13:09,6.0,21.020436217008797,0.06666666666666668
2013-08-29,08:18:09,6.2666666666666675,16.01554863147605,0
2013-08-29,08:23:09,6.8,15.014586388074292,0.06666666666666668
2013-08-29,08:28:09,6.666666666666666,16.883082335451288,0
2013-08-29,08:33:09,6.7333333333333325,16.54939007005539,0.06666666666666668
2013-08-29,08:38:09,11.066666666666668,23.82312286168133,0.13333333333333333
2013-08-29,08:43:09,6.2,33.032174059139784,0
2013-08-29,08:48:09,6.4,20.620036045943305,0
2013-08-29,08:53:10,6.8,15.148053111762794,0.06666666666666668
2013-08-29,08:58:10,6.933333333333334,17.550352313457154,0
2013-08-29,09:03:10,10.066666666666666,21.621061929781686,0.06666666666666668
2013-08-29,09:08:10,7.066666666666666,28.828086815738025,0.13333333333333333
2013-08-29,09:13:10,6.133333333333334,19.21867363147605,0.2
2013-08-29,09:18:10,6.533333333333334,17.41687286168133,0.26666666666666666
2013-08-29,09:23:10,6.4,15.81531036168133,0.13333333333333333
2013-08-29,09:28:10,6.666666666666666,16.415948802541543,0
2013-08-29,09:33:10,7.133333333333334,17.8173112170088,0.26666666666666666
2013-08-29,09:38:10,7.133333333333334,19.01843536168133,0.2
2013-08-29,09:43:10,6.466666666666666,17.350139499837084,0.2
2013-08-29,09:48:10,6.4,19.01843536168133,0
2013-08-29,09:53:10,6.333333333333334,16.21578690127077,0
2013-08-29,09:58:10,7.0,20.019435789345064,0.2
2013-08-29,10:03:10,10.4,22.421836815738025,0.26666666666666666
2013-08-29,10:08:10,7.133333333333334,23.422799059139784,0
2013-08-29,10:13:10,6.2,18.41783510508309,0.06666666666666668
2013-08-29,10:18:10,6.4,18.61807337487781,0
2013-08-29,10:23:10,6.6,18.41783510508309,0.06666666666666668
2013-08-29,10:28:10,6.866666666666666,18.81827346041056,0.2
2013-08-29,10:33:10,7.2666666666666675,17.283431594167478,0.2
2013-08-29,10:38:10,6.533333333333334,17.016549059139784,0
2013-08-29,10:43:10,6.2,17.416911045943305,0
2013-08-29,10:48:10,6.6,18.41783510508309,0.26666666666666666
2013-08-29,10:53:10,6.666666666666666,17.21671096041056,0.3333333333333333
2013-08-29,10:58:10,7.0,17.350177684099055,0.13333333333333333
2013-08-29,11:03:10,10.933333333333332,24.02336113147605,8.533333333333333
2013-08-29,11:08:10,6.866666666666666,26.225562072336267,0.06666666666666668
2013-08-29,11:13:10,6.533333333333334,18.618035190615835,0.2
2013-08-29,11:18:10,6.666666666666666,15.615186644672532,0
2013-08-29,11:23:10,7.666666666666666,18.684819464809387,0.26666666666666666
2013-08-29,11:28:10,6.4,18.81823527614858,0
2013-08-29,11:33:11,6.533333333333334,17.21671096041056,0.13333333333333333
2013-08-29,11:38:11,6.533333333333334,19.218635447214076,0
2013-08-29,11:43:11,6.4,17.21671096041056,0.13333333333333333
2013-08-29,11:48:11,6.8,15.615224828934506,0.2
2013-08-29,11:53:11,6.933333333333334,16.215748717008797,0.4666666666666667
2013-08-29,11:58:11,7.133333333333334,17.8173112170088,0.5333333333333333
2013-08-29,12:03:11,11.2,22.42179863147605,8.4
2013-08-29,12:08:11,6.6,26.225523888074292,0
2013-08-29,12:13:11,6.2,20.553302684099055,0.06666666666666668
2013-08-29,12:18:11,6.4,16.21578690127077,0
2013-08-29,12:23:11,6.666666666666666,18.41791147360704,0.06666666666666668
2013-08-29,12:28:11,6.7333333333333325,19.418835532746822,0.13333333333333333
2013-08-29,12:33:11,7.2,18.017473118279568,0.26666666666666666
2013-08-29,12:38:11,7.066666666666666,15.88209463587488,0.13333333333333333
2013-08-29,12:43:11,7.0,17.884031850765723,0.4
2013-08-29,12:48:11,6.466666666666666,19.885969065656564,0.06666666666666668
2013-08-29,12:53:11,6.666666666666666,19.485568894591072,0
2013-08-29,12:58:11,6.7333333333333325,19.218635447214076,0.13333333333333333
2013-08-29,13:03:11,11.8,24.223523032746826,8.6
2013-08-29,13:08:11,6.866666666666666,27.760340298142715,0
2013-08-29,13:13:11,6.4,20.620036045943305,0.2
2013-08-29,13:18:11,6.466666666666666,15.414973831052459,0.06666666666666668
2013-08-29,13:23:11,7.2,14.147090868361028,0
2013-08-29,13:28:11,6.333333333333334,18.684794008634732,0.13333333333333333
2013-08-29,13:33:11,6.2,17.416936502117956,0
2013-08-29,13:38:11,6.866666666666666,20.686756679700228,0.3333333333333333
2013-08-29,13:43:11,6.333333333333334,23.422748146790493,0
2013-08-29,13:48:11,7.133333333333334,20.48656932225481,0.13333333333333333
2013-08-29,13:53:11,7.0,18.084168295861847,0
2013-08-29,13:58:11,7.0,21.754465013033567,0.26666666666666666
2013-08-29,14:03:11,10.933333333333332,22.755401800260667,0.3333333333333333
2013-08-29,14:08:11,7.6,34.43353647360704,0.5333333333333333
2013-08-29,14:13:11,6.866666666666666,24.15686603942653,0.2
2013-08-29,14:18:11,7.2,21.887957192896714,0.13333333333333333
2013-08-29,14:23:11,6.6,18.684832192896714,0
2013-08-29,14:28:11,6.866666666666666,19.28538153714565,0.06666666666666668
2013-08-29,14:33:11,6.866666666666666,20.553328140273706,0.06666666666666668
2013-08-29,14:38:11,7.666666666666666,22.22163673020528,0.6
2013-08-29,14:43:11,6.333333333333334,21.28735693629847,0.13333333333333333
2013-08-29,14:48:12,6.7333333333333325,16.816348973607038,0.13333333333333333
2013-08-29,14:53:12,6.6,17.216672776148584,0.13333333333333333
2013-08-29,14:58:12,6.6,17.483631679700228,0
2013-08-29,15:03:12,10.6,26.492444607363964,0.2
2013-08-29,15:08:12,6.933333333333334,28.027311929781696,0.26666666666666666
2013-08-29,15:13:12,7.2,18.48456846692734,0.13333333333333333
2013-08-29,15:18:12,6.466666666666666,18.417898745519715,0.13333333333333333
2013-08-29,15:23:12,6.466666666666666,16.082294721407624,0
2013-08-29,15:28:12,7.2,18.81827346041056,0.26666666666666666
2013-08-29,15:33:12,6.933333333333334,19.552340440697293,0.06666666666666668
2013-08-29,15:38:12,7.7333333333333325,16.54940279814272,0.5333333333333333
2013-08-29,15:43:12,6.7333333333333325,17.550377769631805,0.26666666666666666
2013-08-29,15:48:12,6.0,18.351165383675465,0
2013-08-29,15:53:12,7.0,18.417860561257733,0.13333333333333333
2013-08-29,15:58:12,6.7333333333333325,20.353102598566313,0.2
2013-08-29,16:03:12,10.333333333333332,23.6229355042359,0.06666666666666668
2013-08-29,16:08:12,7.933333333333334,26.42571124551971,0.6666666666666666
2013-08-29,16:13:12,7.7333333333333325,22.755478168784627,0.5333333333333333
2013-08-29,16:18:12,7.133333333333334,22.421824087650695,0.26666666666666666
2013-08-29,16:23:12,6.866666666666666,20.753502769631805,0.13333333333333333
2013-08-29,16:28:12,6.4,19.485568894591072,0.06666666666666668
2013-08-29,16:33:12,6.333333333333334,17.216672776148584,0
2013-08-29,16:38:12,6.333333333333334,16.482669436298465,0
2013-08-29,16:43:12,6.466666666666666,17.283444322254805,0.2
2013-08-29,16:48:12,6.2666666666666675,18.28440656565656,0.06666666666666668
2013-08-29,16:53:12,6.933333333333334,18.81827346041056,0
2013-08-29,16:58:12,6.7333333333333325,16.816298061257736,0
2013-08-29,17:03:12,9.666666666666666,18.684844920984034,0.2
2013-08-29,17:08:12,7.2666666666666675,25.82516190127077,0.06666666666666668
2013-08-29,17:13:11,6.533333333333334,19.352102170902576,0.2
2013-08-29,17:18:11,6.6,15.74867882453568,0.06666666666666668
2013-08-29,17:23:12,6.2,17.283444322254805,0.13333333333333333
2013-08-29,17:28:12,6.533333333333334,18.28436838139459,0.4
2013-08-29,17:33:12,7.133333333333334,20.219635874877813,0.3333333333333333
2013-08-29,17:38:12,6.466666666666666,20.82023613147605,0
2013-08-29,17:43:12,6.933333333333334,18.417860561257733,0.13333333333333333
2013-08-29,17:48:12,6.533333333333334,19.619073802541546,0.4666666666666667
2013-08-29,17:53:12,7.0,19.485568894591072,0.3333333333333333
2013-08-29,17:58:12,6.8,17.550339585369823,0.3333333333333333
2013-08-29,18:03:12,11.133333333333333,21.554277655588137,0.4666666666666667
2013-08-29,18:08:12,14.0,48.64739888807429,0.06666666666666668
2013-08-29,18:13:12,7.2666666666666675,66.99867882453569,0.4
2013-08-29,18:18:12,6.333333333333334,33.49928213587488,0
2013-08-29,18:23:12,6.7333333333333325,22.955678254317363,0.06666666666666668
2013-08-29,18:28:12,6.4,18.818248004235905,0.2
2013-08-29,18:33:12,6.866666666666666,17.28348250651678,0
2013-08-29,18:38:12,6.2666666666666675,19.885969065656564,0
2013-08-29,18:43:12,6.466666666666666,21.554264927500807,0
2013-08-29,18:48:12,6.2,20.753502769631805,0
2013-08-29,18:53:12,6.7333333333333325,21.420836388074292,1.0666666666666669
2013-08-29,18:58:12,6.4,18.81823527614858,0.06666666666666668
2013-08-29,19:03:12,10.666666666666668,21.954690554740957,8.4
2013-08-29,19:08:12,7.0,26.826085960410555,0
2013-08-29,19:13:12,6.933333333333334,19.886007249918535,0.06666666666666668
2013-08-29,19:18:12,6.666666666666666,17.6838444933203,0.13333333333333333
2013-08-29,19:23:12,6.8,20.353102598566313,0.2
2013-08-29,19:28:12,6.6,17.550352313457154,0
2013-08-29,19:33:12,6.2,18.751501914304335,0
2013-08-29,19:38:12,6.2,15.815399458292603,0
2013-08-29,19:43:12,6.133333333333334,17.55039049771913,0
2013-08-29,19:48:12,9.066666666666666,16.682894978005866,0.06666666666666668
2013-08-29,19:53:12,6.2666666666666675,17.81724757657217,0
2013-08-29,19:58:12,6.6,19.552314984522642,0
2013-08-29,20:03:13,10.266666666666667,21.620998289345064,8.4
2013-08-29,20:08:13,7.533333333333334,34.03313630254154,0.13333333333333333
2013-08-29,20:13:13,7.333333333333334,23.689745234604104,0.26666666666666666
2013-08-29,20:18:13,6.466666666666666,18.217685931899645,0
2013-08-29,20:23:13,6.2,16.949764784946236,0
2013-08-29,20:28:13,6.7333333333333325,17.750539670902572,0
2013-08-29,20:33:13,6.0,19.55230225643532,0
2013-08-29,20:38:13,6.2,19.08516872352558,0
2013-08-29,20:43:13,6.6,18.41783510508309,0
2013-08-29,20:48:13,6.666666666666666,17.283457050342133,0.06666666666666668
2013-08-29,20:53:13,6.0,20.21964860296514,0
2013-08-29,20:58:13,6.2666666666666675,19.3521148989899,0.06666666666666668
2013-08-29,21:03:13,10.266666666666667,22.555290811339198,0.06666666666666668
2013-08-29,21:08:13,7.066666666666666,21.48754429374389,0
2013-08-29,21:13:13,6.4,16.215774173183444,0.06666666666666668
2013-08-29,21:18:13,6.2,16.94975205685891,0.13333333333333333
2013-08-29,21:23:13,6.2666666666666675,17.750577855164547,0.13333333333333333
2013-08-29,21:28:13,6.7333333333333325,21.420836388074292,0.13333333333333333
2013-08-29,21:33:13,6.533333333333334,17.08320605246008,0
2013-08-29,21:38:13,6.2,20.82023613147605,0
2013-08-29,21:43:13,7.533333333333334,17.883968210329098,0.4666666666666667
2013-08-29,21:48:13,7.0,17.81724757657217,0.26666666666666666
2013-08-29,21:53:13,6.2,20.152940697295534,0.06666666666666668
2013-08-29,21:58:13,6.466666666666666,21.621036473607038,0
2013-08-29,22:03:13,9.8,20.620036045943305,0.06666666666666668
2013-08-29,22:08:13,7.2,23.022398888074292,0
2013-08-29,22:13:13,6.933333333333334,16.4159233463669,0.06666666666666668
2013-08-29,22:18:13,6.7333333333333325,19.61903561827957,0.13333333333333333
2013-08-29,22:23:14,7.066666666666666,19.418835532746822,0
2013-08-29,22:28:14,6.2,18.017511302541543,0
2013-08-29,22:33:14,6.4,15.41494837487781,0
2013-08-29,22:38:14,6.533333333333334,17.88398093841642,0
2013-08-29,22:43:14,6.2,17.75051421472792,0
2013-08-29,22:48:14,6.2666666666666675,18.017473118279568,0
2013-08-29,22:53:14,6.533333333333334,17.21671096041056,0
2013-08-29,22:58:14,7.6,17.750552398989896,0.6
2013-08-29,23:03:14,10.066666666666666,25.825136445096124,0.13333333333333333
2013-08-29,23:08:14,6.466666666666666,30.22944923020528,0
2013-08-29,23:13:14,6.6,18.81823527614858,0
2013-08-29,23:18:14,6.2,18.68476855246008,0
2013-08-29,23:23:14,6.8,17.41687286168133,0.06666666666666668
2013-08-29,23:28:14,6.4,19.819235703812314,0.13333333333333333
2013-08-29,23:33:14,6.2666666666666675,18.81823527614858,0
2013-08-29,23:38:14,6.466666666666666,19.485568894591072,0.26666666666666666
2013-08-29,23:43:14,6.6,18.017473118279568,0.06666666666666668
2013-08-29,23:48:14,6.7333333333333325,16.215774173183444,0.2
2013-08-29,23:53:14,7.666666666666666,21.020436217008797,0.06666666666666668
2013-08-29,23:58:14,6.333333333333334,18.017434934017594,0.13333333333333333
2013-08-30,00:03:14,9.533333333333333,22.621960532746822,0.06666666666666668
2013-08-30,00:08:14,7.933333333333334,34.63369837487781,0.13333333333333333
2013-08-30,00:13:14,6.7333333333333325,22.02139846041056,0
2013-08-30,00:18:14,6.533333333333334,15.815348545943303,0
2013-08-30,00:23:14,6.4,14.21382423020528,0
2013-08-30,00:28:14,6.466666666666666,14.013624144672532,0.06666666666666668
2013-08-30,00:33:14,6.8,16.482643980123814,0.13333333333333333
2013-08-30,00:38:14,6.533333333333334,12.011623289345064,0
2013-08-30,00:43:14,6.2666666666666675,13.212823802541546,0
2013-08-30,00:48:14,6.4,14.680919578853043,0.06666666666666668
2013-08-30,00:53:14,6.6,14.213747861681329,0.13333333333333333
2013-08-30,00:58:14,6.333333333333334,14.013624144672532,0
2013-08-30,01:03:14,9.8,20.019435789345064,0.13333333333333333
2013-08-30,01:08:14,6.8,30.62984940127077,0
2013-08-30,01:13:15,6.0,19.418835532746822,0
2013-08-30,01:18:15,6.333333333333334,17.817273032746826,0
2013-08-30,01:23:15,6.4,17.817273032746826,0
2013-08-30,01:28:15,6.6,14.814386302541543,0
2013-08-30,01:33:15,11.333333333333332,37.43649957233626,1.0666666666666669
2013-08-30,01:38:15,6.4,44.24314974340176,1.1333333333333333
2013-08-30,01:43:15,6.466666666666666,18.81827346041056,0
2013-08-30,01:48:15,6.6,16.215710532746826,0.06666666666666668
2013-08-30,01:53:15,6.333333333333334,16.68285679374389,0
2013-08-30,01:58:15,6.8,17.01651087487781,0
2013-08-30,02:03:15,29.866666666666664,22.8889321643858,8.4
2013-08-30,02:08:14,7.4,27.493445035027698,0
2013-08-30,02:13:14,6.0,16.616136159986965,0
2013-08-30,02:18:14,6.133333333333334,15.815399458292603,0
2013-08-30,02:23:14,6.2666666666666675,18.551327284946233,0
2013-08-30,02:28:14,6.4,15.681894550342133,0
2013-08-30,02:33:14,6.0,14.280544863962202,0
2013-08-30,02:38:14,6.2,15.214748289345062,0
2013-08-30,02:43:14,6.066666666666666,17.350114043662433,0
2013-08-30,02:48:14,6.066666666666666,15.681920006516778,0
2013-08-30,02:53:14,6.933333333333334,18.55131455685891,0.13333333333333333
2013-08-30,02:58:14,6.7333333333333325,19.819235703812314,0
2013-08-30,03:03:14,11.533333333333333,21.220598118279568,8.4
2013-08-30,03:08:14,7.533333333333334,23.489519692896703,0
2013-08-30,03:13:14,6.7333333333333325,16.215774173183444,0
2013-08-30,03:18:14,6.2,12.879156993320299,0
2013-08-30,03:23:14,6.466666666666666,17.350177684099055,0
2013-08-30,03:28:14,6.333333333333334,18.751514642391655,0
2013-08-30,03:33:14,7.066666666666666,20.286369236722056,0.2
2013-08-30,03:38:14,6.0,18.88496863799283,0
2013-08-30,03:43:14,6.533333333333334,19.485568894591072,0.13333333333333333
2013-08-30,03:48:14,6.4,17.9507779406973,0
2013-08-30,03:53:14,6.866666666666666,15.414986559139784,0.06666666666666668
2013-08-30,03:58:14,6.666666666666666,16.949790241120883,0
2013-08-30,04:03:15,9.4,20.01946124551971,0.06666666666666668
2013-08-30,04:08:15,6.8,24.95762819729553,0
2013-08-30,04:13:15,6.2,18.88496863799283,0
2013-08-30,04:18:15,6.0,17.216723688497883,0
2013-08-30,04:23:15,6.6,16.41593607445422,0
2013-08-30,04:28:15,6.533333333333334,15.815386730205278,0
2013-08-30,04:33:15,6.6,16.54939007005539,0.06666666666666668
2013-08-30,04:38:15,6.4,16.349215440697296,0
2013-08-30,04:43:15,6.2,16.015535903388727,0
2013-08-30,04:48:15,6.2666666666666675,14.881106936298472,0
2013-08-30,04:53:15,6.333333333333334,14.4807194933203,0
2013-08-30,04:58:15,7.133333333333334,17.016523602965133,0.13333333333333333
2013-08-30,05:03:15,9.533333333333333,19.552353168784624,0.06666666666666668
2013-08-30,05:08:15,7.2,24.557228026230046,0
2013-08-30,05:13:15,6.0,17.883968210329098,0
2013-08-30,05:18:15,6.0,16.616110703812318,0
2013-08-30,05:23:15,6.133333333333334,16.015535903388727,0
2013-08-30,05:28:15,6.2,15.214761017432387,0
2013-08-30,05:33:15,6.6,16.34925362495927,0
2013-08-30,05:38:15,6.4,17.083256964809383,0
2013-08-30,05:43:15,6.066666666666666,16.816310789345064,0
2013-08-30,05:48:15,6.333333333333334,17.750539670902572,0
2013-08-30,05:53:15,6.2666666666666675,17.21671096041056,0
2013-08-30,05:58:15,6.333333333333334,15.481707192896707,0
2013-08-30,06:03:15,9.4,21.220598118279568,0.06666666666666668
2013-08-30,06:08:15,7.8,31.630773460410555,0
2013-08-30,06:13:15,6.533333333333334,20.353115326653633,0
2013-08-30,06:18:15,6.2,15.74867882453568,0
2013-08-30,06:23:15,6.0,15.281494379276639,0
2013-08-30,06:28:15,6.2,13.012623717008797,0
2013-08-30,06:33:15,6.2,18.61807337487781,0
2013-08-30,06:38:15,6.0,17.216761872759857,0
2013-08-30,06:43:15,6.4,16.349215440697296,0
2013-08-30,06:48:15,6.133333333333334,17.884031850765723,0
2013-08-30,06:53:15,6.333333333333334,16.015599543825353,0
2013-08-30,06:58:15,6.2,14.947891210492015,0
2013-08-30,07:03:15,9.6,19.418911901270775,0.06666666666666668
2013-08-30,07:08:15,7.333333333333334,24.290332763115018,0
2013-08-30,07:13:16,6.666666666666666,20.419835960410555,0
2013-08-30,07:18:16,6.2,18.217724116161616,0
2013-08-30,07:23:16,7.133333333333334,16.21578690127077,0.06666666666666668
2013-08-30,07:28:16,6.666666666666666,17.08323150863474,0.06666666666666668
2013-08-30,07:33:16,6.466666666666666,19.352102170902576,0
2013-08-30,07:38:16,6.666666666666666,17.6170856753014,0
2013-08-30,07:43:16,6.2,19.15191481345715,0.06666666666666668
2013-08-30,07:48:16,6.4,16.816361701694362,0
2013-08-30,07:53:16,6.333333333333334,15.34824046920821,0
2013-08-30,07:58:16,9.333333333333334,17.016498146790482,0.2
2013-08-30,08:03:16,13.6,17.884031850765723,8.533333333333333
2013-08-30,08:08:16,9.4,30.296182592049526,0.2
2013-08-30,08:13:16,7.333333333333334,21.687769835451284,0.06666666666666668
2013-08-30,08:18:16,6.0,18.618060646790482,0
2013-08-30,08:23:16,6.2,18.017485846366892,0
2013-08-30,08:28:16,6.466666666666666,17.55041595389378,0
2013-08-30,08:33:16,6.2,15.815386730205278,0
2013-08-30,08:38:16,7.333333333333334,18.684794008634732,0
2013-08-30,08:43:16,11.333333333333332,28.96152808325187,8.4
2013-08-30,08:48:16,6.066666666666666,24.95762819729553,0
2013-08-30,08:53:16,6.4,18.75154009856631,0
2013-08-30,08:58:16,7.333333333333334,16.48269489247312,0.3333333333333333
2013-08-30,09:03:16,9.666666666666666,23.222598973607038,0.06666666666666668
2013-08-30,09:08:16,7.533333333333334,29.228448802541546,0.13333333333333333
2013-08-30,09:13:16,6.333333333333334,19.418873717008797,0
2013-08-30,09:18:16,6.4,16.549428254317363,0.13333333333333333
2013-08-30,09:23:16,6.933333333333334,17.5503268572825,0
2013-08-30,09:28:16,7.4,16.883018695014663,0.2
2013-08-30,09:33:16,6.866666666666666,18.951701999837077,0
2013-08-30,09:38:16,7.4,20.419835960410555,0.6666666666666666
2013-08-30,09:43:17,7.666666666666666,17.21671096041056,0.2
2013-08-30,09:48:17,6.8,15.681881822254804,0.26666666666666666
2013-08-30,09:53:17,6.0,18.818311644672534,0
2013-08-30,09:58:17,6.133333333333334,16.482643980123814,0
2013-08-30,10:03:17,10.933333333333332,23.422786331052457,8.666666666666666
2013-08-30,10:08:17,7.2666666666666675,28.828086815738025,0
2013-08-30,10:13:17,6.4,20.019435789345064,0
2013-08-30,10:18:17,6.866666666666666,19.418835532746822,0.2
2013-08-30,10:23:17,7.066666666666666,19.418835532746822,0.2
2013-08-30,10:28:17,7.6,17.81728576083415,0.13333333333333333
2013-08-30,10:33:17,7.066666666666666,19.218635447214076,0.3333333333333333
2013-08-30,10:38:17,6.4,20.219635874877813,0.13333333333333333
2013-08-30,10:43:17,6.533333333333334,18.017434934017594,0.3333333333333333
2013-08-30,10:48:17,6.466666666666666,18.551301828771585,0
2013-08-30,10:53:17,6.466666666666666,17.68386994949495,0.2
2013-08-30,10:58:17,6.4,20.286369236722056,0
2013-08-30,11:03:17,10.066666666666666,23.222598973607038,0.4
2013-08-30,11:08:17,7.533333333333334,25.02439974340176,0.06666666666666668
2013-08-30,11:13:17,6.933333333333334,19.418835532746822,0.3333333333333333
2013-08-30,11:18:16,6.7142857142857135,17.588489299678816,0.2857142857142857
2013-08-30,11:23:16,6.2,19.819235703812314,0.13333333333333333
2013-08-30,11:28:16,6.4,18.017511302541543,0
2013-08-30,11:33:16,7.2,18.217698659986965,0.5333333333333333
2013-08-30,11:38:16,6.8,16.41591061827957,0.2
2013-08-30,11:43:16,7.4,17.283406137992827,0.4666666666666667
2013-08-30,11:48:16,8.466666666666667,18.41783510508309,0.7333333333333333
2013-08-30,11:53:16,6.7333333333333325,17.683806309058326,0.06666666666666668
2013-08-30,11:58:16,6.8,17.81734940127077,0.06666666666666668
2013-08-30,12:03:16,9.666666666666666,24.02336113147605,0.13333333333333333
2013-08-30,12:08:16,7.0,22.822198802541543,0.2
2013-08-30,12:13:16,6.6,19.61903561827957,0.26666666666666666
2013-08-30,12:18:17,7.4,19.218635447214076,0.6666666666666666
2013-08-30,12:23:17,7.7333333333333325,17.8172603046595,2.8
2013-08-30,12:28:17,6.8,22.62203690127077,0
2013-08-30,12:33:17,6.666666666666666,18.21766047572499,0.26666666666666666
2013-08-30,12:38:17,6.866666666666666,18.017511302541543,0.13333333333333333
2013-08-30,12:43:17,6.933333333333334,14.947814841968068,0.13333333333333333
2013-08-30,12:48:17,7.0,18.217635019550343,0.06666666666666668
2013-08-30,12:53:17,7.6,20.01946124551971,0.4666666666666667
2013-08-30,12:58:17,6.7333333333333325,16.415948802541543,0.2
2013-08-30,13:03:17,10.066666666666666,20.28640742098403,0.2
2013-08-30,13:08:17,7.933333333333334,24.824123289345064,0.3333333333333333
2013-08-30,13:13:17,6.466666666666666,20.419835960410555,0.2
2013-08-30,13:18:17,6.2,15.014624572336267,0
2013-08-30,13:23:17,7.866666666666666,18.95172745601173,0.3333333333333333
2013-08-30,13:28:17,7.2,21.687769835451284,0.4666666666666667
2013-08-30,13:33:17,7.2,19.552340440697293,0.4
2013-08-30,13:38:17,6.4,17.884031850765723,0
2013-08-30,13:43:17,6.533333333333334,16.349240896871944,0.06666666666666668
2013-08-30,13:48:17,6.0,17.016472690615835,0
2013-08-30,13:53:17,6.2,16.94973932877159,0.2
2013-08-30,13:58:17,6.8,18.15092711388074,0.13333333333333333
2013-08-30,14:03:17,10.4,22.22163673020528,0.2
2013-08-30,14:08:17,8.333333333333334,33.89968230694037,1.0
2013-08-30,14:13:17,6.666666666666666,26.292269978005866,0.06666666666666668
2013-08-30,14:18:17,6.866666666666666,19.352102170902576,0.26666666666666666
2013-08-30,14:23:17,6.466666666666666,19.685768980123814,0
2013-08-30,14:28:17,6.8,18.017434934017594,0
2013-08-30,14:33:17,6.533333333333334,17.683806309058326,0
2013-08-30,14:38:18,6.533333333333334,17.15000305474096,0.13333333333333333
2013-08-30,14:43:18,6.333333333333334,16.082269265232974,0
2013-08-30,14:48:18,6.666666666666666,16.48261852394917,0
2013-08-30,14:53:18,6.533333333333334,19.485568894591072,0
2013-08-30,14:58:18,6.2,18.084168295861847,0
2013-08-30,15:03:18,10.133333333333333,22.15487791218638,8.4
2013-08-30,15:08:18,6.8,25.624987271912676,0.2
2013-08-30,15:13:18,7.066666666666666,23.6896943222548,0.4
2013-08-30,15:18:18,6.2666666666666675,21.420836388074292,0.13333333333333333
2013-08-30,15:23:18,6.133333333333334,17.88398093841642,0.06666666666666668
2013-08-30,15:28:18,6.6,17.21674914467253,0.2
2013-08-30,15:33:18,7.666666666666666,16.81633624551971,0.26666666666666666
2013-08-30,15:38:18,6.7333333333333325,22.088170006516787,0
2013-08-30,15:43:18,7.533333333333334,18.35112719941349,0.8666666666666667
2013-08-30,15:48:18,6.933333333333334,18.551301828771585,0.2
2013-08-30,15:53:18,6.666666666666666,17.416936502117956,0.13333333333333333
2013-08-30,15:58:18,6.066666666666666,15.214786473607036,0
2013-08-30,16:03:18,10.266666666666667,19.285406993320294,8.4
2013-08-30,16:08:18,7.066666666666666,22.955703710492013,0.2
2013-08-30,16:13:18,7.533333333333334,20.753502769631805,0.6
2013-08-30,16:18:18,6.533333333333334,19.151902085369827,0.26666666666666666
2013-08-30,16:23:18,6.6,18.084168295861847,0
2013-08-30,16:28:18,6.533333333333334,17.550301401107852,0.13333333333333333
2013-08-30,16:33:18,6.466666666666666,18.28443202183121,0.13333333333333333
2013-08-30,16:38:18,6.2666666666666675,15.348265925382861,0.06666666666666668
2013-08-30,16:43:18,7.4,17.61711113147605,0.6666666666666666
2013-08-30,16:48:18,7.2,20.219635874877813,0.2
2013-08-30,16:53:18,6.533333333333334,20.886969493320297,0.4666666666666667
2013-08-30,16:58:18,6.866666666666666,20.48656932225481,0.26666666666666666
2013-08-30,17:03:18,9.266666666666666,22.68869389459107,0.13333333333333333
2013-08-30,17:08:18,6.6,24.890869379276637,0.13333333333333333
2013-08-30,17:13:18,6.0,19.81926115998697,0
2013-08-30,17:18:19,6.2,15.882081907787555,0.2
2013-08-30,17:23:19,6.2,18.084219208211145,0.06666666666666668
2013-08-30,17:28:19,8.533333333333333,16.949777513033563,0
2013-08-30,17:33:19,6.2666666666666675,17.884019122678396,0
2013-08-30,17:38:19,6.466666666666666,18.951791096448353,0.3333333333333333
2013-08-30,17:43:19,6.333333333333334,20.620010589768658,0
2013-08-30,17:48:19,6.2666666666666675,19.75250234196807,0.13333333333333333
2013-08-30,17:53:19,6.8,19.352102170902576,0.3333333333333333
2013-08-30,17:58:19,6.066666666666666,17.283418866080154,0
2013-08-30,18:03:19,9.466666666666667,21.020448945096124,0.2
2013-08-30,18:08:19,9.266666666666666,28.09398165118931,0.06666666666666668
2013-08-30,18:13:19,6.7333333333333325,21.48754429374389,0.13333333333333333
2013-08-30,18:18:19,6.133333333333334,16.616161616161616,0.13333333333333333
2013-08-30,18:23:19,9.266666666666666,18.28439383756924,0.3333333333333333
2013-08-30,18:28:19,8.733333333333334,20.286369236722056,0.06666666666666668
2013-08-30,18:33:19,7.133333333333334,20.019435789345064,0.13333333333333333
2013-08-30,18:38:19,6.066666666666666,20.086169151189313,0
2013-08-30,18:43:19,6.8,21.68773165118931,0.2
2013-08-30,18:48:19,6.6,19.75252779814272,0.13333333333333333
2013-08-30,18:53:19,6.2666666666666675,19.68573079586184,0.3333333333333333
2013-08-30,18:58:19,6.2666666666666675,17.48365713587488,0.26666666666666666
2013-08-30,19:03:19,9.466666666666667,20.419899600847184,0.2
2013-08-30,19:08:19,8.2,33.365828140273706,0.13333333333333333
2013-08-30,19:13:19,6.7333333333333325,24.49052012056044,0.2
2013-08-30,19:18:19,6.0,20.553302684099055,0
2013-08-30,19:23:19,7.533333333333334,17.350139499837084,0.2
2013-08-30,19:28:20,6.0,18.81823527614858,0
2013-08-30,19:33:20,6.0,16.08225653714565,0
2013-08-30,19:38:20,6.666666666666666,16.41593607445422,0.4666666666666667
2013-08-30,19:43:20,6.0,16.749577427500814,0.06666666666666668
2013-08-30,19:48:20,6.666666666666666,16.415872434017594,0.3333333333333333
2013-08-30,19:53:20,6.466666666666666,17.283444322254805,0.06666666666666668
2013-08-30,19:58:20,6.666666666666666,16.4159233463669,0.13333333333333333
2013-08-30,20:03:20,9.533333333333333,17.416923774030632,0.06666666666666668
2013-08-30,20:08:20,8.066666666666666,28.027311929781696,0.3333333333333333
2013-08-30,20:13:20,7.2666666666666675,22.288344635874875,0.4
2013-08-30,20:18:20,6.2,16.282494806940374,0.13333333333333333
2013-08-30,20:23:19,6.0,15.014624572336267,0
2013-08-30,20:28:19,6.333333333333334,17.35019041218638,0.13333333333333333
2013-08-30,20:33:19,6.428571428571429,17.374057394218685,0.07142857142857142
2013-08-30,20:38:19,6.0,15.443611118384304,0
2013-08-30,20:43:19,6.5,19.304476395580227,0.07142857142857142
2013-08-30,20:48:19,6.571428571428571,18.517948785085885,0.14285714285714285
2013-08-30,20:53:19,6.642857142857142,17.37401648250943,0.14285714285714285
2013-08-30,20:58:19,6.0,14.728610812910206,0
2013-08-30,21:03:19,10.0,21.091990796501886,0.5
2013-08-30,21:08:20,8.428571428571429,30.24374923631476,0.07142857142857142
2013-08-30,21:13:20,7.071428571428571,23.951923832216174,0.5714285714285714
2013-08-30,21:18:20,6.0,19.01844899891775,0
2013-08-30,21:23:20,6.0,16.549440982404693,0
2013-08-30,21:28:20,6.2,20.353115326653633,0.13333333333333333
2013-08-30,21:33:20,6.2,18.88496863799283,0.13333333333333333
2013-08-30,21:38:20,6.666666666666666,19.1519402696318,0.26666666666666666
2013-08-30,21:43:20,8.6,18.35112719941349,0.4666666666666667
2013-08-30,21:48:20,6.2,19.151902085369827,0.13333333333333333
2013-08-30,21:53:20,6.4,17.6171365876507,0.13333333333333333
2013-08-30,21:58:20,6.666666666666666,17.55039049771913,0.3333333333333333
2013-08-30,22:03:20,10.266666666666667,23.08913224991854,8.533333333333333
2013-08-30,22:08:20,6.6,24.49050739247312,0
2013-08-30,22:13:20,6.333333333333334,19.952740611762792,0.26666666666666666
2013-08-30,22:18:20,6.2,17.8173621293581,0
2013-08-30,22:23:20,8.066666666666666,16.54940279814272,0.7333333333333333
2013-08-30,22:28:20,6.7333333333333325,18.618047918703166,0.06666666666666668
2013-08-30,22:33:20,6.2666666666666675,16.549415526230046,0
2013-08-30,22:38:20,6.8,18.21766047572499,0.26666666666666666
2013-08-30,22:43:20,6.2,16.61614888807429,0.13333333333333333
2013-08-30,22:48:20,6.133333333333334,15.615161188497881,0.2
2013-08-30,22:53:20,7.533333333333334,14.480757677582274,0.6666666666666666
2013-08-30,22:58:20,6.066666666666666,14.280519407787551,0
2013-08-30,23:03:20,10.2,21.687769835451284,8.533333333333333
2013-08-30,23:08:20,7.0,24.82417420169436,0.13333333333333333
2013-08-30,23:13:20,6.133333333333334,20.019435789345064,0
2013-08-30,23:18:20,6.333333333333334,17.950739756435325,0.13333333333333333
2013-08-30,23:23:20,6.4,16.74961561176279,0
2013-08-30,23:28:20,6.2,17.68383176523298,0.06666666666666668
2013-08-30,23:33:20,6.666666666666666,18.951701999837077,0
2013-08-30,23:38:20,6.4,18.08424466438579,0.13333333333333333
2013-08-30,23:43:20,6.066666666666666,18.81823527614858,0
2013-08-30,23:48:20,6.0,19.55230225643532,0
2013-08-30,23:53:20,6.2,19.61903561827957,0.13333333333333333
2013-08-30,23:58:20,6.333333333333334,18.751501914304335,0.2
2013-08-31,00:03:20,10.066666666666666,23.022398888074292,8.4
2013-08-31,00:08:21,6.933333333333334,24.357066124959267,0.13333333333333333
2013-08-31,00:13:21,6.2,19.68578170821114,0
2013-08-31,00:18:21,6.2666666666666675,17.350164956011728,0
2013-08-31,00:23:21,6.466666666666666,15.081332478005862,0.2
2013-08-31,00:28:21,6.7333333333333325,16.015561359563378,0.3333333333333333
2013-08-31,00:33:21,7.2,21.153902940697293,0.06666666666666668
2013-08-31,00:38:21,6.2,17.016523602965133,0.26666666666666666
2013-08-31,00:43:21,6.2,18.01744766210492,0.06666666666666668
2013-08-31,00:48:21,6.0,18.618047918703166,0
2013-08-31,00:53:21,6.0,17.750539670902572,0
2013-08-31,00:58:21,6.933333333333334,14.680957763115018,0.3333333333333333
2013-08-31,01:03:21,9.666666666666666,19.61909925871619,0.2
2013-08-31,01:08:21,7.533333333333334,27.426673488921484,0
2013-08-31,01:13:21,6.0,21.354077570055395,0
2013-08-31,01:18:21,6.2,16.81632351743239,0.13333333333333333
2013-08-31,01:23:21,7.2666666666666675,17.483669863962202,0
2013-08-31,01:28:21,6.4,17.41689831785598,0.2
2013-08-31,01:33:21,11.6,41.84074871700879,1.2
2013-08-31,01:38:21,7.4,43.642549486803524,1.7333333333333334
2013-08-31,01:43:21,6.0,21.687769835451284,0
2013-08-31,01:48:21,6.2,19.352102170902576,0
2013-08-31,01:53:21,6.0,17.950752484522646,0
2013-08-31,01:58:22,6.066666666666666,16.082269265232974,0
2013-08-31,02:03:22,30.73333333333333,24.95762819729553,0.13333333333333333
2013-08-31,02:08:22,6.6,24.824199657869013,0
2013-08-31,02:13:22,6.066666666666666,17.21671096041056,0
2013-08-31,02:18:22,6.0,16.68288224991854,0
2013-08-31,02:23:22,6.533333333333334,18.217635019550343,0.06666666666666668
2013-08-31,02:28:22,6.0,17.416911045943305,0
2013-08-31,02:33:22,6.0,15.414986559139784,0
2013-08-31,02:38:22,6.0,17.416911045943305,0
2013-08-31,02:43:22,6.533333333333334,15.815348545943303,0
2013-08-31,02:48:22,6.466666666666666,17.88400639459107,0
2013-08-31,02:53:22,6.066666666666666,18.417873289345064,0
2013-08-31,02:58:22,6.066666666666666,15.014586388074292,0
2013-08-31,03:03:22,9.4,19.685794436298465,0.2
2013-08-31,03:08:22,6.8,25.624923631476054,0
2013-08-31,03:13:22,6.0,18.217673203812318,0
2013-08-31,03:18:22,6.2,16.61614888807429,0.06666666666666668
2013-08-31,03:23:22,6.133333333333334,15.214748289345062,0.06666666666666668
2013-08-31,03:28:22,6.0,16.61614888807429,0
2013-08-31,03:33:22,6.133333333333334,18.417873289345064,0.06666666666666668
2013-08-31,03:38:22,6.666666666666666,17.08328242098403,0.4
2013-08-31,03:43:22,6.8,17.817298488921473,0.3333333333333333
2013-08-31,03:48:22,7.133333333333334,20.086169151189313,0.8
2013-08-31,03:53:22,6.533333333333334,17.750539670902572,0.2
2013-08-31,03:58:22,6.4,19.352102170902576,0.13333333333333333
2013-08-31,04:03:22,10.266666666666667,20.219674059139788,0.7333333333333333
2013-08-31,04:08:22,6.866666666666666,22.688732078853043,0.06666666666666668
2013-08-31,04:13:22,6.466666666666666,17.41689831785598,0
2013-08-31,04:18:22,6.466666666666666,17.283406137992827,0
2013-08-31,04:23:22,6.2666666666666675,16.082243809058323,0
2013-08-31,04:28:22,6.4,15.415024743401759,0
2013-08-31,04:33:22,6.133333333333334,17.283418866080154,0
2013-08-31,04:38:22,6.0,20.419835960410555,0
2013-08-31,04:43:22,6.0,18.017434934017594,0
2013-08-31,04:48:22,6.466666666666666,16.34920271260997,0.13333333333333333
2013-08-31,04:53:23,6.2666666666666675,17.08323150863474,0.06666666666666668
2013-08-31,04:58:23,6.0,15.348227741120882,0
2013-08-31,05:03:23,9.8,22.08814455034213,8.4
2013-08-31,05:08:23,6.8,22.355065269631798,0
2013-08-31,05:13:23,6.333333333333334,18.217673203812318,0.13333333333333333
2013-08-31,05:18:23,6.066666666666666,17.884044578853043,0
2013-08-31,05:23:23,6.4,15.882056451612902,0
2013-08-31,05:28:22,6.0,16.68285679374389,0
2013-08-31,05:33:22,6.0,19.41886098892147,0
2013-08-31,05:38:22,6.0,18.017434934017594,0
2013-08-31,05:43:22,6.2,15.681907278429454,0
2013-08-31,05:48:22,6.0,15.681894550342133,0
2013-08-31,05:53:22,6.0,15.948815269631803,0
2013-08-31,05:58:22,6.2,16.74961561176279,0.2
2013-08-31,06:03:22,9.866666666666667,24.09006903714565,8.333333333333334
2013-08-31,06:08:22,6.8,23.289357791625932,0
2013-08-31,06:13:22,6.066666666666666,17.550403225806452,0
2013-08-31,06:18:22,6.0,15.681894550342133,0
2013-08-31,06:23:22,10.6,19.352102170902576,0.06666666666666668
2013-08-31,06:28:22,6.0,22.0881318222548,0
2013-08-31,06:33:22,6.2,17.416911045943305,0
2013-08-31,06:38:22,6.0,18.351101743238843,0
2013-08-31,06:43:22,6.0,15.41501201531443,0
2013-08-31,06:48:23,6.066666666666666,16.54939007005539,0
2013-08-31,06:53:23,6.0,19.151927541544477,0
2013-08-31,06:58:23,6.2,17.950727028347995,0
2013-08-31,07:03:23,9.2,22.688719350765716,0.06666666666666668
2013-08-31,07:08:23,6.6,27.96057856793744,0
2013-08-31,07:13:23,6.0,18.88496863799283,0
2013-08-31,07:18:23,6.133333333333334,14.080344778429454,0
2013-08-31,07:23:23,6.2666666666666675,16.883018695014663,0
2013-08-31,07:28:23,6.2,17.01653633105246,0
2013-08-31,07:33:23,6.0,15.948827997719123,0
2013-08-31,07:38:23,6.0,15.081307021831215,0
2013-08-31,07:43:23,6.0,14.547491039426522,0
2013-08-31,07:48:23,6.0,14.34729095389378,0
2013-08-31,07:53:23,6.0,13.746690697295538,0
2013-08-31,07:58:23,6.0,16.282469350765723,0
2013-08-31,08:03:23,9.666666666666666,22.488531993320304,0.2
2013-08-31,08:08:23,7.933333333333334,30.62978576083415,0
2013-08-31,08:13:23,6.066666666666666,22.621960532746822,0
2013-08-31,08:18:23,6.0,17.01648541870316,0
2013-08-31,08:23:23,6.0,15.414973831052459,0
2013-08-31,08:28:23,6.066666666666666,15.281507107363964,0
2013-08-31,08:33:23,6.0,14.881157848647767,0
2013-08-31,08:38:23,6.6,17.6171365876507,0
2013-08-31,08:43:23,6.2,19.685794436298465,0.2
2013-08-31,08:48:23,10.066666666666666,29.895769692896714,0.06666666666666668
2013-08-31,08:53:23,6.2,22.42181135956337,0
2013-08-31,08:58:23,6.0,18.284419293743888,0
2013-08-31,09:03:23,9.666666666666666,19.95276606793744,0.13333333333333333
2013-08-31,09:08:23,6.8,24.423761302541543,0
2013-08-31,09:13:24,6.0,19.41884826083415,0
2013-08-31,09:18:24,6.0,16.48268216438579,0
2013-08-31,09:23:24,6.0,14.947865754317363,0
2013-08-31,09:28:24,6.2,20.286369236722056,0
2013-08-31,09:33:24,6.2666666666666675,19.151902085369827,0
2013-08-31,09:38:24,6.2,18.551340013033556,0
2013-08-31,09:43:24,6.2,18.08424466438579,0
2013-08-31,09:48:24,6.6,17.21671096041056,0.4
2013-08-31,09:53:24,6.533333333333334,18.284381109481913,0
2013-08-31,09:58:24,6.0,14.947891210492015,0
2013-08-31,10:03:24,9.4,20.62007423020528,0.06666666666666668
2013-08-31,10:08:24,7.0,22.7554654406973,0.26666666666666666
2013-08-31,10:13:24,6.4,19.218635447214076,0.26666666666666666
2013-08-31,10:18:24,6.7333333333333325,18.484581195014663,0.4
2013-08-31,10:23:24,6.2666666666666675,16.08232017758227,0
2013-08-31,10:28:24,6.0,14.881106936298472,0
2013-08-31,10:33:24,8.8,16.149015355164554,0.06666666666666668
2013-08-31,10:38:24,6.6,17.283457050342133,0.2
2013-08-31,10:43:24,6.0,17.617123859563375,0
2013-08-31,10:48:24,6.066666666666666,17.9507779406973,0
2013-08-31,10:53:24,6.466666666666666,17.8173112170088,0.13333333333333333
2013-08-31,10:58:24,6.2666666666666675,17.550365041544477,0.06666666666666668
2013-08-31,11:03:24,9.333333333333334,22.02138573232324,0.06666666666666668
2013-08-31,11:08:24,6.866666666666666,23.356027513033556,0.13333333333333333
2013-08-31,11:13:24,6.333333333333334,21.687744379276637,0
2013-08-31,11:18:24,6.2,20.286369236722056,0
2013-08-31,11:23:24,6.0,18.417860561257733,0
2013-08-31,11:28:24,6.2,20.353102598566313,0.2
2013-08-31,11:33:24,6.666666666666666,20.753502769631805,0.2
2013-08-31,11:38:24,6.2,23.022360703812318,0
2013-08-31,11:43:24,6.4,19.485568894591072,0.06666666666666668
2013-08-31,11:48:25,6.0,16.48268216438579,0
2013-08-31,11:53:25,6.466666666666666,16.682818609481917,0.3333333333333333
2013-08-31,11:58:25,6.4,16.81633624551971,0.13333333333333333
2013-08-31,12:03:25,9.866666666666667,22.221611274030625,8.333333333333334
2013-08-31,12:08:25,6.6,22.68874480694037,0
2013-08-31,12:13:25,6.466666666666666,19.485568894591072,0
2013-08-31,12:18:25,6.333333333333334,16.48268216438579,0.13333333333333333
2013-08-31,12:23:25,6.6,15.615123004235906,0.06666666666666668
2013-08-31,12:28:25,6.533333333333334,17.683806309058326,0.13333333333333333
2013-08-31,12:33:25,6.2666666666666675,16.349164528347995,0
2013-08-31,12:38:25,6.2,16.816310789345064,0
2013-08-31,12:43:25,6.4,17.683793580970995,0
2013-08-31,12:48:25,6.2,18.351139927500817,0.06666666666666668
2013-08-31,12:53:25,6.4,15.681920006516778,0.3333333333333333
2013-08-31,12:58:25,6.6,15.28148165118931,0.2
2013-08-31,13:03:25,9.733333333333334,26.292219065656575,0.4
2013-08-31,13:08:25,8.066666666666666,25.624974543825353,0.4666666666666667
2013-08-31,13:13:25,6.466666666666666,23.823199230205276,0
2013-08-31,13:18:25,6.533333333333334,18.217635019550343,0.06666666666666668
2013-08-31,13:23:25,6.466666666666666,17.41687286168133,0.06666666666666668
2013-08-31,13:28:25,6.2,17.21671096041056,0
2013-08-31,13:33:25,6.0,16.148989898989903,0
2013-08-31,13:38:25,6.0,17.683806309058326,0
2013-08-31,13:43:25,8.6,18.150939841968068,0.3333333333333333
2013-08-31,13:48:25,6.2,18.217673203812318,0
2013-08-31,13:53:25,11.133333333333333,18.017473118279568,0.06666666666666668
2013-08-31,13:58:26,6.133333333333334,16.215748717008797,0
2013-08-31,14:03:26,9.733333333333334,26.42572397360704,0.2
2013-08-31,14:08:26,7.7333333333333325,34.96741609644835,0.3333333333333333
2013-08-31,14:13:26,6.333333333333334,29.829049059139784,0.06666666666666668
2013-08-31,14:18:26,6.2666666666666675,19.819235703812314,0.2
2013-08-31,14:23:26,6.2666666666666675,17.61711113147605,0.13333333333333333
2013-08-31,14:28:26,6.4,15.414986559139784,0.06666666666666668
2013-08-31,14:33:25,6.0,16.215710532746826,0
2013-08-31,14:38:25,6.0,19.21867363147605,0.06666666666666668
2013-08-31,14:43:25,6.2,19.218635447214076,0
2013-08-31,14:48:25,13.6,18.81827346041056,0.4666666666666667
2013-08-31,14:53:25,6.0,14.614224401270773,0
2013-08-31,14:58:25,6.0,16.88304415118931,0
2013-08-31,15:03:25,16.866666666666667,23.889919863962206,0.6
2013-08-31,15:08:25,6.8,23.489532420984037,0
2013-08-31,15:13:25,6.2,20.019435789345064,0.06666666666666668
2013-08-31,15:18:25,6.0,16.816348973607038,0
2013-08-31,15:23:25,6.0,16.415948802541543,0
2013-08-31,15:28:25,6.2666666666666675,16.616110703812318,0
2013-08-31,15:33:25,6.0,15.548440554740958,0
2013-08-31,15:38:25,6.333333333333334,17.016549059139784,0.2
2013-08-31,15:43:25,6.133333333333334,17.884044578853043,0.06666666666666668
2013-08-31,15:48:26,6.2666666666666675,19.819235703812314,0
2013-08-31,15:53:26,6.4,19.018473545943305,0
2013-08-31,15:58:26,6.0,17.083244236722056,0.06666666666666668
2013-08-31,16:03:26,9.4,25.22451073232323,0.2
2013-08-31,16:08:26,7.333333333333334,25.157828282828277,0.13333333333333333
2013-08-31,16:13:26,6.333333333333334,21.420798203812318,0.06666666666666668
2013-08-31,16:18:26,6.333333333333334,20.019473973607038,0
2013-08-31,16:23:26,7.866666666666666,18.61807337487781,0.4
2013-08-31,16:28:26,6.866666666666666,18.41783510508309,0.06666666666666668
2013-08-31,16:33:26,6.2,18.81823527614858,0
2013-08-31,16:38:26,6.2,16.816310789345064,0
2013-08-31,16:43:26,6.0,16.41591061827957,0
2013-08-31,16:48:26,6.2,18.017473118279568,0
2013-08-31,16:53:26,6.0,18.41791147360704,0
2013-08-31,16:58:26,6.0,15.815361274030629,0
2013-08-31,17:03:26,9.333333333333334,20.620048774030632,0.06666666666666668
2013-08-31,17:08:26,7.0,25.091082192896714,0.2
2013-08-31,17:13:26,6.2,19.819235703812314,0.06666666666666668
2013-08-31,17:18:26,6.4,17.08320605246008,0.13333333333333333
2013-08-31,17:23:26,6.2,16.015586815738025,0
2013-08-31,17:28:26,8.266666666666666,15.548453282828284,0
2013-08-31,17:33:26,6.6,16.749590155588137,0.26666666666666666
2013-08-31,17:38:26,6.2,18.351139927500817,0.06666666666666668
2013-08-31,17:43:27,6.2666666666666675,16.482669436298465,0
2013-08-31,17:48:26,7.0,17.416936502117956,0.2
2013-08-31,17:53:26,6.0,19.15196572580645,0
2013-08-31,17:58:26,6.0,17.416936502117956,0
2013-08-31,18:03:26,11.333333333333332,26.292269978005866,8.933333333333334
2013-08-31,18:08:26,6.7333333333333325,26.15875234196807,0
2013-08-31,18:13:27,6.2,20.953690127077223,0.13333333333333333
2013-08-31,18:18:27,6.0,17.483593495438257,0
2013-08-31,18:23:27,6.666666666666666,18.417886017432384,0.26666666666666666
2013-08-31,18:28:27,6.133333333333334,17.083244236722056,0.06666666666666668
2013-08-31,18:33:27,6.2,15.948827997719123,0.13333333333333333
2013-08-31,18:38:27,6.0,15.61513573232323,0
2013-08-31,18:43:27,6.066666666666666,17.21671096041056,0.06666666666666668
2013-08-31,18:48:27,6.333333333333334,17.15000305474096,0.06666666666666668
2013-08-31,18:53:27,6.0,15.548415098566313,0
2013-08-31,18:58:27,11.2,20.953702855164543,0.13333333333333333
2013-08-31,19:03:27,10.066666666666666,24.82413601743239,8.533333333333333
2013-08-31,19:08:27,6.6,25.224561644672534,0
2013-08-31,19:13:27,6.4,20.753451857282503,0.26666666666666666
2013-08-31,19:18:27,6.133333333333334,18.81823527614858,0
2013-08-31,19:23:27,6.4,21.08716957885305,0.2
2013-08-31,19:28:27,6.6,17.8172603046595,0.13333333333333333
2013-08-31,19:33:27,6.133333333333334,14.21382423020528,0
2013-08-31,19:38:27,6.0,16.282443894591072,0.06666666666666668
2013-08-31,19:43:27,6.0,15.815335817855978,0
2013-08-31,19:48:27,6.0,14.947891210492015,0.13333333333333333
2013-08-31,19:53:27,6.4,15.681869094167483,0.06666666666666668
2013-08-31,19:58:27,6.466666666666666,19.15191481345715,0
2013-08-31,20:03:27,13.866666666666667,22.955627341968064,0.13333333333333333
2013-08-31,20:08:27,8.0,26.62593678722712,0.06666666666666668
2013-08-31,20:13:27,6.066666666666666,24.02338658765071,0.06666666666666668
2013-08-31,20:18:27,6.4,18.28439383756924,0
2013-08-31,20:23:27,6.333333333333334,18.551352741120887,0.2
2013-08-31,20:28:27,6.0,17.88407003502769,0
2013-08-31,20:33:27,6.4,17.283444322254805,0.13333333333333333
2013-08-31,20:38:27,6.133333333333334,15.148091296024763,0
2013-08-31,20:43:27,6.4,17.884019122678396,0.13333333333333333
2013-08-31,20:48:27,6.0,17.15000305474096,0
2013-08-31,20:53:27,6.2,18.017524030628866,0
2013-08-31,20:58:27,6.2,16.81633624551971,0
2013-08-31,21:03:27,9.466666666666667,24.357002484522646,0.06666666666666668
2013-08-31,21:08:27,6.6,25.758415811339198,0
2013-08-31,21:13:27,6.2,21.754503197295538,0.06666666666666668
2013-08-31,21:18:27,6.0,21.153902940697293,0
2013-08-31,21:23:27,6.2,18.751501914304335,0
2013-08-31,21:28:27,6.533333333333334,20.82023613147605,0
2013-08-31,21:33:28,6.4,17.884031850765723,0.06666666666666668
2013-08-31,21:38:28,6.2,18.417886017432384,0.2
2013-08-31,21:43:28,6.0,16.816298061257736,0
2013-08-31,21:48:28,6.0,15.882120092049526,0
2013-08-31,21:53:28,6.0,16.68285679374389,0.13333333333333333
2013-08-31,21:58:28,6.2,18.28440656565656,0
2013-08-31,22:03:28,9.266666666666666,24.757440839850116,0.06666666666666668
2013-08-31,22:08:28,6.8,25.758428539426525,0
2013-08-31,22:13:28,6.2666666666666675,19.885956337569244,0.06666666666666668
2013-08-31,22:18:28,6.533333333333334,16.082307449494948,0.13333333333333333
2013-08-31,22:23:28,6.2666666666666675,18.017511302541543,0
2013-08-31,22:28:28,6.0,15.948853453893777,0
2013-08-31,22:33:28,6.0,16.215723260834146,0
2013-08-31,22:38:28,6.0,13.813411331052455,0
2013-08-31,22:43:28,6.0,16.148989898989903,0
2013-08-31,22:48:28,6.0,14.213811502117954,0
2013-08-31,22:53:28,6.2666666666666675,14.54746558325187,0
2013-08-31,22:58:28,6.2,17.88398093841642,0
2013-08-31,23:03:28,9.2,20.28640742098403,0.06666666666666668
2013-08-31,23:08:28,6.666666666666666,21.020436217008797,0
2013-08-31,23:13:28,6.4,18.951714727924408,0.2
2013-08-31,23:18:28,6.0,16.74961561176279,0
2013-08-31,23:23:28,6.0,15.481719920984036,0
2013-08-31,23:28:28,6.0,14.814424486803517,0
2013-08-31,23:33:28,6.2666666666666675,16.88299323884001,0
2013-08-31,23:38:28,6.4,16.749590155588137,0.13333333333333333
2013-08-31,23:43:28,6.0,15.081294293743891,0
2013-08-31,23:48:28,6.133333333333334,19.15191481345715,0
2013-08-31,23:53:28,6.2,14.547491039426522,0
2013-08-31,23:58:28,6.133333333333334,13.346290526230046,0.06666666666666668
2013-09-01,00:03:28,9.2,22.488493809058323,0.06666666666666668
2013-09-01,00:08:28,6.7333333333333325,22.621998717008797,0
2013-09-01,00:13:28,6.7333333333333325,25.8251746293581,0.13333333333333333
2013-09-01,00:18:28,6.533333333333334,18.217673203812318,0
2013-09-01,00:23:28,6.0,19.886007249918535,0
2013-09-01,00:28:28,6.0,17.41694923020528,0
2013-09-01,00:33:28,6.2,15.681920006516778,0
2013-09-01,00:38:28,6.333333333333334,14.013624144672532,0
2013-09-01,00:43:28,6.0,14.881132392473118,0
2013-09-01,00:48:28,6.0,16.616110703812318,0
2013-09-01,00:53:28,6.2,17.216685504235908,0
2013-09-01,00:58:28,6.2,15.081357934180517,0
2013-09-01,01:03:28,9.4,21.621023745519718,0.06666666666666668
2013-09-01,01:08:28,6.866666666666666,19.75250234196807,0
2013-09-01,01:13:28,6.0,19.95271515558814,0.06666666666666668
2013-09-01,01:18:28,6.133333333333334,15.548491467090257,0
2013-09-01,01:23:28,6.466666666666666,16.34920271260997,0.13333333333333333
2013-09-01,01:28:28,6.866666666666666,21.887969920984034,0.13333333333333333
2013-09-01,01:33:28,11.2,40.30591957885304,1.0666666666666669
2013-09-01,01:38:28,6.2,40.90654529162593,1.0
2013-09-01,01:43:28,6.0,21.354103026230046,0
2013-09-01,01:48:29,6.133333333333334,17.683780852883675,0
2013-09-01,01:53:29,6.066666666666666,18.351139927500817,0
2013-09-01,01:58:29,6.133333333333334,19.885969065656564,0
2013-09-01,02:03:29,28.4,23.155865611762792,0.13333333333333333
2013-09-01,02:08:29,7.7333333333333325,32.431611986803524,0
2013-09-01,02:13:29,6.066666666666666,24.423761302541543,0.06666666666666668
2013-09-01,02:18:29,6.933333333333334,16.349177256435322,0
2013-09-01,02:23:29,6.0,14.814424486803517,0
2013-09-01,02:28:29,6.6,16.015510447214076,0.2
2013-09-01,02:33:29,6.2,18.35112719941349,0
2013-09-01,02:38:29,6.066666666666666,15.54842782665363,0
2013-09-01,02:43:29,6.4,15.14807856793744,0
2013-09-01,02:48:29,6.2666666666666675,16.816374429781686,0
2013-09-01,02:53:29,6.2666666666666675,17.21674914467253,0.06666666666666668
2013-09-01,02:58:29,6.133333333333334,18.417873289345064,0.06666666666666668
2013-09-01,03:03:29,9.266666666666666,21.020461673183444,0.06666666666666668
2013-09-01,03:08:29,6.8,21.487569749918542,0
2013-09-01,03:13:29,6.2,19.95268969941349,0.06666666666666668
2013-09-01,03:18:29,6.0,18.284444749918542,0
2013-09-01,03:23:29,6.0,17.21671096041056,0
2013-09-01,03:28:29,6.0,18.751501914304335,0
2013-09-01,03:33:29,6.066666666666666,17.883968210329098,0
2013-09-01,03:38:29,6.0,16.68288224991854,0
2013-09-01,03:43:29,6.0,18.017473118279568,0
2013-09-01,03:48:29,6.066666666666666,17.750603311339198,0
2013-09-01,03:53:29,6.0,17.6838444933203,0
2013-09-01,03:58:29,6.0,15.414986559139784,0
2013-09-01,04:03:29,9.333333333333334,19.285394265232974,0.06666666666666668
2013-09-01,04:08:29,6.8,21.153877484522642,0
2013-09-01,04:13:29,6.0,20.086156423101983,0.06666666666666668
2013-09-01,04:18:30,6.133333333333334,18.95172745601173,0
2013-09-01,04:23:30,6.2666666666666675,17.750565127077223,0
2013-09-01,04:28:30,6.0,15.214761017432387,0
2013-09-01,04:33:30,6.466666666666666,17.083244236722056,0
2013-09-01,04:38:30,6.2,17.016549059139784,0
2013-09-01,04:43:30,10.2,15.88214554822418,0.06666666666666668
2013-09-01,04:48:30,6.4,17.95071430026067,0
2013-09-01,04:53:30,6.2,16.282482078853043,0
2013-09-01,04:58:30,6.2666666666666675,16.81632351743239,0
2013-09-01,05:03:30,9.2,21.287293295861843,0.06666666666666668
2013-09-01,05:08:30,6.6,22.355077997719132,0
2013-09-01,05:13:30,6.0,18.88496863799283,0.06666666666666668
2013-09-01,05:18:30,6.0,18.351101743238843,0
2013-09-01,05:23:30,6.0,18.351165383675465,0
2013-09-01,05:28:30,6.0,18.684844920984034,0
2013-09-01,05:33:30,6.2,17.817323945096124,0
2013-09-01,05:38:30,6.2,17.550403225806452,0
2013-09-01,05:43:30,6.2,17.950752484522646,0
2013-09-01,05:48:30,6.0,19.018460817855974,0
2013-09-01,05:53:30,6.0,17.550377769631805,0
2013-09-01,05:58:30,6.0,16.949764784946236,0
2013-09-01,06:03:30,9.6,23.15581469941349,0.06666666666666668
2013-09-01,06:08:30,7.7333333333333325,29.76230296920821,0.26666666666666666
2013-09-01,06:13:30,6.0,28.694569179700235,0.06666666666666668
2013-09-01,06:18:30,6.0,19.885969065656564,0
2013-09-01,06:23:30,6.0,17.817273032746826,0
2013-09-01,06:28:30,6.0,17.950739756435325,0
2013-09-01,06:33:30,6.133333333333334,17.617123859563375,0
2013-09-01,06:38:31,6.0,15.882107363962206,0
2013-09-01,06:43:31,6.2666666666666675,14.614198945096128,0
2013-09-01,06:48:31,6.133333333333334,15.481719920984036,0
2013-09-01,06:53:31,6.0,18.618060646790482,0
2013-09-01,06:58:31,6.4,18.150952570055388,0
2013-09-01,07:03:31,9.4,18.885032278429456,0.06666666666666668
2013-09-01,07:08:31,6.8,20.620061502117952,0
2013-09-01,07:13:31,6.933333333333334,18.884981366080154,0.06666666666666668
2013-09-01,07:18:31,6.8,16.21576144509612,0
2013-09-01,07:23:31,6.333333333333334,17.216723688497883,0
2013-09-01,07:28:31,6.133333333333334,18.818248004235905,0
2013-09-01,07:33:31,6.066666666666666,16.21573598892147,0
2013-09-01,07:38:31,6.2,16.81627260508309,0
2013-09-01,07:43:31,6.0,16.148989898989903,0
2013-09-01,07:48:31,6.133333333333334,18.28439383756924,0
2013-09-01,07:53:31,6.066666666666666,17.149952142391655,0
2013-09-01,07:58:31,6.0,16.082281993320297,0
2013-09-01,08:03:31,9.8,21.55430311176278,0.3333333333333333
2013-09-01,08:08:31,7.6,24.090081765232966,0.06666666666666668
2013-09-01,08:13:31,6.2,24.890907563538615,0.06666666666666668
2013-09-01,08:18:31,6.0,18.48456846692734,0
2013-09-01,08:23:31,6.2,19.819235703812314,0
2013-09-01,08:28:31,6.0,19.819235703812314,0
2013-09-01,08:33:31,6.2666666666666675,19.285368809058323,0
2013-09-01,08:38:32,6.6,17.683806309058326,0
2013-09-01,08:43:31,6.4,18.150939841968068,0
2013-09-01,08:48:31,6.066666666666666,16.749590155588137,0
2013-09-01,08:53:31,11.466666666666667,22.75542725643532,0.06666666666666668
2013-09-01,08:58:31,6.533333333333334,39.43839860296514,0
2013-09-01,09:03:31,9.466666666666667,27.026298774030632,0.13333333333333333
2013-09-01,09:08:31,6.0,19.885969065656564,0
2013-09-01,09:13:31,6.0,15.681932734604104,0.06666666666666668
2013-09-01,09:18:31,6.0,16.41593607445422,0
2013-09-01,09:23:31,6.2666666666666675,18.351114471326166,0
2013-09-01,09:28:31,6.2,19.95271515558814,0.2
2013-09-01,09:33:31,6.4,16.61614888807429,0.13333333333333333
2013-09-01,09:38:31,6.066666666666666,16.883005966927335,0
2013-09-01,09:43:31,6.133333333333334,16.616136159986965,0
2013-09-01,09:48:31,6.4,17.01651087487781,0
2013-09-01,09:53:31,6.6,16.48268216438579,0
2013-09-01,09:58:31,6.2666666666666675,22.822211530628863,0
2013-09-01,10:03:31,9.533333333333333,19.685768980123814,0.13333333333333333
2013-09-01,10:08:32,6.0,18.48459392310199,0
2013-09-01,10:13:32,6.0,17.01648541870316,0.06666666666666668
2013-09-01,10:18:32,6.133333333333334,19.418873717008797,0
2013-09-01,10:23:32,6.2666666666666675,16.816348973607038,0
2013-09-01,10:28:32,6.0,18.68480673672206,0
2013-09-01,10:33:32,6.133333333333334,17.884019122678396,0
2013-09-01,10:38:32,10.866666666666667,21.887957192896714,0.13333333333333333
2013-09-01,10:43:32,6.0,22.2215985459433,0
2013-09-01,10:48:32,6.0,17.617072947214076,0
2013-09-01,10:53:32,6.7333333333333325,18.61807337487781,0.06666666666666668
2013-09-01,10:58:32,6.533333333333334,22.621998717008797,0.06666666666666668
2013-09-01,11:03:32,9.333333333333334,22.088170006516787,0.06666666666666668
2013-09-01,11:08:32,6.0,19.819235703812314,0
2013-09-01,11:13:32,6.333333333333334,18.417873289345064,0.06666666666666668
2013-09-01,11:18:32,6.0,17.61711113147605,0
2013-09-01,11:23:32,6.133333333333334,16.68288224991854,0
2013-09-01,11:28:32,6.2,17.016472690615835,0
2013-09-01,11:33:32,6.4,17.01643450635386,0
2013-09-01,11:38:32,6.8,17.350126771749753,0.13333333333333333
2013-09-01,11:43:32,6.0,16.015586815738025,0
2013-09-01,11:48:32,6.4,15.481707192896707,0
2013-09-01,11:53:32,6.866666666666666,17.8173112170088,0
2013-09-01,11:58:32,6.4,21.420836388074292,0.26666666666666666
2013-09-01,12:03:32,9.2,21.621036473607038,0.06666666666666668
2013-09-01,12:08:32,6.0,18.61807337487781,0
2013-09-01,12:13:32,6.533333333333334,15.681920006516778,0.2
2013-09-01,12:18:32,6.2,17.01651087487781,0
2013-09-01,12:23:33,6.066666666666666,16.215748717008797,0
2013-09-01,12:28:33,6.133333333333334,16.01554863147605,0
2013-09-01,12:33:33,6.333333333333334,17.550365041544477,0.2
2013-09-01,12:38:33,6.333333333333334,21.020436217008797,0
2013-09-01,12:43:33,6.0,16.816310789345064,0
2013-09-01,12:48:33,6.0,16.015586815738025,0
2013-09-01,12:53:33,6.6,17.817273032746826,0
2013-09-01,12:58:33,6.133333333333334,21.887969920984034,0.13333333333333333
2013-09-01,13:03:33,9.6,27.426724401270775,0.06666666666666668
2013-09-01,13:08:33,6.4,21.620998289345064,0.13333333333333333
2013-09-01,13:13:33,6.133333333333334,18.618035190615835,0.06666666666666668
2013-09-01,13:18:33,6.133333333333334,18.217711388074292,0.26666666666666666
2013-09-01,13:23:33,6.4,15.815386730205278,0
2013-09-01,13:28:33,6.0,15.148053111762794,0
2013-09-01,13:33:33,6.666666666666666,16.48268216438579,1.1333333333333333
2013-09-01,13:38:33,6.0,21.220636302541546,0
2013-09-01,13:43:33,6.0,15.214773745519711,0
2013-09-01,13:48:33,6.4,17.21671096041056,0.13333333333333333
2013-09-01,13:53:33,7.4,19.418873717008797,0.2
2013-09-01,13:58:33,6.0,21.220598118279568,0
2013-09-01,14:03:33,9.533333333333333,25.424723545943305,0.4666666666666667
2013-09-01,14:08:33,6.2666666666666675,19.81919751955034,0
2013-09-01,14:13:33,6.0,16.215748717008797,0.06666666666666668
2013-09-01,14:18:33,6.133333333333334,16.616110703812318,0
2013-09-01,14:23:33,6.0,18.217635019550343,0
2013-09-01,14:28:33,6.4,17.01651087487781,0.06666666666666668
2013-09-01,14:33:34,6.133333333333334,17.817273032746826,0
2013-09-01,14:38:34,6.0,17.416911045943305,0
2013-09-01,14:43:34,6.7333333333333325,16.616110703812318,0.13333333333333333
2013-09-01,14:48:34,6.0,16.88304415118931,0
2013-09-01,14:53:34,7.6,17.81728576083415,0.06666666666666668
2013-09-01,14:58:34,6.2,28.694607363962206,0.13333333333333333
2013-09-01,15:03:34,9.666666666666666,22.68874480694037,0.13333333333333333
2013-09-01,15:08:34,6.133333333333334,21.22058539019224,0.2
2013-09-01,15:13:34,6.0,16.749602883675465,0.06666666666666668
2013-09-01,15:18:34,6.133333333333334,16.34925362495927,0
2013-09-01,15:23:34,6.4,16.215710532746826,0.06666666666666668
2013-09-01,15:28:34,6.2,17.016523602965133,0
2013-09-01,15:33:34,6.0,15.815374002117952,0
2013-09-01,15:38:34,6.133333333333334,16.949777513033563,0.06666666666666668
2013-09-01,15:43:34,6.0,16.149015355164554,0
2013-09-01,15:48:34,6.0,17.9507779406973,0
2013-09-01,15:53:34,7.066666666666666,16.349240896871944,0.13333333333333333
2013-09-01,15:58:34,6.133333333333334,21.954665098566302,0
2013-09-01,16:03:34,10.6,24.156827855164554,0.26666666666666666
2013-09-01,16:08:34,7.2,21.220636302541546,0.13333333333333333
2013-09-01,16:13:34,6.466666666666666,18.28443202183121,0.13333333333333333
2013-09-01,16:18:34,6.333333333333334,18.618035190615835,0.13333333333333333
2013-09-01,16:23:34,6.466666666666666,19.151927541544477,0.06666666666666668
2013-09-01,16:28:34,6.2,15.815399458292603,0
2013-09-01,16:33:34,6.066666666666666,13.479744521831218,0
2013-09-01,16:38:35,6.0,15.948815269631803,0
2013-09-01,16:43:35,6.2666666666666675,17.283457050342133,0.26666666666666666
2013-09-01,16:48:35,6.2666666666666675,15.61517391658521,0
2013-09-01,16:53:35,6.7333333333333325,15.28153256353861,0.06666666666666668
2013-09-01,16:58:35,6.133333333333334,21.621036473607038,0
2013-09-01,17:03:35,9.2,21.75452865347019,0.06666666666666668
2013-09-01,17:08:35,6.133333333333334,22.555252627077223,0
2013-09-01,17:13:35,6.066666666666666,16.0155740876507,0.13333333333333333
2013-09-01,17:18:35,6.133333333333334,15.481681736722056,0.26666666666666666
2013-09-01,17:23:35,7.933333333333334,17.149977598566306,0.9333333333333332
2013-09-01,17:28:35,6.0,16.21578690127077,0
2013-09-01,17:33:35,6.4,16.749602883675465,0
2013-09-01,17:38:35,6.2,18.284381109481913,0.13333333333333333
2013-09-01,17:43:35,6.2666666666666675,15.214773745519711,0
2013-09-01,17:48:35,6.0,17.216761872759857,0
2013-09-01,17:53:35,6.4,21.02047440127077,0
2013-09-01,17:58:35,6.2,21.354103026230046,0
2013-09-01,18:03:35,13.4,19.08519417970023,0.13333333333333333
2013-09-01,18:08:35,6.133333333333334,19.619073802541546,0
2013-09-01,18:13:35,7.066666666666666,18.88496863799283,0.13333333333333333
2013-09-01,18:18:35,6.7333333333333325,16.282482078853043,0.13333333333333333
2013-09-01,18:23:35,6.0,17.350139499837084,0
2013-09-01,18:28:35,6.2,21.420836388074292,0.06666666666666668
2013-09-01,18:33:35,6.866666666666666,17.95076521260997,0.13333333333333333
2013-09-01,18:38:35,7.2666666666666675,15.214786473607036,0.3333333333333333
2013-09-01,18:43:35,8.333333333333334,22.0881318222548,0.4666666666666667
2013-09-01,18:48:35,6.0,22.822236986803517,0
2013-09-01,18:53:35,6.533333333333334,19.285406993320294,0.13333333333333333
2013-09-01,18:58:35,6.2,18.95172745601173,0
2013-09-01,19:03:35,9.2,19.55232771260997,0.06666666666666668
2013-09-01,19:08:35,6.2,20.686731223525577,0.26666666666666666
2013-09-01,19:13:35,6.4,19.55230225643532,0.06666666666666668
2013-09-01,19:18:35,6.933333333333334,16.482669436298465,0.13333333333333333
2013-09-01,19:23:35,6.2666666666666675,15.681894550342133,0
2013-09-01,19:28:35,6.0,15.54842782665363,0.2
2013-09-01,19:33:35,6.2,15.681894550342133,0
2013-09-01,19:38:35,6.0,15.348227741120882,0
2013-09-01,19:43:35,6.7333333333333325,18.751514642391655,0.06666666666666668
2013-09-01,19:48:35,7.066666666666666,17.283431594167478,0.06666666666666668
2013-09-01,19:53:35,6.533333333333334,16.74956469941349,0
2013-09-01,19:58:35,6.2,17.21671096041056,0
2013-09-01,20:03:35,9.533333333333333,22.221611274030625,0.13333333333333333
2013-09-01,20:08:35,6.2,24.290256394591076,0
2013-09-01,20:13:35,6.4,18.28439383756924,0.13333333333333333
2013-09-01,20:18:36,6.2,17.817273032746826,0
2013-09-01,20:23:36,6.066666666666666,15.882081907787555,0
2013-09-01,20:28:36,6.0,16.148989898989903,0
2013-09-01,20:33:36,6.066666666666666,15.61513573232323,0
2013-09-01,20:38:36,6.2,18.15097802623004,0
2013-09-01,20:43:36,6.0,15.081319749918537,0
2013-09-01,20:48:36,6.2,15.214773745519711,0
2013-09-01,20:53:36,7.2666666666666675,22.48851926523297,0.06666666666666668
2013-09-01,20:58:36,6.533333333333334,34.76722873900293,0
2013-09-01,21:03:36,9.533333333333333,23.489532420984037,0.2
2013-09-01,21:08:36,6.133333333333334,22.421836815738025,0.13333333333333333
2013-09-01,21:13:36,6.0,19.018448089768654,0.06666666666666668
2013-09-01,21:18:36,6.0,17.35019041218638,0
2013-09-01,21:23:36,6.2,17.68383176523298,0
2013-09-01,21:28:36,6.2666666666666675,17.88398093841642,0.06666666666666668
2013-09-01,21:33:36,6.2,17.550314129195176,0
2013-09-01,21:38:36,6.133333333333334,15.948827997719123,0
2013-09-01,21:43:36,6.2,17.884044578853043,0.06666666666666668
2013-09-01,21:48:36,6.333333333333334,18.88499409416748,0.06666666666666668
2013-09-01,21:53:36,6.533333333333334,20.753502769631805,0.13333333333333333
2013-09-01,21:58:36,6.6,24.35702794069729,0.13333333333333333
2013-09-01,22:03:36,9.8,22.621985988921477,0.13333333333333333
2013-09-01,22:08:36,6.133333333333334,20.019423061257736,0
2013-09-01,22:13:36,6.2,16.349215440697296,0.06666666666666668
2013-09-01,22:18:36,6.4,16.949764784946236,0
2013-09-01,22:23:36,6.466666666666666,18.48460665118931,0.13333333333333333
2013-09-01,22:28:36,6.0,17.9507779406973,0
2013-09-01,22:33:37,6.2,16.816348973607038,0
2013-09-01,22:38:37,6.2666666666666675,16.883056879276637,0
2013-09-01,22:43:37,6.2,16.61614888807429,0.2
2013-09-01,22:48:37,6.4,19.418835532746822,0
2013-09-01,22:53:37,6.466666666666666,17.416911045943305,0
2013-09-01,22:58:37,7.333333333333334,18.951701999837077,0.6666666666666666
2013-09-01,23:03:37,9.666666666666666,24.290294578853054,0.06666666666666668
2013-09-01,23:08:37,6.0,18.75155282665363,0
2013-09-01,23:13:37,6.4,18.017524030628866,0.26666666666666666
2013-09-01,23:18:37,6.533333333333334,19.61903561827957,0
2013-09-01,23:23:37,6.0,18.351101743238843,0
2013-09-01,23:28:37,6.0,14.947827570055388,0
2013-09-01,23:33:37,6.0,14.480757677582274,0.13333333333333333
2013-09-01,23:38:37,6.133333333333334,17.68381903714565,0
2013-09-01,23:43:37,6.133333333333334,19.48561980694037,0.13333333333333333
2013-09-01,23:48:37,6.333333333333334,15.481681736722056,0.06666666666666668
2013-09-01,23:53:37,6.533333333333334,17.817323945096124,0.06666666666666668
2013-09-01,23:58:37,6.2,21.887931736722066,0
2013-09-02,00:03:37,9.4,23.35605296920821,0.13333333333333333
2013-09-02,00:08:37,6.0,21.554277655588137,0
2013-09-02,00:13:37,6.4,18.885032278429456,0.2
2013-09-02,00:18:37,6.0,18.818286188497886,0
2013-09-02,00:23:37,6.0,15.615224828934506,0
2013-09-02,00:28:37,6.2,19.01848627403063,0
2013-09-02,00:33:37,6.2,16.349266353046595,0.13333333333333333
2013-09-02,00:38:37,6.0,16.34920271260997,0
2013-09-02,00:43:37,6.133333333333334,17.41684740550668,0
2013-09-02,00:48:38,6.133333333333334,17.016523602965133,0
2013-09-02,00:53:38,6.533333333333334,19.552314984522642,0.06666666666666668
2013-09-02,00:58:38,6.6,25.091069464809383,0
2013-09-02,01:03:38,9.333333333333334,23.022360703812318,0.06666666666666668
2013-09-02,01:08:38,6.066666666666666,19.418822804659495,0
2013-09-02,01:13:38,6.4,16.149040811339198,0.06666666666666668
2013-09-02,01:18:38,6.4,17.550377769631805,0
2013-09-02,01:23:38,6.6,18.551340013033556,0.8666666666666667
2013-09-02,01:28:38,6.2666666666666675,18.017434934017594,0
2013-09-02,01:33:38,11.666666666666668,36.502232506516776,1.1333333333333333
2013-09-02,01:38:38,6.2,41.24014846041056,1.0666666666666669
2013-09-02,01:43:38,6.2666666666666675,20.82023613147605,0
2013-09-02,01:48:38,6.0,16.415986986803517,0
2013-09-02,01:53:38,6.2666666666666675,17.283418866080154,0
2013-09-02,01:58:38,6.6,20.553302684099055,0
2013-09-02,02:03:38,28.866666666666664,25.157828282828277,0.13333333333333333
2013-09-02,02:08:38,6.2,23.422799059139784,0
2013-09-02,02:13:38,6.6,16.21576144509612,0.2
2013-09-02,02:18:38,6.4,16.61614888807429,0
2013-09-02,02:23:38,6.533333333333334,17.683806309058326,0
2013-09-02,02:28:38,6.2,14.68093230694037,0
2013-09-02,02:33:38,6.533333333333334,15.481719920984036,0
2013-09-02,02:38:38,6.866666666666666,16.015586815738025,0
2013-09-02,02:43:38,7.2,16.81632351743239,0
2013-09-02,02:48:38,6.8,14.414024315738025,0
2013-09-02,02:53:38,7.0,16.282494806940374,0.06666666666666668
2013-09-02,02:58:38,7.066666666666666,31.831011730205283,0
2013-09-02,03:03:38,10.4,24.49050739247312,0.06666666666666668
2013-09-02,03:08:38,6.466666666666666,21.687757107363957,0
2013-09-02,03:13:38,6.333333333333334,16.149015355164554,0.06666666666666668
2013-09-02,03:18:38,6.2,17.550377769631805,0
2013-09-02,03:23:38,6.666666666666666,16.549440982404693,0
2013-09-02,03:28:38,7.8,19.352165811339198,0.06666666666666668
2013-09-02,03:33:38,7.7333333333333325,24.623948659986965,0.13333333333333333
2013-09-02,03:38:38,8.666666666666666,21.954703282828277,0
2013-09-02,03:43:38,6.133333333333334,21.153902940697293,0
2013-09-02,03:48:38,6.0,21.287331480123818,0
2013-09-02,03:53:38,6.4,18.88496863799283,0
2013-09-02,03:58:38,6.6,21.35406484196806,0
2013-09-02,04:03:38,9.733333333333334,20.686782135874875,0.06666666666666668
2013-09-02,04:08:38,6.466666666666666,22.221560361681327,0
2013-09-02,04:13:38,6.0,15.882107363962206,0.06666666666666668
2013-09-02,04:18:38,6.133333333333334,15.014624572336267,0
2013-09-02,04:23:38,6.4,15.48165628054741,0
2013-09-02,04:28:38,6.0,16.81627260508309,0
2013-09-02,04:33:38,6.333333333333334,17.950803396871944,0
2013-09-02,04:38:38,6.7333333333333325,16.482656708211145,0.06666666666666668
2013-09-02,04:43:38,6.2666666666666675,16.015535903388727,0.06666666666666668
2013-09-02,04:48:38,6.2,17.149977598566306,0
2013-09-02,04:53:38,6.4,18.28440656565656,0
2013-09-02,04:58:38,6.4,20.019435789345064,0
2013-09-02,05:03:38,9.6,21.420798203812318,0.06666666666666668
2013-09-02,05:08:38,6.2,22.42179863147605,0
2013-09-02,05:13:38,6.0,16.34920271260997,0.06666666666666668
2013-09-02,05:18:39,6.2666666666666675,13.212823802541546,0
2013-09-02,05:23:39,6.4,19.15191481345715,0
2013-09-02,05:28:39,6.0,18.150952570055388,0
2013-09-02,05:33:39,6.0,15.548491467090257,0
2013-09-02,05:38:39,6.0,15.481719920984036,0
2013-09-02,05:43:39,6.4,15.348253197295536,0
2013-09-02,05:48:39,6.0,16.616110703812318,0
2013-09-02,05:53:39,6.4,15.481694464809385,0.06666666666666668
2013-09-02,05:58:39,6.4,19.218648175301407,0
2013-09-02,06:03:39,9.6,21.28735693629847,0.13333333333333333
2013-09-02,06:08:39,6.0,20.219635874877813,0
2013-09-02,06:13:39,6.333333333333334,17.95071430026067,0.06666666666666668
2013-09-02,06:18:39,6.0,17.283457050342133,0
2013-09-02,06:23:39,6.333333333333334,19.085181451612904,0
2013-09-02,06:28:39,6.4,18.351139927500817,0
2013-09-02,06:33:39,6.466666666666666,17.75059058325187,0
2013-09-02,06:38:39,6.2,15.815374002117952,0
2013-09-02,06:43:39,6.0,17.149977598566306,0
2013-09-02,06:48:39,6.0,16.682844065656564,0
2013-09-02,06:53:39,6.4,15.214786473607036,0
2013-09-02,06:58:39,7.4,28.961553539426514,0
2013-09-02,07:03:39,9.4,20.019435789345064,0.06666666666666668
2013-09-02,07:08:39,6.133333333333334,17.283418866080154,0
2013-09-02,07:13:39,6.133333333333334,16.88306960736396,0.06666666666666668
2013-09-02,07:18:39,6.4,17.5504286819811,0
2013-09-02,07:23:39,6.666666666666666,15.882120092049526,0
2013-09-02,07:28:39,6.466666666666666,20.219674059139788,0
2013-09-02,07:33:39,6.571428571428571,15.086110965647254,0
2013-09-02,07:38:39,6.0,15.515111148931712,0
2013-09-02,07:43:39,6.2142857142857135,15.944029508797655,0
2013-09-02,07:48:39,6.0,15.014624572336267,0
2013-09-02,07:53:39,6.071428571428571,17.517016543604246,0
2013-09-02,07:58:39,6.6,22.02139846041056,0
2013-09-02,08:03:39,9.266666666666666,23.48948150863473,0.06666666666666668
2013-09-02,08:08:39,6.0,21.42081093189964,0
2013-09-02,08:13:39,6.2,16.349228168784617,0.06666666666666668
2013-09-02,08:18:39,6.0,16.616136159986965,0
2013-09-02,08:23:39,6.533333333333334,19.55232771260997,0.2
2013-09-02,08:28:39,6.133333333333334,18.08418102394917,0
2013-09-02,08:33:39,6.0,15.882120092049526,0
2013-09-02,08:38:39,6.6,19.75251507005539,0
2013-09-02,08:43:40,6.6,19.352102170902576,0.2
2013-09-02,08:48:40,6.571428571428571,20.090935819892472,0
2013-09-02,08:53:40,7.071428571428571,16.30157057324396,0.14285714285714285
2013-09-02,08:58:40,7.2857142857142865,27.741261804391844,0
2013-09-02,09:03:40,11.642857142857142,22.95090976731602,0.2857142857142857
2013-09-02,09:08:40,10.266666666666667,40.63956093189965,0.2
2013-09-02,09:13:40,6.2,25.024374287227115,0.13333333333333333
2013-09-02,09:18:40,6.2,18.68476855246008,0
2013-09-02,09:23:40,6.2,20.353102598566313,0.06666666666666668
2013-09-02,09:28:40,6.533333333333334,20.553302684099055,0.06666666666666668
2013-09-02,09:33:40,6.2,19.418835532746822,0
2013-09-02,09:38:40,6.4,21.287369664385793,0.3333333333333333
2013-09-02,09:43:40,6.333333333333334,19.352102170902576,0.13333333333333333
2013-09-02,09:48:40,6.533333333333334,18.88496863799283,0.06666666666666668
2013-09-02,09:53:40,6.666666666666666,20.486582050342133,0.4
2013-09-02,09:58:40,7.0,25.091094920984037,0.3333333333333333
2013-09-02,10:03:40,9.4,25.091069464809383,0.13333333333333333
2013-09-02,10:08:40,6.2,19.752489613880744,0.06666666666666668
2013-09-02,10:13:40,6.6,16.74953924323884,0.2
2013-09-02,10:18:40,7.066666666666666,16.949764784946236,0.2
2013-09-02,10:23:40,6.7333333333333325,16.616136159986965,0
2013-09-02,10:28:40,7.2,18.751527370478986,0.26666666666666666
2013-09-02,10:33:40,6.4,17.016523602965133,0.2
2013-09-02,10:38:40,7.8,20.68676940778755,1.4666666666666666
2013-09-02,10:43:40,7.666666666666666,21.687769835451284,0.13333333333333333
2013-09-02,10:48:40,7.666666666666666,20.620036045943305,0.3333333333333333
2013-09-02,10:53:40,7.4,19.819235703812314,0.06666666666666668
2013-09-02,10:58:40,8.2,22.02139846041056,0.7333333333333333
2013-09-02,11:03:40,9.8,24.09013267758227,0.2
2013-09-02,11:08:40,6.133333333333334,21.754503197295538,0
2013-09-02,11:13:40,7.2,19.61903561827957,0.2
2013-09-02,11:18:41,6.133333333333334,19.68578170821114,0.06666666666666668
2013-09-02,11:23:41,6.4,16.34925362495927,0.13333333333333333
2013-09-02,11:28:41,6.6,18.084231936298472,0.3333333333333333
2013-09-02,11:33:40,6.2666666666666675,19.151902085369827,0
2013-09-02,11:38:40,6.466666666666666,21.153902940697293,0.13333333333333333
2013-09-02,11:43:40,6.4,20.48656932225481,0
2013-09-02,11:48:40,6.7333333333333325,23.222637157869013,0.3333333333333333
2013-09-02,11:53:40,6.933333333333334,21.420798203812318,0.4666666666666667
2013-09-02,11:58:40,6.666666666666666,22.555265355164543,0
2013-09-02,12:03:41,10.4,27.159778225806452,0.26666666666666666
2013-09-02,12:08:41,6.0,21.28734420821114,0
2013-09-02,12:13:41,6.0,15.882132820136851,0.06666666666666668
2013-09-02,12:18:41,6.4,17.28346977842946,0.13333333333333333
2013-09-02,12:23:41,6.7333333333333325,16.61614888807429,0.13333333333333333
2013-09-02,12:28:41,6.4,19.018473545943305,0
2013-09-02,12:33:41,7.0,16.949777513033563,0.13333333333333333
2013-09-02,12:38:41,7.533333333333334,18.751501914304335,0.13333333333333333
2013-09-02,12:43:41,6.4,20.68676940778755,0
2013-09-02,12:48:41,6.2666666666666675,17.884019122678396,0.13333333333333333
2013-09-02,12:53:41,8.266666666666666,17.884031850765723,0.6
2013-09-02,12:58:41,7.0,25.624923631476054,0.13333333333333333
2013-09-02,13:03:41,9.8,26.358977883675465,0.2
2013-09-02,13:08:41,7.666666666666666,22.42181135956337,0.6
2013-09-02,13:13:41,6.2,17.149990326653636,0.2
2013-09-02,13:18:41,6.866666666666666,15.481719920984036,0.4666666666666667
2013-09-02,13:23:41,6.666666666666666,17.216736416585203,0.13333333333333333
2013-09-02,13:28:41,7.0,18.084206480123818,0.5333333333333333
2013-09-02,13:33:41,6.4,17.750565127077223,0.06666666666666668
2013-09-02,13:38:41,7.2,18.41791147360704,0.26666666666666666
2013-09-02,13:43:41,6.2,20.01939760508309,0.2
2013-09-02,13:48:41,6.4,18.084206480123818,0.26666666666666666
2013-09-02,13:53:41,6.7333333333333325,16.949815697295538,0.4
2013-09-02,13:58:41,8.0,23.6896943222548,0.6
2013-09-02,14:03:41,9.8,27.226447947214076,0.13333333333333333
2013-09-02,14:08:41,6.666666666666666,23.489519692896703,0.3333333333333333
2013-09-02,14:13:41,6.333333333333334,17.817273032746826,0.26666666666666666
2013-09-02,14:18:41,6.2666666666666675,17.88400639459107,0
2013-09-02,14:23:41,6.2666666666666675,21.82119837487781,0.06666666666666668
2013-09-02,14:28:41,6.2666666666666675,16.549428254317363,0.13333333333333333
2013-09-02,14:33:42,7.133333333333334,17.350177684099055,0.13333333333333333
2013-09-02,14:38:42,6.866666666666666,18.351114471326166,0.13333333333333333
2013-09-02,14:43:42,6.2,16.215748717008797,0.06666666666666668
2013-09-02,14:48:42,6.2666666666666675,16.34925362495927,0
2013-09-02,14:53:42,6.7333333333333325,16.68285679374389,0.06666666666666668
2013-09-02,14:58:42,8.133333333333333,32.36485316878463,0.4666666666666667
2013-09-02,15:03:42,10.2,22.555303539426514,0.2
2013-09-02,15:08:42,6.4,19.08516872352558,0.13333333333333333
2013-09-02,15:13:42,7.066666666666666,16.082307449494948,0.6
2013-09-02,15:18:42,7.0,17.95079066878462,0.2
2013-09-02,15:23:42,7.466666666666666,16.34925362495927,0.4666666666666667
2013-09-02,15:28:42,6.2666666666666675,17.149926686217007,0
2013-09-02,15:33:42,7.866666666666666,16.082243809058323,0.8666666666666667
2013-09-02,15:38:42,7.0,18.217711388074292,0.26666666666666666
2013-09-02,15:43:42,6.4,18.81827346041056,0
2013-09-02,15:48:42,6.2,18.41783510508309,0
2013-09-02,15:53:42,6.4,16.749590155588137,0.06666666666666668
2013-09-02,15:58:42,6.933333333333334,22.62203690127077,0.13333333333333333
2013-09-02,16:03:42,9.6,23.155827427500817,0.06666666666666668
2013-09-02,16:08:42,6.2,19.418835532746822,0.06666666666666668
2013-09-02,16:13:42,7.2,19.218635447214076,0.06666666666666668
2013-09-02,16:18:42,6.533333333333334,19.61903561827957,0
2013-09-02,16:23:42,6.8,17.8173112170088,0.26666666666666666
2013-09-02,16:28:42,6.933333333333334,19.485568894591072,0.3333333333333333
2013-09-02,16:33:42,6.933333333333334,18.81823527614858,0.4666666666666667
2013-09-02,16:38:42,6.4,20.419835960410555,0
2013-09-02,16:43:42,6.2666666666666675,18.017511302541543,0.13333333333333333
2013-09-02,16:48:42,6.666666666666666,16.415948802541543,0.26666666666666666
2013-09-02,16:53:42,7.7333333333333325,17.01651087487781,0.6
2013-09-02,16:58:42,7.066666666666666,19.418835532746822,0.13333333333333333
2013-09-02,17:03:42,10.8,23.089144978005862,0.5333333333333333
2013-09-02,17:08:42,6.933333333333334,24.623999572336267,0.06666666666666668
2013-09-02,17:13:42,6.666666666666666,18.217635019550343,0.5333333333333333
2013-09-02,17:18:42,6.533333333333334,16.816310789345064,0.13333333333333333
2013-09-02,17:23:42,7.666666666666666,18.217711388074292,0.8666666666666667
2013-09-02,17:28:42,6.2666666666666675,18.81827346041056,0.3333333333333333
2013-09-02,17:33:42,7.866666666666666,17.61711113147605,0.4
2013-09-02,17:38:42,6.866666666666666,23.356065697295534,0.06666666666666668
2013-09-02,17:43:43,6.333333333333334,17.41687286168133,0.06666666666666668
2013-09-02,17:48:43,6.7333333333333325,17.28346977842946,0.2
2013-09-02,17:53:43,6.6,21.153902940697293,0.2
2013-09-02,17:58:43,6.866666666666666,24.02336113147605,0.13333333333333333
2013-09-02,18:03:43,9.866666666666667,24.89085665118931,0.26666666666666666
2013-09-02,18:08:43,6.2,22.02139846041056,0.13333333333333333
2013-09-02,18:13:43,6.466666666666666,19.95270242750081,0.2
2013-09-02,18:18:43,6.6,19.218635447214076,0.26666666666666666
2013-09-02,18:23:43,6.2,19.819235703812314,0.13333333333333333
2013-09-02,18:28:43,6.666666666666666,19.418835532746822,0.2
2013-09-02,18:33:43,6.2,16.21578690127077,0
2013-09-02,18:38:43,7.0,17.416860133594,1.2666666666666666
2013-09-02,18:43:43,6.866666666666666,18.618111559139784,0.5333333333333333
2013-09-02,18:48:43,6.333333333333334,17.416911045943305,0.13333333333333333
2013-09-02,18:53:43,6.133333333333334,16.816310789345064,0.13333333333333333
2013-09-02,18:58:43,7.0,21.420836388074292,0
2013-09-02,19:03:43,9.933333333333334,21.554277655588137,0.06666666666666668
2013-09-02,19:08:43,6.866666666666666,21.420798203812318,0.3333333333333333
2013-09-02,19:13:43,7.8,15.214786473607036,0.5333333333333333
2013-09-02,19:18:43,7.466666666666666,18.017511302541543,0.06666666666666668
2013-09-02,19:23:43,6.7333333333333325,18.68476855246008,0.06666666666666668
2013-09-02,19:28:43,7.2,22.7554654406973,0.26666666666666666
2013-09-02,19:33:43,6.0,21.153852028348,0
2013-09-02,19:38:43,6.066666666666666,16.949764784946236,0.06666666666666668
2013-09-02,19:43:43,6.466666666666666,15.748602456011728,0
2013-09-02,19:48:43,6.933333333333334,17.149926686217007,0.4
2013-09-02,19:53:44,6.133333333333334,18.15092711388074,0
2013-09-02,19:58:44,6.933333333333334,23.55630396709025,0.13333333333333333
2013-09-02,20:03:44,10.266666666666667,23.55624032665363,0.2
2013-09-02,20:08:44,6.4,23.556253054740957,0.13333333333333333
2013-09-02,20:13:44,6.333333333333334,18.484632107363964,0.06666666666666668
2013-09-02,20:18:44,6.333333333333334,18.95172745601173,0
2013-09-02,20:23:44,6.2666666666666675,18.484581195014663,0.6
2013-09-02,20:28:44,6.666666666666666,21.153902940697293,0.4
2013-09-02,20:33:44,6.066666666666666,16.682844065656564,0
2013-09-02,20:38:44,6.133333333333334,18.15092711388074,0
2013-09-02,20:43:44,6.7333333333333325,17.21671096041056,0
2013-09-02,20:48:44,6.0,15.281519835451284,0.06666666666666668
2013-09-02,20:53:44,6.8,17.884031850765723,0.13333333333333333
2013-09-02,20:58:44,8.466666666666667,33.16564078282828,0.06666666666666668
2013-09-02,21:03:44,10.0,26.15877779814272,0.26666666666666666
2013-09-02,21:08:44,6.7333333333333325,23.95664049771912,0.2
2013-09-02,21:13:44,6.2666666666666675,19.218635447214076,0.06666666666666668
2013-09-02,21:18:44,6.0,17.083244236722056,0
2013-09-02,21:23:44,6.0,18.217711388074292,0
2013-09-02,21:28:44,6.0,17.283431594167478,0
2013-09-02,21:33:44,6.2,16.883056879276637,0
2013-09-02,21:38:44,6.0,15.214811929781687,0
2013-09-02,21:43:44,6.133333333333334,15.815399458292603,0
2013-09-02,21:48:44,6.666666666666666,16.682844065656564,0.26666666666666666
2013-09-02,21:53:44,6.333333333333334,19.61903561827957,0
2013-09-02,21:58:44,6.6,23.089094065656564,0
2013-09-02,22:03:44,9.466666666666667,23.155827427500817,0.06666666666666668
2013-09-02,22:08:44,6.4,19.08519417970023,0
2013-09-02,22:13:44,6.2,19.418835532746822,0.06666666666666668
2013-09-02,22:18:44,6.466666666666666,15.882107363962206,0.13333333333333333
2013-09-02,22:23:44,6.2666666666666675,16.149040811339198,0.06666666666666668
2013-09-02,22:28:44,6.2,16.68285679374389,0.06666666666666668
2013-09-02,22:33:44,6.333333333333334,17.483644407787548,0
2013-09-02,22:38:44,6.0,16.149015355164554,0
2013-09-02,22:43:44,6.866666666666666,18.35117811176279,0
2013-09-02,22:48:44,6.2666666666666675,20.486531137992834,0.06666666666666668
2013-09-02,22:53:44,6.6,19.151902085369827,0.26666666666666666
2013-09-02,22:58:44,6.933333333333334,20.086169151189313,0.06666666666666668
2013-09-02,23:03:44,9.333333333333334,24.623935931899634,0.06666666666666668
2013-09-02,23:08:45,6.4,22.355052541544477,0.26666666666666666
2013-09-02,23:13:45,6.6,19.285368809058323,0.4
2013-09-02,23:18:45,6.0,19.418835532746822,0
2013-09-02,23:23:45,6.0,16.41591061827957,0
2013-09-02,23:28:45,6.2,17.216736416585203,0
2013-09-02,23:33:45,6.133333333333334,16.883018695014663,0.13333333333333333
2013-09-02,23:38:45,6.0,15.948840725806452,0
2013-09-02,23:43:45,6.066666666666666,16.88304415118931,0
2013-09-02,23:48:45,6.066666666666666,17.884044578853043,0.13333333333333333
2013-09-02,23:53:45,6.7333333333333325,19.151927541544477,0.4
2013-09-02,23:58:45,6.6,24.89085665118931,0
2013-09-03,00:03:45,9.4,27.09303213587488,0.06666666666666668
2013-09-03,00:08:45,6.0,24.02338658765071,0.13333333333333333
2013-09-03,00:13:45,6.6,18.217698659986965,0.06666666666666668
2013-09-03,00:18:45,6.0,16.816298061257736,0
2013-09-03,00:23:45,6.133333333333334,16.816298061257736,0
2013-09-03,00:28:45,6.0,15.615148460410555,0
2013-09-03,00:33:45,7.533333333333334,14.21382423020528,0
2013-09-03,00:38:45,6.0,14.48069403714565,0
2013-09-03,00:43:45,6.0,16.08232017758227,0
2013-09-03,00:48:45,6.133333333333334,16.949777513033563,0.13333333333333333
2013-09-03,00:53:45,6.2,18.618086102965133,0
2013-09-03,00:58:45,7.7333333333333325,32.49830716438581,0.13333333333333333
2013-09-03,01:03:45,9.466666666666667,27.760340298142715,0.06666666666666668
2013-09-03,01:08:45,6.4,20.686782135874875,0
2013-09-03,01:13:45,6.0,16.282482078853043,0.06666666666666668
2013-09-03,01:18:45,6.666666666666666,17.350164956011728,0.13333333333333333
2013-09-03,01:23:45,6.133333333333334,20.82023613147605,0
2013-09-03,01:28:45,6.0,16.682818609481917,0
2013-09-03,01:33:45,11.666666666666668,44.10963210736396,1.2
2013-09-03,01:38:45,6.2,40.50610693629847,1.1333333333333333
2013-09-03,01:43:45,6.0,20.553302684099055,0
2013-09-03,01:48:45,6.066666666666666,16.349164528347995,0.06666666666666668
2013-09-03,01:53:45,6.333333333333334,17.8173112170088,0
2013-09-03,01:58:45,6.6,22.42179863147605,0
2013-09-03,02:03:45,29.53333333333333,25.22452346041056,0.13333333333333333
2013-09-03,02:08:45,6.333333333333334,20.953702855164543,0
2013-09-03,02:13:45,6.7333333333333325,17.083256964809383,0.06666666666666668
2013-09-03,02:18:46,6.333333333333334,16.349189984522646,0
2013-09-03,02:23:46,7.2666666666666675,16.88306960736396,0.3333333333333333
2013-09-03,02:28:46,6.533333333333334,16.549415526230046,0
2013-09-03,02:33:46,6.666666666666666,17.483644407787548,0
2013-09-03,02:38:46,6.6,18.017511302541543,0
2013-09-03,02:43:46,7.0,16.21578690127077,0.3333333333333333
2013-09-03,02:48:46,6.466666666666666,17.283444322254805,0
2013-09-03,02:53:46,6.333333333333334,19.218635447214076,0
2013-09-03,02:58:46,8.4,31.430573374877806,0
2013-09-03,03:03:46,10.8,25.491444179700228,0.06666666666666668
2013-09-03,03:08:46,6.4,22.2215985459433,0
2013-09-03,03:13:46,6.866666666666666,19.819235703812314,0.06666666666666668
2013-09-03,03:18:46,6.666666666666666,17.61711113147605,0.06666666666666668
2013-09-03,03:23:46,6.7333333333333325,19.218635447214076,0
2013-09-03,03:28:46,7.6,15.815386730205278,0
2013-09-03,03:33:46,7.0,17.21671096041056,0
2013-09-03,03:38:46,6.6,16.816348973607038,0.13333333333333333
2013-09-03,03:43:46,6.133333333333334,16.816348973607038,0
2013-09-03,03:48:46,6.6,17.016549059139784,0.13333333333333333
2013-09-03,03:53:47,6.0,17.41689831785598,0
2013-09-03,03:58:47,7.066666666666666,22.621998717008797,0
2013-09-03,04:03:47,12.0,23.556227598566313,0.13333333333333333
2013-09-03,04:08:47,6.533333333333334,24.223586673183444,0
2013-09-03,04:13:47,6.333333333333334,16.349215440697296,0.06666666666666668
2013-09-03,04:18:47,6.2666666666666675,17.617072947214076,0
2013-09-03,04:23:47,6.133333333333334,18.217711388074292,0
2013-09-03,04:28:47,6.666666666666666,19.218648175301407,0
2013-09-03,04:33:47,6.866666666666666,18.68480673672206,0.13333333333333333
2013-09-03,04:38:47,6.2666666666666675,19.885969065656564,0
2013-09-03,04:43:47,6.2,16.749602883675465,0
2013-09-03,04:48:47,6.4,15.548453282828284,0
2013-09-03,04:53:47,6.0,16.883031423101986,0
2013-09-03,04:58:47,6.933333333333334,20.419835960410555,0
2013-09-03,05:03:47,10.0,21.687757107363957,0.06666666666666668
2013-09-03,05:08:47,6.2,22.421785903388724,0
2013-09-03,05:13:47,6.0,18.48456846692734,0.06666666666666668
2013-09-03,05:18:47,6.2,19.285368809058323,0
2013-09-03,05:23:47,6.0,17.617072947214076,0
2013-09-03,05:28:47,6.0,15.41501201531443,0
2013-09-03,05:33:47,6.066666666666666,15.414986559139784,0
2013-09-03,05:38:47,6.133333333333334,15.28153256353861,0
2013-09-03,05:43:47,6.133333333333334,15.815348545943303,0.06666666666666668
2013-09-03,05:48:47,6.0,14.68093230694037,0
2013-09-03,05:53:47,6.0,17.750539670902572,0
2013-09-03,05:58:47,7.666666666666666,28.09403256353861,0
2013-09-03,06:03:47,9.6,25.358053824535677,0.06666666666666668
2013-09-03,06:08:47,6.0,18.48459392310199,0
2013-09-03,06:13:47,6.2666666666666675,16.549453710492017,0.06666666666666668
2013-09-03,06:18:47,6.2,15.882043723525573,0
2013-09-03,06:23:47,6.4,16.08232017758227,0
2013-09-03,06:28:47,6.2666666666666675,16.149040811339198,0
2013-09-03,06:33:47,6.0,15.148053111762794,0
2013-09-03,06:38:48,6.4,17.950739756435325,0
2013-09-03,06:43:48,6.0,18.618111559139784,0
2013-09-03,06:48:48,6.0,17.350177684099055,0
2013-09-03,06:53:48,6.2,17.68383176523298,0
2013-09-03,06:58:48,6.6,20.28639469289671,0
2013-09-03,07:03:48,9.466666666666667,24.557228026230046,0.06666666666666668
2013-09-03,07:08:48,6.2,20.553315412186375,0
2013-09-03,07:13:48,6.0,15.748640640273706,0.06666666666666668
2013-09-03,07:18:48,6.2666666666666675,17.617123859563375,0
2013-09-03,07:23:48,6.133333333333334,18.017485846366892,0
2013-09-03,07:28:48,6.2,16.282507535027698,0
2013-09-03,07:33:48,6.0,15.348227741120882,0
2013-09-03,07:38:48,6.2,16.34920271260997,0
2013-09-03,07:43:48,6.0,17.283444322254805,0
2013-09-03,07:48:48,6.133333333333334,17.08320605246008,0
2013-09-03,07:53:48,6.0,17.483644407787548,0
2013-09-03,07:58:48,6.8,21.887969920984034,0
2013-09-03,08:03:48,9.6,22.221573089768647,0.06666666666666668
2013-09-03,08:08:48,6.0,17.950752484522646,0
2013-09-03,08:13:48,6.4,16.01554863147605,0.13333333333333333
2013-09-03,08:18:48,6.0,16.54940279814272,0
2013-09-03,08:23:48,6.8,16.94973932877159,0.2
2013-09-03,08:28:48,6.4,15.214786473607036,0.13333333333333333
2013-09-03,08:33:48,7.0,15.548440554740958,0.06666666666666668
2013-09-03,08:38:48,6.666666666666666,17.283444322254805,0
2013-09-03,08:43:48,10.4,31.29715756353861,0.06666666666666668
2013-09-03,08:48:48,6.2666666666666675,26.22553661616162,0.2
2013-09-03,08:53:48,6.2666666666666675,19.885969065656564,0
2013-09-03,08:58:48,8.4,36.168552969208214,0.6
2013-09-03,09:03:48,9.533333333333333,31.564091010915607,0.06666666666666668
2013-09-03,09:08:49,6.2666666666666675,21.554290383675465,0.06666666666666668
2013-09-03,09:13:49,6.2666666666666675,18.41783510508309,0.06666666666666668
2013-09-03,09:18:49,6.6,17.483606223525573,0.3333333333333333
2013-09-03,09:23:49,6.2666666666666675,18.15092711388074,0.13333333333333333
2013-09-03,09:28:49,6.133333333333334,17.68381903714565,0.06666666666666668
2013-09-03,09:33:49,6.133333333333334,16.482669436298465,0.26666666666666666
2013-09-03,09:38:49,6.6,18.551327284946233,0
2013-09-03,09:43:49,6.8,20.553302684099055,0.2
2013-09-03,09:48:49,6.133333333333334,18.417847833170413,0
2013-09-03,09:53:49,6.666666666666666,16.94975205685891,0.26666666666666666
2013-09-03,09:58:49,7.333333333333334,19.41884826083415,0
2013-09-03,10:03:49,11.133333333333333,25.95857771260997,0.26666666666666666
2013-09-03,10:08:49,6.2,20.620010589768658,0
2013-09-03,10:13:49,7.0,17.617072947214076,0.13333333333333333
2013-09-03,10:18:49,6.2666666666666675,19.55230225643532,0
2013-09-03,10:23:49,6.466666666666666,17.95070157217334,0
2013-09-03,10:28:49,6.333333333333334,17.683806309058326,0
2013-09-03,10:33:49,6.7333333333333325,17.884019122678396,0.2
2013-09-03,10:38:49,6.6,17.483606223525573,0.4666666666666667
2013-09-03,10:43:49,6.133333333333334,19.885994521831215,0
2013-09-03,10:48:49,7.0,19.75250234196807,0.4
2013-09-03,10:53:49,6.666666666666666,17.216672776148584,0.06666666666666668
2013-09-03,10:58:49,6.7333333333333325,24.55721529814272,0.13333333333333333
2013-09-03,11:03:49,10.666666666666668,26.358965155588137,0.4
2013-09-03,11:08:49,6.2,20.68676940778755,0.06666666666666668
2013-09-03,11:13:49,6.466666666666666,20.086169151189313,0.06666666666666668
2013-09-03,11:18:49,6.466666666666666,19.08516872352558,0.06666666666666668
2013-09-03,11:23:49,6.466666666666666,16.81632351743239,0.2
2013-09-03,11:28:49,7.0,16.349228168784617,0.6666666666666666
2013-09-03,11:33:49,6.666666666666666,17.350164956011728,0.2
2013-09-03,11:38:49,7.066666666666666,19.418873717008797,0.5333333333333333
2013-09-03,11:43:49,6.066666666666666,19.08516872352558,0.2
2013-09-03,11:48:49,7.2666666666666675,20.620036045943305,0.4
2013-09-03,11:53:49,6.666666666666666,18.88501955034213,0.2
2013-09-03,11:58:50,6.933333333333334,16.74961561176279,0
2013-09-03,12:03:50,10.866666666666667,24.55721529814272,0.7333333333333333
2013-09-03,12:08:50,6.466666666666666,20.086169151189313,0.2
2013-09-03,12:13:50,6.533333333333334,21.420836388074292,0.13333333333333333
2013-09-03,12:18:50,6.066666666666666,18.48456846692734,0
2013-09-03,12:23:50,6.333333333333334,20.953702855164543,0
2013-09-03,12:28:50,6.7333333333333325,17.483618951612904,0.26666666666666666
2013-09-03,12:33:50,6.0,16.94980296920821,0
2013-09-03,12:38:50,6.866666666666666,19.352127627077227,0.3333333333333333
2013-09-03,12:43:50,7.333333333333334,17.283431594167478,0.26666666666666666
2013-09-03,12:48:50,7.2,19.418835532746822,0.3333333333333333
2013-09-03,12:53:50,6.2666666666666675,21.82119837487781,0
2013-09-03,12:58:50,7.0,20.886969493320297,0.5333333333333333
2013-09-03,13:03:50,9.4,23.556253054740957,0.06666666666666668
2013-09-03,13:08:50,7.4,20.753477313457154,0.4666666666666667
2013-09-03,13:13:50,6.533333333333334,21.020436217008797,0.2
2013-09-03,13:18:50,6.8,20.419848688497883,0.26666666666666666
2013-09-03,13:23:50,6.333333333333334,21.287331480123818,0.13333333333333333
2013-09-03,13:28:50,7.2666666666666675,16.816285333170416,0.6666666666666666
2013-09-03,13:33:50,6.2,18.217673203812318,0.06666666666666668
2013-09-03,13:38:50,6.533333333333334,16.149015355164554,0.26666666666666666
2013-09-03,13:43:50,6.8,18.951701999837077,0.3333333333333333
2013-09-03,13:48:50,6.666666666666666,18.68476855246008,0.2
2013-09-03,13:53:50,7.333333333333334,20.6867439516129,0.13333333333333333
2013-09-03,13:58:50,7.8,29.895756964809383,0
2013-09-03,14:03:50,9.866666666666667,26.292295434180513,0.2
2013-09-03,14:08:50,6.533333333333334,21.220610846366892,0.06666666666666668
2013-09-03,14:13:51,6.0,15.815323089768658,0.06666666666666668
2013-09-03,14:18:51,6.2,14.747691124959273,0.13333333333333333
2013-09-03,14:23:51,6.0,17.81728576083415,0
2013-09-03,14:28:51,6.0,18.484670291625935,0
2013-09-03,14:33:51,6.6,23.222560789345064,0.3333333333333333
2013-09-03,14:38:51,6.466666666666666,18.81823527614858,0.13333333333333333
2013-09-03,14:43:51,6.0,16.749602883675465,0
2013-09-03,14:48:51,6.0,15.948840725806452,0
2013-09-03,14:53:51,6.8,16.015586815738025,0.3333333333333333
2013-09-03,14:58:51,7.333333333333334,21.22067448680352,0.26666666666666666
2013-09-03,15:03:51,9.733333333333334,22.42179863147605,0.26666666666666666
2013-09-03,15:08:51,6.133333333333334,20.48656932225481,0.13333333333333333
2013-09-03,15:13:51,6.2666666666666675,18.351139927500817,0.26666666666666666
2013-09-03,15:18:51,6.866666666666666,21.821236559139784,0.5333333333333333
2013-09-03,15:23:51,6.133333333333334,18.084168295861847,0
2013-09-03,15:28:51,6.0,19.819273888074292,0
2013-09-03,15:33:51,6.2,17.01651087487781,0.13333333333333333
2013-09-03,15:38:51,6.6,17.41687286168133,0.2
2013-09-03,15:43:51,6.0,17.68386994949495,0
2013-09-03,15:48:51,7.333333333333334,17.617149315738022,1.4666666666666666
2013-09-03,15:53:51,7.533333333333334,18.417860561257733,8.733333333333333
2013-09-03,15:58:51,7.2,21.287331480123818,6.7333333333333325
2013-09-03,16:03:51,10.4,25.424761730205276,3.1333333333333333
2013-09-03,16:08:51,6.2,19.61903561827957,0
2013-09-03,16:13:51,6.2,17.149977598566306,0.06666666666666668
2013-09-03,16:18:51,6.8,19.55230225643532,0
2013-09-03,16:23:51,6.7333333333333325,20.219674059139788,0.4
2013-09-03,16:28:51,6.933333333333334,20.019435789345064,0.3333333333333333
2013-09-03,16:33:51,7.8,18.684819464809387,0.5333333333333333
2013-09-03,16:38:51,6.4,16.816310789345064,0.13333333333333333
2013-09-03,16:43:51,7.066666666666666,18.81823527614858,0.5333333333333333
2013-09-03,16:48:51,6.8,20.82023613147605,0.13333333333333333
2013-09-03,16:53:51,6.533333333333334,18.017434934017594,0.13333333333333333
2013-09-03,16:58:51,8.533333333333333,27.560178396871947,1.0
2013-09-03,17:03:51,9.866666666666667,29.62888715786901,0.3333333333333333
2013-09-03,17:08:51,6.8,23.823199230205276,0.26666666666666666
2013-09-03,17:13:51,6.8,15.615148460410555,0.26666666666666666
2013-09-03,17:18:52,6.2,14.680906850765721,0.2
2013-09-03,17:23:52,6.0,16.61614888807429,0
2013-09-03,17:28:52,6.2,17.016472690615835,0.13333333333333333
2013-09-03,17:33:52,6.6,19.619073802541546,0.06666666666666668
2013-09-03,17:38:52,6.533333333333334,17.416911045943305,0.26666666666666666
2013-09-03,17:43:52,6.533333333333334,17.61711113147605,0.5333333333333333
2013-09-03,17:48:52,6.133333333333334,15.615186644672532,0.13333333333333333
2013-09-03,17:53:52,6.6,17.817234848484848,0.8
2013-09-03,17:58:52,8.0,29.094969350765727,0.13333333333333333
2013-09-03,18:03:52,9.6,27.226524315738025,0.13333333333333333
2013-09-03,18:08:52,6.2666666666666675,22.621960532746822,0.2
2013-09-03,18:13:52,6.533333333333334,20.019435789345064,0.26666666666666666
2013-09-03,18:18:52,7.0,16.148977170902572,0.26666666666666666
2013-09-03,18:23:52,6.7333333333333325,17.61706021912675,0.13333333333333333
2013-09-03,18:28:52,9.4,17.08328242098403,0.13333333333333333
2013-09-03,18:33:52,6.4,18.017473118279568,0.13333333333333333
2013-09-03,18:38:52,6.133333333333334,20.219635874877813,0.2
2013-09-03,18:43:52,6.533333333333334,17.216672776148584,0.13333333333333333
2013-09-03,18:48:52,6.0,18.217635019550343,0
2013-09-03,18:53:52,6.0,14.347278225806454,0.2
2013-09-03,18:58:52,6.8,23.823148317855978,0
2013-09-03,19:03:52,10.266666666666667,25.958590440697293,0.7333333333333333
2013-09-03,19:08:52,6.7333333333333325,21.620998289345064,0.3333333333333333
2013-09-03,19:13:52,6.466666666666666,18.28440656565656,0.2
2013-09-03,19:18:52,6.466666666666666,14.947814841968068,0.13333333333333333
2013-09-03,19:23:52,6.466666666666666,18.41783510508309,0.2
2013-09-03,19:28:52,6.666666666666666,15.08134520609319,0.4
2013-09-03,19:33:52,6.7333333333333325,17.283444322254805,0.3333333333333333
2013-09-03,19:38:52,6.333333333333334,17.21671096041056,0.3333333333333333
2013-09-03,19:43:52,6.4,16.349177256435322,0
2013-09-03,19:48:52,6.6,20.753502769631805,0.2
2013-09-03,19:53:52,6.866666666666666,17.817234848484848,0.26666666666666666
2013-09-03,19:58:53,8.8,28.42768664467253,0.2
2013-09-03,20:03:53,9.866666666666667,28.360966010915607,0.06666666666666668
2013-09-03,20:08:53,6.4,22.22163673020528,0.13333333333333333
2013-09-03,20:13:53,6.0,18.75154009856631,0.06666666666666668
2013-09-03,20:18:53,6.4,16.48268216438579,0.13333333333333333
2013-09-03,20:23:53,6.2666666666666675,17.350164956011728,0.13333333333333333
2013-09-03,20:28:53,6.133333333333334,18.484581195014663,0
2013-09-03,20:33:53,6.2,16.61614888807429,0
2013-09-03,20:38:53,6.4,14.947840298142717,0
2013-09-03,20:43:53,6.466666666666666,15.681894550342133,0.06666666666666668
2013-09-03,20:48:53,6.8,18.41791147360704,0.26666666666666666
2013-09-03,20:53:53,6.2666666666666675,18.551301828771585,0.06666666666666668
2013-09-03,20:58:53,7.2666666666666675,20.35307714239166,0.13333333333333333
2013-09-03,21:03:53,10.266666666666667,27.693619664385793,0.26666666666666666
2013-09-03,21:08:53,6.2,20.753490041544477,0
2013-09-03,21:13:53,6.2,15.481719920984036,0.2
2013-09-03,21:18:53,6.0,18.95174018409906,0
2013-09-03,21:23:53,6.2,17.75059058325187,0.13333333333333333
2013-09-03,21:28:53,6.533333333333334,19.08519417970023,0
2013-09-03,21:33:53,6.2,17.88398093841642,0.13333333333333333
2013-09-03,21:38:53,6.2,17.21669823232323,0
2013-09-03,21:43:53,6.2666666666666675,17.083180596285434,0.06666666666666668
2013-09-03,21:48:53,6.333333333333334,17.617072947214076,0
2013-09-03,21:53:53,6.6,16.816348973607038,0.06666666666666668
2013-09-03,21:58:53,7.133333333333334,21.08716957885305,0.13333333333333333
2013-09-03,22:03:53,9.533333333333333,25.424723545943305,0.06666666666666668
2013-09-03,22:08:53,6.333333333333334,19.55230225643532,0.13333333333333333
2013-09-03,22:13:53,6.2,15.815374002117952,0.06666666666666668
2013-09-03,22:18:53,6.866666666666666,17.95071430026067,0.06666666666666668
2013-09-03,22:23:53,6.533333333333334,18.751501914304335,0
2013-09-03,22:28:53,6.2666666666666675,16.54940279814272,0
2013-09-03,22:33:54,6.066666666666666,20.152915241120883,0.06666666666666668
2013-09-03,22:38:54,6.533333333333334,18.484632107363964,0
2013-09-03,22:43:54,6.2,16.21573598892147,0.2
2013-09-03,22:48:54,6.0,16.349228168784617,0.13333333333333333
2013-09-03,22:53:54,6.533333333333334,20.353102598566313,0.7333333333333333
2013-09-03,22:58:54,7.466666666666666,20.953702855164543,0.2
2013-09-03,23:03:54,10.0,24.156840583251878,0.13333333333333333
2013-09-03,23:08:54,6.133333333333334,21.621023745519718,0
2013-09-03,23:13:54,8.133333333333333,17.283444322254805,0.4666666666666667
2013-09-03,23:18:54,7.0,21.487569749918542,0.13333333333333333
2013-09-03,23:23:54,6.2666666666666675,20.286369236722056,0
2013-09-03,23:28:54,6.8,20.753502769631805,0.2
2013-09-03,23:33:54,8.466666666666667,21.08716957885305,0
2013-09-03,23:38:54,7.4,19.418835532746822,0
2013-09-03,23:43:54,6.7333333333333325,19.685768980123814,0.2
2013-09-03,23:48:54,6.2666666666666675,17.884019122678396,0
2013-09-03,23:53:54,6.0,18.417860561257733,0
2013-09-03,23:58:54,8.333333333333334,31.96445299771913,0.5333333333333333
2013-09-04,00:03:54,9.466666666666667,28.29416900863474,0.13333333333333333
2013-09-04,00:08:54,6.0,21.287369664385793,0
2013-09-04,00:13:54,7.4,17.750552398989896,0.26666666666666666
2013-09-04,00:18:54,7.666666666666666,23.6896943222548,0.13333333333333333
2013-09-04,00:23:54,6.0,23.689732506516776,0
2013-09-04,00:28:54,6.0,20.086169151189313,0
2013-09-04,00:33:54,6.2,21.420836388074292,0
2013-09-04,00:38:54,6.2666666666666675,22.555265355164543,0.06666666666666668
2013-09-04,00:43:54,6.4,18.751501914304335,0
2013-09-04,00:48:54,6.0,18.951701999837077,0
2013-09-04,00:53:54,6.0,19.01843536168133,0
2013-09-04,00:58:54,7.6,31.69749409416748,0
2013-09-04,01:03:54,9.6,27.560203853046588,0.06666666666666668
2013-09-04,01:08:54,6.133333333333334,22.955703710492013,0
2013-09-04,01:13:54,6.0,18.48456846692734,0.06666666666666668
2013-09-04,01:18:54,6.866666666666666,18.68480673672206,0.13333333333333333
2013-09-04,01:23:54,6.333333333333334,17.750539670902572,0.2
2013-09-04,01:28:54,6.2,17.283418866080154,0
2013-09-04,01:33:54,12.066666666666668,43.64252403062888,1.5333333333333334
2013-09-04,01:38:55,6.333333333333334,38.10378227842946,1.1333333333333333
2013-09-04,01:43:55,6.0,19.61903561827957,0
2013-09-04,01:48:55,6.133333333333334,15.681932734604104,0
2013-09-04,01:53:55,6.4,17.550365041544477,0
2013-09-04,01:58:55,6.6,18.88496863799283,0
2013-09-04,02:03:55,29.53333333333333,24.957577284946236,0.13333333333333333
2013-09-04,02:08:55,6.6,23.222560789345064,0
2013-09-04,02:13:55,6.2,17.21671096041056,0.06666666666666668
2013-09-04,02:18:55,6.4,16.215710532746826,0
2013-09-04,02:23:55,6.4,15.615186644672532,0
2013-09-04,02:28:55,7.066666666666666,13.880157420984032,0
2013-09-04,02:33:55,6.0,14.680919578853043,0
2013-09-04,02:38:56,6.2666666666666675,13.012585532746822,0
2013-09-04,02:43:56,6.533333333333334,16.68288224991854,0
2013-09-04,02:48:56,6.333333333333334,18.618060646790482,0
2013-09-04,02:53:56,6.466666666666666,18.017511302541543,0
2013-09-04,02:58:56,7.133333333333334,18.21773684424894,0
2013-09-04,03:03:56,10.785714285714288,23.09389619117442,0.07142857142857142
2013-09-04,03:08:56,7.533333333333334,19.01843536168133,0
2013-09-04,03:13:56,6.466666666666666,17.083244236722056,0.06666666666666668
2013-09-04,03:18:56,6.533333333333334,16.816310789345064,0
2013-09-04,03:23:56,6.8,14.614186217008799,0
2013-09-04,03:28:56,6.8,15.14801492750082,0
2013-09-04,03:33:56,6.7333333333333325,16.61614888807429,0
2013-09-04,03:38:56,6.666666666666666,17.216672776148584,0
2013-09-04,03:43:56,6.2666666666666675,16.415948802541543,0
2013-09-04,03:48:56,6.2666666666666675,17.01651087487781,0
2013-09-04,03:53:56,6.133333333333334,16.816348973607038,0
2013-09-04,03:58:56,6.8,19.819273888074292,0
2013-09-04,04:03:56,9.6,21.020436217008797,0.06666666666666668
2013-09-04,04:08:56,6.4,20.15290251303356,0
2013-09-04,04:13:56,6.2666666666666675,17.01648541870316,0.06666666666666668
2013-09-04,04:18:56,6.466666666666666,20.620036045943305,0
2013-09-04,04:23:56,6.466666666666666,15.748640640273706,0
2013-09-04,04:28:56,6.666666666666666,17.550352313457154,0.2
2013-09-04,04:33:56,6.066666666666666,18.55136546920821,0
2013-09-04,04:38:56,8.0,17.950739756435325,0
2013-09-04,04:43:56,6.466666666666666,17.617123859563375,0.06666666666666668
2013-09-04,04:48:56,6.4,18.684832192896714,0
2013-09-04,04:53:56,6.2666666666666675,16.949764784946236,0
2013-09-04,04:58:56,6.6,21.754503197295538,0
2013-09-04,05:03:56,9.266666666666666,25.62493635956338,0.06666666666666668
2013-09-04,05:08:57,6.0,20.753477313457154,0
2013-09-04,05:13:57,6.0,19.285368809058323,0.06666666666666668
2013-09-04,05:18:57,6.0,17.21671096041056,0
2013-09-04,05:23:57,6.0,17.283393409905507,0
2013-09-04,05:28:57,6.0,14.881132392473118,0
2013-09-04,05:33:57,6.2,19.75252779814272,0
2013-09-04,05:38:57,6.0,17.483644407787548,0
2013-09-04,05:43:57,6.2,16.41591061827957,0
2013-09-04,05:48:57,6.0,17.350164956011728,0
2013-09-04,05:53:57,6.133333333333334,19.085232363962206,0
2013-09-04,05:58:57,6.6,23.289294151189317,0
2013-09-04,06:03:57,9.733333333333334,22.62203690127077,0.06666666666666668
2013-09-04,06:08:57,6.466666666666666,19.08519417970023,0
2013-09-04,06:13:57,6.4,16.349228168784617,0.06666666666666668
2013-09-04,06:18:57,6.0,16.149015355164554,0
2013-09-04,06:23:57,6.0,18.01746039019224,0
2013-09-04,06:28:57,6.4,17.750565127077223,0
2013-09-04,06:33:57,6.0,17.41689831785598,0
2013-09-04,06:38:57,6.133333333333334,15.28153256353861,0
2013-09-04,06:43:57,6.133333333333334,15.748602456011728,0
2013-09-04,06:48:57,6.0,14.280557592049526,0
2013-09-04,06:53:57,6.2,14.413986131476051,0
2013-09-04,06:58:57,7.6,26.092082620560447,0
2013-09-04,07:03:57,9.4,30.229436502117952,0.06666666666666668
2013-09-04,07:08:57,6.0,19.75251507005539,0
2013-09-04,07:13:58,6.2666666666666675,16.082281993320297,0.06666666666666668
2013-09-04,07:18:58,6.466666666666666,15.815348545943303,0
2013-09-04,07:23:58,6.333333333333334,18.351139927500817,0
2013-09-04,07:28:58,6.2,19.418911901270775,0
2013-09-04,07:33:58,6.0,14.614224401270773,0
2013-09-04,07:38:58,6.0,18.484644835451284,0
2013-09-04,07:43:58,6.0,17.750641495601176,0
2013-09-04,07:48:58,6.2,16.68285679374389,0.26666666666666666
2013-09-04,07:53:58,6.2,16.816298061257736,0
2013-09-04,07:58:58,7.666666666666666,23.222598973607038,0.06666666666666668
2013-09-04,08:03:58,9.2,27.693632392473123,0.06666666666666668
2013-09-04,08:08:58,6.0,18.35112719941349,0
2013-09-04,08:13:58,6.066666666666666,16.2824566226784,0.06666666666666668
2013-09-04,08:18:58,6.0,17.216660048061257,0
2013-09-04,08:23:58,6.4,16.549415526230046,0
2013-09-04,08:28:58,6.0,15.148053111762794,0
2013-09-04,08:33:58,6.2,18.61807337487781,0
2013-09-04,08:38:58,11.266666666666667,20.553302684099055,0.13333333333333333
2013-09-04,08:43:58,6.333333333333334,30.763277940697286,0
2013-09-04,08:48:58,6.666666666666666,21.220636302541546,0.26666666666666666
2013-09-04,08:53:58,6.2,19.885969065656564,0
2013-09-04,08:58:58,6.6,17.95079066878462,0
2013-09-04,09:03:58,9.6,23.022437072336267,0.4
2013-09-04,09:08:58,6.133333333333334,19.552289528347995,0
2013-09-04,09:13:58,6.333333333333334,18.150952570055388,0.06666666666666668
2013-09-04,09:18:58,6.133333333333334,17.016549059139784,0
2013-09-04,09:23:58,6.2,16.48268216438579,0.13333333333333333
2013-09-04,09:28:58,6.2666666666666675,19.285368809058323,0
2013-09-04,09:33:58,6.066666666666666,20.219635874877813,0
2013-09-04,09:38:58,6.2,17.617072947214076,0.06666666666666668
2013-09-04,09:43:58,6.6,17.75051421472792,0.4666666666666667
2013-09-04,09:48:58,6.7333333333333325,16.415974258716194,0.2
2013-09-04,09:53:58,6.533333333333334,18.951714727924408,0.3333333333333333
2013-09-04,09:58:58,7.133333333333334,21.95471601091561,0.2
2013-09-04,10:03:58,9.4,26.158803254317363,0.06666666666666668
2013-09-04,10:08:58,6.333333333333334,20.353102598566313,0
2013-09-04,10:13:58,6.0,15.681894550342133,0.13333333333333333
2013-09-04,10:18:58,6.8,16.949790241120883,0.06666666666666668
2013-09-04,10:23:58,7.133333333333334,19.285406993320294,0.13333333333333333
2013-09-04,10:28:58,6.2666666666666675,19.685807164385793,0.4
2013-09-04,10:33:58,6.933333333333334,18.150901657706093,0.4
2013-09-04,10:38:58,7.066666666666666,16.616110703812318,0.4666666666666667
2013-09-04,10:43:58,6.866666666666666,16.2824566226784,0.2
2013-09-04,10:48:58,6.0,17.083244236722056,0
2013-09-04,10:53:58,6.466666666666666,16.68286952183122,0.2
2013-09-04,10:58:58,6.933333333333334,19.75250234196807,0.13333333333333333
2013-09-04,11:03:58,10.333333333333332,22.888919436298472,0.4666666666666667
2013-09-04,11:08:58,7.333333333333334,22.488544721407624,0.8
2013-09-04,11:13:58,6.7333333333333325,19.885969065656564,0.6
2013-09-04,11:18:59,6.2666666666666675,21.08718230694037,0.13333333333333333
2013-09-04,11:23:59,6.066666666666666,20.48656932225481,0
2013-09-04,11:28:59,6.466666666666666,18.417873289345064,0.06666666666666668
2013-09-04,11:33:59,6.7333333333333325,15.548453282828284,0.13333333333333333
2013-09-04,11:38:59,7.2,18.751501914304335,0.3333333333333333
2013-09-04,11:43:59,6.933333333333334,19.95270242750081,0.4666666666666667
2013-09-04,11:48:59,7.066666666666666,20.15290251303356,0.2
2013-09-04,11:53:59,6.8,17.216723688497883,0
2013-09-04,11:58:59,7.133333333333334,17.416936502117956,0.26666666666666666
2013-09-04,12:03:59,9.466666666666667,23.155827427500817,0.06666666666666668
2013-09-04,12:08:59,7.466666666666666,20.48656932225481,0.6666666666666666
2013-09-04,12:13:59,6.533333333333334,20.620048774030632,0.06666666666666668
2013-09-04,12:18:59,6.8,21.35405211388074,0.2
2013-09-04,12:23:59,6.2666666666666675,17.016523602965133,0
2013-09-04,12:28:59,7.0,16.549415526230046,0.6
2013-09-04,12:33:59,7.2666666666666675,19.285394265232974,0.3333333333333333
2013-09-04,12:38:59,6.7333333333333325,23.222598973607038,0.13333333333333333
2013-09-04,12:43:59,6.571428571428571,20.80593612536657,0.14285714285714285
2013-09-04,12:48:59,6.2142857142857135,17.80298939132105,0
2013-09-04,12:53:59,6.2857142857142865,18.08901678798352,0
2013-09-04,12:58:59,6.857142857142858,21.520895519131408,0.14285714285714285
2013-09-04,13:03:59,9.933333333333334,23.422799059139784,0.26666666666666666
2013-09-04,13:09:00,6.071428571428571,19.44742190772937,0
2013-09-04,13:14:00,6.7142857142857135,21.735436522482892,0.21428571428571427
2013-09-04,13:19:00,6.928571428571429,20.3054359115347,0.5
2013-09-04,13:24:00,6.2142857142857135,20.80593612536657,0
2013-09-04,13:29:00,6.7857142857142865,18.87543530058651,0.21428571428571427
2013-09-04,13:34:00,6.2142857142857135,16.51601611594051,0
2013-09-04,13:39:00,6.5,18.16044863234884,0
2013-09-04,13:44:00,6.2857142857142865,17.374043756982267,0.14285714285714285
2013-09-04,13:49:00,6.642857142857142,15.729583966101101,0.21428571428571427
2013-09-04,13:54:00,7.2,18.017485846366892,0.2
2013-09-04,13:59:00,8.066666666666666,24.623986844248947,0.06666666666666668
2013-09-04,14:04:00,9.466666666666667,28.828074087650702,0.06666666666666668
2013-09-04,14:09:00,6.4,20.753502769631805,0
2013-09-04,14:14:00,6.6,19.685768980123814,0.26666666666666666
2013-09-04,14:19:00,8.0,32.43157380254154,0
2013-09-04,14:24:00,6.466666666666666,33.365828140273706,0.06666666666666668
2013-09-04,14:29:00,6.466666666666666,21.55430311176278,0.13333333333333333
2013-09-04,14:34:00,6.8,18.81823527614858,0.3333333333333333
2013-09-04,14:39:00,6.866666666666666,16.54940279814272,0
2013-09-04,14:44:00,6.333333333333334,16.883056879276637,0.13333333333333333
2013-09-04,14:49:00,6.333333333333334,15.348278653470187,0.13333333333333333
2013-09-04,14:54:00,7.066666666666666,20.620036045943305,0.4
2013-09-04,14:59:00,6.933333333333334,18.751501914304335,0.06666666666666668
2013-09-04,15:04:00,9.8,25.22451073232323,0.2
2013-09-04,15:09:00,7.133333333333334,22.355065269631798,0.13333333333333333
2013-09-04,15:14:00,6.6,23.422773602965137,0.2
2013-09-04,15:19:00,7.2,20.15290251303356,0.13333333333333333
2013-09-04,15:24:01,6.4,19.885969065656564,0.06666666666666668
2013-09-04,15:29:01,6.066666666666666,17.817273032746826,0
2013-09-04,15:34:01,6.133333333333334,17.950752484522646,0
2013-09-04,15:39:01,6.6,18.618060646790482,0.3333333333333333
2013-09-04,15:44:01,6.333333333333334,20.68676940778755,0
2013-09-04,15:49:01,6.4,21.954665098566302,0.13333333333333333
2013-09-04,15:54:01,6.6,18.81827346041056,0.4666666666666667
2013-09-04,15:59:01,7.2,20.019435789345064,0.06666666666666668
2013-09-04,16:04:01,10.2,25.22451073232323,0.6
2013-09-04,16:09:01,6.866666666666666,19.885943609481917,0.2
2013-09-04,16:14:01,6.333333333333334,18.084219208211145,0.2
2013-09-04,16:19:01,7.0,17.21669823232323,0.06666666666666668
2013-09-04,16:24:01,6.8,20.48656932225481,0.3333333333333333
2013-09-04,16:29:01,6.133333333333334,17.350177684099055,0.13333333333333333
2013-09-04,16:34:01,6.466666666666666,17.283444322254805,0
2013-09-04,16:39:01,7.333333333333334,19.685768980123814,0.5333333333333333
2013-09-04,16:44:01,6.6,18.28440656565656,0.2
2013-09-04,16:49:01,7.933333333333334,19.6190483463669,0.7333333333333333
2013-09-04,16:54:01,8.466666666666667,19.75250234196807,0.5333333333333333
2013-09-04,16:59:01,7.0,19.685845348647767,0
2013-09-04,17:04:01,9.733333333333334,24.290281850765723,0.4666666666666667
2013-09-04,17:09:01,6.2,19.819248431899638,0
2013-09-04,17:14:01,6.933333333333334,17.88400639459107,0.2
2013-09-04,17:19:01,6.2666666666666675,19.75252779814272,0.13333333333333333
2013-09-04,17:24:02,6.0,21.687769835451284,0
2013-09-04,17:29:02,6.2,18.084168295861847,0
2013-09-04,17:34:02,6.7333333333333325,19.685768980123814,0.8
2013-09-04,17:39:02,7.066666666666666,18.017473118279568,0.2
2013-09-04,17:44:02,7.2,18.68476855246008,0.3333333333333333
2013-09-04,17:49:02,6.4,17.8173112170088,0
2013-09-04,17:54:02,6.7333333333333325,18.68478128054741,0.3333333333333333
2013-09-04,17:59:02,7.133333333333334,22.55527808325187,0.06666666666666668
2013-09-04,18:04:02,9.733333333333334,29.295182164385793,0.2
2013-09-04,18:09:02,6.8,23.489532420984037,0.26666666666666666
2013-09-04,18:14:01,6.6,22.15483972792441,0.3333333333333333
2013-09-04,18:19:01,6.933333333333334,21.354103026230046,0.4
2013-09-04,18:24:01,6.133333333333334,18.217635019550343,0.13333333333333333
2013-09-04,18:29:01,7.066666666666666,16.616161616161616,0.2
2013-09-04,18:34:01,6.4,16.415974258716194,0.13333333333333333
2013-09-04,18:39:01,7.133333333333334,17.617149315738022,0.3333333333333333
2013-09-04,18:44:01,7.066666666666666,18.151003482404693,0
2013-09-04,18:49:01,6.466666666666666,17.350177684099055,0.06666666666666668
2013-09-04,18:54:01,6.133333333333334,18.217673203812318,0
2013-09-04,18:59:01,7.066666666666666,19.685768980123814,0.06666666666666668
2013-09-04,19:04:01,10.533333333333333,23.022386159986972,0.06666666666666668
2013-09-04,19:09:01,7.066666666666666,20.219635874877813,0
2013-09-04,19:14:01,6.533333333333334,16.68290770609319,0.26666666666666666
2013-09-04,19:19:02,6.933333333333334,18.484632107363964,0.13333333333333333
2013-09-04,19:24:02,6.2666666666666675,21.220636302541546,0.13333333333333333
2013-09-04,19:29:02,6.0,18.017511302541543,0
2013-09-04,19:34:02,7.0,17.083269692896707,0.5333333333333333
2013-09-04,19:39:02,6.466666666666666,17.21674914467253,0
2013-09-04,19:44:02,6.533333333333334,16.88306960736396,0
2013-09-04,19:49:02,6.2666666666666675,17.21671096041056,0.06666666666666668
2013-09-04,19:54:02,7.4,17.416911045943305,0.13333333333333333
2013-09-04,19:59:02,7.8,21.22067448680352,0.06666666666666668
2013-09-04,20:04:02,9.533333333333333,28.027286473607038,0.06666666666666668
2013-09-04,20:09:02,6.2,19.418873717008797,0
2013-09-04,20:14:02,6.133333333333334,16.282469350765723,0.06666666666666668
2013-09-04,20:19:02,6.533333333333334,16.816310789345064,0.06666666666666668
2013-09-04,20:24:02,5.266666666666667,14.414024315738025,0.26666666666666666
2013-09-04,20:29:02,4.833333333333333,17.09994666931411,0.4166666666666667
2013-09-04,20:34:02,6.6,17.68386994949495,0.13333333333333333
2013-09-04,20:39:02,6.533333333333334,17.68381903714565,0
2013-09-04,20:44:02,6.866666666666666,16.149040811339198,0.13333333333333333
2013-09-04,20:49:02,6.2,16.883005966927335,0
2013-09-04,20:54:02,8.8,17.416923774030632,0.2
2013-09-04,20:59:02,7.0,20.753515497719125,0.2
2013-09-04,21:04:02,9.2,25.89186980694037,0.06666666666666668
2013-09-04,21:09:02,6.4,21.153902940697293,0
2013-09-04,21:14:02,6.133333333333334,19.08516872352558,0.06666666666666668
2013-09-04,21:19:02,6.0,20.219635874877813,0
2013-09-04,21:24:02,6.2666666666666675,15.681932734604104,0
2013-09-04,21:29:02,5.071428571428573,16.301543298771122,0.21428571428571427
2013-09-04,21:34:02,6.4,19.819235703812314,0
2013-09-04,21:39:02,6.4,17.617034762952102,0
2013-09-04,21:44:03,6.2,19.21867363147605,0
2013-09-04,21:49:03,6.7333333333333325,18.81827346041056,0
2013-09-04,21:54:03,6.333333333333334,19.685743523949167,0
2013-09-04,21:59:03,6.933333333333334,21.420836388074292,0.13333333333333333
2013-09-04,22:04:03,9.533333333333333,22.421836815738025,0.2
2013-09-04,22:09:03,6.6,18.217673203812318,0.26666666666666666
2013-09-04,22:14:03,6.866666666666666,17.416911045943305,0.06666666666666668
2013-09-04,22:19:03,6.933333333333334,20.886969493320297,0.26666666666666666
2013-09-04,22:24:03,6.533333333333334,20.419848688497883,0.13333333333333333
2013-09-04,22:29:03,6.333333333333334,21.754503197295538,0.06666666666666668
2013-09-04,22:34:03,6.666666666666666,20.48656932225481,0.06666666666666668
2013-09-04,22:39:03,7.4,18.217635019550343,0.3333333333333333
2013-09-04,22:44:03,6.6,17.083269692896707,0
2013-09-04,22:49:03,6.2666666666666675,18.084193752036498,0.06666666666666668
2013-09-04,22:54:03,6.4,15.281558019713259,0
2013-09-04,22:59:03,7.4,20.553302684099055,0.13333333333333333
2013-09-04,23:04:03,9.533333333333333,26.559152513033563,0.13333333333333333
2013-09-04,23:09:03,6.2,19.151927541544477,0
2013-09-04,23:14:03,6.0,18.884981366080154,0
2013-09-04,23:19:03,6.4,17.61706021912675,0
2013-09-04,23:24:03,6.0,18.618060646790482,0
2013-09-04,23:29:03,6.2666666666666675,17.617034762952102,0
2013-09-04,23:34:03,6.0,17.750603311339198,0
2013-09-04,23:39:03,6.533333333333334,14.814424486803517,0.13333333333333333
2013-09-04,23:44:03,6.466666666666666,16.61614888807429,0
2013-09-04,23:49:03,6.2666666666666675,18.88496863799283,0
2013-09-04,23:54:03,6.2666666666666675,18.417860561257733,0.13333333333333333
2013-09-04,23:59:03,6.866666666666666,18.017511302541543,0
2013-09-05,00:04:03,9.333333333333334,27.093057592049526,0.13333333333333333
2013-09-05,00:09:03,6.133333333333334,18.417860561257733,0
2013-09-05,00:14:04,6.2666666666666675,16.54937734196807,0
2013-09-05,00:19:04,6.133333333333334,16.816298061257736,0
2013-09-05,00:24:04,6.2666666666666675,18.15092711388074,0
2013-09-05,00:29:04,6.2,18.417886017432384,0.13333333333333333
2013-09-05,00:34:04,7.866666666666666,17.483568039263606,0.13333333333333333
2013-09-05,00:39:04,6.2,16.34920271260997,0
2013-09-05,00:44:04,6.2,16.349215440697296,0
2013-09-05,00:49:04,6.2,15.214761017432387,0
2013-09-05,00:54:04,6.333333333333334,20.753540953893776,0.06666666666666668
2013-09-05,00:59:04,6.666666666666666,19.552378624959275,0
2013-09-05,01:04:04,9.4,24.757402655588137,0.13333333333333333
2013-09-05,01:09:04,6.333333333333334,18.551327284946233,0
2013-09-05,01:14:04,6.2,16.74956469941349,0
2013-09-05,01:19:04,7.0,17.61706021912675,0.13333333333333333
2013-09-05,01:24:04,6.4,18.417873289345064,0
2013-09-05,01:29:04,6.6,15.882069179700226,0.06666666666666668
2013-09-05,01:34:04,11.866666666666667,48.113531993320294,1.3333333333333333
2013-09-05,01:39:04,6.2666666666666675,31.630824372759847,0.7333333333333333
2013-09-05,01:44:04,6.0,17.350164956011728,0
2013-09-05,01:49:04,6.2666666666666675,17.283406137992827,0
2013-09-05,01:54:04,6.333333333333334,17.149977598566306,0
2013-09-05,01:59:04,7.7333333333333325,24.156802398989903,0
2013-09-05,02:04:04,30.2,29.89582060524601,0.2
2013-09-05,02:09:04,6.8,23.356040241120883,0
2013-09-05,02:14:04,7.0,18.417847833170413,0
2013-09-05,02:19:04,7.2,19.085245092049526,0
2013-09-05,02:24:05,6.866666666666666,17.75061603942652,0
2013-09-05,02:29:05,7.0,16.349189984522646,0
2013-09-05,02:34:05,7.333333333333334,15.681856366080158,0
2013-09-05,02:39:05,7.066666666666666,15.348253197295536,0
2013-09-05,02:44:05,7.466666666666666,15.414973831052459,0.13333333333333333
2013-09-05,02:49:05,6.7333333333333325,16.148977170902572,0
2013-09-05,02:54:05,7.0,17.884044578853043,0
2013-09-05,02:59:05,7.6,21.020410760834153,0
2013-09-05,03:04:05,11.266666666666667,26.42572397360704,0.13333333333333333
2013-09-05,03:09:05,7.0,20.019473973607038,0
2013-09-05,03:14:05,7.4,18.084231936298472,0.13333333333333333
2013-09-05,03:19:05,7.2,17.617149315738022,0
2013-09-05,03:24:05,7.066666666666666,16.61614888807429,0
2013-09-05,03:29:05,7.333333333333334,18.217673203812318,0.06666666666666668
2013-09-05,03:34:05,7.133333333333334,17.01651087487781,0
2013-09-05,03:39:05,6.7333333333333325,16.215748717008797,0
2013-09-05,03:44:05,6.2666666666666675,15.081319749918537,0
2013-09-05,03:49:05,6.333333333333334,17.617072947214076,0
2013-09-05,03:54:05,6.2,17.15000305474096,0
2013-09-05,03:59:05,7.066666666666666,17.8173112170088,0
2013-09-05,04:04:05,10.0,24.22359940127077,0.13333333333333333
2013-09-05,04:09:05,6.7333333333333325,17.41689831785598,0
2013-09-05,04:14:05,6.4,18.81827346041056,0
2013-09-05,04:19:05,7.2666666666666675,15.548453282828284,0
2013-09-05,04:24:05,6.7333333333333325,15.081319749918537,0
2013-09-05,04:29:05,6.533333333333334,17.617072947214076,0
2013-09-05,04:34:05,6.4,16.549364613880744,0
2013-09-05,04:39:05,6.933333333333334,18.017473118279568,0.06666666666666668
2013-09-05,04:44:05,6.4,17.416911045943305,0
2013-09-05,04:49:05,6.2,15.615186644672532,0
2013-09-05,04:54:05,6.6,16.015586815738025,0
2013-09-05,04:59:05,7.2666666666666675,22.488493809058323,0
2013-09-05,05:04:05,10.666666666666668,35.0340985459433,8.466666666666667
2013-09-05,05:09:05,6.2,22.02139846041056,0
2013-09-05,05:14:05,6.2,18.017434934017594,0
2013-09-05,05:19:05,6.466666666666666,17.283444322254805,0.06666666666666668
2013-09-05,05:24:05,6.0,18.81827346041056,0
2013-09-05,05:29:05,6.2,19.018473545943305,0
2013-09-05,05:34:05,6.133333333333334,19.01843536168133,0.13333333333333333
2013-09-05,05:39:05,7.0,16.61614888807429,0.13333333333333333
2013-09-05,05:44:05,6.4,18.484632107363964,0
2013-09-05,05:49:05,6.4,14.680957763115018,0
2013-09-05,05:54:05,6.4,15.548491467090257,0
2013-09-05,05:59:05,8.066666666666666,21.020436217008797,0
2013-09-05,06:04:05,11.333333333333332,35.034136730205276,8.4
2013-09-05,06:09:05,6.2,23.956653225806452,0
2013-09-05,06:14:05,6.0,16.616174344248943,0
2013-09-05,06:19:05,6.4,16.549364613880744,0
2013-09-05,06:24:05,6.0,16.34920271260997,0
2013-09-05,06:29:05,6.666666666666666,16.749602883675465,0
2013-09-05,06:34:06,6.066666666666666,15.548415098566313,0
2013-09-05,06:39:06,6.066666666666666,17.016472690615835,0
2013-09-05,06:44:06,6.2666666666666675,18.01746039019224,0
2013-09-05,06:49:06,6.4,17.617098403388724,0
2013-09-05,06:54:06,6.4,16.282469350765723,0
2013-09-05,06:59:06,7.6,17.61711113147605,0
2013-09-05,07:04:06,9.733333333333334,24.824123289345064,0.06666666666666668
2013-09-05,07:09:06,6.533333333333334,19.75250234196807,0.06666666666666668
2013-09-05,07:14:06,6.2,20.019435789345064,0
2013-09-05,07:19:06,6.4,17.483606223525573,0
2013-09-05,07:24:06,6.4,20.68676940778755,0
2013-09-05,07:29:06,6.2,18.217698659986965,0
2013-09-05,07:34:06,6.0,19.018473545943305,0
2013-09-05,07:39:06,6.4,19.018473545943305,0
2013-09-05,07:44:06,6.333333333333334,16.81633624551971,0
2013-09-05,07:49:06,6.4,16.61612343189964,0
2013-09-05,07:54:06,6.466666666666666,17.750539670902572,0
2013-09-05,07:59:06,8.133333333333333,20.686782135874875,0.06666666666666668
2013-09-05,08:04:06,9.533333333333333,29.428648888074292,0.13333333333333333
2013-09-05,08:09:06,6.0,19.68578170821114,0
2013-09-05,08:14:06,6.666666666666666,19.35214035516455,0.13333333333333333
2013-09-05,08:19:06,6.133333333333334,17.083269692896707,0.13333333333333333
2013-09-05,08:24:06,6.0,15.348291381557514,0
2013-09-05,08:29:07,6.0,16.01554863147605,0
2013-09-05,08:34:07,6.466666666666666,16.61614888807429,0.13333333333333333
2013-09-05,08:39:07,7.2,17.68383176523298,0
2013-09-05,08:44:07,10.866666666666667,27.426660760834153,0.06666666666666668
2013-09-05,08:49:07,6.4,22.955690982404693,0
2013-09-05,08:54:07,6.4,19.75250234196807,0
2013-09-05,08:59:07,7.0,19.95270242750081,0
2013-09-05,09:04:07,9.466666666666667,25.89186980694037,0.13333333333333333
2013-09-05,09:09:07,6.6,21.153890212609973,0
2013-09-05,09:14:07,6.4,16.749602883675465,0.13333333333333333
2013-09-05,09:19:07,6.2,17.8172603046595,0
2013-09-05,09:24:07,6.4,18.48459392310199,0
2013-09-05,09:29:07,6.2,16.949764784946236,0
2013-09-05,09:34:07,6.7333333333333325,17.150015782828287,0.2
2013-09-05,09:39:07,6.4,19.552340440697293,0.13333333333333333
2013-09-05,09:44:07,6.7333333333333325,16.883031423101986,0
2013-09-05,09:49:07,6.7333333333333325,17.350126771749753,0.2
2013-09-05,09:54:07,6.2666666666666675,18.150952570055388,0
2013-09-05,09:59:07,7.6,19.75250234196807,0
2013-09-05,10:04:07,9.8,27.09301940778755,0.2
2013-09-05,10:09:07,6.4,22.288370092049526,0
2013-09-05,10:14:07,7.066666666666666,18.818311644672534,0.4
2013-09-05,10:19:07,6.6,19.485568894591072,0
2013-09-05,10:24:07,6.333333333333334,19.819235703812314,0
2013-09-05,10:29:07,6.933333333333334,18.48459392310199,0
2013-09-05,10:34:07,6.866666666666666,17.750565127077223,0.4
2013-09-05,10:39:07,6.333333333333334,17.350203140273702,0
2013-09-05,10:44:07,6.2666666666666675,18.751578282828284,0.13333333333333333
2013-09-05,10:49:07,7.0,21.08713139459107,0.13333333333333333
2013-09-05,10:54:07,6.866666666666666,18.017485846366892,0.6
2013-09-05,10:59:07,7.533333333333334,19.81926115998697,0.26666666666666666
2013-09-05,11:04:07,10.133333333333333,27.69359420821114,0.13333333333333333
2013-09-05,11:09:07,6.2666666666666675,23.02241161616162,0
2013-09-05,11:14:08,6.333333333333334,18.81823527614858,0
2013-09-05,11:19:08,6.6,17.083244236722056,0.3333333333333333
2013-09-05,11:24:08,7.6,19.95266424323884,0.7333333333333333
2013-09-05,11:29:08,8.266666666666666,18.28436838139459,0.3333333333333333
2013-09-05,11:34:08,6.866666666666666,17.483631679700228,0.26666666666666666
2013-09-05,11:39:08,6.6,19.61903561827957,0.2
2013-09-05,11:44:08,6.8,19.28538153714565,0.4666666666666667
2013-09-05,11:49:08,6.533333333333334,18.751501914304335,0
2013-09-05,11:54:08,7.4,19.28538153714565,0.5333333333333333
2013-09-05,11:59:08,6.666666666666666,17.350203140273702,0
2013-09-05,12:04:08,12.466666666666667,27.960540383675465,8.733333333333333
2013-09-05,12:09:08,6.0,21.620998289345064,0
2013-09-05,12:14:08,6.4,20.353102598566313,0.06666666666666668
2013-09-05,12:19:08,6.466666666666666,16.282494806940374,0.13333333333333333
2013-09-05,12:24:07,6.666666666666666,17.750565127077223,0.13333333333333333
2013-09-05,12:29:07,7.466666666666666,16.48269489247312,0.2
2013-09-05,12:34:07,6.333333333333334,18.01746039019224,0.06666666666666668
2013-09-05,12:39:07,7.8,20.68676940778755,0.13333333333333333
2013-09-05,12:44:07,6.533333333333334,17.35019041218638,0.4
2013-09-05,12:49:07,6.466666666666666,18.684794008634732,0
2013-09-05,12:54:07,8.0,20.68676940778755,1.0
2013-09-05,12:59:07,8.533333333333333,19.95270242750081,0.6
2013-09-05,13:04:07,10.533333333333333,26.092082620560447,8.4
2013-09-05,13:09:07,7.133333333333334,21.354077570055395,0.5333333333333333
2013-09-05,13:14:07,7.7333333333333325,18.217635019550343,0.2
2013-09-05,13:19:07,6.666666666666666,19.55230225643532,0.06666666666666668
2013-09-05,13:24:08,6.533333333333334,18.951714727924408,0.2
2013-09-05,13:29:08,6.666666666666666,19.151902085369827,0
2013-09-05,13:34:08,6.2666666666666675,16.949790241120883,0
2013-09-05,13:39:08,6.7333333333333325,20.75346458536983,0.26666666666666666
2013-09-05,13:44:08,6.933333333333334,21.55430311176278,0.3333333333333333
2013-09-05,13:49:08,6.466666666666666,21.08716957885305,0.13333333333333333
2013-09-05,13:54:08,7.2666666666666675,16.816310789345064,0.6
2013-09-05,13:59:08,9.8,24.82414874551971,0.8
2013-09-05,14:04:08,9.6,34.70046992098403,0.13333333333333333
2013-09-05,14:09:08,6.533333333333334,23.422811787227104,0.3333333333333333
2013-09-05,14:14:08,6.6,20.353102598566313,0.26666666666666666
2013-09-05,14:19:08,7.133333333333334,18.351101743238843,0.3333333333333333
2013-09-05,14:24:08,6.066666666666666,19.885969065656564,0.13333333333333333
2013-09-05,14:29:08,5.0,16.816285333170416,0.06666666666666668
2013-09-05,14:34:08,6.2666666666666675,18.55136546920821,0.2
2013-09-05,14:39:08,7.0,18.818260732323232,0.06666666666666668
2013-09-05,14:44:08,6.2666666666666675,19.819248431899638,0
2013-09-05,14:49:08,6.466666666666666,18.951765640273706,0.26666666666666666
2013-09-05,14:54:08,6.4,16.883018695014663,0.26666666666666666
2013-09-05,14:59:08,6.933333333333334,19.085245092049526,0.06666666666666668
2013-09-05,15:04:08,9.8,26.559152513033563,0.2
2013-09-05,15:09:08,7.466666666666666,21.420798203812318,0.13333333333333333
2013-09-05,15:14:08,6.2666666666666675,18.61807337487781,0
2013-09-05,15:19:08,6.2666666666666675,18.684832192896714,0
2013-09-05,15:24:08,6.133333333333334,18.08424466438579,0
2013-09-05,15:29:09,6.333333333333334,15.214786473607036,0.13333333333333333
2013-09-05,15:34:09,6.7333333333333325,16.082269265232974,0.2
2013-09-05,15:39:09,6.2666666666666675,17.41687286168133,0.2
2013-09-05,15:44:09,6.533333333333334,15.882120092049526,0.2
2013-09-05,15:49:09,6.6,18.81827346041056,0.3333333333333333
2013-09-05,15:54:09,6.2,16.61614888807429,0.13333333333333333
2013-09-05,15:59:09,7.666666666666666,20.086207335451288,0.4
2013-09-05,16:04:09,9.8,25.624961815738022,0.06666666666666668
2013-09-05,16:09:09,6.2,21.620998289345064,0.06666666666666668
2013-09-05,16:14:09,6.7333333333333325,16.54940279814272,0.4
2013-09-05,16:19:09,7.4,19.15196572580645,0.7333333333333333
2013-09-05,16:24:09,6.866666666666666,20.419835960410555,0.13333333333333333
2013-09-05,16:29:09,6.466666666666666,20.82023613147605,0.4666666666666667
2013-09-05,16:34:09,6.8,20.219635874877813,0.3333333333333333
2013-09-05,16:39:09,6.0,18.81827346041056,0
2013-09-05,16:44:09,7.0,18.017434934017594,0
2013-09-05,16:49:09,6.7333333333333325,17.617149315738022,0.2
2013-09-05,16:54:09,6.4,18.217711388074292,0.13333333333333333
2013-09-05,16:59:09,6.933333333333334,17.8173112170088,0
2013-09-05,17:04:09,9.666666666666666,31.8309735459433,0.06666666666666668
2013-09-05,17:09:09,6.533333333333334,22.02139846041056,0.13333333333333333
2013-09-05,17:14:09,6.2666666666666675,17.41694923020528,0
2013-09-05,17:19:09,6.466666666666666,17.817234848484848,0.13333333333333333
2013-09-05,17:24:09,6.2,13.94689078282828,0
2013-09-05,17:29:09,6.133333333333334,15.8821582763115,0.06666666666666668
2013-09-05,17:34:09,7.0,18.417873289345064,0
2013-09-05,17:39:09,6.7333333333333325,17.817273032746826,0.13333333333333333
2013-09-05,17:44:09,6.333333333333334,17.416911045943305,0.06666666666666668
2013-09-05,17:49:09,6.8,19.01851173020528,0.3333333333333333
2013-09-05,17:54:09,6.066666666666666,16.61614888807429,0.06666666666666668
2013-09-05,17:59:09,7.0,19.819312072336267,0.2
2013-09-05,18:04:09,10.066666666666666,27.426686217008793,0.3333333333333333
2013-09-05,18:09:09,6.4,19.018473545943305,0
2013-09-05,18:14:10,6.333333333333334,16.415948802541543,1.6
2013-09-05,18:19:10,8.6,19.819273888074292,0.06666666666666668
2013-09-05,18:24:10,7.466666666666666,18.61807337487781,0.3333333333333333
2013-09-05,18:29:10,9.2,17.8173112170088,0.2
2013-09-05,18:34:10,7.4,17.61711113147605,0.4
2013-09-05,18:39:10,7.466666666666666,18.217711388074292,0.7333333333333333
2013-09-05,18:44:10,6.7333333333333325,23.022398888074292,0.06666666666666668
2013-09-05,18:49:10,6.8,17.817234848484848,0.26666666666666666
2013-09-05,18:54:10,6.933333333333334,18.217635019550343,0.4
2013-09-05,18:59:10,7.6,17.41694923020528,0.4
2013-09-05,19:04:10,11.066666666666668,29.428687072336263,8.533333333333333
2013-09-05,19:09:10,6.7333333333333325,21.887969920984034,0.4
2013-09-05,19:14:10,6.7333333333333325,18.618035190615835,0.2
2013-09-05,19:19:10,6.4,16.749602883675465,0
2013-09-05,19:24:10,6.2,18.017473118279568,0.2
2013-09-05,19:29:10,6.0,16.94973932877159,0
2013-09-05,19:34:10,6.2666666666666675,16.74953924323884,0.13333333333333333
2013-09-05,19:39:10,6.8,17.216660048061257,0.06666666666666668
2013-09-05,19:44:10,6.2,18.951701999837077,0.2
2013-09-05,19:49:10,7.7333333333333325,19.485594350765727,0.4666666666666667
2013-09-05,19:54:10,6.533333333333334,18.150939841968068,0
2013-09-05,19:59:10,8.0,24.156840583251878,0.26666666666666666
2013-09-05,20:04:10,10.466666666666667,33.76619012707723,8.466666666666667
2013-09-05,20:09:10,6.4,22.221585817855978,0.06666666666666668
2013-09-05,20:14:10,6.533333333333334,16.349177256435322,0.26666666666666666
2013-09-05,20:19:10,6.133333333333334,17.550339585369823,0.06666666666666668
2013-09-05,20:24:10,6.0,15.88214554822418,0
2013-09-05,20:29:10,6.4,16.282482078853043,0.13333333333333333
2013-09-05,20:34:10,6.2,15.28153256353861,0.13333333333333333
2013-09-05,20:39:10,6.466666666666666,16.48269489247312,0
2013-09-05,20:44:10,6.6,16.616187072336267,0.06666666666666668
2013-09-05,20:49:10,6.333333333333334,15.414986559139784,0.13333333333333333
2013-09-05,20:54:11,6.0,16.54937734196807,0
2013-09-05,20:59:11,6.8,16.215748717008797,0.26666666666666666
2013-09-05,21:04:11,10.333333333333332,27.35996558325187,8.6
2013-09-05,21:09:11,6.2666666666666675,21.35409029814272,0
2013-09-05,21:14:11,6.0,18.618060646790482,0
2013-09-05,21:19:11,6.2,20.75346458536983,0
2013-09-05,21:24:11,6.133333333333334,15.014611844248938,0.13333333333333333
2013-09-05,21:29:10,6.8,18.48456846692734,0.6
2013-09-05,21:34:10,9.066666666666666,20.219635874877813,0.4
2013-09-05,21:39:10,7.2,22.021436644672534,0.3333333333333333
2013-09-05,21:44:10,6.2,19.819235703812314,0.06666666666666668
2013-09-05,21:49:10,6.133333333333334,17.68386994949495,0
2013-09-05,21:54:10,7.2666666666666675,16.015586815738025,0.2
2013-09-05,21:59:10,7.466666666666666,18.28439383756924,0.13333333333333333
2013-09-05,22:04:10,10.266666666666667,27.96055311176278,3.6666666666666665
2013-09-05,22:09:10,6.6,22.088157278429453,0.2
2013-09-05,22:14:10,6.466666666666666,19.352102170902576,0.13333333333333333
2013-09-05,22:19:11,7.0,16.349215440697296,0
2013-09-05,22:24:11,7.133333333333334,14.881145120560447,0.4
2013-09-05,22:29:11,6.8,15.815323089768658,0.26666666666666666
2013-09-05,22:34:11,6.4,15.34824046920821,0.13333333333333333
2013-09-05,22:39:11,6.666666666666666,16.4159233463669,0
2013-09-05,22:44:11,8.2,17.01653633105246,0.3333333333333333
2013-09-05,22:49:11,7.2666666666666675,16.149015355164554,0
2013-09-05,22:54:11,7.066666666666666,19.68578170821114,0.06666666666666668
2013-09-05,22:59:11,7.466666666666666,20.82022340338872,0.06666666666666668
2013-09-05,23:04:11,9.8,29.028299629358102,3.466666666666667
2013-09-05,23:09:11,6.8,21.087156850765716,0.4
2013-09-05,23:14:11,6.333333333333334,20.419835960410555,0.06666666666666668
2013-09-05,23:19:11,10.533333333333333,20.419835960410555,0.13333333333333333
2013-09-05,23:24:11,6.2,18.551340013033556,0
2013-09-05,23:29:11,6.866666666666666,18.084168295861847,0.2
2013-09-05,23:34:11,7.4,17.14993941430433,0.3333333333333333
2013-09-05,23:39:11,7.2,20.68676940778755,0.26666666666666666
2013-09-05,23:44:11,7.2,19.285368809058323,0.4
2013-09-05,23:49:11,6.2666666666666675,18.217635019550343,0
2013-09-05,23:54:11,6.133333333333334,17.48365713587488,0.13333333333333333
2013-09-05,23:59:11,8.066666666666666,23.08910679374389,0.4
2013-09-06,00:04:11,10.133333333333333,36.43549914467253,3.466666666666667
2013-09-06,00:09:11,6.333333333333334,23.02241161616162,0.06666666666666668
2013-09-06,00:14:11,6.4,18.551352741120887,0.13333333333333333
2013-09-06,00:19:11,6.0,15.348253197295536,0
2013-09-06,00:24:11,6.2,14.881119664385793,0.06666666666666668
2013-09-06,00:29:11,6.2,16.08225653714565,0.13333333333333333
2013-09-06,00:34:11,6.8,18.8850068222548,0.13333333333333333
2013-09-06,00:39:12,6.6,18.351139927500817,0.26666666666666666
2013-09-06,00:44:12,7.333333333333334,19.285368809058323,0.6
2013-09-06,00:49:12,7.066666666666666,20.68676940778755,0.13333333333333333
2013-09-06,00:54:12,6.0,19.08516872352558,0
2013-09-06,00:59:12,7.8,22.288344635874875,0
2013-09-06,01:04:12,10.2,34.23337457233627,3.6
2013-09-06,01:09:12,6.066666666666666,21.153890212609973,0
2013-09-06,01:14:12,6.0,16.816310789345064,0
2013-09-06,01:19:12,6.4,15.88209463587488,0
2013-09-06,01:24:12,6.333333333333334,18.684794008634732,0.13333333333333333
2013-09-06,01:29:12,7.933333333333334,19.95272788367547,1.2
2013-09-06,01:34:12,11.733333333333333,45.71119460736398,1.4
2013-09-06,01:39:12,7.6,32.16465308325187,1.4666666666666666
2013-09-06,01:44:12,6.8,19.68578170821114,0.13333333333333333
2013-09-06,01:49:12,6.533333333333334,19.619073802541546,0
2013-09-06,01:54:12,6.0,21.621011017432394,0
2013-09-06,01:59:12,7.8,20.620036045943305,0.2
2013-09-06,02:04:12,33.8,32.431611986803524,13.4
2013-09-06,02:09:12,6.7333333333333325,24.02336113147605,0
2013-09-06,02:14:12,6.8,19.61903561827957,0
2013-09-06,02:19:12,6.666666666666666,15.414986559139784,0
2013-09-06,02:24:12,6.533333333333334,15.815348545943303,0
2013-09-06,02:29:12,6.466666666666666,15.348227741120882,0
2013-09-06,02:34:12,7.466666666666666,19.819235703812314,0.2
2013-09-06,02:39:12,6.933333333333334,15.815386730205278,0.13333333333333333
2013-09-06,02:44:13,7.0,14.21382423020528,0
2013-09-06,02:49:13,6.866666666666666,16.215748717008797,0
2013-09-06,02:54:13,6.2666666666666675,22.822236986803517,0
2013-09-06,02:59:13,6.933333333333334,17.884031850765723,0
2013-09-06,03:04:13,11.0,26.82612414467253,11.8
2013-09-06,03:09:13,6.866666666666666,19.418835532746822,0
2013-09-06,03:14:13,6.6,17.8173112170088,0
2013-09-06,03:19:13,6.2,17.21671096041056,0
2013-09-06,03:24:13,6.533333333333334,16.015586815738025,0
2013-09-06,03:29:13,6.133333333333334,16.61614888807429,0
2013-09-06,03:34:13,6.533333333333334,19.61903561827957,0.06666666666666668
2013-09-06,03:39:13,6.466666666666666,15.014586388074292,0
2013-09-06,03:44:13,6.133333333333334,15.014548203812318,0
2013-09-06,03:49:13,6.0,15.615186644672532,0
2013-09-06,03:54:13,6.4,17.350164956011728,0
2013-09-06,03:59:13,6.6,15.414961102965139,0
2013-09-06,04:04:13,10.266666666666667,25.224561644672534,3.6
2013-09-06,04:09:13,7.0,19.485594350765727,0
2013-09-06,04:14:13,6.0,16.282482078853043,0
2013-09-06,04:19:13,6.866666666666666,15.281519835451284,0
2013-09-06,04:24:13,6.2666666666666675,15.948840725806452,0
2013-09-06,04:29:13,6.2,16.282469350765723,0
2013-09-06,04:34:13,6.0,14.54745285516455,0
2013-09-06,04:39:13,6.2666666666666675,18.684832192896714,0.06666666666666668
2013-09-06,04:44:13,6.2,20.953702855164543,0
2013-09-06,04:49:13,6.2,16.949764784946236,0
2013-09-06,04:54:13,6.0,16.61614888807429,0
2013-09-06,04:59:13,6.8,15.615161188497881,0
2013-09-06,05:04:14,9.866666666666667,28.427673916585217,3.466666666666667
2013-09-06,05:09:14,6.2,20.886956765232977,0
2013-09-06,05:14:14,6.0,17.149964870478982,0
2013-09-06,05:19:14,6.666666666666666,17.483644407787548,0
2013-09-06,05:24:14,6.2,19.885969065656564,0
2013-09-06,05:29:14,6.533333333333334,19.285406993320294,0.2
2013-09-06,05:34:14,6.133333333333334,18.017498574454216,0.13333333333333333
2013-09-06,05:39:14,6.0,16.74953924323884,0
2013-09-06,05:44:14,6.0,17.283406137992827,0
2013-09-06,05:49:14,6.133333333333334,16.282443894591072,0
2013-09-06,05:54:14,6.066666666666666,17.483682592049522,0
2013-09-06,05:59:14,7.666666666666666,17.483669863962202,0
2013-09-06,06:04:14,9.8,35.100870092049526,3.466666666666667
2013-09-06,06:09:14,6.4,21.821185646790482,0
2013-09-06,06:14:14,6.0,18.751501914304335,0
2013-09-06,06:19:14,6.133333333333334,18.88496863799283,0
2013-09-06,06:24:14,6.133333333333334,17.350203140273702,0
2013-09-06,06:29:14,6.066666666666666,16.082281993320297,0
2013-09-06,06:34:14,6.066666666666666,14.280557592049526,0
2013-09-06,06:39:14,6.4,15.882107363962206,0
2013-09-06,06:44:14,6.0,16.74961561176279,0
2013-09-06,06:49:14,6.333333333333334,16.81633624551971,0
2013-09-06,06:54:14,6.066666666666666,18.28439383756924,0
2013-09-06,06:59:14,6.8,20.886931309058326,0.06666666666666668
2013-09-06,07:04:14,10.8,31.096957478005866,3.4
2013-09-06,07:09:14,6.0,22.221624002117956,0
2013-09-06,07:14:14,6.0,17.483644407787548,0
2013-09-06,07:19:14,6.6,17.883968210329098,0
2013-09-06,07:24:14,6.066666666666666,17.21669823232323,0
2013-09-06,07:29:14,6.0,16.549339157706093,0
2013-09-06,07:34:14,6.0,15.948802541544477,0
2013-09-06,07:39:14,6.533333333333334,16.149015355164554,0
2013-09-06,07:44:14,6.0,16.94980296920821,0
2013-09-06,07:49:14,6.0,14.280557592049526,0
2013-09-06,07:54:14,6.533333333333334,15.081357934180517,0
2013-09-06,07:59:14,7.933333333333334,17.483631679700228,0
2013-09-06,08:04:14,10.2,31.764227456011728,3.466666666666667
2013-09-06,08:09:14,6.2,22.82222425871619,0
2013-09-06,08:14:14,6.2,18.017511302541543,0.13333333333333333
2013-09-06,08:19:14,6.133333333333334,17.283457050342133,0
2013-09-06,08:24:14,6.0,18.017524030628866,0
2013-09-06,08:29:14,6.2,20.553302684099055,0.13333333333333333
2013-09-06,08:34:14,6.0,17.483644407787548,0
2013-09-06,08:39:14,6.6,18.818286188497886,0.13333333333333333
2013-09-06,08:44:14,6.0,16.949764784946236,0
2013-09-06,08:49:14,6.133333333333334,15.214761017432387,0
2013-09-06,08:54:15,6.0,14.81441175871619,0
2013-09-06,08:59:15,11.8,21.887957192896714,11.8
2013-09-06,09:04:15,9.4,37.77011546920821,0.26666666666666666
2013-09-06,09:09:15,7.2,22.42181135956337,0.13333333333333333
2013-09-06,09:14:15,6.666666666666666,17.550352313457154,0.06666666666666668
2013-09-06,09:19:15,6.2666666666666675,17.88399366650375,0.13333333333333333
2013-09-06,09:24:15,6.2,15.548466010915604,0
2013-09-06,09:29:15,6.2,17.817234848484848,0
2013-09-06,09:34:15,6.133333333333334,17.683857221407624,0
2013-09-06,09:39:15,7.333333333333334,17.6838444933203,0.06666666666666668
2013-09-06,09:44:15,6.6,19.75250234196807,0.2
2013-09-06,09:49:15,6.666666666666666,18.618047918703166,0.13333333333333333
2013-09-06,09:54:15,6.466666666666666,15.14807856793744,0.13333333333333333
2013-09-06,09:59:15,6.6,18.61807337487781,0
2013-09-06,10:04:15,10.666666666666668,30.29616986396221,14.4
2013-09-06,10:09:15,6.533333333333334,21.153890212609973,0
2013-09-06,10:14:15,6.666666666666666,19.95271515558814,0.13333333333333333
2013-09-06,10:19:15,6.4,19.01851173020528,0
2013-09-06,10:24:15,6.066666666666666,21.554315839850112,0
2013-09-06,10:29:15,6.4,20.152915241120883,0.13333333333333333
2013-09-06,10:34:15,6.866666666666666,18.551352741120887,0.3333333333333333
2013-09-06,10:39:15,6.2,16.816361701694362,0
2013-09-06,10:44:15,6.133333333333334,17.01651087487781,0.2
2013-09-06,10:49:15,7.133333333333334,18.951701999837077,0.4
2013-09-06,10:54:15,6.933333333333334,19.01843536168133,0.4666666666666667
2013-09-06,10:59:15,7.933333333333334,21.95467782665363,0.6
2013-09-06,11:04:15,10.2,31.964440269631805,3.6
2013-09-06,11:09:15,6.6,22.355077997719132,0.4
2013-09-06,11:14:15,6.666666666666666,16.54940279814272,0
2013-09-06,11:19:15,6.533333333333334,20.353102598566313,0.26666666666666666
2013-09-06,11:24:15,6.2666666666666675,18.95174018409906,0
2013-09-06,11:29:15,6.2666666666666675,19.485568894591072,0.26666666666666666
2013-09-06,11:34:16,6.4,18.951701999837077,0.13333333333333333
2013-09-06,11:39:16,6.933333333333334,15.548466010915604,0.6
2013-09-06,11:44:16,6.2,17.08320605246008,0.2
2013-09-06,11:49:16,6.2,17.01648541870316,0.13333333333333333
2013-09-06,11:54:16,6.8,15.88209463587488,0.3333333333333333
2013-09-06,11:59:16,7.0,17.750577855164547,0.13333333333333333
2013-09-06,12:04:16,9.8,27.96057856793744,3.6
2013-09-06,12:09:16,6.333333333333334,22.08814455034213,0
2013-09-06,12:14:16,6.4,16.082294721407624,0.3333333333333333
2013-09-06,12:19:16,6.8,17.01651087487781,0.3333333333333333
2013-09-06,12:24:16,6.2666666666666675,16.74961561176279,0.4
2013-09-06,12:29:16,10.733333333333333,17.8173112170088,0.13333333333333333
2013-09-06,12:34:16,6.2,16.415948802541543,0.13333333333333333
2013-09-06,12:39:16,6.4,15.681881822254804,0
2013-09-06,12:44:16,6.333333333333334,17.016472690615835,0.2
2013-09-06,12:49:16,6.6,16.61614888807429,0.06666666666666668
2013-09-06,12:54:16,6.133333333333334,15.615148460410555,0
2013-09-06,12:59:16,6.7333333333333325,19.685768980123814,0.2
2013-09-06,13:04:16,10.533333333333333,32.231411901270775,4.2
2013-09-06,13:09:16,6.7333333333333325,25.624961815738022,0.13333333333333333
2013-09-06,13:14:16,6.6,19.01843536168133,0.2
2013-09-06,13:19:16,6.933333333333334,18.017434934017594,0
2013-09-06,13:24:16,7.4,18.017473118279568,0.2
2013-09-06,13:29:16,6.2,19.418873717008797,0.2
2013-09-06,13:34:17,6.0,20.41979777614858,0.13333333333333333
2013-09-06,13:39:17,6.466666666666666,17.149977598566306,0.2
2013-09-06,13:44:17,6.6,17.21671096041056,0.2
2013-09-06,13:49:17,7.533333333333334,21.220636302541546,0.6666666666666666
2013-09-06,13:54:17,6.0,18.618035190615835,0
2013-09-06,13:59:17,7.6,19.885969065656564,0.13333333333333333
2013-09-06,14:04:17,10.4,38.6376237170088,3.6666666666666665
2013-09-06,14:09:17,6.4,23.222598973607038,0.06666666666666668
2013-09-06,14:14:17,6.0,17.216672776148584,0.06666666666666668
2013-09-06,14:19:17,6.2,17.617072947214076,0.3333333333333333
2013-09-06,14:24:17,6.2,18.75155282665363,0.06666666666666668
2013-09-06,14:29:17,6.0,19.685768980123814,0
2013-09-06,14:34:17,6.2,19.618997434017597,0.2
2013-09-06,14:39:17,6.466666666666666,17.817273032746826,0.13333333333333333
2013-09-06,14:44:17,6.2666666666666675,16.415948802541543,0.2
2013-09-06,14:49:17,6.6,16.215748717008797,0.6666666666666666
2013-09-06,14:54:17,6.133333333333334,17.016472690615835,0.13333333333333333
2013-09-06,14:59:17,7.0,16.616110703812318,0.26666666666666666
2013-09-06,15:04:17,10.133333333333333,30.62984940127077,3.533333333333333
2013-09-06,15:09:17,6.533333333333334,23.422799059139784,0
2013-09-06,15:14:17,6.533333333333334,19.01843536168133,0.26666666666666666
2013-09-06,15:19:17,6.133333333333334,18.017434934017594,0
2013-09-06,15:24:17,6.8,18.017473118279568,0.3333333333333333
2013-09-06,15:29:17,7.466666666666666,18.417873289345064,0.6666666666666666
2013-09-06,15:34:17,7.133333333333334,18.618035190615835,0.2
2013-09-06,15:39:17,6.133333333333334,21.420836388074292,0.06666666666666668
2013-09-06,15:44:17,6.4,19.418835532746822,0.2
2013-09-06,15:49:17,6.2,19.218635447214076,0.26666666666666666
2013-09-06,15:54:17,6.133333333333334,17.817273032746826,0.2
2013-09-06,15:59:17,7.0,17.817273032746826,0.13333333333333333
2013-09-06,16:04:17,11.066666666666668,32.2313737170088,12.933333333333335
2013-09-06,16:09:17,6.2,23.823199230205276,0
2013-09-06,16:14:17,6.7333333333333325,18.150965298142715,0.4666666666666667
2013-09-06,16:19:17,6.6,19.418873717008797,0.4
2013-09-06,16:24:17,7.933333333333334,18.41791147360704,1.0666666666666669
2013-09-06,16:29:17,6.466666666666666,17.8173112170088,0.2
2013-09-06,16:34:17,6.933333333333334,18.81823527614858,0.4
2013-09-06,16:39:17,6.2666666666666675,16.749602883675465,0
2013-09-06,16:44:17,6.133333333333334,16.215748717008797,0.13333333333333333
2013-09-06,16:49:18,6.866666666666666,19.218635447214076,0.2
2013-09-06,16:54:18,6.2666666666666675,19.01843536168133,0.13333333333333333
2013-09-06,16:59:18,7.466666666666666,19.085245092049526,0.13333333333333333
2013-09-06,17:04:18,11.2,40.038960675301404,13.866666666666667
2013-09-06,17:09:18,7.0,25.291256822254805,0.4
2013-09-06,17:14:18,6.6,18.951701999837077,0.26666666666666666
2013-09-06,17:19:18,6.7333333333333325,20.353102598566313,0.5333333333333333
2013-09-06,17:24:18,6.0,18.084168295861847,0.06666666666666668
2013-09-06,17:29:18,7.2,20.219635874877813,0.3333333333333333
2013-09-06,17:34:18,6.066666666666666,19.819235703812314,0.06666666666666668
2013-09-06,17:39:18,6.533333333333334,19.752540526230042,0.4
2013-09-06,17:44:18,6.333333333333334,17.41689831785598,0.06666666666666668
2013-09-06,17:49:18,6.4,16.81632351743239,0.13333333333333333
2013-09-06,17:54:18,6.2666666666666675,17.750577855164547,0.2
2013-09-06,17:59:18,7.2,19.151876629195176,0.6
2013-09-06,18:04:18,13.266666666666667,30.496382677582268,12.466666666666667
2013-09-06,18:09:18,7.4,21.954690554740957,0.7333333333333333
2013-09-06,18:14:18,6.466666666666666,15.681894550342133,0.3333333333333333
2013-09-06,18:19:18,6.533333333333334,16.215748717008797,0
2013-09-06,18:24:18,6.066666666666666,15.081319749918537,0
2013-09-06,18:29:18,6.0,16.816348973607038,0.13333333333333333
2013-09-06,18:34:18,6.4,18.81827346041056,0.26666666666666666
2013-09-06,18:39:18,6.066666666666666,17.150015782828287,0
2013-09-06,18:44:18,6.133333333333334,18.217635019550343,0.13333333333333333
2013-09-06,18:49:18,6.2666666666666675,19.552365896871944,0.06666666666666668
2013-09-06,18:54:18,6.466666666666666,17.08328242098403,0.2
2013-09-06,18:59:18,7.0,20.353102598566313,0.26666666666666666
2013-09-06,19:04:19,11.066666666666668,29.895756964809383,3.8
2013-09-06,19:09:19,6.0,23.622986416585213,0
2013-09-06,19:14:19,6.2,16.749577427500814,0.13333333333333333
2013-09-06,19:19:19,6.666666666666666,16.482656708211145,0.13333333333333333
2013-09-06,19:24:19,6.2,15.882081907787555,0.06666666666666668
2013-09-06,19:29:19,6.666666666666666,16.549415526230046,0.2
2013-09-06,19:34:19,6.466666666666666,19.01843536168133,0.13333333333333333
2013-09-06,19:39:19,6.066666666666666,17.68383176523298,0.06666666666666668
2013-09-06,19:44:19,6.2,15.54842782665363,0.06666666666666668
2013-09-06,19:49:19,6.7333333333333325,16.34920271260997,0.2
2013-09-06,19:54:19,6.666666666666666,17.283444322254805,0.13333333333333333
2013-09-06,19:59:19,8.2,22.088119094167475,0.26666666666666666
2013-09-06,20:04:19,11.133333333333333,42.04094880254154,3.466666666666667
2013-09-06,20:09:19,6.4,28.894781993320294,0.06666666666666668
2013-09-06,20:14:19,6.0,20.086194607363968,0
2013-09-06,20:19:19,6.066666666666666,15.148091296024763,0.06666666666666668
2013-09-06,20:24:19,6.333333333333334,15.815399458292603,0.06666666666666668
2013-09-06,20:29:19,6.4,18.01744766210492,0
2013-09-06,20:34:19,6.0,16.61612343189964,0
2013-09-06,20:39:19,6.066666666666666,16.149002627077223,0.13333333333333333
2013-09-06,20:44:19,6.2666666666666675,17.01653633105246,0.06666666666666668
2013-09-06,20:49:19,6.6,17.55039049771913,0.2
2013-09-06,20:54:19,6.133333333333334,16.816348973607038,0
2013-09-06,20:59:19,6.666666666666666,17.817298488921473,0.13333333333333333
2013-09-06,21:04:19,10.2,32.03117363147605,3.466666666666667
2013-09-06,21:09:19,6.2,21.554277655588137,0
2013-09-06,21:14:19,8.533333333333333,21.08716957885305,0.4
2013-09-06,21:19:19,6.2,25.358028368361037,0.06666666666666668
2013-09-06,21:24:19,7.2666666666666675,20.419835960410555,0.06666666666666668
2013-09-06,21:29:19,6.2,22.822198802541543,0.06666666666666668
2013-09-06,21:34:19,6.333333333333334,21.487569749918542,0.2
2013-09-06,21:39:19,6.866666666666666,19.08516872352558,0.13333333333333333
2013-09-06,21:44:19,6.2,18.618035190615835,0.2
2013-09-06,21:49:20,6.2,17.08320605246008,0
2013-09-06,21:54:20,6.0,21.220636302541546,0
2013-09-06,21:59:20,6.933333333333334,17.216685504235908,0
2013-09-06,22:04:20,10.2,29.962503054740957,3.6
2013-09-06,22:09:20,6.0,23.22261170169436,0
2013-09-06,22:14:20,6.0,18.68476855246008,0
2013-09-06,22:19:20,6.4,20.486582050342133,0.13333333333333333
2013-09-06,22:24:20,6.2,17.884044578853043,0.13333333333333333
2013-09-06,22:29:20,6.2857142857142865,18.160434995112414,0
2013-09-06,22:34:20,6.2142857142857135,16.73052984481916,0
2013-09-06,22:39:20,6.0,18.87547621229577,0
2013-09-06,22:44:20,7.0,17.660016604699067,0.21428571428571427
2013-09-06,22:49:20,6.2857142857142865,20.80593612536657,0.21428571428571427
2013-09-06,22:54:20,6.357142857142858,18.23196230013266,0
2013-09-06,22:59:20,6.428571428571429,19.089976303938,0
2013-09-06,23:04:20,11.285714285714285,35.32008775834382,3.7142857142857135
2013-09-06,23:09:20,6.2,23.022386159986972,0.06666666666666668
2013-09-06,23:14:20,6.666666666666666,20.686731223525577,0.2
2013-09-06,23:19:20,6.133333333333334,19.75250234196807,0.13333333333333333
2013-09-06,23:24:20,6.066666666666666,19.819235703812314,0.2
2013-09-06,23:29:20,6.133333333333334,19.885956337569244,0.06666666666666668
2013-09-06,23:34:20,6.2,17.149977598566306,0
2013-09-06,23:39:20,6.0,18.68476855246008,0
2013-09-06,23:44:20,6.133333333333334,18.150965298142715,0.13333333333333333
2013-09-06,23:49:20,6.4,19.285432449494948,0.13333333333333333
2013-09-06,23:54:20,6.466666666666666,19.485568894591072,0.13333333333333333
2013-09-06,23:59:20,6.6,18.68480673672206,0.06666666666666668
2013-09-07,00:04:20,10.2,29.428636159986965,8.466666666666667
2013-09-07,00:09:20,6.066666666666666,21.153877484522642,0
2013-09-07,00:14:20,6.333333333333334,18.351101743238843,0.06666666666666668
2013-09-07,00:19:20,6.4,18.08418102394917,0.13333333333333333
2013-09-07,00:24:20,6.466666666666666,17.01651087487781,0.2
2013-09-07,00:29:20,6.333333333333334,15.615186644672532,0.06666666666666668
2013-09-07,00:34:20,6.7333333333333325,15.281507107363964,0.2
2013-09-07,00:39:20,6.0,16.282494806940374,0
2013-09-07,00:44:20,6.0,16.349215440697296,0
2013-09-07,00:49:20,6.066666666666666,16.015586815738025,0
2013-09-07,00:54:20,6.133333333333334,16.01554863147605,0
2013-09-07,00:59:20,7.0,17.884044578853043,0.4
2013-09-07,01:04:20,11.933333333333332,31.964440269631805,11.866666666666667
2013-09-07,01:09:20,6.933333333333334,24.223573945096117,0
2013-09-07,01:14:20,6.7333333333333325,19.15191481345715,0
2013-09-07,01:19:20,6.666666666666666,17.483669863962202,0
2013-09-07,01:24:20,6.0,16.749551971326163,0
2013-09-07,01:29:20,6.4,16.482669436298465,0.06666666666666668
2013-09-07,01:34:20,11.266666666666667,47.779890640273706,1.4666666666666666
2013-09-07,01:39:20,6.2666666666666675,33.83296167318344,0.7333333333333333
2013-09-07,01:44:20,6.666666666666666,19.418873717008797,0
2013-09-07,01:49:21,6.2666666666666675,18.150901657706093,0
2013-09-07,01:54:21,6.2,18.284381109481913,0
2013-09-07,01:59:21,7.066666666666666,17.95079066878462,0
2013-09-07,02:04:21,29.93333333333333,39.17147788367546,3.466666666666667
2013-09-07,02:09:21,6.466666666666666,25.024361559139784,0.06666666666666668
2013-09-07,02:14:21,6.2666666666666675,16.816310789345064,0
2013-09-07,02:19:21,6.866666666666666,17.416911045943305,0.06666666666666668
2013-09-07,02:24:21,6.2,17.149977598566306,0
2013-09-07,02:29:21,6.0,18.61807337487781,0
2013-09-07,02:34:21,6.0,18.41791147360704,0
2013-09-07,02:39:21,6.4,16.74961561176279,0
2013-09-07,02:44:21,6.0,18.017473118279568,0
2013-09-07,02:49:21,6.066666666666666,18.618035190615835,0
2013-09-07,02:54:21,6.2666666666666675,19.01843536168133,0
2013-09-07,02:59:21,6.466666666666666,18.818248004235905,0
2013-09-07,03:04:21,11.466666666666667,35.968352883675465,3.466666666666667
2013-09-07,03:09:21,6.133333333333334,23.422799059139784,0
2013-09-07,03:14:21,6.2,18.417873289345064,0
2013-09-07,03:19:21,6.2666666666666675,20.82023613147605,0
2013-09-07,03:24:21,6.133333333333334,15.481707192896707,0
2013-09-07,03:29:21,6.0,15.014548203812318,0
2013-09-07,03:34:21,6.0,18.551327284946233,0
2013-09-07,03:39:21,6.133333333333334,19.218635447214076,0
2013-09-07,03:44:21,6.2,23.422799059139784,0
2013-09-07,03:49:21,6.4,17.8173112170088,0
2013-09-07,03:54:21,6.133333333333334,16.015586815738025,0
2013-09-07,03:59:21,6.8,14.881145120560447,0
2013-09-07,04:04:21,11.4,32.36487862495927,3.533333333333333
2013-09-07,04:09:21,6.333333333333334,23.155878339850112,0
2013-09-07,04:14:21,6.333333333333334,19.75250234196807,0
2013-09-07,04:19:21,6.4,17.283393409905507,0
2013-09-07,04:24:21,6.0,18.484632107363964,0
2013-09-07,04:29:21,6.4,16.215723260834146,0.06666666666666668
2013-09-07,04:34:21,6.2,17.95076521260997,0
2013-09-07,04:39:21,6.0,15.948802541544477,0
2013-09-07,04:44:21,6.2666666666666675,15.014586388074292,0
2013-09-07,04:49:21,6.466666666666666,19.352127627077227,0
2013-09-07,04:54:21,6.133333333333334,16.415986986803517,0
2013-09-07,04:59:21,6.6,16.616161616161616,0
2013-09-07,05:04:21,10.0,30.496331765232977,3.466666666666667
2013-09-07,05:09:21,6.0,21.48755702183122,0
2013-09-07,05:14:21,6.0,15.948840725806452,0
2013-09-07,05:19:22,6.0,16.14902808325187,0
2013-09-07,05:24:22,6.0,15.548453282828284,0
2013-09-07,05:29:22,6.0,14.881157848647767,0
2013-09-07,05:34:22,6.4,16.282507535027698,0
2013-09-07,05:39:22,6.0,18.95174018409906,0
2013-09-07,05:44:22,6.0,16.883095063538615,0
2013-09-07,05:49:22,6.0,19.2186990876507,0
2013-09-07,05:54:22,6.2,16.616136159986965,0.13333333333333333
2013-09-07,05:59:22,7.2,17.216723688497883,0
2013-09-07,06:04:22,11.466666666666667,34.1665775700554,3.466666666666667
2013-09-07,06:09:22,6.2666666666666675,21.621023745519718,0.06666666666666668
2013-09-07,06:14:22,6.2666666666666675,18.150939841968068,0.06666666666666668
2013-09-07,06:19:22,6.0,16.015561359563378,0
2013-09-07,06:24:22,6.0,19.1519402696318,0
2013-09-07,06:29:22,6.0,18.55136546920821,0
2013-09-07,06:34:22,6.2,15.748691552623006,0
2013-09-07,06:39:22,6.0,16.88304415118931,0
2013-09-07,06:44:22,6.2666666666666675,17.41689831785598,0.06666666666666668
2013-09-07,06:49:22,6.4,14.013624144672532,0.06666666666666668
2013-09-07,06:54:22,6.333333333333334,14.614224401270773,0
2013-09-07,06:59:22,6.6,19.819248431899638,0.13333333333333333
2013-09-07,07:04:22,11.533333333333333,32.2313737170088,11.866666666666667
2013-09-07,07:09:22,6.466666666666666,20.686756679700228,0
2013-09-07,07:14:22,6.2666666666666675,17.750577855164547,0
2013-09-07,07:19:22,6.6,18.28436838139459,0
2013-09-07,07:24:22,6.0,17.21671096041056,0
2013-09-07,07:29:22,6.0,18.35120356793744,0
2013-09-07,07:34:22,8.2,16.54939007005539,0.13333333333333333
2013-09-07,07:39:22,7.0,15.148040383675465,0
2013-09-07,07:44:22,6.133333333333334,13.41302388807429,0
2013-09-07,07:49:22,6.0,14.013624144672532,0
2013-09-07,07:54:22,6.066666666666666,14.34729095389378,0
2013-09-07,07:59:23,6.933333333333334,17.48365713587488,0.06666666666666668
2013-09-07,08:04:23,12.266666666666667,34.8339239165852,3.466666666666667
2013-09-07,08:09:23,6.0,24.82413601743239,0
2013-09-07,08:14:23,6.0,16.48269489247312,0
2013-09-07,08:19:23,6.133333333333334,15.014611844248938,0
2013-09-07,08:24:23,6.0,15.948789813457148,0
2013-09-07,08:29:23,6.333333333333334,17.750552398989896,0
2013-09-07,08:34:23,6.0,16.082281993320297,0
2013-09-07,08:39:23,6.666666666666666,17.81724757657217,0
2013-09-07,08:44:23,6.133333333333334,16.88306960736396,0
2013-09-07,08:49:23,6.0,16.01554863147605,0
2013-09-07,08:54:23,10.533333333333333,23.556189414304338,3.466666666666667
2013-09-07,08:59:23,6.2,31.697532278429456,0
2013-09-07,09:04:23,10.066666666666666,31.096970206093193,0.13333333333333333
2013-09-07,09:09:23,6.066666666666666,24.290307306940374,0.2
2013-09-07,09:14:23,6.133333333333334,17.617123859563375,0.06666666666666668
2013-09-07,09:19:23,6.0,14.4807194933203,0
2013-09-07,09:24:23,6.0,14.747678396871947,0
2013-09-07,09:29:23,6.0,17.083256964809383,0
2013-09-07,09:34:23,6.333333333333334,13.746690697295538,0
2013-09-07,09:39:23,6.133333333333334,15.214811929781687,0
2013-09-07,09:44:23,6.066666666666666,17.483618951612904,0
2013-09-07,09:49:23,6.333333333333334,17.950752484522646,0.26666666666666666
2013-09-07,09:54:23,6.466666666666666,17.35019041218638,0.26666666666666666
2013-09-07,09:59:23,6.8,18.150965298142715,0
2013-09-07,10:04:23,11.533333333333333,33.098894692896714,3.466666666666667
2013-09-07,10:09:23,6.2,20.88694403714565,0
2013-09-07,10:14:23,7.0,19.352102170902576,0.4666666666666667
2013-09-07,10:19:23,6.533333333333334,19.685768980123814,0
2013-09-07,10:24:23,6.2,16.01554863147605,0
2013-09-07,10:29:23,6.533333333333334,15.148065839850112,0.26666666666666666
2013-09-07,10:34:23,6.2,17.617072947214076,0
2013-09-07,10:39:23,6.0,19.01843536168133,0
2013-09-07,10:44:23,6.8,18.618035190615835,0
2013-09-07,10:49:23,6.666666666666666,15.48173264907136,0.06666666666666668
2013-09-07,10:54:23,6.866666666666666,18.21766047572499,0.06666666666666668
2013-09-07,10:59:23,6.533333333333334,16.54940279814272,0.2
2013-09-07,11:04:23,11.866666666666667,33.499320320136846,3.533333333333333
2013-09-07,11:09:23,6.0,22.622011445096128,0
2013-09-07,11:14:23,6.0,19.01843536168133,0
2013-09-07,11:19:23,6.0,18.88496863799283,0
2013-09-07,11:24:23,6.133333333333334,17.416911045943305,0
2013-09-07,11:29:23,6.333333333333334,14.414024315738025,0.13333333333333333
2013-09-07,11:34:23,6.666666666666666,16.08232017758227,0.13333333333333333
2013-09-07,11:39:23,6.2666666666666675,15.815348545943303,0
2013-09-07,11:44:23,8.8,15.081307021831215,0.2
2013-09-07,11:49:23,6.6,17.41687286168133,0
2013-09-07,11:54:23,6.4,19.952740611762792,0.4
2013-09-07,11:59:24,6.333333333333334,20.286369236722056,0
2013-09-07,12:04:24,11.133333333333333,35.434536901270775,3.466666666666667
2013-09-07,12:09:24,6.133333333333334,23.422799059139784,0.06666666666666668
2013-09-07,12:14:24,6.2666666666666675,18.81823527614858,0.13333333333333333
2013-09-07,12:19:24,6.133333333333334,16.415948802541543,0
2013-09-07,12:24:24,6.0,14.814373574454217,0.13333333333333333
2013-09-07,12:29:24,6.4,18.81827346041056,0.2
2013-09-07,12:34:24,6.0,18.017511302541543,0.26666666666666666
2013-09-07,12:39:24,6.6,17.483606223525573,0.26666666666666666
2013-09-07,12:44:24,6.0,18.417873289345064,0
2013-09-07,12:49:24,6.466666666666666,16.48268216438579,0.2
2013-09-07,12:54:24,7.0,17.41687286168133,0
2013-09-07,12:59:24,6.333333333333334,17.8173112170088,0.06666666666666668
2013-09-07,13:04:24,11.533333333333333,27.426724401270775,11.933333333333335
2013-09-07,13:09:24,6.0,19.819235703812314,0
2013-09-07,13:14:24,6.2,17.617149315738022,0
2013-09-07,13:19:24,6.4,16.282482078853043,0
2013-09-07,13:24:24,6.2666666666666675,16.816348973607038,0
2013-09-07,13:29:24,6.2,17.41687286168133,0.13333333333333333
2013-09-07,13:34:24,6.2,15.615224828934506,0.06666666666666668
2013-09-07,13:39:24,6.666666666666666,18.35117811176279,0.4
2013-09-07,13:44:24,6.2666666666666675,18.35112719941349,0
2013-09-07,13:49:24,6.4,18.88499409416748,0.13333333333333333
2013-09-07,13:54:24,6.533333333333334,19.018473545943305,0.26666666666666666
2013-09-07,13:59:24,6.2,17.35019041218638,0.06666666666666668
2013-09-07,14:04:24,12.6,41.17342782665363,11.866666666666667
2013-09-07,14:09:24,6.2,21.35406484196806,0
2013-09-07,14:14:24,6.466666666666666,18.48456846692734,0.4
2013-09-07,14:19:24,6.2,17.950803396871944,0.06666666666666668
2013-09-07,14:24:24,6.2666666666666675,18.017473118279568,0
2013-09-07,14:29:24,6.4,16.415986986803517,0.3333333333333333
2013-09-07,14:34:24,6.133333333333334,17.950727028347995,0.06666666666666668
2013-09-07,14:39:24,6.066666666666666,21.15382657217335,0
2013-09-07,14:44:24,6.533333333333334,18.217635019550343,0.2
2013-09-07,14:49:24,6.2,16.349177256435322,0
2013-09-07,14:54:25,6.0,16.149040811339198,0
2013-09-07,14:59:25,6.2,18.951765640273706,0.13333333333333333
2013-09-07,15:04:25,11.733333333333333,39.10475724991855,3.933333333333333
2013-09-07,15:09:25,6.666666666666666,25.825136445096124,0.13333333333333333
2013-09-07,15:14:25,6.2666666666666675,19.75250234196807,0.13333333333333333
2013-09-07,15:19:25,6.666666666666666,19.018473545943305,0.2
2013-09-07,15:24:25,6.133333333333334,16.34920271260997,0
2013-09-07,15:29:25,6.0,15.34824046920821,0
2013-09-07,15:34:25,6.0,17.016498146790482,0
2013-09-07,15:39:25,6.2,16.349215440697296,0.06666666666666668
2013-09-07,15:44:25,6.4,16.616136159986965,0.26666666666666666
2013-09-07,15:49:25,6.4,17.083256964809383,0.3333333333333333
2013-09-07,15:54:25,7.2,19.41884826083415,0.13333333333333333
2013-09-07,15:59:25,6.2,18.68476855246008,0
2013-09-07,16:04:25,11.733333333333333,27.960527655588134,3.6666666666666665
2013-09-07,16:09:25,6.133333333333334,22.088157278429453,0.13333333333333333
2013-09-07,16:14:25,6.333333333333334,19.218635447214076,0
2013-09-07,16:19:25,6.666666666666666,17.8172603046595,0
2013-09-07,16:24:25,6.533333333333334,18.818286188497886,0.13333333333333333
2013-09-07,16:29:25,6.0,17.817273032746826,0.13333333333333333
2013-09-07,16:34:25,6.0,17.01648541870316,0
2013-09-07,16:39:25,6.2666666666666675,18.28443202183121,0
2013-09-07,16:44:25,6.066666666666666,15.148091296024763,0
2013-09-07,16:49:25,6.2666666666666675,14.680919578853043,0
2013-09-07,16:54:25,6.066666666666666,15.481719920984036,0.06666666666666668
2013-09-07,16:59:26,6.533333333333334,18.017473118279568,0.26666666666666666
2013-09-07,17:04:26,11.2,31.76421472792441,3.8666666666666663
2013-09-07,17:09:26,6.866666666666666,21.28735693629847,0.6
2013-09-07,17:14:26,6.133333333333334,17.483606223525573,0
2013-09-07,17:19:26,6.2,16.68290770609319,0.2
2013-09-07,17:24:26,6.066666666666666,15.214824657869015,0
2013-09-07,17:29:26,9.133333333333333,16.74956469941349,0.13333333333333333
2013-09-07,17:34:26,6.2,16.94972660068426,0
2013-09-07,17:39:26,6.2,20.753502769631805,0
2013-09-07,17:44:26,6.333333333333334,16.74961561176279,0.2
2013-09-07,17:49:26,6.0,15.014573659986965,0
2013-09-07,17:54:26,6.2,18.08424466438579,0.06666666666666668
2013-09-07,17:59:26,6.2,18.951701999837077,0.06666666666666668
2013-09-07,18:04:26,10.466666666666667,27.893819749918542,3.466666666666667
2013-09-07,18:09:26,6.2666666666666675,21.42082365998696,0.13333333333333333
2013-09-07,18:14:26,6.2,17.283406137992827,0
2013-09-07,18:19:26,6.2666666666666675,17.28346977842946,0
2013-09-07,18:24:26,6.133333333333334,19.68581989247312,0.06666666666666668
2013-09-07,18:29:26,6.2,20.353115326653633,0.06666666666666668
2013-09-07,18:34:26,6.466666666666666,17.283444322254805,0.06666666666666668
2013-09-07,18:39:26,6.066666666666666,17.149952142391655,0
2013-09-07,18:44:26,6.333333333333334,20.353140782828287,0.13333333333333333
2013-09-07,18:49:26,6.133333333333334,16.74956469941349,0.13333333333333333
2013-09-07,18:54:26,6.2,16.2824566226784,0.06666666666666668
2013-09-07,18:59:26,6.466666666666666,17.817298488921473,0.13333333333333333
2013-09-07,19:04:26,11.266666666666667,34.03314903062887,3.466666666666667
2013-09-07,19:09:26,6.0,22.75542725643532,0.06666666666666668
2013-09-07,19:14:26,6.4,15.414986559139784,0.3333333333333333
2013-09-07,19:19:26,6.666666666666666,14.480757677582274,0.2
2013-09-07,19:24:26,6.533333333333334,17.75059058325187,0
2013-09-07,19:29:26,6.133333333333334,19.75252779814272,0
2013-09-07,19:34:26,6.0,21.887969920984034,0
2013-09-07,19:39:26,6.0,18.217635019550343,0
2013-09-07,19:44:26,6.133333333333334,17.483606223525573,0
2013-09-07,19:49:26,6.2666666666666675,16.215710532746826,0.06666666666666668
2013-09-07,19:54:26,6.2666666666666675,17.68381903714565,0
2013-09-07,19:59:26,6.466666666666666,18.75154009856631,0.06666666666666668
2013-09-07,20:04:26,12.0,36.16851478494624,11.866666666666667
2013-09-07,20:09:26,6.2,21.42082365998696,0.26666666666666666
2013-09-07,20:14:27,6.2,16.282482078853043,0.06666666666666668
2013-09-07,20:19:27,6.0,15.815348545943303,0
2013-09-07,20:24:27,8.4,14.947853026230042,0
2013-09-07,20:29:27,6.133333333333334,15.81531036168133,0
2013-09-07,20:34:27,6.2666666666666675,16.816310789345064,0
2013-09-07,20:39:27,6.2666666666666675,17.55041595389378,0.06666666666666668
2013-09-07,20:44:27,6.6,17.617098403388724,0.2
2013-09-07,20:49:27,6.066666666666666,16.949790241120883,0.13333333333333333
2013-09-07,20:54:27,6.133333333333334,17.01653633105246,0.3333333333333333
2013-09-07,20:59:27,6.066666666666666,18.15097802623004,0
2013-09-07,21:04:27,11.6,32.965427969208214,11.866666666666667
2013-09-07,21:09:27,6.066666666666666,22.755478168784627,0.13333333333333333
2013-09-07,21:14:27,6.0,15.615161188497881,0.06666666666666668
2013-09-07,21:19:27,6.2666666666666675,17.68381903714565,0
2013-09-07,21:24:27,6.2,16.68288224991854,0
2013-09-07,21:29:27,6.866666666666666,21.153877484522642,0
2013-09-07,21:34:27,6.933333333333334,22.355077997719132,0.26666666666666666
2013-09-07,21:39:27,6.2,18.81823527614858,0.13333333333333333
2013-09-07,21:44:27,6.4,19.685768980123814,0.2
2013-09-07,21:49:27,6.066666666666666,18.61807337487781,0.06666666666666668
2013-09-07,21:54:27,6.133333333333334,16.88306960736396,0.06666666666666668
2013-09-07,21:59:27,6.0,18.417898745519715,0
2013-09-07,22:04:27,11.666666666666668,30.696557306940374,3.533333333333333
2013-09-07,22:09:27,6.2666666666666675,20.019435789345064,0.2
2013-09-07,22:14:27,6.2,18.21773684424894,0.2
2013-09-07,22:19:27,6.6,19.01843536168133,0.13333333333333333
2013-09-07,22:24:27,6.933333333333334,20.219635874877813,0.13333333333333333
2013-09-07,22:29:27,6.133333333333334,19.218635447214076,0
2013-09-07,22:34:27,6.066666666666666,15.88214554822418,0
2013-09-07,22:39:27,6.4,15.815348545943303,0
2013-09-07,22:44:27,9.8,14.947853026230042,0.06666666666666668
2013-09-07,22:49:28,6.0,17.350164956011728,0
2013-09-07,22:54:28,6.0,18.81823527614858,0
2013-09-07,22:59:28,6.0,17.88400639459107,0
2013-09-07,23:04:28,10.4,30.763303396871944,3.466666666666667
2013-09-07,23:09:28,6.2,18.61807337487781,0.06666666666666668
2013-09-07,23:14:28,6.2666666666666675,14.614224401270773,0.13333333333333333
2013-09-07,23:19:28,6.2,17.41689831785598,0
2013-09-07,23:24:28,6.466666666666666,19.61903561827957,0.2
2013-09-07,23:29:28,6.2,19.619073802541546,0
2013-09-07,23:34:28,6.333333333333334,15.081319749918537,0.13333333333333333
2013-09-07,23:39:28,20.666666666666664,17.683806309058326,0.3333333333333333
2013-09-07,23:44:28,6.466666666666666,16.08232017758227,0
2013-09-07,23:49:28,6.133333333333334,19.619073802541546,0
2013-09-07,23:54:28,6.533333333333334,14.614224401270773,0.13333333333333333
2013-09-07,23:59:28,6.133333333333334,17.883968210329098,0.13333333333333333
2013-09-08,00:04:28,11.2,35.768152798142715,3.466666666666667
2013-09-08,00:09:28,6.133333333333334,22.822198802541543,0.06666666666666668
2013-09-08,00:14:28,6.066666666666666,17.41687286168133,0.06666666666666668
2013-09-08,00:19:28,6.2,18.351165383675465,0
2013-09-08,00:24:28,6.0,20.620036045943305,0
2013-09-08,00:29:28,6.133333333333334,17.8173112170088,0
2013-09-08,00:34:28,6.0,18.818311644672534,0
2013-09-08,00:39:28,6.333333333333334,18.217711388074292,0
2013-09-08,00:44:28,6.4,16.282443894591072,0
2013-09-08,00:49:28,6.0,17.083295149071358,0
2013-09-08,00:54:28,6.0,18.61807337487781,0
2013-09-08,00:59:28,6.333333333333334,18.017473118279568,0
2013-09-08,01:04:28,11.333333333333332,39.43844951531443,3.466666666666667
2013-09-08,01:09:28,6.2,25.891857078853054,0.13333333333333333
2013-09-08,01:14:28,6.333333333333334,19.819235703812314,0.13333333333333333
2013-09-08,01:19:28,6.466666666666666,17.41688558976865,0
2013-09-08,01:24:28,6.0,18.417860561257733,0
2013-09-08,01:29:28,6.066666666666666,14.881157848647767,0
2013-09-08,01:34:29,11.4,47.98009072580645,1.4
2013-09-08,01:39:29,6.133333333333334,32.09791972140763,0.6666666666666666
2013-09-08,01:44:29,6.0,18.751527370478986,0
2013-09-08,01:49:29,6.2,17.9507779406973,0.06666666666666668
2013-09-08,01:54:29,6.0,18.151003482404693,0
2013-09-08,01:59:29,6.133333333333334,17.68386994949495,0.06666666666666668
2013-09-08,02:04:29,31.666666666666664,36.36874032665362,3.533333333333333
2013-09-08,02:09:29,6.466666666666666,27.35995285516455,0.2
2013-09-08,02:14:29,8.2,20.086169151189313,0.4666666666666667
2013-09-08,02:19:29,6.333333333333334,18.48456846692734,0
2013-09-08,02:24:29,6.0,18.751514642391655,0
2013-09-08,02:29:29,6.066666666666666,17.283444322254805,0.2
2013-09-08,02:34:29,6.866666666666666,18.217673203812318,0
2013-09-08,02:39:29,6.533333333333334,18.017473118279568,0
2013-09-08,02:44:29,6.666666666666666,17.817273032746826,0
2013-09-08,02:49:29,6.333333333333334,18.150939841968068,0
2013-09-08,02:54:29,6.2666666666666675,17.016523602965133,0
2013-09-08,02:59:29,6.066666666666666,15.748640640273706,0
2013-09-08,03:04:29,11.666666666666668,30.4296365876507,11.866666666666667
2013-09-08,03:09:29,6.333333333333334,22.955678254317363,0
2013-09-08,03:14:29,6.0,17.88399366650375,0.06666666666666668
2013-09-08,03:19:29,6.2,18.61807337487781,0
2013-09-08,03:24:29,6.333333333333334,15.882069179700226,0.2
2013-09-08,03:29:29,6.2,14.881094208211145,0
2013-09-08,03:34:29,6.4,15.481681736722056,0
2013-09-08,03:39:29,6.066666666666666,16.415948802541543,0
2013-09-08,03:44:29,6.0,15.615186644672532,0
2013-09-08,03:49:29,6.0,15.815424914467252,0
2013-09-08,03:54:29,6.2,15.681907278429454,0
2013-09-08,03:59:30,6.4,17.14993941430433,0.13333333333333333
2013-09-08,04:04:29,12.0,33.29909477842945,11.866666666666667
2013-09-08,04:09:29,6.066666666666666,22.48850653714565,0
2013-09-08,04:14:29,6.0,18.351101743238843,0.06666666666666668
2013-09-08,04:19:29,6.533333333333334,15.615110276148583,0
2013-09-08,04:24:29,6.6,15.948827997719123,0
2013-09-08,04:29:29,6.0,14.280544863962202,0.13333333333333333
2013-09-08,04:34:29,6.0,16.749590155588137,0
2013-09-08,04:39:29,6.2,16.48270762056044,0
2013-09-08,04:44:29,6.2,17.149977598566306,0
2013-09-08,04:49:29,6.0,15.081307021831215,0
2013-09-08,04:54:29,6.0,17.8172603046595,0
2013-09-08,04:59:29,6.0,16.415948802541543,0
2013-09-08,05:04:29,11.2,27.226498859563375,3.466666666666667
2013-09-08,05:09:29,6.0,20.82023613147605,0
2013-09-08,05:14:29,6.0,15.281558019713259,0
2013-09-08,05:19:29,6.2,16.883082335451288,0
2013-09-08,05:24:29,6.0,17.283444322254805,0
2013-09-08,05:29:29,6.0,17.41694923020528,0
2013-09-08,05:34:29,6.2,18.28439383756924,0
2013-09-08,05:39:30,6.0,17.61711113147605,0
2013-09-08,05:44:30,6.2,16.616110703812318,0
2013-09-08,05:49:30,6.0,15.281558019713259,0
2013-09-08,05:54:30,6.0,17.88400639459107,0
2013-09-08,05:59:30,6.0,16.415948802541543,0
2013-09-08,06:04:30,11.0,31.363852741120894,3.466666666666667
2013-09-08,06:09:30,6.0,20.82023613147605,0
2013-09-08,06:14:30,7.866666666666666,23.622999144672534,0.13333333333333333
2013-09-08,06:19:30,6.133333333333334,20.219635874877813,0
2013-09-08,06:24:30,6.066666666666666,16.01554863147605,0
2013-09-08,06:29:30,6.0,18.217673203812318,0
2013-09-08,06:34:30,6.2,18.217673203812318,0
2013-09-08,06:39:30,6.0,19.61903561827957,0
2013-09-08,06:44:30,6.066666666666666,16.215748717008797,0
2013-09-08,06:49:30,6.666666666666666,18.417873289345064,0
2013-09-08,06:54:30,6.133333333333334,15.414986559139784,0
2013-09-08,06:59:30,6.066666666666666,17.416911045943305,0
2013-09-08,07:04:30,11.133333333333333,28.7612643572825,3.466666666666667
2013-09-08,07:09:30,6.066666666666666,19.21867363147605,0
2013-09-08,07:14:30,6.333333333333334,20.019435789345064,0.06666666666666668
2013-09-08,07:19:30,6.666666666666666,17.216672776148584,0.2
2013-09-08,07:24:30,6.0,17.61711113147605,0
2013-09-08,07:29:30,6.0,16.015510447214076,0
2013-09-08,07:34:30,6.2666666666666675,16.015510447214076,0.06666666666666668
2013-09-08,07:39:30,6.0,17.416911045943305,0
2013-09-08,07:44:30,6.0,16.616110703812318,0
2013-09-08,07:49:30,6.0,15.414986559139784,0
2013-09-08,07:54:30,6.2,19.619073802541546,0
2013-09-08,07:59:30,6.0,16.41591061827957,0
2013-09-08,08:04:30,12.2,34.56697774112089,3.533333333333333
2013-09-08,08:09:30,6.0,22.621973260834142,0
2013-09-08,08:14:30,6.2666666666666675,16.48268216438579,0.06666666666666668
2013-09-08,08:19:30,6.6,20.219635874877813,0.06666666666666668
2013-09-08,08:24:31,6.0,16.015586815738025,0
2013-09-08,08:29:31,6.133333333333334,16.94973932877159,0
2013-09-08,08:34:31,6.4,19.552314984522642,0.13333333333333333
2013-09-08,08:39:31,6.866666666666666,19.55230225643532,0
2013-09-08,08:44:31,11.666666666666668,21.220598118279568,11.866666666666667
2013-09-08,08:49:31,7.0,42.44137442978168,0
2013-09-08,08:54:31,6.2666666666666675,23.68971977842945,0
2013-09-08,08:59:31,6.0,17.41687286168133,0
2013-09-08,09:04:31,10.0,24.290294578853054,3.466666666666667
2013-09-08,09:09:31,6.4,20.753502769631805,0.13333333333333333
2013-09-08,09:14:31,7.866666666666666,25.825123717008797,0.4666666666666667
2013-09-08,09:19:31,6.0,19.61903561827957,0
2013-09-08,09:24:31,6.2666666666666675,22.688732078853043,0.06666666666666668
2013-09-08,09:29:31,6.2,20.219635874877813,0.13333333333333333
2013-09-08,09:34:31,6.2,17.08323150863474,0
2013-09-08,09:39:31,6.0,18.55136546920821,0
2013-09-08,09:44:31,6.6,17.55041595389378,0
2013-09-08,09:49:31,6.7333333333333325,19.885969065656564,0
2013-09-08,09:54:31,6.066666666666666,18.351139927500817,0
2013-09-08,09:59:31,6.2666666666666675,15.281545291625937,0.13333333333333333
2013-09-08,10:04:31,11.2,28.360953282828284,11.866666666666667
2013-09-08,10:09:31,6.0,20.286381964809383,0
2013-09-08,10:14:32,6.533333333333334,18.88501955034213,0.13333333333333333
2013-09-08,10:19:32,6.533333333333334,17.883968210329098,0
2013-09-08,10:24:32,6.466666666666666,16.816348973607038,0.13333333333333333
2013-09-08,10:29:32,6.0,15.214773745519711,0
2013-09-08,10:34:32,6.133333333333334,16.682844065656564,0
2013-09-08,10:39:32,6.333333333333334,18.88496863799283,0
2013-09-08,10:44:32,6.6,22.288370092049526,0
2013-09-08,10:49:32,6.6,22.154903368361023,0.13333333333333333
2013-09-08,10:54:32,6.0,18.41791147360704,0.13333333333333333
2013-09-08,10:59:32,6.0,17.08330787715868,0
2013-09-08,11:04:32,10.266666666666667,24.95762819729553,0.8
2013-09-08,11:09:32,6.0,18.884981366080154,0.13333333333333333
2013-09-08,11:14:32,6.066666666666666,18.8850068222548,0
2013-09-08,11:19:32,6.0,14.881145120560447,0
2013-09-08,11:24:32,6.2,15.41501201531443,0
2013-09-08,11:29:32,6.2,18.68476855246008,0
2013-09-08,11:34:32,6.0,17.95070157217334,0
2013-09-08,11:39:32,7.0,19.418835532746822,0.13333333333333333
2013-09-08,11:44:32,7.2666666666666675,17.21674914467253,0.4
2013-09-08,11:49:32,6.533333333333334,19.886007249918535,0
2013-09-08,11:54:32,6.133333333333334,19.151902085369827,0.06666666666666668
2013-09-08,11:59:32,6.333333333333334,20.68676940778755,0.06666666666666668
2013-09-08,12:04:33,11.066666666666668,25.024336102965133,3.533333333333333
2013-09-08,12:09:33,6.666666666666666,20.61999786168133,0.13333333333333333
2013-09-08,12:14:33,6.466666666666666,17.750603311339198,0.13333333333333333
2013-09-08,12:19:33,6.533333333333334,19.418873717008797,0.3333333333333333
2013-09-08,12:24:33,6.066666666666666,17.28338068181818,0
2013-09-08,12:29:33,6.4,19.418835532746822,0.2
2013-09-08,12:34:33,6.7333333333333325,19.41884826083415,0.26666666666666666
2013-09-08,12:39:33,6.533333333333334,18.28440656565656,0.06666666666666668
2013-09-08,12:44:33,7.466666666666666,20.086169151189313,0.13333333333333333
2013-09-08,12:49:33,8.6,21.487582478005866,0
2013-09-08,12:54:33,6.533333333333334,16.015586815738025,0.06666666666666668
2013-09-08,12:59:33,6.133333333333334,16.549415526230046,0.13333333333333333
2013-09-08,13:04:33,9.2,24.023373859563378,0.13333333333333333
2013-09-08,13:09:33,6.133333333333334,18.150965298142715,0
2013-09-08,13:14:33,6.0,15.681894550342133,0
2013-09-08,13:19:33,6.666666666666666,15.681920006516778,0.13333333333333333
2013-09-08,13:24:33,6.6,18.28440656565656,0.13333333333333333
2013-09-08,13:29:33,6.0,17.95079066878462,0
2013-09-08,13:34:33,6.4,18.150965298142715,0.06666666666666668
2013-09-08,13:39:33,6.2,18.751591010915604,0.13333333333333333
2013-09-08,13:44:33,6.466666666666666,18.417886017432384,0
2013-09-08,13:49:33,6.4,23.8231610459433,0
2013-09-08,13:54:33,6.2666666666666675,20.68676940778755,0.06666666666666668
2013-09-08,13:59:33,6.2,16.282482078853043,0.06666666666666668
2013-09-08,14:04:33,9.266666666666666,23.155865611762792,0.2
2013-09-08,14:09:33,6.2,17.28348250651678,0
2013-09-08,14:14:33,6.2,20.68676940778755,0.13333333333333333
2013-09-08,14:19:33,6.533333333333334,17.483644407787548,0.06666666666666668
2013-09-08,14:24:33,6.0,18.150901657706093,0
2013-09-08,14:29:33,6.133333333333334,19.685768980123814,0.26666666666666666
2013-09-08,14:34:33,6.2,17.6838444933203,0.13333333333333333
2013-09-08,14:39:33,6.2,16.282494806940374,0.26666666666666666
2013-09-08,14:44:33,7.333333333333334,18.15101621049202,0.06666666666666668
2013-09-08,14:49:33,6.6,33.63278704382535,0
2013-09-08,14:54:33,6.6,19.418835532746822,0.06666666666666668
2013-09-08,14:59:33,6.333333333333334,17.6170856753014,0.13333333333333333
2013-09-08,15:04:33,9.266666666666666,22.755529081133922,0.13333333333333333
2013-09-08,15:09:33,6.0,17.817273032746826,0.06666666666666668
2013-09-08,15:14:33,6.333333333333334,18.017485846366892,0.2
2013-09-08,15:19:34,6.2666666666666675,16.28243116650375,0
2013-09-08,15:24:34,6.0,17.016561787227115,0
2013-09-08,15:29:34,6.0,16.015625,0
2013-09-08,15:34:34,7.133333333333334,17.216736416585203,0.3333333333333333
2013-09-08,15:39:34,6.0,18.81827346041056,0
2013-09-08,15:44:34,6.8,18.084206480123818,0.26666666666666666
2013-09-08,15:49:34,6.6,24.090094493320297,0.13333333333333333
2013-09-08,15:54:34,6.2,18.48459392310199,0
2013-09-08,15:59:34,6.8,17.884044578853043,0
2013-09-08,16:04:34,11.0,25.691644265232966,8.533333333333333
2013-09-08,16:09:34,6.333333333333334,18.41783510508309,0.06666666666666668
2013-09-08,16:14:34,6.0,17.150041239002935,0.06666666666666668
2013-09-08,16:19:34,6.466666666666666,19.95271515558814,0.26666666666666666
2013-09-08,16:24:34,6.2,20.620036045943305,0.2
2013-09-08,16:29:34,6.2666666666666675,19.285394265232974,0
2013-09-08,16:34:34,6.6,18.15092711388074,0.13333333333333333
2013-09-08,16:39:34,6.533333333333334,16.816310789345064,0
2013-09-08,16:44:34,6.6,19.352102170902576,0.3333333333333333
2013-09-08,16:49:34,6.7333333333333325,23.422799059139784,0.06666666666666668
2013-09-08,16:54:34,6.333333333333334,18.618035190615835,0.2
2013-09-08,16:59:34,6.2666666666666675,16.816310789345064,0.06666666666666668
2013-09-08,17:04:34,9.2,21.220661758716194,0.06666666666666668
2013-09-08,17:09:34,6.133333333333334,16.816310789345064,0.2
2013-09-08,17:14:34,6.2666666666666675,17.01651087487781,0.06666666666666668
2013-09-08,17:19:34,6.2,15.815348545943303,0.06666666666666668
2013-09-08,17:24:34,6.533333333333334,17.617072947214076,0.2
2013-09-08,17:29:34,6.666666666666666,17.21671096041056,0.13333333333333333
2013-09-08,17:34:34,6.0,16.61614888807429,0
2013-09-08,17:39:34,6.0,16.01554863147605,0
2013-09-08,17:44:34,6.533333333333334,17.216672776148584,0.06666666666666668
2013-09-08,17:49:35,6.8,19.218635447214076,0.2
2013-09-08,17:54:35,6.0,15.348253197295536,0.06666666666666668
2013-09-08,17:59:35,6.6,18.81823527614858,0.06666666666666668
2013-09-08,18:04:35,9.666666666666666,25.49145690778755,0.26666666666666666
2013-09-08,18:09:35,6.466666666666666,20.219635874877813,0.13333333333333333
2013-09-08,18:14:35,6.133333333333334,16.816310789345064,0.06666666666666668
2013-09-08,18:19:35,6.133333333333334,14.013624144672532,0.06666666666666668
2013-09-08,18:24:35,6.2666666666666675,16.41591061827957,0.06666666666666668
2013-09-08,18:29:35,6.0,15.615148460410555,0
2013-09-08,18:34:35,6.0,15.214748289345062,0
2013-09-08,18:39:35,6.0,15.214824657869015,0
2013-09-08,18:44:35,7.666666666666666,18.217673203812318,0.4
2013-09-08,18:49:35,6.6,21.82119837487781,0.13333333333333333
2013-09-08,18:54:35,6.0,18.81827346041056,0
2013-09-08,18:59:35,6.0,17.15000305474096,0.06666666666666668
2013-09-08,19:04:35,9.533333333333333,27.89385793418052,0.2
2013-09-08,19:09:35,6.066666666666666,18.217673203812318,0
2013-09-08,19:14:35,6.2,18.017473118279568,0.2
2013-09-08,19:19:35,6.4,15.815386730205278,0
2013-09-08,19:24:35,6.8,17.21671096041056,0.13333333333333333
2013-09-08,19:29:35,6.2,15.615186644672532,0
2013-09-08,19:34:36,6.0,14.61414803274682,0.06666666666666668
2013-09-08,19:39:36,6.066666666666666,12.21182337487781,0
2013-09-08,19:44:36,6.2,15.481694464809385,0
2013-09-08,19:49:36,6.4,22.621998717008797,0.13333333333333333
2013-09-08,19:54:36,6.2,17.416911045943305,0.13333333333333333
2013-09-08,19:59:36,6.2,15.414986559139784,0
2013-09-08,20:04:36,9.333333333333334,26.42572397360704,0.06666666666666668
2013-09-08,20:09:36,6.533333333333334,19.819235703812314,0
2013-09-08,20:14:36,6.0,16.149040811339198,0.06666666666666668
2013-09-08,20:19:36,6.0,15.88209463587488,0.06666666666666668
2013-09-08,20:24:36,6.066666666666666,15.882069179700226,0.06666666666666668
2013-09-08,20:29:36,6.0,19.48561980694037,0.06666666666666668
2013-09-08,20:34:36,6.0,17.617149315738022,0.06666666666666668
2013-09-08,20:39:36,6.0,15.481758105246007,0.06666666666666668
2013-09-08,20:44:36,6.533333333333334,16.48269489247312,0.06666666666666668
2013-09-08,20:49:36,7.4,27.89378156565656,0.2
2013-09-08,20:54:36,6.066666666666666,20.620036045943305,0
2013-09-08,20:59:36,6.2,18.417860561257733,0
2013-09-08,21:04:36,9.4,26.292219065656575,0.06666666666666668
2013-09-08,21:09:36,6.0,21.28735693629847,0
2013-09-08,21:14:36,6.133333333333334,17.350126771749753,0.13333333333333333
2013-09-08,21:19:36,6.0,15.014624572336267,0
2013-09-08,21:24:36,6.2666666666666675,16.015586815738025,0.13333333333333333
2013-09-08,21:29:36,6.066666666666666,20.620036045943305,0.06666666666666668
2013-09-08,21:34:36,6.4,19.08519417970023,0.26666666666666666
2013-09-08,21:39:36,6.0,14.881157848647767,0
2013-09-08,21:44:36,6.4,17.950739756435325,0.06666666666666668
2013-09-08,21:49:36,6.533333333333334,19.819235703812314,0
2013-09-08,21:54:36,6.2666666666666675,17.08323150863474,0.06666666666666668
2013-09-08,21:59:36,6.2,17.01651087487781,0
2013-09-08,22:04:37,10.4,29.09500753502769,0.5333333333333333
2013-09-08,22:09:37,6.4,20.886982221407624,0
2013-09-08,22:14:37,6.133333333333334,17.617072947214076,0.13333333333333333
2013-09-08,22:19:36,6.466666666666666,16.482643980123814,0
2013-09-08,22:24:36,6.2,16.21573598892147,0
2013-09-08,22:29:36,6.333333333333334,17.68381903714565,0.13333333333333333
2013-09-08,22:34:36,6.333333333333334,18.951701999837077,0.26666666666666666
2013-09-08,22:39:36,6.066666666666666,18.68476855246008,0
2013-09-08,22:44:36,6.8,20.68676940778755,0.13333333333333333
2013-09-08,22:49:36,6.4,24.35702794069729,0
2013-09-08,22:54:36,6.0,18.017473118279568,0.06666666666666668
2013-09-08,22:59:36,6.0,16.482669436298465,0
2013-09-08,23:04:36,9.2,22.688732078853043,0.3333333333333333
2013-09-08,23:09:36,6.333333333333334,20.686756679700228,0
2013-09-08,23:14:36,6.0,20.753502769631805,0.06666666666666668
2013-09-08,23:19:36,6.4,18.150914385793413,0.06666666666666668
2013-09-08,23:24:36,6.0,18.68476855246008,0
2013-09-08,23:29:36,6.333333333333334,18.484644835451284,0
2013-09-08,23:34:37,6.666666666666666,16.349215440697296,0.13333333333333333
2013-09-08,23:39:37,6.533333333333334,16.749577427500814,0
2013-09-08,23:44:37,6.0,15.548440554740958,0
2013-09-08,23:49:37,6.6,20.353102598566313,0
2013-09-08,23:54:37,6.0,17.08320605246008,0
2013-09-08,23:59:37,6.2,16.549364613880744,0
2013-09-09,00:04:37,9.266666666666666,23.956678681981096,0.06666666666666668
2013-09-09,00:09:37,6.133333333333334,19.685794436298465,0
2013-09-09,00:14:37,6.2,16.68288224991854,0.2
2013-09-09,00:19:37,6.0,15.815348545943303,0.06666666666666668
2013-09-09,00:24:37,6.0,16.482669436298465,0
2013-09-09,00:29:37,6.066666666666666,15.948802541544477,0
2013-09-09,00:34:37,6.0,20.019435789345064,0
2013-09-09,00:39:37,6.0,18.68476855246008,0
2013-09-09,00:44:37,6.2,17.88405730694037,0
2013-09-09,00:49:37,8.333333333333334,32.63179934424894,0.3333333333333333
2013-09-09,00:54:37,6.0,20.219635874877813,0
2013-09-09,00:59:37,6.066666666666666,19.018473545943305,0
2013-09-09,01:04:37,9.466666666666667,22.7554654406973,0.13333333333333333
2013-09-09,01:09:37,6.2,20.620036045943305,0
2013-09-09,01:14:37,6.2,16.549364613880744,0.06666666666666668
2013-09-09,01:19:37,6.4,19.218648175301407,0
2013-09-09,01:24:37,6.0,17.75062876751385,0
2013-09-09,01:29:37,6.2,16.21578690127077,0.06666666666666668
2013-09-09,01:34:37,11.2,48.847598973607035,1.3333333333333333
2013-09-09,01:39:37,6.0,34.500295291625946,0.7333333333333333
2013-09-09,01:44:37,6.2,18.951701999837077,0
2013-09-09,01:49:37,6.6,23.6896943222548,0
2013-09-09,01:54:37,6.0,18.88496863799283,0
2013-09-09,01:59:38,6.0,16.4159233463669,0
2013-09-09,02:04:38,28.2,24.95762819729553,0.13333333333333333
2013-09-09,02:09:38,6.2666666666666675,19.018448089768654,0
2013-09-09,02:14:38,6.4,20.28639469289671,0.06666666666666668
2013-09-09,02:19:38,6.0,18.55131455685891,0
2013-09-09,02:24:38,6.0,15.348278653470187,0
2013-09-09,02:29:38,6.466666666666666,16.54939007005539,0
2013-09-09,02:34:38,6.066666666666666,15.214786473607036,0
2013-09-09,02:39:38,6.2,17.75052694281525,0
2013-09-09,02:44:38,6.2,15.815386730205278,0
2013-09-09,02:49:38,8.2,32.831973973607035,0.06666666666666668
2013-09-09,02:54:38,6.0,20.353102598566313,0
2013-09-09,02:59:38,6.466666666666666,16.349215440697296,0
2013-09-09,03:04:38,9.4,26.692682877158685,0.06666666666666668
2013-09-09,03:09:38,6.133333333333334,20.019435789345064,0
2013-09-09,03:14:38,6.2,16.41591061827957,0.06666666666666668
2013-09-09,03:19:38,6.0,16.616110703812318,0
2013-09-09,03:24:38,6.066666666666666,15.815386730205278,0
2013-09-09,03:29:38,6.666666666666666,16.41593607445422,0
2013-09-09,03:34:38,6.4,18.017511302541543,0.06666666666666668
2013-09-09,03:39:38,6.4,14.280519407787551,0
2013-09-09,03:44:38,6.2,15.214786473607036,0
2013-09-09,03:49:38,6.6,21.554315839850112,0
2013-09-09,03:54:38,6.2,16.616110703812318,0
2013-09-09,03:59:38,6.066666666666666,15.014586388074292,0
2013-09-09,04:04:38,9.533333333333333,24.890882107363957,0.06666666666666668
2013-09-09,04:09:38,6.133333333333334,19.418835532746822,0
2013-09-09,04:14:38,6.2666666666666675,19.61903561827957,0.06666666666666668
2013-09-09,04:19:38,6.466666666666666,18.618111559139784,0
2013-09-09,04:24:38,6.0,17.016472690615835,0
2013-09-09,04:29:38,6.0,17.016472690615835,0
2013-09-09,04:34:38,6.0,16.616110703812318,0
2013-09-09,04:39:38,6.0,14.614186217008799,0
2013-09-09,04:44:39,6.133333333333334,13.813424059139784,0
2013-09-09,04:49:39,6.6,19.55232771260997,0
2013-09-09,04:54:39,6.4,18.81823527614858,0
2013-09-09,04:59:39,6.2666666666666675,14.614186217008799,0
2013-09-09,05:04:39,9.2,21.22067448680352,0.06666666666666668
2013-09-09,05:09:39,6.2,17.01653633105246,0.06666666666666668
2013-09-09,05:14:39,6.6,17.617072947214076,0.06666666666666668
2013-09-09,05:19:39,6.2666666666666675,13.813424059139784,0
2013-09-09,05:24:39,6.333333333333334,14.614224401270773,0
2013-09-09,05:29:39,6.4,15.81531036168133,0
2013-09-09,05:34:39,6.0,15.615148460410555,0
2013-09-09,05:39:39,6.2666666666666675,17.88400639459107,0
2013-09-09,05:44:39,6.2,18.68480673672206,0.06666666666666668
2013-09-09,05:49:39,7.0,22.621960532746822,0.06666666666666668
2013-09-09,05:54:39,6.2,18.017473118279568,0
2013-09-09,05:59:39,6.0,17.21671096041056,0
2013-09-09,06:04:39,9.333333333333334,22.22163673020528,0.06666666666666668
2013-09-09,06:09:39,6.2,18.61807337487781,0
2013-09-09,06:14:39,6.333333333333334,19.018473545943305,0.06666666666666668
2013-09-09,06:19:39,6.2,18.81827346041056,0
2013-09-09,06:24:39,6.0,15.615148460410555,0
2013-09-09,06:29:39,6.0,15.214786473607036,0
2013-09-09,06:34:39,6.2,15.348253197295536,0
2013-09-09,06:39:39,6.2,16.082281993320297,0
2013-09-09,06:44:39,6.0,16.21578690127077,0
2013-09-09,06:49:39,6.8,19.88598179374389,0
2013-09-09,06:54:39,6.0,16.21578690127077,0
2013-09-09,06:59:40,6.0,17.41687286168133,0
2013-09-09,07:04:40,9.4,22.355052541544477,0.06666666666666668
2013-09-09,07:09:40,6.0,18.618035190615835,0
2013-09-09,07:14:40,6.2,16.61614888807429,0.06666666666666668
2013-09-09,07:19:40,6.466666666666666,15.548453282828284,0
2013-09-09,07:24:39,6.333333333333334,19.151902085369827,0.06666666666666668
2013-09-09,07:29:39,6.0,16.61614888807429,0
2013-09-09,07:34:39,6.2,14.614211673183444,0
2013-09-09,07:39:39,6.4,15.081307021831215,0
2013-09-09,07:44:39,6.066666666666666,17.8172603046595,0
2013-09-09,07:49:39,6.6,21.35406484196806,0
2013-09-09,07:54:39,6.071428571428571,18.374975998463903,0
2013-09-09,07:59:39,6.2142857142857135,17.15950275363078,0
2013-09-09,08:04:39,9.428571428571429,22.450423190720574,0.14285714285714285
2013-09-09,08:09:39,6.0,18.446435117302055,0
2013-09-09,08:14:40,6.0,18.41783510508309,0.06666666666666668
2013-09-09,08:19:40,6.2,16.34920271260997,0
2013-09-09,08:24:40,6.0,16.415948802541543,0.06666666666666668
2013-09-09,08:29:40,6.0,18.017434934017594,0
2013-09-09,08:34:40,6.0,17.483631679700228,0
2013-09-09,08:39:40,6.666666666666666,20.419835960410555,0
2013-09-09,08:44:40,6.4,17.817234848484848,0.2
2013-09-09,08:49:40,8.133333333333333,33.432574230205276,0.06666666666666668
2013-09-09,08:54:40,6.066666666666666,22.822198802541543,0.06666666666666668
2013-09-09,08:59:40,6.4,17.416911045943305,0.13333333333333333
2013-09-09,09:04:40,13.8,29.428648888074292,0.2
2013-09-09,09:09:40,6.466666666666666,35.63469880254154,0.06666666666666668
2013-09-09,09:14:40,6.0,23.222598973607038,0.13333333333333333
2013-09-09,09:19:40,6.2666666666666675,20.620036045943305,0
2013-09-09,09:24:40,6.866666666666666,18.417873289345064,0.13333333333333333
2013-09-09,09:29:40,6.4,18.551327284946233,0
2013-09-09,09:34:40,6.4,17.21671096041056,0.06666666666666668
2013-09-09,09:39:40,6.333333333333334,15.615186644672532,0.26666666666666666
2013-09-09,09:44:40,6.7333333333333325,17.01651087487781,0.26666666666666666
2013-09-09,09:49:40,6.8,19.55230225643532,0.2
2013-09-09,09:54:40,7.133333333333334,18.81823527614858,0.13333333333333333
2013-09-09,09:59:40,6.2,17.216672776148584,0
2013-09-09,10:04:40,9.333333333333334,24.757428111762785,0.06666666666666668
2013-09-09,10:09:40,6.4,19.61903561827957,0.06666666666666668
2013-09-09,10:14:40,6.6,17.817273032746826,0.26666666666666666
2013-09-09,10:19:40,6.6,18.618035190615835,0.13333333333333333
2013-09-09,10:24:41,6.2,17.350164956011728,0
2013-09-09,10:29:41,6.2,18.217673203812318,0
2013-09-09,10:34:41,6.866666666666666,17.01651087487781,0.4
2013-09-09,10:39:41,6.2,19.418835532746822,0.13333333333333333
2013-09-09,10:44:41,6.933333333333334,16.41593607445422,0.2
2013-09-09,10:49:41,7.2,21.821236559139784,0.3333333333333333
2013-09-09,10:54:41,9.266666666666666,20.68676940778755,1.0666666666666669
2013-09-09,10:59:41,6.466666666666666,21.621036473607038,0.06666666666666668
2013-09-09,11:04:41,9.266666666666666,27.56014021260997,0.06666666666666668
2013-09-09,11:09:41,7.066666666666666,23.823199230205276,0.26666666666666666
2013-09-09,11:14:41,6.2,19.819235703812314,0.26666666666666666
2013-09-09,11:19:41,6.2,16.949790241120883,0.13333333333333333
2013-09-09,11:24:41,6.666666666666666,19.418835532746822,0.3333333333333333
2013-09-09,11:29:41,6.333333333333334,19.418835532746822,0.4
2013-09-09,11:34:41,7.2666666666666675,18.81823527614858,0.26666666666666666
2013-09-09,11:39:41,6.866666666666666,18.41783510508309,0.2
2013-09-09,11:44:41,6.066666666666666,19.418873717008797,0.06666666666666668
2013-09-09,11:49:41,6.6,26.225523888074292,0
2013-09-09,11:54:41,6.0,18.217711388074292,0.06666666666666668
2013-09-09,11:59:41,6.466666666666666,17.75052694281525,0.26666666666666666
2013-09-09,12:04:41,10.066666666666666,27.82707365998697,0.4666666666666667
2013-09-09,12:09:42,6.666666666666666,20.486556594167485,0.3333333333333333
2013-09-09,12:14:42,7.333333333333334,17.550352313457154,0.13333333333333333
2013-09-09,12:19:42,6.466666666666666,21.020436217008797,0.13333333333333333
2013-09-09,12:24:42,6.6,18.75154009856631,0.13333333333333333
2013-09-09,12:29:42,6.466666666666666,16.68290770609319,0.4
2013-09-09,12:34:42,6.133333333333334,19.48561980694037,0.2
2013-09-09,12:39:42,6.333333333333334,17.350139499837084,0
2013-09-09,12:44:42,6.0,17.283393409905507,0
2013-09-09,12:49:42,7.2666666666666675,25.624961815738022,0.5333333333333333
2013-09-09,12:54:42,6.933333333333334,19.685768980123814,0.3333333333333333
2013-09-09,12:59:42,6.133333333333334,18.751501914304335,0.13333333333333333
2013-09-09,13:04:42,9.266666666666666,26.29223179374389,0.26666666666666666
2013-09-09,13:09:42,6.2666666666666675,17.950752484522646,0.13333333333333333
2013-09-09,13:14:42,6.2,16.282482078853043,0.06666666666666668
2013-09-09,13:19:42,6.6,15.481719920984036,0.06666666666666668
2013-09-09,13:24:42,6.533333333333334,17.750539670902572,0
2013-09-09,13:29:42,6.0,18.75155282665363,0
2013-09-09,13:34:42,6.0,17.01653633105246,0
2013-09-09,13:39:42,6.0,16.082294721407624,0
2013-09-09,13:44:42,7.066666666666666,18.28436838139459,0.4
2013-09-09,13:49:42,7.466666666666666,21.821236559139784,0.06666666666666668
2013-09-09,13:54:42,6.2666666666666675,19.285368809058323,0.06666666666666668
2013-09-09,13:59:42,6.333333333333334,21.220636302541546,0.26666666666666666
2013-09-09,14:04:42,13.466666666666667,27.35996558325187,27.6
2013-09-09,14:09:42,7.8,22.68875753502769,1.1333333333333333
2013-09-09,14:14:42,6.933333333333334,20.353102598566313,0.3333333333333333
2013-09-09,14:19:42,6.933333333333334,21.220636302541546,0.4666666666666667
2013-09-09,14:24:42,8.133333333333333,18.81823527614858,1.0
2013-09-09,14:29:42,6.7333333333333325,19.21867363147605,0.2
2013-09-09,14:34:42,6.333333333333334,18.95174018409906,0.13333333333333333
2013-09-09,14:39:42,6.466666666666666,20.820197947214076,0.06666666666666668
2013-09-09,14:44:42,6.933333333333334,20.086169151189313,0.26666666666666666
2013-09-09,14:49:42,8.8,33.232374144672534,0.06666666666666668
2013-09-09,14:54:42,7.2666666666666675,22.955690982404693,0.8
2013-09-09,14:59:43,7.533333333333334,21.621036473607038,0.3333333333333333
2013-09-09,15:04:43,10.066666666666666,27.69360693629847,0.4
2013-09-09,15:09:43,6.6,20.086207335451288,0
2013-09-09,15:14:43,6.4,17.283444322254805,0.06666666666666668
2013-09-09,15:19:43,6.666666666666666,18.15092711388074,0.26666666666666666
2013-09-09,15:24:43,6.7333333333333325,17.01651087487781,0.2
2013-09-09,15:29:43,6.866666666666666,19.55230225643532,0.13333333333333333
2013-09-09,15:34:43,6.8,17.617098403388724,0.2
2013-09-09,15:39:43,6.6,19.485568894591072,0.2
2013-09-09,15:44:43,6.6,18.08424466438579,0
2013-09-09,15:49:43,7.666666666666666,23.08913224991854,0.3333333333333333
2013-09-09,15:54:43,6.4,20.953702855164543,0.3333333333333333
2013-09-09,15:59:43,6.6,18.017434934017594,0.13333333333333333
2013-09-09,16:04:43,9.666666666666666,25.02432337487781,0.26666666666666666
2013-09-09,16:09:43,6.4,20.353102598566313,0
2013-09-09,16:14:43,7.0,16.616072519550343,0.4
2013-09-09,16:19:43,6.866666666666666,19.08520690778755,0.2
2013-09-09,16:24:43,6.466666666666666,17.016472690615835,0
2013-09-09,16:29:43,6.666666666666666,15.882107363962206,0.3333333333333333
2013-09-09,16:34:43,6.7333333333333325,16.54939007005539,0.2
2013-09-09,16:39:43,6.133333333333334,16.41593607445422,0.13333333333333333
2013-09-09,16:44:43,7.466666666666666,16.215748717008797,0.7333333333333333
2013-09-09,16:49:43,9.0,22.7554654406973,0.9333333333333332
2013-09-09,16:54:43,6.866666666666666,18.15092711388074,0.13333333333333333
2013-09-09,16:59:43,6.7333333333333325,21.554290383675465,0.13333333333333333
2013-09-09,17:04:43,11.6,32.097932449494955,4.266666666666667
2013-09-09,17:09:43,7.333333333333334,21.687744379276637,0.9333333333333332
2013-09-09,17:14:43,9.533333333333333,18.551301828771585,0.6
2013-09-09,17:19:43,6.6,17.950739756435325,0.2
2013-09-09,17:24:43,6.2,17.016523602965133,0.06666666666666668
2013-09-09,17:29:43,6.333333333333334,17.817273032746826,0.06666666666666668
2013-09-09,17:34:43,6.866666666666666,18.68478128054741,0.26666666666666666
2013-09-09,17:39:43,6.4,17.68381903714565,0.06666666666666668
2013-09-09,17:44:43,7.2,15.815348545943303,0.6666666666666666
2013-09-09,17:49:43,7.4,22.088170006516787,0.13333333333333333
2013-09-09,17:54:43,6.666666666666666,19.01851173020528,0.13333333333333333
2013-09-09,17:59:43,6.2666666666666675,16.74956469941349,0
2013-09-09,18:04:43,11.666666666666668,30.496331765232977,3.8
2013-09-09,18:09:43,9.333333333333334,21.220636302541546,1.1333333333333333
2013-09-09,18:14:43,8.0,20.620036045943305,0.13333333333333333
2013-09-09,18:19:43,6.666666666666666,20.620036045943305,0.06666666666666668
2013-09-09,18:24:43,6.933333333333334,20.953702855164543,0.26666666666666666
2013-09-09,18:29:43,6.8,19.685768980123814,0.26666666666666666
2013-09-09,18:34:43,6.7333333333333325,19.08520690778755,0.13333333333333333
2013-09-09,18:39:43,6.666666666666666,18.01744766210492,0.06666666666666668
2013-09-09,18:44:43,7.133333333333334,16.282469350765723,0.5333333333333333
2013-09-09,18:49:43,6.8,21.420836388074292,0.13333333333333333
2013-09-09,18:54:44,6.666666666666666,19.819235703812314,0.3333333333333333
2013-09-09,18:59:44,8.0,19.685768980123814,0.8
2013-09-09,19:04:44,14.066666666666668,30.696531850765723,14.066666666666665
2013-09-09,19:09:44,7.2,21.220636302541546,0.4
2013-09-09,19:14:44,6.466666666666666,20.286369236722056,0.26666666666666666
2013-09-09,19:19:44,7.7333333333333325,23.823224686379923,0.8
2013-09-09,19:24:44,6.6,22.488544721407624,0.4666666666666667
2013-09-09,19:29:44,6.7333333333333325,20.68676940778755,0.26666666666666666
2013-09-09,19:34:44,6.7333333333333325,19.61903561827957,0.4666666666666667
2013-09-09,19:39:44,6.866666666666666,17.9507779406973,0.13333333333333333
2013-09-09,19:44:44,6.666666666666666,16.682894978005866,0.2
2013-09-09,19:49:44,6.866666666666666,19.685794436298465,0
2013-09-09,19:54:44,6.333333333333334,15.41499928722711,0
2013-09-09,19:59:44,6.333333333333334,18.017511302541543,0
2013-09-09,20:04:44,10.933333333333332,25.958564984522642,12.0
2013-09-09,20:09:44,6.4,19.61903561827957,0.13333333333333333
2013-09-09,20:14:44,6.133333333333334,17.550314129195176,0.26666666666666666
2013-09-09,20:19:44,6.4,17.283406137992827,0.2
2013-09-09,20:24:44,6.466666666666666,15.148065839850112,0.26666666666666666
2013-09-09,20:29:44,6.533333333333334,17.750577855164547,0.5333333333333333
2013-09-09,20:34:44,6.933333333333334,18.751501914304335,0.3333333333333333
2013-09-09,20:39:44,6.333333333333334,16.549339157706093,0.06666666666666668
2013-09-09,20:44:44,6.0,16.349215440697296,0
2013-09-09,20:49:44,6.933333333333334,21.687693466927335,0.06666666666666668
2013-09-09,20:54:44,6.2,15.681894550342133,0.26666666666666666
2013-09-09,20:59:44,7.333333333333334,15.548478739002933,0.26666666666666666
2013-09-09,21:04:44,9.8,29.76230296920821,3.466666666666667
2013-09-09,21:09:44,7.2666666666666675,21.354103026230046,0.4666666666666667
2013-09-09,21:14:44,7.6,18.28439383756924,0.26666666666666666
2013-09-09,21:19:44,6.133333333333334,19.819235703812314,0.06666666666666668
2013-09-09,21:24:44,6.333333333333334,17.083193324372765,0.2
2013-09-09,21:29:44,7.6,18.618047918703166,0.7333333333333333
2013-09-09,21:34:44,7.2,18.684794008634732,0.5333333333333333
2013-09-09,21:39:44,6.466666666666666,20.620036045943305,0.3333333333333333
2013-09-09,21:44:44,6.933333333333334,15.948815269631803,0.5333333333333333
2013-09-09,21:49:45,8.533333333333333,21.687757107363957,1.0
2013-09-09,21:54:45,6.533333333333334,19.61903561827957,0.3333333333333333
2013-09-09,21:59:45,6.533333333333334,37.70337892534213,0.5833333333333334
2013-09-09,22:04:45,6.533333333333334,37.70337892534213,0.5833333333333334
2013-09-09,22:09:45,0,100.0,2.0
2013-09-09,22:14:45,13.8,99.20848870213713,0.4666666666666667
2013-09-09,22:19:45,7.4,49.82346986557953,0.2
2013-09-09,22:24:45,7.0,24.33609108781127,0.13333333333333333
2013-09-09,22:29:45,7.333333333333334,24.259714419475653,0.5333333333333333
2013-09-09,22:34:45,7.2,26.563646075970095,0.26666666666666666
2013-09-09,22:39:45,6.6,25.331286619609028,0.06666666666666668
2013-09-09,22:44:45,6.466666666666666,15.919960072306031,0.4666666666666667
2013-09-09,22:49:45,8.066666666666666,26.650628483712268,0.6666666666666666
2013-09-09,22:54:45,7.2,27.578824500387118,0.4
2013-09-09,22:59:45,6.933333333333334,22.929737388250317,0.3333333333333333
2013-09-09,23:04:45,11.133333333333333,33.006253698395106,4.333333333333333
2013-09-09,23:09:45,9.8,26.31273348743961,0.8666666666666667
2013-09-09,23:14:45,7.2,25.056877367424235,0.13333333333333333
2013-09-09,23:19:45,8.266666666666666,22.245548217394592,1.0
2013-09-09,23:24:45,6.4,18.20952456961786,0.06666666666666668
2013-09-09,23:29:45,7.4,14.567578272796064,0.4666666666666667
2013-09-09,23:34:45,6.666666666666666,15.11000461123723,0.13333333333333333
2013-09-09,23:39:45,6.333333333333334,16.272346765039728,0.13333333333333333
2013-09-09,23:44:45,6.2,16.11732347237987,0
2013-09-09,23:49:45,7.866666666666666,14.800046703556568,0.4
2013-09-09,23:54:45,7.066666666666666,14.645067749716231,0.13333333333333333
2013-09-09,23:59:45,8.466666666666667,24.17603693719258,0.06666666666666668
2013-09-10,00:04:45,10.133333333333333,41.9207428821415,3.8
2013-09-10,00:09:45,6.2666666666666675,20.456660281876655,0
2013-09-10,00:14:45,7.466666666666666,23.866093809118425,0.26666666666666666
2013-09-10,00:19:45,6.2666666666666675,16.582289893113884,0.13333333333333333
2013-09-10,00:24:45,6.4,13.327746642073398,0
2013-09-10,00:29:45,6.8,16.63708862313912,0.13333333333333333
2013-09-10,00:34:45,6.0,16.354265740357096,0
2013-09-10,00:39:46,6.333333333333334,15.89019832862524,0
2013-09-10,00:44:46,6.333333333333334,15.890242467043317,0
2013-09-10,00:49:46,6.0,13.961761417137472,0
2013-09-10,00:54:46,6.8,20.42744678748871,0.06666666666666668
2013-09-10,00:59:46,6.7333333333333325,16.334576631866067,0
2013-09-10,01:04:46,9.8,24.347841422121896,3.466666666666667
2013-09-10,01:09:46,6.4,18.37349556587838,0
2013-09-10,01:14:46,8.6,34.464055874923375,0
2013-09-10,01:19:46,6.7333333333333325,19.587922440162668,0
2013-09-10,01:24:46,6.666666666666666,15.279981255195747,0.13333333333333333
2013-09-10,01:29:46,6.4,15.751181981877881,0
2013-09-10,01:34:46,11.2,40.67663275319776,1.4666666666666666
2013-09-10,01:39:45,6.333333333333334,21.695544333840086,0.8
2013-09-10,01:44:45,7.0,16.088094710599425,0
2013-09-10,01:49:45,7.0,14.018655889745371,0
2013-09-10,01:54:45,6.2,13.618111950617662,0
2013-09-10,01:59:45,8.266666666666666,16.889106192909946,0
2013-09-10,02:04:45,31.333333333333336,34.31238556524086,3.466666666666667
2013-09-10,02:09:45,6.8,16.822387067694446,0.13333333333333333
2013-09-10,02:14:46,7.333333333333334,17.89045330807174,0
2013-09-10,02:19:46,6.4,15.220249509156053,0
2013-09-10,02:24:46,6.0,16.355034874748846,0
2013-09-10,02:29:46,6.066666666666666,17.623398550004964,0
2013-09-10,02:34:46,6.466666666666666,15.220249509156053,0
2013-09-10,02:39:46,6.466666666666666,11.415120285415249,0
2013-09-10,02:44:46,6.2666666666666675,11.348362962227295,0
2013-09-10,02:49:46,6.4,14.285646984524725,0.13333333333333333
2013-09-10,02:54:46,6.333333333333334,14.018617691772922,0
2013-09-10,02:59:46,6.2666666666666675,14.018617691772922,0
2013-09-10,03:04:46,14.333333333333332,19.22557430651581,11.933333333333335
2013-09-10,03:09:46,6.2,14.218889661336775,0.06666666666666668
2013-09-10,03:14:46,7.066666666666666,18.49123101879086,0
2013-09-10,03:19:46,6.533333333333334,16.622076900158138,0
2013-09-10,03:24:46,6.4,15.620831646256217,0
2013-09-10,03:29:46,7.066666666666666,15.220198578526114,0.2
2013-09-10,03:34:46,6.533333333333334,13.61807375264521,0
2013-09-10,03:39:46,6.533333333333334,16.68882149068861,0.26666666666666666
2013-09-10,03:44:46,6.2666666666666675,16.421881326539186,0
2013-09-10,03:49:46,6.933333333333334,13.818383920181516,0.13333333333333333
2013-09-10,03:54:46,6.2666666666666675,15.287006832344002,0
2013-09-10,03:59:46,6.866666666666666,14.419161630900632,0
2013-09-10,04:04:46,10.4,23.497966594599827,11.866666666666667
2013-09-10,04:09:46,6.0,14.419161630900632,0
2013-09-10,04:14:46,7.0,16.021299189439027,0
2013-09-10,04:19:46,7.4,16.488600451754685,0
2013-09-10,04:24:46,6.4,18.224252656668984,0
2013-09-10,04:29:46,6.533333333333334,14.018655889745371,0
2013-09-10,04:34:46,6.2666666666666675,13.818383920181516,0
2013-09-10,04:39:46,6.4,15.353802353504415,0
2013-09-10,04:44:46,6.7333333333333325,14.619433600464488,0
2013-09-10,04:49:47,6.0,13.618111950617662,0
2013-09-10,04:54:47,6.0,13.08401516714159,0
2013-09-10,04:59:47,6.2,15.420483280747458,0
2013-09-10,05:04:47,9.933333333333334,20.560708037617363,3.466666666666667
2013-09-10,05:09:47,6.6,14.619471798436939,0
2013-09-10,05:14:47,7.133333333333334,18.758273044200145,0
2013-09-10,05:19:47,6.2666666666666675,13.55135462742971,0
2013-09-10,05:24:47,6.7333333333333325,15.487253336592893,0
2013-09-10,05:29:47,6.533333333333334,13.885128510711988,0
2013-09-10,05:34:47,6.2,15.220224043841085,0
2013-09-10,05:39:47,6.2666666666666675,16.622115098130593,0
2013-09-10,05:44:47,7.0,13.41782724839632,0
2013-09-10,05:49:47,6.2,13.951873101242448,0
2013-09-10,05:54:47,6.2,13.618061019987726,0
2013-09-10,05:59:47,6.133333333333334,10.94781902309959,0
2013-09-10,06:04:47,9.666666666666666,22.763648772189846,3.466666666666667
2013-09-10,06:09:47,6.4,15.954592796881004,0
2013-09-10,06:14:47,8.133333333333333,29.238994527503813,0
2013-09-10,06:19:47,6.666666666666666,16.488625917069655,0
2013-09-10,06:24:47,6.4,12.683509425986331,0.06666666666666668
2013-09-10,06:29:47,6.533333333333334,11.748906901355012,0
2013-09-10,06:34:47,6.6,14.35240430771268,0
2013-09-10,06:39:47,8.133333333333333,24.09873157266145,0
2013-09-10,06:44:47,6.533333333333334,23.030652599626684,0.13333333333333333
2013-09-10,06:49:47,6.4,13.885128510711988,0.06666666666666668
2013-09-10,06:54:47,6.533333333333334,14.419161630900632,0
2013-09-10,06:59:47,6.6,14.886501091188745,0
2013-09-10,07:04:47,10.6,22.96392074175369,3.733333333333333
2013-09-10,07:09:47,6.0,18.691502988354706,0
2013-09-10,07:14:47,6.8,19.959879396268317,0
2013-09-10,07:19:47,6.6,15.55402339243833,0.2
2013-09-10,07:24:48,6.8,17.02264630460082,0
2013-09-10,07:29:48,6.0,13.417839981053806,0
2013-09-10,07:34:48,6.2,11.88242154773091,0
2013-09-10,07:39:48,6.4,14.085375014960869,0
2013-09-10,07:44:48,6.2,11.548634931791156,0
2013-09-10,07:49:48,6.4,11.081333669475487,0
2013-09-10,07:54:48,6.466666666666666,13.95189856655742,0
2013-09-10,07:59:48,6.133333333333334,15.086734862780146,0.26666666666666666
2013-09-10,08:04:48,10.133333333333333,25.834434708205688,3.6
2013-09-10,08:09:48,6.8,18.0907252776356,0
2013-09-10,08:14:48,7.0,21.829033514901028,0
2013-09-10,08:19:48,6.6,14.35242977302765,0
2013-09-10,08:24:48,6.666666666666666,14.352378842397709,0.2
2013-09-10,08:29:48,6.8,22.563351337311015,0
2013-09-10,08:34:48,6.8,17.222892808849707,0.13333333333333333
2013-09-10,08:39:48,11.733333333333333,23.297643694406037,3.733333333333333
2013-09-10,08:44:48,6.866666666666666,33.578067742830875,0
2013-09-10,08:49:48,7.333333333333334,19.425808078107213,0.7333333333333333
2013-09-10,08:54:48,7.4,19.759594694046974,0.6666666666666666
2013-09-10,08:59:48,7.333333333333334,17.556679424789472,0.13333333333333333
2013-09-10,09:04:48,10.6,24.36573540009829,3.6
2013-09-10,09:09:48,7.133333333333334,18.69147752303974,0.13333333333333333
2013-09-10,09:14:48,7.533333333333334,20.360410602738543,0.26666666666666666
2013-09-10,09:19:48,6.933333333333334,15.286994099686524,0.13333333333333333
2013-09-10,09:24:48,6.2666666666666675,16.08806924528446,0.13333333333333333
2013-09-10,09:29:48,8.4,15.620780715626282,0.06666666666666668
2013-09-10,09:34:49,8.4,15.220249509156053,0
2013-09-10,09:39:49,6.7333333333333325,15.353725957559504,0.06666666666666668
2013-09-10,09:44:49,7.2,17.28965013203766,0.5333333333333333
2013-09-10,09:49:49,6.2,14.419187096215596,0
2013-09-10,09:54:49,6.466666666666666,12.349722810046575,0.13333333333333333
2013-09-10,09:59:49,6.6,15.020015737564648,0.13333333333333333
2013-09-10,10:04:49,11.0,21.628812475967113,12.066666666666665
2013-09-10,10:09:49,8.0,15.0199775395922,0.9333333333333332
2013-09-10,10:14:49,7.7333333333333325,19.29229343173131,0.6
2013-09-10,10:19:49,7.2,16.3550730727213,0.06666666666666668
2013-09-10,10:24:49,7.2,15.820989021902717,0.26666666666666666
2013-09-10,10:29:49,6.533333333333334,18.691502988354706,0
2013-09-10,10:34:49,6.933333333333334,13.75162659699357,0
2013-09-10,10:39:49,7.466666666666666,16.021286456781542,0.26666666666666666
2013-09-10,10:44:49,6.466666666666666,17.42312658044111,0
2013-09-10,10:49:48,7.133333333333334,14.752922781525424,0.2
2013-09-10,10:54:48,7.0,16.154826568472412,0.2
2013-09-10,10:59:48,7.066666666666666,24.031999714788476,0.13333333333333333
2013-09-10,11:04:49,10.333333333333332,35.24694989189974,3.533333333333333
2013-09-10,11:09:49,7.2666666666666675,20.961201046115136,0.4666666666666667
2013-09-10,11:14:49,9.0,19.62608004767107,0.3333333333333333
2013-09-10,11:19:49,6.666666666666666,16.95587624875538,0
2013-09-10,11:24:49,6.8,15.487304267222832,0.3333333333333333
2013-09-10,11:29:49,7.6,20.760954541866255,0.2
2013-09-10,11:34:49,6.533333333333334,19.29229343173131,0.13333333333333333
2013-09-10,11:39:49,7.133333333333334,15.153504918625583,0.2
2013-09-10,11:44:49,7.2,17.02264630460082,0.13333333333333333
2013-09-10,11:49:49,7.2,18.090712544978114,0.6666666666666666
2013-09-10,11:54:49,7.2666666666666675,15.0199775395922,0.4
2013-09-10,11:59:49,8.8,17.156097287689303,1.0
2013-09-10,12:04:49,10.266666666666667,29.439202833780246,3.6666666666666665
2013-09-10,12:09:49,6.533333333333334,19.893109340422875,0.2
2013-09-10,12:14:49,7.933333333333334,23.097384457499658,0.4
2013-09-10,12:19:49,7.066666666666666,16.355098538036263,0
2013-09-10,12:24:49,8.333333333333334,20.560657106987424,0.5333333333333333
2013-09-10,12:29:49,7.933333333333334,31.975866521005063,0.6666666666666666
2013-09-10,12:34:49,8.4,24.632802890822553,1.0
2013-09-10,12:39:49,7.0,22.830393362720304,0.4
2013-09-10,12:44:49,6.933333333333334,17.95718516594473,0.4
2013-09-10,12:49:49,7.2666666666666675,17.690206803822853,0.3333333333333333
2013-09-10,12:54:49,6.7333333333333325,14.819705570028344,0.3333333333333333
2013-09-10,12:59:49,6.666666666666666,14.085413212933325,0.2
2013-09-10,13:04:49,10.266666666666667,27.169517508677316,3.533333333333333
2013-09-10,13:09:49,7.133333333333334,19.893109340422875,0.4666666666666667
2013-09-10,13:14:49,7.2666666666666675,21.562042420121667,0.13333333333333333
2013-09-10,13:19:49,7.533333333333334,19.62608004767107,0.4666666666666667
2013-09-10,13:24:49,7.4,19.826352017234925,0.6666666666666666
2013-09-10,13:29:50,6.7333333333333325,21.69553160118261,0
2013-09-10,13:34:50,7.933333333333334,14.953258414376696,0.4
2013-09-10,13:39:50,7.666666666666666,19.09203419482494,0.3333333333333333
2013-09-10,13:44:50,6.8,15.420521478719909,0.2
2013-09-10,13:49:50,8.066666666666666,16.68882149068861,0.8666666666666667
2013-09-10,13:54:50,6.666666666666666,14.88647562587378,0.2
2013-09-10,13:59:50,6.2,15.95456733156604,0
2013-09-10,14:04:50,10.533333333333333,23.497966594599827,3.533333333333333
2013-09-10,14:09:50,7.133333333333334,16.55537050760012,1.5333333333333334
2013-09-10,14:14:50,10.266666666666667,22.09607554031032,1.1333333333333333
2013-09-10,14:19:50,8.2,18.891774957918567,0.3333333333333333
2013-09-10,14:24:50,7.0,17.356471118513028,0.26666666666666666
2013-09-10,14:29:50,7.2,16.421817663251773,0.5333333333333333
2013-09-10,14:34:50,6.4,15.620793448283765,0
2013-09-10,14:39:50,6.333333333333334,13.017296041926093,0.13333333333333333
2013-09-10,14:44:50,7.0,12.28292728888617,0.13333333333333333
2013-09-10,14:49:50,6.7333333333333325,16.955888981412865,0.3333333333333333
2013-09-10,14:54:50,6.533333333333334,15.420521478719909,0
2013-09-10,14:59:50,7.466666666666666,14.485957152061033,0.26666666666666666
2013-09-10,15:04:50,10.666666666666668,21.562042420121667,3.6
2013-09-10,15:09:50,6.7333333333333325,17.222892808849707,0.2
2013-09-10,15:14:50,7.2,17.02262083928585,0.13333333333333333
2013-09-10,15:19:50,6.933333333333334,15.687512573499262,0.2
2013-09-10,15:24:50,6.866666666666666,14.619433600464488,0.4
2013-09-10,15:29:50,8.8,16.622064167500653,0.9333333333333332
2013-09-10,15:34:50,7.2666666666666675,17.823708717541273,0.13333333333333333
2013-09-10,15:39:50,6.6,16.021337387411478,0.2
2013-09-10,15:44:50,6.4,14.886462893216294,0.13333333333333333
2013-09-10,15:49:50,9.4,15.020015737564648,1.0666666666666669
2013-09-10,15:54:50,6.066666666666666,16.088094710599425,0
2013-09-10,15:59:50,7.066666666666666,17.222892808849707,0.4
2013-09-10,16:04:50,11.333333333333332,25.23358060154167,10.333333333333334
2013-09-10,16:09:50,7.2,18.224214458696533,0.26666666666666666
2013-09-10,16:14:50,8.466666666666667,22.69691691431685,0.5333333333333333
2013-09-10,16:19:50,10.133333333333333,24.232297149667296,1.2
2013-09-10,16:24:50,9.933333333333334,23.431171073439423,1.2
2013-09-10,16:29:51,7.666666666666666,20.8277118650542,0.13333333333333333
2013-09-10,16:34:51,7.666666666666666,17.222892808849707,0.26666666666666666
2013-09-10,16:39:51,9.666666666666666,16.889131658224912,1.0
2013-09-10,16:44:51,7.0,19.0252641389795,0.4
2013-09-10,16:49:51,9.2,20.293653279550586,0.7333333333333333
2013-09-10,16:54:51,11.466666666666667,24.632802890822553,1.8666666666666667
2013-09-10,16:59:51,6.533333333333334,19.826352017234925,0
2013-09-10,17:04:51,11.066666666666668,25.433852571105525,12.2
2013-09-10,17:09:51,6.7333333333333325,19.425808078107213,0.2
2013-09-10,17:14:51,8.333333333333334,27.36978947824116,0.9333333333333332
2013-09-10,17:19:51,6.7333333333333325,19.62608004767107,0
2013-09-10,17:24:51,7.0,18.691528453669683,0.3333333333333333
2013-09-10,17:29:51,7.866666666666666,31.642169033667695,0.13333333333333333
2013-09-10,17:34:51,6.466666666666666,20.627439895490348,0.26666666666666666
2013-09-10,17:39:51,7.533333333333334,18.224214458696533,0.2
2013-09-10,17:44:51,7.4,17.222892808849707,0.3333333333333333
2013-09-10,17:49:51,7.133333333333334,19.62608004767107,0.5333333333333333
2013-09-10,17:54:51,7.2,20.627439895490348,0.4
2013-09-10,17:59:51,6.866666666666666,15.620793448283765,0.2
2013-09-10,18:04:51,10.6,25.23360606685664,3.8666666666666663
2013-09-10,18:09:51,7.2666666666666675,20.42716792592649,0.06666666666666668
2013-09-10,18:14:51,7.6,22.963908009096205,0
2013-09-10,18:19:51,8.266666666666666,20.694197218678294,0.8666666666666667
2013-09-10,18:24:51,7.933333333333334,21.42848957577332,0.4666666666666667
2013-09-10,18:29:51,6.133333333333334,15.82106541784762,0
2013-09-10,18:34:51,6.933333333333334,17.42312658044111,0.13333333333333333
2013-09-10,18:39:51,6.533333333333334,17.222931006822158,0
2013-09-10,18:44:51,7.0,17.222892808849707,0.06666666666666668
2013-09-10,18:49:51,6.866666666666666,16.822348869721996,0.2
2013-09-10,18:54:51,7.8,15.82106541784762,0
2013-09-10,18:59:51,6.8,15.2202113111836,0.13333333333333333
2013-09-10,19:04:51,10.133333333333333,25.033346829950265,3.6
2013-09-10,19:09:51,9.266666666666666,18.624720199851794,0.9333333333333332
2013-09-10,19:14:51,7.6,23.63148124097573,0
2013-09-10,19:19:51,7.2,16.822387067694446,0.13333333333333333
2013-09-10,19:24:51,7.2,15.220249509156053,0.13333333333333333
2013-09-10,19:29:52,6.933333333333334,15.153492185968107,0.3333333333333333
2013-09-10,19:34:52,7.133333333333334,17.222892808849707,0.26666666666666666
2013-09-10,19:39:52,7.0,15.754269896687214,0
2013-09-10,19:44:52,6.2,14.619446333121974,0
2013-09-10,19:49:51,6.7333333333333325,15.687550771471715,0.13333333333333333
2013-09-10,19:54:51,6.8,16.822387067694446,0.13333333333333333
2013-09-10,19:59:51,6.533333333333334,12.817024072362237,0
2013-09-10,20:04:51,10.4,21.69556979915506,3.533333333333333
2013-09-10,20:09:51,7.066666666666666,19.626143710958484,0.26666666666666666
2013-09-10,20:14:51,7.866666666666666,22.09606280765283,0.4666666666666667
2013-09-10,20:19:51,8.0,19.492603599267618,0.6666666666666666
2013-09-10,20:24:51,6.666666666666666,15.086722130122665,0
2013-09-10,20:29:51,6.6,14.886501091188745,0.13333333333333333
2013-09-10,20:34:52,6.666666666666666,15.821052685190134,0.2
2013-09-10,20:39:52,6.533333333333334,16.688885153976027,0.2
2013-09-10,20:44:52,7.066666666666666,17.556679424789472,0.06666666666666668
2013-09-10,20:49:52,7.0,14.15215780346379,0
2013-09-10,20:54:52,6.8,14.686229121624885,0.06666666666666668
2013-09-10,20:59:52,6.666666666666666,16.421843128566735,0
2013-09-10,21:04:52,10.533333333333333,24.499313709761616,3.466666666666667
2013-09-10,21:09:52,7.533333333333334,19.359063487576748,0
2013-09-10,21:14:52,7.2,26.9692837370859,0.13333333333333333
2013-09-10,21:19:52,6.2,19.893160271052814,0
2013-09-10,21:24:52,6.666666666666666,14.819743768000793,0.13333333333333333
2013-09-10,21:29:52,6.6,14.619433600464488,0
2013-09-10,21:34:52,7.2,15.487240603935406,0.2
2013-09-10,21:39:52,6.2,16.75561701184901,0
2013-09-10,21:44:52,6.6,18.157520798796,0.06666666666666668
2013-09-10,21:49:52,6.866666666666666,14.886501091188745,0.3333333333333333
2013-09-10,21:54:52,6.8,17.48990936894403,0.06666666666666668
2013-09-10,21:59:52,6.2666666666666675,13.95189856655742,0
2013-09-10,22:04:52,10.133333333333333,21.228230338866943,3.466666666666667
2013-09-10,22:09:52,6.466666666666666,19.292331629703757,0.06666666666666668
2013-09-10,22:14:52,8.6,28.037375442778174,0.3333333333333333
2013-09-10,22:19:52,6.866666666666666,21.695544333840086,0
2013-09-10,22:24:52,6.866666666666666,14.218915126651746,0.3333333333333333
2013-09-10,22:29:52,8.466666666666667,17.48992210160151,0.2
2013-09-10,22:34:52,6.6,27.369802210898648,0
2013-09-10,22:39:52,6.4,16.488625917069655,0.13333333333333333
2013-09-10,22:44:53,6.666666666666666,16.42176673262183,0.06666666666666668
2013-09-10,22:49:53,6.466666666666666,15.821078150505105,0.2
2013-09-10,22:54:53,6.2666666666666675,17.89045330807174,0
2013-09-10,22:59:53,6.2,16.35511127069375,0
2013-09-10,23:04:53,10.666666666666668,22.56337680262598,11.866666666666667
2013-09-10,23:09:53,6.466666666666666,16.42183039590925,0.13333333333333333
2013-09-10,23:14:53,7.2666666666666675,24.03198698213099,0.13333333333333333
2013-09-10,23:19:53,6.6,19.092021462167455,0.06666666666666668
2013-09-10,23:24:53,7.0,16.822387067694446,0.26666666666666666
2013-09-10,23:29:53,6.466666666666666,14.686139993022508,0
2013-09-10,23:34:53,7.0,13.017296041926093,0
2013-09-10,23:39:53,7.0,15.487253336592893,0.2
2013-09-10,23:44:53,6.933333333333334,14.4859062214311,0.06666666666666668
2013-09-10,23:49:53,6.7333333333333325,13.95189856655742,0.26666666666666666
2013-09-10,23:54:53,6.7333333333333325,12.883755930235225,0.26666666666666666
2013-09-10,23:59:53,6.666666666666666,15.487215138620442,0.13333333333333333
2013-09-11,00:04:53,10.866666666666667,30.30703530256614,11.933333333333335
2013-09-11,00:09:53,6.2666666666666675,20.093368577329247,0.06666666666666668
2013-09-11,00:14:53,8.2,30.040018742471812,0.2
2013-09-11,00:19:53,6.6,21.094728425148524,0
2013-09-11,00:24:53,6.8,16.355098538036263,0
2013-09-11,00:29:53,8.333333333333334,18.558001074636287,0.13333333333333333
2013-09-11,00:34:53,6.466666666666666,28.7048595460553,0
2013-09-11,00:39:53,6.466666666666666,15.954516400936104,0
2013-09-11,00:44:53,6.4,12.015936194106818,0
2013-09-11,00:49:53,6.4,14.752948246840395,0
2013-09-11,00:54:53,6.7333333333333325,12.349722810046575,0.06666666666666668
2013-09-11,00:59:53,6.8,15.286968634371553,0.2
2013-09-11,01:04:53,10.2,20.226908689020124,3.466666666666667
2013-09-11,01:09:53,6.466666666666666,17.690206803822853,0.2
2013-09-11,01:14:53,7.666666666666666,19.692850103516506,0.13333333333333333
2013-09-11,01:19:53,6.866666666666666,16.355124003351236,0
2013-09-11,01:24:53,6.6,22.563402267940944,0.26666666666666666
2013-09-11,01:29:53,6.2,14.352417040370167,0
2013-09-11,01:34:53,11.866666666666667,40.97423366170887,1.6
2013-09-11,01:39:54,6.333333333333334,27.760353026230046,0.7333333333333333
2013-09-11,01:44:54,6.133333333333334,15.348265925382861,0
2013-09-11,01:49:54,6.666666666666666,13.679957335451284,0
2013-09-11,01:54:54,6.466666666666666,14.947891210492015,0
2013-09-11,01:59:54,6.0,13.27955716438579,0
2013-09-11,02:04:54,30.6,24.223573945096117,3.466666666666667
2013-09-11,02:09:54,7.0,17.81728576083415,0
2013-09-11,02:14:54,7.6,18.084231936298472,0
2013-09-11,02:19:54,7.0,15.014586388074292,0
2013-09-11,02:24:54,7.2,14.614224401270773,0
2013-09-11,02:29:54,7.0,16.48268216438579,0
2013-09-11,02:34:54,7.4,14.881119664385793,0
2013-09-11,02:39:54,7.0,16.816310789345064,0
2013-09-11,02:44:54,7.0,13.813424059139784,0
2013-09-11,02:49:54,7.0,14.213747861681329,0
2013-09-11,02:54:54,7.0,15.214786473607036,0
2013-09-11,02:59:54,7.0,14.013624144672532,0
2013-09-11,03:04:54,12.0,20.152915241120883,3.466666666666667
2013-09-11,03:09:54,7.0,14.414024315738025,0.06666666666666668
2013-09-11,03:14:54,7.8,19.61911198680352,0
2013-09-11,03:19:54,7.2,18.017511302541543,0
2013-09-11,03:24:54,7.2,15.214786473607036,0
2013-09-11,03:29:54,7.333333333333334,14.814424486803517,0
2013-09-11,03:34:54,7.4,14.680919578853043,0
2013-09-11,03:39:54,6.933333333333334,16.215748717008797,0
2013-09-11,03:44:54,6.4,16.01554863147605,0
2013-09-11,03:49:54,6.7333333333333325,15.615186644672532,0.13333333333333333
2013-09-11,03:54:54,6.466666666666666,14.814348118279568,0
2013-09-11,03:59:54,6.866666666666666,13.212823802541546,0
2013-09-11,04:04:54,11.666666666666668,23.956653225806452,3.466666666666667
2013-09-11,04:09:54,7.0,16.148989898989903,0
2013-09-11,04:14:54,7.866666666666666,22.221649458292607,0.26666666666666666
2013-09-11,04:19:54,6.933333333333334,16.749628339850116,0
2013-09-11,04:24:54,4.8,16.88306960736396,0.2
2013-09-11,04:29:54,6.6,22.555265355164543,0
2013-09-11,04:34:54,7.2,17.950739756435325,0.2
2013-09-11,04:39:55,7.4,17.81734940127077,0.06666666666666668
2013-09-11,04:44:55,7.2666666666666675,16.08232017758227,0.26666666666666666
2013-09-11,04:49:55,6.333333333333334,18.885032278429456,0
2013-09-11,04:54:54,6.333333333333334,16.14905353942653,0
2013-09-11,04:59:54,6.866666666666666,15.615186644672532,0
2013-09-11,05:04:54,10.733333333333333,21.22062357445422,3.466666666666667
2013-09-11,05:09:54,6.866666666666666,15.281494379276639,0
2013-09-11,05:14:54,7.066666666666666,19.218686359563378,0
2013-09-11,05:19:54,6.6,16.616136159986965,0
2013-09-11,05:24:54,6.2,14.614224401270773,0
2013-09-11,05:29:54,6.066666666666666,15.948802541544477,0
2013-09-11,05:34:54,6.6,14.413986131476051,0
2013-09-11,05:39:54,6.466666666666666,16.015535903388727,0
2013-09-11,05:44:54,6.4,16.082269265232974,0
2013-09-11,05:49:54,6.666666666666666,16.949790241120883,0
2013-09-11,05:54:54,6.933333333333334,14.480744949494953,0
2013-09-11,05:59:54,7.0,15.548415098566313,0
2013-09-11,06:04:54,10.866666666666667,22.42181135956337,3.533333333333333
2013-09-11,06:09:54,6.2666666666666675,17.083269692896707,0
2013-09-11,06:14:54,7.466666666666666,17.88405730694037,0
2013-09-11,06:19:54,6.4,16.415974258716194,0
2013-09-11,06:24:54,6.4,14.547491039426522,0
2013-09-11,06:29:54,6.6,15.748615184099055,0.26666666666666666
2013-09-11,06:34:54,6.8,21.620998289345064,0
2013-09-11,06:39:54,6.533333333333334,14.81441175871619,0
2013-09-11,06:44:54,6.533333333333334,12.745690269631805,0
2013-09-11,06:49:54,6.666666666666666,14.4807194933203,0
2013-09-11,06:54:55,6.7333333333333325,13.012623717008797,0
2013-09-11,06:59:55,6.7333333333333325,13.479757249918539,0.13333333333333333
2013-09-11,07:04:55,12.0,24.49050739247312,11.933333333333335
2013-09-11,07:09:55,6.4,16.883082335451288,0.13333333333333333
2013-09-11,07:14:55,7.2,21.35406484196806,0
2013-09-11,07:19:55,7.066666666666666,16.149040811339198,0.06666666666666668
2013-09-11,07:24:55,6.066666666666666,16.015586815738025,0
2013-09-11,07:29:55,6.466666666666666,16.749590155588137,0
2013-09-11,07:34:55,6.866666666666666,14.7476529406973,0
2013-09-11,07:39:55,6.466666666666666,14.280557592049526,0
2013-09-11,07:44:55,6.333333333333334,15.748666096448352,0
2013-09-11,07:49:55,6.4,16.61609797572499,0
2013-09-11,07:54:55,6.466666666666666,14.88108148012382,0
2013-09-11,07:59:55,6.533333333333334,14.947891210492015,0
2013-09-11,08:04:55,11.6,27.09301940778755,11.866666666666667
2013-09-11,08:09:55,6.466666666666666,16.81632351743239,0
2013-09-11,08:14:55,7.6,18.551327284946233,0
2013-09-11,08:19:55,6.2,16.61614888807429,0
2013-09-11,08:24:55,6.466666666666666,15.815348545943303,0
2013-09-11,08:29:55,6.933333333333334,15.214786473607036,0
2013-09-11,08:34:55,6.8,15.481719920984036,0
2013-09-11,08:39:55,7.066666666666666,20.086181879276637,0.06666666666666668
2013-09-11,08:44:55,7.2666666666666675,18.95174018409906,0.13333333333333333
2013-09-11,08:49:55,11.8,32.2981325350277,11.866666666666667
2013-09-11,08:54:55,6.2,24.423774030628874,0
2013-09-11,08:59:55,6.933333333333334,19.08516872352558,0.2
2013-09-11,09:04:55,10.333333333333332,23.155865611762792,0.3333333333333333
2013-09-11,09:09:55,6.6,19.01843536168133,0
2013-09-11,09:14:55,7.533333333333334,19.95272788367547,0.06666666666666668
2013-09-11,09:19:56,6.7333333333333325,18.084206480123818,0.13333333333333333
2013-09-11,09:24:56,7.133333333333334,17.350152227924404,0.13333333333333333
2013-09-11,09:29:56,8.533333333333333,14.947878482404692,1.0666666666666669
2013-09-11,09:34:56,7.2666666666666675,17.483606223525573,0.5333333333333333
2013-09-11,09:39:56,7.866666666666666,14.547440127077223,0.5333333333333333
2013-09-11,09:44:56,6.8,16.215685076572175,0.06666666666666668
2013-09-11,09:49:56,6.666666666666666,14.54745285516455,0.13333333333333333
2013-09-11,09:54:56,6.466666666666666,15.081357934180517,0.13333333333333333
2013-09-11,09:59:56,7.466666666666666,20.01944851743239,0.3333333333333333
2013-09-11,10:04:56,13.4,31.630824372759847,4.4
2013-09-11,10:09:56,6.666666666666666,19.75251507005539,0.06666666666666668
2013-09-11,10:14:56,7.466666666666666,21.48755702183122,0.13333333333333333
2013-09-11,10:19:56,7.0,17.083256964809383,0.06666666666666668
2013-09-11,10:24:56,6.7333333333333325,15.61517391658521,0.2
2013-09-11,10:29:56,6.7333333333333325,15.548415098566313,0.13333333333333333
2013-09-11,10:34:56,7.4,18.551340013033556,0.26666666666666666
2013-09-11,10:39:56,6.933333333333334,17.617123859563375,0.13333333333333333
2013-09-11,10:44:56,6.6,14.614224401270773,0
2013-09-11,10:49:56,6.666666666666666,15.348215013033562,0.2
2013-09-11,10:54:56,7.133333333333334,15.481681736722056,0
2013-09-11,10:59:56,6.933333333333334,13.613185789345064,0.4
2013-09-11,11:04:56,12.2,23.82317377403062,4.066666666666666
2013-09-11,11:09:56,7.0,19.95270242750081,0.2
2013-09-11,11:14:56,8.133333333333333,18.284419293743888,0.26666666666666666
2013-09-11,11:19:56,6.666666666666666,20.953702855164543,0
2013-09-11,11:24:56,7.2,19.619073802541546,0.2
2013-09-11,11:29:56,7.066666666666666,23.422811787227104,0.4
2013-09-11,11:34:56,7.7333333333333325,19.61903561827957,0.9333333333333332
2013-09-11,11:39:56,7.333333333333334,16.949764784946236,0.3333333333333333
2013-09-11,11:44:56,6.933333333333334,19.6190483463669,0.26666666666666666
2013-09-11,11:49:56,6.7333333333333325,17.61711113147605,0.06666666666666668
2013-09-11,11:54:56,6.866666666666666,14.213773317855976,0.2
2013-09-11,11:59:57,7.133333333333334,19.285432449494948,0.3333333333333333
2013-09-11,12:04:57,13.0,27.76039121049202,3.6666666666666665
2013-09-11,12:09:57,7.666666666666666,24.824199657869013,0.4666666666666667
2013-09-11,12:14:57,9.466666666666667,27.226486131476047,0.8
2013-09-11,12:19:57,6.7333333333333325,23.8231610459433,0
2013-09-11,12:24:57,7.666666666666666,17.617034762952102,0.3333333333333333
2013-09-11,12:29:57,7.666666666666666,16.21578690127077,0.3333333333333333
2013-09-11,12:34:57,6.7333333333333325,19.418835532746822,0.06666666666666668
2013-09-11,12:39:57,6.533333333333334,16.21578690127077,0
2013-09-11,12:44:57,7.4,16.08232017758227,0.4
2013-09-11,12:49:57,7.8,27.426686217008793,0.26666666666666666
2013-09-11,12:54:57,8.466666666666667,25.82516190127077,0.06666666666666668
2013-09-11,12:59:57,7.333333333333334,21.82119837487781,0.3333333333333333
2013-09-11,13:04:57,13.6,26.42572397360704,4.333333333333333
2013-09-11,13:09:57,8.2,24.223561217008797,0.3333333333333333
2013-09-11,13:14:57,7.6,25.02432337487781,0.26666666666666666
2013-09-11,13:19:57,7.133333333333334,20.019435789345064,0
2013-09-11,13:24:57,6.933333333333334,18.017473118279568,0.3333333333333333
2013-09-11,13:29:57,6.666666666666666,21.621036473607038,0
2013-09-11,13:34:57,7.0,21.420836388074292,0.3333333333333333
2013-09-11,13:39:57,7.2,18.41783510508309,0
2013-09-11,13:44:57,8.0,19.01843536168133,0.5333333333333333
2013-09-11,13:49:57,7.933333333333334,17.01651087487781,0.4
2013-09-11,13:54:57,7.4,18.150901657706093,0.6
2013-09-11,13:59:57,7.133333333333334,24.0234375,0.06666666666666668
2013-09-11,14:04:57,12.0,27.426686217008793,12.0
2013-09-11,14:09:57,7.0,21.621036473607038,0.3333333333333333
2013-09-11,14:14:57,7.666666666666666,20.219635874877813,0
2013-09-11,14:19:57,6.933333333333334,16.816310789345064,0.13333333333333333
2013-09-11,14:24:57,6.866666666666666,15.28148165118931,0.06666666666666668
2013-09-11,14:29:57,7.066666666666666,13.613223973607038,0
2013-09-11,14:34:57,7.333333333333334,15.148053111762794,0.13333333333333333
2013-09-11,14:39:57,6.7333333333333325,16.01554863147605,0.13333333333333333
2013-09-11,14:44:57,6.666666666666666,14.814386302541543,0
2013-09-11,14:49:57,7.2666666666666675,21.354103026230046,0.2
2013-09-11,14:54:57,6.666666666666666,16.816285333170416,0.13333333333333333
2013-09-11,14:59:57,6.666666666666666,16.74961561176279,0.2
2013-09-11,15:04:57,12.733333333333333,24.49044375203649,12.133333333333333
2013-09-11,15:09:57,7.2666666666666675,21.621023745519718,0.2
2013-09-11,15:14:57,9.933333333333334,28.894769265232977,0.4
2013-09-11,15:19:57,6.933333333333334,31.16367811176279,0.13333333333333333
2013-09-11,15:24:58,7.466666666666666,20.419835960410555,0.5333333333333333
2013-09-11,15:29:58,7.2666666666666675,16.68286952183122,0.8
2013-09-11,15:34:58,6.666666666666666,17.617098403388724,0.2
2013-09-11,15:39:58,7.6,16.816348973607038,0.3333333333333333
2013-09-11,15:44:58,7.0,14.947840298142717,0.26666666666666666
2013-09-11,15:49:58,7.333333333333334,20.686731223525577,0.4
2013-09-11,15:54:58,6.8,14.747678396871947,0.06666666666666668
2013-09-11,15:59:58,7.333333333333334,16.21576144509612,0.2
2013-09-11,16:04:58,13.333333333333332,27.02632423020528,3.6666666666666665
2013-09-11,16:09:58,7.333333333333334,22.154890640273706,0.13333333333333333
2013-09-11,16:14:58,8.066666666666666,21.420836388074292,0.3333333333333333
2013-09-11,16:19:58,7.2666666666666675,22.822198802541543,0.13333333333333333
2013-09-11,16:24:58,7.466666666666666,18.81823527614858,0.13333333333333333
2013-09-11,16:29:58,7.6,18.217711388074292,0.26666666666666666
2013-09-11,16:34:58,7.133333333333334,14.81441175871619,0.13333333333333333
2013-09-11,16:39:58,6.4,15.014548203812318,0.06666666666666668
