Date,Time,CPU,RAM,CHANNEL
2013-08-12,16:40:46,0,6.599960327148438,0.3333333333333333
2013-08-12,16:45:46,0,6.066614786783854,0.2
2013-08-12,16:50:46,0,5.7999420166015625,0.13333333333333333
2013-08-12,16:55:46,0,5.133260091145833,0.06666666666666668
2013-08-12,17:00:46,0,4.933255513509115,0.2
2013-08-12,17:05:46,0,5.533269246419271,0.13333333333333333
2013-08-12,17:10:46,0,5.399932861328125,0.06666666666666668
2013-08-12,17:15:46,0,6.86663309733073,0.26666666666666666
2013-08-12,17:20:46,0,7.999916076660156,0.06666666666666668
2013-08-12,17:25:46,0,6.266581217447918,0.06666666666666668
2013-08-12,17:30:46,0,6.066614786783854,0.13333333333333333
2013-08-12,17:35:46,0,6.466623942057291,0.06666666666666668
2013-08-12,17:40:46,0,5.199928283691406,0.06666666666666668
2013-08-12,17:45:46,0,5.199928283691406,0.13333333333333333
2013-08-12,17:50:46,0.06666666666666668,5.666567484537762,0.4666666666666667
2013-08-12,17:55:46,0,4.533246358235678,0.26666666666666666
2013-08-12,18:00:46,0,4.266573588053386,0.26666666666666666
2013-08-12,18:05:46,0,5.2665964762369795,0.06666666666666668
2013-08-12,18:10:46,0,6.599922180175781,0.3333333333333333
2013-08-12,18:15:46,0,6.266619364420572,0.26666666666666666
2013-08-12,18:20:46,0,5.06659189860026,0.13333333333333333
2013-08-12,18:25:46,0,6.533292134602865,1.0
2013-08-12,18:30:46,0,5.533269246419271,0.2
2013-08-12,18:35:46,0,5.06659189860026,0.2
2013-08-12,18:40:46,0,5.933278401692709,0.13333333333333333
2013-08-12,18:45:46,0,4.9999237060546875,0.13333333333333333
2013-08-12,18:50:47,0,6.199913024902344,0.13333333333333333
2013-08-12,18:55:47,0,3.9999008178710938,0.06666666666666668
2013-08-12,19:00:47,0,4.799919128417969,0.2
2013-08-12,19:05:47,0,5.333264668782553,0.13333333333333333
2013-08-12,19:10:47,0,5.999946594238281,0.06666666666666668
2013-08-12,19:15:47,0,6.599922180175781,0.13333333333333333
2013-08-12,19:20:47,0,5.999946594238281,0.13333333333333333
2013-08-12,19:25:47,0,4.933255513509115,0.06666666666666668
2013-08-12,19:30:47,0,5.666605631510416,0.2
2013-08-12,19:35:47,0,7.333272298177083,0.2
2013-08-12,19:40:47,0,5.533269246419271,0.06666666666666668
2013-08-12,19:45:47,0,5.666605631510416,0.26666666666666666
2013-08-12,19:50:47,0,5.133260091145833,0.13333333333333333
2013-08-12,19:55:47,0,6.933263142903646,0.13333333333333333
2013-08-12,20:00:47,0,7.066637674967448,0.3333333333333333
2013-08-12,20:05:47,0,7.066599527994794,0.2
2013-08-12,20:10:47,0,5.2665964762369795,0.13333333333333333
2013-08-12,20:15:47,0,7.466621398925781,0.26666666666666666
2013-08-12,20:20:47,1.0,8.53326161702474,0.2
2013-08-12,20:25:47,0.4,20.733299255371094,0.13333333333333333
2013-08-12,20:30:47,0,10.19989013671875,0.13333333333333333
2013-08-12,20:35:47,0,12.199885050455727,0.26666666666666666
2013-08-12,20:40:47,0,6.066614786783854,0.06666666666666668
2013-08-12,20:45:47,0,4.933255513509115,0.13333333333333333
2013-08-12,20:50:47,0,5.666605631510416,0.06666666666666668
2013-08-12,20:55:47,0,6.733296712239584,0.06666666666666668
2013-08-12,21:00:47,0,6.3999176025390625,0.26666666666666666
2013-08-12,21:05:47,0,5.466601053873697,0.06666666666666668
2013-08-12,21:10:47,0,4.133237202962239,0.13333333333333333
2013-08-12,21:15:47,0,5.933278401692709,0.2
2013-08-12,21:20:47,0,5.599937438964844,0.06666666666666668
2013-08-12,21:25:47,0,6.733296712239584,0.06666666666666668
2013-08-12,21:30:47,0,5.7999420166015625,0.3333333333333333
2013-08-12,21:35:47,0,5.666605631510416,0.26666666666666666
2013-08-12,21:40:47,0,6.733296712239584,0.13333333333333333
2013-08-12,21:45:47,2.2666666666666666,29.39989725748698,0.2
2013-08-12,21:50:47,0,20.199915568033855,0.2
2013-08-12,21:55:47,0,10.999870300292969,0.2
2013-08-12,22:00:47,0,8.466580708821615,0.2
2013-08-12,22:05:47,0,6.9332758585612,0.13333333333333333
2013-08-12,22:10:47,0.06666666666666668,7.199885050455729,0.06666666666666668
2013-08-12,22:15:47,0,5.733273824055988,0.13333333333333333
2013-08-12,22:20:47,0,5.599937438964844,0.06666666666666668
2013-08-12,22:25:47,0,5.999946594238281,0.13333333333333333
2013-08-12,22:30:47,0,5.399932861328125,0.2
2013-08-12,22:35:47,0,4.799919128417969,0.06666666666666668
2013-08-12,22:40:47,0,4.666582743326822,0.13333333333333333
2013-08-12,22:45:47,0,6.199951171875,0.13333333333333333
2013-08-12,22:50:47,0,6.733296712239584,0.13333333333333333
2013-08-12,22:55:47,0,7.9999033610026045,0.13333333333333333
2013-08-12,23:00:47,0.06666666666666668,6.4665985107421875,0.2
2013-08-12,23:05:47,0,6.466623942057291,0.13333333333333333
2013-08-12,23:10:48,0,5.933278401692709,0.2
2013-08-12,23:15:48,0.06666666666666668,5.133260091145833,0.26666666666666666
2013-08-12,23:20:48,0,5.333264668782553,0.3333333333333333
2013-08-12,23:25:48,0,6.199951171875,0.06666666666666668
2013-08-12,23:30:48,0,5.199928283691406,0.2
2013-08-12,23:35:48,0.06666666666666668,5.666605631510416,0.2
2013-08-12,23:40:48,0,3.533223470052084,0.06666666666666668
2013-08-12,23:45:48,0.06666666666666668,5.533269246419271,0.2
2013-08-12,23:50:48,0.13333333333333333,5.666605631510416,0.06666666666666668
2013-08-12,23:55:48,0,5.933278401692709,0.06666666666666668
2013-08-13,00:00:48,0,5.399932861328125,0.13333333333333333
2013-08-13,00:05:48,0.26666666666666666,6.799964904785156,0.13333333333333333
2013-08-13,00:10:48,0.13333333333333333,6.933301289876302,0.06666666666666668
2013-08-13,00:15:48,0.13333333333333333,6.799964904785156,0.13333333333333333
2013-08-13,00:20:48,0.13333333333333333,5.733273824055988,0.2
2013-08-13,00:25:48,0.13333333333333333,7.4666086832682295,0.06666666666666668
2013-08-13,00:30:48,0.13333333333333333,6.066614786783854,0.13333333333333333
2013-08-13,00:35:48,0.26666666666666666,8.333257039388021,0.06666666666666668
2013-08-13,00:40:48,0.26666666666666666,6.599960327148438,0.06666666666666668
2013-08-13,00:45:48,0.26666666666666666,5.599937438964844,0.13333333333333333
2013-08-13,00:50:48,0.33333333333333337,5.933278401692709,0.13333333333333333
2013-08-13,00:55:48,0.4666666666666666,6.266619364420572,0.2
2013-08-13,01:00:48,0.13333333333333333,5.866610209147137,0.3333333333333333
2013-08-13,01:05:48,0.26666666666666666,6.666590372721354,0.26666666666666666
2013-08-13,01:10:48,0.2,6.933263142903646,0.13333333333333333
2013-08-13,01:15:48,0.2,5.399932861328125,0.2
2013-08-13,01:20:48,0.13333333333333333,4.533246358235678,0.06666666666666668
2013-08-13,01:25:48,0.2,6.333287556966144,0.06666666666666668
2013-08-13,01:30:48,0.2,6.533292134602865,0.2
2013-08-13,01:35:48,0.06666666666666668,6.533253987630207,0.13333333333333333
2013-08-13,01:40:48,0,5.133260091145833,0.13333333333333333
2013-08-13,01:45:48,0,5.333264668782553,0.13333333333333333
2013-08-13,01:50:48,0,6.399955749511718,0.06666666666666668
2013-08-13,01:55:48,0,4.59991455078125,0.06666666666666668
2013-08-13,02:00:48,0.13333333333333333,4.799919128417969,0.13333333333333333
2013-08-13,02:05:49,0.06666666666666668,6.466585795084636,0.06666666666666668
2013-08-13,02:10:49,0,7.066637674967448,0.06666666666666668
2013-08-13,02:15:49,0,6.399955749511718,0.26666666666666666
2013-08-13,02:20:49,0,6.6666285196940125,0.13333333333333333
2013-08-13,02:25:49,0,5.466601053873697,0.06666666666666668
2013-08-13,02:30:49,0,5.599937438964844,0.13333333333333333
2013-08-13,02:35:49,0,5.933278401692709,0.2
2013-08-13,02:40:49,0,5.399932861328125,0.13333333333333333
2013-08-13,02:45:49,0,3.7998962402343754,0.13333333333333333
2013-08-13,02:50:49,0,5.599937438964844,0.13333333333333333
2013-08-13,02:55:49,0,7.066561381022135,0.13333333333333333
2013-08-13,03:00:49,0.06666666666666668,4.266573588053386,0.13333333333333333
2013-08-13,03:05:49,0,4.799919128417969,0.13333333333333333
2013-08-13,03:10:49,0,5.19989013671875,0.13333333333333333
2013-08-13,03:15:49,0,4.466578165690104,0.13333333333333333
2013-08-13,03:20:49,0,4.399909973144531,0.06666666666666668
2013-08-13,03:25:49,0.13333333333333333,5.666605631510416,0.26666666666666666
2013-08-13,03:30:49,0,4.59991455078125,0.13333333333333333
2013-08-13,03:35:49,0,6.799926757812499,0.13333333333333333
2013-08-13,03:40:49,0,6.466585795084636,0.06666666666666668
2013-08-13,03:45:49,0,5.06659189860026,0.2
2013-08-13,03:50:49,0,4.59991455078125,0.13333333333333333
2013-08-13,03:55:49,0,6.199951171875,0.13333333333333333
2013-08-13,04:00:49,0,5.333264668782553,0.13333333333333333
2013-08-13,04:05:49,0,5.06659189860026,0.2
2013-08-13,04:10:49,0,5.533269246419271,0.13333333333333333
2013-08-13,04:15:49,0,5.999946594238281,0.13333333333333333
2013-08-13,04:20:49,0,6.799926757812499,0.06666666666666668
2013-08-13,04:25:49,0,5.533269246419271,0.13333333333333333
2013-08-13,04:30:49,0,3.46655527750651,0.13333333333333333
2013-08-13,04:35:49,0,5.599937438964844,0.13333333333333333
2013-08-13,04:40:49,0,4.399909973144531,0.13333333333333333
2013-08-13,04:45:49,0,4.533246358235678,0.13333333333333333
2013-08-13,04:50:49,0,4.066569010416666,0.2
2013-08-13,04:55:49,0,5.333264668782553,0.13333333333333333
2013-08-13,05:00:50,0,7.53326416015625,0.13333333333333333
2013-08-13,05:05:50,0,6.99993133544922,0.26666666666666666
2013-08-13,05:10:50,0,5.333264668782553,0.13333333333333333
2013-08-13,05:15:50,0,5.7999420166015625,0.13333333333333333
2013-08-13,05:20:50,0,7.13330586751302,0.06666666666666668
2013-08-13,05:25:50,0,6.733258565266925,0.2
2013-08-13,05:30:50,0,7.666613260904947,0.2
2013-08-13,05:35:50,0,5.999946594238281,0.06666666666666668
2013-08-13,05:40:50,0,4.933255513509115,0.13333333333333333
2013-08-13,05:45:50,0,5.933278401692709,0.2
2013-08-13,05:50:50,0,7.066599527994794,0.13333333333333333
2013-08-13,05:55:50,0,6.99993133544922,0.06666666666666668
2013-08-13,06:00:49,0,6.333287556966144,0.13333333333333333
2013-08-13,06:05:49,0,5.866610209147137,0.06666666666666668
2013-08-13,06:10:49,0,5.866610209147137,0.06666666666666668
2013-08-13,06:15:49,0,4.133237202962239,0.2
2013-08-13,06:20:49,0,4.066569010416666,0.2
2013-08-13,06:25:49,0,6.199951171875,0.13333333333333333
2013-08-13,06:30:50,0,6.133282979329426,0.2
2013-08-13,06:35:50,0,4.9999237060546875,0.06666666666666668
2013-08-13,06:40:50,0,3.9332326253255214,0.26666666666666666
2013-08-13,06:45:50,0,3.666559855143228,0.13333333333333333
2013-08-13,06:50:50,0,4.399909973144531,0.06666666666666668
2013-08-13,06:55:50,0,7.066561381022135,0.4
2013-08-13,07:00:50,0.13333333333333333,5.199928283691406,0.6
2013-08-13,07:05:50,0.4,6.6666285196940125,0.6666666666666666
2013-08-13,07:10:50,0,6.066614786783854,0.06666666666666668
2013-08-13,07:15:50,0,5.199928283691406,0.2
2013-08-13,07:20:50,0,6.399955749511718,0.2
2013-08-13,07:25:50,0,4.9999237060546875,0.26666666666666666
2013-08-13,07:30:50,0,4.533246358235678,0.13333333333333333
2013-08-13,07:35:50,0,4.866587320963542,0.13333333333333333
2013-08-13,07:40:50,0,7.19989776611328,0.06666666666666668
2013-08-13,07:45:50,0,5.933278401692709,0.2
2013-08-13,07:50:50,0,6.933301289876302,0.13333333333333333
2013-08-13,07:55:50,0,7.666575113932293,0.06666666666666668
2013-08-13,08:00:50,0,5.399932861328125,0.2
2013-08-13,08:05:50,0.06666666666666668,6.533292134602865,0.13333333333333333
2013-08-13,08:10:50,0,8.199920654296875,0.13333333333333333
2013-08-13,08:15:50,0,6.3999176025390625,0.2
2013-08-13,08:20:50,0,7.533276875813801,0.2
2013-08-13,08:25:50,0,6.599922180175781,0.26666666666666666
2013-08-13,08:30:50,0,6.599960327148438,0.13333333333333333
2013-08-13,08:35:50,0,6.3999176025390625,0.13333333333333333
2013-08-13,08:40:50,0,6.466623942057291,0.2
2013-08-13,08:45:50,0.06666666666666668,6.199913024902344,0.4
2013-08-13,08:50:50,0,5.599937438964844,0.06666666666666668
2013-08-13,08:55:50,0,6.266581217447918,0.06666666666666668
2013-08-13,09:00:51,0,5.399932861328125,0.2
2013-08-13,09:05:51,0,6.599960327148438,0.13333333333333333
2013-08-13,09:10:51,0,5.7999420166015625,0.2
2013-08-13,09:15:51,0,5.666605631510416,0.2
2013-08-13,09:20:51,0,7.7999114990234375,0.06666666666666668
2013-08-13,09:25:51,0,6.99993133544922,0.2
2013-08-13,09:30:51,0,3.7998962402343754,0.26666666666666666
2013-08-13,09:35:51,0,4.933255513509115,0.2
2013-08-13,09:40:51,0,6.399955749511718,0.06666666666666668
2013-08-13,09:45:51,0,6.99993133544922,0.2
2013-08-13,09:50:51,0,6.599922180175781,0.3333333333333333
2013-08-13,09:55:51,0,5.599937438964844,0.06666666666666668
2013-08-13,10:00:51,0,6.199913024902344,0.5333333333333333
2013-08-13,10:05:51,0,5.19989013671875,0.2
2013-08-13,10:10:51,0,4.9999237060546875,0.2
2013-08-13,10:15:51,0,6.799926757812499,0.4666666666666667
2013-08-13,10:20:51,0,5.199928283691406,0.2
2013-08-13,10:25:51,0,4.466578165690104,0.06666666666666668
2013-08-13,10:30:51,0,5.399932861328125,0.26666666666666666
2013-08-13,10:35:51,0,6.533253987630207,0.06666666666666668
2013-08-13,10:40:51,0,6.199951171875,0.2
2013-08-13,10:45:51,0,6.199913024902344,0.2
2013-08-13,10:50:51,0,5.933278401692709,0.2
2013-08-13,10:55:51,0,6.799926757812499,0.2
2013-08-13,11:00:51,0,6.199951171875,0.4666666666666667
2013-08-13,11:05:51,0,5.599937438964844,0.06666666666666668
2013-08-13,11:10:51,0,5.333264668782553,0.3333333333333333
2013-08-13,11:15:51,0,5.7999420166015625,0.4666666666666667
2013-08-13,11:20:51,0,6.199951171875,0.2
2013-08-13,11:25:51,0,6.999969482421875,0.3333333333333333
2013-08-13,11:30:51,0,6.3999176025390625,0.3333333333333333
2013-08-13,11:35:51,0,7.599906921386719,0.2
2013-08-13,11:40:51,0,6.799964904785156,0.2
2013-08-13,11:45:51,0,5.733273824055988,0.13333333333333333
2013-08-13,11:50:51,0,6.199951171875,0.3333333333333333
2013-08-13,11:55:51,0,5.599937438964844,0.4666666666666667
2013-08-13,12:00:51,0,5.199928283691406,0.13333333333333333
2013-08-13,12:05:52,0,7.266591389973959,0.2
2013-08-13,12:10:52,0,7.399940490722656,0.06666666666666668
2013-08-13,12:15:52,0,6.99993133544922,0.2
2013-08-13,12:20:52,0,6.066614786783854,0.2
2013-08-13,12:25:52,0,6.333249409993489,0.13333333333333333
2013-08-13,12:30:52,0,6.86663309733073,0.26666666666666666
2013-08-13,12:35:52,0,5.333264668782553,0.13333333333333333
2013-08-13,12:40:52,0,6.999969482421875,0.06666666666666668
2013-08-13,12:45:52,0,6.399955749511718,0.2
2013-08-13,12:50:52,0,7.066599527994794,0.13333333333333333
2013-08-13,12:55:52,0,6.733296712239584,0.26666666666666666
2013-08-13,13:00:52,2.2666666666666666,32.133229573567704,0.4
2013-08-13,13:05:52,0.06666666666666668,20.999908447265625,0.13333333333333333
2013-08-13,13:10:52,0,13.666598002115881,0.13333333333333333
2013-08-13,13:15:52,0,8.666547139485676,0.2
2013-08-13,13:20:52,0,5.466601053873697,0.13333333333333333
2013-08-13,13:25:52,0,4.59991455078125,0.2
2013-08-13,13:30:52,0,5.199928283691406,0.13333333333333333
2013-08-13,13:35:52,0,5.199928283691406,0.13333333333333333
2013-08-13,13:40:52,0,6.333287556966144,0.06666666666666668
2013-08-13,13:45:52,0,6.399955749511718,0.2
2013-08-13,13:50:52,0,6.066614786783854,0.06666666666666668
2013-08-13,13:55:52,0,6.599884033203125,0.2
2013-08-13,14:00:52,0,5.7999420166015625,0.13333333333333333
2013-08-13,14:05:52,0,4.9999237060546875,0.26666666666666666
2013-08-13,14:10:52,0,6.599960327148438,0.06666666666666668
2013-08-13,14:15:52,0,6.933301289876302,0.13333333333333333
2013-08-13,14:20:53,0,6.599922180175781,0.06666666666666668
2013-08-13,14:25:53,0,5.533269246419271,0.2
2013-08-13,14:30:53,0,4.7332509358723955,0.13333333333333333
2013-08-13,14:35:53,0,5.999946594238281,0.13333333333333333
2013-08-13,14:40:53,0,5.466601053873697,0.2
2013-08-13,14:45:53,0,5.866610209147137,0.13333333333333333
2013-08-13,14:50:53,0,4.9999237060546875,0.4
2013-08-13,14:55:53,0,5.999946594238281,0.13333333333333333
2013-08-13,15:00:53,0,6.933263142903646,0.13333333333333333
2013-08-13,15:05:52,0,6.199951171875,0.2
2013-08-13,15:10:52,0,5.999946594238281,0.2
2013-08-13,15:15:52,0.13333333333333333,5.533269246419271,0.5333333333333333
2013-08-13,15:20:52,0,4.9999237060546875,0.26666666666666666
2013-08-13,15:25:52,0.13333333333333333,6.066614786783854,0.06666666666666668
2013-08-13,15:30:52,0,4.333241780598959,0.13333333333333333
2013-08-13,15:35:52,0,5.7999420166015625,0.13333333333333333
2013-08-13,15:40:52,0,6.6666285196940125,0.4666666666666667
2013-08-13,15:45:52,0,4.466578165690104,0.26666666666666666
2013-08-13,15:50:52,0,5.399932861328125,0.2
2013-08-13,15:55:52,0,6.86663309733073,0.06666666666666668
2013-08-13,16:00:53,0,5.933240254720053,0.3333333333333333
2013-08-13,16:05:53,0.06666666666666668,5.733273824055988,0.2
2013-08-13,16:10:53,0,6.733258565266925,0.13333333333333333
2013-08-13,16:15:53,0,5.133260091145833,0.13333333333333333
2013-08-13,16:20:53,0,6.333287556966144,0.2
2013-08-13,16:25:53,0,5.599937438964844,0.06666666666666668
2013-08-13,16:30:53,0,4.866587320963542,0.26666666666666666
2013-08-13,16:35:53,0,7.533238728841146,0.26666666666666666
2013-08-13,16:40:53,0,6.733245849609375,0.2
2013-08-13,16:45:53,0,6.266619364420572,0.4666666666666667
2013-08-13,16:50:53,0,6.599960327148438,0.13333333333333333
2013-08-13,16:55:53,0,5.666605631510416,0.2
2013-08-13,17:00:53,0,6.466623942057291,0.26666666666666666
2013-08-13,17:05:53,0,5.399932861328125,0.13333333333333333
2013-08-13,17:10:53,0,5.799916585286459,0.5333333333333333
2013-08-13,17:15:53,0,8.533210754394531,0.4
2013-08-13,17:20:53,0,6.399955749511718,0.13333333333333333
2013-08-13,17:25:53,0,5.133260091145833,0.06666666666666668
2013-08-13,17:30:53,0,5.466601053873697,0.13333333333333333
2013-08-13,17:35:53,0,5.933252970377604,0.06666666666666668
2013-08-13,17:40:53,0,7.466557820638021,0.06666666666666668
2013-08-13,17:45:53,0,5.7999420166015625,0.2
2013-08-13,17:50:53,0,4.1999053955078125,0.13333333333333333
2013-08-13,17:55:53,0,5.999946594238281,0.13333333333333333
2013-08-13,18:00:53,0,6.3999176025390625,0.13333333333333333
2013-08-13,18:05:53,0,5.466601053873697,0.13333333333333333
2013-08-13,18:10:53,0,4.933255513509115,0.06666666666666668
2013-08-13,18:15:54,0,4.9999237060546875,0.4
2013-08-13,18:20:54,0,5.533269246419271,0.2
2013-08-13,18:25:54,0,4.533246358235678,0.2
2013-08-13,18:30:54,0,5.266571044921875,0.26666666666666666
2013-08-13,18:35:54,0,5.666592915852865,0.2
2013-08-13,18:40:54,0,6.9998931884765625,0.13333333333333333
2013-08-13,18:45:54,0,6.533292134602865,0.13333333333333333
2013-08-13,18:50:54,0,6.399955749511718,0.13333333333333333
2013-08-13,18:55:54,0,6.733258565266925,0.06666666666666668
2013-08-13,19:00:54,0,4.333241780598959,0.13333333333333333
2013-08-13,19:05:54,0,6.333249409993489,0.13333333333333333
2013-08-13,19:10:54,0,5.533269246419271,0.2
2013-08-13,19:15:54,0,5.733273824055988,0.13333333333333333
2013-08-13,19:20:54,0,6.799926757812499,0.06666666666666668
2013-08-13,19:25:54,0,6.399955749511718,0.13333333333333333
2013-08-13,19:30:54,0,5.333264668782553,0.2
2013-08-13,19:35:54,0,5.866610209147137,0.06666666666666668
2013-08-13,19:40:54,0,5.933278401692709,0.06666666666666668
2013-08-13,19:45:54,0,5.733273824055988,0.13333333333333333
2013-08-13,19:50:54,0,4.7332509358723955,0.13333333333333333
2013-08-13,19:55:54,0,5.06659189860026,0.2
2013-08-13,20:00:55,0,5.466601053873697,0.26666666666666666
2013-08-13,20:05:55,0,5.2665964762369795,0.06666666666666668
2013-08-13,20:10:55,0,4.9999237060546875,0.13333333333333333
2013-08-13,20:15:55,0,5.533269246419271,0.3333333333333333
2013-08-13,20:20:55,0,5.866610209147137,0.13333333333333333
2013-08-13,20:25:55,1.4,23.86660257975261,0.06666666666666668
2013-08-13,20:30:55,0,11.59989674886068,0.13333333333333333
2013-08-13,20:35:55,0,10.399856567382812,0.06666666666666668
2013-08-13,20:40:55,0,6.133270263671875,0.13333333333333333
2013-08-13,20:45:55,0,6.6666285196940125,0.13333333333333333
2013-08-13,20:50:55,0,5.666605631510416,0.13333333333333333
2013-08-13,20:55:55,0,6.333287556966144,0.13333333333333333
2013-08-13,21:00:55,0,6.133282979329426,0.2
2013-08-13,21:05:55,0,6.799926757812499,0.26666666666666666
2013-08-13,21:10:55,0,6.999969482421875,0.06666666666666668
2013-08-13,21:15:55,0,5.333264668782553,0.13333333333333333
2013-08-13,21:20:55,0,5.533269246419271,0.06666666666666668
2013-08-13,21:25:55,0,5.999946594238281,0.13333333333333333
2013-08-13,21:30:55,0,5.933278401692709,0.13333333333333333
2013-08-13,21:35:55,0,6.133282979329426,0.13333333333333333
2013-08-13,21:40:55,0,5.133260091145833,0.26666666666666666
2013-08-13,21:45:55,0,6.666590372721354,0.2
2013-08-13,21:50:55,0,5.533231099446613,0.06666666666666668
2013-08-13,21:55:55,0,4.1999053955078125,0.2
2013-08-13,22:00:55,0,7.066574096679687,0.13333333333333333
2013-08-13,22:05:55,0,6.533279418945312,0.06666666666666668
2013-08-13,22:10:55,0,5.06659189860026,0.13333333333333333
2013-08-13,22:15:55,0,5.866610209147137,0.2
2013-08-13,22:20:55,0,5.59991200764974,0.13333333333333333
2013-08-13,22:25:55,0,5.7332611083984375,0.06666666666666668
2013-08-13,22:30:55,0,5.999946594238281,0.13333333333333333
2013-08-13,22:35:55,0,6.733233133951823,0.13333333333333333
2013-08-13,22:40:56,0,7.466557820638021,0.06666666666666668
2013-08-13,22:45:56,0,5.466601053873697,0.2
2013-08-13,22:50:56,0,6.199913024902344,0.2
2013-08-13,22:55:56,0,6.199925740559896,0.13333333333333333
2013-08-13,23:00:56,0,6.466585795084636,0.13333333333333333
2013-08-13,23:05:56,0,6.866582234700519,0.06666666666666668
2013-08-13,23:10:56,0,5.599937438964844,0.06666666666666668
2013-08-13,23:15:56,0.06666666666666668,6.199951171875,0.2
2013-08-13,23:20:56,0,7.933247884114582,0.13333333333333333
2013-08-13,23:25:56,0,5.7999420166015625,0.4
2013-08-13,23:30:56,0,5.466575622558594,0.13333333333333333
2013-08-13,23:35:56,0,6.866582234700519,0.06666666666666668
2013-08-13,23:40:56,0.06666666666666668,8.799896240234375,0.13333333333333333
2013-08-13,23:45:56,0,6.3999176025390625,0.13333333333333333
2013-08-13,23:50:56,0,7.866579691569011,0.13333333333333333
2013-08-13,23:55:56,0.06666666666666668,6.399955749511718,0.13333333333333333
2013-08-14,00:00:56,0,4.866587320963542,0.13333333333333333
2013-08-14,00:05:56,0.2,5.999946594238281,0.06666666666666668
2013-08-14,00:10:56,0.2,7.866617838541666,0.13333333333333333
2013-08-14,00:15:56,0.13333333333333333,5.333264668782553,0.13333333333333333
2013-08-14,00:20:56,0,6.13324483235677,0.13333333333333333
2013-08-14,00:25:56,0.06666666666666668,4.533246358235678,0.06666666666666668
2013-08-14,00:30:56,0.06666666666666668,5.2665964762369795,0.2
2013-08-14,00:35:56,0.2,5.7999420166015625,0.13333333333333333
2013-08-14,00:40:56,0.2,5.06659189860026,0.06666666666666668
2013-08-14,00:45:56,0.26666666666666666,3.9999008178710938,0.13333333333333333
2013-08-14,00:50:56,0.13333333333333333,5.866584777832031,0.06666666666666668
2013-08-14,00:55:56,0.2,8.399899800618488,0.13333333333333333
2013-08-14,01:00:56,0.2,6.066614786783854,0.2
2013-08-14,01:05:56,0.2,4.7332509358723955,0.06666666666666668
2013-08-14,01:10:56,0.06666666666666668,6.133282979329426,0.2
2013-08-14,01:15:56,0.33333333333333337,7.333234151204428,0.26666666666666666
2013-08-14,01:20:56,0.4,7.266604105631512,0.13333333333333333
2013-08-14,01:25:56,0.13333333333333333,6.199913024902344,0.06666666666666668
2013-08-14,01:30:56,0.13333333333333333,5.06659189860026,0.13333333333333333
2013-08-14,01:35:56,0.2,4.866587320963542,0.2
2013-08-14,01:40:56,0.06666666666666668,3.9332326253255214,0.06666666666666668
2013-08-14,01:45:56,0,5.133260091145833,0.2
2013-08-14,01:50:56,0.06666666666666668,4.466578165690104,0.06666666666666668
2013-08-14,01:55:56,0.13333333333333333,6.199913024902344,0.06666666666666668
2013-08-14,02:00:56,0.13333333333333333,5.333264668782553,0.13333333333333333
2013-08-14,02:05:56,0,6.4666112263997375,0.13333333333333333
2013-08-14,02:10:56,0.13333333333333333,6.133257548014324,0.13333333333333333
2013-08-14,02:15:56,0.06666666666666668,5.933278401692709,0.26666666666666666
2013-08-14,02:20:56,0,6.666590372721354,0.2
2013-08-14,02:25:56,0,5.466601053873697,0.13333333333333333
2013-08-14,02:30:56,0,4.866587320963542,0.2
2013-08-14,02:35:56,0,5.1332346598307295,0.06666666666666668
2013-08-14,02:40:56,0,5.99993387858073,0.13333333333333333
2013-08-14,02:45:56,0,6.13324483235677,0.2
2013-08-14,02:50:56,0,6.333249409993489,0.13333333333333333
2013-08-14,02:55:56,0,8.933181762695312,0.06666666666666668
2013-08-14,03:00:56,0,7.066637674967448,0.13333333333333333
2013-08-14,03:05:56,0,4.933255513509115,0.13333333333333333
2013-08-14,03:10:56,0,5.666605631510416,0.2
2013-08-14,03:15:56,0,5.866572062174479,0.2
2013-08-14,03:20:56,0,5.599937438964844,0.06666666666666668
2013-08-14,03:25:56,0,7.733281453450519,0.13333333333333333
2013-08-14,03:30:56,0,6.733296712239584,0.13333333333333333
2013-08-14,03:35:57,0,6.599960327148438,0.13333333333333333
2013-08-14,03:40:57,0,6.199951171875,0.13333333333333333
2013-08-14,03:45:57,0,6.133282979329426,0.13333333333333333
2013-08-14,03:50:57,2.2666666666666666,16.599947611490887,0.13333333333333333
2013-08-14,03:55:57,0.13333333333333333,30.999933878580727,0.26666666666666666
2013-08-14,04:00:57,0.06666666666666668,14.999898274739587,0.13333333333333333
2013-08-14,04:05:57,0,9.999860127766926,0.13333333333333333
2013-08-14,04:10:57,0,6.533292134602865,0.06666666666666668
2013-08-14,04:15:57,0,5.733273824055988,0.26666666666666666
2013-08-14,04:20:57,0,6.533292134602865,0.06666666666666668
2013-08-14,04:25:57,0,6.133282979329426,0.06666666666666668
2013-08-14,04:30:57,0,5.133260091145833,0.13333333333333333
2013-08-14,04:35:57,0,4.399909973144531,0.2
2013-08-14,04:40:57,0,5.866610209147137,0.06666666666666668
2013-08-14,04:45:57,0,5.933278401692709,0.13333333333333333
2013-08-14,04:50:57,0,5.399932861328125,0.26666666666666666
2013-08-14,04:55:57,0,3.7998962402343754,0.2
2013-08-14,05:00:57,0,4.9999237060546875,0.13333333333333333
2013-08-14,05:05:57,0,3.9999008178710938,0.2
2013-08-14,05:10:57,0,3.9332326253255214,0.06666666666666668
2013-08-14,05:15:57,0,5.399932861328125,0.13333333333333333
2013-08-14,05:20:57,0,6.066576639811197,0.06666666666666668
2013-08-14,05:25:57,0,5.733273824055988,0.2
2013-08-14,05:30:57,0,5.133260091145833,0.2
2013-08-14,05:35:57,0,3.533223470052084,0.13333333333333333
2013-08-14,05:40:57,0,5.733210245768229,0.13333333333333333
2013-08-14,05:45:57,0,5.466575622558594,0.13333333333333333
2013-08-14,05:50:57,0,4.9999237060546875,0.13333333333333333
2013-08-14,05:55:57,0,4.9999237060546875,0.13333333333333333
2013-08-14,06:00:57,0,4.466578165690104,0.2
2013-08-14,06:05:58,0,5.866572062174479,0.13333333333333333
2013-08-14,06:10:58,0,6.99993133544922,0.06666666666666668
2013-08-14,06:15:58,0,3.0665461222330723,0.13333333333333333
2013-08-14,06:20:58,0,5.666592915852865,0.06666666666666668
2013-08-14,06:25:58,0,5.59991200764974,0.06666666666666668
2013-08-14,06:30:58,0,6.3999176025390625,0.26666666666666666
2013-08-14,06:35:58,0,6.799964904785156,0.06666666666666668
2013-08-14,06:40:58,0,7.266578674316407,0.2
2013-08-14,06:45:58,0,6.799939473470053,0.13333333333333333
2013-08-14,06:50:58,0,6.199951171875,0.13333333333333333
2013-08-14,06:55:58,0,3.571319580078125,0.14285714285714285
2013-08-14,07:00:58,0.14285714285714288,4.9999237060546875,0.6428571428571429
2013-08-14,07:05:58,0.35714285714285715,7.214178357805524,0.5714285714285714
2013-08-14,07:10:58,0,7.071345193045479,0.07142857142857142
2013-08-14,07:15:58,0,5.071353912353516,0.14285714285714285
2013-08-14,07:20:58,0,6.499958038330078,0.14285714285714285
2013-08-14,07:25:58,0,6.285667419433594,0.14285714285714285
2013-08-14,07:30:58,0,5.28564453125,0.14285714285714285
2013-08-14,07:35:58,0,4.1999053955078125,0.06666666666666668
2013-08-14,07:40:58,0,4.499912261962891,0.14285714285714285
2013-08-14,07:45:58,0,5.533269246419271,0.13333333333333333
2013-08-14,07:50:58,0,5.5713653564453125,0.14285714285714285
2013-08-14,07:55:58,0,5.2665964762369795,0.06666666666666668
2013-08-14,08:00:58,0,5.599937438964844,0.13333333333333333
2013-08-14,08:05:58,0,7.666549682617188,0.13333333333333333
2013-08-14,08:10:58,0,5.733273824055988,0.06666666666666668
2013-08-14,08:15:59,0,5.7999420166015625,0.2
2013-08-14,08:20:59,0,5.599937438964844,0.26666666666666666
2013-08-14,08:25:59,0,6.133282979329426,0.2
2013-08-14,08:30:59,0,6.199951171875,0.2
2013-08-14,08:35:59,0,6.133282979329426,0.06666666666666668
2013-08-14,08:40:59,0,6.733258565266925,0.06666666666666668
2013-08-14,08:45:59,0,4.266573588053386,0.3333333333333333
2013-08-14,08:50:59,0,7.066599527994794,0.13333333333333333
2013-08-14,08:55:59,0,7.4666086832682295,0.26666666666666666
2013-08-14,09:00:59,0,4.666582743326822,0.26666666666666666
2013-08-14,09:05:59,0,5.666605631510416,0.06666666666666668
2013-08-14,09:10:59,0,6.066614786783854,0.06666666666666668
2013-08-14,09:15:59,0,6.199951171875,0.13333333333333333
2013-08-14,09:20:58,0,5.666605631510416,0.13333333333333333
2013-08-14,09:25:58,0,6.333287556966144,0.6
2013-08-14,09:30:58,0,6.533292134602865,0.2
2013-08-14,09:35:58,0,6.999969482421875,0.13333333333333333
2013-08-14,09:40:58,0,4.666582743326822,0.3333333333333333
2013-08-14,09:45:58,0,5.866610209147137,0.2
2013-08-14,09:50:59,0,7.1999359130859375,0.2
2013-08-14,09:55:59,0,5.399932861328125,0.06666666666666668
2013-08-14,10:00:59,0,4.799919128417969,0.13333333333333333
2013-08-14,10:05:59,0,4.399909973144531,0.06666666666666668
2013-08-14,10:10:59,0,5.399932861328125,0.2
2013-08-14,10:15:59,0,3.9332326253255214,0.26666666666666666
2013-08-14,10:20:59,0,4.799906412760416,0.13333333333333333
2013-08-14,10:25:59,0,5.066566467285156,0.3333333333333333
2013-08-14,10:30:59,0,6.133282979329426,0.2
2013-08-14,10:35:59,0,7.13330586751302,0.2
2013-08-14,10:40:59,0,5.666605631510416,0.13333333333333333
2013-08-14,10:45:59,0,5.933278401692709,0.2
2013-08-14,10:50:59,0,6.399955749511718,0.06666666666666668
2013-08-14,10:55:59,0,6.266619364420572,0.13333333333333333
2013-08-14,11:00:59,0,6.199951171875,0.6
2013-08-14,11:05:59,0,5.599937438964844,0.2
2013-08-14,11:10:59,0,7.1999359130859375,0.4
2013-08-14,11:15:59,0,5.866610209147137,0.2
2013-08-14,11:20:59,0,5.333264668782553,0.2
2013-08-14,11:25:59,0,5.533269246419271,0.2
2013-08-14,11:30:59,0,6.199951171875,0.13333333333333333
2013-08-14,11:35:59,0,6.066576639811197,0.06666666666666668
2013-08-14,11:40:59,0,4.7332509358723955,0.06666666666666668
2013-08-14,11:45:59,0,6.86663309733073,0.13333333333333333
2013-08-14,11:50:59,0,5.466601053873697,0.13333333333333333
2013-08-14,11:55:59,0,4.799919128417969,0.13333333333333333
2013-08-14,12:00:59,0,4.466578165690104,0.3333333333333333
2013-08-14,12:05:59,0,4.933255513509115,0.3333333333333333
2013-08-14,12:10:59,0,5.933278401692709,0.3333333333333333
2013-08-14,12:15:59,0,6.533292134602865,0.2
2013-08-14,12:20:59,0,5.466601053873697,0.6
2013-08-14,12:25:59,0,5.333264668782553,0.06666666666666668
2013-08-14,12:30:59,0,5.999946594238281,0.13333333333333333
2013-08-14,12:35:59,0,5.333264668782553,0.13333333333333333
2013-08-14,12:41:00,0,6.399943033854166,0.06666666666666668
2013-08-14,12:46:00,0,6.599934895833331,0.2
2013-08-14,12:51:00,0,5.599937438964844,0.2
2013-08-14,12:56:00,0,5.733273824055988,0.06666666666666668
2013-08-14,13:01:00,0,6.133282979329426,0.13333333333333333
2013-08-14,13:06:00,0,6.466623942057291,0.13333333333333333
2013-08-14,13:11:00,0,4.933255513509115,0.2
2013-08-14,13:16:00,0,4.9999237060546875,0.2
2013-08-14,13:21:00,0,7.866617838541666,0.13333333333333333
2013-08-14,13:26:00,0,7.266604105631512,0.06666666666666668
2013-08-14,13:31:00,0,5.933278401692709,0.13333333333333333
2013-08-14,13:36:00,0,5.933278401692709,0.2
2013-08-14,13:41:00,0,6.533253987630207,0.2
2013-08-14,13:46:00,0,6.399955749511718,0.26666666666666666
2013-08-14,13:51:00,0,6.199913024902344,0.13333333333333333
2013-08-14,13:56:00,0,6.599922180175781,0.06666666666666668
2013-08-14,14:01:00,0,7.4666086832682295,0.26666666666666666
2013-08-14,14:06:00,0,6.3999176025390625,0.5333333333333333
2013-08-14,14:11:00,0,6.999918619791666,0.06666666666666668
2013-08-14,14:16:00,0,6.199925740559896,0.2
2013-08-14,14:21:00,0,4.1999053955078125,0.06666666666666668
2013-08-14,14:26:00,0,5.2665964762369795,0.13333333333333333
2013-08-14,14:31:00,0,6.466585795084636,0.26666666666666666
2013-08-14,14:36:00,0,4.59991455078125,0.06666666666666668
2013-08-14,14:41:00,0,5.599937438964844,0.06666666666666668
2013-08-14,14:46:00,0,6.13324483235677,0.2
2013-08-14,14:51:00,0,6.599960327148438,0.26666666666666666
2013-08-14,14:56:00,0,6.533292134602865,0.2
2013-08-14,15:01:00,0,6.066614786783854,0.13333333333333333
2013-08-14,15:06:00,0,6.133282979329426,0.06666666666666668
2013-08-14,15:11:01,0,5.666605631510416,0.26666666666666666
2013-08-14,15:16:01,0,6.466623942057291,0.13333333333333333
2013-08-14,15:21:01,0,6.99993133544922,0.26666666666666666
2013-08-14,15:26:01,0.2,7.4666086832682295,0.06666666666666668
2013-08-14,15:31:01,0,6.533279418945312,0.2
2013-08-14,15:36:01,0,5.6665802001953125,0.2
2013-08-14,15:41:01,0,5.933278401692709,0.06666666666666668
2013-08-14,15:46:01,0,6.86663309733073,0.26666666666666666
2013-08-14,15:51:01,0,6.799964904785156,0.13333333333333333
2013-08-14,15:56:01,0,5.599937438964844,0.13333333333333333
2013-08-14,16:01:01,0,5.866610209147137,0.13333333333333333
2013-08-14,16:06:01,0,7.266604105631512,0.06666666666666668
2013-08-14,16:11:01,0,7.199974060058594,0.3333333333333333
2013-08-14,16:16:01,0,6.999969482421875,0.2
2013-08-14,16:21:01,0,6.266619364420572,0.06666666666666668
2013-08-14,16:26:01,0,5.466601053873697,0.13333333333333333
2013-08-14,16:31:01,0,6.199951171875,0.13333333333333333
2013-08-14,16:36:01,0,5.733273824055988,0.06666666666666668
2013-08-14,16:41:01,0,4.933255513509115,0.06666666666666668
2013-08-14,16:46:01,0,6.99993133544922,0.2
2013-08-14,16:51:01,0,6.93328857421875,0.26666666666666666
2013-08-14,16:56:01,0,9.133249918619791,0.13333333333333333
2013-08-14,17:01:01,0,4.9999237060546875,0.13333333333333333
2013-08-14,17:06:01,0,5.733273824055988,0.2
2013-08-14,17:11:01,0,6.666590372721354,0.06666666666666668
2013-08-14,17:16:01,0,7.066599527994794,0.2
2013-08-14,17:21:01,0,7.13324228922526,0.13333333333333333
2013-08-14,17:26:02,0,6.333287556966144,0.13333333333333333
2013-08-14,17:31:02,0,7.1999359130859375,0.2
2013-08-14,17:36:02,13.4,23.86655171712239,100.0
2013-08-14,17:41:02,0.06666666666666668,38.19988250732422,0.2
2013-08-14,17:46:02,0.8,17.39990234375,0.13333333333333333
2013-08-14,17:51:02,0,11.133244832356773,0.2
2013-08-14,17:56:02,0,5.599937438964844,0.2
2013-08-14,18:01:02,0,5.399932861328125,0.2
2013-08-14,18:06:02,0,6.599960327148438,0.06666666666666668
2013-08-14,18:11:02,0,4.799919128417969,0.06666666666666668
2013-08-14,18:16:02,0,4.399909973144531,0.2
2013-08-14,18:21:02,0,5.199928283691406,0.13333333333333333
2013-08-14,18:26:02,0,5.199928283691406,0.06666666666666668
2013-08-14,18:31:01,0,3.5998916625976562,0.13333333333333333
2013-08-14,18:36:01,0,3.666559855143228,0.13333333333333333
2013-08-14,18:41:01,0,5.666605631510416,0.13333333333333333
2013-08-14,18:46:01,0,5.999908447265625,0.13333333333333333
2013-08-14,18:51:01,0,4.866587320963542,0.06666666666666668
2013-08-14,18:56:01,0,4.399909973144531,0.06666666666666668
2013-08-14,19:01:01,0,3.5998916625976562,0.13333333333333333
2013-08-14,19:06:02,0,4.59991455078125,0.13333333333333333
2013-08-14,19:11:02,0,7.399902343750001,0.06666666666666668
2013-08-14,19:16:02,0,6.266619364420572,0.2
2013-08-14,19:21:02,0,7.93328603108724,0.13333333333333333
2013-08-14,19:26:02,0,7.7999114990234375,0.2
2013-08-14,19:31:02,0,7.999916076660156,0.26666666666666666
2013-08-14,19:36:02,0,7.599906921386719,0.13333333333333333
2013-08-14,19:41:02,0,6.599960327148438,0.06666666666666668
2013-08-14,19:46:02,0,5.999946594238281,0.13333333333333333
2013-08-14,19:51:02,0,5.06659189860026,0.2
2013-08-14,19:56:02,0,5.599937438964844,0.06666666666666668
2013-08-14,20:01:02,0,5.133260091145833,0.13333333333333333
2013-08-14,20:06:02,0,6.799964904785156,0.13333333333333333
2013-08-14,20:11:02,0,4.9999237060546875,0.13333333333333333
2013-08-14,20:16:02,0,5.7999420166015625,0.2
2013-08-14,20:21:02,0,5.599937438964844,0.06666666666666668
2013-08-14,20:26:02,1.4,20.599912007649742,0.2
2013-08-14,20:31:02,0,11.333223978678383,0.13333333333333333
2013-08-14,20:36:02,0,12.199897766113281,0.06666666666666668
2013-08-14,20:41:02,0,6.599960327148438,0.06666666666666668
2013-08-14,20:46:02,0,6.199951171875,0.2
2013-08-14,20:51:02,0,5.199928283691406,0.06666666666666668
2013-08-14,20:56:02,0,6.199913024902344,0.13333333333333333
2013-08-14,21:01:03,0,6.99993133544922,0.3333333333333333
2013-08-14,21:06:03,0,6.666590372721354,0.13333333333333333
2013-08-14,21:11:03,0,8.199920654296875,0.13333333333333333
2013-08-14,21:16:03,0,4.799919128417969,0.13333333333333333
2013-08-14,21:21:03,0,6.266619364420572,0.06666666666666668
2013-08-14,21:26:03,0,6.599922180175781,0.13333333333333333
2013-08-14,21:31:03,0,4.799919128417969,0.13333333333333333
2013-08-14,21:36:03,0,5.7999420166015625,0.13333333333333333
2013-08-14,21:41:03,0,5.599937438964844,0.13333333333333333
2013-08-14,21:46:03,0,5.7999420166015625,0.13333333333333333
2013-08-14,21:51:03,0,4.59991455078125,0.06666666666666668
2013-08-14,21:56:03,0,5.999946594238281,0.06666666666666668
2013-08-14,22:01:03,0,5.7999420166015625,0.13333333333333333
2013-08-14,22:06:03,0,5.7999420166015625,0.2
2013-08-14,22:11:03,0,5.19989013671875,0.13333333333333333
2013-08-14,22:16:03,0.13333333333333333,4.866587320963542,0.13333333333333333
2013-08-14,22:21:03,0,6.799964904785156,0.06666666666666668
2013-08-14,22:26:03,0,5.999946594238281,0.06666666666666668
2013-08-14,22:31:03,0,5.999946594238281,0.2
2013-08-14,22:36:03,0,4.9999237060546875,0.13333333333333333
2013-08-14,22:41:03,0,5.06659189860026,0.06666666666666668
2013-08-14,22:46:03,0,5.799903869628906,0.3333333333333333
2013-08-14,22:51:03,0,7.799949645996093,0.2
2013-08-14,22:56:03,0,6.333249409993489,0.2
2013-08-14,23:01:03,0,5.733273824055988,0.13333333333333333
2013-08-14,23:06:03,0,8.399887084960938,0.06666666666666668
2013-08-14,23:11:04,0,5.06659189860026,0.2
2013-08-14,23:16:04,0.13333333333333333,6.533292134602865,0.13333333333333333
2013-08-14,23:21:04,0,6.599960327148438,0.26666666666666666
2013-08-14,23:26:04,0,4.7332509358723955,0.26666666666666666
2013-08-14,23:31:04,0,6.799926757812499,0.13333333333333333
2013-08-14,23:36:04,0,4.933255513509115,0.13333333333333333
2013-08-14,23:41:04,0.13333333333333333,4.399909973144531,0.06666666666666668
2013-08-14,23:46:04,0.2,4.399909973144531,0.13333333333333333
2013-08-14,23:51:04,0.13333333333333333,5.933278401692709,0.06666666666666668
2013-08-14,23:56:04,0.2,7.7999114990234375,0.13333333333333333
2013-08-15,00:01:04,0,6.199951171875,0.13333333333333333
2013-08-15,00:06:04,0,6.599922180175781,0.13333333333333333
2013-08-15,00:11:04,0.13333333333333333,6.533253987630207,0.13333333333333333
2013-08-15,00:16:04,0.13333333333333333,5.7999420166015625,0.2
2013-08-15,00:21:04,0.2,6.599960327148438,0.3333333333333333
2013-08-15,00:26:04,0.2,6.3999176025390625,0.13333333333333333
2013-08-15,00:31:04,0.06666666666666668,4.866587320963542,0.13333333333333333
2013-08-15,00:36:04,0.26666666666666666,6.333249409993489,0.13333333333333333
2013-08-15,00:41:04,0.2,5.999946594238281,0.2
2013-08-15,00:46:04,0.26666666666666666,7.199910481770834,0.2
2013-08-15,00:51:04,0.2,4.9999237060546875,0.06666666666666668
2013-08-15,00:56:05,0.2,5.199928283691406,0.13333333333333333
2013-08-15,01:01:05,0.2,5.999946594238281,0.2
2013-08-15,01:06:05,0.06666666666666668,6.199951171875,0.13333333333333333
2013-08-15,01:11:05,0.06666666666666668,7.333272298177083,0.13333333333333333
2013-08-15,01:16:05,0.06666666666666668,5.866572062174479,0.2
2013-08-15,01:21:05,0,6.666552225748699,0.2
2013-08-15,01:26:05,0,4.666582743326822,0.13333333333333333
2013-08-15,01:31:05,0.2,4.9999237060546875,0.13333333333333333
2013-08-15,01:36:05,0.13333333333333333,6.466585795084636,0.06666666666666668
2013-08-15,01:41:05,0.26666666666666666,5.866610209147137,0.06666666666666668
2013-08-15,01:46:05,0,5.2665964762369795,0.13333333333333333
2013-08-15,01:51:05,0.13333333333333333,5.599937438964844,0.2
2013-08-15,01:56:05,5.0,12.999903361002602,0.13333333333333333
2013-08-15,02:01:05,0,15.66655476888021,0.2
2013-08-15,02:06:05,0,7.399927775065105,0.13333333333333333
2013-08-15,02:11:05,0.06666666666666668,6.733258565266925,0.06666666666666668
2013-08-15,02:16:05,0,5.599937438964844,0.13333333333333333
2013-08-15,02:21:05,0,6.666590372721354,0.06666666666666668
2013-08-15,02:26:05,0,5.933278401692709,0.06666666666666668
2013-08-15,02:31:05,0,6.599960327148438,0.2
2013-08-15,02:36:05,0,7.066637674967448,0.06666666666666668
2013-08-15,02:41:05,0,7.1999359130859375,0.13333333333333333
2013-08-15,02:46:05,0,5.133260091145833,0.13333333333333333
2013-08-15,02:51:05,0,5.2665964762369795,0.2
2013-08-15,02:56:05,0,5.199928283691406,0.13333333333333333
2013-08-15,03:01:05,0,4.533246358235678,0.2
2013-08-15,03:06:05,0,5.733273824055988,0.13333333333333333
2013-08-15,03:11:05,0,6.99993133544922,0.06666666666666668
2013-08-15,03:16:05,0,6.466623942057291,0.13333333333333333
2013-08-15,03:21:05,0,5.666605631510416,0.06666666666666668
2013-08-15,03:26:05,0.06666666666666668,5.599937438964844,0.13333333333333333
2013-08-15,03:31:05,0,5.333264668782553,0.13333333333333333
2013-08-15,03:36:05,0,6.466623942057291,0.2
2013-08-15,03:41:05,0,6.466585795084636,0.06666666666666668
2013-08-15,03:46:05,0,5.599937438964844,0.2
2013-08-15,03:51:05,0,5.133260091145833,0.13333333333333333
2013-08-15,03:56:05,0,8.533248901367188,0.13333333333333333
2013-08-15,04:01:05,0,8.866589864095053,0.13333333333333333
2013-08-15,04:06:05,0,6.799964904785156,0.13333333333333333
2013-08-15,04:11:05,0.06666666666666668,6.6666285196940125,0.06666666666666668
2013-08-15,04:16:05,0,5.933278401692709,0.13333333333333333
2013-08-15,04:21:06,0,5.533269246419271,0.06666666666666668
2013-08-15,04:26:06,0,6.266619364420572,0.13333333333333333
2013-08-15,04:31:06,0,5.199928283691406,0.2
2013-08-15,04:36:06,0,5.133260091145833,0.06666666666666668
2013-08-15,04:41:06,0,5.133260091145833,0.13333333333333333
2013-08-15,04:46:06,0,4.799919128417969,0.13333333333333333
2013-08-15,04:51:06,0,5.866610209147137,0.13333333333333333
2013-08-15,04:56:06,0,7.199948628743489,0.13333333333333333
2013-08-15,05:01:06,0,6.466573079427083,0.13333333333333333
2013-08-15,05:06:06,0,6.733296712239584,0.2
2013-08-15,05:11:06,0,5.466601053873697,0.2
2013-08-15,05:16:06,0,6.799926757812499,0.2
2013-08-15,05:21:06,0,5.7999420166015625,0.13333333333333333
2013-08-15,05:26:06,0,5.199928283691406,0.06666666666666668
2013-08-15,05:31:06,0,5.999921162923176,0.2
2013-08-15,05:36:06,0,5.79992930094401,0.13333333333333333
2013-08-15,05:41:06,0,6.133282979329426,0.13333333333333333
2013-08-15,05:46:06,0,6.466585795084636,0.2
2013-08-15,05:51:06,0,5.533269246419271,0.06666666666666668
2013-08-15,05:56:06,0,5.999946594238281,0.06666666666666668
2013-08-15,06:01:06,0,5.7999420166015625,0.13333333333333333
2013-08-15,06:06:06,0.06666666666666668,6.466585795084636,0.13333333333333333
2013-08-15,06:11:06,0,7.4666086832682295,0.2
2013-08-15,06:16:06,0,7.13330586751302,0.13333333333333333
2013-08-15,06:21:06,0,5.06659189860026,0.2
2013-08-15,06:26:06,0,7.133280436197918,0.13333333333333333
2013-08-15,06:31:06,0,6.666590372721354,0.26666666666666666
2013-08-15,06:36:06,0,5.133247375488281,0.06666666666666668
2013-08-15,06:41:06,0,5.866610209147137,0.06666666666666668
2013-08-15,06:46:06,0,5.466601053873697,0.2
2013-08-15,06:51:06,0,5.733273824055988,0.06666666666666668
2013-08-15,06:56:07,0,5.533269246419271,0.26666666666666666
2013-08-15,07:01:07,0.2,5.333264668782553,0.6666666666666666
2013-08-15,07:06:07,0.33333333333333337,5.333264668782553,0.5333333333333333
2013-08-15,07:11:07,0,7.1999359130859375,0.13333333333333333
2013-08-15,07:16:07,0,7.333285013834636,0.3333333333333333
2013-08-15,07:21:06,0,7.333259582519531,0.06666666666666668
2013-08-15,07:26:06,0,4.9999237060546875,0.06666666666666668
2013-08-15,07:31:06,0,4.533246358235678,0.13333333333333333
2013-08-15,07:36:06,0,6.6666285196940125,0.06666666666666668
2013-08-15,07:41:06,0,6.86663309733073,0.13333333333333333
2013-08-15,07:46:06,0,5.733273824055988,0.26666666666666666
2013-08-15,07:51:07,0,3.9999008178710938,0.06666666666666668
2013-08-15,07:56:07,0,5.733273824055988,0.06666666666666668
2013-08-15,08:01:07,0,3.7998962402343754,0.2
2013-08-15,08:06:07,0.2,6.933237711588541,0.13333333333333333
2013-08-15,08:11:07,0,4.19989267985026,0.06666666666666668
2013-08-15,08:16:07,0,3.9999008178710938,0.2
2013-08-15,08:21:07,0,3.9999008178710938,0.06666666666666668
2013-08-15,08:26:07,0,4.866587320963542,0.06666666666666668
2013-08-15,08:31:07,0,5.933278401692709,0.13333333333333333
2013-08-15,08:36:07,0,6.733296712239584,0.4
2013-08-15,08:41:07,0,6.066614786783854,0.06666666666666668
2013-08-15,08:46:07,0,5.199928283691406,0.2
2013-08-15,08:51:07,0,5.466601053873697,0.13333333333333333
2013-08-15,08:56:07,0,7.399940490722656,0.13333333333333333
2013-08-15,09:01:07,0,7.066599527994794,0.2
2013-08-15,09:06:07,0,5.2665964762369795,0.2
2013-08-15,09:11:07,0,6.999969482421875,0.13333333333333333
2013-08-15,09:16:07,0,5.7999420166015625,0.13333333333333333
2013-08-15,09:21:07,0,6.266581217447918,0.13333333333333333
2013-08-15,09:26:07,0,6.066614786783854,0.06666666666666668
2013-08-15,09:31:07,7.466666666666666,31.26655578613281,0.3333333333333333
2013-08-15,09:36:07,0,22.79988606770833,0.2
2013-08-15,09:41:07,0.06666666666666668,14.133275349934896,0.2
2013-08-15,09:46:07,0,8.533236185709635,0.4
2013-08-15,09:51:07,0,5.599937438964844,0.13333333333333333
2013-08-15,09:56:07,0,4.266573588053386,0.13333333333333333
2013-08-15,10:01:07,0,5.733273824055988,0.13333333333333333
2013-08-15,10:06:07,0,5.466588338216146,0.3333333333333333
2013-08-15,10:11:07,0,6.466560363769531,0.13333333333333333
2013-08-15,10:16:08,0,5.199928283691406,0.2
2013-08-15,10:21:08,0,5.199928283691406,0.2
2013-08-15,10:26:08,0,5.7999420166015625,0.2
2013-08-15,10:31:08,0,5.999946594238281,0.2
2013-08-15,10:36:08,0,6.533292134602865,0.4666666666666667
2013-08-15,10:41:08,0,8.333244323730469,0.5333333333333333
2013-08-15,10:46:08,0,8.533274332682293,0.4
2013-08-15,10:51:08,0,4.9999237060546875,0.13333333333333333
2013-08-15,10:56:08,0,7.133267720540365,0.2
2013-08-15,11:01:08,0,7.066599527994794,0.2
2013-08-15,11:06:08,0,6.533292134602865,0.26666666666666666
2013-08-15,11:11:08,0,6.266619364420572,0.06666666666666668
2013-08-15,11:16:08,0,7.13330586751302,0.26666666666666666
2013-08-15,11:21:08,0,7.666613260904947,0.06666666666666668
2013-08-15,11:26:08,0,7.399978637695312,0.26666666666666666
2013-08-15,11:31:08,0,7.866617838541666,0.13333333333333333
2013-08-15,11:36:08,0,7.399902343750001,0.26666666666666666
2013-08-15,11:41:08,0,5.199928283691406,0.06666666666666668
2013-08-15,11:46:08,0,4.7332509358723955,0.2
2013-08-15,11:51:08,0,4.9999237060546875,0.13333333333333333
2013-08-15,11:56:08,0,6.933263142903646,0.06666666666666668
2013-08-15,12:01:08,0,6.266619364420572,0.13333333333333333
2013-08-15,12:06:08,0,7.599932352701823,0.13333333333333333
2013-08-15,12:11:08,0,5.466575622558594,0.13333333333333333
2013-08-15,12:16:08,0.13333333333333333,5.733273824055988,0.6
2013-08-15,12:21:08,0,6.133282979329426,0.2
2013-08-15,12:26:08,0,9.399909973144531,0.3333333333333333
2013-08-15,12:31:08,0,6.799926757812499,0.3333333333333333
2013-08-15,12:36:08,0,5.599924723307291,0.4666666666666667
2013-08-15,12:41:08,0,5.39990743001302,0.26666666666666666
2013-08-15,12:46:08,0,5.399932861328125,0.13333333333333333
2013-08-15,12:51:08,0,5.399932861328125,0.2
2013-08-15,12:56:08,0,5.533269246419271,0.13333333333333333
2013-08-15,13:01:08,0,5.933240254720053,0.26666666666666666
2013-08-15,13:06:08,0,5.06659189860026,0.2
2013-08-15,13:11:08,0,6.3999176025390625,0.2
2013-08-15,13:16:08,0,5.933278401692709,0.2
2013-08-15,13:21:08,0,7.133267720540365,0.2
2013-08-15,13:26:08,0,6.133282979329426,0.06666666666666668
2013-08-15,13:31:08,0,7.599932352701823,0.26666666666666666
2013-08-15,13:36:08,0,6.466560363769531,0.3333333333333333
2013-08-15,13:41:09,0,7.466570536295575,0.2
2013-08-15,13:46:09,0,7.4666086832682295,0.13333333333333333
2013-08-15,13:51:09,0,7.133267720540365,0.06666666666666668
2013-08-15,13:56:09,0,7.1999359130859375,0.06666666666666668
2013-08-15,14:01:09,0,7.133267720540365,0.3333333333333333
2013-08-15,14:06:09,0,5.933278401692709,0.13333333333333333
2013-08-15,14:11:09,0,5.199928283691406,0.13333333333333333
2013-08-15,14:16:09,0,6.399955749511718,0.26666666666666666
2013-08-15,14:21:09,0,8.066584269205729,0.2
2013-08-15,14:26:09,0,5.933278401692709,0.2
2013-08-15,14:31:09,0,5.533269246419271,0.13333333333333333
2013-08-15,14:36:09,0,6.799926757812499,0.2
2013-08-15,14:41:09,0,5.466601053873697,0.2
2013-08-15,14:46:09,0,6.933263142903646,0.13333333333333333
2013-08-15,14:51:09,0,5.2665964762369795,0.13333333333333333
2013-08-15,14:56:09,0,5.933278401692709,0.2
2013-08-15,15:01:09,0,5.199928283691406,0.13333333333333333
2013-08-15,15:06:09,0,6.99993133544922,0.13333333333333333
2013-08-15,15:11:09,0,5.599937438964844,0.13333333333333333
2013-08-15,15:16:09,0,5.399932861328125,0.26666666666666666
2013-08-15,15:21:09,0,6.399955749511718,0.13333333333333333
2013-08-15,15:26:09,0,6.066576639811197,0.06666666666666668
2013-08-15,15:31:09,0,5.933240254720053,0.13333333333333333
2013-08-15,15:36:09,0,4.9999237060546875,0.13333333333333333
2013-08-15,15:41:09,0,5.666605631510416,0.2
2013-08-15,15:46:09,0,4.399909973144531,0.13333333333333333
2013-08-15,15:51:09,0,4.666582743326822,0.06666666666666668
2013-08-15,15:56:09,0,6.066614786783854,0.06666666666666668
2013-08-15,16:01:09,0,7.066599527994794,0.13333333333333333
2013-08-15,16:06:09,0,8.599929809570312,0.06666666666666668
2013-08-15,16:11:09,0,7.333259582519531,0.13333333333333333
2013-08-15,16:16:09,0,4.799919128417969,0.2
2013-08-15,16:21:09,0,5.599937438964844,0.5333333333333333
2013-08-15,16:26:09,0,6.399955749511718,0.06666666666666668
2013-08-15,16:31:09,0,7.999916076660156,0.26666666666666666
2013-08-15,16:36:09,0,6.399955749511718,0.13333333333333333
2013-08-15,16:41:09,0,5.7999420166015625,0.06666666666666668
2013-08-15,16:46:09,0,6.799964904785156,0.13333333333333333
2013-08-15,16:51:09,0,5.933278401692709,0.2
2013-08-15,16:56:09,0,6.266619364420572,0.13333333333333333
2013-08-15,17:01:09,0,6.399955749511718,0.26666666666666666
2013-08-15,17:06:09,0,5.866610209147137,0.2
2013-08-15,17:11:09,0,6.399955749511718,0.13333333333333333
2013-08-15,17:16:09,0,4.1999053955078125,0.4
2013-08-15,17:21:09,0,5.199928283691406,0.06666666666666668
2013-08-15,17:26:09,0,5.199928283691406,0.4
2013-08-15,17:31:09,0,4.799919128417969,0.13333333333333333
2013-08-15,17:36:09,0,6.399955749511718,0.3333333333333333
2013-08-15,17:41:09,0,6.666590372721354,0.26666666666666666
2013-08-15,17:46:10,0,5.866610209147137,0.26666666666666666
2013-08-15,17:51:10,0,6.399955749511718,0.13333333333333333
2013-08-15,17:56:10,0,5.399932861328125,0.06666666666666668
2013-08-15,18:01:10,0.06666666666666668,5.599937438964844,0.13333333333333333
2013-08-15,18:06:10,0,5.599937438964844,0.2
2013-08-15,18:11:10,0,6.99993133544922,0.06666666666666668
2013-08-15,18:16:10,0,5.599937438964844,0.13333333333333333
2013-08-15,18:21:10,0,6.599960327148438,0.2
2013-08-15,18:26:10,0,7.399940490722656,0.06666666666666668
2013-08-15,18:31:10,0,5.999946594238281,0.13333333333333333
2013-08-15,18:36:10,0,6.266619364420572,0.06666666666666668
2013-08-15,18:41:10,0,7.399940490722656,0.13333333333333333
2013-08-15,18:46:10,0,6.399955749511718,0.13333333333333333
2013-08-15,18:51:10,0,5.199928283691406,0.06666666666666668
2013-08-15,18:56:10,0,8.066596984863281,0.06666666666666668
2013-08-15,19:01:10,0,7.999916076660156,0.2
2013-08-15,19:06:10,0,5.866572062174479,0.06666666666666668
2013-08-15,19:11:10,0,6.666590372721354,0.13333333333333333
2013-08-15,19:16:10,0,7.19989776611328,0.13333333333333333
2013-08-15,19:21:10,0,7.599945068359375,0.13333333333333333
2013-08-15,19:26:10,0,6.866594950358072,0.2
2013-08-15,19:31:10,0,6.199951171875,0.3333333333333333
2013-08-15,19:36:10,0,7.399978637695312,0.26666666666666666
2013-08-15,19:41:10,0,7.066599527994794,0.13333333333333333
2013-08-15,19:46:10,0,6.599960327148438,0.13333333333333333
2013-08-15,19:51:10,0,5.199928283691406,0.13333333333333333
2013-08-15,19:56:10,0,5.5998992919921875,0.2
2013-08-15,20:01:10,0,5.599937438964844,0.2
2013-08-15,20:06:10,0,4.59991455078125,0.13333333333333333
2013-08-15,20:11:10,0,6.3999176025390625,0.26666666666666666
2013-08-15,20:16:10,0,5.7999420166015625,0.13333333333333333
2013-08-15,20:21:10,0,5.999946594238281,0.06666666666666668
2013-08-15,20:26:11,2.0,24.866587320963546,0.2
2013-08-15,20:31:11,0,20.799903869628906,0.3333333333333333
2013-08-15,20:36:11,0,9.933204650878906,0.2
2013-08-15,20:41:11,0,9.199943542480469,0.06666666666666668
2013-08-15,20:46:11,0,6.133282979329426,0.13333333333333333
2013-08-15,20:51:11,0,6.533292134602865,0.06666666666666668
2013-08-15,20:56:11,0,4.799919128417969,0.06666666666666668
2013-08-15,21:01:10,0,5.599937438964844,0.13333333333333333
2013-08-15,21:06:10,0,5.5998992919921875,0.06666666666666668
2013-08-15,21:11:10,0,5.999946594238281,0.26666666666666666
2013-08-15,21:16:10,0,6.733271280924479,0.26666666666666666
2013-08-15,21:21:10,0,4.533246358235678,0.13333333333333333
2013-08-15,21:26:10,0,7.19989776611328,0.13333333333333333
2013-08-15,21:31:10,0,7.1999359130859375,0.2
2013-08-15,21:36:11,0,8.066622416178387,0.13333333333333333
2013-08-15,21:41:11,0,6.13324483235677,0.06666666666666668
2013-08-15,21:46:11,0,4.9999237060546875,0.4666666666666667
2013-08-15,21:51:11,0,5.799903869628906,0.06666666666666668
2013-08-15,21:56:11,0,6.199951171875,0.06666666666666668
2013-08-15,22:01:11,0,6.133282979329426,0.2
2013-08-15,22:06:11,0,7.466621398925781,0.2
2013-08-15,22:11:11,0,6.066602071126303,0.13333333333333333
2013-08-15,22:16:11,0,4.9999237060546875,0.13333333333333333
2013-08-15,22:21:11,0,5.199928283691406,0.06666666666666668
2013-08-15,22:26:11,0,5.999946594238281,0.06666666666666668
2013-08-15,22:31:11,0,5.733273824055988,0.13333333333333333
2013-08-15,22:36:11,0,5.06659189860026,0.06666666666666668
2013-08-15,22:41:11,0,5.599937438964844,0.06666666666666668
2013-08-15,22:46:11,0,6.99993133544922,0.13333333333333333
2013-08-15,22:51:11,0,5.399932861328125,0.13333333333333333
2013-08-15,22:56:11,0,5.666605631510416,0.2
2013-08-15,23:01:11,0.06666666666666668,5.666605631510416,0.2
2013-08-15,23:06:11,0,7.2666168212890625,0.2
2013-08-15,23:11:11,0,7.333272298177083,0.13333333333333333
2013-08-15,23:16:11,0,6.866594950358072,0.26666666666666666
2013-08-15,23:21:11,0,5.133260091145833,0.06666666666666668
2013-08-15,23:26:11,0,5.2665964762369795,0.13333333333333333
2013-08-15,23:31:11,0,6.13324483235677,0.13333333333333333
2013-08-15,23:36:11,0,4.59991455078125,0.2
2013-08-15,23:41:11,0.06666666666666668,6.333262125651042,0.13333333333333333
2013-08-15,23:46:11,0,5.599937438964844,0.2
2013-08-15,23:51:11,0,5.533269246419271,0.13333333333333333
2013-08-15,23:56:11,0,7.4666086832682295,0.13333333333333333
2013-08-16,00:01:11,0,6.133282979329426,0.13333333333333333
2013-08-16,00:06:11,0.2,6.6666285196940125,0.06666666666666668
2013-08-16,00:11:12,0.06666666666666668,5.866610209147137,0.06666666666666668
2013-08-16,00:16:12,0.13333333333333333,3.7998962402343754,0.13333333333333333
2013-08-16,00:21:12,0,5.599937438964844,0.06666666666666668
2013-08-16,00:26:12,2.4,30.199902852376304,0.13333333333333333
2013-08-16,00:31:12,0.06666666666666668,20.066553751627605,0.26666666666666666
2013-08-16,00:36:12,0.4666666666666666,11.466547648111977,0.06666666666666668
2013-08-16,00:41:12,0.26666666666666666,7.3332977294921875,0.06666666666666668
2013-08-16,00:46:12,0.2,5.866610209147137,0.13333333333333333
2013-08-16,00:51:12,0,7.66656239827474,0.13333333333333333
2013-08-16,00:56:12,0,5.99993387858073,0.06666666666666668
2013-08-16,01:01:12,0.2,3.9999008178710938,0.26666666666666666
2013-08-16,01:06:12,0.13333333333333333,5.133260091145833,0.2
2013-08-16,01:11:12,0.2,5.866610209147137,0.06666666666666668
2013-08-16,01:16:12,0.5333333333333333,5.199928283691406,0.2
2013-08-16,01:21:12,0.13333333333333333,5.933278401692709,0.06666666666666668
2013-08-16,01:26:12,0.13333333333333333,5.7999420166015625,0.06666666666666668
2013-08-16,01:31:12,0.13333333333333333,5.933278401692709,0.2
2013-08-16,01:36:12,0.06666666666666668,4.933255513509115,0.06666666666666668
2013-08-16,01:41:12,0,5.466601053873697,0.06666666666666668
2013-08-16,01:46:12,0,6.533292134602865,0.26666666666666666
2013-08-16,01:51:12,0,6.333249409993489,0.13333333333333333
2013-08-16,01:56:12,0.13333333333333333,6.666590372721354,0.06666666666666668
2013-08-16,02:01:12,0.13333333333333333,5.199928283691406,0.13333333333333333
2013-08-16,02:06:12,0,6.86663309733073,0.06666666666666668
2013-08-16,02:11:12,0,4.9999237060546875,0.06666666666666668
2013-08-16,02:16:12,0,5.399932861328125,0.13333333333333333
2013-08-16,02:21:12,0,7.733281453450519,0.2
2013-08-16,02:26:12,0,6.399955749511718,0.06666666666666668
2013-08-16,02:31:12,0,6.466623942057291,0.13333333333333333
2013-08-16,02:36:12,0,4.933255513509115,0.13333333333333333
2013-08-16,02:41:12,0,5.733273824055988,0.06666666666666668
2013-08-16,02:46:12,0,5.2665964762369795,0.13333333333333333
2013-08-16,02:51:12,0,6.86663309733073,0.26666666666666666
2013-08-16,02:56:12,0,5.06659189860026,0.06666666666666668
2013-08-16,03:01:12,0,3.9999008178710938,0.26666666666666666
2013-08-16,03:06:12,0,5.666605631510416,0.13333333333333333
2013-08-16,03:11:12,0,4.7332509358723955,0.06666666666666668
2013-08-16,03:16:12,0,5.199928283691406,0.2
2013-08-16,03:21:12,0,7.666587829589844,0.2
2013-08-16,03:26:12,0.13333333333333333,6.4666112263997375,0.06666666666666668
2013-08-16,03:31:12,0,5.399932861328125,0.13333333333333333
2013-08-16,03:36:12,0,5.599937438964844,0.13333333333333333
2013-08-16,03:41:12,0,6.733296712239584,0.13333333333333333
2013-08-16,03:46:12,0,5.866572062174479,0.13333333333333333
2013-08-16,03:51:12,0,4.266573588053386,0.06666666666666668
2013-08-16,03:56:12,0,5.2665964762369795,0.2
2013-08-16,04:01:12,0,6.066576639811197,0.2
2013-08-16,04:06:12,0,5.866610209147137,0.06666666666666668
2013-08-16,04:11:12,0,5.933278401692709,0.13333333333333333
2013-08-16,04:16:12,0,7.533276875813801,0.2
2013-08-16,04:21:12,0,5.399932861328125,0.13333333333333333
2013-08-16,04:26:12,0,6.733258565266925,0.2
2013-08-16,04:31:12,0,6.133282979329426,0.13333333333333333
2013-08-16,04:36:13,0,4.866587320963542,0.2
2013-08-16,04:41:13,0,7.333272298177083,0.13333333333333333
2013-08-16,04:46:13,0,5.999946594238281,0.2
2013-08-16,04:51:13,0,4.866587320963542,0.06666666666666668
2013-08-16,04:56:13,0,4.799919128417969,0.06666666666666668
2013-08-16,05:01:13,0,5.133260091145833,0.2
2013-08-16,05:06:13,0.06666666666666668,6.199951171875,0.2
2013-08-16,05:11:13,0,5.333264668782553,0.06666666666666668
2013-08-16,05:16:13,0,5.333264668782553,0.13333333333333333
2013-08-16,05:21:13,0,6.333287556966144,0.06666666666666668
2013-08-16,05:26:13,0,4.666582743326822,0.13333333333333333
2013-08-16,05:31:13,0,5.7999420166015625,0.26666666666666666
2013-08-16,05:36:13,0,4.7332509358723955,0.06666666666666668
2013-08-16,05:41:13,0,5.733273824055988,0.06666666666666668
2013-08-16,05:46:13,0,6.933263142903646,0.2
2013-08-16,05:51:13,0,4.9999237060546875,0.06666666666666668
2013-08-16,05:56:13,0,6.533292134602865,0.13333333333333333
2013-08-16,06:01:13,0,6.466623942057291,0.13333333333333333
2013-08-16,06:06:13,0,5.733273824055988,0.2
2013-08-16,06:11:13,0,5.933278401692709,0.13333333333333333
2013-08-16,06:16:13,0,6.266619364420572,0.13333333333333333
2013-08-16,06:21:13,0,6.333287556966144,0.2
2013-08-16,06:26:13,0,6.066614786783854,0.13333333333333333
2013-08-16,06:31:13,0.13333333333333333,7.533251444498699,0.2
2013-08-16,06:36:13,0,6.733283996582032,0.26666666666666666
2013-08-16,06:41:13,0,5.866610209147137,0.06666666666666668
2013-08-16,06:46:13,0,5.999946594238281,0.13333333333333333
2013-08-16,06:51:13,0,6.733258565266925,0.26666666666666666
2013-08-16,06:56:13,0,6.733296712239584,0.13333333333333333
2013-08-16,07:01:13,0.2,5.466601053873697,0.6666666666666666
2013-08-16,07:06:13,0.26666666666666666,5.533269246419271,0.5333333333333333
2013-08-16,07:11:13,0,6.599922180175781,0.13333333333333333
2013-08-16,07:16:13,0,6.133282979329426,0.26666666666666666
2013-08-16,07:21:13,0,5.933278401692709,0.06666666666666668
2013-08-16,07:26:13,0,6.9998931884765625,0.13333333333333333
2013-08-16,07:31:13,0,5.399932861328125,0.13333333333333333
2013-08-16,07:36:13,0,6.266581217447918,0.13333333333333333
2013-08-16,07:41:13,0,4.9999237060546875,0.06666666666666668
2013-08-16,07:46:13,0,5.866610209147137,0.13333333333333333
2013-08-16,07:51:13,0,6.266619364420572,0.06666666666666668
2013-08-16,07:56:13,0,6.533253987630207,0.2
2013-08-16,08:01:13,0,4.7332509358723955,0.26666666666666666
2013-08-16,08:06:13,0.13333333333333333,6.799952189127606,0.13333333333333333
2013-08-16,08:11:13,0,6.53326670328776,0.13333333333333333
2013-08-16,08:16:13,0,6.9332758585612,0.2
2013-08-16,08:21:14,0,6.399943033854166,0.2
2013-08-16,08:26:14,0,5.466601053873697,0.06666666666666668
2013-08-16,08:31:14,0,5.999946594238281,0.26666666666666666
2013-08-16,08:36:14,0,6.799964904785156,0.06666666666666668
2013-08-16,08:41:14,0,5.199928283691406,0.06666666666666668
2013-08-16,08:46:14,0,6.533253987630207,0.26666666666666666
2013-08-16,08:51:14,0,4.866587320963542,0.06666666666666668
2013-08-16,08:56:14,0,4.9999237060546875,0.06666666666666668
2013-08-16,09:01:14,0,6.799875895182293,0.13333333333333333
2013-08-16,09:06:14,0,4.9999237060546875,0.26666666666666666
2013-08-16,09:11:14,0,5.199928283691406,0.13333333333333333
2013-08-16,09:16:14,0,4.666582743326822,0.2
2013-08-16,09:21:14,0,4.59991455078125,0.06666666666666668
2013-08-16,09:26:14,0,5.399932861328125,0.06666666666666668
2013-08-16,09:31:14,0,5.733273824055988,0.13333333333333333
2013-08-16,09:36:14,0,7.599906921386719,0.4
2013-08-16,09:41:14,0,6.466585795084636,0.13333333333333333
2013-08-16,09:46:14,0,6.066614786783854,0.5333333333333333
2013-08-16,09:51:14,0,4.933255513509115,0.13333333333333333
2013-08-16,09:56:14,0,6.266581217447918,0.13333333333333333
2013-08-16,10:01:14,0,6.733258565266925,0.5333333333333333
2013-08-16,10:06:14,0,6.533292134602865,0.26666666666666666
2013-08-16,10:11:14,0,7.333234151204428,0.3333333333333333
2013-08-16,10:16:14,0,6.066614786783854,0.26666666666666666
2013-08-16,10:21:14,0,7.133267720540365,0.2
2013-08-16,10:26:14,0,5.599937438964844,0.3333333333333333
2013-08-16,10:31:14,0,6.066576639811197,0.13333333333333333
2013-08-16,10:36:14,0,5.666605631510416,0.13333333333333333
2013-08-16,10:41:14,0,7.999954223632813,0.13333333333333333
2013-08-16,10:46:14,0,5.999908447265625,0.4666666666666667
2013-08-16,10:51:14,0,6.066614786783854,0.2
2013-08-16,10:56:14,0,6.999969482421875,0.2
2013-08-16,11:01:14,0,4.9999237060546875,0.26666666666666666
2013-08-16,11:06:14,0,7.399927775065105,0.3333333333333333
2013-08-16,11:11:14,0,7.2666168212890625,0.13333333333333333
2013-08-16,11:16:14,0,7.066599527994794,0.13333333333333333
2013-08-16,11:21:15,0,5.733273824055988,0.2
2013-08-16,11:26:15,0,5.7332611083984375,0.26666666666666666
2013-08-16,11:31:15,0,7.466583251953125,0.13333333333333333
2013-08-16,11:36:15,0,6.199951171875,0.13333333333333333
2013-08-16,11:41:15,0,5.999946594238281,0.2
2013-08-16,11:46:15,0,5.199928283691406,0.26666666666666666
2013-08-16,11:51:15,0,5.79992930094401,0.2
2013-08-16,11:56:15,0,6.9999059041341125,0.06666666666666668
2013-08-16,12:01:15,0,5.133260091145833,0.13333333333333333
2013-08-16,12:06:15,0,5.2665964762369795,0.2
2013-08-16,12:11:15,0,5.599937438964844,0.06666666666666668
2013-08-16,12:16:15,0,7.599906921386719,0.13333333333333333
2013-08-16,12:21:15,0,6.066576639811197,0.13333333333333333
2013-08-16,12:26:15,0,5.599937438964844,0.06666666666666668
2013-08-16,12:31:15,0,6.133270263671875,0.3333333333333333
2013-08-16,12:36:15,0,6.199925740559896,0.2
2013-08-16,12:41:15,0,7.333272298177083,0.06666666666666668
2013-08-16,12:46:15,0,6.133282979329426,0.13333333333333333
2013-08-16,12:51:15,0,5.666592915852865,0.3333333333333333
2013-08-16,12:56:15,0,8.333269755045574,0.26666666666666666
2013-08-16,13:01:15,0,6.13324483235677,0.26666666666666666
2013-08-16,13:06:15,0,5.866610209147137,0.3333333333333333
2013-08-16,13:11:15,0,6.799926757812499,0.13333333333333333
2013-08-16,13:16:15,0,5.133260091145833,0.2
2013-08-16,13:21:15,0,5.399932861328125,0.2
2013-08-16,13:26:15,0,8.599904378255209,0.2
2013-08-16,13:31:15,0,8.933283487955729,0.2
2013-08-16,13:36:15,0,6.99993133544922,0.13333333333333333
2013-08-16,13:41:15,0,6.933263142903646,0.13333333333333333
2013-08-16,13:46:15,2.4,20.266596476236977,0.2
2013-08-16,13:51:16,0.06666666666666668,33.73318990071615,0.13333333333333333
2013-08-16,13:56:16,0,15.599899291992186,0.06666666666666668
2013-08-16,14:01:16,0,9.799893697102863,0.2
2013-08-16,14:06:16,0,6.199951171875,0.13333333333333333
2013-08-16,14:11:16,0,5.333264668782553,0.4
2013-08-16,14:16:16,0,5.2665964762369795,0.26666666666666666
2013-08-16,14:21:16,0,5.999908447265625,0.2
2013-08-16,14:26:16,0,4.666582743326822,0.2
2013-08-16,14:31:16,0,5.533269246419271,0.2
2013-08-16,14:36:16,0,5.733273824055988,0.06666666666666668
2013-08-16,14:41:16,0,6.799964904785156,0.2
2013-08-16,14:46:16,0,5.333264668782553,0.3333333333333333
2013-08-16,14:51:16,0,6.999969482421875,0.13333333333333333
2013-08-16,14:56:16,0,7.933311462402344,0.13333333333333333
2013-08-16,15:01:16,0,6.466560363769531,0.2
2013-08-16,15:06:16,0,4.9999237060546875,0.26666666666666666
2013-08-16,15:11:16,0,5.266558329264323,0.3333333333333333
2013-08-16,15:16:16,0,6.333262125651042,0.3333333333333333
2013-08-16,15:21:16,0,7.533276875813801,0.4
2013-08-16,15:26:16,0.06666666666666668,7.399940490722656,0.13333333333333333
2013-08-16,15:31:16,0,6.999969482421875,0.2
2013-08-16,15:36:16,0,5.599937438964844,0.13333333333333333
2013-08-16,15:41:16,0,7.066561381022135,0.3333333333333333
2013-08-16,15:46:16,0,4.799919128417969,0.13333333333333333
2013-08-16,15:51:16,0,4.933255513509115,0.4666666666666667
2013-08-16,15:56:16,0,5.333264668782553,0.13333333333333333
2013-08-16,16:01:16,0,6.733296712239584,0.26666666666666666
2013-08-16,16:06:16,0.13333333333333333,8.066584269205729,0.2
2013-08-16,16:11:16,0,5.599937438964844,0.26666666666666666
2013-08-16,16:16:16,0,6.86663309733073,0.2
2013-08-16,16:21:16,0,5.733273824055988,0.26666666666666666
2013-08-16,16:26:16,0,7.599906921386719,0.13333333333333333
2013-08-16,16:31:16,0,6.266619364420572,0.2
2013-08-16,16:36:16,0,6.466623942057291,0.06666666666666668
2013-08-16,16:41:16,0,7.933273315429687,0.13333333333333333
2013-08-16,16:46:16,0,8.666610717773438,0.26666666666666666
2013-08-16,16:51:16,0,5.599937438964844,0.06666666666666668
2013-08-16,16:56:16,0,6.3999176025390625,0.26666666666666666
2013-08-16,17:01:16,0,4.59991455078125,0.13333333333333333
2013-08-16,17:06:16,0,4.533246358235678,0.13333333333333333
2013-08-16,17:11:16,0,6.199951171875,0.4
2013-08-16,17:16:16,0,5.7999420166015625,0.26666666666666666
2013-08-16,17:21:16,0,6.399955749511718,0.13333333333333333
2013-08-16,17:26:16,0,6.866594950358072,0.06666666666666668
2013-08-16,17:31:17,0,6.199951171875,0.2
2013-08-16,17:36:17,0,3.7998962402343754,0.2
2013-08-16,17:41:17,0,4.333241780598959,0.13333333333333333
2013-08-16,17:46:17,0,4.866549173990885,0.13333333333333333
2013-08-16,17:51:17,0,5.599937438964844,0.26666666666666666
2013-08-16,17:56:17,0,5.599937438964844,0.26666666666666666
2013-08-16,18:01:17,0,5.7999420166015625,0.26666666666666666
2013-08-16,18:06:17,0,7.333259582519531,0.13333333333333333
2013-08-16,18:11:17,0,7.599906921386719,0.26666666666666666
2013-08-16,18:16:17,0,5.599937438964844,0.2
2013-08-16,18:21:17,0,5.599937438964844,0.2
2013-08-16,18:26:17,0,4.866587320963542,0.13333333333333333
2013-08-16,18:31:17,0,5.999946594238281,0.2
2013-08-16,18:36:17,0,6.399955749511718,0.06666666666666668
2013-08-16,18:41:17,0,6.199951171875,0.13333333333333333
2013-08-16,18:46:17,0,4.266573588053386,0.13333333333333333
2013-08-16,18:51:17,0,4.799919128417969,0.13333333333333333
2013-08-16,18:56:17,0,6.399955749511718,0.06666666666666668
2013-08-16,19:01:17,0,6.199951171875,0.13333333333333333
2013-08-16,19:06:17,0,5.999946594238281,0.13333333333333333
2013-08-16,19:11:17,0,5.666605631510416,0.2
2013-08-16,19:16:17,0.06666666666666668,6.99993133544922,0.4
2013-08-16,19:21:17,0,5.142784118652344,0.14285714285714285
2013-08-16,19:26:17,0,6.499958038330078,0.21428571428571427
2013-08-16,19:31:17,0,6.071376800537109,0.21428571428571427
2013-08-16,19:36:17,0,6.57134737287249,0.07142857142857142
2013-08-16,19:41:17,0,6.714207785470146,0.14285714285714285
2013-08-16,19:46:17,0,6.928539276123047,0.21428571428571427
2013-08-16,19:51:18,0,4.666582743326822,0.06666666666666668
2013-08-16,19:56:18,0,4.9999237060546875,0.06666666666666668
2013-08-16,20:01:18,0,6.4999171665736615,0.21428571428571427
2013-08-16,20:06:18,0,4.399909973144531,0.13333333333333333
2013-08-16,20:11:18,0,6.3999176025390625,0.13333333333333333
2013-08-16,20:16:18,0,6.199951171875,0.13333333333333333
2013-08-16,20:21:18,0,5.2665964762369795,0.13333333333333333
2013-08-16,20:26:18,1.4,18.599929809570312,0.13333333333333333
2013-08-16,20:31:18,0,15.999870300292967,0.2
2013-08-16,20:36:18,0,7.599945068359375,0.06666666666666668
2013-08-16,20:41:18,0,7.533289591471354,0.06666666666666668
2013-08-16,20:46:18,0,5.28564453125,0.14285714285714285
2013-08-16,20:51:18,0,7.142789023263115,0.21428571428571427
2013-08-16,20:56:18,0,6.928539276123047,0.14285714285714285
2013-08-16,21:01:18,0,7.466634114583331,0.3333333333333333
2013-08-16,21:06:18,0,7.333246866861981,0.06666666666666668
2013-08-16,21:11:18,0,5.866610209147137,0.13333333333333333
2013-08-16,21:16:18,0,5.333264668782553,0.2
2013-08-16,21:21:18,0,6.266619364420572,0.13333333333333333
2013-08-16,21:26:18,0,5.999946594238281,0.06666666666666668
2013-08-16,21:31:18,0,4.799919128417969,0.13333333333333333
2013-08-16,21:36:18,0,5.599937438964844,0.13333333333333333
2013-08-16,21:41:18,0,5.399932861328125,0.13333333333333333
2013-08-16,21:46:18,0,4.7332509358723955,0.13333333333333333
2013-08-16,21:51:18,0,5.533269246419271,0.06666666666666668
2013-08-16,21:56:18,0,4.7332509358723955,0.06666666666666668
2013-08-16,22:01:19,0,6.066614786783854,0.2
2013-08-16,22:06:19,0,5.466601053873697,0.06666666666666668
2013-08-16,22:11:19,0,6.133282979329426,0.06666666666666668
2013-08-16,22:16:19,0,5.399932861328125,0.26666666666666666
2013-08-16,22:21:19,0,5.599937438964844,0.06666666666666668
2013-08-16,22:26:19,0,4.399909973144531,0.06666666666666668
2013-08-16,22:31:19,0,5.2665964762369795,0.3333333333333333
2013-08-16,22:36:19,0,5.866610209147137,0.2
2013-08-16,22:41:19,0,7.666600545247395,0.13333333333333333
2013-08-16,22:46:19,0,6.733233133951823,0.13333333333333333
2013-08-16,22:51:19,0,5.2665964762369795,0.06666666666666668
2013-08-16,22:56:19,0,5.866572062174479,0.13333333333333333
2013-08-16,23:01:19,0,5.133260091145833,0.2
2013-08-16,23:06:19,0,8.666559855143227,0.06666666666666668
2013-08-16,23:11:19,0,6.466623942057291,0.06666666666666668
2013-08-16,23:16:19,0,5.466601053873697,0.2
2013-08-16,23:21:19,0,4.933255513509115,0.13333333333333333
2013-08-16,23:26:19,0,4.1999053955078125,0.06666666666666668
2013-08-16,23:31:19,0,4.59991455078125,0.2
2013-08-16,23:36:19,0,3.533223470052084,0.06666666666666668
2013-08-16,23:41:19,0,4.266573588053386,0.13333333333333333
2013-08-16,23:46:19,0,5.333264668782553,0.13333333333333333
2013-08-16,23:51:19,0,5.666567484537762,0.06666666666666668
2013-08-16,23:56:19,0,6.199951171875,0.13333333333333333
2013-08-17,00:01:19,0,5.999946594238281,0.2
2013-08-17,00:06:19,0.13333333333333333,7.1999359130859375,0.2
2013-08-17,00:11:19,0.33333333333333337,6.799926757812499,0.06666666666666668
2013-08-17,00:16:19,0,6.399955749511718,0.26666666666666666
2013-08-17,00:21:19,0,5.7999420166015625,0.06666666666666668
2013-08-17,00:26:19,0.13333333333333333,5.999946594238281,0.2
2013-08-17,00:31:19,0,4.9999237060546875,0.13333333333333333
2013-08-17,00:36:19,0.2,7.133229573567706,0.06666666666666668
2013-08-17,00:41:19,0.2,7.1999359130859375,0.06666666666666668
2013-08-17,00:46:19,0.33333333333333337,7.19989776611328,0.2
2013-08-17,00:51:19,0,5.7999420166015625,0.13333333333333333
2013-08-17,00:56:19,0.13333333333333333,5.399932861328125,0.06666666666666668
2013-08-17,01:01:19,0.2,4.799919128417969,0.2
2013-08-17,01:06:19,0,6.7332204182942705,0.13333333333333333
2013-08-17,01:11:19,0.06666666666666668,6.599922180175781,0.26666666666666666
2013-08-17,01:16:19,0,7.933235168457031,0.2
2013-08-17,01:21:19,0,6.3999176025390625,0.13333333333333333
2013-08-17,01:26:19,0,5.599937438964844,0.13333333333333333
2013-08-17,01:31:19,0.2,3.7998962402343754,0.2
2013-08-17,01:36:19,0,5.999908447265625,0.26666666666666666
2013-08-17,01:41:19,0.2,5.466601053873697,0.13333333333333333
2013-08-17,01:46:19,0.13333333333333333,6.799926757812499,0.13333333333333333
2013-08-17,01:51:20,0.13333333333333333,6.599960327148438,0.06666666666666668
2013-08-17,01:56:20,0.06666666666666668,7.066599527994794,0.06666666666666668
2013-08-17,02:01:20,0.26666666666666666,6.533253987630207,0.2
2013-08-17,02:06:20,0.2,6.666590372721354,0.13333333333333333
2013-08-17,02:11:20,0,6.199951171875,0.06666666666666668
2013-08-17,02:16:20,0,5.7999420166015625,0.26666666666666666
2013-08-17,02:21:20,0,5.2665964762369795,0.06666666666666668
2013-08-17,02:26:20,0,5.666605631510416,0.06666666666666668
2013-08-17,02:31:20,0,4.59991455078125,0.13333333333333333
2013-08-17,02:36:20,0,5.666605631510416,0.06666666666666668
2013-08-17,02:41:20,0.13333333333333333,5.7999420166015625,0.06666666666666668
2013-08-17,02:46:20,0,6.799964904785156,0.2
2013-08-17,02:51:20,0,5.199928283691406,0.06666666666666668
2013-08-17,02:56:20,0,5.599937438964844,0.13333333333333333
2013-08-17,03:01:20,0,5.7999420166015625,0.4
2013-08-17,03:06:20,0,5.799903869628906,0.06666666666666668
2013-08-17,03:11:20,0,6.199913024902344,0.06666666666666668
2013-08-17,03:16:20,0,4.1999053955078125,0.3333333333333333
2013-08-17,03:21:20,0,4.9999237060546875,0.13333333333333333
2013-08-17,03:26:20,0.13333333333333333,6.933301289876302,0.06666666666666668
2013-08-17,03:31:20,0,6.266581217447918,0.2
2013-08-17,03:36:20,0,6.99993133544922,0.06666666666666668
2013-08-17,03:41:20,0,5.199928283691406,0.06666666666666668
2013-08-17,03:46:20,0,5.599937438964844,0.13333333333333333
2013-08-17,03:51:20,0,4.533246358235678,0.13333333333333333
2013-08-17,03:56:20,0,8.066546122233074,0.06666666666666668
2013-08-17,04:01:20,0,4.399909973144531,0.26666666666666666
2013-08-17,04:06:21,0,5.199928283691406,0.13333333333333333
2013-08-17,04:11:21,0,6.799926757812499,0.2
2013-08-17,04:16:21,0,5.933278401692709,0.13333333333333333
2013-08-17,04:21:21,0,5.7999420166015625,0.06666666666666668
2013-08-17,04:26:21,0,6.799964904785156,0.06666666666666668
2013-08-17,04:31:21,0,5.533269246419271,0.2
2013-08-17,04:36:21,0,6.3999176025390625,0.06666666666666668
2013-08-17,04:41:21,0,5.999946594238281,0.06666666666666668
2013-08-17,04:46:21,0,6.199913024902344,0.2
2013-08-17,04:51:21,0,4.799919128417969,0.2
2013-08-17,04:56:21,0,4.9999237060546875,0.06666666666666668
2013-08-17,05:01:21,0,4.9999237060546875,0.26666666666666666
2013-08-17,05:06:21,0.06666666666666668,5.7999420166015625,0.26666666666666666
2013-08-17,05:11:21,0,5.599937438964844,0.06666666666666668
2013-08-17,05:16:21,0,5.999946594238281,0.2
2013-08-17,05:21:21,2.4,34.999961853027344,0.06666666666666668
2013-08-17,05:26:21,0,16.59992218017578,0.13333333333333333
2013-08-17,05:31:21,0.06666666666666668,12.199897766113281,0.13333333333333333
2013-08-17,05:36:21,0,9.199905395507812,0.06666666666666668
2013-08-17,05:41:21,0,5.199928283691406,0.13333333333333333
2013-08-17,05:46:21,0,4.59991455078125,0.13333333333333333
2013-08-17,05:51:21,0,5.2665964762369795,0.2
2013-08-17,05:56:21,0,4.9999237060546875,0.2
2013-08-17,06:01:21,0,5.199928283691406,0.26666666666666666
2013-08-17,06:06:21,0,7.933247884114582,0.13333333333333333
2013-08-17,06:11:21,0,6.399955749511718,0.06666666666666668
2013-08-17,06:16:21,0,5.466601053873697,0.13333333333333333
2013-08-17,06:21:21,0,6.799926757812499,0.06666666666666668
2013-08-17,06:26:21,0,4.799919128417969,0.13333333333333333
2013-08-17,06:31:21,0,3.9999008178710938,0.2
2013-08-17,06:36:21,0,4.799919128417969,0.06666666666666668
2013-08-17,06:41:21,0,7.399940490722656,0.2
2013-08-17,06:46:21,0,6.99993133544922,0.2
2013-08-17,06:51:21,0,5.199928283691406,0.06666666666666668
2013-08-17,06:56:21,0,5.866610209147137,0.2
2013-08-17,07:01:22,0.26666666666666666,7.1999359130859375,0.6666666666666666
2013-08-17,07:06:22,0.26666666666666666,6.399955749511718,0.6
2013-08-17,07:11:22,0,7.599906921386719,0.06666666666666668
2013-08-17,07:16:22,0,6.466623942057291,0.13333333333333333
2013-08-17,07:21:22,0,6.199913024902344,0.06666666666666668
2013-08-17,07:26:22,0,5.199928283691406,0.06666666666666668
2013-08-17,07:31:22,0,5.199928283691406,0.26666666666666666
2013-08-17,07:36:22,0,5.399932861328125,0.06666666666666668
2013-08-17,07:41:22,0,5.399932861328125,0.13333333333333333
2013-08-17,07:46:22,0,7.333221435546874,0.2
2013-08-17,07:51:22,0,5.199928283691406,0.06666666666666668
2013-08-17,07:56:22,0,6.599934895833331,0.2
2013-08-17,08:01:22,0,7.133293151855469,0.2
2013-08-17,08:06:22,0.06666666666666668,7.466621398925781,0.06666666666666668
2013-08-17,08:11:22,0,5.99993387858073,0.06666666666666668
2013-08-17,08:16:22,0,6.333287556966144,0.26666666666666666
2013-08-17,08:21:22,0,5.933278401692709,0.2
2013-08-17,08:26:22,0,5.06659189860026,0.06666666666666668
2013-08-17,08:31:22,0,5.399932861328125,0.2
2013-08-17,08:36:22,0,7.333272298177083,0.13333333333333333
2013-08-17,08:41:22,0,7.866579691569011,0.06666666666666668
2013-08-17,08:46:22,0,6.799914042154947,0.13333333333333333
2013-08-17,08:51:22,0,7.066599527994794,0.13333333333333333
2013-08-17,08:56:22,0,5.999946594238281,0.06666666666666668
2013-08-17,09:01:22,0,7.066599527994794,0.13333333333333333
2013-08-17,09:06:22,0,6.866594950358072,0.13333333333333333
2013-08-17,09:11:22,0,7.133229573567706,0.06666666666666668
2013-08-17,09:16:22,0,5.399932861328125,0.2
2013-08-17,09:21:22,0,6.13324483235677,0.06666666666666668
2013-08-17,09:26:22,0,7.19989776611328,0.2
2013-08-17,09:31:22,0,5.866610209147137,0.13333333333333333
2013-08-17,09:36:22,0,6.399955749511718,0.13333333333333333
2013-08-17,09:41:22,0,4.9999237060546875,0.06666666666666668
2013-08-17,09:46:22,0,5.466601053873697,0.26666666666666666
2013-08-17,09:51:22,0,6.266619364420572,0.13333333333333333
2013-08-17,09:56:22,0,5.733273824055988,0.13333333333333333
2013-08-17,10:01:22,0,6.599960327148438,0.26666666666666666
2013-08-17,10:06:22,0,6.999969482421875,0.13333333333333333
2013-08-17,10:11:22,0,5.133260091145833,0.06666666666666668
2013-08-17,10:16:22,0,4.333241780598959,0.13333333333333333
2013-08-17,10:21:22,0,7.133267720540365,0.13333333333333333
2013-08-17,10:26:22,0,6.599960327148438,0.06666666666666668
2013-08-17,10:31:22,0,6.799926757812499,0.26666666666666666
2013-08-17,10:36:22,0,4.7332509358723955,0.06666666666666668
2013-08-17,10:41:22,0,5.333264668782553,0.06666666666666668
2013-08-17,10:46:22,0,5.399932861328125,0.13333333333333333
2013-08-17,10:51:22,0,6.666590372721354,0.13333333333333333
2013-08-17,10:56:22,0,7.133267720540365,0.06666666666666668
2013-08-17,11:01:22,0,4.799919128417969,0.2
2013-08-17,11:06:22,0,6.733258565266925,0.13333333333333333
2013-08-17,11:11:22,0,4.7332509358723955,0.13333333333333333
2013-08-17,11:16:22,0,6.466585795084636,0.13333333333333333
2013-08-17,11:21:22,0,5.733273824055988,0.2
2013-08-17,11:26:22,0,6.6666285196940125,0.13333333333333333
2013-08-17,11:31:22,0,6.866594950358072,0.2
2013-08-17,11:36:23,0,5.999908447265625,0.13333333333333333
2013-08-17,11:41:23,0,5.533269246419271,0.13333333333333333
2013-08-17,11:46:23,0,6.133282979329426,0.13333333333333333
2013-08-17,11:51:23,0,6.199951171875,0.13333333333333333
2013-08-17,11:56:23,0,6.266619364420572,0.3333333333333333
2013-08-17,12:01:23,0,6.933301289876302,0.13333333333333333
2013-08-17,12:06:23,0,6.466623942057291,0.06666666666666668
2013-08-17,12:11:23,0,5.599937438964844,0.13333333333333333
2013-08-17,12:16:23,0,6.466585795084636,0.13333333333333333
2013-08-17,12:21:23,0,4.799919128417969,0.13333333333333333
2013-08-17,12:26:23,0,5.599937438964844,0.13333333333333333
2013-08-17,12:31:23,0,5.199928283691406,0.2
2013-08-17,12:36:23,0,5.399932861328125,0.06666666666666668
2013-08-17,12:41:23,0,5.866610209147137,0.13333333333333333
2013-08-17,12:46:23,0,5.333264668782553,0.13333333333333333
2013-08-17,12:51:23,0.06666666666666668,5.333264668782553,0.13333333333333333
2013-08-17,12:56:23,0,4.133237202962239,0.06666666666666668
2013-08-17,13:01:23,0,3.7998962402343754,0.2
2013-08-17,13:06:23,0,4.59991455078125,0.13333333333333333
2013-08-17,13:11:23,0,4.533246358235678,0.06666666666666668
2013-08-17,13:16:23,0,5.399932861328125,0.2
2013-08-17,13:21:23,0,6.533241271972656,0.13333333333333333
2013-08-17,13:26:24,0,5.2665964762369795,0.2
2013-08-17,13:31:24,0,6.133282979329426,0.13333333333333333
2013-08-17,13:36:24,0,6.733296712239584,0.13333333333333333
2013-08-17,13:41:24,0,7.333259582519531,0.13333333333333333
2013-08-17,13:46:24,0,6.733233133951823,0.13333333333333333
2013-08-17,13:51:24,0,4.866587320963542,0.13333333333333333
2013-08-17,13:56:24,0,5.666605631510416,0.06666666666666668
2013-08-17,14:01:24,0,4.266573588053386,0.2
2013-08-17,14:06:24,0,5.399894714355469,0.13333333333333333
2013-08-17,14:11:24,0,6.466623942057291,0.06666666666666668
2013-08-17,14:16:24,0.13333333333333333,5.99993387858073,0.2
2013-08-17,14:21:24,0,5.999895731608072,0.13333333333333333
2013-08-17,14:26:24,0,5.466601053873697,0.13333333333333333
2013-08-17,14:31:24,0,5.133260091145833,0.13333333333333333
2013-08-17,14:36:24,0,5.199928283691406,0.13333333333333333
2013-08-17,14:41:24,0,6.99993133544922,0.13333333333333333
2013-08-17,14:46:24,0,7.333272298177083,0.2
2013-08-17,14:51:24,0,6.533292134602865,0.06666666666666668
2013-08-17,14:56:24,0,8.133252461751301,0.26666666666666666
2013-08-17,15:01:24,0,5.199928283691406,0.13333333333333333
2013-08-17,15:06:24,0,6.066614786783854,0.13333333333333333
2013-08-17,15:11:24,0,5.06659189860026,0.13333333333333333
2013-08-17,15:16:24,0,5.06659189860026,0.2
2013-08-17,15:21:24,0,6.333287556966144,0.06666666666666668
2013-08-17,15:26:24,0,7.8666051228841125,0.13333333333333333
2013-08-17,15:31:24,0,7.533251444498699,0.2
2013-08-17,15:36:24,0,6.466623942057291,0.06666666666666668
2013-08-17,15:41:24,0,6.599960327148438,0.13333333333333333
2013-08-17,15:46:24,0,6.733258565266925,0.13333333333333333
2013-08-17,15:51:25,0,5.533269246419271,0.13333333333333333
2013-08-17,15:56:25,0,8.666585286458334,0.06666666666666668
2013-08-17,16:01:25,0,6.866607666015626,0.13333333333333333
2013-08-17,16:06:25,0,8.333244323730469,0.13333333333333333
2013-08-17,16:11:25,0,7.866554260253906,0.2
2013-08-17,16:16:25,0,6.066614786783854,0.2
2013-08-17,16:21:25,0,4.799919128417969,0.06666666666666668
2013-08-17,16:26:25,0,5.399932861328125,0.13333333333333333
2013-08-17,16:31:25,0,8.333244323730469,0.2
2013-08-17,16:36:25,0,6.666603088378905,0.06666666666666668
2013-08-17,16:41:25,0,5.999946594238281,0.06666666666666668
2013-08-17,16:46:25,0,6.933301289876302,0.2
2013-08-17,16:51:25,0,7.466595967610677,0.06666666666666668
2013-08-17,16:56:25,0,7.733243306477864,0.13333333333333333
2013-08-17,17:01:25,0,5.866610209147137,0.2
2013-08-17,17:06:25,0,6.533292134602865,0.13333333333333333
2013-08-17,17:11:25,0,4.866587320963542,0.13333333333333333
2013-08-17,17:16:25,0,4.533246358235678,0.2
2013-08-17,17:21:25,0,7.733306884765626,0.13333333333333333
2013-08-17,17:26:25,0,5.999921162923176,0.13333333333333333
2013-08-17,17:31:25,0,5.466601053873697,0.2
2013-08-17,17:36:25,0,5.599937438964844,0.06666666666666668
2013-08-17,17:41:25,0,6.133282979329426,0.13333333333333333
2013-08-17,17:46:25,0,7.133267720540365,0.13333333333333333
2013-08-17,17:51:25,0,5.999946594238281,0.13333333333333333
2013-08-17,17:56:25,0,5.666605631510416,0.06666666666666668
2013-08-17,18:01:25,0,6.066614786783854,0.3333333333333333
2013-08-17,18:06:25,0,7.4666086832682295,0.06666666666666668
2013-08-17,18:11:25,0,6.9998931884765625,0.06666666666666668
2013-08-17,18:16:26,0,6.799926757812499,0.2
2013-08-17,18:21:26,0,6.533253987630207,0.06666666666666668
2013-08-17,18:26:26,0,4.533246358235678,0.06666666666666668
2013-08-17,18:31:25,0,5.533269246419271,0.13333333333333333
2013-08-17,18:36:25,0,5.599937438964844,0.06666666666666668
2013-08-17,18:41:25,0,5.333264668782553,0.2
2013-08-17,18:46:25,0,4.466578165690104,0.13333333333333333
2013-08-17,18:51:25,0,5.199928283691406,0.06666666666666668
2013-08-17,18:56:25,0,5.733273824055988,0.06666666666666668
2013-08-17,19:01:25,1.6666666666666663,8.53326161702474,0.3333333333333333
2013-08-17,19:06:25,0.6,34.13324991861979,0.13333333333333333
2013-08-17,19:11:25,0,14.733225504557293,0.06666666666666668
2013-08-17,19:16:25,0,9.266548156738281,0.13333333333333333
2013-08-17,19:21:25,0,4.7332509358723955,0.06666666666666668
2013-08-17,19:26:25,0,4.7332509358723955,0.06666666666666668
2013-08-17,19:31:25,0,6.333287556966144,0.13333333333333333
2013-08-17,19:36:25,0,5.933278401692709,0.13333333333333333
2013-08-17,19:41:25,0,4.1999053955078125,0.2
2013-08-17,19:46:25,0,4.866587320963542,0.13333333333333333
2013-08-17,19:51:25,0,6.399955749511718,0.06666666666666668
2013-08-17,19:56:25,0,5.133260091145833,0.06666666666666668
2013-08-17,20:01:25,0,6.6666285196940125,0.2
2013-08-17,20:06:26,0,5.733273824055988,0.06666666666666668
2013-08-17,20:11:26,0,4.266573588053386,0.06666666666666668
2013-08-17,20:16:26,0,5.2665964762369795,0.2
2013-08-17,20:21:26,0,6.333287556966144,0.26666666666666666
2013-08-17,20:26:26,1.4,16.466585795084633,0.2
2013-08-17,20:31:26,0,19.333203633626304,0.26666666666666666
2013-08-17,20:36:26,0,8.733228047688803,0.06666666666666668
2013-08-17,20:41:26,0,7.86663055419922,0.06666666666666668
2013-08-17,20:46:26,0,5.666605631510416,0.13333333333333333
2013-08-17,20:51:26,0,6.466585795084636,0.06666666666666668
2013-08-17,20:56:26,0,7.333246866861981,0.13333333333333333
2013-08-17,21:01:26,0,5.7999420166015625,0.2
2013-08-17,21:06:26,0,6.799926757812499,0.2
2013-08-17,21:11:26,0,6.666590372721354,0.13333333333333333
2013-08-17,21:16:26,0,5.999895731608072,0.13333333333333333
2013-08-17,21:21:26,0,5.933278401692709,0.2
2013-08-17,21:26:26,0,6.533253987630207,0.13333333333333333
2013-08-17,21:31:26,0,6.199913024902344,0.13333333333333333
2013-08-17,21:36:26,0,4.59991455078125,0.06666666666666668
2013-08-17,21:41:26,0,6.533292134602865,0.13333333333333333
2013-08-17,21:46:26,0,4.533246358235678,0.13333333333333333
2013-08-17,21:51:26,0,5.466601053873697,0.06666666666666668
2013-08-17,21:56:26,0,5.799903869628906,0.06666666666666668
2013-08-17,22:01:26,0,5.599937438964844,0.3333333333333333
2013-08-17,22:06:26,0,5.866610209147137,0.06666666666666668
2013-08-17,22:11:26,0,7.133267720540365,0.06666666666666668
2013-08-17,22:16:26,0,7.066574096679687,0.26666666666666666
2013-08-17,22:21:26,0,6.599922180175781,0.2
2013-08-17,22:26:26,0,5.399932861328125,0.06666666666666668
2013-08-17,22:31:26,0,4.9999237060546875,0.13333333333333333
2013-08-17,22:36:27,0,5.799903869628906,0.06666666666666668
2013-08-17,22:41:27,0,5.933252970377604,0.2
2013-08-17,22:46:27,0,8.199920654296875,0.13333333333333333
2013-08-17,22:51:27,0,4.9999237060546875,0.06666666666666668
2013-08-17,22:56:27,0,3.9999008178710938,0.26666666666666666
2013-08-17,23:01:27,0,7.399940490722656,0.13333333333333333
2013-08-17,23:06:27,0,7.533315022786459,0.13333333333333333
2013-08-17,23:11:27,0,7.533276875813801,0.13333333333333333
2013-08-17,23:16:27,0,7.133255004882813,0.2
2013-08-17,23:21:27,0,7.399940490722656,0.06666666666666668
2013-08-17,23:26:27,0,5.399932861328125,0.06666666666666668
2013-08-17,23:31:27,0,4.866587320963542,0.2
2013-08-17,23:36:27,0,5.399932861328125,0.13333333333333333
2013-08-17,23:41:27,0.13333333333333333,4.1999053955078125,0.2
2013-08-17,23:46:27,0,3.5998916625976562,0.13333333333333333
2013-08-17,23:51:27,0.13333333333333333,6.399955749511718,0.13333333333333333
2013-08-17,23:56:27,0.06666666666666668,6.599960327148438,0.06666666666666668
2013-08-18,00:01:27,0,5.399932861328125,0.13333333333333333
2013-08-18,00:06:27,0.2,5.399894714355469,0.13333333333333333
2013-08-18,00:11:27,0,5.7999420166015625,0.13333333333333333
2013-08-18,00:16:27,0.26666666666666666,7.599906921386719,0.26666666666666666
2013-08-18,00:21:27,0.26666666666666666,7.4666086832682295,0.13333333333333333
2013-08-18,00:26:27,0.13333333333333333,5.533269246419271,0.06666666666666668
2013-08-18,00:31:27,0,8.13323974609375,0.2
2013-08-18,00:36:27,0.4,5.199928283691406,0.13333333333333333
2013-08-18,00:41:27,0.33333333333333337,5.999946594238281,0.13333333333333333
2013-08-18,00:46:28,0.2,6.799964904785156,0.13333333333333333
2013-08-18,00:51:28,0,5.999908447265625,0.13333333333333333
2013-08-18,00:56:28,0.13333333333333333,6.599960327148438,0.06666666666666668
2013-08-18,01:01:31,0.13333333333333333,5.999946594238281,0.3333333333333333
2013-08-18,01:06:31,0.13333333333333333,7.399902343750001,0.06666666666666668
2013-08-18,01:11:31,0.06666666666666668,7.599945068359375,0.06666666666666668
2013-08-18,01:16:31,0.13333333333333333,6.133282979329426,0.13333333333333333
2013-08-18,01:21:31,0.13333333333333333,5.7999420166015625,0.06666666666666668
2013-08-18,01:26:31,0,6.533292134602865,0.06666666666666668
2013-08-18,01:31:31,0,6.799964904785156,0.13333333333333333
2013-08-18,01:36:31,0,6.599922180175781,0.06666666666666668
2013-08-18,01:41:31,0.13333333333333333,4.466578165690104,0.06666666666666668
2013-08-18,01:46:31,0,6.466547648111981,0.13333333333333333
2013-08-18,01:51:31,0,5.7999420166015625,0.2
2013-08-18,01:56:31,0,5.399932861328125,0.06666666666666668
2013-08-18,02:01:31,0.13333333333333333,5.399932861328125,0.2
2013-08-18,02:06:31,0,7.066599527994794,0.06666666666666668
2013-08-18,02:11:31,0,7.399902343750001,0.06666666666666668
2013-08-18,02:16:31,0,7.1999359130859375,0.3333333333333333
2013-08-18,02:21:31,0,6.199913024902344,0.13333333333333333
2013-08-18,02:26:31,0,4.266573588053386,0.06666666666666668
2013-08-18,02:31:31,0.13333333333333333,5.2665964762369795,0.13333333333333333
2013-08-18,02:36:31,0,7.199974060058594,0.06666666666666668
2013-08-18,02:41:31,0,5.2665964762369795,0.2
2013-08-18,02:46:31,0,5.399932861328125,0.2
2013-08-18,02:51:31,0,6.599922180175781,0.06666666666666668
2013-08-18,02:56:31,0,4.59991455078125,0.06666666666666668
2013-08-18,03:01:31,0,3.9999008178710938,0.2
2013-08-18,03:06:32,0,4.466578165690104,0.06666666666666668
2013-08-18,03:11:32,0,6.066614786783854,0.2
2013-08-18,03:16:32,0,6.266619364420572,0.13333333333333333
2013-08-18,03:21:32,0,6.599922180175781,0.13333333333333333
2013-08-18,03:26:32,0.06666666666666668,5.199928283691406,0.13333333333333333
2013-08-18,03:31:32,0,3.9999008178710938,0.13333333333333333
2013-08-18,03:36:31,0,4.9999237060546875,0.06666666666666668
2013-08-18,03:41:31,0,7.533276875813801,0.13333333333333333
2013-08-18,03:46:31,0,8.399912516276041,0.2
2013-08-18,03:51:31,0,7.133267720540365,0.06666666666666668
2013-08-18,03:56:31,0,8.199882507324219,0.06666666666666668
2013-08-18,04:01:31,0,6.199951171875,0.2
2013-08-18,04:06:31,0,6.533292134602865,0.06666666666666668
2013-08-18,04:11:31,0,7.399940490722656,0.13333333333333333
2013-08-18,04:16:31,0,5.7999420166015625,0.13333333333333333
2013-08-18,04:21:31,0,5.399932861328125,0.13333333333333333
2013-08-18,04:26:31,0,5.199928283691406,0.06666666666666668
2013-08-18,04:31:31,0,4.799919128417969,0.13333333333333333
2013-08-18,04:36:31,0,5.599937438964844,0.2
2013-08-18,04:41:32,0,5.399932861328125,0.2
2013-08-18,04:46:32,0,7.399940490722656,0.13333333333333333
2013-08-18,04:51:32,0,6.199951171875,0.13333333333333333
2013-08-18,04:56:32,0,6.199951171875,0.06666666666666668
2013-08-18,05:01:32,0,6.199951171875,0.13333333333333333
2013-08-18,05:06:32,0,6.199951171875,0.13333333333333333
2013-08-18,05:11:32,0,5.999946594238281,0.13333333333333333
2013-08-18,05:16:32,0,5.599937438964844,0.13333333333333333
2013-08-18,05:21:32,0,5.733273824055988,0.2
2013-08-18,05:26:32,0,5.466601053873697,0.06666666666666668
2013-08-18,05:31:32,0,4.399909973144531,0.2
2013-08-18,05:36:32,0,5.133260091145833,0.06666666666666668
2013-08-18,05:41:32,0,3.9999008178710938,0.06666666666666668
2013-08-18,05:46:32,0,5.466601053873697,0.13333333333333333
2013-08-18,05:51:32,0,5.7999420166015625,0.2
2013-08-18,05:56:32,0,6.3999176025390625,0.06666666666666668
2013-08-18,06:01:32,0,5.666605631510416,0.26666666666666666
2013-08-18,06:06:32,0,6.466623942057291,0.06666666666666668
2013-08-18,06:11:32,0,5.866610209147137,0.13333333333333333
2013-08-18,06:16:32,0,6.799964904785156,0.2
2013-08-18,06:21:32,0,7.266604105631512,0.06666666666666668
2013-08-18,06:26:32,0,7.3333104451497375,0.13333333333333333
2013-08-18,06:31:32,0,5.866584777832031,0.26666666666666666
2013-08-18,06:36:32,0,7.0666249593098955,0.06666666666666668
2013-08-18,06:41:32,0,6.599922180175781,0.13333333333333333
2013-08-18,06:46:32,0,5.7999420166015625,0.13333333333333333
2013-08-18,06:51:33,0,7.999954223632813,0.06666666666666668
2013-08-18,06:56:33,0,7.533251444498699,0.06666666666666668
2013-08-18,07:01:33,0.26666666666666666,7.1999231974283875,0.8
2013-08-18,07:06:33,0.26666666666666666,5.06659189860026,0.5333333333333333
2013-08-18,07:11:33,0,4.1999053955078125,0.13333333333333333
2013-08-18,07:16:33,0,5.999946594238281,0.2
2013-08-18,07:21:33,0,5.5998992919921875,0.06666666666666668
2013-08-18,07:26:33,0,4.799919128417969,0.06666666666666668
2013-08-18,07:31:33,0,5.466601053873697,0.2
2013-08-18,07:36:33,0,7.199948628743489,0.13333333333333333
2013-08-18,07:41:33,0,6.133282979329426,0.2
2013-08-18,07:46:33,0,5.866559346516928,0.13333333333333333
2013-08-18,07:51:33,0,8.399925231933594,0.06666666666666668
2013-08-18,07:56:33,0,7.266642252604166,0.13333333333333333
2013-08-18,08:01:33,0,6.266619364420572,0.2
2013-08-18,08:06:33,0.13333333333333333,4.9999237060546875,0.06666666666666668
2013-08-18,08:11:33,2.2,28.533248901367188,0.26666666666666666
2013-08-18,08:16:33,0,25.533231099446606,0.13333333333333333
2013-08-18,08:21:33,0,13.133201599121094,0.2
2013-08-18,08:26:33,0,9.599901835123697,0.06666666666666668
2013-08-18,08:31:33,0,6.6666285196940125,0.13333333333333333
2013-08-18,08:36:33,0,6.533253987630207,0.06666666666666668
2013-08-18,08:41:33,0,5.599937438964844,0.13333333333333333
2013-08-18,08:46:33,0,7.13324228922526,0.13333333333333333
2013-08-18,08:51:33,0,6.733245849609375,0.13333333333333333
2013-08-18,08:56:33,0,7.133267720540365,0.06666666666666668
2013-08-18,09:01:33,0,6.333287556966144,0.26666666666666666
2013-08-18,09:06:33,0,7.399940490722656,0.13333333333333333
2013-08-18,09:11:33,0,8.933258056640625,0.06666666666666668
2013-08-18,09:16:33,0,4.7332509358723955,0.2
2013-08-18,09:21:33,0,5.399932861328125,0.06666666666666668
2013-08-18,09:26:33,0,6.399955749511718,0.13333333333333333
2013-08-18,09:31:33,0,5.06659189860026,0.13333333333333333
2013-08-18,09:36:33,0,5.2665964762369795,0.06666666666666668
2013-08-18,09:41:33,0,5.06659189860026,0.13333333333333333
2013-08-18,09:46:33,0,5.533269246419271,0.2
2013-08-18,09:51:33,0,5.933278401692709,0.06666666666666668
2013-08-18,09:56:33,0,6.266619364420572,0.2
2013-08-18,10:01:33,0,5.933240254720053,0.13333333333333333
2013-08-18,10:06:33,0.2,4.799919128417969,0.06666666666666668
2013-08-18,10:11:34,0,4.466578165690104,0.13333333333333333
2013-08-18,10:16:34,0,5.06659189860026,0.13333333333333333
2013-08-18,10:21:34,0,6.666590372721354,0.06666666666666668
2013-08-18,10:26:34,0,4.399909973144531,0.06666666666666668
2013-08-18,10:31:34,0,5.466601053873697,0.13333333333333333
2013-08-18,10:36:34,0,5.06659189860026,0.2
2013-08-18,10:41:34,0,5.466601053873697,0.13333333333333333
2013-08-18,10:46:34,0,7.399876912434894,0.2
2013-08-18,10:51:34,0,6.799926757812499,0.06666666666666668
2013-08-18,10:56:34,0,6.199938456217447,0.06666666666666668
2013-08-18,11:01:34,0,4.399909973144531,0.13333333333333333
2013-08-18,11:06:34,0,3.5998916625976562,0.13333333333333333
2013-08-18,11:11:34,0,3.9999008178710938,0.2
2013-08-18,11:16:34,0,4.133237202962239,0.13333333333333333
2013-08-18,11:21:34,0,5.666605631510416,0.2
2013-08-18,11:26:34,0,5.2665964762369795,0.13333333333333333
2013-08-18,11:31:34,0,5.333264668782553,0.26666666666666666
2013-08-18,11:36:34,0,5.7999420166015625,0.2
2013-08-18,11:41:34,0,4.59991455078125,0.13333333333333333
2013-08-18,11:46:34,0,5.06659189860026,0.13333333333333333
2013-08-18,11:51:34,0,6.799964904785156,0.06666666666666668
2013-08-18,11:56:34,0,5.466562906901041,0.2
2013-08-18,12:01:34,0,4.933255513509115,0.13333333333333333
2013-08-18,12:06:34,0,6.13324483235677,0.13333333333333333
2013-08-18,12:11:34,0,4.133237202962239,0.13333333333333333
2013-08-18,12:16:34,0,4.933255513509115,0.13333333333333333
2013-08-18,12:21:34,0,6.533292134602865,0.2
2013-08-18,12:26:34,0,5.399932861328125,0.2
2013-08-18,12:31:34,0,5.733273824055988,0.13333333333333333
2013-08-18,12:36:34,0,5.599937438964844,0.13333333333333333
2013-08-18,12:41:34,0,4.1999053955078125,0.06666666666666668
2013-08-18,12:46:34,0,4.933255513509115,0.13333333333333333
2013-08-18,12:51:34,0.06666666666666668,5.466575622558594,0.06666666666666668
2013-08-18,12:56:34,0,6.066602071126303,0.26666666666666666
2013-08-18,13:01:34,0,5.2665964762369795,0.13333333333333333
2013-08-18,13:06:34,0,4.666582743326822,0.13333333333333333
2013-08-18,13:11:34,0,7.266604105631512,0.06666666666666668
2013-08-18,13:16:34,0.06666666666666668,5.333264668782553,0.26666666666666666
2013-08-18,13:21:34,0.06666666666666668,5.999946594238281,0.13333333333333333
2013-08-18,13:26:34,0,6.933301289876302,0.06666666666666668
2013-08-18,13:31:34,0,6.133282979329426,0.2
2013-08-18,13:36:34,0,6.133282979329426,0.13333333333333333
2013-08-18,13:41:34,0,6.333287556966144,0.06666666666666668
2013-08-18,13:46:34,0,7.133255004882813,0.13333333333333333
2013-08-18,13:51:34,0,6.799926757812499,0.13333333333333333
2013-08-18,13:56:34,0,6.399955749511718,0.13333333333333333
2013-08-18,14:01:34,0,7.266604105631512,0.3333333333333333
2013-08-18,14:06:35,0,5.666605631510416,0.06666666666666668
2013-08-18,14:11:35,0,4.7332509358723955,0.06666666666666668
2013-08-18,14:16:35,0.06666666666666668,6.333287556966144,0.13333333333333333
2013-08-18,14:21:35,0,6.666615804036459,0.06666666666666668
2013-08-18,14:26:35,0,7.066612243652344,0.06666666666666668
2013-08-18,14:31:35,0,5.466601053873697,0.2
2013-08-18,14:36:35,0,6.399955749511718,0.06666666666666668
2013-08-18,14:41:35,0,6.866594950358072,0.2
2013-08-18,14:46:35,0.06666666666666668,6.799964904785156,0.13333333333333333
2013-08-18,14:51:35,0,5.599937438964844,0.13333333333333333
2013-08-18,14:56:35,0,5.933278401692709,0.13333333333333333
2013-08-18,15:01:35,0,5.133260091145833,0.13333333333333333
2013-08-18,15:06:35,0,6.399955749511718,0.06666666666666668
2013-08-18,15:11:35,0,7.1999359130859375,0.2
2013-08-18,15:16:35,0.06666666666666668,6.066602071126303,0.13333333333333333
2013-08-18,15:21:35,0,6.333262125651042,0.06666666666666668
2013-08-18,15:26:35,0,7.4666086832682295,0.2
2013-08-18,15:31:35,0,6.399955749511718,0.13333333333333333
2013-08-18,15:36:35,0,5.2665964762369795,0.06666666666666668
2013-08-18,15:41:35,0,5.333264668782553,0.13333333333333333
2013-08-18,15:46:35,0,5.2665964762369795,0.2
2013-08-18,15:51:35,0,5.933278401692709,0.06666666666666668
2013-08-18,15:56:35,0,5.06659189860026,0.06666666666666668
2013-08-18,16:01:35,0,4.866587320963542,0.2
2013-08-18,16:06:35,0.06666666666666668,6.26660664876302,0.2
2013-08-18,16:11:35,0,6.733271280924479,0.13333333333333333
2013-08-18,16:16:36,0,7.266604105631512,0.2
2013-08-18,16:21:36,0,6.933263142903646,0.06666666666666668
2013-08-18,16:26:36,0,5.533269246419271,0.13333333333333333
2013-08-18,16:31:36,0,5.06659189860026,0.13333333333333333
2013-08-18,16:36:36,0,6.466623942057291,0.13333333333333333
2013-08-18,16:41:36,0,5.666592915852865,0.13333333333333333
2013-08-18,16:46:36,0,5.333239237467447,0.13333333333333333
2013-08-18,16:51:36,0,5.2665964762369795,0.2
2013-08-18,16:56:36,0,6.533292134602865,0.06666666666666668
2013-08-18,17:01:35,0,5.599937438964844,0.13333333333333333
2013-08-18,17:06:35,0,5.999908447265625,0.13333333333333333
2013-08-18,17:11:35,0,5.333226521809896,0.26666666666666666
2013-08-18,17:16:35,0.2,6.199951171875,0.2
2013-08-18,17:21:35,0.6,6.999969482421875,0.26666666666666666
2013-08-18,17:26:35,0,6.599960327148438,0.06666666666666668
2013-08-18,17:31:35,0,6.799926757812499,0.2
2013-08-18,17:36:35,0,4.7332509358723955,0.06666666666666668
2013-08-18,17:41:35,0,4.666582743326822,0.2
2013-08-18,17:46:35,0,6.733258565266925,0.13333333333333333
2013-08-18,17:51:35,0,5.06659189860026,0.06666666666666668
2013-08-18,17:56:35,0,5.733273824055988,0.06666666666666668
2013-08-18,18:01:36,0,5.599937438964844,0.2
2013-08-18,18:06:36,0,5.866597493489582,0.2
2013-08-18,18:11:36,0,6.333262125651042,0.26666666666666666
2013-08-18,18:16:36,0,5.866610209147137,0.26666666666666666
2013-08-18,18:21:36,0,4.866574605305989,0.06666666666666668
2013-08-18,18:26:36,0,5.59991200764974,0.06666666666666668
2013-08-18,18:31:36,0,3.533223470052084,0.13333333333333333
2013-08-18,18:36:36,0,5.333264668782553,0.06666666666666668
2013-08-18,18:41:36,0,6.799952189127606,0.13333333333333333
2013-08-18,18:46:36,0,7.733256022135417,0.2
2013-08-18,18:51:36,0,5.333264668782553,0.2
2013-08-18,18:56:36,0,6.93328857421875,0.06666666666666668
2013-08-18,19:01:36,0,5.6665802001953125,0.2
2013-08-18,19:06:36,0,5.133260091145833,0.06666666666666668
2013-08-18,19:11:36,0,7.799949645996093,0.13333333333333333
2013-08-18,19:16:36,0,6.799926757812499,0.2
2013-08-18,19:21:36,0,5.7332611083984375,0.13333333333333333
2013-08-18,19:26:36,0,6.133257548014324,0.06666666666666668
2013-08-18,19:31:36,0,7.066599527994794,0.13333333333333333
2013-08-18,19:36:36,0,6.199913024902344,0.13333333333333333
2013-08-18,19:41:36,0,5.999946594238281,0.13333333333333333
2013-08-18,19:46:36,0,5.199928283691406,0.26666666666666666
2013-08-18,19:51:36,0,4.399909973144531,0.13333333333333333
2013-08-18,19:56:36,0,5.7999420166015625,0.06666666666666668
2013-08-18,20:01:36,0,6.333274841308594,0.13333333333333333
2013-08-18,20:06:36,0,6.533228556315105,0.13333333333333333
2013-08-18,20:11:36,0,6.999969482421875,0.06666666666666668
2013-08-18,20:16:36,0,6.199951171875,0.2
2013-08-18,20:21:36,0,4.799919128417969,0.06666666666666668
2013-08-18,20:26:36,1.4,12.733268737792969,0.2
2013-08-18,20:31:36,0,22.333221435546875,0.2
2013-08-18,20:36:36,0,9.466603597005209,0.06666666666666668
2013-08-18,20:41:36,0,8.933270772298176,0.06666666666666668
2013-08-18,20:46:36,0,6.399955749511718,0.13333333333333333
2013-08-18,20:51:36,0,5.533269246419271,0.13333333333333333
2013-08-18,20:56:36,0,3.9332326253255214,0.06666666666666668
2013-08-18,21:01:36,0,3.5998916625976562,0.2
2013-08-18,21:06:36,0,5.2665964762369795,0.2
2013-08-18,21:11:36,0,5.133260091145833,0.06666666666666668
2013-08-18,21:16:36,0,7.214246477399554,0.42857142857142855
2013-08-18,21:21:36,0,7.666625976562499,0.06666666666666668
2013-08-18,21:26:36,0,5.533269246419271,0.13333333333333333
2013-08-18,21:31:36,0,4.533246358235678,0.13333333333333333
2013-08-18,21:36:36,0,5.533269246419271,0.13333333333333333
2013-08-18,21:41:36,0,5.533269246419271,0.06666666666666668
2013-08-18,21:46:36,0,4.857063293457031,0.21428571428571427
2013-08-18,21:51:36,0,5.5713653564453125,0.07142857142857142
2013-08-18,21:56:36,0,6.733296712239584,0.06666666666666668
2013-08-18,22:01:36,0,3.9999008178710938,0.13333333333333333
2013-08-18,22:06:36,0,4.466578165690104,0.2
2013-08-18,22:11:36,0,6.066614786783854,0.13333333333333333
2013-08-18,22:16:36,0,6.6666285196940125,0.26666666666666666
2013-08-18,22:21:37,0,7.266604105631512,0.06666666666666668
2013-08-18,22:26:36,0,7.13330586751302,0.13333333333333333
2013-08-18,22:31:37,0,4.866587320963542,0.13333333333333333
2013-08-18,22:36:37,0,4.933255513509115,0.13333333333333333
2013-08-18,22:41:37,0,4.866587320963542,0.06666666666666668
2013-08-18,22:46:37,0,7.399940490722656,0.13333333333333333
2013-08-18,22:51:37,0,8.066584269205729,0.26666666666666666
2013-08-18,22:56:37,0,5.133260091145833,0.06666666666666668
2013-08-18,23:01:37,0,5.533256530761719,0.13333333333333333
2013-08-18,23:06:37,0,6.799901326497395,0.06666666666666668
2013-08-18,23:11:37,0,6.466623942057291,0.13333333333333333
2013-08-18,23:16:37,0,5.133260091145833,0.2
2013-08-18,23:21:37,0,5.999946594238281,0.06666666666666668
2013-08-18,23:26:37,2.4,34.93325551350912,0.06666666666666668
2013-08-18,23:31:37,0,17.866554260253906,0.2
2013-08-18,23:36:37,0,11.733220418294273,0.2
2013-08-18,23:41:37,0.2,7.266578674316407,0.06666666666666668
2013-08-18,23:46:37,0,5.533269246419271,0.13333333333333333
2013-08-18,23:51:37,0,5.133260091145833,0.06666666666666668
2013-08-18,23:56:37,0.06666666666666668,5.133260091145833,0.13333333333333333
2013-08-19,00:01:37,0,5.7999420166015625,0.13333333333333333
2013-08-19,00:06:37,0.13333333333333333,5.933278401692709,0.26666666666666666
2013-08-19,00:11:37,0,4.933255513509115,0.06666666666666668
2013-08-19,00:16:37,0,6.466623942057291,0.2
2013-08-19,00:21:37,0.14285714285714288,5.857086181640625,0.07142857142857142
2013-08-19,00:26:37,0,4.866574605305989,0.06666666666666668
2013-08-19,00:31:37,0.33333333333333337,6.53326670328776,0.2
2013-08-19,00:36:37,0.6666666666666667,6.933301289876302,0.13333333333333333
2013-08-19,00:41:37,0.13333333333333333,6.466623942057291,0.13333333333333333
2013-08-19,00:46:37,0.13333333333333333,5.666605631510416,0.2
2013-08-19,00:51:37,0,7.1999359130859375,0.06666666666666668
2013-08-19,00:56:37,0,5.466601053873697,0.2
2013-08-19,01:01:38,0.13333333333333333,5.533269246419271,0.2
2013-08-19,01:06:38,0.4,5.399932861328125,0.06666666666666668
2013-08-19,01:11:38,0.06666666666666668,6.666590372721354,0.06666666666666668
2013-08-19,01:16:38,0.2,4.7332509358723955,0.2
2013-08-19,01:21:38,0.2,5.666605631510416,0.06666666666666668
2013-08-19,01:26:38,0,5.533269246419271,0.2
2013-08-19,01:31:38,0.13333333333333333,6.933301289876302,0.26666666666666666
2013-08-19,01:36:38,0.33333333333333337,6.199913024902344,0.06666666666666668
2013-08-19,01:41:38,0.06666666666666668,6.533292134602865,0.06666666666666668
2013-08-19,01:46:38,0.06666666666666668,6.466585795084636,0.13333333333333333
2013-08-19,01:51:39,0,5.466601053873697,0.06666666666666668
2013-08-19,01:56:39,0,6.466623942057291,0.2
2013-08-19,02:01:39,0,5.733273824055988,0.2
2013-08-19,02:06:39,0,6.199951171875,0.26666666666666666
2013-08-19,02:11:40,0.13333333333333333,6.799926757812499,0.06666666666666668
2013-08-19,02:16:41,0,5.7999420166015625,0.13333333333333333
2013-08-19,02:21:41,0,5.599937438964844,0.13333333333333333
2013-08-19,02:26:41,0,5.733273824055988,0.06666666666666668
2013-08-19,02:31:41,0,5.399894714355469,0.3333333333333333
2013-08-19,02:36:41,0,6.333249409993489,0.06666666666666668
2013-08-19,02:41:41,0,6.399955749511718,0.13333333333333333
2013-08-19,02:46:41,0,6.866607666015626,0.2
2013-08-19,02:51:41,0,7.13330586751302,0.06666666666666668
2013-08-19,02:56:41,0,4.7332509358723955,0.06666666666666668
2013-08-19,03:01:41,0,5.466601053873697,0.2
2013-08-19,03:06:41,0,5.933278401692709,0.26666666666666666
2013-08-19,03:11:41,0,4.066569010416666,0.06666666666666668
2013-08-19,03:16:41,0,6.733283996582032,0.13333333333333333
2013-08-19,03:21:41,0,7.533251444498699,0.13333333333333333
2013-08-19,03:26:41,0,4.533246358235678,0.2
2013-08-19,03:31:41,0,5.466601053873697,0.13333333333333333
2013-08-19,03:36:41,0,6.199951171875,0.06666666666666668
2013-08-19,03:41:41,0,6.333262125651042,0.2
2013-08-19,03:46:41,0,7.399940490722656,0.13333333333333333
2013-08-19,03:51:41,0,5.599937438964844,0.13333333333333333
2013-08-19,03:56:41,0,6.86663309733073,0.06666666666666668
2013-08-19,04:01:41,0,7.599945068359375,0.13333333333333333
2013-08-19,04:06:41,0,6.399955749511718,0.13333333333333333
2013-08-19,04:11:41,0,8.133252461751301,0.13333333333333333
2013-08-19,04:16:41,0,5.2665964762369795,0.13333333333333333
2013-08-19,04:21:41,0,6.13324483235677,0.26666666666666666
2013-08-19,04:26:41,0,5.866572062174479,0.13333333333333333
2013-08-19,04:31:41,0,4.9999237060546875,0.13333333333333333
2013-08-19,04:36:41,0,5.999946594238281,0.13333333333333333
2013-08-19,04:41:41,0,5.06659189860026,0.06666666666666668
2013-08-19,04:46:41,0,4.133237202962239,0.2
2013-08-19,04:51:41,0,3.3998870849609375,0.13333333333333333
2013-08-19,04:56:41,0,4.799919128417969,0.06666666666666668
2013-08-19,05:01:41,0,6.99993133544922,0.13333333333333333
2013-08-19,05:06:41,0,4.333241780598959,0.13333333333333333
2013-08-19,05:11:42,0,5.06659189860026,0.26666666666666666
2013-08-19,05:16:42,0,4.9999237060546875,0.26666666666666666
2013-08-19,05:21:42,0,4.799919128417969,0.13333333333333333
2013-08-19,05:26:42,0,6.799964904785156,0.13333333333333333
2013-08-19,05:31:42,0,5.2665964762369795,0.13333333333333333
2013-08-19,05:36:42,0,5.999908447265625,0.13333333333333333
2013-08-19,05:41:42,0,5.199928283691406,0.06666666666666668
2013-08-19,05:46:42,0,6.599960327148438,0.13333333333333333
2013-08-19,05:51:42,0,6.266619364420572,0.13333333333333333
2013-08-19,05:56:42,0,3.5998916625976562,0.06666666666666668
2013-08-19,06:01:42,0,4.799919128417969,0.13333333333333333
2013-08-19,06:06:42,0,6.266619364420572,0.2
2013-08-19,06:11:42,0,6.599960327148438,0.06666666666666668
2013-08-19,06:16:42,0,4.9999237060546875,0.13333333333333333
2013-08-19,06:21:42,0,4.7332509358723955,0.13333333333333333
2013-08-19,06:26:42,0,5.333264668782553,0.06666666666666668
2013-08-19,06:31:42,0,6.133282979329426,0.2
2013-08-19,06:36:42,0,6.199913024902344,0.06666666666666668
2013-08-19,06:41:42,0,5.133260091145833,0.06666666666666668
2013-08-19,06:46:42,0,6.599960327148438,0.2
2013-08-19,06:51:42,0,6.999969482421875,0.06666666666666668
2013-08-19,06:56:42,0,4.066569010416666,0.2
2013-08-19,07:01:42,0.33333333333333337,5.333264668782553,1.0666666666666669
2013-08-19,07:06:42,0.2,5.866610209147137,0.4
2013-08-19,07:11:42,0,5.533269246419271,0.06666666666666668
2013-08-19,07:16:42,0,4.666582743326822,0.2
2013-08-19,07:21:42,0,7.1999359130859375,0.06666666666666668
2013-08-19,07:26:42,0,6.199951171875,0.06666666666666668
2013-08-19,07:31:42,0,5.599937438964844,0.13333333333333333
2013-08-19,07:36:42,0,5.599937438964844,0.13333333333333333
2013-08-19,07:41:42,0,6.066614786783854,0.06666666666666668
2013-08-19,07:46:42,0,5.999946594238281,0.13333333333333333
2013-08-19,07:51:42,0,4.399909973144531,0.26666666666666666
2013-08-19,07:56:42,0,6.399955749511718,0.06666666666666668
2013-08-19,08:01:42,0,4.399909973144531,0.26666666666666666
2013-08-19,08:06:42,0,5.333264668782553,0.06666666666666668
2013-08-19,08:11:42,0,5.999946594238281,0.06666666666666668
2013-08-19,08:16:43,0,5.999946594238281,0.2
2013-08-19,08:21:43,0,5.533269246419271,0.06666666666666668
2013-08-19,08:26:43,0,5.599937438964844,0.06666666666666668
2013-08-19,08:31:43,0,5.7999420166015625,0.13333333333333333
2013-08-19,08:36:43,0,5.2665964762369795,0.06666666666666668
2013-08-19,08:41:43,0,7.19989776611328,0.13333333333333333
2013-08-19,08:46:43,0,3.9999008178710938,0.13333333333333333
2013-08-19,08:51:43,0,4.799919128417969,0.13333333333333333
2013-08-19,08:56:43,0,6.933263142903646,0.13333333333333333
2013-08-19,09:01:43,0,4.466578165690104,0.2
2013-08-19,09:06:43,0,4.799919128417969,0.13333333333333333
2013-08-19,09:11:43,0,4.59991455078125,0.5333333333333333
2013-08-19,09:16:43,0,4.799919128417969,0.13333333333333333
2013-08-19,09:21:43,0,4.933255513509115,0.06666666666666668
2013-08-19,09:26:43,0,4.266573588053386,0.13333333333333333
2013-08-19,09:31:43,0,6.066614786783854,0.26666666666666666
2013-08-19,09:36:43,0,6.133282979329426,0.13333333333333333
2013-08-19,09:41:43,0,6.599922180175781,0.06666666666666668
2013-08-19,09:46:43,0,4.799919128417969,0.6
2013-08-19,09:51:43,0,6.13324483235677,0.06666666666666668
2013-08-19,09:56:43,0,5.7999420166015625,0.2
2013-08-19,10:01:43,0,5.7999420166015625,0.13333333333333333
2013-08-19,10:06:43,0,6.799964904785156,0.3333333333333333
2013-08-19,10:11:44,0,5.999946594238281,0.2
2013-08-19,10:16:44,0,6.999969482421875,0.6
2013-08-19,10:21:44,0,5.7999420166015625,0.13333333333333333
2013-08-19,10:26:44,0,6.666590372721354,0.06666666666666668
2013-08-19,10:31:44,0,5.399932861328125,0.2
2013-08-19,10:36:44,0,4.9999237060546875,0.06666666666666668
2013-08-19,10:41:44,0,6.199913024902344,0.8
2013-08-19,10:46:44,0,5.06659189860026,0.26666666666666666
2013-08-19,10:51:44,0,6.3999176025390625,0.2
2013-08-19,10:56:44,0,5.599937438964844,0.06666666666666668
2013-08-19,11:01:44,0.13333333333333333,7.399940490722656,0.4666666666666667
2013-08-19,11:06:44,0,6.066614786783854,0.26666666666666666
2013-08-19,11:11:44,0,8.39996337890625,0.13333333333333333
2013-08-19,11:16:44,0,7.19989776611328,0.13333333333333333
2013-08-19,11:21:44,0,8.133265177408854,0.13333333333333333
2013-08-19,11:26:44,0,8.39996337890625,0.06666666666666668
2013-08-19,11:31:44,0,5.866610209147137,0.2
2013-08-19,11:36:44,0,7.333272298177083,0.06666666666666668
2013-08-19,11:41:44,0,6.866582234700519,0.13333333333333333
2013-08-19,11:46:44,0,5.999908447265625,0.2
2013-08-19,11:51:44,0,4.9999237060546875,0.06666666666666668
2013-08-19,11:56:44,0,6.533241271972656,0.2
2013-08-19,12:01:44,0,7.333259582519531,0.3333333333333333
2013-08-19,12:06:44,0,4.7332509358723955,0.26666666666666666
2013-08-19,12:11:44,0,4.466578165690104,0.2
2013-08-19,12:16:44,0,7.399902343750001,0.26666666666666666
2013-08-19,12:21:44,0,6.799964904785156,0.2
2013-08-19,12:26:44,0,7.666613260904947,0.4
2013-08-19,12:31:44,0,8.266563415527344,0.2
2013-08-19,12:36:44,0,6.866620381673178,0.2
2013-08-19,12:41:44,0,6.199951171875,0.13333333333333333
2013-08-19,12:46:44,0,4.799919128417969,0.13333333333333333
2013-08-19,12:51:44,0,4.266573588053386,0.06666666666666668
2013-08-19,12:56:44,0,5.933278401692709,0.3333333333333333
2013-08-19,13:01:44,0,5.7999420166015625,0.2
2013-08-19,13:06:44,0,5.599937438964844,0.2
2013-08-19,13:11:44,0,5.199928283691406,0.2
2013-08-19,13:16:44,0,5.133260091145833,0.2
2013-08-19,13:21:44,0,6.933263142903646,0.13333333333333333
2013-08-19,13:26:44,0,6.266619364420572,0.13333333333333333
2013-08-19,13:31:44,0,5.533231099446613,0.26666666666666666
2013-08-19,13:36:44,0,5.533269246419271,0.26666666666666666
2013-08-19,13:41:44,0,5.7999420166015625,0.26666666666666666
2013-08-19,13:46:44,0,5.199928283691406,0.2
2013-08-19,13:51:44,0,6.6666285196940125,0.13333333333333333
2013-08-19,13:56:44,0,6.799964904785156,0.06666666666666668
2013-08-19,14:01:44,0,5.199928283691406,0.3333333333333333
2013-08-19,14:06:44,0,6.133257548014324,0.13333333333333333
2013-08-19,14:11:45,0,8.933258056640625,0.13333333333333333
2013-08-19,14:16:45,0,6.999969482421875,0.13333333333333333
2013-08-19,14:21:45,0,4.666582743326822,0.06666666666666668
2013-08-19,14:26:45,0,5.666605631510416,0.13333333333333333
2013-08-19,14:31:45,0,6.333287556966144,0.26666666666666666
2013-08-19,14:36:45,0,7.19989776611328,0.06666666666666668
2013-08-19,14:41:45,2.2666666666666666,35.73324839274088,0.13333333333333333
2013-08-19,14:46:45,0.13333333333333333,21.133206685384117,0.2
2013-08-19,14:51:45,0,11.733220418294273,0.2
2013-08-19,14:56:45,0,7.9999033610026045,0.13333333333333333
2013-08-19,15:01:45,0,5.599937438964844,0.2
2013-08-19,15:06:45,0,6.733296712239584,0.13333333333333333
2013-08-19,15:11:45,0.06666666666666668,6.933301289876302,0.2
2013-08-19,15:16:45,0.06666666666666668,7.733243306477864,0.13333333333333333
2013-08-19,15:21:45,0,5.599937438964844,0.26666666666666666
2013-08-19,15:26:45,0,6.866594950358072,0.13333333333333333
2013-08-19,15:31:45,0.06666666666666668,6.533292134602865,0.2
2013-08-19,15:36:45,0,6.599922180175781,0.06666666666666668
2013-08-19,15:41:45,0,7.533276875813801,0.26666666666666666
2013-08-19,15:46:45,0,6.933263142903646,0.2
2013-08-19,15:51:45,0,5.06659189860026,0.13333333333333333
2013-08-19,15:56:45,0,5.533269246419271,0.06666666666666668
2013-08-19,16:01:45,0.06666666666666668,4.666582743326822,0.13333333333333333
2013-08-19,16:06:45,0,7.13324228922526,0.13333333333333333
2013-08-19,16:11:45,0,8.866589864095053,0.06666666666666668
2013-08-19,16:16:45,0,5.533269246419271,0.13333333333333333
2013-08-19,16:21:45,0,6.199951171875,0.06666666666666668
2013-08-19,16:26:45,0,6.799939473470053,0.13333333333333333
2013-08-19,16:31:45,0,6.533253987630207,0.2
2013-08-19,16:36:45,0,7.199961344401042,0.06666666666666668
2013-08-19,16:41:45,0.06666666666666668,6.466623942057291,0.13333333333333333
2013-08-19,16:46:45,0,6.399955749511718,0.26666666666666666
2013-08-19,16:51:46,0,5.5998992919921875,0.2
2013-08-19,16:56:46,0,6.06658935546875,0.06666666666666668
2013-08-19,17:01:46,0,6.999918619791666,0.2
2013-08-19,17:06:46,0,6.466585795084636,0.2
2013-08-19,17:11:46,0,6.399955749511718,0.13333333333333333
2013-08-19,17:16:46,0,5.999946594238281,0.2
2013-08-19,17:21:46,0,7.066599527994794,0.2
2013-08-19,17:26:46,0,5.533269246419271,0.2
2013-08-19,17:31:46,0,4.666582743326822,0.2
2013-08-19,17:36:46,0,5.933278401692709,0.2
2013-08-19,17:41:46,0,8.399925231933594,0.06666666666666668
2013-08-19,17:46:46,0,6.9999059041341125,0.2
2013-08-19,17:51:46,0,5.533256530761719,0.13333333333333333
2013-08-19,17:56:46,0,5.733273824055988,0.2
2013-08-19,18:01:46,0,7.399940490722656,0.2
2013-08-19,18:06:46,0,6.866594950358072,0.2
2013-08-19,18:11:46,0,6.6666285196940125,0.26666666666666666
2013-08-19,18:16:46,0,5.999946594238281,0.26666666666666666
2013-08-19,18:21:46,0,5.666605631510416,0.13333333333333333
2013-08-19,18:26:46,0,5.333264668782553,0.06666666666666668
2013-08-19,18:31:46,0,4.59991455078125,0.13333333333333333
2013-08-19,18:36:46,0,8.599904378255209,0.13333333333333333
2013-08-19,18:41:46,0,6.399943033854166,0.06666666666666668
2013-08-19,18:46:46,0,6.733258565266925,0.3333333333333333
2013-08-19,18:51:46,0,7.066637674967448,0.06666666666666668
2013-08-19,18:56:46,0,7.666625976562499,0.13333333333333333
2013-08-19,19:01:46,0,8.866589864095053,0.13333333333333333
2013-08-19,19:06:46,0,6.133282979329426,0.06666666666666668
2013-08-19,19:11:46,0,5.666605631510416,0.13333333333333333
2013-08-19,19:16:46,0,5.199928283691406,0.13333333333333333
2013-08-19,19:21:46,0,5.466601053873697,0.13333333333333333
2013-08-19,19:26:46,0,7.1999359130859375,0.06666666666666668
2013-08-19,19:31:46,0,6.6666285196940125,0.2
2013-08-19,19:36:47,0,4.466578165690104,0.06666666666666668
2013-08-19,19:41:47,0,4.866587320963542,0.06666666666666668
2013-08-19,19:46:47,0,5.333264668782553,0.2
2013-08-19,19:51:47,0,6.933237711588541,0.06666666666666668
2013-08-19,19:56:47,0,6.599947611490885,0.06666666666666668
2013-08-19,20:01:47,0,6.799964904785156,0.13333333333333333
2013-08-19,20:06:47,0,5.466601053873697,0.13333333333333333
2013-08-19,20:11:47,0,5.599937438964844,0.13333333333333333
2013-08-19,20:16:47,0,4.933255513509115,0.3333333333333333
2013-08-19,20:21:47,0,5.666605631510416,0.06666666666666668
2013-08-19,20:26:47,1.4,8.799908955891928,0.13333333333333333
2013-08-19,20:31:47,0,20.533243815104164,0.13333333333333333
2013-08-19,20:36:47,0,8.999926249186197,0.06666666666666668
2013-08-19,20:41:47,0,9.399935404459633,0.06666666666666668
2013-08-19,20:46:47,0,7.866579691569011,0.26666666666666666
2013-08-19,20:51:47,0,4.866587320963542,0.06666666666666668
2013-08-19,20:56:47,0,6.3999176025390625,0.06666666666666668
2013-08-19,21:01:47,0,6.266619364420572,0.2
2013-08-19,21:06:47,0,5.2665964762369795,0.13333333333333333
2013-08-19,21:11:47,0,5.199928283691406,0.2
2013-08-19,21:16:47,0,5.7999420166015625,0.13333333333333333
2013-08-19,21:21:47,0,5.999946594238281,0.06666666666666668
2013-08-19,21:26:47,0,7.66656239827474,0.2
2013-08-19,21:31:47,0,7.266578674316407,0.13333333333333333
2013-08-19,21:36:47,0,4.533246358235678,0.06666666666666668
2013-08-19,21:41:47,0,5.599937438964844,0.13333333333333333
2013-08-19,21:46:47,0,5.333264668782553,0.13333333333333333
2013-08-19,21:51:47,0,8.59991709391276,0.3333333333333333
2013-08-19,21:56:47,0,6.266619364420572,0.06666666666666668
2013-08-19,22:01:47,0,6.533292134602865,0.2
2013-08-19,22:06:48,0,5.466601053873697,0.13333333333333333
2013-08-19,22:11:48,0,5.533269246419271,0.13333333333333333
2013-08-19,22:16:48,0,5.933278401692709,0.13333333333333333
2013-08-19,22:21:48,0,6.666590372721354,0.13333333333333333
2013-08-19,22:26:48,0,5.2665964762369795,0.06666666666666668
2013-08-19,22:31:48,0,5.666605631510416,0.2
2013-08-19,22:36:48,0,5.466562906901041,0.2
2013-08-19,22:41:48,0,4.533246358235678,0.13333333333333333
2013-08-19,22:46:48,0,5.599937438964844,0.13333333333333333
2013-08-19,22:51:48,0,5.466601053873697,0.06666666666666668
2013-08-19,22:56:48,0,5.866610209147137,0.13333333333333333
2013-08-19,23:01:48,0,5.333264668782553,0.13333333333333333
2013-08-19,23:06:48,0,4.466578165690104,0.13333333333333333
2013-08-19,23:11:48,0,4.933255513509115,0.06666666666666668
2013-08-19,23:16:48,0,5.199928283691406,0.2
2013-08-19,23:21:48,0,6.066614786783854,0.06666666666666668
2013-08-19,23:26:48,0,5.733273824055988,0.2
2013-08-19,23:31:48,0,4.666582743326822,0.13333333333333333
2013-08-19,23:36:48,0,4.59991455078125,0.13333333333333333
2013-08-19,23:41:48,0,6.399943033854166,0.13333333333333333
2013-08-19,23:46:48,0.13333333333333333,7.799962361653646,0.2
2013-08-19,23:51:48,0.06666666666666668,5.399932861328125,0.13333333333333333
2013-08-19,23:56:48,0.2,5.999946594238281,0.13333333333333333
2013-08-20,00:01:48,0.13333333333333333,6.99993133544922,0.13333333333333333
2013-08-20,00:06:48,0.5333333333333333,5.733273824055988,0.06666666666666668
2013-08-20,00:11:48,0,6.066614786783854,0.2
2013-08-20,00:16:48,0,6.133282979329426,0.2
2013-08-20,00:21:49,0,7.533315022786459,0.13333333333333333
2013-08-20,00:26:49,0,5.333264668782553,0.06666666666666668
2013-08-20,00:31:49,0,6.533292134602865,0.2
2013-08-20,00:36:49,0.4,5.2665964762369795,0.06666666666666668
2013-08-20,00:41:49,0.13333333333333333,5.999908447265625,0.13333333333333333
2013-08-20,00:46:49,0.06666666666666668,5.466601053873697,0.13333333333333333
2013-08-20,00:51:49,0,5.533269246419271,0.06666666666666668
2013-08-20,00:56:48,0,5.533269246419271,0.13333333333333333
2013-08-20,01:01:49,0.26666666666666666,6.6666285196940125,0.26666666666666666
2013-08-20,01:06:49,0,5.533269246419271,0.06666666666666668
2013-08-20,01:11:49,0.2,5.999946594238281,0.06666666666666668
2013-08-20,01:16:49,0.4,5.933278401692709,0.2
2013-08-20,01:21:49,0,5.933278401692709,0.13333333333333333
2013-08-20,01:26:49,0.2,4.533246358235678,0.13333333333333333
2013-08-20,01:31:49,0.4,6.599922180175781,0.13333333333333333
2013-08-20,01:36:49,0.06666666666666668,4.666582743326822,0.06666666666666668
2013-08-20,01:41:49,0,5.06659189860026,0.06666666666666668
2013-08-20,01:46:49,0.18181818181818185,6.090857765891335,0.3636363636363637
2013-08-20,01:51:49,0,5.733273824055988,0.06666666666666668
2013-08-20,01:56:49,0.06666666666666668,6.866594950358072,0.3333333333333333
2013-08-20,02:01:49,0.2,6.99993133544922,0.13333333333333333
2013-08-20,02:06:50,0,4.666582743326822,0.13333333333333333
2013-08-20,02:11:50,0,5.399932861328125,0.06666666666666668
2013-08-20,02:16:50,0,6.133282979329426,0.13333333333333333
2013-08-20,02:21:50,0,4.799919128417969,0.06666666666666668
2013-08-20,02:26:50,0,5.133260091145833,0.2
2013-08-20,02:31:50,0,7.933247884114582,0.13333333333333333
2013-08-20,02:36:50,0,6.599922180175781,0.13333333333333333
2013-08-20,02:41:50,0,5.533269246419271,0.06666666666666668
2013-08-20,02:46:50,0,5.133260091145833,0.13333333333333333
2013-08-20,02:51:50,0,5.199928283691406,0.06666666666666668
2013-08-20,02:56:50,0,5.7999420166015625,0.13333333333333333
2013-08-20,03:01:50,0.06666666666666668,5.866610209147137,0.3333333333333333
2013-08-20,03:06:50,0,5.2665964762369795,0.06666666666666668
2013-08-20,03:11:50,0,5.533269246419271,0.06666666666666668
2013-08-20,03:16:50,0,6.266619364420572,0.13333333333333333
2013-08-20,03:21:50,0,5.866610209147137,0.13333333333333333
2013-08-20,03:26:50,0,6.199951171875,0.2
2013-08-20,03:31:50,0.06666666666666668,4.866574605305989,0.2
2013-08-20,03:36:50,0,5.59991200764974,0.06666666666666668
2013-08-20,03:41:50,0,6.333249409993489,0.13333333333333333
2013-08-20,03:46:50,0,6.133282979329426,0.2
2013-08-20,03:51:50,0,5.866610209147137,0.06666666666666668
2013-08-20,03:56:50,0,5.533269246419271,0.06666666666666668
2013-08-20,04:01:50,0,5.7999420166015625,0.13333333333333333
2013-08-20,04:06:50,0,5.399932861328125,0.26666666666666666
2013-08-20,04:11:50,0,7.1999359130859375,0.06666666666666668
2013-08-20,04:16:50,0,5.199928283691406,0.13333333333333333
2013-08-20,04:21:50,0,5.666605631510416,0.13333333333333333
2013-08-20,04:26:50,0,6.133282979329426,0.06666666666666668
2013-08-20,04:31:51,0,7.199974060058594,0.13333333333333333
2013-08-20,04:36:51,0,8.066622416178387,0.06666666666666668
2013-08-20,04:41:51,0,6.533292134602865,0.13333333333333333
2013-08-20,04:46:51,0,6.599960327148438,0.13333333333333333
2013-08-20,04:51:51,0,6.466623942057291,0.13333333333333333
2013-08-20,04:56:51,0,6.733258565266925,0.13333333333333333
2013-08-20,05:01:51,0,7.1999359130859375,0.13333333333333333
2013-08-20,05:06:51,2.4,21.133282979329426,0.26666666666666666
2013-08-20,05:11:51,0,28.33325703938802,0.06666666666666668
2013-08-20,05:16:51,0,13.999900817871094,0.2
2013-08-20,05:21:51,0,9.533259073893227,0.2
2013-08-20,05:26:51,0,5.199928283691406,0.06666666666666668
2013-08-20,05:31:51,0,7.066637674967448,0.13333333333333333
2013-08-20,05:36:51,0,6.399955749511718,0.06666666666666668
2013-08-20,05:41:51,0,5.799903869628906,0.06666666666666668
2013-08-20,05:46:51,0,4.59991455078125,0.13333333333333333
2013-08-20,05:51:51,0,5.7999420166015625,0.13333333333333333
2013-08-20,05:56:51,0,4.59991455078125,0.2
2013-08-20,06:01:51,0,5.866610209147137,0.13333333333333333
2013-08-20,06:06:51,0,5.599937438964844,0.06666666666666668
2013-08-20,06:11:51,0,5.199928283691406,0.06666666666666668
2013-08-20,06:16:51,0,4.399909973144531,0.13333333333333333
2013-08-20,06:21:51,0,5.399932861328125,0.13333333333333333
2013-08-20,06:26:51,0,5.199928283691406,0.13333333333333333
2013-08-20,06:31:51,0,6.466623942057291,0.2
2013-08-20,06:36:51,0,7.199974060058594,0.06666666666666668
2013-08-20,06:41:51,0,6.599960327148438,0.06666666666666668
2013-08-20,06:46:51,0,6.399955749511718,0.13333333333333333
2013-08-20,06:51:51,0,5.7999420166015625,0.4
2013-08-20,06:56:51,0,5.466601053873697,0.06666666666666668
2013-08-20,07:01:51,0.33333333333333337,5.599937438964844,1.0
2013-08-20,07:06:51,0.2,6.799964904785156,0.26666666666666666
2013-08-20,07:11:51,0,6.199951171875,0.06666666666666668
2013-08-20,07:16:51,0,4.59991455078125,0.13333333333333333
2013-08-20,07:21:52,0,6.399955749511718,0.2
2013-08-20,07:26:52,0,6.399955749511718,0.06666666666666668
2013-08-20,07:31:52,0,6.99993133544922,0.2
2013-08-20,07:36:52,0,6.799964904785156,0.13333333333333333
2013-08-20,07:41:52,0,7.399940490722656,0.06666666666666668
2013-08-20,07:46:52,0,5.199928283691406,0.2
2013-08-20,07:51:52,0,7.799873352050782,0.06666666666666668
2013-08-20,07:56:52,0,5.7999420166015625,0.13333333333333333
2013-08-20,08:01:52,0,6.199951171875,0.2
2013-08-20,08:06:52,0,7.999916076660156,0.13333333333333333
2013-08-20,08:11:52,0,6.399955749511718,0.13333333333333333
2013-08-20,08:16:52,0,6.399955749511718,0.13333333333333333
2013-08-20,08:21:52,0,5.199928283691406,0.2
2013-08-20,08:26:52,0,5.999946594238281,0.13333333333333333
2013-08-20,08:31:52,0,5.7999420166015625,0.13333333333333333
2013-08-20,08:36:52,0,6.266619364420572,0.2
2013-08-20,08:41:52,0,6.6666285196940125,0.06666666666666668
2013-08-20,08:46:52,0,6.99993133544922,0.2
2013-08-20,08:51:52,0,6.266581217447918,0.2
2013-08-20,08:56:52,0,6.6666285196940125,0.06666666666666668
2013-08-20,09:01:52,0,6.133282979329426,0.13333333333333333
2013-08-20,09:06:52,0,6.3999176025390625,0.2
2013-08-20,09:11:52,0,5.7999420166015625,0.13333333333333333
2013-08-20,09:16:52,0,5.399932861328125,0.13333333333333333
2013-08-20,09:21:52,0,5.399932861328125,0.2
2013-08-20,09:26:52,0,4.999885559082031,0.5333333333333333
2013-08-20,09:31:52,0,4.9999237060546875,0.13333333333333333
2013-08-20,09:36:52,0,6.199951171875,0.3333333333333333
2013-08-20,09:41:52,0,5.599937438964844,0.13333333333333333
2013-08-20,09:46:52,0,4.466578165690104,0.2
2013-08-20,09:51:52,0,6.399930318196613,0.06666666666666668
2013-08-20,09:56:52,0,5.933278401692709,0.4666666666666667
2013-08-20,10:01:52,0,5.7999420166015625,0.13333333333333333
2013-08-20,10:06:52,0,7.499909400939941,0.625
2013-08-20,10:11:52,0,6.86663309733073,0.4666666666666667
2013-08-20,10:16:52,0,6.6666285196940125,0.4
2013-08-20,10:21:52,0,5.999946594238281,0.13333333333333333
2013-08-20,10:26:52,0,5.666605631510416,0.26666666666666666
2013-08-20,10:31:52,0,6.599960327148438,0.5333333333333333
2013-08-20,10:36:52,0,5.599937438964844,0.06666666666666668
2013-08-20,10:41:52,0,5.199928283691406,0.26666666666666666
2013-08-20,10:46:52,0,4.59991455078125,0.13333333333333333
2013-08-20,10:51:52,0,5.7999420166015625,0.13333333333333333
2013-08-20,10:56:52,0.06666666666666668,6.99993133544922,0.4
2013-08-20,11:01:52,0,5.866610209147137,0.2
2013-08-20,11:06:52,0,6.733233133951823,0.13333333333333333
2013-08-20,11:11:52,0,6.3332366943359375,0.3333333333333333
2013-08-20,11:16:52,0,5.7999420166015625,0.2
2013-08-20,11:21:52,0,5.733273824055988,0.3333333333333333
2013-08-20,11:26:52,0,4.9999237060546875,0.26666666666666666
2013-08-20,11:31:52,0,5.466601053873697,0.3333333333333333
2013-08-20,11:36:52,0,6.599960327148438,0.06666666666666668
2013-08-20,11:41:52,0,6.6666285196940125,0.26666666666666666
2013-08-20,11:46:52,0,6.399955749511718,0.3333333333333333
2013-08-20,11:51:52,0,5.199928283691406,0.3333333333333333
2013-08-20,11:56:52,0.06666666666666668,7.266642252604166,0.4666666666666667
2013-08-20,12:01:52,0,7.066599527994794,0.2
2013-08-20,12:06:52,0,5.933278401692709,0.13333333333333333
2013-08-20,12:11:52,0,5.866610209147137,0.13333333333333333
2013-08-20,12:16:52,0,7.399940490722656,0.26666666666666666
2013-08-20,12:21:52,0,8.933207194010414,0.3333333333333333
2013-08-20,12:26:52,0,5.79992930094401,0.06666666666666668
2013-08-20,12:31:52,0,7.999928792317706,0.3333333333333333
2013-08-20,12:36:52,0,5.99993387858073,0.2
2013-08-20,12:41:52,0,3.733228047688802,0.2
2013-08-20,12:46:52,0,5.2665964762369795,0.2
2013-08-20,12:51:52,0,5.533269246419271,0.2
2013-08-20,12:56:52,0,6.6666285196940125,0.2
2013-08-20,13:06:53,0,7.399902343750001,0.2
2013-08-20,13:11:53,0.06666666666666668,5.666605631510416,0.4
2013-08-20,13:16:53,0,7.666575113932293,0.26666666666666666
2013-08-20,13:22:03,0,7.53326416015625,0.2
2013-08-20,13:27:03,0,8.199920654296875,0.13333333333333333
2013-08-20,13:32:04,0,5.466601053873697,0.13333333333333333
2013-08-20,13:42:04,0,6.599960327148438,0.13333333333333333
2013-08-20,13:47:04,0,5.199928283691406,0.13333333333333333
2013-08-20,13:52:04,0,4.9999237060546875,0.06666666666666668
2013-08-20,13:57:04,0,6.999969482421875,0.13333333333333333
2013-08-20,14:02:04,0,6.799926757812499,0.2
2013-08-20,14:07:04,0,4.866587320963542,0.2
2013-08-20,14:12:04,0,6.599922180175781,0.13333333333333333
2013-08-20,14:17:04,0,6.466623942057291,0.06666666666666668
2013-08-20,14:22:04,0,5.533269246419271,0.26666666666666666
2013-08-20,14:27:04,0,6.799926757812499,0.2
2013-08-20,14:32:04,0,5.7999420166015625,0.06666666666666668
2013-08-20,14:37:04,0,5.199928283691406,0.3333333333333333
2013-08-20,14:42:04,0,7.399978637695312,0.13333333333333333
2013-08-20,14:47:04,0,6.799926757812499,0.13333333333333333
2013-08-20,14:52:04,0,6.399955749511718,0.2
2013-08-20,14:57:04,0,4.133237202962239,0.06666666666666668
2013-08-20,15:02:04,0,4.799919128417969,0.26666666666666666
2013-08-20,15:07:04,0,6.599960327148438,0.2
2013-08-20,15:12:04,0,6.199951171875,0.2
2013-08-20,15:17:04,0,6.599960327148438,0.13333333333333333
2013-08-20,15:22:04,0,4.7332509358723955,0.2
2013-08-20,15:27:04,0,5.599937438964844,0.13333333333333333
2013-08-20,15:32:04,0.06666666666666668,6.799964904785156,0.4666666666666667
2013-08-20,15:37:04,0,6.733258565266925,0.4
2013-08-20,15:42:04,0,8.399887084960938,0.3333333333333333
2013-08-20,15:47:04,0,6.599960327148438,0.06666666666666668
2013-08-20,15:52:05,0,6.066576639811197,0.26666666666666666
2013-08-20,15:57:05,0,6.599922180175781,0.13333333333333333
2013-08-20,16:02:05,0,5.399932861328125,0.26666666666666666
2013-08-20,16:07:05,0,8.599929809570312,0.4666666666666667
2013-08-20,16:12:05,0,8.39996337890625,0.26666666666666666
2013-08-20,16:17:05,0,6.799926757812499,0.2
2013-08-20,16:22:05,0,6.799888610839844,0.26666666666666666
2013-08-20,16:27:05,0,5.933240254720053,0.06666666666666668
2013-08-20,16:32:05,0,6.999969482421875,0.13333333333333333
2013-08-20,16:37:05,0,4.9999237060546875,0.06666666666666668
2013-08-20,16:42:05,0,5.666567484537762,0.2
2013-08-20,16:47:05,0,3.5998916625976562,0.06666666666666668
2013-08-20,16:52:05,0,5.666605631510416,0.06666666666666668
2013-08-20,16:57:05,0,5.999946594238281,0.2
2013-08-20,17:02:05,0,5.399932861328125,0.2
2013-08-20,17:07:05,0,7.599945068359375,0.2
2013-08-20,17:12:05,0,7.7999114990234375,0.2
2013-08-20,17:17:05,0,5.399932861328125,0.13333333333333333
2013-08-20,17:22:05,0,6.399955749511718,0.26666666666666666
2013-08-20,17:27:05,0,6.199951171875,0.4666666666666667
2013-08-20,17:32:05,0,7.399940490722656,0.06666666666666668
2013-08-20,17:37:05,0,4.9999237060546875,0.2
2013-08-20,17:42:05,0,5.799903869628906,0.2
2013-08-20,17:47:05,0,3.46655527750651,0.3333333333333333
2013-08-20,17:52:05,0,5.866610209147137,0.2
2013-08-20,17:57:05,0,6.399955749511718,0.4666666666666667
2013-08-20,18:02:05,0,6.199951171875,0.3333333333333333
2013-08-20,18:07:06,0,7.7999114990234375,0.2
2013-08-20,18:12:06,0,6.999918619791666,0.4
2013-08-20,18:17:06,0,5.999946594238281,0.13333333333333333
2013-08-20,18:22:06,0,4.799919128417969,0.2
2013-08-20,18:27:06,0,4.1999053955078125,0.06666666666666668
2013-08-20,18:32:06,0,6.399955749511718,0.13333333333333333
2013-08-20,18:37:06,0,7.599894205729169,0.26666666666666666
2013-08-20,18:47:06,0,8.533287048339844,0.06666666666666668
2013-08-20,18:52:06,0,6.3999176025390625,0.06666666666666668
2013-08-20,18:57:06,0,5.533269246419271,0.13333333333333333
2013-08-20,19:02:06,0,8.53326161702474,0.06666666666666668
2013-08-20,19:07:05,0,6.399955749511718,0.06666666666666668
2013-08-20,19:12:05,0,6.3999176025390625,0.26666666666666666
2013-08-20,19:17:05,0,6.799926757812499,0.13333333333333333
2013-08-20,19:22:05,0,6.399955749511718,0.06666666666666668
2013-08-20,19:27:05,0.8,7.399940490722656,0.6666666666666666
2013-08-20,19:32:05,1.6666666666666663,35.99997202555338,0.13333333333333333
2013-08-20,19:37:05,0.13333333333333333,17.666562398274742,0.2
2013-08-20,19:42:05,0,10.466562906901041,0.13333333333333333
2013-08-20,19:47:05,0,5.866610209147137,0.06666666666666668
2013-08-20,19:52:06,0,5.133260091145833,0.06666666666666668
2013-08-20,19:57:06,0,5.399932861328125,0.13333333333333333
2013-08-20,20:02:06,0,6.466585795084636,0.13333333333333333
2013-08-20,20:07:06,0,6.86663309733073,0.3333333333333333
2013-08-20,20:12:06,0,5.466601053873697,0.13333333333333333
2013-08-20,20:17:06,0,6.066576639811197,0.13333333333333333
2013-08-20,20:22:06,0,8.133265177408854,0.06666666666666668
2013-08-20,20:27:06,1.4,12.066561381022133,0.13333333333333333
2013-08-20,20:32:06,0,23.19990793863932,0.13333333333333333
2013-08-20,20:37:06,0,9.86657460530599,0.06666666666666668
2013-08-20,20:42:06,0,7.199974060058594,0.13333333333333333
2013-08-20,20:47:06,0,6.466573079427083,0.13333333333333333
2013-08-20,20:52:06,0,6.599960327148438,0.13333333333333333
2013-08-20,20:57:06,0,5.599937438964844,0.06666666666666668
2013-08-20,21:02:06,0,5.2665964762369795,0.13333333333333333
2013-08-20,21:07:06,0,4.666582743326822,0.06666666666666668
2013-08-20,21:12:06,0,5.199928283691406,0.2
2013-08-20,21:17:06,0,4.933255513509115,0.06666666666666668
2013-08-20,21:22:06,0,6.733258565266925,0.13333333333333333
2013-08-20,21:27:06,0,6.199951171875,0.13333333333333333
2013-08-20,21:32:06,0,5.199928283691406,0.13333333333333333
2013-08-20,21:37:06,0,6.466623942057291,0.13333333333333333
2013-08-20,21:42:06,0,6.266593933105469,0.06666666666666668
2013-08-20,21:47:06,0,7.466557820638021,0.06666666666666668
2013-08-20,21:52:06,0,5.666605631510416,0.2
2013-08-20,21:57:06,0,7.1999359130859375,0.2
2013-08-20,22:02:06,0,5.399932861328125,0.06666666666666668
2013-08-20,22:07:07,0,5.599937438964844,0.06666666666666668
2013-08-20,22:12:07,0,5.2665964762369795,0.06666666666666668
2013-08-20,22:17:07,0,5.866610209147137,0.13333333333333333
2013-08-20,22:22:07,0,5.733273824055988,0.06666666666666668
2013-08-20,22:27:07,0,5.466601053873697,0.06666666666666668
2013-08-20,22:32:07,0,7.7999114990234375,0.13333333333333333
2013-08-20,22:37:07,0,5.733273824055988,0.06666666666666668
2013-08-20,22:42:07,0,5.399932861328125,0.13333333333333333
2013-08-20,22:47:07,0,5.533269246419271,0.13333333333333333
2013-08-20,22:52:07,0,6.6666285196940125,0.06666666666666668
2013-08-20,22:57:07,0,4.466578165690104,0.06666666666666668
2013-08-20,23:02:07,0,5.333264668782553,0.13333333333333333
2013-08-20,23:07:07,0,7.266604105631512,0.06666666666666668
2013-08-20,23:12:07,0,6.133257548014324,0.13333333333333333
2013-08-20,23:17:07,0,6.266568501790365,0.2
2013-08-20,23:22:07,0,5.933278401692709,0.2
2013-08-20,23:27:07,0,5.866610209147137,0.06666666666666668
2013-08-20,23:32:07,0,6.066614786783854,0.13333333333333333
2013-08-20,23:37:07,0,6.199951171875,0.13333333333333333
2013-08-20,23:42:07,0,5.2665964762369795,0.13333333333333333
2013-08-20,23:47:07,0,7.13330586751302,0.13333333333333333
2013-08-20,23:52:07,0,7.266565958658854,0.06666666666666668
2013-08-20,23:57:07,0,6.333262125651042,0.06666666666666668
2013-08-21,00:02:07,0,6.399904886881512,0.26666666666666666
2013-08-21,00:07:07,0.2,6.86663309733073,0.06666666666666668
2013-08-21,00:12:07,0,5.466601053873697,0.06666666666666668
2013-08-21,00:17:07,0,4.333241780598959,0.13333333333333333
2013-08-21,00:22:07,0,5.466601053873697,0.13333333333333333
2013-08-21,00:27:07,0,6.599960327148438,0.06666666666666668
2013-08-21,00:32:07,0,5.533269246419271,0.06666666666666668
2013-08-21,00:37:07,0.33333333333333337,6.066614786783854,0.06666666666666668
2013-08-21,00:42:08,0.2,7.19989776611328,0.13333333333333333
2013-08-21,00:47:08,0.06666666666666668,5.666605631510416,0.13333333333333333
2013-08-21,00:52:08,0,6.13324483235677,0.13333333333333333
2013-08-21,00:57:08,0.2,5.466601053873697,0.06666666666666668
2013-08-21,01:02:08,0,5.999946594238281,0.13333333333333333
2013-08-21,01:07:08,0.4,6.533253987630207,0.26666666666666666
2013-08-21,01:12:08,0.13333333333333333,5.2665964762369795,0.2
2013-08-21,01:17:08,0,6.266581217447918,0.06666666666666668
2013-08-21,01:22:08,0,5.933278401692709,0.2
2013-08-21,01:27:08,0.06666666666666668,4.9999237060546875,0.06666666666666668
2013-08-21,01:32:08,0.06666666666666668,5.533269246419271,0.06666666666666668
2013-08-21,01:37:09,0,5.666605631510416,0.06666666666666668
2013-08-21,01:42:09,0,5.533269246419271,0.06666666666666668
2013-08-21,01:47:09,0.13333333333333333,5.399932861328125,0.13333333333333333
2013-08-21,01:52:09,0,5.7999420166015625,0.26666666666666666
2013-08-21,01:57:09,0,6.066614786783854,0.06666666666666668
2013-08-21,02:02:09,0.13333333333333333,6.266619364420572,0.06666666666666668
2013-08-21,02:07:09,0,6.533253987630207,0.13333333333333333
2013-08-21,02:12:09,0,6.199951171875,0.13333333333333333
2013-08-21,02:17:09,0,7.999890645345052,0.13333333333333333
2013-08-21,02:22:09,0,7.266591389973959,0.13333333333333333
2013-08-21,02:27:09,0,6.733271280924479,0.06666666666666668
2013-08-21,02:32:09,0,7.266591389973959,0.13333333333333333
2013-08-21,02:37:09,0,7.733243306477864,0.06666666666666668
2013-08-21,02:42:09,0,6.266619364420572,0.13333333333333333
2013-08-21,02:47:09,0,5.199928283691406,0.13333333333333333
2013-08-21,02:52:09,0,6.86663309733073,0.26666666666666666
2013-08-21,02:57:09,0,6.799964904785156,0.13333333333333333
2013-08-21,03:02:09,0,4.466578165690104,0.06666666666666668
2013-08-21,03:07:09,0,4.399909973144531,0.2
2013-08-21,03:12:09,0,7.399953206380207,0.13333333333333333
2013-08-21,03:17:09,0,6.799888610839844,0.2
2013-08-21,03:22:09,0,5.7332611083984375,0.13333333333333333
2013-08-21,03:27:09,0,5.466601053873697,0.06666666666666668
2013-08-21,03:32:09,0,6.666590372721354,0.13333333333333333
2013-08-21,03:37:09,0,5.733273824055988,0.13333333333333333
2013-08-21,03:42:09,0,3.9999008178710938,0.06666666666666668
2013-08-21,03:47:09,0,5.733273824055988,0.2
2013-08-21,03:52:09,0,7.399902343750001,0.06666666666666668
2013-08-21,03:57:09,0,6.933301289876302,0.06666666666666668
2013-08-21,04:02:09,0,4.533246358235678,0.13333333333333333
2013-08-21,04:07:10,0,6.266619364420572,0.26666666666666666
2013-08-21,04:12:09,0,5.866572062174479,0.13333333333333333
2013-08-21,04:17:09,0,6.99993133544922,0.06666666666666668
2013-08-21,04:22:09,0,5.333264668782553,0.13333333333333333
2013-08-21,04:27:09,0,6.266619364420572,0.13333333333333333
2013-08-21,04:32:09,0,6.933301289876302,0.06666666666666668
2013-08-21,04:37:09,0,6.9999059041341125,0.13333333333333333
2013-08-21,04:42:09,0,6.4665985107421875,0.26666666666666666
2013-08-21,04:47:09,0,6.799964904785156,0.13333333333333333
2013-08-21,04:52:09,0,5.7999420166015625,0.06666666666666668
2013-08-21,04:57:09,0,5.999946594238281,0.13333333333333333
2013-08-21,05:02:09,0,5.666605631510416,0.2
2013-08-21,05:07:09,0,5.399932861328125,0.13333333333333333
2013-08-21,05:12:09,0,6.333287556966144,0.26666666666666666
2013-08-21,05:17:09,0,4.933255513509115,0.2
2013-08-21,05:22:09,0,6.333287556966144,0.06666666666666668
2013-08-21,05:27:09,0,5.999908447265625,0.2
2013-08-21,05:32:09,0,5.533269246419271,0.06666666666666668
2013-08-21,05:37:09,0,5.2665964762369795,0.06666666666666668
2013-08-21,05:42:09,0,5.466601053873697,0.2
2013-08-21,05:47:09,0,5.866610209147137,0.06666666666666668
2013-08-21,05:52:09,0,5.999946594238281,0.06666666666666668
2013-08-21,05:57:10,0,6.199951171875,0.13333333333333333
2013-08-21,06:02:10,0,4.333241780598959,0.06666666666666668
2013-08-21,06:07:10,0,7.933247884114582,0.06666666666666668
2013-08-21,06:12:10,0,5.399932861328125,0.13333333333333333
2013-08-21,06:17:10,0,5.999946594238281,0.13333333333333333
2013-08-21,06:22:10,0,7.266591389973959,0.2
2013-08-21,06:27:10,0,6.599934895833331,0.06666666666666668
2013-08-21,06:32:10,0,7.799949645996093,0.3333333333333333
2013-08-21,06:37:10,0,7.066599527994794,0.2
2013-08-21,06:42:10,0,6.799926757812499,0.06666666666666668
2013-08-21,06:47:10,0,5.866610209147137,0.13333333333333333
2013-08-21,06:52:10,0,5.666605631510416,0.06666666666666668
2013-08-21,06:57:10,0,5.399932861328125,0.13333333333333333
2013-08-21,07:02:10,0.4,6.399955749511718,1.2666666666666666
2013-08-21,07:07:10,0.13333333333333333,8.533223470052082,0.06666666666666668
2013-08-21,07:12:10,0,6.866594950358072,0.13333333333333333
2013-08-21,07:17:10,0,6.6666285196940125,0.13333333333333333
2013-08-21,07:22:10,0,5.2665964762369795,0.06666666666666668
2013-08-21,07:27:10,0,7.999954223632813,0.06666666666666668
2013-08-21,07:32:10,0,6.199951171875,0.06666666666666668
2013-08-21,07:37:10,0,7.133267720540365,0.2
2013-08-21,07:42:10,0,6.066614786783854,0.06666666666666668
2013-08-21,07:47:10,0,6.133282979329426,0.13333333333333333
2013-08-21,07:52:10,0,5.7999420166015625,0.06666666666666668
2013-08-21,07:57:10,0,6.733258565266925,0.13333333333333333
2013-08-21,08:02:10,0,6.799888610839844,0.06666666666666668
2013-08-21,08:07:11,0.13333333333333333,6.066614786783854,0.2
2013-08-21,08:12:11,0,5.999946594238281,0.06666666666666668
2013-08-21,08:17:11,0,6.066614786783854,0.13333333333333333
2013-08-21,08:22:11,0,6.466585795084636,0.13333333333333333
2013-08-21,08:27:11,0,6.199951171875,0.6
2013-08-21,08:32:11,0,4.933255513509115,0.06666666666666668
2013-08-21,08:37:11,0,7.066599527994794,0.06666666666666668
2013-08-21,08:42:11,0,6.733258565266925,0.06666666666666668
2013-08-21,08:47:11,0,6.199951171875,0.13333333333333333
2013-08-21,08:52:11,0,6.99993133544922,0.2
2013-08-21,08:57:11,0,5.666605631510416,0.13333333333333333
2013-08-21,09:02:11,0,4.533246358235678,0.13333333333333333
2013-08-21,09:07:11,0,6.866594950358072,0.06666666666666668
2013-08-21,09:12:11,0,7.066561381022135,0.3333333333333333
2013-08-21,09:17:11,2.466666666666667,33.33325703938802,0.26666666666666666
2013-08-21,09:22:11,0.06666666666666668,21.199913024902344,0.06666666666666668
2013-08-21,09:27:11,0,12.39990234375,0.06666666666666668
2013-08-21,09:32:11,0,9.399922688802082,0.13333333333333333
2013-08-21,09:37:11,0,7.466646830240885,0.3333333333333333
2013-08-21,09:42:11,0,6.866594950358072,0.13333333333333333
2013-08-21,09:47:11,0,5.7999420166015625,0.13333333333333333
2013-08-21,09:52:11,0,5.933278401692709,0.2
2013-08-21,09:57:11,0,5.866572062174479,0.4
2013-08-21,10:02:11,0,6.533253987630207,0.13333333333333333
2013-08-21,10:07:11,0,5.466601053873697,0.4
2013-08-21,10:12:11,0,5.666605631510416,0.26666666666666666
2013-08-21,10:17:12,0,6.066614786783854,0.2
2013-08-21,10:22:12,0,5.733273824055988,0.2
2013-08-21,10:27:12,0,4.9999237060546875,0.2
2013-08-21,10:32:12,0,4.466578165690104,0.06666666666666668
2013-08-21,10:37:12,0,5.933278401692709,0.13333333333333333
2013-08-21,10:42:12,0,5.133260091145833,0.4
2013-08-21,10:47:12,0,6.266619364420572,0.4666666666666667
2013-08-21,10:52:12,0,5.666567484537762,0.13333333333333333
2013-08-21,10:57:12,0,4.533246358235678,0.4
2013-08-21,11:02:12,0,6.933263142903646,0.3333333333333333
2013-08-21,11:07:12,0,6.066614786783854,0.2
2013-08-21,11:12:12,0,6.066614786783854,0.13333333333333333
2013-08-21,11:17:12,0,6.99993133544922,0.2
2013-08-21,11:22:12,0,5.666605631510416,0.4
2013-08-21,11:27:12,0,5.06659189860026,0.13333333333333333
2013-08-21,11:32:12,0,4.933255513509115,0.2
2013-08-21,11:37:12,0,7.866579691569011,0.13333333333333333
2013-08-21,11:42:12,0,6.733258565266925,0.06666666666666668
2013-08-21,11:47:12,0,7.066599527994794,0.2
2013-08-21,11:52:12,0,6.333249409993489,0.2
2013-08-21,11:57:12,0,8.599929809570312,0.2
2013-08-21,12:02:12,0,7.733281453450519,0.13333333333333333
2013-08-21,12:07:12,0,6.933301289876302,0.06666666666666668
2013-08-21,12:12:12,0,7.4666086832682295,0.13333333333333333
2013-08-21,12:17:12,0,5.599937438964844,0.13333333333333333
2013-08-21,12:22:12,0,4.9999237060546875,0.3333333333333333
2013-08-21,12:27:12,0,3.9332326253255214,0.13333333333333333
2013-08-21,12:32:12,0,5.7999420166015625,0.3333333333333333
2013-08-21,12:37:12,0,5.866610209147137,0.26666666666666666
2013-08-21,12:42:12,0,5.7999420166015625,0.2
2013-08-21,12:47:12,0,6.199951171875,0.6
2013-08-21,12:52:12,0,7.399902343750001,0.06666666666666668
2013-08-21,12:57:12,0,6.3999176025390625,0.13333333333333333
2013-08-21,13:02:12,0,4.399909973144531,0.6
2013-08-21,13:07:12,0,6.3999176025390625,0.2
2013-08-21,13:12:12,0,5.599937438964844,0.2
2013-08-21,13:17:12,0,4.399909973144531,0.2
2013-08-21,13:22:12,0,4.533246358235678,0.13333333333333333
2013-08-21,13:27:12,0,5.7999420166015625,0.13333333333333333
2013-08-21,13:32:12,0,5.399932861328125,0.26666666666666666
2013-08-21,13:37:12,0,4.59991455078125,0.2
2013-08-21,13:42:12,0,5.7999420166015625,0.06666666666666668
2013-08-21,13:47:12,0,5.399932861328125,0.2
2013-08-21,13:52:12,0,6.733296712239584,0.06666666666666668
2013-08-21,13:57:12,0,5.933240254720053,0.13333333333333333
2013-08-21,14:02:12,0,6.466623942057291,0.06666666666666668
2013-08-21,14:07:12,0,7.599983215332032,0.2
2013-08-21,14:12:12,0,7.13330586751302,0.3333333333333333
2013-08-21,14:17:12,0,7.1999359130859375,0.2
2013-08-21,14:22:12,0,4.866587320963542,0.2
2013-08-21,14:27:12,0,5.866610209147137,0.13333333333333333
2013-08-21,14:32:12,0,6.399955749511718,0.2
2013-08-21,14:37:12,0,7.999954223632813,0.06666666666666668
2013-08-21,14:42:12,0,6.799964904785156,0.06666666666666668
2013-08-21,14:47:12,0,5.7999420166015625,0.13333333333333333
2013-08-21,14:52:12,0,5.199928283691406,0.2
2013-08-21,14:57:12,0,4.866587320963542,0.4
2013-08-21,15:02:12,0,5.999946594238281,0.13333333333333333
2013-08-21,15:07:12,0,6.799964904785156,0.2
2013-08-21,15:12:12,0,5.7999420166015625,0.2
2013-08-21,15:17:12,0.06666666666666668,5.999946594238281,0.13333333333333333
2013-08-21,15:22:12,0,6.066614786783854,0.13333333333333333
2013-08-21,15:27:12,0,6.3999176025390625,0.26666666666666666
2013-08-21,15:32:12,0,5.399932861328125,0.3333333333333333
2013-08-21,15:37:13,0,5.466601053873697,0.13333333333333333
2013-08-21,15:42:13,0,5.7999420166015625,0.2
2013-08-21,15:47:13,0,4.799919128417969,0.2
2013-08-21,15:52:13,0,5.333264668782553,0.2
2013-08-21,15:57:13,0,6.066576639811197,0.13333333333333333
2013-08-21,16:02:13,0,5.399932861328125,0.06666666666666668
2013-08-21,16:07:13,0,5.599937438964844,0.3333333333333333
2013-08-21,16:12:13,0,7.599906921386719,0.2
2013-08-21,16:17:13,0,5.199928283691406,0.06666666666666668
2013-08-21,16:22:13,0,5.599937438964844,0.2
2013-08-21,16:27:13,0,5.06659189860026,0.13333333333333333
2013-08-21,16:32:13,0,6.199951171875,0.06666666666666668
2013-08-21,16:37:13,0,4.533246358235678,0.2
2013-08-21,16:42:13,0,6.799926757812499,0.13333333333333333
2013-08-21,16:47:13,0,4.9999237060546875,0.2
2013-08-21,16:52:13,0,5.999946594238281,0.2
2013-08-21,16:57:13,0,3.666559855143228,0.2
2013-08-21,17:02:13,0,5.999946594238281,0.13333333333333333
2013-08-21,17:07:13,0,6.599960327148438,0.2
2013-08-21,17:12:13,0,6.99993133544922,0.06666666666666668
2013-08-21,17:17:13,0,4.1999053955078125,0.06666666666666668
2013-08-21,17:22:13,0,4.59991455078125,0.06666666666666668
2013-08-21,17:27:13,0,6.399955749511718,0.2
2013-08-21,17:32:13,0,6.599960327148438,0.26666666666666666
2013-08-21,17:37:13,0,6.399955749511718,0.13333333333333333
2013-08-21,17:42:13,0,5.199928283691406,0.2
2013-08-21,17:47:13,0,6.199951171875,0.26666666666666666
2013-08-21,17:52:13,0,5.7999420166015625,0.13333333333333333
2013-08-21,17:57:13,0,5.599937438964844,0.13333333333333333
2013-08-21,18:02:13,0,7.266604105631512,0.13333333333333333
2013-08-21,18:07:13,0,6.99993133544922,0.2
2013-08-21,18:12:13,0,6.199951171875,0.2
2013-08-21,18:17:14,0,6.933263142903646,0.06666666666666668
2013-08-21,18:22:14,0,5.599937438964844,0.26666666666666666
2013-08-21,18:27:14,0,5.7999420166015625,0.2
2013-08-21,18:32:14,0,7.19989776611328,0.2
2013-08-21,18:37:14,0,6.133282979329426,0.2
2013-08-21,18:42:14,0,5.733273824055988,0.13333333333333333
2013-08-21,18:47:14,0,7.599906921386719,0.2
2013-08-21,18:52:14,0,6.199951171875,0.26666666666666666
2013-08-21,18:57:14,0,6.066614786783854,0.13333333333333333
2013-08-21,19:02:14,0,7.599906921386719,0.06666666666666668
2013-08-21,19:07:14,0,5.466562906901041,0.26666666666666666
2013-08-21,19:12:14,0,6.599922180175781,0.13333333333333333
2013-08-21,19:17:14,0,5.7999420166015625,0.13333333333333333
2013-08-21,19:22:14,0,5.399932861328125,0.13333333333333333
2013-08-21,19:27:14,0,4.666582743326822,0.2
2013-08-21,19:32:14,0,5.599937438964844,0.06666666666666668
2013-08-21,19:37:14,0,5.933278401692709,0.26666666666666666
2013-08-21,19:42:14,0,7.9998779296875,0.06666666666666668
2013-08-21,19:47:14,0,6.199951171875,0.2
2013-08-21,19:52:14,0,5.999946594238281,0.2
2013-08-21,19:57:14,0,5.133260091145833,0.2
2013-08-21,20:02:14,0,5.466601053873697,0.06666666666666668
2013-08-21,20:07:14,0,6.86663309733073,0.26666666666666666
2013-08-21,20:12:14,0,4.59991455078125,0.13333333333333333
2013-08-21,20:17:14,0,4.1999053955078125,0.2
2013-08-21,20:22:15,0,3.533223470052084,0.2
2013-08-21,20:27:15,0.4666666666666666,7.2666168212890625,0.2
2013-08-21,20:32:15,0.9333333333333332,23.533287048339844,0.06666666666666668
2013-08-21,20:37:15,0,11.066563924153645,0.26666666666666666
2013-08-21,20:42:15,0.06666666666666668,9.399948120117188,0.13333333333333333
2013-08-21,20:47:15,0,5.7999420166015625,0.2
2013-08-21,20:52:15,0,5.7999420166015625,0.2
2013-08-21,20:57:15,0,6.133282979329426,0.2
2013-08-21,21:02:15,0,5.333264668782553,0.06666666666666668
2013-08-21,21:07:15,0,4.666582743326822,0.2
2013-08-21,21:12:15,0,5.599937438964844,0.06666666666666668
2013-08-21,21:17:15,0,6.199951171875,0.06666666666666668
2013-08-21,21:22:15,0,5.133260091145833,0.2
2013-08-21,21:27:15,0,5.06659189860026,0.13333333333333333
2013-08-21,21:32:15,0,6.666577657063801,0.13333333333333333
2013-08-21,21:37:15,0,6.399955749511718,0.3333333333333333
2013-08-21,21:42:15,0,5.866610209147137,0.13333333333333333
2013-08-21,21:47:15,0,5.599937438964844,0.13333333333333333
2013-08-21,21:52:15,0,5.5998992919921875,0.2
2013-08-21,21:57:15,0,5.399932861328125,0.13333333333333333
2013-08-21,22:02:16,0,6.199951171875,0.13333333333333333
2013-08-21,22:07:16,0,4.799919128417969,0.2
2013-08-21,22:12:16,0,5.7999420166015625,0.06666666666666668
2013-08-21,22:17:16,0,6.333287556966144,0.13333333333333333
2013-08-21,22:22:15,0,6.13324483235677,0.2
2013-08-21,22:27:15,0,4.7332509358723955,0.3333333333333333
2013-08-21,22:32:15,0,4.266573588053386,0.13333333333333333
2013-08-21,22:37:15,0,6.333249409993489,0.2
2013-08-21,22:42:15,2.4,19.13324991861979,0.06666666666666668
2013-08-21,22:47:15,0,29.866561889648434,0.06666666666666668
2013-08-21,22:52:15,0,13.39991251627604,0.13333333333333333
2013-08-21,22:57:15,0,9.466527303059896,0.13333333333333333
2013-08-21,23:02:15,0,7.866617838541666,0.13333333333333333
2013-08-21,23:07:15,0,7.599945068359375,0.26666666666666666
2013-08-21,23:12:15,0,7.866579691569011,0.06666666666666668
2013-08-21,23:17:15,0,6.933301289876302,0.06666666666666668
2013-08-21,23:22:15,0,5.533269246419271,0.2
2013-08-21,23:27:15,0,6.599922180175781,0.2
2013-08-21,23:32:15,0,5.666605631510416,0.2
2013-08-21,23:37:15,0,4.466578165690104,0.13333333333333333
2013-08-21,23:42:15,0,5.599937438964844,0.06666666666666668
2013-08-21,23:47:16,0.06666666666666668,4.9999237060546875,0.2
2013-08-21,23:52:16,0.13333333333333333,6.466623942057291,0.2
2013-08-21,23:57:16,0.2,4.9999237060546875,0.13333333333333333
2013-08-22,00:02:16,0,5.333264668782553,0.13333333333333333
2013-08-22,00:07:16,0.5333333333333333,6.199951171875,0.2
2013-08-22,00:12:16,0.13333333333333333,6.599934895833331,0.06666666666666668
2013-08-22,00:17:16,0,6.866556803385417,0.2
2013-08-22,00:22:16,0,4.533233642578125,0.26666666666666666
2013-08-22,00:27:16,0,4.1999053955078125,0.06666666666666668
2013-08-22,00:32:16,0,3.666559855143228,0.13333333333333333
2013-08-22,00:37:16,0.4,4.7332509358723955,0.26666666666666666
2013-08-22,00:42:16,0.06666666666666668,5.466601053873697,0.06666666666666668
2013-08-22,00:47:16,0.5333333333333333,3.9999008178710938,0.13333333333333333
2013-08-22,00:52:16,0.2,4.7332509358723955,0.13333333333333333
2013-08-22,00:57:16,0.26666666666666666,5.399932861328125,0.13333333333333333
2013-08-22,01:02:17,0.4,6.333287556966144,0.13333333333333333
2013-08-22,01:07:17,0.06666666666666668,6.733258565266925,0.2
2013-08-22,01:12:17,0.06666666666666668,5.333264668782553,0.26666666666666666
2013-08-22,01:17:17,0.26666666666666666,6.666590372721354,0.2
2013-08-22,01:22:17,0.14285714285714288,5.28564453125,0.07142857142857142
2013-08-22,01:27:17,0,6.13324483235677,0.13333333333333333
2013-08-22,01:32:17,0,7.133267720540365,0.13333333333333333
2013-08-22,01:37:17,0.4,12.399940490722656,0.2
2013-08-22,01:42:17,0,7.799936930338541,0.2
2013-08-22,01:47:17,0,5.733273824055988,0.26666666666666666
2013-08-22,01:52:17,0,5.199928283691406,0.13333333333333333
2013-08-22,01:57:17,0,5.7999420166015625,0.13333333333333333
2013-08-22,02:02:17,0.06666666666666668,5.199928283691406,0.06666666666666668
2013-08-22,02:07:17,0,5.933240254720053,0.2
2013-08-22,02:12:17,0,7.599957784016925,0.26666666666666666
2013-08-22,02:17:17,0,6.5999094645182295,0.06666666666666668
2013-08-22,02:22:17,0,5.333264668782553,0.2
2013-08-22,02:27:17,0,5.06659189860026,0.06666666666666668
2013-08-22,02:32:17,0,5.666605631510416,0.06666666666666668
2013-08-22,02:37:17,0,6.599960327148438,0.2
2013-08-22,02:42:17,0,6.133282979329426,0.13333333333333333
2013-08-22,02:47:17,0,5.666605631510416,0.13333333333333333
2013-08-22,02:52:17,0,3.666559855143228,0.13333333333333333
2013-08-22,02:57:17,0,4.533246358235678,0.13333333333333333
2013-08-22,03:02:17,0,7.6428004673549115,0.14285714285714285
2013-08-22,03:07:17,0,5.466601053873697,0.26666666666666666
2013-08-22,03:12:17,0,5.399932861328125,0.06666666666666668
2013-08-22,03:17:17,0,3.9999008178710938,0.26666666666666666
2013-08-22,03:22:17,0,4.866587320963542,0.13333333333333333
2013-08-22,03:27:17,0,7.666587829589844,0.13333333333333333
2013-08-22,03:32:17,0.06666666666666668,6.799914042154947,0.13333333333333333
2013-08-22,03:37:17,0,4.785633087158203,0.21428571428571427
2013-08-22,03:42:18,0,7.999951498849052,0.14285714285714285
2013-08-22,03:47:18,0,6.266619364420572,0.06666666666666668
2013-08-22,03:52:18,0,5.428504943847656,0.07142857142857142
2013-08-22,03:57:18,0,5.866572062174479,0.13333333333333333
2013-08-22,04:02:18,0,4.59991455078125,0.26666666666666666
2013-08-22,04:07:18,0,4.866587320963542,0.2
2013-08-22,04:12:18,0,5.071353912353516,0.07142857142857142
2013-08-22,04:17:18,0,5.357074737548828,0.21428571428571427
2013-08-22,04:22:18,0,6.399955749511718,0.06666666666666668
2013-08-22,04:27:18,0,5.142784118652344,0.07142857142857142
2013-08-22,04:32:18,0,6.799964904785156,0.13333333333333333
2013-08-22,04:37:18,0,4.357051849365234,0.14285714285714285
2013-08-22,04:42:18,0,5.642795562744141,0.21428571428571427
2013-08-22,04:47:18,0,7.0713588169642865,0.14285714285714285
2013-08-22,04:52:18,0,5.499935150146484,0.14285714285714285
2013-08-22,04:57:18,0,5.999919346400668,0.2857142857142857
2013-08-22,05:02:18,0,6.42852783203125,0.2857142857142857
2013-08-22,05:07:18,0,5.466601053873697,0.26666666666666666
2013-08-22,05:12:18,0,4.714202880859375,0.14285714285714285
2013-08-22,05:17:18,0,6.642777579171318,0.21428571428571427
2013-08-22,05:22:18,0,5.999946594238281,0.07142857142857142
2013-08-22,05:27:18,0,6.285667419433594,0.21428571428571427
2013-08-22,05:32:18,0,6.42852783203125,0.07142857142857142
2013-08-22,05:37:18,0,5.142784118652344,0.07142857142857142
2013-08-22,05:42:18,0,5.28564453125,0.07142857142857142
2013-08-22,05:47:18,0,6.92849840436663,0.14285714285714285
2013-08-22,05:52:18,0,4.928493499755859,0.07142857142857142
2013-08-22,05:57:18,0,5.785655975341797,0.07142857142857142
2013-08-22,06:02:18,0,5.599937438964844,0.2
2013-08-22,06:07:18,0,4.642772674560547,0.2857142857142857
2013-08-22,06:12:18,0,4.1999053955078125,0.06666666666666668
2013-08-22,06:17:18,0,3.9284706115722656,0.07142857142857142
2013-08-22,06:22:18,0,4.4284820556640625,0.21428571428571427
2013-08-22,06:27:18,0,6.1428070068359375,0.21428571428571427
2013-08-22,06:32:18,0,6.92849840436663,0.14285714285714285
2013-08-22,06:37:18,0,5.933278401692709,0.2
2013-08-22,06:42:18,0,5.999946594238281,0.13333333333333333
2013-08-22,06:47:18,0,6.999867757161458,0.13333333333333333
2013-08-22,06:52:18,0,6.799952189127606,0.13333333333333333
2013-08-22,06:57:18,0,7.93328603108724,0.26666666666666666
2013-08-22,07:02:18,0.4666666666666666,6.333287556966144,1.0666666666666669
2013-08-22,07:07:18,0.06666666666666668,8.533210754394531,0.2
2013-08-22,07:12:18,0,7.599957784016925,0.13333333333333333
2013-08-22,07:17:19,0,7.66656239827474,0.13333333333333333
2013-08-22,07:22:19,0,4.799919128417969,0.06666666666666668
2013-08-22,07:27:18,0,7.866554260253906,0.2
2013-08-22,07:32:18,0,7.599906921386719,0.13333333333333333
2013-08-22,07:37:18,0,5.533269246419271,0.06666666666666668
2013-08-22,07:42:18,0,4.466578165690104,0.13333333333333333
2013-08-22,07:47:18,0,5.2665964762369795,0.2
2013-08-22,07:52:18,0,3.7998962402343754,0.13333333333333333
2013-08-22,07:57:18,0,4.1999053955078125,0.13333333333333333
2013-08-22,08:02:18,0,4.266573588053386,0.13333333333333333
2013-08-22,08:07:18,0.13333333333333333,6.466585795084636,0.13333333333333333
2013-08-22,08:12:18,0,6.466585795084636,0.13333333333333333
2013-08-22,08:17:18,0,6.199951171875,0.26666666666666666
2013-08-22,08:22:18,0,4.333241780598959,0.13333333333333333
2013-08-22,08:27:18,0,5.466601053873697,0.26666666666666666
2013-08-22,08:32:18,0,5.733273824055988,0.3333333333333333
2013-08-22,08:37:19,0,7.133267720540365,0.13333333333333333
2013-08-22,08:42:19,0,5.599937438964844,0.13333333333333333
2013-08-22,08:47:19,0,6.666590372721354,0.13333333333333333
2013-08-22,08:52:19,0,6.466623942057291,0.13333333333333333
2013-08-22,08:57:19,0,5.733273824055988,0.3333333333333333
2013-08-22,09:02:19,0,6.733296712239584,0.13333333333333333
2013-08-22,09:07:19,0,8.866564432779947,0.2
2013-08-22,09:12:19,0,5.799903869628906,0.3333333333333333
2013-08-22,09:17:19,0,5.7332611083984375,0.2
2013-08-22,09:22:19,0,5.199928283691406,0.3333333333333333
2013-08-22,09:27:19,0,4.866587320963542,0.3333333333333333
2013-08-22,09:32:19,0,7.066599527994794,0.3333333333333333
2013-08-22,09:37:19,0,6.1998748779296875,0.3333333333333333
2013-08-22,09:42:19,0,6.333287556966144,0.2
2013-08-22,09:47:19,0,6.599960327148438,0.26666666666666666
2013-08-22,09:52:19,0,5.7999420166015625,0.4
2013-08-22,09:57:19,0,6.066614786783854,0.4666666666666667
2013-08-22,10:02:19,0.06666666666666668,7.066612243652344,0.8666666666666667
2013-08-22,10:07:19,0,6.666615804036459,0.4666666666666667
2013-08-22,10:12:19,0,6.533292134602865,0.2
2013-08-22,10:17:19,0,5.933252970377604,0.2
2013-08-22,10:22:19,0,6.266555786132813,0.06666666666666668
2013-08-22,10:27:19,0,5.866584777832031,0.2
2013-08-22,10:32:19,0,5.06659189860026,0.13333333333333333
2013-08-22,10:37:19,0,5.399932861328125,0.26666666666666666
2013-08-22,10:42:19,0,5.06659189860026,0.13333333333333333
2013-08-22,10:47:19,0,5.933278401692709,0.3333333333333333
2013-08-22,10:52:19,0,6.533253987630207,0.2
2013-08-22,10:57:19,0,6.533292134602865,0.2
2013-08-22,11:02:19,0,7.333272298177083,0.2
2013-08-22,11:07:20,0,6.066576639811197,0.13333333333333333
2013-08-22,11:12:20,0,6.86663309733073,0.26666666666666666
2013-08-22,11:17:20,0,7.199974060058594,0.13333333333333333
2013-08-22,11:22:20,0,4.7332509358723955,0.13333333333333333
2013-08-22,11:27:20,0,6.733258565266925,0.06666666666666668
2013-08-22,11:32:20,0,6.399955749511718,0.26666666666666666
2013-08-22,11:37:20,0,8.133227030436197,0.26666666666666666
2013-08-22,11:42:20,0,7.733256022135417,0.26666666666666666
2013-08-22,11:47:20,0,4.799919128417969,0.2
2013-08-22,11:52:20,0,5.599937438964844,0.13333333333333333
2013-08-22,11:57:20,0,4.7332509358723955,0.4666666666666667
2013-08-22,12:02:20,0,5.733273824055988,0.2
2013-08-22,12:07:19,0,4.266573588053386,0.06666666666666668
2013-08-22,12:12:19,0,4.59991455078125,0.06666666666666668
2013-08-22,12:17:19,0,5.2665964762369795,0.4
2013-08-22,12:22:19,0,6.199951171875,0.06666666666666668
2013-08-22,12:27:19,0,6.133282979329426,0.06666666666666668
2013-08-22,12:32:19,0,5.2665964762369795,0.2
2013-08-22,12:37:19,0,6.333287556966144,0.2
2013-08-22,12:42:20,0,6.266619364420572,0.06666666666666668
2013-08-22,12:47:20,0,7.999992370605469,0.25
2013-08-22,12:52:20,0,6.599960327148438,0.2
2013-08-22,12:57:20,0,6.866582234700519,0.13333333333333333
2013-08-22,13:02:20,0,6.53326670328776,0.2
2013-08-22,13:07:20,0,5.933278401692709,0.13333333333333333
2013-08-22,13:12:20,0,5.06659189860026,0.06666666666666668
2013-08-22,13:17:20,0,5.466601053873697,0.3333333333333333
2013-08-22,13:22:20,0,6.599922180175781,0.3333333333333333
2013-08-22,13:27:20,0,5.733273824055988,0.2
2013-08-22,13:32:20,0,5.533269246419271,0.2
2013-08-22,13:37:20,0,5.06659189860026,0.2
2013-08-22,13:42:20,0,7.333272298177083,0.13333333333333333
2013-08-22,13:47:20,0,5.866610209147137,0.2
2013-08-22,13:52:20,0,5.599937438964844,0.13333333333333333
2013-08-22,13:57:20,0,5.933278401692709,0.13333333333333333
2013-08-22,14:02:20,0,5.999946594238281,0.2
2013-08-22,14:07:20,0,5.266583760579427,0.13333333333333333
2013-08-22,14:12:20,0,6.599896748860677,0.2
2013-08-22,14:17:20,0,7.066599527994794,0.2
2013-08-22,14:22:20,0,6.799964904785156,0.2
2013-08-22,14:27:20,0,6.999956766764324,0.26666666666666666
2013-08-22,14:32:20,2.2666666666666666,39.13321177164713,0.13333333333333333
2013-08-22,14:37:20,0,17.799924214680992,0.2
2013-08-22,14:42:20,0,10.666542053222656,0.06666666666666668
2013-08-22,14:47:21,0,6.599960327148438,0.26666666666666666
2013-08-22,14:52:21,0,7.399940490722656,0.3333333333333333
2013-08-22,14:57:21,0,5.999946594238281,0.2
2013-08-22,15:02:21,0,6.599960327148438,0.3333333333333333
2013-08-22,15:07:21,0,5.933278401692709,0.2
2013-08-22,15:12:21,0,4.466578165690104,0.4666666666666667
2013-08-22,15:17:21,0,6.066576639811197,0.3333333333333333
2013-08-22,15:22:21,0.06666666666666668,6.799926757812499,0.26666666666666666
2013-08-22,15:27:21,0,6.866582234700519,0.4
2013-08-22,15:32:21,0,6.599934895833331,0.2
2013-08-22,15:37:21,0,5.399920145670574,0.13333333333333333
2013-08-22,15:42:21,0,6.399892171223959,0.2
2013-08-22,15:47:21,0,8.399899800618488,0.26666666666666666
2013-08-22,15:52:21,0,6.599960327148438,0.2
2013-08-22,15:57:21,0,6.99993133544922,0.2
2013-08-22,16:02:21,0,5.333264668782553,0.13333333333333333
2013-08-22,16:07:21,0,7.999916076660156,0.2
2013-08-22,16:12:21,0,7.1999359130859375,0.13333333333333333
2013-08-22,16:17:21,0,6.199913024902344,0.26666666666666666
2013-08-22,16:22:21,0,6.9332758585612,0.26666666666666666
2013-08-22,16:27:21,0,6.066614786783854,0.2
2013-08-22,16:32:21,0,5.06659189860026,0.13333333333333333
2013-08-22,16:37:21,0,4.59991455078125,0.13333333333333333
2013-08-22,16:42:21,0,6.93328857421875,0.13333333333333333
2013-08-22,16:47:21,0,5.199902852376303,0.26666666666666666
2013-08-22,16:52:21,0,6.199913024902344,0.2
2013-08-22,16:57:21,0,6.199951171875,0.13333333333333333
2013-08-22,17:02:21,0,5.199928283691406,0.3333333333333333
2013-08-22,17:07:21,0,7.733281453450519,0.26666666666666666
2013-08-22,17:12:21,0,7.333272298177083,0.3333333333333333
2013-08-22,17:17:21,0,5.7999420166015625,0.4666666666666667
2013-08-22,17:22:21,0,5.599937438964844,0.4
2013-08-22,17:27:21,0,6.9998931884765625,0.06666666666666668
2013-08-22,17:32:21,0,5.133260091145833,0.13333333333333333
2013-08-22,17:37:21,0,5.2665964762369795,0.13333333333333333
2013-08-22,17:42:22,0,6.5999094645182295,0.2
2013-08-22,17:47:22,0,7.399953206380207,0.3333333333333333
2013-08-22,17:52:22,0,5.733273824055988,0.13333333333333333
2013-08-22,17:57:22,0,6.466623942057291,0.26666666666666666
2013-08-22,18:02:22,0,5.7999420166015625,0.26666666666666666
2013-08-22,18:07:22,0,6.199951171875,0.26666666666666666
2013-08-22,18:12:22,0,6.533292134602865,0.06666666666666668
2013-08-22,18:17:22,0,4.466578165690104,0.26666666666666666
2013-08-22,18:22:22,0,6.93328857421875,0.2
2013-08-22,18:27:22,0,4.533220926920573,0.13333333333333333
2013-08-22,18:32:22,0,6.599960327148438,0.26666666666666666
2013-08-22,18:37:22,0,5.199928283691406,0.13333333333333333
2013-08-22,18:42:22,0,5.599937438964844,0.26666666666666666
2013-08-22,18:47:22,0,3.9332326253255214,0.13333333333333333
2013-08-22,18:52:22,0,5.333264668782553,0.06666666666666668
2013-08-22,18:57:22,0,5.2665964762369795,0.06666666666666668
2013-08-22,19:02:22,0,5.599937438964844,0.2
2013-08-22,19:07:22,0,6.333287556966144,0.13333333333333333
2013-08-22,19:12:22,0,5.733273824055988,0.06666666666666668
2013-08-22,19:17:22,0,6.133282979329426,0.2
2013-08-22,19:22:22,0,6.466623942057291,0.06666666666666668
2013-08-22,19:27:22,0,8.199920654296875,0.13333333333333333
2013-08-22,19:32:22,0,5.2665964762369795,0.13333333333333333
2013-08-22,19:37:22,0,4.399909973144531,0.13333333333333333
2013-08-22,19:42:22,0,4.59991455078125,0.2
2013-08-22,19:47:22,0,4.59991455078125,0.3333333333333333
2013-08-22,19:52:22,0,5.199928283691406,0.06666666666666668
2013-08-22,19:57:23,0,5.399932861328125,0.06666666666666668
2013-08-22,20:02:23,0,6.799952189127606,0.26666666666666666
2013-08-22,20:07:23,0,5.199902852376303,0.2
2013-08-22,20:12:23,0,4.866587320963542,0.13333333333333333
2013-08-22,20:17:23,0,6.599922180175781,0.26666666666666666
2013-08-22,20:22:23,0,6.199951171875,0.13333333333333333
2013-08-22,20:27:23,0,6.199951171875,0.06666666666666668
2013-08-22,20:32:23,1.4,26.59993489583334,0.26666666666666666
2013-08-22,20:37:23,0,13.066558837890623,0.2
2013-08-22,20:42:23,0.13333333333333333,9.199943542480469,0.06666666666666668
2013-08-22,20:47:23,0,6.199951171875,0.2
2013-08-22,20:52:23,0,5.466601053873697,0.13333333333333333
2013-08-22,20:57:23,0,6.533292134602865,0.13333333333333333
2013-08-22,21:02:23,0,5.999946594238281,0.2
2013-08-22,21:07:23,0,5.399894714355469,0.26666666666666666
2013-08-22,21:12:23,0,5.999946594238281,0.06666666666666668
2013-08-22,21:17:23,0,6.066614786783854,0.26666666666666666
2013-08-22,21:22:23,0,5.533269246419271,0.06666666666666668
2013-08-22,21:27:23,0,6.066614786783854,0.13333333333333333
2013-08-22,21:32:23,0,6.599922180175781,0.13333333333333333
2013-08-22,21:37:23,0,5.199928283691406,0.3333333333333333
2013-08-22,21:42:23,0,5.2665964762369795,0.06666666666666668
2013-08-22,21:47:23,0,6.333249409993489,0.3333333333333333
2013-08-22,21:52:23,0,5.466601053873697,0.06666666666666668
2013-08-22,21:57:23,0,6.199951171875,0.3333333333333333
2013-08-22,22:02:23,0,5.599937438964844,0.2
2013-08-22,22:07:23,0,4.9999237060546875,0.06666666666666668
2013-08-22,22:12:23,0,6.399955749511718,0.06666666666666668
2013-08-22,22:17:23,0,6.733258565266925,0.26666666666666666
2013-08-22,22:22:23,0,6.599884033203125,0.13333333333333333
2013-08-22,22:27:23,0,5.7999420166015625,0.06666666666666668
2013-08-22,22:32:23,0,5.599937438964844,0.13333333333333333
2013-08-22,22:37:23,0,5.199928283691406,0.2
2013-08-22,22:42:23,0,6.199951171875,0.06666666666666668
2013-08-22,22:47:23,0,5.399932861328125,0.2
2013-08-22,22:52:23,0,5.7999420166015625,0.06666666666666668
2013-08-22,22:57:23,0,6.266619364420572,0.26666666666666666
2013-08-22,23:02:23,0,4.399909973144531,0.2
2013-08-22,23:07:23,0,5.199928283691406,0.13333333333333333
2013-08-22,23:12:23,0,5.599937438964844,0.13333333333333333
2013-08-22,23:17:23,0,6.599922180175781,0.26666666666666666
2013-08-22,23:22:23,0,5.333264668782553,0.2
2013-08-22,23:27:23,0,6.866544087727864,0.26666666666666666
2013-08-22,23:32:23,0,4.1999053955078125,0.13333333333333333
2013-08-22,23:37:24,0,5.199928283691406,0.06666666666666668
2013-08-22,23:42:24,0,6.466623942057291,0.06666666666666668
2013-08-22,23:47:24,0,6.199913024902344,0.26666666666666666
2013-08-22,23:52:24,0.13333333333333333,6.199951171875,0.06666666666666668
2013-08-22,23:57:24,0.13333333333333333,4.799919128417969,0.13333333333333333
2013-08-23,00:02:24,0,6.866556803385417,0.13333333333333333
2013-08-23,00:07:24,0.13333333333333333,7.1999359130859375,0.2
2013-08-23,00:12:24,0.13333333333333333,5.999946594238281,0.06666666666666668
2013-08-23,00:17:24,0,4.666582743326822,0.13333333333333333
2013-08-23,00:22:24,0,5.2665964762369795,0.06666666666666668
2013-08-23,00:27:24,0,6.733296712239584,0.13333333333333333
2013-08-23,00:32:24,0,6.99993133544922,0.2
2013-08-23,00:37:24,0.2,4.9999237060546875,0.13333333333333333
2013-08-23,00:42:24,0,6.799888610839844,0.13333333333333333
2013-08-23,00:47:24,0,4.799919128417969,0.26666666666666666
2013-08-23,00:52:24,0.13333333333333333,4.399909973144531,0.06666666666666668
2013-08-23,00:57:24,0.13333333333333333,6.066576639811197,0.06666666666666668
2013-08-23,01:02:24,0.06666666666666668,6.799964904785156,0.2
2013-08-23,01:07:25,0,5.999946594238281,0.26666666666666666
2013-08-23,01:12:25,0,5.599937438964844,0.13333333333333333
2013-08-23,01:17:25,0,4.59991455078125,0.2
2013-08-23,01:22:25,0,5.666605631510416,0.2
2013-08-23,01:27:25,0,5.599937438964844,0.13333333333333333
2013-08-23,01:32:25,0.2,5.133260091145833,0.13333333333333333
2013-08-23,01:37:25,0.06666666666666668,5.933278401692709,0.2
2013-08-23,01:42:25,0.06666666666666668,4.799919128417969,0.06666666666666668
2013-08-23,01:47:25,0.06666666666666668,5.399932861328125,0.3333333333333333
2013-08-23,01:52:25,0,5.999946594238281,0.06666666666666668
2013-08-23,01:57:25,0,6.199913024902344,0.13333333333333333
2013-08-23,02:02:25,0,5.999946594238281,0.13333333333333333
2013-08-23,02:07:25,0.06666666666666668,8.799896240234375,0.26666666666666666
2013-08-23,02:12:25,0,6.3999176025390625,0.13333333333333333
2013-08-23,02:17:25,0,4.399909973144531,0.26666666666666666
2013-08-23,02:22:25,0,6.599922180175781,0.06666666666666668
2013-08-23,02:27:25,0,6.866594950358072,0.2
2013-08-23,02:32:25,0,6.199913024902344,0.13333333333333333
2013-08-23,02:37:25,0,5.2665964762369795,0.2
2013-08-23,02:42:25,0,5.399932861328125,0.13333333333333333
2013-08-23,02:47:25,0,4.9999237060546875,0.2
2013-08-23,02:52:25,0,5.2665964762369795,0.13333333333333333
2013-08-23,02:57:25,0,6.466623942057291,0.13333333333333333
2013-08-23,03:02:25,0,7.066599527994794,0.2
2013-08-23,03:07:25,0,6.199951171875,0.06666666666666668
2013-08-23,03:12:25,0,5.799916585286459,0.26666666666666666
2013-08-23,03:17:25,0,8.066609700520834,0.2
2013-08-23,03:22:25,0,7.799962361653646,0.06666666666666668
2013-08-23,03:27:25,0,7.06658681233724,0.13333333333333333
2013-08-23,03:32:25,0,7.999916076660156,0.13333333333333333
2013-08-23,03:37:25,0,6.599960327148438,0.06666666666666668
2013-08-23,03:42:25,0,5.866610209147137,0.13333333333333333
2013-08-23,03:47:25,0,6.533292134602865,0.2
2013-08-23,03:52:25,0,6.133282979329426,0.06666666666666668
2013-08-23,03:57:25,0,4.59991455078125,0.2
2013-08-23,04:02:25,0,5.933278401692709,0.13333333333333333
2013-08-23,04:07:25,0,5.533269246419271,0.13333333333333333
2013-08-23,04:12:25,0,6.4665985107421875,0.13333333333333333
2013-08-23,04:17:26,0,5.266583760579427,0.3333333333333333
2013-08-23,04:22:26,0,5.999946594238281,0.13333333333333333
2013-08-23,04:27:26,0,5.599937438964844,0.06666666666666668
2013-08-23,04:32:26,0,5.999908447265625,0.26666666666666666
2013-08-23,04:37:26,0,4.933255513509115,0.13333333333333333
2013-08-23,04:42:26,0,5.466601053873697,0.13333333333333333
2013-08-23,04:47:26,0,5.866610209147137,0.26666666666666666
2013-08-23,04:52:26,2.4,11.533241271972656,0.3333333333333333
2013-08-23,04:57:26,0.06666666666666668,33.79990895589193,0.06666666666666668
2013-08-23,05:02:26,0.06666666666666668,15.39992014567057,0.13333333333333333
2013-08-23,05:07:26,0,9.466565450032551,0.2
2013-08-23,05:12:26,0,6.533292134602865,0.06666666666666668
2013-08-23,05:17:26,0,7.583268483479816,0.4166666666666667
2013-08-23,05:22:26,0,6.9998931884765625,0.06666666666666668
2013-08-23,05:27:26,0,4.59991455078125,0.26666666666666666
2013-08-23,05:32:26,0,7.4666086832682295,0.2
2013-08-23,05:37:26,0,5.866610209147137,0.06666666666666668
2013-08-23,05:42:26,0,6.266581217447918,0.06666666666666668
2013-08-23,05:47:26,0,6.599960327148438,0.2
2013-08-23,05:52:26,0,7.066574096679687,0.06666666666666668
2013-08-23,05:57:26,0,5.599924723307291,0.13333333333333333
2013-08-23,06:02:26,0,3.9332326253255214,0.4
2013-08-23,06:07:26,0,6.666590372721354,0.26666666666666666
2013-08-23,06:12:26,0,7.399940490722656,0.26666666666666666
2013-08-23,06:17:26,0,6.666590372721354,0.2
2013-08-23,06:22:26,0,5.933278401692709,0.26666666666666666
2013-08-23,06:27:26,0,4.799919128417969,0.06666666666666668
2013-08-23,06:32:26,0,7.466621398925781,0.3333333333333333
2013-08-23,06:37:26,0,7.733268737792969,0.2
2013-08-23,06:42:26,0,6.6666285196940125,0.13333333333333333
2013-08-23,06:47:26,0,5.799903869628906,0.13333333333333333
2013-08-23,06:52:26,0,4.866587320963542,0.13333333333333333
2013-08-23,06:57:26,0,6.533292134602865,0.13333333333333333
2013-08-23,07:02:26,0.4666666666666666,7.333272298177083,1.3333333333333333
2013-08-23,07:07:26,0.06666666666666668,5.933278401692709,0.2
2013-08-23,07:12:26,0,4.866587320963542,0.06666666666666668
2013-08-23,07:17:26,0,5.599937438964844,0.2
2013-08-23,07:22:26,0,6.599960327148438,0.06666666666666668
2013-08-23,07:27:26,0,5.599937438964844,0.13333333333333333
2013-08-23,07:32:26,0,7.13330586751302,0.26666666666666666
2013-08-23,07:37:26,0,6.799964904785156,0.2
2013-08-23,07:42:26,0,7.666587829589844,0.06666666666666668
2013-08-23,07:47:27,0,6.266568501790365,0.3333333333333333
2013-08-23,07:52:27,0,5.599937438964844,0.13333333333333333
2013-08-23,07:57:27,0,4.866587320963542,0.13333333333333333
2013-08-23,08:02:27,0,6.066614786783854,0.13333333333333333
2013-08-23,08:07:27,0,6.333287556966144,0.2
2013-08-23,08:12:27,0,5.666605631510416,0.13333333333333333
2013-08-23,08:17:27,0,4.399909973144531,0.3333333333333333
2013-08-23,08:22:27,0,6.066614786783854,0.2
2013-08-23,08:27:27,0,6.466623942057291,0.06666666666666668
2013-08-23,08:32:27,0,6.733296712239584,0.13333333333333333
2013-08-23,08:37:27,0,6.599922180175781,0.06666666666666668
2013-08-23,08:42:27,0,6.399955749511718,0.13333333333333333
2013-08-23,08:47:27,0,4.466578165690104,0.26666666666666666
2013-08-23,08:52:27,0,5.666605631510416,0.13333333333333333
2013-08-23,08:57:27,0,5.666605631510416,0.6
2013-08-23,09:02:27,0,5.733273824055988,0.13333333333333333
2013-08-23,09:07:27,0,5.2665964762369795,0.3333333333333333
2013-08-23,09:12:27,0,6.199951171875,0.13333333333333333
2013-08-23,09:17:27,0,6.933301289876302,0.2
2013-08-23,09:22:27,0,5.2665964762369795,0.13333333333333333
2013-08-23,09:27:27,0,6.933224995930988,0.2
2013-08-23,09:32:27,0,4.799919128417969,0.2
2013-08-23,09:37:27,0,6.333287556966144,0.2
2013-08-23,09:42:27,0,7.333272298177083,0.13333333333333333
2013-08-23,09:47:27,0,7.066561381022135,0.2
2013-08-23,09:52:27,0,6.199951171875,1.2
2013-08-23,09:57:27,0,5.2665964762369795,0.6666666666666666
2013-08-23,10:02:27,0,5.933278401692709,0.3333333333333333
2013-08-23,10:07:27,0.2,7.733243306477864,0.26666666666666666
2013-08-23,10:12:27,0,7.1999359130859375,0.3333333333333333
2013-08-23,10:17:27,0.06666666666666668,6.533292134602865,0.3333333333333333
2013-08-23,10:22:27,0,7.7999114990234375,0.06666666666666668
2013-08-23,10:27:28,0,5.06659189860026,0.4
2013-08-23,10:32:28,0,6.4665985107421875,0.2
2013-08-23,10:37:28,0,5.199915568033854,0.4
2013-08-23,10:42:28,0,4.799919128417969,0.13333333333333333
2013-08-23,10:47:28,0,5.866584777832031,0.2
2013-08-23,10:52:27,0,5.99993387858073,0.13333333333333333
2013-08-23,10:57:27,0,5.06659189860026,0.06666666666666668
2013-08-23,11:02:27,0,4.7332509358723955,0.3333333333333333
2013-08-23,11:07:27,0,6.733296712239584,0.26666666666666666
2013-08-23,11:12:27,0,6.399955749511718,0.2
2013-08-23,11:17:27,0,4.866587320963542,0.26666666666666666
2013-08-23,11:22:27,0,5.866610209147137,0.2
2013-08-23,11:27:27,0,6.266619364420572,0.13333333333333333
2013-08-23,11:32:28,0,7.133229573567706,0.26666666666666666
2013-08-23,11:37:28,0,7.666587829589844,0.6666666666666666
2013-08-23,11:42:28,0,6.4666112263997375,0.4
2013-08-23,11:47:28,0,5.733273824055988,0.3333333333333333
2013-08-23,11:52:28,0,5.399932861328125,0.06666666666666668
2013-08-23,11:57:28,0,8.399899800618488,0.2
2013-08-23,12:02:28,0,6.999956766764324,0.4
2013-08-23,12:07:28,0,6.133282979329426,0.13333333333333333
2013-08-23,12:12:28,0,6.666590372721354,0.13333333333333333
2013-08-23,12:17:28,0,5.733273824055988,0.13333333333333333
2013-08-23,12:22:28,0,5.999921162923176,0.13333333333333333
2013-08-23,12:27:28,0,7.266591389973959,0.06666666666666668
2013-08-23,12:32:28,0,5.333264668782553,0.26666666666666666
2013-08-23,12:37:28,0,5.733273824055988,0.3333333333333333
2013-08-23,12:42:28,0,7.599945068359375,0.13333333333333333
2013-08-23,12:47:28,0,5.866610209147137,0.2
2013-08-23,12:52:28,0,4.666582743326822,0.06666666666666668
2013-08-23,12:57:28,0,6.533292134602865,0.13333333333333333
2013-08-23,13:02:28,0,6.6666285196940125,0.3333333333333333
2013-08-23,13:07:28,0,6.799926757812499,0.26666666666666666
2013-08-23,13:12:28,0,8.533299763997395,0.2
2013-08-23,13:17:28,0,5.2665964762369795,0.3333333333333333
2013-08-23,13:22:28,0,4.133237202962239,0.13333333333333333
2013-08-23,13:27:28,0,3.5998916625976562,0.13333333333333333
2013-08-23,13:32:28,0,4.9999237060546875,0.2
2013-08-23,13:37:28,0,5.533269246419271,0.26666666666666666
2013-08-23,13:42:28,0,5.666605631510416,0.26666666666666666
2013-08-23,13:47:28,0,6.799964904785156,0.13333333333333333
2013-08-23,13:52:28,0,6.533253987630207,0.2
2013-08-23,13:57:28,0,7.19989776611328,0.2
2013-08-23,14:02:28,0,6.399955749511718,0.2
2013-08-23,14:07:28,0,5.933278401692709,0.06666666666666668
2013-08-23,14:12:28,0,6.133270263671875,0.13333333333333333
2013-08-23,14:17:28,0,6.9332758585612,0.26666666666666666
2013-08-23,14:22:28,0,5.933278401692709,0.13333333333333333
2013-08-23,14:27:29,0,5.933278401692709,0.13333333333333333
2013-08-23,14:32:29,0,6.86663309733073,0.13333333333333333
2013-08-23,14:37:29,0,5.399932861328125,0.4666666666666667
2013-08-23,14:42:29,0,5.666567484537762,0.2
2013-08-23,14:47:29,0,6.99993133544922,0.2
2013-08-23,14:52:29,0,5.199928283691406,0.06666666666666668
2013-08-23,14:57:29,0,4.59991455078125,0.13333333333333333
2013-08-23,15:02:29,0,5.399920145670574,0.4
2013-08-23,15:07:29,0,6.599934895833331,0.13333333333333333
2013-08-23,15:12:29,0,5.466601053873697,0.06666666666666668
2013-08-23,15:17:29,0.06666666666666668,6.533279418945312,0.3333333333333333
2013-08-23,15:22:29,0.06666666666666668,7.733256022135417,0.3333333333333333
2013-08-23,15:27:29,0,7.333272298177083,0.13333333333333333
2013-08-23,15:32:29,0,7.866579691569011,0.13333333333333333
2013-08-23,15:37:29,0,7.066599527994794,0.4
2013-08-23,15:42:29,0,6.933263142903646,0.13333333333333333
2013-08-23,15:47:29,0,6.733296712239584,0.6666666666666666
2013-08-23,15:52:29,0,6.733258565266925,0.13333333333333333
2013-08-23,15:57:29,0,5.533269246419271,0.2
2013-08-23,16:02:29,0,4.733238220214844,0.26666666666666666
2013-08-23,16:07:29,0,5.866584777832031,0.26666666666666666
2013-08-23,16:12:29,0,6.399955749511718,0.2
2013-08-23,16:17:29,0,7.266604105631512,0.26666666666666666
2013-08-23,16:22:29,0,5.199928283691406,0.13333333333333333
2013-08-23,16:27:29,0,6.399955749511718,0.2
2013-08-23,16:32:29,0,7.266604105631512,0.2
2013-08-23,16:37:29,0,5.733273824055988,0.2
2013-08-23,16:42:29,0,6.333287556966144,0.26666666666666666
2013-08-23,16:47:29,0,7.399978637695312,0.2
2013-08-23,16:52:29,0,7.599983215332032,0.13333333333333333
2013-08-23,16:57:29,0,5.7999420166015625,0.13333333333333333
2013-08-23,17:02:29,0,7.199974060058594,0.2
2013-08-23,17:07:29,0,6.466623942057291,0.2
2013-08-23,17:12:29,0,5.06659189860026,0.26666666666666666
2013-08-23,17:17:29,0,4.799919128417969,0.26666666666666666
2013-08-23,17:22:29,0,6.86663309733073,0.2
2013-08-23,17:27:29,0,6.533253987630207,0.2
2013-08-23,17:32:29,0,4.59991455078125,0.13333333333333333
2013-08-23,17:37:29,0,6.466623942057291,0.4
2013-08-23,17:42:29,0,5.933278401692709,0.2
2013-08-23,17:47:29,0,7.0666249593098955,0.26666666666666666
2013-08-23,17:52:29,0,7.399953206380207,0.4
2013-08-23,17:57:29,0,5.466601053873697,0.13333333333333333
2013-08-23,18:02:29,0,5.533269246419271,0.2
2013-08-23,18:07:29,0,4.9999237060546875,0.2
2013-08-23,18:12:29,0,5.733273824055988,0.13333333333333333
2013-08-23,18:17:29,0,5.533269246419271,0.2
2013-08-23,18:22:29,0,4.333229064941406,0.2
2013-08-23,18:27:29,0,7.333246866861981,0.2
2013-08-23,18:32:30,0,6.133282979329426,0.2
2013-08-23,18:37:30,0,6.333287556966144,0.3333333333333333
2013-08-23,18:42:30,0,5.599937438964844,0.2
2013-08-23,18:47:30,0,4.666582743326822,0.13333333333333333
2013-08-23,18:52:30,0,5.599937438964844,0.13333333333333333
2013-08-23,18:57:30,0,5.399932861328125,0.13333333333333333
2013-08-23,19:02:30,0,6.199951171875,0.4666666666666667
2013-08-23,19:07:30,0,5.599937438964844,0.13333333333333333
2013-08-23,19:12:30,0,5.399932861328125,0.06666666666666668
2013-08-23,19:17:30,2.4,40.39985656738281,0.26666666666666666
2013-08-23,19:22:30,0.06666666666666668,18.933245340983074,0.06666666666666668
2013-08-23,19:27:30,0.06666666666666668,12.266565958658852,0.13333333333333333
2013-08-23,19:32:30,0,8.133265177408854,0.2
2013-08-23,19:37:30,0,5.999946594238281,0.2
2013-08-23,19:42:30,0,5.599937438964844,0.06666666666666668
2013-08-23,19:47:30,0,6.799926757812499,0.2
2013-08-23,19:52:30,0,5.7999420166015625,0.13333333333333333
2013-08-23,19:57:30,0,5.199928283691406,0.13333333333333333
2013-08-23,20:02:30,0,5.199928283691406,0.26666666666666666
2013-08-23,20:07:30,0,4.9999237060546875,0.13333333333333333
2013-08-23,20:12:30,0,5.999946594238281,0.13333333333333333
2013-08-23,20:17:30,0,6.799964904785156,0.2
2013-08-23,20:22:30,0,5.7999420166015625,0.13333333333333333
2013-08-23,20:27:30,0,6.133282979329426,0.13333333333333333
2013-08-23,20:32:30,1.4,19.999923706054688,0.2
2013-08-23,20:37:30,0,14.599914550781252,0.26666666666666666
2013-08-23,20:42:30,0,7.799949645996093,0.06666666666666668
2013-08-23,20:47:30,0,6.199951171875,0.2
2013-08-23,20:52:30,0,5.199928283691406,0.13333333333333333
2013-08-23,20:57:30,0,5.933278401692709,0.13333333333333333
2013-08-23,21:02:30,0,6.99993133544922,0.2
2013-08-23,21:07:30,0,5.133260091145833,0.2
2013-08-23,21:12:31,0,5.599937438964844,0.06666666666666668
2013-08-23,21:17:31,0,4.799919128417969,0.2
2013-08-23,21:22:31,0,5.199928283691406,0.06666666666666668
2013-08-23,21:27:31,0,5.999946594238281,0.26666666666666666
2013-08-23,21:32:31,0,5.599937438964844,0.13333333333333333
2013-08-23,21:37:31,0,5.599937438964844,0.06666666666666668
2013-08-23,21:42:31,0,5.999946594238281,0.13333333333333333
2013-08-23,21:47:31,0,4.9999237060546875,0.26666666666666666
2013-08-23,21:52:31,0,4.59991455078125,0.13333333333333333
2013-08-23,21:57:31,0,5.333264668782553,0.2
2013-08-23,22:02:31,0,6.199951171875,0.2
2013-08-23,22:07:31,0,6.799926757812499,0.06666666666666668
2013-08-23,22:12:31,0,6.799964904785156,0.06666666666666668
2013-08-23,22:17:31,0,7.1999359130859375,0.26666666666666666
2013-08-23,22:22:31,0,5.199928283691406,0.06666666666666668
2013-08-23,22:27:31,0,6.99993133544922,0.13333333333333333
2013-08-23,22:32:31,0,5.7999420166015625,0.26666666666666666
2013-08-23,22:37:31,0,4.9999237060546875,0.13333333333333333
2013-08-23,22:42:31,0,6.266619364420572,0.13333333333333333
2013-08-23,22:47:31,0,3.9999008178710938,0.2
2013-08-23,22:52:31,0,4.666582743326822,0.06666666666666668
2013-08-23,22:57:31,0,4.799919128417969,0.13333333333333333
2013-08-23,23:02:31,0,6.399955749511718,0.26666666666666666
2013-08-23,23:07:31,0,6.199951171875,0.13333333333333333
2013-08-23,23:12:31,0,6.399955749511718,0.06666666666666668
2013-08-23,23:17:31,0,7.1999359130859375,0.2
2013-08-23,23:22:31,0,6.6666285196940125,0.06666666666666668
2013-08-23,23:27:31,0,5.399932861328125,0.06666666666666668
2013-08-23,23:32:31,0,7.466557820638021,0.2
2013-08-23,23:37:31,0,7.599945068359375,0.06666666666666668
2013-08-23,23:42:31,0,6.9998931884765625,0.06666666666666668
2013-08-23,23:47:32,0,5.599937438964844,0.2
2013-08-23,23:52:32,0,5.999946594238281,0.06666666666666668
2013-08-23,23:57:32,0,5.999946594238281,0.2
2013-08-24,00:02:32,0.13333333333333333,7.13330586751302,0.26666666666666666
2013-08-24,00:07:32,0.13333333333333333,7.7999114990234375,0.06666666666666668
2013-08-24,00:12:32,0,5.399932861328125,0.13333333333333333
2013-08-24,00:17:32,0.2,6.6666285196940125,0.2
2013-08-24,00:22:32,0,6.599922180175781,0.13333333333333333
2013-08-24,00:27:32,0,4.799919128417969,0.13333333333333333
2013-08-24,00:32:31,0,6.399955749511718,0.13333333333333333
2013-08-24,00:37:31,0.06666666666666668,6.799926757812499,0.13333333333333333
2013-08-24,00:42:31,0.33333333333333337,5.399932861328125,0.06666666666666668
2013-08-24,00:47:31,0.2,5.06659189860026,0.26666666666666666
2013-08-24,00:52:31,0.06666666666666668,5.199928283691406,0.06666666666666668
2013-08-24,00:57:31,0,5.999946594238281,0.13333333333333333
2013-08-24,01:02:32,0,7.599906921386719,0.2
2013-08-24,01:07:32,0,6.266619364420572,0.13333333333333333
2013-08-24,01:12:32,0,5.7999420166015625,0.13333333333333333
2013-08-24,01:17:32,0,4.59991455078125,0.13333333333333333
2013-08-24,01:22:32,0,6.666590372721354,0.2
2013-08-24,01:27:32,0,5.599937438964844,0.13333333333333333
2013-08-24,01:32:32,0.2,5.199928283691406,0.2
2013-08-24,01:37:32,0,5.933278401692709,0.13333333333333333
2013-08-24,01:42:32,0.06666666666666668,6.99993133544922,0.2
2013-08-24,01:47:32,0.06666666666666668,5.399932861328125,0.26666666666666666
2013-08-24,01:52:32,0,6.399955749511718,0.13333333333333333
2013-08-24,01:57:32,0.2,7.19989776611328,0.2
2013-08-24,02:02:32,0,6.266619364420572,0.13333333333333333
2013-08-24,02:07:32,0.2,8.19994608561198,0.26666666666666666
2013-08-24,02:12:32,0,5.599937438964844,0.2
2013-08-24,02:17:32,0,4.9999237060546875,0.3333333333333333
2013-08-24,02:22:32,0,6.99993133544922,0.06666666666666668
2013-08-24,02:27:32,0,5.466601053873697,0.13333333333333333
2013-08-24,02:32:32,0,4.866587320963542,0.13333333333333333
2013-08-24,02:37:32,0,4.7332509358723955,0.2
2013-08-24,02:42:32,0,5.599937438964844,0.13333333333333333
2013-08-24,02:47:32,0,7.999954223632813,0.2
2013-08-24,02:52:32,0,5.399932861328125,0.13333333333333333
2013-08-24,02:57:32,0,5.399932861328125,0.06666666666666668
2013-08-24,03:02:32,0,4.7332509358723955,0.13333333333333333
2013-08-24,03:07:32,0,5.133260091145833,0.13333333333333333
2013-08-24,03:12:32,0,6.199951171875,0.06666666666666668
2013-08-24,03:17:32,0,6.9332758585612,0.3333333333333333
2013-08-24,03:22:32,0.06666666666666668,7.53326416015625,0.26666666666666666
2013-08-24,03:27:32,0,7.733243306477864,0.06666666666666668
2013-08-24,03:32:32,0,6.266619364420572,0.26666666666666666
2013-08-24,03:37:32,0,4.59991455078125,0.2
2013-08-24,03:42:33,0,4.933255513509115,0.06666666666666668
2013-08-24,03:47:33,0,5.399932861328125,0.3333333333333333
2013-08-24,03:52:33,0,5.999946594238281,0.06666666666666668
2013-08-24,03:57:33,0,5.06659189860026,0.13333333333333333
2013-08-24,04:02:33,0,5.399932861328125,0.2
2013-08-24,04:07:33,0,6.333287556966144,0.13333333333333333
2013-08-24,04:12:33,0,5.866572062174479,0.06666666666666668
2013-08-24,04:17:33,0,5.666567484537762,0.13333333333333333
2013-08-24,04:22:33,0,5.06659189860026,0.06666666666666668
2013-08-24,04:27:33,0,5.933278401692709,0.13333333333333333
2013-08-24,04:32:33,0,7.133267720540365,0.13333333333333333
2013-08-24,04:37:33,0,7.066612243652344,0.13333333333333333
2013-08-24,04:42:33,0,6.066602071126303,0.06666666666666668
2013-08-24,04:47:33,0,5.533269246419271,0.2
2013-08-24,04:52:33,0,5.7999420166015625,0.06666666666666668
2013-08-24,04:57:33,0,6.3999176025390625,0.13333333333333333
2013-08-24,05:02:33,0,5.933278401692709,0.26666666666666666
2013-08-24,05:07:33,0,5.133260091145833,0.26666666666666666
2013-08-24,05:12:33,0,5.199928283691406,0.3333333333333333
2013-08-24,05:17:33,0,5.466601053873697,0.13333333333333333
2013-08-24,05:22:33,0,6.799901326497395,0.2
2013-08-24,05:27:33,0,6.799952189127606,0.06666666666666668
2013-08-24,05:32:33,0,5.533269246419271,0.13333333333333333
2013-08-24,05:37:33,0,5.933278401692709,0.13333333333333333
2013-08-24,05:42:33,0,6.733296712239584,0.06666666666666668
2013-08-24,05:47:33,0,4.333241780598959,0.2
2013-08-24,05:52:33,0,3.733228047688802,0.13333333333333333
2013-08-24,05:57:33,0,5.333264668782553,0.13333333333333333
2013-08-24,06:02:33,0,5.2665964762369795,0.2
2013-08-24,06:07:33,0,5.199928283691406,0.26666666666666666
2013-08-24,06:12:33,0,6.266619364420572,0.13333333333333333
2013-08-24,06:17:33,0,7.666651407877606,0.3333333333333333
2013-08-24,06:22:33,0,4.7332509358723955,0.06666666666666668
2013-08-24,06:27:33,0,5.933252970377604,0.2
2013-08-24,06:32:34,0,6.399943033854166,0.2
2013-08-24,06:37:34,0,6.266593933105469,0.06666666666666668
2013-08-24,06:42:34,0,6.199938456217447,0.13333333333333333
2013-08-24,06:47:34,0,6.86663309733073,0.13333333333333333
2013-08-24,06:52:34,0,7.133280436197918,0.13333333333333333
2013-08-24,06:57:34,0,7.06658681233724,0.13333333333333333
2013-08-24,07:02:34,0.4666666666666666,4.7332509358723955,1.4
2013-08-24,07:07:34,0.06666666666666668,4.466578165690104,0.13333333333333333
2013-08-24,07:12:34,0.06666666666666668,5.999908447265625,0.06666666666666668
2013-08-24,07:17:34,0,5.666605631510416,0.26666666666666666
2013-08-24,07:22:34,0,6.133282979329426,0.13333333333333333
2013-08-24,07:27:34,0,7.13330586751302,0.13333333333333333
2013-08-24,07:32:34,0,6.266593933105469,0.13333333333333333
2013-08-24,07:37:34,0,6.133232116699219,0.2
2013-08-24,07:42:34,0,4.1999053955078125,0.13333333333333333
2013-08-24,07:47:34,0,6.13324483235677,0.2
2013-08-24,07:52:34,0,5.933278401692709,0.2
2013-08-24,07:57:34,0,5.466575622558594,0.06666666666666668
2013-08-24,08:02:34,0,5.866597493489582,0.26666666666666666
2013-08-24,08:07:34,0,5.7999420166015625,0.13333333333333333
2013-08-24,08:12:34,0,7.266604105631512,0.06666666666666668
2013-08-24,08:17:34,0,7.066612243652344,0.2
2013-08-24,08:22:34,0,6.999956766764324,0.13333333333333333
2013-08-24,08:27:34,0,6.266619364420572,0.2
2013-08-24,08:32:34,0,4.9999237060546875,0.2
2013-08-24,08:37:35,0,5.666605631510416,0.06666666666666668
2013-08-24,08:42:35,0,6.133282979329426,0.13333333333333333
2013-08-24,08:47:35,0,6.99993133544922,0.26666666666666666
2013-08-24,08:52:35,0,5.666605631510416,0.13333333333333333
2013-08-24,08:57:35,0,6.199951171875,0.13333333333333333
2013-08-24,09:02:35,0,7.066561381022135,0.13333333333333333
2013-08-24,09:07:35,0,5.533269246419271,0.13333333333333333
2013-08-24,09:12:35,0,5.666605631510416,0.06666666666666668
2013-08-24,09:17:35,0,5.399932861328125,0.26666666666666666
2013-08-24,09:22:35,0,4.266573588053386,0.06666666666666668
2013-08-24,09:27:35,0,7.133280436197918,0.06666666666666668
2013-08-24,09:32:35,0,8.133214314778646,0.2
2013-08-24,09:37:35,0,5.79992930094401,0.13333333333333333
2013-08-24,09:42:34,0,6.266619364420572,0.06666666666666668
2013-08-24,09:47:34,0,5.866610209147137,0.13333333333333333
2013-08-24,09:52:34,0,6.466573079427083,0.06666666666666668
2013-08-24,09:57:34,0,7.1999359130859375,0.06666666666666668
2013-08-24,10:02:35,0,5.599937438964844,0.2
2013-08-24,10:07:35,0,6.199951171875,0.13333333333333333
2013-08-24,10:12:35,0,5.466601053873697,0.06666666666666668
2013-08-24,10:17:35,0,6.5999094645182295,0.26666666666666666
2013-08-24,10:22:35,0,7.93328603108724,0.2
2013-08-24,10:27:35,0,6.799964904785156,0.13333333333333333
2013-08-24,10:32:35,0,6.999969482421875,0.13333333333333333
2013-08-24,10:37:35,0,4.266573588053386,0.26666666666666666
2013-08-24,10:42:35,0,5.199928283691406,0.06666666666666668
2013-08-24,10:47:35,0,5.199928283691406,0.2
2013-08-24,10:52:35,0,4.59991455078125,0.13333333333333333
2013-08-24,10:57:35,0,5.133260091145833,0.13333333333333333
2013-08-24,11:02:35,2.4,32.79993693033854,0.3333333333333333
2013-08-24,11:07:35,0,22.733243306477867,0.26666666666666666
2013-08-24,11:12:35,0,13.266588846842446,0.06666666666666668
2013-08-24,11:17:35,0,8.666585286458334,0.2
2013-08-24,11:22:35,0,5.06659189860026,0.06666666666666668
2013-08-24,11:27:35,0,5.866610209147137,0.13333333333333333
2013-08-24,11:32:35,0,7.79998779296875,0.13333333333333333
2013-08-24,11:37:35,0,4.666582743326822,0.13333333333333333
2013-08-24,11:42:35,0,5.733248392740885,0.06666666666666668
2013-08-24,11:47:35,0,5.2665964762369795,0.13333333333333333
2013-08-24,11:52:35,0,5.7999420166015625,0.2
2013-08-24,11:57:35,0,5.533269246419271,0.2
2013-08-24,12:02:35,0,5.133260091145833,0.2
2013-08-24,12:07:35,0,5.866572062174479,0.3333333333333333
2013-08-24,12:12:35,0,6.599960327148438,0.06666666666666668
2013-08-24,12:17:35,0,7.199974060058594,0.26666666666666666
2013-08-24,12:22:35,0,6.466623942057291,0.13333333333333333
2013-08-24,12:27:35,0,6.533253987630207,0.3333333333333333
2013-08-24,12:32:35,0,4.799919128417969,0.13333333333333333
2013-08-24,12:37:35,0,7.466570536295575,0.13333333333333333
2013-08-24,12:42:35,0,6.533292134602865,0.13333333333333333
2013-08-24,12:47:35,0,5.866572062174479,0.13333333333333333
2013-08-24,12:52:35,0,4.666582743326822,0.13333333333333333
2013-08-24,12:57:35,0,5.866610209147137,0.06666666666666668
2013-08-24,13:02:35,0,7.666613260904947,0.2
2013-08-24,13:07:35,0,5.933278401692709,0.13333333333333333
2013-08-24,13:12:36,0,5.399932861328125,0.06666666666666668
2013-08-24,13:17:36,0,4.933255513509115,0.13333333333333333
2013-08-24,13:22:36,0.06666666666666668,5.733273824055988,0.06666666666666668
2013-08-24,13:27:36,0,6.199913024902344,0.13333333333333333
2013-08-24,13:32:36,0,8.46655527750651,0.13333333333333333
2013-08-24,13:37:36,0,6.99993133544922,0.2
2013-08-24,13:42:36,0,4.466578165690104,0.13333333333333333
2013-08-24,13:47:36,0,4.399909973144531,0.2
2013-08-24,13:52:36,0,6.333287556966144,0.2
2013-08-24,13:57:36,0,8.39996337890625,0.26666666666666666
2013-08-24,14:02:36,0,4.933255513509115,0.3333333333333333
2013-08-24,14:07:36,0,5.466601053873697,0.06666666666666668
2013-08-24,14:12:36,0,4.7332509358723955,0.13333333333333333
2013-08-24,14:17:36,0,5.7999420166015625,0.2
2013-08-24,14:22:36,0,7.533276875813801,0.2
2013-08-24,14:27:36,0,7.933247884114582,0.06666666666666668
2013-08-24,14:32:36,0,5.7999420166015625,0.2
2013-08-24,14:37:36,0,5.199928283691406,0.13333333333333333
2013-08-24,14:42:36,0,6.866594950358072,0.06666666666666668
2013-08-24,14:47:36,0,5.399932861328125,0.13333333333333333
2013-08-24,14:52:36,0,6.199951171875,0.06666666666666668
2013-08-24,14:57:36,0,5.599937438964844,0.13333333333333333
2013-08-24,15:02:36,0,6.466623942057291,0.2
2013-08-24,15:07:36,0,5.866610209147137,0.13333333333333333
2013-08-24,15:12:36,0,5.2665964762369795,0.13333333333333333
2013-08-24,15:17:36,0,5.7999420166015625,0.13333333333333333
2013-08-24,15:22:36,0,5.533269246419271,0.2
2013-08-24,15:27:36,0,6.866594950358072,0.06666666666666668
2013-08-24,15:32:36,0,6.733296712239584,0.13333333333333333
2013-08-24,15:37:36,0,4.266573588053386,0.26666666666666666
2013-08-24,15:42:36,0,4.133237202962239,0.13333333333333333
2013-08-24,15:47:36,0,4.866587320963542,0.2
2013-08-24,15:52:37,0,6.93328857421875,0.13333333333333333
2013-08-24,15:57:37,0,7.599881490071615,0.06666666666666668
2013-08-24,16:02:37,0,6.399955749511718,0.26666666666666666
2013-08-24,16:07:37,0,8.466618855794271,0.2
2013-08-24,16:12:37,0,8.333295186360678,0.06666666666666668
2013-08-24,16:17:37,0,7.599957784016925,0.26666666666666666
2013-08-24,16:22:37,0,5.2665964762369795,0.13333333333333333
2013-08-24,16:27:37,0,3.7998962402343754,0.13333333333333333
2013-08-24,16:32:37,0,6.133282979329426,0.13333333333333333
2013-08-24,16:37:37,0,6.199951171875,0.13333333333333333
2013-08-24,16:42:37,0,5.199928283691406,0.06666666666666668
2013-08-24,16:47:37,0,5.06659189860026,0.13333333333333333
2013-08-24,16:52:37,0,5.933278401692709,0.06666666666666668
2013-08-24,16:57:37,0,6.066576639811197,0.2
2013-08-24,17:02:37,0,5.2665964762369795,0.2
2013-08-24,17:07:37,0,5.142784118652344,0.21428571428571427
2013-08-24,17:12:37,0,5.533269246419271,0.2
2013-08-24,17:17:37,0,3.3332188924153656,0.2
2013-08-24,17:22:37,0,4.9999237060546875,0.06666666666666668
2013-08-24,17:27:37,0,5.399932861328125,0.13333333333333333
2013-08-24,17:32:37,0,4.866587320963542,0.2
2013-08-24,17:37:37,0,5.866610209147137,0.13333333333333333
2013-08-24,17:42:37,0,6.333287556966144,0.06666666666666668
2013-08-24,17:47:37,0,4.9999237060546875,0.4
2013-08-24,17:52:37,0,5.933278401692709,0.06666666666666668
2013-08-24,17:57:37,0,5.999946594238281,0.13333333333333333
2013-08-24,18:02:37,0,5.333264668782553,0.26666666666666666
2013-08-24,18:07:37,0,4.59991455078125,0.06666666666666668
2013-08-24,18:12:37,0,5.866610209147137,0.13333333333333333
2013-08-24,18:17:37,0,5.533269246419271,0.13333333333333333
2013-08-24,18:22:37,0,4.9999237060546875,0.13333333333333333
2013-08-24,18:27:37,0,6.533279418945312,0.06666666666666668
2013-08-24,18:32:37,0,6.714235033307757,0.14285714285714285
2013-08-24,18:37:38,0,6.066614786783854,0.13333333333333333
2013-08-24,18:42:37,0,5.199928283691406,0.13333333333333333
2013-08-24,18:47:37,0,4.59991455078125,0.2
2013-08-24,18:52:37,0,4.59991455078125,0.13333333333333333
2013-08-24,18:57:37,0,6.933263142903646,0.2
2013-08-24,19:02:37,0,5.999946594238281,0.21428571428571427
2013-08-24,19:07:37,0,5.866610209147137,0.06666666666666668
2013-08-24,19:12:37,0,5.06659189860026,0.06666666666666668
2013-08-24,19:17:37,0,5.857086181640625,0.21428571428571427
2013-08-24,19:22:37,0,7.7999114990234375,0.06666666666666668
2013-08-24,19:27:37,0,5.599937438964844,0.13333333333333333
2013-08-24,19:32:37,0,4.4284820556640625,0.14285714285714285
2013-08-24,19:37:37,0,6.266581217447918,0.2
2013-08-24,19:42:37,0,6.1428070068359375,0.21428571428571427
2013-08-24,19:47:37,0,5.428504943847656,0.21428571428571427
2013-08-24,19:52:37,0,6.26660664876302,0.06666666666666668
2013-08-24,19:57:37,0,5.533243815104168,0.06666666666666668
2013-08-24,20:02:37,0,6.642818450927734,0.21428571428571427
2013-08-24,20:07:37,0,6.14276613507952,0.21428571428571427
2013-08-24,20:12:37,0,4.499912261962891,0.07142857142857142
2013-08-24,20:17:37,0,5.399932861328125,0.26666666666666666
2013-08-24,20:22:37,0,6.428486960274833,0.07142857142857142
2013-08-24,20:27:37,0,5.428504943847656,0.07142857142857142
2013-08-24,20:32:38,1.5,21.785654340471545,0.35714285714285715
2013-08-24,20:37:38,0,15.799878438313804,0.06666666666666668
2013-08-24,20:42:38,0,9.066556294759115,0.06666666666666668
2013-08-24,20:47:38,0,8.199933369954428,0.2
2013-08-24,20:52:38,0,6.066614786783854,0.13333333333333333
2013-08-24,20:57:38,0,5.866572062174479,0.06666666666666668
2013-08-24,21:02:38,0,6.266581217447918,0.2
2013-08-24,21:07:38,0,7.199961344401042,0.26666666666666666
2013-08-24,21:12:38,0,4.533220926920573,0.13333333333333333
2013-08-24,21:17:38,0,5.399932861328125,0.26666666666666666
2013-08-24,21:22:38,0,5.733273824055988,0.2
2013-08-24,21:27:38,0,4.666582743326822,0.13333333333333333
2013-08-24,21:32:38,0,5.333264668782553,0.13333333333333333
2013-08-24,21:37:38,0,6.86663309733073,0.13333333333333333
2013-08-24,21:42:38,0,5.333264668782553,0.13333333333333333
2013-08-24,21:47:38,0,4.066569010416666,0.2
2013-08-24,21:52:38,0,5.06659189860026,0.06666666666666668
2013-08-24,21:57:38,0,8.466542561848957,0.13333333333333333
2013-08-24,22:02:38,0,6.4666112263997375,0.26666666666666666
2013-08-24,22:07:38,0,6.133257548014324,0.26666666666666666
2013-08-24,22:12:38,0,5.733273824055988,0.06666666666666668
2013-08-24,22:17:38,0,5.466601053873697,0.2
2013-08-24,22:22:38,0,6.866594950358072,0.13333333333333333
2013-08-24,22:27:38,0,5.999946594238281,0.2
2013-08-24,22:32:38,0,5.333264668782553,0.13333333333333333
2013-08-24,22:37:38,0,5.466601053873697,0.13333333333333333
2013-08-24,22:42:38,0,6.333287556966144,0.13333333333333333
2013-08-24,22:47:38,0,6.666590372721354,0.2
2013-08-24,22:52:38,0,6.133282979329426,0.06666666666666668
2013-08-24,22:57:39,0,7.19989776611328,0.2
2013-08-24,23:02:39,0,6.066614786783854,0.26666666666666666
2013-08-24,23:07:39,0,8.26653798421224,0.13333333333333333
2013-08-24,23:12:39,0,7.933247884114582,0.13333333333333333
2013-08-24,23:17:39,0,5.466601053873697,0.26666666666666666
2013-08-24,23:22:39,0,7.266565958658854,0.06666666666666668
2013-08-24,23:27:39,0,6.066576639811197,0.06666666666666668
2013-08-24,23:32:39,0,7.533276875813801,0.13333333333333333
2013-08-24,23:37:39,0,6.399955749511718,0.2
2013-08-24,23:42:39,0,4.666582743326822,0.13333333333333333
2013-08-24,23:47:39,0,5.133260091145833,0.2
2013-08-24,23:52:39,0,6.066614786783854,0.13333333333333333
2013-08-24,23:57:39,0,6.333287556966144,0.13333333333333333
2013-08-25,00:02:39,0.13333333333333333,6.199938456217447,0.26666666666666666
2013-08-25,00:07:39,0.06666666666666668,7.266578674316407,0.06666666666666668
2013-08-25,00:12:39,0.4,6.199913024902344,0.13333333333333333
2013-08-25,00:17:39,0.06666666666666668,6.666590372721354,0.26666666666666666
2013-08-25,00:22:39,0,5.399932861328125,0.06666666666666668
2013-08-25,00:27:39,0.06666666666666668,6.466560363769531,0.13333333333333333
2013-08-25,00:32:39,0.06666666666666668,5.866610209147137,0.13333333333333333
2013-08-25,00:37:39,0.26666666666666666,5.7999420166015625,0.13333333333333333
2013-08-25,00:42:39,0.33333333333333337,6.466623942057291,0.06666666666666668
2013-08-25,00:47:39,0.26666666666666666,5.999908447265625,0.3333333333333333
2013-08-25,00:52:39,0,5.466601053873697,0.13333333333333333
2013-08-25,00:57:39,0,5.466601053873697,0.13333333333333333
2013-08-25,01:02:39,0.06666666666666668,2.6665369669596357,0.26666666666666666
2013-08-25,01:07:39,0,4.799919128417969,0.13333333333333333
2013-08-25,01:12:39,0,5.733273824055988,0.13333333333333333
2013-08-25,01:17:39,0,6.3999176025390625,0.2
2013-08-25,01:22:39,0,5.199928283691406,0.06666666666666668
2013-08-25,01:27:39,0,6.5999094645182295,0.13333333333333333
2013-08-25,01:32:39,0,5.933278401692709,0.26666666666666666
2013-08-25,01:37:39,0.06666666666666668,5.999908447265625,0.06666666666666668
2013-08-25,01:42:39,0,5.199928283691406,0.2
2013-08-25,01:47:39,0,6.133282979329426,0.26666666666666666
2013-08-25,01:52:39,0,6.199951171875,0.06666666666666668
2013-08-25,01:57:40,0.13333333333333333,6.99993133544922,0.13333333333333333
2013-08-25,02:02:40,0,5.06659189860026,0.2
2013-08-25,02:07:40,0,5.133260091145833,0.13333333333333333
2013-08-25,02:12:40,0.2,5.733273824055988,0.13333333333333333
2013-08-25,02:17:40,0.2,5.7999420166015625,0.2
2013-08-25,02:22:40,0,5.866610209147137,0.06666666666666668
2013-08-25,02:27:40,0,5.5998992919921875,0.2
2013-08-25,02:32:40,0,4.59991455078125,0.2
2013-08-25,02:37:40,0,5.333264668782553,0.13333333333333333
2013-08-25,02:42:40,0,6.266619364420572,0.13333333333333333
2013-08-25,02:47:40,2.4,23.59995524088542,0.13333333333333333
2013-08-25,02:52:40,0.2,11.799888610839844,0.06666666666666668
2013-08-25,03:07:40,0,5.866610209147137,0.06666666666666668
2013-08-25,03:12:40,0,8.333257039388021,0.06666666666666668
2013-08-25,03:17:40,0,7.799949645996093,0.2
2013-08-25,03:22:40,0,4.9999237060546875,0.2
2013-08-25,03:27:40,0,5.799903869628906,0.2
2013-08-25,03:32:40,0,5.999946594238281,0.13333333333333333
2013-08-25,03:37:40,0,6.399955749511718,0.13333333333333333
2013-08-25,03:42:40,0,5.999946594238281,0.06666666666666668
2013-08-25,03:47:40,0,5.466601053873697,0.13333333333333333
2013-08-25,03:52:41,0,6.199951171875,0.06666666666666668
2013-08-25,03:57:41,0,3.9999008178710938,0.06666666666666668
2013-08-25,04:02:41,0,5.999946594238281,0.13333333333333333
2013-08-25,04:07:41,0,5.999908447265625,0.2
2013-08-25,04:12:41,0,5.466601053873697,0.2
2013-08-25,04:17:41,0,6.99993133544922,0.26666666666666666
2013-08-25,04:22:41,0,5.399932861328125,0.06666666666666668
2013-08-25,04:27:41,0,6.199951171875,0.13333333333333333
2013-08-25,04:32:41,0,6.799964904785156,0.2
2013-08-25,04:37:41,0,6.199913024902344,0.2
2013-08-25,04:42:41,0,6.199951171875,0.13333333333333333
2013-08-25,04:47:41,0,4.866587320963542,0.26666666666666666
2013-08-25,04:52:41,0,6.599960327148438,0.06666666666666668
2013-08-25,04:57:41,0,4.9999237060546875,0.13333333333333333
2013-08-25,05:02:41,0,4.666582743326822,0.2
2013-08-25,05:07:41,0,6.199913024902344,0.26666666666666666
2013-08-25,05:12:41,0,4.9999237060546875,0.06666666666666668
2013-08-25,05:17:41,0,4.1999053955078125,0.2
2013-08-25,05:22:41,0,5.733273824055988,0.2
2013-08-25,05:27:41,0,6.799926757812499,0.06666666666666668
2013-08-25,05:32:41,0,4.9999237060546875,0.2
2013-08-25,05:37:41,0,5.399932861328125,0.13333333333333333
2013-08-25,05:42:41,0,5.199928283691406,0.06666666666666668
2013-08-25,05:47:41,0,5.7999420166015625,0.3333333333333333
2013-08-25,05:52:41,0,5.599937438964844,0.06666666666666668
2013-08-25,05:57:41,0,6.599960327148438,0.06666666666666668
2013-08-25,06:02:41,0,6.533292134602865,0.26666666666666666
2013-08-25,06:07:41,0,6.799926757812499,0.06666666666666668
2013-08-25,06:12:42,0,5.133260091145833,0.26666666666666666
2013-08-25,06:17:42,0,7.599945068359375,0.13333333333333333
2013-08-25,06:22:42,0,6.666590372721354,0.13333333333333333
2013-08-25,06:27:42,0,8.533210754394531,0.06666666666666668
2013-08-25,06:32:42,0,8.199920654296875,0.2
2013-08-25,06:37:42,0,5.799903869628906,0.13333333333333333
2013-08-25,06:42:42,0,6.066614786783854,0.06666666666666668
2013-08-25,06:47:42,0,7.933247884114582,0.13333333333333333
2013-08-25,06:52:42,0,5.7999420166015625,0.06666666666666668
2013-08-25,06:57:42,0,6.199951171875,0.2
2013-08-25,07:02:42,0.5333333333333333,6.599960327148438,1.2
2013-08-25,07:07:42,0,7.599945068359375,0.26666666666666666
2013-08-25,07:12:42,0,4.066569010416666,0.3333333333333333
2013-08-25,07:17:42,0,5.999946594238281,0.2
2013-08-25,07:22:42,0,5.599937438964844,0.2
2013-08-25,07:27:42,0,6.799926757812499,0.06666666666666668
2013-08-25,07:32:42,0,4.1999053955078125,0.2
2013-08-25,07:37:42,0,5.599937438964844,0.06666666666666668
2013-08-25,07:42:42,0,6.599922180175781,0.06666666666666668
2013-08-25,07:47:42,0,4.266573588053386,0.2
2013-08-25,07:52:42,0,6.933263142903646,0.2
2013-08-25,07:57:42,0,4.799919128417969,0.13333333333333333
2013-08-25,08:02:42,0.06666666666666668,4.533246358235678,0.3333333333333333
2013-08-25,08:07:42,0.06666666666666668,7.466557820638021,0.06666666666666668
2013-08-25,08:12:42,0,6.266593933105469,0.13333333333333333
2013-08-25,08:17:42,0,3.9999008178710938,0.3333333333333333
2013-08-25,08:22:42,0,5.199928283691406,0.13333333333333333
2013-08-25,08:27:42,0,6.599922180175781,0.13333333333333333
2013-08-25,08:32:42,0,6.86663309733073,0.2
2013-08-25,08:37:42,0,6.666590372721354,0.06666666666666668
2013-08-25,08:42:42,0,5.666605631510416,0.13333333333333333
2013-08-25,08:47:42,0,4.666582743326822,0.3333333333333333
2013-08-25,08:52:42,0,5.333264668782553,0.2
2013-08-25,08:57:42,0,5.999946594238281,0.13333333333333333
2013-08-25,09:02:42,0,5.999921162923176,0.2
2013-08-25,09:07:42,0,7.133229573567706,0.13333333333333333
2013-08-25,09:12:42,0,6.866556803385417,0.06666666666666668
2013-08-25,09:17:43,0,5.333264668782553,0.3333333333333333
2013-08-25,09:22:43,0,5.666605631510416,0.06666666666666668
2013-08-25,09:27:43,0,6.6666285196940125,0.26666666666666666
2013-08-25,09:32:43,0,5.733273824055988,0.13333333333333333
2013-08-25,09:37:43,0,5.466601053873697,0.06666666666666668
2013-08-25,09:42:43,0,6.333287556966144,0.06666666666666668
2013-08-25,09:47:43,0,6.533253987630207,0.2
2013-08-25,09:52:43,0,6.333287556966144,0.06666666666666668
2013-08-25,09:57:43,0,5.533269246419271,0.2
2013-08-25,10:02:43,0,5.06659189860026,0.13333333333333333
2013-08-25,10:07:43,0,5.066553751627604,0.2
2013-08-25,10:12:43,0,5.666605631510416,0.13333333333333333
2013-08-25,10:17:43,0,7.1999359130859375,0.2
2013-08-25,10:22:43,0,5.199928283691406,0.2
2013-08-25,10:27:43,0,5.999946594238281,0.13333333333333333
2013-08-25,10:32:43,0,5.333264668782553,0.13333333333333333
2013-08-25,10:37:43,0,7.399940490722656,0.2
2013-08-25,10:42:43,0,5.333264668782553,0.06666666666666668
2013-08-25,10:47:43,0,6.599922180175781,0.26666666666666666
2013-08-25,10:52:43,0,5.399932861328125,0.06666666666666668
2013-08-25,10:57:43,0,5.133260091145833,0.06666666666666668
2013-08-25,11:02:43,0,5.399932861328125,0.26666666666666666
2013-08-25,11:07:43,0,6.13324483235677,0.13333333333333333
2013-08-25,11:12:43,0,5.599937438964844,0.06666666666666668
2013-08-25,11:17:43,0,5.333264668782553,0.13333333333333333
2013-08-25,11:22:43,0,6.933237711588541,0.06666666666666668
2013-08-25,11:27:43,0,6.199938456217447,0.2
2013-08-25,11:32:44,0,6.533253987630207,0.13333333333333333
2013-08-25,11:37:44,0,4.799919128417969,0.06666666666666668
2013-08-25,11:42:44,0,6.266593933105469,0.13333333333333333
2013-08-25,11:47:44,0,6.666615804036459,0.26666666666666666
2013-08-25,11:52:44,0,5.666605631510416,0.26666666666666666
2013-08-25,11:57:44,0,6.466623942057291,0.06666666666666668
2013-08-25,12:02:44,0,4.9999237060546875,0.26666666666666666
2013-08-25,12:07:44,0,6.199913024902344,0.26666666666666666
2013-08-25,12:12:44,0,5.399932861328125,0.06666666666666668
2013-08-25,12:17:44,0,6.733296712239584,0.26666666666666666
2013-08-25,12:22:44,0,6.199951171875,0.13333333333333333
2013-08-25,12:27:44,0,6.533292134602865,0.13333333333333333
2013-08-25,12:32:44,0,6.86663309733073,0.26666666666666666
2013-08-25,12:37:44,0,4.9999237060546875,0.13333333333333333
2013-08-25,12:42:44,0,6.133282979329426,0.06666666666666668
2013-08-25,12:47:44,0,7.066599527994794,0.2
2013-08-25,12:52:44,0,6.733296712239584,0.06666666666666668
2013-08-25,12:57:43,0,6.133282979329426,0.13333333333333333
2013-08-25,13:02:43,0,6.13324483235677,0.2
2013-08-25,13:07:43,0,5.06659189860026,0.13333333333333333
2013-08-25,13:12:43,0,7.399902343750001,0.13333333333333333
2013-08-25,13:17:43,0,5.999946594238281,0.2
2013-08-25,13:22:43,0,5.2665964762369795,0.2
2013-08-25,13:27:43,0,6.933301289876302,0.06666666666666668
2013-08-25,13:32:43,0,4.333241780598959,0.2
2013-08-25,13:37:43,0,6.133282979329426,0.06666666666666668
2013-08-25,13:42:43,0,6.933301289876302,0.13333333333333333
2013-08-25,13:47:43,0,4.933255513509115,0.2
2013-08-25,13:52:43,0,4.933255513509115,0.13333333333333333
2013-08-25,13:57:43,0,6.333287556966144,0.06666666666666668
2013-08-25,14:02:43,0,5.199928283691406,0.26666666666666666
2013-08-25,14:07:43,0,6.533292134602865,0.26666666666666666
2013-08-25,14:12:43,0,5.466601053873697,0.06666666666666668
2013-08-25,14:17:43,0,5.666605631510416,0.2
2013-08-25,14:22:43,0,5.666605631510416,0.06666666666666668
2013-08-25,14:27:43,0,5.2665964762369795,0.13333333333333333
2013-08-25,14:32:43,0,6.066614786783854,0.13333333333333333
2013-08-25,14:37:44,0,5.666605631510416,0.13333333333333333
2013-08-25,14:42:44,0,6.266581217447918,0.13333333333333333
2013-08-25,14:47:44,0,6.066614786783854,0.2
2013-08-25,14:52:44,0,6.533292134602865,0.06666666666666668
2013-08-25,14:57:44,0,5.599937438964844,0.13333333333333333
2013-08-25,15:02:44,0,6.133282979329426,0.3333333333333333
2013-08-25,15:07:44,0,6.13324483235677,0.13333333333333333
2013-08-25,15:12:44,0,5.466601053873697,0.06666666666666668
2013-08-25,15:17:44,0,6.133282979329426,0.2
2013-08-25,15:22:44,0.06666666666666668,8.19989522298177,0.13333333333333333
2013-08-25,15:27:44,0,8.066584269205729,0.13333333333333333
2013-08-25,15:32:44,0,7.8666051228841125,0.13333333333333333
2013-08-25,15:37:44,0,6.199951171875,0.06666666666666668
2013-08-25,15:42:44,0,5.399932861328125,0.13333333333333333
2013-08-25,15:47:44,0,5.333264668782553,0.26666666666666666
2013-08-25,15:52:44,0,5.733273824055988,0.06666666666666668
2013-08-25,15:57:44,0,5.999908447265625,0.13333333333333333
2013-08-25,16:02:44,0,6.399955749511718,0.3333333333333333
2013-08-25,16:07:44,0,7.333285013834636,0.06666666666666668
2013-08-25,16:12:44,0,6.399943033854166,0.13333333333333333
2013-08-25,16:17:44,0,6.733296712239584,0.2
2013-08-25,16:22:44,0,6.266619364420572,0.13333333333333333
2013-08-25,16:27:44,0,6.333287556966144,0.2
2013-08-25,16:32:44,0,6.266619364420572,0.2
2013-08-25,16:37:44,0,6.933263142903646,0.4
2013-08-25,16:42:44,0,5.466601053873697,0.2
2013-08-25,16:47:44,0,4.866587320963542,0.13333333333333333
2013-08-25,16:52:44,0,4.933255513509115,0.06666666666666668
2013-08-25,16:57:44,0,5.7999420166015625,0.06666666666666668
2013-08-25,17:02:44,0,6.9332758585612,0.3333333333333333
2013-08-25,17:07:44,0,7.199961344401042,0.13333333333333333
2013-08-25,17:12:44,0,7.7999114990234375,0.06666666666666668
2013-08-25,17:17:44,0,6.133282979329426,0.26666666666666666
2013-08-25,17:22:44,0.2,7.1999359130859375,0.06666666666666668
2013-08-25,17:27:44,0.6,8.333269755045574,0.2
2013-08-25,17:32:44,0.06666666666666668,7.99994150797526,0.13333333333333333
2013-08-25,17:37:44,0,6.733258565266925,0.13333333333333333
2013-08-25,17:42:44,0,7.533276875813801,0.06666666666666668
2013-08-25,17:47:44,0,3.9332326253255214,0.26666666666666666
2013-08-25,17:52:44,0,4.133237202962239,0.06666666666666668
2013-08-25,17:57:45,2.4,32.46663411458333,0.26666666666666666
2013-08-25,18:02:45,0,22.733243306477867,0.26666666666666666
2013-08-25,18:07:45,0,13.06658426920573,0.13333333333333333
2013-08-25,18:12:45,0,8.733240763346354,0.2
2013-08-25,18:17:45,0,5.866610209147137,0.2
2013-08-25,18:22:45,0,5.2665964762369795,0.06666666666666668
2013-08-25,18:27:45,0,6.066614786783854,0.26666666666666666
2013-08-25,18:32:45,0,6.799952189127606,0.13333333333333333
2013-08-25,18:37:45,0,6.599934895833331,0.13333333333333333
2013-08-25,18:42:45,0,5.999946594238281,0.06666666666666668
2013-08-25,18:47:45,0,4.866587320963542,0.26666666666666666
2013-08-25,18:52:45,0,4.533246358235678,0.13333333333333333
2013-08-25,18:57:45,0,4.933255513509115,0.2
2013-08-25,19:02:45,0,5.2665964762369795,0.26666666666666666
2013-08-25,19:07:45,0,6.133282979329426,0.13333333333333333
2013-08-25,19:12:45,0,5.7999420166015625,0.06666666666666668
2013-08-25,19:17:45,0,6.999956766764324,0.2
2013-08-25,19:22:45,0,5.933252970377604,0.06666666666666668
2013-08-25,19:27:45,0,4.7332509358723955,0.13333333333333333
2013-08-25,19:32:45,0,5.999908447265625,0.26666666666666666
2013-08-25,19:37:45,0,4.59991455078125,0.06666666666666668
2013-08-25,19:42:45,0,5.133260091145833,0.13333333333333333
2013-08-25,19:47:45,0,5.599937438964844,0.2
2013-08-25,19:52:45,0,7.133267720540365,0.13333333333333333
2013-08-25,19:57:45,0,5.333264668782553,0.26666666666666666
2013-08-25,20:02:45,0,7.333272298177083,0.2
2013-08-25,20:07:45,0,5.533269246419271,0.2
2013-08-25,20:12:45,0,6.533292134602865,0.06666666666666668
2013-08-25,20:17:45,0,6.466623942057291,0.2
2013-08-25,20:22:45,0,7.066637674967448,0.06666666666666668
2013-08-25,20:27:45,0,5.733273824055988,0.13333333333333333
2013-08-25,20:32:45,1.4666666666666666,15.599924723307293,0.13333333333333333
2013-08-25,20:37:46,0,16.666590372721352,0.13333333333333333
2013-08-25,20:42:46,0,8.666598002115885,0.06666666666666668
2013-08-25,20:47:46,0,7.066599527994794,0.26666666666666666
2013-08-25,20:52:46,0,5.999946594238281,0.13333333333333333
2013-08-25,20:57:46,0,5.399932861328125,0.26666666666666666
2013-08-25,21:02:46,0,5.733273824055988,0.3333333333333333
2013-08-25,21:07:46,0,5.06659189860026,0.06666666666666668
2013-08-25,21:12:46,0,6.999969482421875,0.13333333333333333
2013-08-25,21:17:46,0,6.199951171875,0.26666666666666666
2013-08-25,21:22:46,0,7.066637674967448,0.06666666666666668
2013-08-25,21:27:46,0,7.533276875813801,0.2
2013-08-25,21:32:46,0,5.599937438964844,0.26666666666666666
2013-08-25,21:37:46,0,5.733273824055988,0.26666666666666666
2013-08-25,21:42:46,0,4.799919128417969,0.06666666666666668
2013-08-25,21:47:46,0,5.199928283691406,0.2
2013-08-25,21:52:46,0,5.999946594238281,0.2
2013-08-25,21:57:46,0,6.733258565266925,0.13333333333333333
2013-08-25,22:02:46,0,5.199928283691406,0.26666666666666666
2013-08-25,22:07:46,0,5.866610209147137,0.06666666666666668
2013-08-25,22:12:46,0,4.666582743326822,0.06666666666666668
2013-08-25,22:17:46,0,6.266581217447918,0.2
2013-08-25,22:22:46,0,6.533279418945312,0.06666666666666668
2013-08-25,22:27:46,0,6.733271280924479,0.13333333333333333
2013-08-25,22:32:46,0,6.666590372721354,0.13333333333333333
2013-08-25,22:37:46,0,6.533292134602865,0.13333333333333333
2013-08-25,22:42:46,0,5.7999420166015625,0.13333333333333333
2013-08-25,22:47:46,0,3.866564432779948,0.13333333333333333
2013-08-25,22:52:46,0,4.9999237060546875,0.2
2013-08-25,22:57:46,0,5.7999420166015625,0.13333333333333333
2013-08-25,23:02:46,0,7.3333104451497375,0.3333333333333333
2013-08-25,23:07:46,0,6.933301289876302,0.2
2013-08-25,23:12:46,0,5.999946594238281,0.06666666666666668
2013-08-25,23:17:46,0,4.399909973144531,0.13333333333333333
2013-08-25,23:22:46,0,5.399932861328125,0.13333333333333333
2013-08-25,23:27:46,0,6.333287556966144,0.06666666666666668
2013-08-25,23:32:46,0,6.266619364420572,0.13333333333333333
2013-08-25,23:37:46,0,4.799919128417969,0.13333333333333333
2013-08-25,23:42:46,0,5.199928283691406,0.26666666666666666
2013-08-25,23:47:46,0,6.199951171875,0.2
2013-08-25,23:52:46,0,6.733296712239584,0.13333333333333333
2013-08-25,23:57:46,0,7.733243306477864,0.06666666666666668
2013-08-26,00:02:46,0,5.399932861328125,0.13333333333333333
2013-08-26,00:07:46,0.33333333333333337,5.866572062174479,0.2
2013-08-26,00:12:47,0,5.733273824055988,0.06666666666666668
2013-08-26,00:17:47,0.2,4.799919128417969,0.13333333333333333
2013-08-26,00:22:47,0.13333333333333333,4.333241780598959,0.2
2013-08-26,00:27:47,0,6.799914042154947,0.13333333333333333
2013-08-26,00:32:47,0.13333333333333333,8.266576131184895,0.13333333333333333
2013-08-26,00:37:47,0.4666666666666666,5.06659189860026,0.13333333333333333
2013-08-26,00:42:47,0.13333333333333333,7.1999359130859375,0.06666666666666668
2013-08-26,00:47:47,0.06666666666666668,5.999946594238281,0.3333333333333333
2013-08-26,00:52:47,0,4.399909973144531,0.06666666666666668
2013-08-26,00:57:47,0,4.133237202962239,0.3333333333333333
2013-08-26,01:02:47,0,3.9332326253255214,0.2
2013-08-26,01:07:47,0,5.533269246419271,0.06666666666666668
2013-08-26,01:12:47,0.06666666666666668,6.599922180175781,0.06666666666666668
2013-08-26,01:17:47,0,5.333264668782553,0.26666666666666666
2013-08-26,01:22:47,0,5.7999420166015625,0.06666666666666668
2013-08-26,01:27:47,0,7.066637674967448,0.06666666666666668
2013-08-26,01:32:47,0.13333333333333333,7.1999359130859375,0.13333333333333333
2013-08-26,01:37:47,0,6.99993133544922,0.2
2013-08-26,01:42:47,0,5.466562906901041,0.13333333333333333
2013-08-26,01:47:47,0,5.399932861328125,0.2
2013-08-26,01:52:47,0.4666666666666666,8.266588846842447,0.06666666666666668
2013-08-26,01:57:47,0.13333333333333333,5.733273824055988,0.13333333333333333
2013-08-26,02:02:47,0.06666666666666668,7.399902343750001,0.2
2013-08-26,02:07:47,0.06666666666666668,6.599960327148438,0.2
2013-08-26,02:12:47,0.33333333333333337,6.99993133544922,0.13333333333333333
2013-08-26,02:17:47,0.13333333333333333,5.999946594238281,0.13333333333333333
2013-08-26,02:22:47,0,6.3332366943359375,0.06666666666666668
2013-08-26,02:27:47,0,6.933263142903646,0.2
2013-08-26,02:32:47,0,7.399902343750001,0.13333333333333333
2013-08-26,02:37:47,0,5.7999420166015625,0.26666666666666666
2013-08-26,02:42:47,0,5.599937438964844,0.06666666666666668
2013-08-26,02:47:47,0,7.399902343750001,0.26666666666666666
2013-08-26,02:52:47,0,6.866594950358072,0.2
2013-08-26,02:57:47,0,7.4666086832682295,0.06666666666666668
2013-08-26,03:02:47,0,6.3999176025390625,0.13333333333333333
2013-08-26,03:07:47,0,6.399955749511718,0.13333333333333333
2013-08-26,03:12:47,0,7.066599527994794,0.13333333333333333
2013-08-26,03:17:47,0,6.799926757812499,0.13333333333333333
2013-08-26,03:22:47,0,6.86663309733073,0.06666666666666668
2013-08-26,03:27:47,0,7.599906921386719,0.06666666666666668
2013-08-26,03:32:48,0,4.7332509358723955,0.13333333333333333
2013-08-26,03:37:48,0,6.666590372721354,0.13333333333333333
2013-08-26,03:42:48,0,4.066569010416666,0.06666666666666668
2013-08-26,03:47:48,0,6.933301289876302,0.3333333333333333
2013-08-26,03:52:48,0,6.599960327148438,0.13333333333333333
2013-08-26,03:57:48,0,6.599922180175781,0.2
2013-08-26,04:02:48,0,6.799964904785156,0.13333333333333333
2013-08-26,04:07:48,0,6.333287556966144,0.2
2013-08-26,04:12:48,0,6.799926757812499,0.2
2013-08-26,04:17:48,0.06666666666666668,6.199951171875,0.26666666666666666
2013-08-26,04:22:48,0,5.933240254720053,0.13333333333333333
2013-08-26,04:27:48,0,5.133260091145833,0.13333333333333333
2013-08-26,04:32:48,0,4.9999237060546875,0.26666666666666666
2013-08-26,04:37:48,0,4.59991455078125,0.06666666666666668
2013-08-26,04:42:48,0,5.7999420166015625,0.06666666666666668
2013-08-26,04:47:48,0,5.999946594238281,0.2
2013-08-26,04:52:48,0,3.9999008178710938,0.06666666666666668
2013-08-26,04:57:48,0,4.866587320963542,0.2
2013-08-26,05:02:48,0,6.999969482421875,0.26666666666666666
2013-08-26,05:07:48,0,5.199928283691406,0.06666666666666668
2013-08-26,05:12:48,0,5.799903869628906,0.06666666666666668
2013-08-26,05:17:48,0,5.599937438964844,0.13333333333333333
2013-08-26,05:22:48,0,5.999946594238281,0.13333333333333333
2013-08-26,05:27:48,0,5.7999420166015625,0.13333333333333333
2013-08-26,05:32:48,0,6.3999176025390625,0.2
2013-08-26,05:37:48,0,6.133282979329426,0.13333333333333333
2013-08-26,05:42:48,0,6.199951171875,0.2
2013-08-26,05:47:48,0,4.333241780598959,0.4
2013-08-26,05:52:48,0,5.999946594238281,0.13333333333333333
2013-08-26,05:57:48,0,7.399902343750001,0.06666666666666668
2013-08-26,06:02:48,0,6.333249409993489,0.2
2013-08-26,06:07:48,0,5.599937438964844,0.13333333333333333
2013-08-26,06:12:48,0,5.599937438964844,0.13333333333333333
2013-08-26,06:17:48,0,6.666590372721354,0.26666666666666666
2013-08-26,06:22:48,0,4.9999237060546875,0.06666666666666668
2013-08-26,06:27:48,0,4.799919128417969,0.13333333333333333
2013-08-26,06:32:48,0,5.733273824055988,0.2
2013-08-26,06:37:49,0,6.799964904785156,0.13333333333333333
2013-08-26,06:42:49,0,5.7999420166015625,0.13333333333333333
2013-08-26,06:47:49,0,5.7999420166015625,0.3333333333333333
2013-08-26,06:52:49,0,5.733235677083334,0.06666666666666668
2013-08-26,06:57:49,0,5.666592915852865,0.06666666666666668
2013-08-26,07:02:49,0.4666666666666666,5.733273824055988,1.1333333333333333
2013-08-26,07:07:48,0,6.3999176025390625,0.13333333333333333
2013-08-26,07:12:48,0,5.599937438964844,0.13333333333333333
2013-08-26,07:17:48,0.13333333333333333,6.399955749511718,0.4666666666666667
2013-08-26,07:22:48,0.06666666666666668,7.7999114990234375,0.13333333333333333
2013-08-26,07:27:48,0,6.733258565266925,0.13333333333333333
2013-08-26,07:32:48,0,5.2665964762369795,0.13333333333333333
2013-08-26,07:37:48,0,5.866610209147137,0.13333333333333333
2013-08-26,07:42:48,0,5.866610209147137,0.06666666666666668
2013-08-26,07:47:48,0,7.2665532430013,0.26666666666666666
2013-08-26,07:52:48,0,6.066614786783854,0.26666666666666666
2013-08-26,07:57:48,0,6.933301289876302,0.13333333333333333
2013-08-26,08:02:48,0,6.799926757812499,0.2
2013-08-26,08:07:48,0,5.7999420166015625,0.2
2013-08-26,08:12:48,0,5.7999420166015625,0.06666666666666668
2013-08-26,08:17:48,0,6.799926757812499,0.2
2013-08-26,08:22:49,0,4.533246358235678,0.06666666666666668
2013-08-26,08:27:49,0,6.133282979329426,0.06666666666666668
2013-08-26,08:32:49,0,4.866587320963542,0.2
2013-08-26,08:37:49,0,8.066584269205729,0.06666666666666668
2013-08-26,08:42:49,0,6.933263142903646,0.06666666666666668
2013-08-26,08:47:49,0,5.2665964762369795,0.2
2013-08-26,08:52:49,0,6.333287556966144,0.13333333333333333
2013-08-26,08:57:49,0,5.999946594238281,0.5333333333333333
2013-08-26,09:02:49,0,5.399932861328125,0.2
2013-08-26,09:07:49,0,4.7332509358723955,0.13333333333333333
2013-08-26,09:12:49,0,5.06659189860026,0.06666666666666668
2013-08-26,09:17:49,2.4,11.733245849609375,0.13333333333333333
2013-08-26,09:22:49,0,32.133229573567704,0.13333333333333333
2013-08-26,09:27:49,0,15.599899291992186,0.2
2013-08-26,09:32:49,0,11.133232116699219,0.13333333333333333
2013-08-26,09:37:49,0,5.7999420166015625,0.13333333333333333
2013-08-26,09:42:49,0,5.399932861328125,0.2
2013-08-26,09:47:49,0,5.866610209147137,0.6666666666666666
2013-08-26,09:52:49,0,7.1999231974283875,0.06666666666666668
2013-08-26,09:57:49,0,4.666582743326822,0.4666666666666667
2013-08-26,10:02:49,0,7.533251444498699,0.4666666666666667
2013-08-26,10:07:49,0,7.399902343750001,0.6
2013-08-26,10:12:49,0,5.99993387858073,0.26666666666666666
2013-08-26,10:17:50,0,5.7999420166015625,0.4666666666666667
2013-08-26,10:22:50,0,6.133282979329426,0.26666666666666666
2013-08-26,10:27:50,0,5.06659189860026,0.3333333333333333
2013-08-26,10:32:50,0,5.666605631510416,0.2
2013-08-26,10:37:50,0,6.399955749511718,0.13333333333333333
2013-08-26,10:42:50,0,6.599960327148438,0.06666666666666668
2013-08-26,10:47:50,0,9.466540018717447,0.2
2013-08-26,10:52:50,0,7.133293151855469,0.4666666666666667
2013-08-26,10:57:50,0,6.799926757812499,0.13333333333333333
2013-08-26,11:02:50,0,7.999890645345052,0.26666666666666666
2013-08-26,11:07:50,0,6.466573079427083,0.06666666666666668
2013-08-26,11:12:50,0,6.733258565266925,0.2
2013-08-26,11:17:50,0,5.666605631510416,0.2
2013-08-26,11:22:50,0,6.799926757812499,0.13333333333333333
2013-08-26,11:27:50,0,5.333264668782553,0.13333333333333333
2013-08-26,11:32:50,0,4.9999237060546875,0.3333333333333333
2013-08-26,11:37:50,0,6.399955749511718,0.13333333333333333
2013-08-26,11:42:50,0,6.199913024902344,0.13333333333333333
2013-08-26,11:47:50,0,5.533269246419271,0.26666666666666666
2013-08-26,11:52:50,0,5.533231099446613,0.2
2013-08-26,11:57:50,0,6.799926757812499,0.2
2013-08-26,12:02:50,0,5.733273824055988,0.2
2013-08-26,12:07:50,0,7.266604105631512,0.06666666666666668
2013-08-26,12:12:50,0,7.866579691569011,0.13333333333333333
2013-08-26,12:17:50,0,7.866579691569011,0.2
2013-08-26,12:22:50,0,8.266614278157553,0.13333333333333333
2013-08-26,12:27:50,0,6.533292134602865,0.5333333333333333
2013-08-26,12:32:50,0,5.533269246419271,0.2
2013-08-26,12:37:50,0,4.933255513509115,0.13333333333333333
2013-08-26,12:42:50,0,5.133260091145833,0.26666666666666666
2013-08-26,12:47:51,0,6.399955749511718,0.2
2013-08-26,12:52:51,0,6.999969482421875,0.13333333333333333
2013-08-26,12:57:51,0,5.999946594238281,0.13333333333333333
2013-08-26,13:02:51,0,5.133260091145833,0.2
2013-08-26,13:07:51,0,6.333249409993489,0.2
2013-08-26,13:12:51,0,7.599932352701823,0.26666666666666666
2013-08-26,13:17:51,0,7.733243306477864,0.4
2013-08-26,13:22:51,0,4.9999237060546875,0.06666666666666668
2013-08-26,13:27:51,0,5.599937438964844,0.26666666666666666
2013-08-26,13:32:51,0,6.199951171875,0.3333333333333333
2013-08-26,13:37:51,0,4.933255513509115,0.13333333333333333
2013-08-26,13:42:51,0,4.666582743326822,0.26666666666666666
2013-08-26,13:47:51,0,4.533246358235678,0.2
2013-08-26,13:52:51,0,5.533269246419271,0.2
2013-08-26,13:57:51,0,5.666605631510416,0.13333333333333333
2013-08-26,14:02:51,0,6.933263142903646,0.26666666666666666
2013-08-26,14:07:51,0,7.13324228922526,0.2
2013-08-26,14:12:51,0,6.533279418945312,0.06666666666666668
2013-08-26,14:17:51,0.13333333333333333,6.533292134602865,0.2
2013-08-26,14:22:51,0,7.399902343750001,0.13333333333333333
2013-08-26,14:27:51,0,6.799964904785156,0.13333333333333333
2013-08-26,14:32:51,0,5.06659189860026,0.2
2013-08-26,14:37:51,0,7.19989776611328,0.26666666666666666
2013-08-26,14:42:51,0,7.133255004882813,0.06666666666666668
2013-08-26,14:47:51,0,6.399955749511718,0.2
2013-08-26,14:52:51,0,6.266619364420572,0.2
2013-08-26,14:57:51,0,4.59991455078125,0.2
2013-08-26,15:02:51,0,6.466623942057291,0.4666666666666667
2013-08-26,15:07:51,0,8.13323974609375,0.4
2013-08-26,15:12:52,0,5.666605631510416,0.26666666666666666
2013-08-26,15:17:52,0,5.733273824055988,0.26666666666666666
2013-08-26,15:22:52,0,5.866610209147137,0.13333333333333333
2013-08-26,15:27:52,0,7.066599527994794,0.13333333333333333
2013-08-26,15:32:52,0,5.399932861328125,0.26666666666666666
2013-08-26,15:37:52,0,3.666559855143228,0.13333333333333333
2013-08-26,15:42:52,0,5.399932861328125,0.2
2013-08-26,15:47:52,0,5.2665964762369795,0.26666666666666666
2013-08-26,15:52:52,0,5.599937438964844,0.06666666666666668
2013-08-26,15:57:52,0,5.466601053873697,0.3333333333333333
2013-08-26,16:02:52,0,6.999969482421875,0.13333333333333333
2013-08-26,16:07:52,0.06666666666666668,8.066571553548176,0.13333333333333333
2013-08-26,16:12:51,0,5.199902852376303,0.06666666666666668
2013-08-26,16:17:51,0,3.9999008178710938,0.13333333333333333
2013-08-26,16:22:51,0,5.733273824055988,0.2
2013-08-26,16:27:51,0,5.999946594238281,0.26666666666666666
2013-08-26,16:32:51,0,7.533276875813801,0.2
2013-08-26,16:37:51,0,6.599934895833331,0.2
2013-08-26,16:42:51,0,8.066609700520834,0.2
2013-08-26,16:47:51,0,6.066614786783854,0.3333333333333333
2013-08-26,16:57:51,0,6.599922180175781,0.13333333333333333
2013-08-26,17:02:51,0,6.933263142903646,0.3333333333333333
2013-08-26,17:07:51,0,6.399943033854166,0.26666666666666666
2013-08-26,17:12:51,0,6.599922180175781,0.2
2013-08-26,17:17:51,0,5.133247375488281,0.26666666666666666
2013-08-26,17:22:51,0,6.333287556966144,0.13333333333333333
2013-08-26,17:27:51,0,6.533292134602865,0.13333333333333333
2013-08-26,17:32:51,0,6.199951171875,0.2
2013-08-26,17:37:51,0,7.066637674967448,0.2
2013-08-26,17:42:51,0,7.13330586751302,0.2
2013-08-26,17:47:52,0,7.066599527994794,0.2
2013-08-26,17:52:52,0,5.933278401692709,0.13333333333333333
2013-08-26,17:57:52,0,6.266619364420572,0.13333333333333333
2013-08-26,18:02:52,0,5.999946594238281,0.2
2013-08-26,18:07:52,0,7.866566975911458,0.2
2013-08-26,18:12:52,0,6.399955749511718,0.13333333333333333
2013-08-26,18:17:52,0,6.599960327148438,0.26666666666666666
2013-08-26,18:22:52,0,6.933263142903646,0.26666666666666666
2013-08-26,18:27:52,0,7.333246866861981,0.3333333333333333
2013-08-26,18:32:52,0,7.399915059407553,0.13333333333333333
2013-08-26,18:37:52,0,5.866610209147137,0.13333333333333333
2013-08-26,18:42:52,0,5.466601053873697,0.06666666666666668
2013-08-26,18:47:52,0,4.666582743326822,0.2
2013-08-26,18:52:52,0,5.933278401692709,0.06666666666666668
2013-08-26,18:57:52,0,5.333264668782553,0.2
2013-08-26,19:02:52,0,4.933255513509115,0.13333333333333333
2013-08-26,19:07:52,0,6.933263142903646,0.06666666666666668
2013-08-26,19:12:52,0,6.866594950358072,0.06666666666666668
2013-08-26,19:17:52,0,6.933263142903646,0.26666666666666666
2013-08-26,19:22:52,0,5.999946594238281,0.06666666666666668
2013-08-26,19:27:52,0,5.599937438964844,0.13333333333333333
2013-08-26,19:32:52,0,6.133282979329426,0.13333333333333333
2013-08-26,19:37:52,0,5.466601053873697,0.13333333333333333
2013-08-26,19:42:52,0,7.599906921386719,0.06666666666666668
2013-08-26,19:47:52,0,6.333249409993489,0.26666666666666666
2013-08-26,19:52:52,0,5.866610209147137,0.13333333333333333
2013-08-26,19:57:52,0,7.399940490722656,0.13333333333333333
2013-08-26,20:02:52,0,6.466623942057291,0.2
2013-08-26,20:07:52,0,7.066599527994794,0.26666666666666666
2013-08-26,20:12:52,0,7.333272298177083,0.2
2013-08-26,20:17:52,0,5.533269246419271,0.13333333333333333
2013-08-26,20:22:52,0,5.666605631510416,0.13333333333333333
2013-08-26,20:27:52,0,7.266629536946613,0.06666666666666668
2013-08-26,20:32:52,1.4666666666666666,14.199892679850256,0.13333333333333333
2013-08-26,20:37:52,0,20.26660919189453,0.06666666666666668
2013-08-26,20:42:52,0,8.53326161702474,0.13333333333333333
2013-08-26,20:47:52,0,8.533236185709635,0.26666666666666666
2013-08-26,20:52:52,0,5.533269246419271,0.26666666666666666
2013-08-26,20:57:53,0,5.2665964762369795,0.13333333333333333
2013-08-26,21:02:53,0,4.333241780598959,0.13333333333333333
2013-08-26,21:07:53,0,5.399932861328125,0.13333333333333333
2013-08-26,21:12:53,0,5.733235677083334,0.06666666666666668
2013-08-26,21:17:53,0,4.333241780598959,0.13333333333333333
2013-08-26,21:22:53,0,4.933255513509115,0.13333333333333333
2013-08-26,21:27:53,0,5.7999420166015625,0.13333333333333333
2013-08-26,21:32:53,0,5.866610209147137,0.2
2013-08-26,21:37:53,0,6.133282979329426,0.13333333333333333
2013-08-26,21:42:53,0,7.599945068359375,0.26666666666666666
2013-08-26,21:47:53,0,5.599937438964844,0.2
2013-08-26,21:52:53,0,4.266573588053386,0.06666666666666668
2013-08-26,21:57:53,0,4.59991455078125,0.13333333333333333
2013-08-26,22:02:53,0,5.199928283691406,0.3333333333333333
2013-08-26,22:07:53,0,7.733281453450519,0.06666666666666668
2013-08-26,22:12:53,0,6.333287556966144,0.13333333333333333
2013-08-26,22:17:53,0,6.599960327148438,0.13333333333333333
2013-08-26,22:22:53,0,5.933278401692709,0.06666666666666668
2013-08-26,22:27:53,0,6.133282979329426,0.13333333333333333
2013-08-26,22:32:53,0,5.666605631510416,0.2
2013-08-26,22:37:53,0,5.466601053873697,0.2
2013-08-26,22:42:53,0,5.133260091145833,0.13333333333333333
2013-08-26,22:47:53,0,5.999946594238281,0.2
2013-08-26,22:52:53,0,6.666590372721354,0.06666666666666668
2013-08-26,22:57:53,0,6.066614786783854,0.2
2013-08-26,23:02:53,0,8.79988352457682,0.13333333333333333
2013-08-26,23:07:53,0,8.333231608072916,0.26666666666666666
2013-08-26,23:12:53,0,6.13324483235677,0.13333333333333333
2013-08-26,23:17:53,0,4.933255513509115,0.2
2013-08-26,23:22:53,0,6.466623942057291,0.13333333333333333
2013-08-26,23:27:53,0,6.533292134602865,0.26666666666666666
2013-08-26,23:32:53,0,6.066614786783854,0.2
2013-08-26,23:37:53,2.4,35.66658020019531,0.13333333333333333
2013-08-26,23:42:54,0.26666666666666666,17.399915059407554,0.2
2013-08-26,23:47:54,0.2,10.866546630859375,0.13333333333333333
2013-08-26,23:52:54,0,7.466583251953125,0.06666666666666668
2013-08-26,23:57:54,0,6.599934895833331,0.13333333333333333
2013-08-27,00:02:54,0,5.133260091145833,0.13333333333333333
2013-08-27,00:07:54,0.26666666666666666,5.866572062174479,0.13333333333333333
2013-08-27,00:12:54,0,5.466601053873697,0.2
2013-08-27,00:17:54,0,7.533238728841146,0.13333333333333333
2013-08-27,00:22:54,0,4.866587320963542,0.2
2013-08-27,00:27:54,0,4.7332509358723955,0.2
2013-08-27,00:32:54,0,6.4666112263997375,0.13333333333333333
2013-08-27,00:37:54,0.33333333333333337,6.199925740559896,0.06666666666666668
2013-08-27,00:42:54,0.33333333333333337,5.666605631510416,0.13333333333333333
2013-08-27,00:47:54,0.5333333333333333,5.06659189860026,0.13333333333333333
2013-08-27,00:52:54,0,7.266629536946613,0.13333333333333333
2013-08-27,00:57:54,0.06666666666666668,5.466575622558594,0.26666666666666666
2013-08-27,01:02:54,0.4,6.066576639811197,0.26666666666666666
2013-08-27,01:07:54,0,6.199951171875,0.13333333333333333
2013-08-27,01:12:54,0.06666666666666668,5.399932861328125,0.26666666666666666
2013-08-27,01:17:54,0,6.199951171875,0.3333333333333333
2013-08-27,01:22:54,0,5.399932861328125,0.13333333333333333
2013-08-27,01:27:54,0,5.133260091145833,0.06666666666666668
2013-08-27,01:32:54,0.06666666666666668,5.99993387858073,0.2
2013-08-27,01:37:54,0,4.8665618896484375,0.13333333333333333
2013-08-27,01:42:54,0,5.666592915852865,0.06666666666666668
2013-08-27,01:47:54,0,5.6665802001953125,0.13333333333333333
2013-08-27,01:52:54,0,6.666615804036459,0.13333333333333333
2013-08-27,01:57:54,0.06666666666666668,6.06658935546875,0.13333333333333333
2013-08-27,02:02:54,0,5.733273824055988,0.13333333333333333
2013-08-27,02:07:54,0,6.799888610839844,0.13333333333333333
2013-08-27,02:12:54,0,7.13330586751302,0.06666666666666668
2013-08-27,02:17:54,0,6.066614786783854,0.2
2013-08-27,02:22:54,0,5.599937438964844,0.13333333333333333
2013-08-27,02:27:54,0,6.399955749511718,0.13333333333333333
2013-08-27,02:32:54,0,7.13330586751302,0.13333333333333333
2013-08-27,02:37:54,0,6.533292134602865,0.13333333333333333
2013-08-27,02:42:54,0,7.399978637695312,0.2
2013-08-27,02:47:54,0,5.999946594238281,0.26666666666666666
2013-08-27,02:52:54,0,6.933301289876302,0.13333333333333333
2013-08-27,02:57:54,0,5.999946594238281,0.06666666666666668
2013-08-27,03:02:54,0,7.733281453450519,0.2
2013-08-27,03:07:54,0,4.9999237060546875,0.2
2013-08-27,03:12:54,0,5.199928283691406,0.13333333333333333
2013-08-27,03:17:54,0,5.199928283691406,0.2
2013-08-27,03:22:54,0,6.266619364420572,0.06666666666666668
2013-08-27,03:27:54,0,5.599937438964844,0.13333333333333333
2013-08-27,03:32:54,0,4.59991455078125,0.13333333333333333
2013-08-27,03:37:54,0,5.666605631510416,0.13333333333333333
2013-08-27,03:42:54,0,5.7999420166015625,0.13333333333333333
2013-08-27,03:47:54,0,5.2665964762369795,0.2
2013-08-27,03:52:54,0,7.399940490722656,0.06666666666666668
2013-08-27,03:57:54,0,7.599945068359375,0.06666666666666668
2013-08-27,04:02:54,0,7.799949645996093,0.13333333333333333
2013-08-27,04:07:54,0,6.999969482421875,0.13333333333333333
2013-08-27,04:12:54,0,6.533253987630207,0.13333333333333333
2013-08-27,04:17:54,0,6.3999176025390625,0.2
2013-08-27,04:22:54,0,5.733273824055988,0.06666666666666668
2013-08-27,04:27:54,0,5.599937438964844,0.2
2013-08-27,04:32:55,0,6.3999176025390625,0.13333333333333333
2013-08-27,04:37:55,0,6.599960327148438,0.13333333333333333
2013-08-27,04:42:55,0,5.2665964762369795,0.2
2013-08-27,04:47:55,0,6.133282979329426,0.26666666666666666
2013-08-27,04:52:55,0,4.866587320963542,0.06666666666666668
2013-08-27,04:57:55,0,6.199913024902344,0.06666666666666668
2013-08-27,05:02:55,0,5.866610209147137,0.2
2013-08-27,05:07:55,0,5.399932861328125,0.2
2013-08-27,05:12:55,0,5.599937438964844,0.06666666666666668
2013-08-27,05:17:55,0,7.1999359130859375,0.13333333333333333
2013-08-27,05:22:55,0,5.399932861328125,0.06666666666666668
2013-08-27,05:27:55,0,6.199951171875,0.26666666666666666
2013-08-27,05:32:55,0,5.199928283691406,0.13333333333333333
2013-08-27,05:37:55,0,4.933255513509115,0.13333333333333333
2013-08-27,05:42:55,0,6.066614786783854,0.2
2013-08-27,05:47:55,0,6.933263142903646,0.3333333333333333
2013-08-27,05:52:55,0,5.999946594238281,0.06666666666666668
2013-08-27,05:57:55,0,6.399955749511718,0.13333333333333333
2013-08-27,06:02:55,0,5.7999420166015625,0.13333333333333333
2013-08-27,06:07:55,0,5.7999420166015625,0.13333333333333333
2013-08-27,06:12:55,0,5.999946594238281,0.06666666666666668
2013-08-27,06:17:55,0,7.599906921386719,0.2
2013-08-27,06:22:56,0,5.7999420166015625,0.26666666666666666
2013-08-27,06:27:56,0,4.59991455078125,0.13333333333333333
2013-08-27,06:32:56,0,3.866564432779948,0.13333333333333333
2013-08-27,06:37:56,0,5.7999420166015625,0.2
2013-08-27,06:42:56,0,6.399955749511718,0.06666666666666668
2013-08-27,06:47:56,0,5.599937438964844,0.2
2013-08-27,06:52:56,0,5.999946594238281,0.2
2013-08-27,06:57:56,0,5.999946594238281,0.26666666666666666
2013-08-27,07:02:56,0.4,5.2665964762369795,1.2666666666666666
2013-08-27,07:07:56,0,7.1999359130859375,0.06666666666666668
2013-08-27,07:12:56,0,5.399932861328125,0.06666666666666668
2013-08-27,07:17:56,0,6.466585795084636,0.13333333333333333
2013-08-27,07:22:56,0,6.599960327148438,0.13333333333333333
2013-08-27,07:27:56,0,6.6666285196940125,0.13333333333333333
2013-08-27,07:32:56,0,6.199951171875,0.13333333333333333
2013-08-27,07:37:56,0,5.7999420166015625,0.13333333333333333
2013-08-27,07:42:56,0,5.199928283691406,0.06666666666666668
2013-08-27,07:47:56,0,5.199928283691406,0.06666666666666668
2013-08-27,07:52:56,0,5.933278401692709,0.06666666666666668
2013-08-27,07:57:56,0,5.466601053873697,0.26666666666666666
2013-08-27,08:02:56,0,4.7332509358723955,0.13333333333333333
2013-08-27,08:07:56,0,6.99993133544922,0.2
2013-08-27,08:12:56,0,5.599937438964844,0.06666666666666668
2013-08-27,08:17:56,0,5.999946594238281,0.3333333333333333
2013-08-27,08:22:56,0,5.7999420166015625,0.06666666666666668
2013-08-27,08:27:56,0.06666666666666668,6.266619364420572,0.3333333333333333
2013-08-27,08:32:56,0,8.199958801269531,0.13333333333333333
2013-08-27,08:37:56,0,5.999946594238281,0.2
2013-08-27,08:42:56,0,6.333287556966144,0.4
2013-08-27,08:47:56,0,5.999908447265625,0.06666666666666668
2013-08-27,08:52:56,0,5.599937438964844,0.06666666666666668
2013-08-27,08:57:57,0,6.599922180175781,0.26666666666666666
2013-08-27,09:02:57,0,5.333264668782553,0.06666666666666668
2013-08-27,09:07:57,0,7.199974060058594,0.8
2013-08-27,09:12:57,0,6.733258565266925,0.13333333333333333
2013-08-27,09:17:57,0,5.866572062174479,0.2
2013-08-27,09:22:57,0,4.9999237060546875,0.13333333333333333
2013-08-27,09:27:57,0,5.733273824055988,0.13333333333333333
2013-08-27,09:32:57,0,4.933255513509115,0.13333333333333333
2013-08-27,09:37:57,0,4.399909973144531,0.2
2013-08-27,09:42:57,0,4.7332509358723955,0.4
2013-08-27,09:47:57,0,4.133237202962239,0.4
2013-08-27,09:52:57,0,5.666605631510416,0.3333333333333333
2013-08-27,09:57:57,0,5.06659189860026,0.4
2013-08-27,10:02:57,0,5.599937438964844,0.5333333333333333
2013-08-27,10:07:57,0,6.9999059041341125,0.26666666666666666
2013-08-27,10:12:57,0,6.199938456217447,0.13333333333333333
2013-08-27,10:17:57,0,4.7332509358723955,0.26666666666666666
2013-08-27,10:22:57,0,6.533292134602865,0.3333333333333333
2013-08-27,10:27:57,0,8.53326161702474,0.13333333333333333
2013-08-27,10:32:56,0,5.666605631510416,0.6666666666666666
2013-08-27,10:37:56,0,5.466601053873697,0.4
2013-08-27,10:42:56,0,7.13330586751302,0.2
2013-08-27,10:47:56,0,6.199913024902344,0.06666666666666668
2013-08-27,10:52:56,0,4.933255513509115,0.06666666666666668
2013-08-27,10:57:57,0,6.933301289876302,0.3333333333333333
2013-08-27,11:02:57,0,8.666559855143227,0.2
2013-08-27,11:07:57,0,5.933278401692709,0.13333333333333333
2013-08-27,11:12:57,0,5.933278401692709,0.26666666666666666
2013-08-27,11:17:57,0,7.066599527994794,0.26666666666666666
2013-08-27,11:22:57,0,6.866594950358072,0.2
2013-08-27,11:27:57,0,4.7332509358723955,0.13333333333333333
2013-08-27,11:32:57,0,5.599937438964844,0.13333333333333333
2013-08-27,11:37:57,0,6.466623942057291,0.2
2013-08-27,11:42:57,0,5.466601053873697,0.13333333333333333
2013-08-27,11:47:57,0,5.866610209147137,0.2
2013-08-27,11:52:57,0,6.399955749511718,0.13333333333333333
2013-08-27,11:57:57,0,6.866607666015626,0.6666666666666666
2013-08-27,12:02:57,0,5.599924723307291,0.13333333333333333
2013-08-27,12:07:57,0,6.399955749511718,0.13333333333333333
2013-08-27,12:12:57,0,6.99993133544922,0.26666666666666666
2013-08-27,12:17:57,0,7.333272298177083,0.2
2013-08-27,12:22:57,0,5.999946594238281,0.06666666666666668
2013-08-27,12:27:57,0,4.666582743326822,0.06666666666666668
2013-08-27,12:32:57,0,4.399909973144531,0.2
2013-08-27,12:37:57,0,4.266573588053386,0.13333333333333333
2013-08-27,12:42:57,0,4.666582743326822,0.06666666666666668
2013-08-27,12:47:57,0,6.199951171875,0.13333333333333333
2013-08-27,12:52:57,0,6.333287556966144,0.26666666666666666
2013-08-27,12:57:57,0,6.99993133544922,0.3333333333333333
2013-08-27,13:02:57,0,5.666605631510416,0.3333333333333333
2013-08-27,13:07:57,0,5.666605631510416,0.13333333333333333
2013-08-27,13:12:57,0,7.733294169108072,0.06666666666666668
2013-08-27,13:17:57,0,5.357074737548828,0.21428571428571427
2013-08-27,13:22:57,0,6.866594950358072,0.06666666666666668
2013-08-27,13:27:57,0,6.642818450927734,0.2857142857142857
2013-08-27,13:32:57,0,5.866610209147137,0.13333333333333333
2013-08-27,13:37:57,0,5.2665964762369795,0.13333333333333333
2013-08-27,13:42:57,0,5.2665964762369795,0.2
2013-08-27,13:47:57,2.2,24.599901835123696,0.2
2013-08-27,13:52:57,0,24.866574605305985,0.13333333333333333
2013-08-27,13:57:57,0.07142857142857144,14.35706274850028,0.21428571428571427
2013-08-27,14:02:57,0,10.333239237467447,0.2
2013-08-27,14:07:57,0,6.99993133544922,0.13333333333333333
2013-08-27,14:12:57,0,4.933255513509115,0.2
2013-08-27,14:17:58,0,6.599934895833331,0.13333333333333333
2013-08-27,14:22:58,0,7.928494044712611,0.07142857142857142
2013-08-27,14:27:58,0,7.999910627092634,0.14285714285714285
2013-08-27,14:32:58,0,6.857109069824219,0.14285714285714285
2013-08-27,14:37:58,0,5.928516387939453,0.2857142857142857
2013-08-27,14:42:58,0,7.142748151506696,0.21428571428571427
2013-08-27,14:47:58,0,5.357074737548828,0.2857142857142857
2013-08-27,14:52:58,0,5.999946594238281,0.14285714285714285
2013-08-27,14:57:58,0,5.928475516183036,0.2857142857142857
2013-08-27,15:02:58,0,5.785655975341797,0.14285714285714285
2013-08-27,15:07:58,0,4.285621643066406,0.14285714285714285
2013-08-27,15:12:58,0,7.571370261056083,0.21428571428571427
2013-08-27,15:17:58,0,5.857086181640625,0.2857142857142857
2013-08-27,15:22:58,0,7.19989776611328,0.13333333333333333
2013-08-27,15:27:58,0,7.666638692220053,0.2
2013-08-27,15:32:58,0,7.066599527994794,0.13333333333333333
2013-08-27,15:37:58,0,8.266576131184895,0.4666666666666667
2013-08-27,15:42:58,0,6.93328857421875,0.3333333333333333
2013-08-27,15:47:58,0,7.39996592203776,0.13333333333333333
2013-08-27,15:52:58,0,5.599937438964844,0.2
2013-08-27,15:57:58,0,6.266593933105469,0.3333333333333333
2013-08-27,16:02:58,0,6.399943033854166,0.3333333333333333
2013-08-27,16:07:58,0,8.53326161702474,0.26666666666666666
2013-08-27,16:12:58,0,7.142789023263115,0.14285714285714285
2013-08-27,16:17:58,0,6.071376800537109,0.2857142857142857
2013-08-27,16:22:58,0,5.866572062174479,0.26666666666666666
2013-08-27,16:27:58,0,5.857086181640625,0.14285714285714285
2013-08-27,16:32:58,0,6.53326670328776,0.13333333333333333
2013-08-27,16:37:58,0,6.357084001813616,0.21428571428571427
2013-08-27,16:42:58,0,6.785678863525391,0.2857142857142857
2013-08-27,16:47:58,0,5.7999420166015625,0.2
2013-08-27,16:52:58,0,5.714225769042969,0.2857142857142857
2013-08-27,16:57:58,0,6.214237213134766,0.21428571428571427
2013-08-27,17:02:58,0,4.1999053955078125,0.26666666666666666
2013-08-27,17:07:58,0,6.599960327148438,0.2
2013-08-27,17:12:58,0,8.199920654296875,0.26666666666666666
2013-08-27,17:17:58,0,7.066637674967448,0.2
2013-08-27,17:22:58,0,5.733273824055988,0.13333333333333333
2013-08-27,17:27:58,0,5.999946594238281,0.26666666666666666
2013-08-27,17:32:58,0,8.999926249186197,0.13333333333333333
2013-08-27,17:37:59,0,6.999969482421875,0.3333333333333333
2013-08-27,17:42:59,0,7.466570536295575,0.26666666666666666
2013-08-27,17:47:59,0,6.266619364420572,0.13333333333333333
2013-08-27,17:52:59,0,7.666613260904947,0.2
2013-08-27,17:57:59,0,5.333264668782553,0.26666666666666666
2013-08-27,18:02:59,0,6.333287556966144,0.26666666666666666
2013-08-27,18:07:59,0,5.066566467285156,0.13333333333333333
2013-08-27,18:12:59,0,4.866587320963542,0.13333333333333333
2013-08-27,18:17:59,0,7.266604105631512,0.13333333333333333
2013-08-27,18:22:59,0,5.999946594238281,0.2
2013-08-27,18:27:59,0,6.199951171875,0.26666666666666666
2013-08-27,18:32:59,0,7.066599527994794,0.2
2013-08-27,18:37:59,0,4.266573588053386,0.13333333333333333
2013-08-27,18:42:59,0,5.06659189860026,0.13333333333333333
2013-08-27,18:47:59,0,6.933263142903646,0.26666666666666666
2013-08-27,18:52:59,0,5.133260091145833,0.13333333333333333
2013-08-27,18:57:59,0,4.533246358235678,0.13333333333333333
2013-08-27,19:02:59,0,5.399932861328125,0.2
2013-08-27,19:07:59,0,5.866610209147137,0.13333333333333333
2013-08-27,19:12:59,0,6.866594950358072,0.06666666666666668
2013-08-27,19:17:59,0,6.199951171875,0.2
2013-08-27,19:22:59,0,8.133252461751301,0.2
2013-08-27,19:27:59,0,5.333264668782553,0.13333333333333333
2013-08-27,19:32:59,0,5.399932861328125,0.26666666666666666
2013-08-27,19:37:59,0,7.266565958658854,0.2
2013-08-27,19:42:59,0,6.066614786783854,0.26666666666666666
2013-08-27,19:47:59,0,5.866572062174479,0.13333333333333333
2013-08-27,19:52:59,0,6.133282979329426,0.2
2013-08-27,19:57:59,0,5.999946594238281,0.2
2013-08-27,20:02:59,0,5.06659189860026,0.26666666666666666
2013-08-27,20:07:59,0,6.266619364420572,0.13333333333333333
2013-08-27,20:12:59,0,6.199951171875,0.2
2013-08-27,20:17:59,0,8.333231608072916,0.2
2013-08-27,20:22:59,0,7.133293151855469,0.2
2013-08-27,20:27:59,0,7.3333104451497375,0.2
2013-08-27,20:32:59,1.4,13.533261617024738,0.13333333333333333
2013-08-27,20:37:59,0,25.133234659830727,0.2
2013-08-27,20:42:59,0,9.999923706054688,0.13333333333333333
2013-08-27,20:47:59,0,9.599901835123697,0.13333333333333333
2013-08-27,20:52:59,0,6.533253987630207,0.06666666666666668
2013-08-27,20:57:59,0,4.1999053955078125,0.26666666666666666
2013-08-27,21:02:59,0,4.7332509358723955,0.2
2013-08-27,21:07:59,0,5.2665964762369795,0.2
2013-08-27,21:12:59,0,5.533269246419271,0.2
2013-08-27,21:17:59,0,6.066614786783854,0.13333333333333333
2013-08-27,21:22:59,0,6.599922180175781,0.13333333333333333
2013-08-27,21:27:59,0,6.399955749511718,0.3333333333333333
2013-08-27,21:32:59,0,5.2665964762369795,0.2
2013-08-27,21:37:59,0,5.999946594238281,0.14285714285714285
2013-08-27,21:42:59,0,6.333287556966144,0.26666666666666666
2013-08-27,21:47:59,0,5.999908447265625,0.2
2013-08-27,21:53:00,0,3.46655527750651,0.13333333333333333
2013-08-27,21:58:00,0,4.666582743326822,0.13333333333333333
2013-08-27,22:03:00,0,5.333264668782553,0.2
2013-08-27,22:08:00,0,5.199928283691406,0.13333333333333333
2013-08-27,22:13:00,0,6.066614786783854,0.2
2013-08-27,22:18:00,0,5.866610209147137,0.13333333333333333
2013-08-27,22:23:00,0,5.999946594238281,0.13333333333333333
2013-08-27,22:28:00,0,4.666582743326822,0.4
2013-08-27,22:33:00,0,4.9999237060546875,0.13333333333333333
2013-08-27,22:38:00,0,7.066612243652344,0.13333333333333333
2013-08-27,22:43:00,0,6.5999094645182295,0.13333333333333333
2013-08-27,22:48:00,0,4.7332509358723955,0.13333333333333333
2013-08-27,22:53:00,0,5.2665964762369795,0.2
2013-08-27,22:58:00,0,4.799919128417969,0.13333333333333333
2013-08-27,23:03:00,0,4.866587320963542,0.2
2013-08-27,23:08:00,0,5.333264668782553,0.13333333333333333
2013-08-27,23:13:00,0,6.066576639811197,0.06666666666666668
2013-08-27,23:18:00,0,5.666605631510416,0.26666666666666666
2013-08-27,23:23:00,0,5.999946594238281,0.13333333333333333
2013-08-27,23:28:00,0,6.333287556966144,0.13333333333333333
2013-08-27,23:33:00,0,7.93328603108724,0.4
2013-08-27,23:38:00,0,5.5998992919921875,0.13333333333333333
2013-08-27,23:43:00,0,6.733258565266925,0.3333333333333333
2013-08-27,23:48:00,0.6666666666666667,6.066614786783854,0.13333333333333333
2013-08-27,23:53:00,0.13333333333333333,5.399932861328125,0.13333333333333333
2013-08-27,23:58:00,0,6.799964904785156,0.2
2013-08-28,00:03:00,0,6.733296712239584,0.13333333333333333
2013-08-28,00:08:00,0.13333333333333333,6.466623942057291,0.26666666666666666
2013-08-28,00:13:00,0.13333333333333333,5.2665964762369795,0.13333333333333333
2013-08-28,00:18:00,0.13333333333333333,7.133267720540365,0.13333333333333333
2013-08-28,00:23:01,0,6.199951171875,0.2
2013-08-28,00:28:01,0,5.7999420166015625,0.13333333333333333
2013-08-28,00:33:01,0,4.9999237060546875,0.2
2013-08-28,00:38:01,0.4,6.99993133544922,0.13333333333333333
2013-08-28,00:43:01,0.26666666666666666,4.866587320963542,0.13333333333333333
2013-08-28,00:48:01,0.6,4.933255513509115,0.26666666666666666
2013-08-28,00:53:01,0.06666666666666668,5.666605631510416,0.2
2013-08-28,00:58:01,0,6.333249409993489,0.13333333333333333
2013-08-28,01:03:01,0.26666666666666666,5.133260091145833,0.3333333333333333
2013-08-28,01:08:01,0,6.599960327148438,0.2
2013-08-28,01:13:01,0,5.666605631510416,0.2
2013-08-28,01:18:01,0,4.533246358235678,0.13333333333333333
2013-08-28,01:23:01,0,6.333287556966144,0.2
2013-08-28,01:28:01,0.26666666666666666,6.266619364420572,0.26666666666666666
2013-08-28,01:33:01,0,5.999908447265625,0.13333333333333333
2013-08-28,01:38:01,0,5.06659189860026,0.2
2013-08-28,01:43:01,0.2,6.933263142903646,0.13333333333333333
2013-08-28,01:48:01,0,8.199920654296875,0.26666666666666666
2013-08-28,01:53:01,0,6.066614786783854,0.13333333333333333
2013-08-28,01:58:01,0,6.466623942057291,0.13333333333333333
2013-08-28,02:03:01,0.06666666666666668,5.06659189860026,0.13333333333333333
2013-08-28,02:08:01,0,8.133252461751301,0.2
2013-08-28,02:13:01,0,6.399930318196613,0.13333333333333333
2013-08-28,02:18:01,0,5.533243815104168,0.13333333333333333
2013-08-28,02:23:01,0,3.5998916625976562,0.13333333333333333
2013-08-28,02:28:01,0,3.9332326253255214,0.2
2013-08-28,02:33:01,0,5.06659189860026,0.2
2013-08-28,02:38:01,0,5.2665964762369795,0.2
2013-08-28,02:43:01,0,6.399955749511718,0.26666666666666666
2013-08-28,02:48:01,0,6.399955749511718,0.13333333333333333
2013-08-28,02:53:01,0,5.333264668782553,0.2
2013-08-28,02:58:01,0,5.199928283691406,0.2
2013-08-28,03:03:01,0,6.466623942057291,0.13333333333333333
2013-08-28,03:08:01,0,7.066599527994794,0.13333333333333333
2013-08-28,03:13:01,0,4.799919128417969,0.2
2013-08-28,03:18:01,0,4.266573588053386,0.13333333333333333
2013-08-28,03:23:01,0.06666666666666668,6.733233133951823,0.4
2013-08-28,03:28:01,0,6.66656494140625,0.13333333333333333
2013-08-28,03:33:02,0,5.866610209147137,0.06666666666666668
2013-08-28,03:38:02,0,4.9999237060546875,0.13333333333333333
2013-08-28,03:43:02,0,4.7332509358723955,0.2
2013-08-28,03:48:02,0,5.333264668782553,0.13333333333333333
2013-08-28,03:53:02,0,6.466585795084636,0.13333333333333333
2013-08-28,03:58:02,1.6,9.399948120117188,0.2
2013-08-28,04:03:02,0.8,32.533251444498696,0.13333333333333333
2013-08-28,04:08:02,0.13333333333333333,15.866584777832033,0.13333333333333333
2013-08-28,04:13:02,0.06666666666666668,10.53320566813151,0.26666666666666666
2013-08-28,04:18:02,0,7.133267720540365,0.13333333333333333
2013-08-28,04:23:02,0,8.46655527750651,0.13333333333333333
2013-08-28,04:28:02,0,6.733258565266925,0.2
2013-08-28,04:33:02,0,5.666605631510416,0.2
2013-08-28,04:38:02,0,4.9999237060546875,0.2
2013-08-28,04:43:02,0,6.466623942057291,0.26666666666666666
2013-08-28,04:48:02,0,5.933278401692709,0.2
2013-08-28,04:53:02,0,5.2665964762369795,0.2
2013-08-28,04:58:02,0.13333333333333333,5.533269246419271,0.13333333333333333
2013-08-28,05:03:02,0,6.733283996582032,0.2
2013-08-28,05:08:02,0,6.599934895833331,0.3333333333333333
2013-08-28,05:13:02,0,6.6666285196940125,0.13333333333333333
2013-08-28,05:18:02,0,7.13330586751302,0.26666666666666666
2013-08-28,05:23:02,0,5.333264668782553,0.13333333333333333
2013-08-28,05:28:02,0,5.599937438964844,0.2
2013-08-28,05:33:02,0,4.933255513509115,0.13333333333333333
2013-08-28,05:38:02,0,6.066614786783854,0.13333333333333333
2013-08-28,05:43:02,0,6.533292134602865,0.26666666666666666
2013-08-28,05:48:02,0,5.733273824055988,0.13333333333333333
2013-08-28,05:53:02,0,7.399902343750001,0.26666666666666666
2013-08-28,05:58:02,0,4.666582743326822,0.2
2013-08-28,06:03:02,0,6.466585795084636,0.13333333333333333
2013-08-28,06:08:02,0,5.399932861328125,0.26666666666666666
2013-08-28,06:13:02,0,4.533246358235678,0.06666666666666668
2013-08-28,06:18:02,0.06666666666666668,4.866587320963542,0.13333333333333333
2013-08-28,06:23:02,0,4.933255513509115,0.2
2013-08-28,06:28:02,0,5.133260091145833,0.2
2013-08-28,06:33:02,0,5.399932861328125,0.13333333333333333
2013-08-28,06:38:02,0,4.533246358235678,0.3333333333333333
2013-08-28,06:43:02,0,6.333287556966144,0.2
2013-08-28,06:48:02,0,5.199928283691406,0.2
2013-08-28,06:53:02,0,5.666605631510416,0.26666666666666666
2013-08-28,06:58:02,0,5.39990743001302,0.13333333333333333
2013-08-28,07:03:02,0.5333333333333333,3.9332326253255214,1.2666666666666666
2013-08-28,07:08:02,0,5.866610209147137,0.13333333333333333
2013-08-28,07:13:02,0,5.866572062174479,0.2
2013-08-28,07:18:02,0,5.06659189860026,0.13333333333333333
2013-08-28,07:23:02,0,6.399955749511718,0.06666666666666668
2013-08-28,07:28:02,0,6.53326670328776,0.2
2013-08-28,07:33:03,0,7.1999359130859375,0.13333333333333333
2013-08-28,07:38:03,0,6.933263142903646,0.13333333333333333
2013-08-28,07:43:03,0,5.933278401692709,0.4
2013-08-28,07:48:03,0,5.06659189860026,0.2
2013-08-28,07:53:03,0,5.666605631510416,0.4
2013-08-28,07:58:03,0,6.6666285196940125,0.2
2013-08-28,08:03:03,0,7.666613260904947,0.13333333333333333
2013-08-28,08:08:03,0,7.599906921386719,0.2
2013-08-28,08:13:03,0,6.99993133544922,0.13333333333333333
2013-08-28,08:18:03,0,4.59991455078125,0.13333333333333333
2013-08-28,08:23:03,0,7.5999196370442705,0.3333333333333333
2013-08-28,08:28:03,0,8.666572570800781,0.2
2013-08-28,08:33:03,0,6.533292134602865,0.2
2013-08-28,08:38:03,0,5.399932861328125,0.13333333333333333
2013-08-28,08:43:03,0,6.133232116699219,0.13333333333333333
2013-08-28,08:48:03,0,5.466601053873697,0.2
2013-08-28,08:53:03,0,4.333241780598959,0.2
2013-08-28,08:58:03,0,4.799919128417969,0.2
2013-08-28,09:03:03,0,4.799919128417969,0.4666666666666667
2013-08-28,09:08:03,0,5.933240254720053,0.13333333333333333
2013-08-28,09:13:03,0,5.06659189860026,0.2
2013-08-28,09:18:03,0,5.999946594238281,0.13333333333333333
2013-08-28,09:23:03,0,5.333264668782553,0.13333333333333333
2013-08-28,09:28:03,0,5.999946594238281,0.13333333333333333
2013-08-28,09:33:03,0,5.866572062174479,0.5333333333333333
2013-08-28,09:38:03,0,5.7999420166015625,0.3333333333333333
2013-08-28,09:43:03,0,6.599960327148438,0.2
2013-08-28,09:48:03,0,5.7999420166015625,0.3333333333333333
2013-08-28,09:53:03,0,5.2665964762369795,0.13333333333333333
2013-08-28,09:58:03,0,5.599937438964844,0.4666666666666667
2013-08-28,10:03:03,0,4.799919128417969,0.2
2013-08-28,10:08:03,0,5.999908447265625,0.8
2013-08-28,10:13:03,0,4.666582743326822,0.3333333333333333
2013-08-28,10:18:03,0,6.199913024902344,0.4666666666666667
2013-08-28,10:23:03,0,5.999908447265625,0.13333333333333333
2013-08-28,10:28:03,0,4.799919128417969,0.2
2013-08-28,10:33:03,0,8.199920654296875,0.26666666666666666
2013-08-28,10:38:03,0,6.599922180175781,0.13333333333333333
2013-08-28,10:43:03,0,6.599922180175781,0.13333333333333333
2013-08-28,10:48:03,0,6.599960327148438,0.13333333333333333
2013-08-28,10:53:03,0,6.933301289876302,0.2
2013-08-28,10:58:04,0,4.399909973144531,0.4
2013-08-28,11:03:04,0,6.733258565266925,0.4666666666666667
2013-08-28,11:08:04,0,6.799964904785156,0.13333333333333333
2013-08-28,11:13:04,0,6.399955749511718,0.7333333333333333
2013-08-28,11:18:04,0,5.599937438964844,0.13333333333333333
2013-08-28,11:23:04,0,5.999946594238281,0.2
2013-08-28,11:28:04,0,5.7999420166015625,0.26666666666666666
2013-08-28,11:33:04,0,7.399940490722656,0.13333333333333333
2013-08-28,11:38:04,0,5.599937438964844,0.2
2013-08-28,11:43:04,0,7.1999359130859375,0.26666666666666666
2013-08-28,11:48:04,0,5.999946594238281,0.13333333333333333
2013-08-28,11:53:04,0,6.799926757812499,0.2
2013-08-28,11:58:04,0,5.599937438964844,0.13333333333333333
2013-08-28,12:03:04,0,6.799964904785156,0.3333333333333333
2013-08-28,12:08:04,0,4.399909973144531,0.2
2013-08-28,12:13:04,0,6.399955749511718,0.3333333333333333
2013-08-28,12:18:04,0,6.399955749511718,0.13333333333333333
2013-08-28,12:23:04,0,5.199928283691406,0.13333333333333333
2013-08-28,12:28:04,0,4.59991455078125,0.13333333333333333
2013-08-28,12:33:04,0,6.199951171875,0.2
2013-08-28,12:38:04,0,5.333264668782553,0.4
2013-08-28,12:43:04,0,9.799880981445312,0.4
2013-08-28,12:48:04,0,6.799964904785156,0.13333333333333333
2013-08-28,12:58:04,0,6.199951171875,0.2
2013-08-28,13:03:04,0,4.799919128417969,0.2
2013-08-28,13:08:04,0,4.799919128417969,0.26666666666666666
2013-08-28,13:13:04,0,3.1998825073242183,0.13333333333333333
2013-08-28,13:18:04,0,5.199928283691406,0.2
2013-08-28,13:23:04,0,4.799919128417969,0.3333333333333333
2013-08-28,13:28:04,0,6.599922180175781,0.13333333333333333
2013-08-28,13:33:04,0,5.733235677083334,0.13333333333333333
2013-08-28,13:38:04,0,5.599937438964844,0.2
2013-08-28,13:43:04,0,5.399932861328125,0.2
2013-08-28,13:48:04,0,5.7999420166015625,0.2
2013-08-28,13:53:04,0,3.9999008178710938,0.06666666666666668
2013-08-28,13:58:04,0,6.066614786783854,0.2
2013-08-28,14:03:04,0,7.599945068359375,0.06666666666666668
2013-08-28,14:08:04,0,6.199913024902344,0.13333333333333333
2013-08-28,14:13:04,0,7.399902343750001,0.26666666666666666
2013-08-28,14:18:04,0,7.1999359130859375,0.4
2013-08-28,14:23:04,0,6.199951171875,0.13333333333333333
2013-08-28,14:28:04,0,6.3999176025390625,0.2
2013-08-28,14:33:04,0,5.599937438964844,0.2
2013-08-28,14:38:04,0,4.466578165690104,0.13333333333333333
2013-08-28,14:43:04,0,7.466646830240885,0.13333333333333333
2013-08-28,14:48:04,0,5.399932861328125,0.2
2013-08-28,14:53:04,0,5.866610209147137,0.06666666666666668
2013-08-28,14:58:04,0,6.599922180175781,0.2
2013-08-28,15:03:04,0,5.399932861328125,0.2
2013-08-28,15:08:04,0,5.399932861328125,0.4
2013-08-28,15:13:04,0,5.999946594238281,0.4
2013-08-28,15:18:04,0,5.7999420166015625,0.13333333333333333
2013-08-28,15:23:04,0.06666666666666668,7.666613260904947,0.26666666666666666
2013-08-28,15:28:04,0,6.799964904785156,0.26666666666666666
2013-08-28,15:33:04,0,5.599937438964844,0.2
2013-08-28,15:38:04,0,6.599922180175781,0.13333333333333333
2013-08-28,15:43:04,0,5.266558329264323,0.13333333333333333
2013-08-28,15:48:04,0,4.533246358235678,0.13333333333333333
2013-08-28,15:53:04,0,4.266573588053386,0.2
2013-08-28,15:58:04,0,5.599937438964844,0.2
2013-08-28,16:03:04,0,5.466601053873697,0.13333333333333333
2013-08-28,16:08:04,0,10.599861145019531,0.3333333333333333
2013-08-28,16:13:04,0,7.599945068359375,0.26666666666666666
2013-08-28,16:18:04,0,7.599945068359375,0.13333333333333333
2013-08-28,16:23:04,0,5.999946594238281,0.13333333333333333
2013-08-28,16:28:04,0,4.333241780598959,0.13333333333333333
2013-08-28,16:33:05,0,6.199951171875,0.26666666666666666
2013-08-28,16:38:05,0,5.399932861328125,0.26666666666666666
2013-08-28,16:43:05,0,5.133260091145833,0.2
2013-08-28,16:48:05,0,6.266619364420572,0.2
2013-08-28,16:53:05,0,5.399932861328125,0.2
2013-08-28,16:58:05,0,8.933270772298176,0.26666666666666666
2013-08-28,17:03:05,0,5.399932861328125,0.13333333333333333
2013-08-28,17:08:05,0,6.733258565266925,0.26666666666666666
2013-08-28,17:13:05,0,5.933278401692709,0.4666666666666667
2013-08-28,17:18:05,0,5.333264668782553,0.26666666666666666
2013-08-28,17:23:05,0,5.399932861328125,0.13333333333333333
2013-08-28,17:28:05,0,6.266619364420572,0.13333333333333333
2013-08-28,17:33:05,0,5.533269246419271,0.26666666666666666
2013-08-28,17:38:05,0,6.199951171875,0.13333333333333333
2013-08-28,17:43:05,0,5.599937438964844,0.13333333333333333
2013-08-28,17:48:05,0,6.466623942057291,0.2
2013-08-28,17:53:05,0,6.933263142903646,0.2
2013-08-28,17:58:05,0,4.866587320963542,0.13333333333333333
2013-08-28,18:03:05,0,5.333264668782553,0.4
2013-08-28,18:08:05,0,6.333249409993489,0.13333333333333333
2013-08-28,18:13:05,0,4.7332509358723955,0.2
2013-08-28,18:18:05,0,5.933278401692709,0.26666666666666666
2013-08-28,18:23:05,0,5.399932861328125,0.13333333333333333
2013-08-28,18:28:05,0,4.9999237060546875,0.13333333333333333
2013-08-28,18:33:05,0,5.399932861328125,0.2
2013-08-28,18:38:05,0,5.733273824055988,0.13333333333333333
2013-08-28,18:43:05,0,6.466623942057291,0.13333333333333333
2013-08-28,18:48:05,0,5.466601053873697,0.13333333333333333
2013-08-28,18:53:05,0,5.799916585286459,0.2
2013-08-28,18:58:05,0,6.133270263671875,0.26666666666666666
2013-08-28,19:03:05,2.4,22.133216857910156,0.4
2013-08-28,19:08:05,0,29.66658274332683,0.2
2013-08-28,19:13:05,0,14.533233642578125,0.26666666666666666
2013-08-28,19:18:05,0,9.66657002766927,0.13333333333333333
2013-08-28,19:23:06,0,6.199951171875,0.13333333333333333
2013-08-28,19:28:06,0,5.933278401692709,0.13333333333333333
2013-08-28,19:33:06,0,7.599906921386719,0.2
2013-08-28,19:38:06,0,6.6666285196940125,0.13333333333333333
2013-08-28,19:43:06,0,6.7332204182942705,0.06666666666666668
2013-08-28,19:48:06,0,5.199928283691406,0.26666666666666666
2013-08-28,19:53:06,0,6.866594950358072,0.2
2013-08-28,19:58:06,0,6.799964904785156,0.13333333333333333
2013-08-28,20:03:06,0,5.933278401692709,0.26666666666666666
2013-08-28,20:08:06,0,5.933278401692709,0.2
2013-08-28,20:13:06,0,7.599957784016925,0.2
2013-08-28,20:18:06,0,7.1999231974283875,0.13333333333333333
2013-08-28,20:23:06,0,6.3999176025390625,0.2
2013-08-28,20:28:06,0,5.333264668782553,0.2
2013-08-28,20:33:06,1.4,8.933270772298176,0.13333333333333333
2013-08-28,20:38:06,0,25.399920145670567,0.2
2013-08-28,20:43:06,0,11.533215840657554,0.13333333333333333
2013-08-28,20:48:06,0,10.533218383789062,0.4
2013-08-28,20:53:06,0,6.199951171875,0.26666666666666666
2013-08-28,20:58:06,0,6.533292134602865,0.13333333333333333
2013-08-28,21:03:06,0,5.933278401692709,0.26666666666666666
2013-08-28,21:08:06,0,6.133282979329426,0.13333333333333333
2013-08-28,21:13:06,0,4.59991455078125,0.13333333333333333
2013-08-28,21:18:06,0,5.466562906901041,0.13333333333333333
2013-08-28,21:23:06,0,5.2665964762369795,0.2
2013-08-28,21:28:06,0,4.933255513509115,0.2
2013-08-28,21:33:06,0,4.666582743326822,0.2
2013-08-28,21:38:06,0,5.06659189860026,0.2
2013-08-28,21:43:06,0,5.199928283691406,0.13333333333333333
2013-08-28,21:48:06,0,4.59991455078125,0.2
2013-08-28,21:53:07,0,5.7999420166015625,0.26666666666666666
2013-08-28,21:58:07,0,6.199913024902344,0.26666666666666666
2013-08-28,22:03:07,0,6.933301289876302,0.2
2013-08-28,22:08:07,0,7.399940490722656,0.2
2013-08-28,22:13:07,0,7.066612243652344,0.13333333333333333
2013-08-28,22:18:07,0,7.266629536946613,0.13333333333333333
2013-08-28,22:23:07,0,5.399932861328125,0.2
2013-08-28,22:28:07,0,6.799939473470053,0.13333333333333333
2013-08-28,22:33:07,0,4.799919128417969,0.13333333333333333
2013-08-28,22:38:07,0,4.1999053955078125,0.13333333333333333
2013-08-28,22:43:07,0,5.733273824055988,0.2
2013-08-28,22:48:06,0,6.333274841308594,0.26666666666666666
2013-08-28,22:53:06,0,5.99993387858073,0.13333333333333333
2013-08-28,22:58:06,0,8.266550699869791,0.13333333333333333
2013-08-28,23:03:06,0,7.066599527994794,0.2
2013-08-28,23:08:06,0,5.466601053873697,0.13333333333333333
2013-08-28,23:13:06,0,5.399932861328125,0.26666666666666666
2013-08-28,23:18:06,0,4.533246358235678,0.2
2013-08-28,23:23:06,0,6.199951171875,0.26666666666666666
2013-08-28,23:28:06,0,8.466631571451822,0.13333333333333333
2013-08-28,23:33:06,0,8.533223470052082,0.3333333333333333
2013-08-28,23:38:06,0.2,6.466585795084636,0.13333333333333333
2013-08-28,23:43:06,0,6.9332758585612,0.13333333333333333
2013-08-28,23:48:06,0,6.066602071126303,0.26666666666666666
2013-08-28,23:53:06,0,8.533248901367188,0.13333333333333333
2013-08-28,23:58:06,0,5.7999420166015625,0.13333333333333333
2013-08-29,00:03:07,0.06666666666666668,7.599906921386719,0.2
2013-08-29,00:08:07,0.26666666666666666,5.666605631510416,0.2
2013-08-29,00:13:07,0.33333333333333337,4.333241780598959,0.13333333333333333
2013-08-29,00:18:07,0.33333333333333337,4.133237202962239,0.2
2013-08-29,00:23:07,0,4.933217366536459,0.26666666666666666
2013-08-29,00:28:07,0,2.8665415445963536,0.13333333333333333
2013-08-29,00:33:07,0,5.399932861328125,0.13333333333333333
2013-08-29,00:38:07,0.13333333333333333,6.399955749511718,0.13333333333333333
2013-08-29,00:43:07,0,6.733283996582032,0.2
2013-08-29,00:48:07,0.33333333333333337,6.799939473470053,0.13333333333333333
2013-08-29,00:53:07,0,5.533269246419271,0.2
2013-08-29,00:58:07,0,5.7999420166015625,0.13333333333333333
2013-08-29,01:03:07,0,2.7998733520507812,0.2
2013-08-29,01:08:07,0,5.199928283691406,0.2
2013-08-29,01:13:07,0,5.333264668782553,0.26666666666666666
2013-08-29,01:18:07,0.13333333333333333,6.333287556966144,0.26666666666666666
2013-08-29,01:23:07,0.13333333333333333,7.866579691569011,0.2
2013-08-29,01:28:07,0,4.9999237060546875,0.13333333333333333
2013-08-29,01:33:07,0,6.066614786783854,0.13333333333333333
2013-08-29,01:38:07,0.13333333333333333,5.199928283691406,0.13333333333333333
2013-08-29,01:43:07,0,5.2665964762369795,0.13333333333333333
2013-08-29,01:48:07,0,6.466623942057291,0.13333333333333333
2013-08-29,01:53:07,0.26666666666666666,6.066614786783854,0.2
2013-08-29,01:58:07,0.06666666666666668,6.666590372721354,0.26666666666666666
2013-08-29,02:03:07,0.26666666666666666,5.399932861328125,0.13333333333333333
2013-08-29,02:08:08,0.13333333333333333,6.799964904785156,0.2
2013-08-29,02:13:08,0,5.333264668782553,0.13333333333333333
2013-08-29,02:18:08,0.13333333333333333,5.333264668782553,0.2
2013-08-29,02:23:08,0,5.7999420166015625,0.13333333333333333
2013-08-29,02:28:08,0,4.1999053955078125,0.13333333333333333
2013-08-29,02:33:08,0,5.7999420166015625,0.13333333333333333
2013-08-29,02:38:08,0,5.2665964762369795,0.13333333333333333
2013-08-29,02:43:08,0,6.333249409993489,0.13333333333333333
2013-08-29,02:48:08,0,6.066614786783854,0.3333333333333333
2013-08-29,02:53:08,0,6.466623942057291,0.13333333333333333
2013-08-29,02:58:08,0,6.466585795084636,0.2
2013-08-29,03:03:08,0,5.866610209147137,0.13333333333333333
2013-08-29,03:08:08,0,5.666592915852865,0.13333333333333333
2013-08-29,03:13:08,0,6.266593933105469,0.2
2013-08-29,03:18:08,0,6.066614786783854,0.26666666666666666
2013-08-29,03:23:08,0,6.86663309733073,0.2
2013-08-29,03:28:08,0,7.333272298177083,0.13333333333333333
2013-08-29,03:33:08,0,7.066637674967448,0.2
2013-08-29,03:38:08,0,6.466623942057291,0.13333333333333333
2013-08-29,03:43:08,0,6.333287556966144,0.26666666666666666
2013-08-29,03:48:08,0,6.86663309733073,0.26666666666666666
2013-08-29,03:53:08,0,5.7999420166015625,0.06666666666666668
2013-08-29,03:58:08,0,6.133282979329426,0.13333333333333333
2013-08-29,04:03:08,0.4666666666666666,7.666600545247395,0.13333333333333333
2013-08-29,04:08:09,6.466666666666666,32.33323415120443,0.2
2013-08-29,04:13:09,3.4,25.93324025472005,0.2
2013-08-29,04:18:09,2.6,17.799886067708336,0.13333333333333333
2013-08-29,04:23:09,2.933333333333333,17.39988962809245,0.13333333333333333
2013-08-29,04:28:09,2.733333333333333,17.066574096679688,0.26666666666666666
2013-08-29,04:33:09,3.1333333333333333,18.799870808919266,0.13333333333333333
2013-08-29,04:38:09,2.8,18.399887084960938,0.26666666666666666
2013-08-29,04:43:09,2.8,18.533261617024742,0.2
2013-08-29,04:48:09,3.266666666666667,17.799835205078125,0.2
2013-08-29,04:53:09,2.6,18.999862670898438,0.13333333333333333
2013-08-29,04:58:09,3.4,17.13324228922526,0.2
2013-08-29,05:03:09,2.533333333333333,16.599909464518227,0.2
2013-08-29,05:08:09,2.933333333333333,17.39990234375,0.2
2013-08-29,05:13:09,2.8666666666666667,16.46656036376953,0.2
2013-08-29,05:18:09,2.8,15.533269246419271,0.13333333333333333
2013-08-29,05:23:09,3.1333333333333333,15.599899291992186,0.2
2013-08-29,05:28:09,2.733333333333333,15.199928283691404,0.13333333333333333
2013-08-29,05:33:09,3.1333333333333333,16.266555786132812,0.2
2013-08-29,05:38:09,2.6,17.5332514444987,0.13333333333333333
2013-08-29,05:43:09,3.333333333333333,16.93323771158854,0.13333333333333333
2013-08-29,05:48:09,2.6,16.799888610839844,0.26666666666666666
2013-08-29,05:53:09,3.1333333333333333,20.26655832926432,0.13333333333333333
2013-08-29,05:58:09,2.733333333333333,18.26655069986979,0.2
2013-08-29,06:03:09,3.066666666666667,17.13319142659505,0.13333333333333333
2013-08-29,06:08:09,2.8666666666666667,14.933268229166663,0.13333333333333333
2013-08-29,06:13:09,2.8,18.666547139485672,0.13333333333333333
2013-08-29,06:18:09,3.066666666666667,16.866607666015625,0.13333333333333333
2013-08-29,06:23:09,2.466666666666667,15.466588338216145,0.3333333333333333
2013-08-29,06:28:09,3.4,16.26659393310547,0.2
2013-08-29,06:33:09,2.533333333333333,17.533226013183594,0.2
2013-08-29,06:38:09,3.066666666666667,16.999880472819008,0.3333333333333333
2013-08-29,06:43:09,2.733333333333333,19.333216349283855,0.2
2013-08-29,06:48:09,3.1333333333333333,16.999918619791668,0.13333333333333333
2013-08-29,06:53:09,2.733333333333333,16.59992218017578,0.2
2013-08-29,06:58:10,2.8666666666666667,20.26655832926432,0.13333333333333333
2013-08-29,07:03:10,3.466666666666667,18.066558837890625,1.0666666666666669
2013-08-29,07:08:10,2.8666666666666667,16.33324940999349,0.13333333333333333
2013-08-29,07:13:10,3.2,16.599960327148438,0.3333333333333333
2013-08-29,07:18:10,2.466666666666667,18.26658884684245,0.13333333333333333
2013-08-29,07:23:10,3.2,20.199928283691406,0.13333333333333333
2013-08-29,07:28:10,2.666666666666667,17.533238728841148,0.13333333333333333
2013-08-29,07:33:10,3.1333333333333333,18.133227030436196,0.13333333333333333
2013-08-29,07:38:10,2.666666666666667,16.7999267578125,0.13333333333333333
2013-08-29,07:43:10,2.8,17.39990234375,0.26666666666666666
2013-08-29,07:48:10,3.066666666666667,15.799929300944008,0.2
2013-08-29,07:53:10,2.733333333333333,16.39995574951172,0.2
2013-08-29,07:58:09,3.066666666666667,18.86652628580729,0.2
2013-08-29,08:03:09,2.6,17.533213297526043,0.13333333333333333
2013-08-29,08:08:09,3.4,18.599853515625,0.13333333333333333
2013-08-29,08:13:09,2.6,16.399930318196617,0.13333333333333333
2013-08-29,08:18:09,3.1333333333333333,17.399940490722656,0.2
2013-08-29,08:23:09,2.733333333333333,17.46662139892578,0.13333333333333333
2013-08-29,08:28:09,2.8,17.53326416015625,0.2
2013-08-29,08:33:09,3.1333333333333333,17.599868774414062,0.2
2013-08-29,08:38:09,2.8,16.199913024902344,0.13333333333333333
2013-08-29,08:43:09,3.0,16.53325398763021,0.2
2013-08-29,08:48:09,2.466666666666667,21.86659495035807,0.2
2013-08-29,08:53:10,3.4,16.73323313395182,0.13333333333333333
2013-08-29,08:58:10,2.466666666666667,15.999908447265627,0.13333333333333333
2013-08-29,09:03:10,3.066666666666667,16.533228556315102,0.13333333333333333
2013-08-29,09:08:10,2.8666666666666667,18.999900817871094,0.6
2013-08-29,09:13:10,2.8666666666666667,18.7332280476888,0.3333333333333333
2013-08-29,09:18:10,3.066666666666667,18.533185323079426,0.13333333333333333
2013-08-29,09:23:10,2.8,15.666580200195312,0.2
2013-08-29,09:28:10,3.1333333333333333,18.599929809570312,0.6
2013-08-29,09:33:10,2.466666666666667,18.79985809326172,0.4
2013-08-29,09:38:10,3.4,16.999867757161457,0.13333333333333333
2013-08-29,09:43:10,2.6,15.533231099446617,0.4
2013-08-29,09:48:10,3.1333333333333333,19.666570027669266,0.6
2013-08-29,09:53:10,2.8666666666666667,18.19988250732422,0.13333333333333333
2013-08-29,09:58:10,2.8666666666666667,16.39995574951172,0.3333333333333333
2013-08-29,10:03:10,3.1333333333333333,15.399971008300781,0.4
2013-08-29,10:08:10,3.0,17.799911499023438,0.3333333333333333
2013-08-29,10:13:10,3.1333333333333333,17.59990692138672,0.4
2013-08-29,10:18:10,2.466666666666667,17.999916076660156,0.26666666666666666
2013-08-29,10:23:10,3.4,16.59992218017578,0.3333333333333333
2013-08-29,10:28:10,2.533333333333333,15.13329823811849,0.13333333333333333
2013-08-29,10:33:10,5.266666666666667,44.53324635823569,0.26666666666666666
2013-08-29,10:38:10,2.8666666666666667,26.066576639811196,0.3333333333333333
2013-08-29,10:43:10,3.066666666666667,19.599876403808594,0.13333333333333333
2013-08-29,10:48:10,2.933333333333333,20.599899291992188,0.13333333333333333
2013-08-29,10:53:10,2.8666666666666667,17.066523234049477,0.13333333333333333
2013-08-29,10:58:10,3.1333333333333333,18.199920654296875,0.4666666666666667
2013-08-29,11:03:10,2.6,16.39995574951172,0.7333333333333333
2013-08-29,11:08:10,3.4,15.599899291992186,0.13333333333333333
2013-08-29,11:13:10,2.6,14.799919128417969,0.13333333333333333
2013-08-29,11:18:10,3.1333333333333333,17.399940490722656,0.2
2013-08-29,11:23:10,2.8,19.39990997314453,0.4666666666666667
2013-08-29,11:28:10,3.1333333333333333,19.599876403808594,0.2
2013-08-29,11:33:11,2.8,18.19988250732422,0.2
2013-08-29,11:38:11,2.8666666666666667,15.799903869628906,0.2
2013-08-29,11:43:11,3.1333333333333333,16.59992218017578,0.13333333333333333
2013-08-29,11:48:11,2.8,14.599952697753906,0.26666666666666666
2013-08-29,11:53:11,3.266666666666667,16.399917602539062,0.5333333333333333
2013-08-29,11:58:11,2.533333333333333,17.599830627441406,0.13333333333333333
2013-08-29,12:03:11,3.266666666666667,17.866541544596352,0.4
2013-08-29,12:08:11,3.1333333333333333,20.666554768880207,0.5333333333333333
2013-08-29,12:13:11,3.4,19.599876403808594,0.6666666666666666
2013-08-29,12:18:11,3.0,19.266535441080727,0.2
2013-08-29,12:23:11,2.8,19.399871826171875,0.26666666666666666
2013-08-29,12:28:11,3.1333333333333333,18.599891662597656,0.13333333333333333
2013-08-29,12:33:11,2.8666666666666667,16.199913024902344,0.13333333333333333
2013-08-29,12:38:11,3.2,23.999900817871094,0.2
2013-08-29,12:43:11,2.6,20.999908447265625,0.13333333333333333
2013-08-29,12:48:11,3.533333333333333,19.799880981445312,0.13333333333333333
2013-08-29,12:53:11,2.466666666666667,19.99988555908203,0.13333333333333333
2013-08-29,12:58:11,3.1333333333333333,16.79993947347005,0.2
2013-08-29,13:03:11,2.933333333333333,18.39996337890625,0.13333333333333333
2013-08-29,13:08:11,2.8666666666666667,19.99988555908203,0.13333333333333333
2013-08-29,13:13:11,3.1333333333333333,17.66652425130208,0.2
2013-08-29,13:18:11,2.6,17.19989776611328,0.3333333333333333
2013-08-29,13:23:11,3.466666666666667,18.999900817871094,0.13333333333333333
2013-08-29,13:28:11,2.6,19.39990997314453,0.13333333333333333
2013-08-29,13:33:11,3.533333333333333,16.39995574951172,0.13333333333333333
2013-08-29,13:38:11,2.6,16.799888610839844,0.13333333333333333
2013-08-29,13:43:11,3.1333333333333333,19.199867248535156,0.2
2013-08-29,13:48:11,2.933333333333333,17.9998779296875,0.2
2013-08-29,13:53:11,2.8666666666666667,19.866536458333336,0.26666666666666666
2013-08-29,13:58:11,3.1333333333333333,19.799880981445312,0.13333333333333333
2013-08-29,14:03:11,2.666666666666667,17.199935913085938,0.06666666666666668
2013-08-29,14:08:11,3.333333333333333,17.399940490722656,0.2
2013-08-29,14:13:11,2.6,14.999961853027344,0.13333333333333333
2013-08-29,14:18:11,3.466666666666667,14.999923706054688,0.4
2013-08-29,14:23:11,2.6,15.999908447265627,0.13333333333333333
2013-08-29,14:28:11,3.266666666666667,17.39990234375,0.2
2013-08-29,14:33:11,2.8666666666666667,15.999870300292967,0.2
2013-08-29,14:38:11,2.8666666666666667,16.866594950358074,0.13333333333333333
2013-08-29,14:43:11,3.1333333333333333,15.799942016601562,0.2
2013-08-29,14:48:12,2.8666666666666667,18.599891662597656,0.13333333333333333
2013-08-29,14:53:12,3.266666666666667,17.19989776611328,0.13333333333333333
2013-08-29,14:58:12,2.6,18.799896240234375,0.4
2013-08-29,15:03:12,3.6,19.79991912841797,0.2
2013-08-29,15:08:12,2.8,18.39984893798828,0.2
2013-08-29,15:13:12,3.2,16.86658223470052,0.2
2013-08-29,15:18:12,2.8666666666666667,20.799903869628906,0.2
2013-08-29,15:23:12,2.933333333333333,18.599853515625,0.13333333333333333
2013-08-29,15:28:12,3.2,17.999916076660156,0.4666666666666667
2013-08-29,15:33:12,2.933333333333333,20.19989013671875,0.2
2013-08-29,15:38:12,3.2,19.59991455078125,0.13333333333333333
2013-08-29,15:43:12,2.6,18.599942525227863,0.2
2013-08-29,15:48:12,3.466666666666667,18.86652628580729,0.2
2013-08-29,15:53:12,2.6,17.799835205078125,0.13333333333333333
2013-08-29,15:58:12,3.266666666666667,19.99988555908203,0.2
2013-08-29,16:03:12,2.8666666666666667,16.199913024902344,0.13333333333333333
2013-08-29,16:08:12,3.266666666666667,18.33325703938802,0.13333333333333333
2013-08-29,16:13:12,3.066666666666667,16.19990030924479,0.2
2013-08-29,16:18:12,2.8666666666666667,15.933202107747398,0.13333333333333333
2013-08-29,16:23:12,4.066666666666666,20.99987030029297,0.13333333333333333
2013-08-29,16:28:12,3.0,24.199905395507812,0.2
2013-08-29,16:33:12,3.8666666666666663,16.79993947347005,0.2
2013-08-29,16:38:12,2.8,19.46654001871745,0.13333333333333333
2013-08-29,16:43:12,3.466666666666667,18.066507975260418,0.13333333333333333
2013-08-29,16:48:12,3.2,16.7999267578125,0.2
2013-08-29,16:53:12,3.266666666666667,18.133265177408855,0.13333333333333333
2013-08-29,16:58:12,3.2,20.86658477783203,0.26666666666666666
2013-08-29,17:03:12,3.1333333333333333,21.199887593587235,0.26666666666666666
2013-08-29,17:08:12,3.533333333333333,20.599886576334637,0.13333333333333333
2013-08-29,17:13:11,2.8666666666666667,18.399887084960938,0.13333333333333333
2013-08-29,17:18:11,3.8666666666666663,17.59990692138672,0.26666666666666666
2013-08-29,17:23:12,2.6,16.33324940999349,0.13333333333333333
2013-08-29,17:28:12,3.533333333333333,17.799911499023438,0.2
2013-08-29,17:33:12,3.1333333333333333,18.599904378255207,0.2
2013-08-29,17:38:12,3.6,16.466573079427082,0.26666666666666666
2013-08-29,17:43:12,3.266666666666667,17.599868774414062,0.26666666666666666
2013-08-29,17:48:12,3.1333333333333333,19.866561889648438,0.2
2013-08-29,17:53:12,3.533333333333333,18.86652628580729,0.2
2013-08-29,17:58:12,2.8,17.133229573567707,0.2
2013-08-29,18:03:12,4.0,15.666592915852865,0.2
2013-08-29,18:08:12,2.933333333333333,19.79991912841797,0.13333333333333333
2013-08-29,18:13:12,3.8666666666666663,18.399899800618485,0.4
2013-08-29,18:18:12,2.8666666666666667,19.399871826171875,0.13333333333333333
2013-08-29,18:23:12,3.466666666666667,17.599894205729164,0.13333333333333333
2013-08-29,18:28:12,3.2,16.599909464518227,0.4
2013-08-29,18:33:12,3.2,19.19987996419271,0.2
2013-08-29,18:38:12,3.533333333333333,19.333203633626304,0.2
2013-08-29,18:43:12,2.8,18.93319447835286,0.13333333333333333
2013-08-29,18:48:12,3.8666666666666663,18.999862670898438,0.13333333333333333
2013-08-29,18:53:12,2.933333333333333,19.799880981445312,0.26666666666666666
2013-08-29,18:58:12,4.0,20.999908447265625,0.13333333333333333
2013-08-29,19:03:12,2.8666666666666667,17.666536966959637,0.13333333333333333
2013-08-29,19:08:12,3.6,19.13323720296224,0.2
2013-08-29,19:13:12,3.1333333333333333,19.666544596354164,0.2
2013-08-29,19:18:12,3.333333333333333,18.466555277506508,0.3333333333333333
2013-08-29,19:23:12,3.466666666666667,19.399871826171875,0.13333333333333333
2013-08-29,19:28:12,2.8,18.93319447835286,0.13333333333333333
2013-08-29,19:33:12,3.933333333333333,16.466573079427082,0.13333333333333333
2013-08-29,19:38:12,2.8,18.19988250732422,0.26666666666666666
2013-08-29,19:43:12,3.666666666666667,18.33319346110026,0.13333333333333333
2013-08-29,19:48:12,2.8666666666666667,16.799888610839844,0.13333333333333333
2013-08-29,19:53:12,3.466666666666667,16.933263142903645,0.3333333333333333
2013-08-29,19:58:12,3.066666666666667,18.066546122233074,0.13333333333333333
2013-08-29,20:03:13,3.266666666666667,19.13324991861979,0.2
2013-08-29,20:08:13,3.533333333333333,19.266535441080727,0.13333333333333333
2013-08-29,20:13:13,2.8666666666666667,19.53320821126302,0.13333333333333333
2013-08-29,20:18:13,3.8666666666666663,18.733189900716148,0.13333333333333333
2013-08-29,20:23:13,2.8666666666666667,18.999862670898438,0.3333333333333333
2013-08-29,20:28:13,3.466666666666667,15.733235677083332,0.13333333333333333
2013-08-29,20:33:13,3.333333333333333,18.599853515625,0.2
2013-08-29,20:38:13,4.733333333333333,27.8665288289388,0.13333333333333333
2013-08-29,20:43:13,3.066666666666667,25.199902852376304,0.06666666666666668
2013-08-29,20:48:13,3.2,20.26655832926432,0.2
2013-08-29,20:53:13,3.666666666666667,18.733189900716148,0.13333333333333333
2013-08-29,20:58:13,3.2,18.26657613118489,0.13333333333333333
2013-08-29,21:03:13,3.533333333333333,16.39995574951172,0.13333333333333333
2013-08-29,21:08:13,3.0,18.933232625325523,0.3333333333333333
2013-08-29,21:13:13,3.8666666666666663,17.66652425130208,0.2
2013-08-29,21:18:13,3.066666666666667,20.999908447265625,0.13333333333333333
2013-08-29,21:23:13,3.666666666666667,17.599868774414062,0.13333333333333333
2013-08-29,21:28:13,3.333333333333333,17.333221435546875,0.2
2013-08-29,21:33:13,3.2,16.0666020711263,0.26666666666666666
2013-08-29,21:38:13,3.6,20.26655832926432,0.13333333333333333
2013-08-29,21:43:13,3.2,20.666567484537758,0.13333333333333333
2013-08-29,21:48:13,3.533333333333333,18.599853515625,0.13333333333333333
2013-08-29,21:53:13,2.8,16.99993133544922,0.13333333333333333
2013-08-29,21:58:13,3.8666666666666663,17.599830627441406,0.13333333333333333
2013-08-29,22:03:13,2.733333333333333,18.79985809326172,0.13333333333333333
2013-08-29,22:08:13,3.6,18.066546122233074,0.2
2013-08-29,22:13:13,3.266666666666667,20.933240254720047,0.2
2013-08-29,22:18:13,3.266666666666667,17.8665288289388,0.13333333333333333
2013-08-29,22:23:14,3.466666666666667,18.599891662597656,0.13333333333333333
2013-08-29,22:28:14,3.2,18.066558837890625,0.13333333333333333
2013-08-29,22:33:14,3.533333333333333,19.733212788899742,0.2
2013-08-29,22:38:14,2.933333333333333,20.266583760579426,0.2
2013-08-29,22:43:14,4.0,19.19987996419271,0.2
2013-08-29,22:48:14,2.933333333333333,19.599876403808594,0.13333333333333333
2013-08-29,22:53:14,3.6,18.86652628580729,0.13333333333333333
2013-08-29,22:58:14,3.333333333333333,19.666544596354164,0.26666666666666666
2013-08-29,23:03:14,3.6,17.26659138997396,0.13333333333333333
2013-08-29,23:08:14,3.333333333333333,18.266563415527344,0.26666666666666666
2013-08-29,23:13:14,3.333333333333333,16.533241271972656,0.2
2013-08-29,23:18:14,3.533333333333333,17.33320871988932,0.13333333333333333
2013-08-29,23:23:14,2.933333333333333,18.399861653645832,0.2
2013-08-29,23:28:14,4.0,18.866564432779946,0.13333333333333333
2013-08-29,23:33:14,3.0,20.466562906901043,0.13333333333333333
2013-08-29,23:38:14,3.666666666666667,17.733230590820312,0.2
2013-08-29,23:43:14,3.333333333333333,20.066566467285156,0.13333333333333333
2013-08-29,23:48:14,3.6,20.133221944173176,0.2
2013-08-29,23:53:14,3.333333333333333,18.46654256184896,0.2
2013-08-29,23:58:14,3.333333333333333,18.666534423828125,0.13333333333333333
2013-08-30,00:03:14,3.6,17.93320973714193,0.13333333333333333
2013-08-30,00:08:14,3.0,19.933217366536454,0.13333333333333333
2013-08-30,00:13:14,4.0,18.79985809326172,0.2
2013-08-30,00:18:14,2.933333333333333,16.533228556315102,0.13333333333333333
2013-08-30,00:23:14,3.666666666666667,16.733258565266926,0.13333333333333333
2013-08-30,00:28:14,3.333333333333333,17.799911499023438,0.13333333333333333
2013-08-30,00:33:14,3.666666666666667,18.866539001464844,0.13333333333333333
2013-08-30,00:38:14,3.333333333333333,16.599884033203125,0.2
2013-08-30,00:43:14,3.333333333333333,19.066569010416668,0.3333333333333333
2013-08-30,00:48:14,3.666666666666667,18.599891662597656,0.13333333333333333
2013-08-30,00:53:14,4.466666666666667,21.999893188476562,0.2
2013-08-30,00:58:14,4.733333333333333,43.266576131184905,0.13333333333333333
2013-08-30,01:03:14,3.1333333333333333,24.199892679850258,0.2
2013-08-30,01:08:14,3.8,19.133199055989582,0.13333333333333333
2013-08-30,01:13:15,3.333333333333333,17.133229573567707,0.13333333333333333
2013-08-30,01:18:15,3.666666666666667,17.19987233479818,0.2
2013-08-30,01:23:15,3.333333333333333,17.066574096679688,0.13333333333333333
2013-08-30,01:28:15,3.333333333333333,21.933224995930985,0.2
2013-08-30,01:33:15,3.666666666666667,17.933197021484375,0.13333333333333333
2013-08-30,01:38:15,3.0,18.599891662597656,0.13333333333333333
2013-08-30,01:43:15,4.0,18.19988250732422,0.13333333333333333
2013-08-30,01:48:15,3.0,19.133199055989582,0.2
2013-08-30,01:53:15,3.666666666666667,18.93327077229818,0.13333333333333333
2013-08-30,01:58:15,3.333333333333333,20.06657918294271,0.2
2013-08-30,02:03:15,3.666666666666667,19.399871826171875,0.13333333333333333
2013-08-30,02:08:14,3.333333333333333,20.466562906901043,0.13333333333333333
2013-08-30,02:13:14,3.333333333333333,18.066546122233074,0.13333333333333333
2013-08-30,02:18:14,3.666666666666667,17.333272298177082,0.13333333333333333
2013-08-30,02:23:14,3.0,19.46654001871745,0.26666666666666666
2013-08-30,02:28:14,4.0,19.733212788899742,0.26666666666666666
2013-08-30,02:33:14,3.0,21.13324483235677,0.26666666666666666
2013-08-30,02:38:14,3.6,19.333203633626304,0.13333333333333333
2013-08-30,02:43:14,3.0,17.66652425130208,0.13333333333333333
2013-08-30,02:48:14,3.666666666666667,17.666562398274742,0.13333333333333333
2013-08-30,02:53:14,3.266666666666667,17.79987335205078,0.2
2013-08-30,02:58:14,3.333333333333333,17.533213297526043,0.13333333333333333
2013-08-30,03:03:14,3.5,19.71416473388672,0.14285714285714285
2013-08-30,03:08:14,3.0,19.06653086344401,0.13333333333333333
2013-08-30,03:13:14,4.0,18.999862670898438,0.2
2013-08-30,03:18:14,3.0,18.133252461751297,0.13333333333333333
2013-08-30,03:23:14,3.666666666666667,18.66655985514323,0.13333333333333333
2013-08-30,03:28:14,3.333333333333333,20.066566467285156,0.2
2013-08-30,03:33:14,3.666666666666667,22.466583251953125,0.13333333333333333
2013-08-30,03:38:14,3.333333333333333,21.666552225748696,0.13333333333333333
2013-08-30,03:43:14,3.333333333333333,21.0665766398112,0.13333333333333333
2013-08-30,03:48:14,3.666666666666667,18.533185323079426,0.26666666666666666
2013-08-30,03:53:14,2.933333333333333,19.733212788899742,0.13333333333333333
2013-08-30,03:58:14,4.066666666666666,19.599876403808594,0.13333333333333333
2013-08-30,04:03:15,3.0,19.599889119466148,0.13333333333333333
2013-08-30,04:08:15,3.6,21.399879455566406,0.3333333333333333
2013-08-30,04:13:15,3.333333333333333,19.599876403808594,0.13333333333333333
2013-08-30,04:18:15,3.666666666666667,18.53322347005208,0.2
2013-08-30,04:23:15,3.333333333333333,18.39984893798828,0.13333333333333333
2013-08-30,04:28:15,3.333333333333333,20.39989471435547,0.2
2013-08-30,04:33:15,3.666666666666667,19.333203633626304,0.2
2013-08-30,04:38:15,3.0,17.199859619140625,0.2
2013-08-30,04:43:15,3.933333333333333,17.9998779296875,0.2
2013-08-30,04:48:15,3.0,17.666575113932293,0.13333333333333333
2013-08-30,04:53:15,3.6,18.66655985514323,0.2
2013-08-30,04:58:15,3.333333333333333,18.799896240234375,0.13333333333333333
2013-08-30,05:03:15,3.666666666666667,18.39984893798828,0.13333333333333333
2013-08-30,05:08:15,3.333333333333333,17.33320871988932,0.13333333333333333
2013-08-30,05:13:15,3.333333333333333,18.13323974609375,0.2
2013-08-30,05:18:15,3.666666666666667,20.066553751627605,0.26666666666666666
2013-08-30,05:23:15,3.1333333333333333,19.133199055989582,0.13333333333333333
2013-08-30,05:28:15,3.8,21.86659495035807,0.2
2013-08-30,05:33:15,3.0,18.86652628580729,0.06666666666666668
2013-08-30,05:38:15,3.733333333333333,19.53320821126302,0.2
2013-08-30,05:43:15,3.266666666666667,18.133227030436196,0.13333333333333333
2013-08-30,05:48:15,3.666666666666667,20.799916585286454,0.2
2013-08-30,05:53:15,3.333333333333333,19.733238220214844,0.26666666666666666
2013-08-30,05:58:15,3.333333333333333,19.933217366536454,0.2
2013-08-30,06:03:15,3.666666666666667,17.999839782714844,0.26666666666666666
2013-08-30,06:08:15,3.333333333333333,18.99993896484375,0.13333333333333333
2013-08-30,06:13:15,3.666666666666667,19.199905395507812,0.13333333333333333
2013-08-30,06:18:15,3.0,17.59990692138672,0.26666666666666666
2013-08-30,06:23:15,3.933333333333333,19.799880981445312,0.5333333333333333
2013-08-30,06:28:15,3.0,18.66652170817057,0.13333333333333333
2013-08-30,06:33:15,3.666666666666667,17.93323516845703,0.26666666666666666
2013-08-30,06:38:15,3.333333333333333,19.26654815673828,0.13333333333333333
2013-08-30,06:43:15,3.333333333333333,16.799888610839844,0.2
2013-08-30,06:48:15,3.666666666666667,19.066594441731773,0.2
2013-08-30,06:53:15,3.333333333333333,20.39989471435547,0.26666666666666666
2013-08-30,06:58:15,3.666666666666667,20.39989471435547,0.13333333333333333
2013-08-30,07:03:15,3.266666666666667,18.599853515625,1.2666666666666666
2013-08-30,07:08:15,4.0,19.599876403808594,0.13333333333333333
2013-08-30,07:13:16,3.0,19.06653086344401,0.13333333333333333
2013-08-30,07:18:16,3.666666666666667,18.266512552897133,0.5333333333333333
2013-08-30,07:23:16,3.333333333333333,21.59992218017578,0.13333333333333333
2013-08-30,07:28:16,3.333333333333333,23.06662241617839,0.13333333333333333
2013-08-30,07:33:16,3.666666666666667,19.99988555908203,0.4
2013-08-30,07:38:16,3.333333333333333,19.99988555908203,0.2
2013-08-30,07:43:16,3.666666666666667,22.066561381022133,0.6
2013-08-30,07:48:16,3.0,18.066546122233074,0.2
2013-08-30,07:53:16,4.0,22.19989776611328,0.13333333333333333
2013-08-30,07:58:16,3.0,21.59992218017578,0.2
2013-08-30,08:03:16,3.666666666666667,18.19988250732422,0.13333333333333333
2013-08-30,08:08:16,3.333333333333333,19.066556294759117,0.26666666666666666
2013-08-30,08:13:16,3.266666666666667,18.599853515625,0.13333333333333333
2013-08-30,08:18:16,3.666666666666667,21.399917602539062,0.13333333333333333
2013-08-30,08:23:16,3.333333333333333,19.199867248535156,0.2
2013-08-30,08:28:16,3.666666666666667,22.199935913085938,0.2
2013-08-30,08:33:16,3.0,20.39989471435547,0.2
2013-08-30,08:38:16,4.0,20.39989471435547,0.13333333333333333
2013-08-30,08:43:16,3.0,19.933217366536454,0.4
2013-08-30,08:48:16,3.666666666666667,21.399917602539062,0.13333333333333333
2013-08-30,08:53:16,3.333333333333333,19.599876403808594,0.2
2013-08-30,08:58:16,3.266666666666667,19.99988555908203,0.13333333333333333
2013-08-30,09:03:16,3.666666666666667,19.06653086344401,0.13333333333333333
2013-08-30,09:08:16,3.333333333333333,21.7999267578125,0.26666666666666666
2013-08-30,09:13:16,3.666666666666667,20.39989471435547,0.2
2013-08-30,09:18:16,3.0,18.26658884684245,0.2
2013-08-30,09:23:16,4.0,18.333218892415367,0.26666666666666666
2013-08-30,09:28:16,3.0,19.599876403808594,0.26666666666666666
2013-08-30,09:33:16,3.666666666666667,17.79987335205078,0.4666666666666667
2013-08-30,09:38:16,3.333333333333333,19.999923706054688,0.26666666666666666
2013-08-30,09:43:17,3.333333333333333,18.79985809326172,0.13333333333333333
2013-08-30,09:48:17,3.666666666666667,19.399871826171875,0.13333333333333333
2013-08-30,09:53:17,3.333333333333333,18.999862670898438,0.26666666666666666
2013-08-30,09:58:17,3.666666666666667,20.79986572265625,0.6
2013-08-30,10:03:17,3.0,19.99988555908203,0.2
2013-08-30,10:08:17,4.0,21.59992218017578,0.13333333333333333
2013-08-30,10:13:17,3.0,20.19989013671875,0.2
2013-08-30,10:18:17,3.6,20.19989013671875,0.13333333333333333
2013-08-30,10:23:17,3.333333333333333,18.933207194010418,0.6
2013-08-30,10:28:17,3.266666666666667,21.199874877929688,0.13333333333333333
2013-08-30,10:33:17,3.666666666666667,18.599891662597656,0.2
2013-08-30,10:38:17,3.333333333333333,19.46654001871745,0.13333333333333333
2013-08-30,10:43:17,3.666666666666667,19.599876403808594,0.26666666666666666
2013-08-30,10:48:17,3.0,17.79987335205078,0.4
2013-08-30,10:53:17,4.0,19.799880981445312,0.2
2013-08-30,10:58:17,3.0,22.59990692138672,0.13333333333333333
2013-08-30,11:03:17,3.933333333333333,19.799880981445312,0.13333333333333333
2013-08-30,11:08:17,3.333333333333333,19.199867248535156,0.4666666666666667
2013-08-30,11:13:17,3.466666666666667,22.59990692138672,0.2
2013-08-30,11:18:16,3.3571428571428568,20.285606384277344,0.2857142857142857
2013-08-30,11:23:16,3.333333333333333,19.266535441080727,0.5333333333333333
2013-08-30,11:28:16,3.666666666666667,21.199874877929688,0.13333333333333333
2013-08-30,11:33:16,3.0,19.199867248535156,0.2
2013-08-30,11:38:16,3.8571428571428568,17.999880654471262,0.14285714285714285
2013-08-30,11:43:16,3.0,22.999916076660156,0.26666666666666666
2013-08-30,11:48:16,3.6,20.19989013671875,0.13333333333333333
2013-08-30,11:53:16,3.333333333333333,19.199867248535156,0.26666666666666666
2013-08-30,11:58:16,3.6,18.19988250732422,0.4
2013-08-30,12:03:16,3.4,18.866539001464844,0.13333333333333333
2013-08-30,12:08:16,3.333333333333333,21.199913024902344,0.4666666666666667
2013-08-30,12:13:16,3.6,22.59990692138672,0.4
2013-08-30,12:18:17,3.0,21.599884033203125,0.5333333333333333
2013-08-30,12:23:17,4.0,17.799835205078125,0.13333333333333333
2013-08-30,12:28:17,3.0,19.199867248535156,0.2
2013-08-30,12:33:17,3.6,21.399879455566406,0.13333333333333333
2013-08-30,12:38:17,3.333333333333333,17.79987335205078,1.1333333333333333
2013-08-30,12:43:17,3.666666666666667,20.19989013671875,0.3333333333333333
2013-08-30,12:48:17,3.2,20.19989013671875,0.2
2013-08-30,12:53:17,3.333333333333333,18.79985809326172,0.2
2013-08-30,12:58:17,3.5,19.071292877197266,0.5
2013-08-30,13:03:17,3.071428571428572,21.21419906616211,0.5
2013-08-30,13:08:17,4.0,17.999839782714844,0.4
2013-08-30,13:13:17,3.0,17.9998779296875,0.2
2013-08-30,13:18:17,3.666666666666667,18.133227030436196,0.26666666666666666
2013-08-30,13:23:17,3.266666666666667,19.59991455078125,0.3333333333333333
2013-08-30,13:28:17,3.8571428571428568,16.99989863804408,0.14285714285714285
2013-08-30,13:33:17,3.333333333333333,20.19989013671875,0.4
2013-08-30,13:38:17,3.5,19.785594940185547,0.21428571428571427
2013-08-30,13:43:17,3.333333333333333,18.866564432779946,0.13333333333333333
2013-08-30,13:48:17,3.071428571428572,18.356990814208984,0.14285714285714285
2013-08-30,13:53:17,3.8571428571428568,20.57128633771624,0.21428571428571427
2013-08-30,13:58:17,3.1428571428571432,19.6427617754255,0.21428571428571427
2013-08-30,14:03:17,3.6428571428571432,18.642711639404297,0.2857142857142857
2013-08-30,14:08:17,3.1428571428571432,20.999908447265625,0.21428571428571427
2013-08-30,14:13:17,3.8571428571428568,19.499874114990234,0.2857142857142857
2013-08-30,14:18:17,2.933333333333333,20.999921162923176,0.2
2013-08-30,14:23:17,3.5,20.571340833391467,0.14285714285714285
2013-08-30,14:28:17,3.333333333333333,23.666559855143227,0.4666666666666667
2013-08-30,14:33:17,3.071428571428572,20.571327209472656,0.21428571428571427
2013-08-30,14:38:18,3.666666666666667,19.53320821126302,0.13333333333333333
2013-08-30,14:43:18,3.333333333333333,19.799880981445312,0.26666666666666666
2013-08-30,14:48:18,3.8571428571428568,22.28565216064453,0.8571428571428571
2013-08-30,14:53:18,3.0,20.866572062174477,0.13333333333333333
2013-08-30,14:58:18,4.0,19.866549173990883,0.7333333333333333
2013-08-30,15:03:18,2.933333333333333,18.799845377604164,0.2
2013-08-30,15:08:18,3.666666666666667,22.133242289225258,0.9333333333333332
2013-08-30,15:13:18,3.333333333333333,19.733212788899742,0.2
2013-08-30,15:18:18,3.266666666666667,21.86659495035807,0.13333333333333333
2013-08-30,15:23:18,3.666666666666667,19.333203633626304,0.13333333333333333
2013-08-30,15:28:18,3.333333333333333,20.866597493489582,0.13333333333333333
2013-08-30,15:33:18,3.666666666666667,18.79985809326172,0.13333333333333333
2013-08-30,15:38:18,3.0,19.933217366536454,0.26666666666666666
2013-08-30,15:43:18,6.0,24.66654459635417,0.26666666666666666
2013-08-30,15:48:18,3.0,40.59989929199219,0.6666666666666666
2013-08-30,15:53:18,3.666666666666667,23.79993438720703,0.2
2013-08-30,15:58:18,3.333333333333333,20.466562906901043,0.3333333333333333
2013-08-30,16:03:18,3.333333333333333,21.99993133544922,0.26666666666666666
2013-08-30,16:08:18,3.666666666666667,20.799903869628906,0.26666666666666666
2013-08-30,16:13:18,3.333333333333333,21.399879455566406,0.2
2013-08-30,16:18:18,3.666666666666667,21.13324483235677,0.2
2013-08-30,16:23:18,3.0,20.199851989746094,0.13333333333333333
2013-08-30,16:28:18,4.0,19.99988555908203,0.3333333333333333
2013-08-30,16:33:18,3.0,21.399917602539062,0.2
2013-08-30,16:38:18,3.666666666666667,21.399917602539062,0.4
2013-08-30,16:43:18,3.333333333333333,19.399871826171875,0.26666666666666666
2013-08-30,16:48:18,3.4,19.866561889648438,0.2
2013-08-30,16:53:18,3.533333333333333,20.133221944173176,0.26666666666666666
2013-08-30,16:58:18,3.333333333333333,21.199913024902344,0.2
2013-08-30,17:03:18,3.666666666666667,19.199867248535156,0.26666666666666666
2013-08-30,17:08:18,2.933333333333333,17.599868774414062,0.2
2013-08-30,17:13:18,4.0,15.799980163574217,0.26666666666666666
2013-08-30,17:18:19,3.0,17.533226013183594,0.13333333333333333
2013-08-30,17:23:19,3.666666666666667,17.999916076660156,0.2
2013-08-30,17:28:19,3.333333333333333,17.999916076660156,0.13333333333333333
2013-08-30,17:33:19,3.6,18.399887084960938,0.3333333333333333
2013-08-30,17:38:19,3.4,21.666552225748696,0.2
2013-08-30,17:43:19,3.333333333333333,19.99988555908203,0.2
2013-08-30,17:48:19,3.666666666666667,21.199913024902344,0.6
2013-08-30,17:53:19,2.933333333333333,19.199867248535156,0.2
2013-08-30,17:58:19,4.0,21.7999267578125,0.26666666666666666
2013-08-30,18:03:19,3.0,20.799903869628906,0.2
2013-08-30,18:08:19,3.6,21.99993133544922,0.2
2013-08-30,18:13:19,3.333333333333333,17.999916076660156,0.2
2013-08-30,18:18:19,3.666666666666667,21.199913024902344,0.13333333333333333
2013-08-30,18:23:19,3.333333333333333,22.999916076660156,0.26666666666666666
2013-08-30,18:28:19,3.333333333333333,22.399940490722656,0.2
2013-08-30,18:33:19,3.666666666666667,16.399917602539062,0.2
2013-08-30,18:38:19,3.066666666666667,17.599868774414062,0.2
2013-08-30,18:43:19,3.933333333333333,19.399871826171875,0.2
2013-08-30,18:48:19,3.0,20.19989013671875,0.26666666666666666
2013-08-30,18:53:19,3.6,19.599876403808594,0.13333333333333333
2013-08-30,18:58:19,3.333333333333333,19.399871826171875,0.2
2013-08-30,19:03:19,3.666666666666667,18.19988250732422,0.13333333333333333
2013-08-30,19:08:19,3.266666666666667,19.266560872395832,0.13333333333333333
2013-08-30,19:13:19,3.333333333333333,23.06662241617839,0.2
2013-08-30,19:18:19,3.666666666666667,20.466562906901043,0.2
2013-08-30,19:23:19,3.0,20.799903869628906,0.13333333333333333
2013-08-30,19:28:20,4.0,19.199867248535156,0.2
2013-08-30,19:33:20,3.0,21.799888610839844,0.26666666666666666
2013-08-30,19:38:20,3.8,20.39989471435547,0.13333333333333333
2013-08-30,19:43:20,3.2,17.999839782714844,0.2
2013-08-30,19:48:20,3.666666666666667,17.39987691243489,0.2
2013-08-30,19:53:20,3.266666666666667,19.79991912841797,0.2
2013-08-30,19:58:20,3.333333333333333,19.99988555908203,0.26666666666666666
2013-08-30,20:03:20,3.666666666666667,20.19989013671875,0.2
2013-08-30,20:08:20,3.0,18.999862670898438,0.13333333333333333
2013-08-30,20:13:20,4.0,18.599853515625,0.2
2013-08-30,20:18:20,3.0,19.46654001871745,0.2
2013-08-30,20:23:19,3.8666666666666663,19.199905395507812,0.13333333333333333
2013-08-30,20:28:19,3.066666666666667,18.733189900716148,0.13333333333333333
2013-08-30,20:33:19,3.666666666666667,19.199905395507812,0.3333333333333333
2013-08-30,20:38:19,4.466666666666667,24.333216349283852,0.26666666666666666
2013-08-30,20:43:19,3.333333333333333,33.8665517171224,0.13333333333333333
2013-08-30,20:48:19,3.666666666666667,22.599932352701828,0.13333333333333333
2013-08-30,20:53:19,3.0,21.199874877929688,0.13333333333333333
2013-08-30,20:58:19,4.0,19.199867248535156,0.13333333333333333
2013-08-30,21:03:19,3.0,22.79987335205078,0.13333333333333333
2013-08-30,21:08:20,4.0,21.999905904134117,0.2
2013-08-30,21:13:20,3.0,23.39991251627604,0.26666666666666666
2013-08-30,21:18:20,3.666666666666667,21.333249409993492,0.13333333333333333
2013-08-30,21:23:20,3.266666666666667,19.933217366536454,0.13333333333333333
2013-08-30,21:28:20,3.333333333333333,17.133216857910156,0.26666666666666666
2013-08-30,21:33:20,3.666666666666667,21.399879455566406,0.2
2013-08-30,21:38:20,3.0,17.999839782714844,0.13333333333333333
2013-08-30,21:43:20,4.0,19.733250935872395,0.26666666666666666
2013-08-30,21:48:20,3.0,23.73326619466146,0.13333333333333333
2013-08-30,21:53:20,4.0,21.666590372721352,0.13333333333333333
2013-08-30,21:58:20,3.0,20.19989013671875,0.13333333333333333
2013-08-30,22:03:20,3.666666666666667,21.13324483235677,0.06666666666666668
2013-08-30,22:08:20,3.333333333333333,21.333249409993492,0.26666666666666666
2013-08-30,22:13:20,3.266666666666667,19.599876403808594,0.2
2013-08-30,22:18:20,3.666666666666667,21.13324483235677,0.3333333333333333
2013-08-30,22:23:20,3.0,18.79985809326172,0.13333333333333333
2013-08-30,22:28:20,4.0,19.266586303710938,0.13333333333333333
2013-08-30,22:33:20,3.0,17.999839782714844,0.13333333333333333
2013-08-30,22:38:20,4.0,18.93321990966797,0.13333333333333333
2013-08-30,22:43:20,3.0,17.999852498372395,0.26666666666666666
2013-08-30,22:48:20,3.666666666666667,20.79986572265625,0.13333333333333333
2013-08-30,22:53:20,3.333333333333333,18.79985809326172,0.3333333333333333
2013-08-30,22:58:20,3.333333333333333,20.133221944173176,0.2
2013-08-30,23:03:20,3.666666666666667,19.06653086344401,0.2
2013-08-30,23:08:20,3.1333333333333333,17.066548665364586,0.26666666666666666
2013-08-30,23:13:20,3.8666666666666663,17.066523234049477,0.13333333333333333
2013-08-30,23:18:20,3.0,19.53320821126302,0.26666666666666666
2013-08-30,23:23:20,4.0,22.59990692138672,0.2
2013-08-30,23:28:20,3.0,22.13326772054036,0.13333333333333333
2013-08-30,23:33:20,3.666666666666667,17.933171590169266,0.13333333333333333
2013-08-30,23:38:20,3.333333333333333,18.133227030436196,0.13333333333333333
2013-08-30,23:43:20,3.333333333333333,21.399917602539062,0.13333333333333333
2013-08-30,23:48:20,3.666666666666667,20.333226521809898,0.13333333333333333
2013-08-30,23:53:20,3.266666666666667,20.599899291992188,0.2
2013-08-30,23:58:20,3.733333333333333,22.199935913085938,0.2
2013-08-31,00:03:20,3.0,23.39996337890625,0.13333333333333333
2013-08-31,00:08:21,4.066666666666666,20.066553751627605,0.13333333333333333
2013-08-31,00:13:21,3.1333333333333333,18.79985809326172,0.2
2013-08-31,00:18:21,3.666666666666667,18.066546122233074,0.2
2013-08-31,00:23:21,3.333333333333333,18.799883524576824,0.13333333333333333
2013-08-31,00:28:21,3.4,18.333206176757812,0.26666666666666666
2013-08-31,00:33:21,3.8,21.333249409993492,0.13333333333333333
2013-08-31,00:38:21,3.666666666666667,20.466562906901043,0.2
2013-08-31,00:43:21,4.066666666666666,20.933240254720047,0.2
2013-08-31,00:48:21,3.1333333333333333,20.599899291992188,0.2
2013-08-31,00:53:21,4.066666666666666,21.333249409993492,0.13333333333333333
2013-08-31,00:58:21,3.1333333333333333,20.466562906901043,0.2
2013-08-31,01:03:21,3.666666666666667,19.266535441080727,0.2
2013-08-31,01:08:21,3.333333333333333,21.399917602539062,0.26666666666666666
2013-08-31,01:13:21,3.333333333333333,20.19989013671875,0.13333333333333333
2013-08-31,01:18:21,3.666666666666667,20.933240254720047,0.26666666666666666
2013-08-31,01:23:21,3.333333333333333,21.533253987630204,0.13333333333333333
2013-08-31,01:28:21,3.666666666666667,21.266581217447914,0.2
2013-08-31,01:33:21,3.0,21.7999267578125,0.13333333333333333
2013-08-31,01:38:21,4.0,18.86652628580729,0.2
2013-08-31,01:43:21,3.066666666666667,17.533200581868485,0.26666666666666666
2013-08-31,01:48:21,3.733333333333333,18.466555277506508,0.2
2013-08-31,01:53:21,3.4,20.866533915201824,0.13333333333333333
2013-08-31,01:58:22,3.4,18.93319447835286,0.3333333333333333
2013-08-31,02:03:22,3.8,19.399871826171875,0.2
2013-08-31,02:08:22,3.4,18.199844360351562,0.13333333333333333
2013-08-31,02:13:22,3.666666666666667,19.266535441080727,0.13333333333333333
2013-08-31,02:18:22,3.0,20.066553751627605,0.13333333333333333
2013-08-31,02:23:22,4.0,21.266543070475258,0.2
2013-08-31,02:28:22,3.333333333333333,18.466517130533855,0.2
2013-08-31,02:33:22,3.733333333333333,19.466565450032554,0.26666666666666666
2013-08-31,02:38:22,3.333333333333333,20.133234659830727,0.13333333333333333
2013-08-31,02:43:22,3.466666666666667,23.19995880126953,0.2
2013-08-31,02:48:22,3.466666666666667,22.066599527994796,0.13333333333333333
2013-08-31,02:53:22,3.333333333333333,20.066553751627605,0.13333333333333333
2013-08-31,02:58:22,3.666666666666667,20.466562906901043,0.13333333333333333
2013-08-31,03:03:22,3.333333333333333,17.066523234049477,0.2
2013-08-31,03:08:22,4.133333333333333,19.13323720296224,0.13333333333333333
2013-08-31,03:13:22,3.0,20.466562906901043,0.2
2013-08-31,03:18:22,3.666666666666667,21.266581217447914,0.26666666666666666
2013-08-31,03:23:22,3.4,19.333203633626304,0.13333333333333333
2013-08-31,03:28:22,3.6,18.93319447835286,0.26666666666666666
2013-08-31,03:33:22,3.4,17.533200581868485,0.2
2013-08-31,03:38:22,3.333333333333333,19.933242797851562,0.26666666666666666
2013-08-31,03:43:22,3.666666666666667,19.53320821126302,0.2
2013-08-31,03:48:22,3.0,18.79985809326172,0.13333333333333333
2013-08-31,03:53:22,4.0,18.66652170817057,0.2
2013-08-31,03:58:22,3.0,19.133199055989582,0.2
2013-08-31,04:03:22,3.666666666666667,19.53320821126302,0.2
2013-08-31,04:08:22,3.4,22.266604105631508,0.13333333333333333
2013-08-31,04:13:22,3.666666666666667,19.46654001871745,0.13333333333333333
2013-08-31,04:18:22,3.333333333333333,20.466550191243492,0.3333333333333333
2013-08-31,04:23:22,3.333333333333333,22.333246866861984,0.13333333333333333
2013-08-31,04:28:22,3.666666666666667,19.733212788899742,0.2
2013-08-31,04:33:22,3.0,20.133221944173176,0.2
2013-08-31,04:38:22,4.0,17.999928792317704,0.13333333333333333
2013-08-31,04:43:22,3.0,21.0665766398112,0.13333333333333333
2013-08-31,04:48:22,3.666666666666667,20.933240254720047,0.13333333333333333
2013-08-31,04:53:23,3.333333333333333,20.866572062174477,0.13333333333333333
2013-08-31,04:58:23,4.333333333333333,20.399881998697914,0.2
2013-08-31,05:03:23,4.733333333333333,43.999977111816406,0.3333333333333333
2013-08-31,05:08:23,3.333333333333333,27.666549682617188,0.13333333333333333
2013-08-31,05:13:23,3.733333333333333,23.39996337890625,0.26666666666666666
2013-08-31,05:18:23,3.0,20.866572062174477,0.3333333333333333
2013-08-31,05:23:23,3.8666666666666663,20.933189392089844,0.2
2013-08-31,05:28:22,3.1333333333333333,21.266555786132812,0.13333333333333333
2013-08-31,05:33:22,3.666666666666667,21.93318684895833,0.2
2013-08-31,05:38:22,3.333333333333333,20.199851989746094,0.13333333333333333
2013-08-31,05:43:22,3.333333333333333,20.466562906901043,0.13333333333333333
2013-08-31,05:48:22,3.666666666666667,21.99993133544922,0.13333333333333333
2013-08-31,05:53:22,3.333333333333333,21.0665766398112,0.2
2013-08-31,05:58:22,3.666666666666667,18.266512552897133,0.26666666666666666
2013-08-31,06:03:22,3.0,20.999908447265625,0.2
2013-08-31,06:08:22,4.066666666666666,21.266581217447914,0.26666666666666666
2013-08-31,06:13:22,3.0,21.333249409993492,0.13333333333333333
2013-08-31,06:18:22,3.666666666666667,17.999839782714844,0.2
2013-08-31,06:23:22,3.333333333333333,20.866572062174477,0.06666666666666668
2013-08-31,06:28:22,3.333333333333333,21.533253987630204,0.3333333333333333
2013-08-31,06:33:22,3.666666666666667,18.999900817871094,0.13333333333333333
2013-08-31,06:38:22,3.333333333333333,19.866549173990883,0.13333333333333333
2013-08-31,06:43:22,3.666666666666667,18.599891662597656,0.2
2013-08-31,06:48:23,3.0,19.133224487304688,0.2
2013-08-31,06:53:23,4.0,21.73325856526693,0.2
2013-08-31,06:58:23,2.8,21.199913024902344,0.26666666666666666
2013-08-31,07:03:23,4.133333333333333,18.733202616373696,1.1333333333333333
2013-08-31,07:08:23,3.533333333333333,21.0665766398112,0.13333333333333333
2013-08-31,07:13:23,3.4,18.199844360351562,0.4
2013-08-31,07:18:23,3.6,19.799880981445312,0.13333333333333333
2013-08-31,07:23:23,3.333333333333333,20.39989471435547,0.13333333333333333
2013-08-31,07:28:23,3.666666666666667,20.26655832926432,0.13333333333333333
2013-08-31,07:33:23,3.1333333333333333,20.866572062174477,0.2
2013-08-31,07:38:23,4.0,22.066561381022133,0.13333333333333333
2013-08-31,07:43:23,3.0,20.466562906901043,0.13333333333333333
2013-08-31,07:48:23,3.666666666666667,18.93319447835286,0.3333333333333333
2013-08-31,07:53:23,3.333333333333333,19.333203633626304,0.13333333333333333
2013-08-31,07:58:23,3.533333333333333,18.999862670898438,0.3333333333333333
2013-08-31,08:03:23,3.466666666666667,21.333249409993492,0.2
2013-08-31,08:08:23,3.333333333333333,21.73325856526693,0.13333333333333333
2013-08-31,08:13:23,3.666666666666667,19.666544596354164,0.2
2013-08-31,08:18:23,3.0,18.999862670898438,0.2
2013-08-31,08:23:23,4.0,18.86652628580729,0.13333333333333333
2013-08-31,08:28:23,3.0,20.599899291992188,0.13333333333333333
2013-08-31,08:33:23,3.666666666666667,19.733212788899742,0.2
2013-08-31,08:38:23,3.333333333333333,17.46657053629557,0.26666666666666666
2013-08-31,08:43:23,3.666666666666667,18.133214314778645,0.2
2013-08-31,08:48:23,3.333333333333333,22.399940490722656,0.13333333333333333
2013-08-31,08:53:23,3.333333333333333,19.99988555908203,0.26666666666666666
2013-08-31,08:58:23,3.666666666666667,21.933250427246094,0.26666666666666666
2013-08-31,09:03:23,3.0,20.73321024576823,0.26666666666666666
2013-08-31,09:08:23,4.2,19.33324178059896,0.2
2013-08-31,09:13:24,3.0,18.86652628580729,0.13333333333333333
2013-08-31,09:18:24,3.666666666666667,22.13326772054036,0.13333333333333333
2013-08-31,09:23:24,3.333333333333333,20.799903869628906,0.26666666666666666
2013-08-31,09:28:24,3.666666666666667,20.666567484537758,0.2
2013-08-31,09:33:24,3.333333333333333,21.73325856526693,0.2
2013-08-31,09:38:24,3.333333333333333,19.733212788899742,0.26666666666666666
2013-08-31,09:43:24,3.666666666666667,22.599945068359375,0.13333333333333333
2013-08-31,09:48:24,3.0,23.066584269205727,0.2
2013-08-31,09:53:24,4.0,22.59990692138672,0.2
2013-08-31,09:58:24,3.0,19.333203633626304,0.2
2013-08-31,10:03:24,3.666666666666667,20.133221944173176,0.2
2013-08-31,10:08:24,3.533333333333333,20.26655832926432,0.2
2013-08-31,10:13:24,3.333333333333333,20.26655832926432,0.13333333333333333
2013-08-31,10:18:24,3.666666666666667,18.66652170817057,0.2
2013-08-31,10:23:24,3.333333333333333,17.333170572916668,0.13333333333333333
2013-08-31,10:28:24,3.666666666666667,17.73326873779297,0.2
2013-08-31,10:33:24,3.0,19.799880981445312,0.13333333333333333
2013-08-31,10:38:24,4.0,21.199913024902344,0.26666666666666666
2013-08-31,10:43:24,3.0,20.79986572265625,0.26666666666666666
2013-08-31,10:48:24,3.666666666666667,17.266553243001297,0.13333333333333333
2013-08-31,10:53:24,3.333333333333333,19.199905395507812,0.2
2013-08-31,10:58:24,3.4,21.999893188476562,0.2
2013-08-31,11:03:24,3.6,21.99993133544922,0.13333333333333333
2013-08-31,11:08:24,3.333333333333333,21.399917602539062,0.13333333333333333
2013-08-31,11:13:24,3.666666666666667,23.19995880126953,0.2
2013-08-31,11:18:24,3.0,21.7999267578125,0.13333333333333333
2013-08-31,11:23:24,4.0,19.99988555908203,0.13333333333333333
2013-08-31,11:28:24,3.1333333333333333,20.39989471435547,0.3333333333333333
2013-08-31,11:33:24,3.666666666666667,18.39984893798828,0.26666666666666666
2013-08-31,11:38:24,3.333333333333333,20.133221944173176,0.13333333333333333
2013-08-31,11:43:24,3.466666666666667,19.06653086344401,0.2
2013-08-31,11:48:25,3.533333333333333,20.06657918294271,0.2
2013-08-31,11:53:25,3.333333333333333,21.99993133544922,0.2
2013-08-31,11:58:25,3.666666666666667,21.199913024902344,0.2
2013-08-31,12:03:25,3.0,21.399879455566406,0.13333333333333333
2013-08-31,12:08:25,4.066666666666666,20.066553751627605,0.26666666666666666
2013-08-31,12:13:25,3.0,19.59991455078125,0.2
2013-08-31,12:18:25,3.733333333333333,21.13324483235677,0.13333333333333333
2013-08-31,12:23:25,3.333333333333333,20.999908447265625,0.2
2013-08-31,12:28:25,3.666666666666667,19.599876403808594,0.2
2013-08-31,12:33:25,3.4,21.399917602539062,0.13333333333333333
2013-08-31,12:38:25,3.333333333333333,19.599876403808594,0.13333333333333333
2013-08-31,12:43:25,3.666666666666667,17.79987335205078,0.13333333333333333
2013-08-31,12:48:25,3.0,18.599929809570312,0.13333333333333333
2013-08-31,12:53:25,4.066666666666666,22.999954223632812,0.2
2013-08-31,12:58:25,3.0,20.666567484537758,0.2
2013-08-31,13:03:25,3.666666666666667,22.466570536295578,0.13333333333333333
2013-08-31,13:08:25,3.333333333333333,23.199920654296875,0.13333333333333333
2013-08-31,13:13:25,3.666666666666667,20.599899291992188,0.2
2013-08-31,13:18:25,3.4,20.133221944173176,0.26666666666666666
2013-08-31,13:23:25,3.466666666666667,19.199867248535156,0.2
2013-08-31,13:28:25,3.666666666666667,19.99988555908203,0.2
2013-08-31,13:33:25,3.1333333333333333,20.19989013671875,0.2
2013-08-31,13:38:25,3.933333333333333,19.199905395507812,0.2
2013-08-31,13:43:25,3.0,20.999908447265625,0.13333333333333333
2013-08-31,13:48:25,3.666666666666667,20.999908447265625,0.2
2013-08-31,13:53:25,3.333333333333333,19.06653086344401,0.2
2013-08-31,13:58:26,3.666666666666667,19.799880981445312,0.26666666666666666
2013-08-31,14:03:26,3.4,22.13322957356771,0.26666666666666666
2013-08-31,14:08:26,3.4,21.399917602539062,0.2
2013-08-31,14:13:26,3.666666666666667,20.799903869628906,0.13333333333333333
2013-08-31,14:18:26,3.333333333333333,21.799888610839844,0.2
2013-08-31,14:23:26,3.8,20.599899291992188,0.13333333333333333
2013-08-31,14:28:26,3.0,17.9998779296875,0.3333333333333333
2013-08-31,14:33:25,3.8,21.399917602539062,0.13333333333333333
2013-08-31,14:38:25,3.2,21.199913024902344,0.13333333333333333
2013-08-31,14:43:25,3.666666666666667,19.866549173990883,0.13333333333333333
2013-08-31,14:48:25,3.466666666666667,22.999954223632812,0.13333333333333333
2013-08-31,14:53:25,3.333333333333333,19.799880981445312,0.2
2013-08-31,14:58:25,3.666666666666667,19.399871826171875,0.26666666666666666
2013-08-31,15:03:25,3.333333333333333,20.19989013671875,0.26666666666666666
2013-08-31,15:08:25,3.8666666666666663,21.266581217447914,0.3333333333333333
2013-08-31,15:13:25,3.0,19.99988555908203,0.13333333333333333
2013-08-31,15:18:25,3.933333333333333,20.799903869628906,0.26666666666666666
2013-08-31,15:23:25,3.1333333333333333,20.066553751627605,0.13333333333333333
2013-08-31,15:28:25,3.666666666666667,20.999908447265625,0.13333333333333333
2013-08-31,15:33:25,3.333333333333333,20.26655832926432,0.2
2013-08-31,15:38:25,3.333333333333333,19.39990997314453,0.2
2013-08-31,15:43:25,3.666666666666667,18.266512552897133,0.2
2013-08-31,15:48:26,3.333333333333333,20.466588338216148,0.13333333333333333
2013-08-31,15:53:26,3.733333333333333,22.599945068359375,0.26666666666666666
2013-08-31,15:58:26,3.0,23.599917093912765,0.2
2013-08-31,16:03:26,4.0,21.333249409993492,0.13333333333333333
2013-08-31,16:08:26,3.2,22.59990692138672,0.2
2013-08-31,16:13:26,3.666666666666667,20.39989471435547,0.2
2013-08-31,16:18:26,3.4,20.799903869628906,0.2
2013-08-31,16:23:26,3.333333333333333,21.533253987630204,0.13333333333333333
2013-08-31,16:28:26,3.666666666666667,19.666544596354164,0.13333333333333333
2013-08-31,16:33:26,3.333333333333333,22.799924214680985,0.2
2013-08-31,16:38:26,3.666666666666667,22.59990692138672,0.13333333333333333
2013-08-31,16:43:26,3.066666666666667,19.99988555908203,0.2
2013-08-31,16:48:26,4.0,20.066553751627605,0.2
2013-08-31,16:53:26,3.0,19.599876403808594,0.2
2013-08-31,16:58:26,3.666666666666667,22.266553243001304,0.13333333333333333
2013-08-31,17:03:26,3.466666666666667,21.333249409993492,0.3333333333333333
2013-08-31,17:08:26,3.466666666666667,20.599899291992188,0.26666666666666666
2013-08-31,17:13:26,3.733333333333333,19.46654001871745,0.2
2013-08-31,17:18:26,3.333333333333333,24.199905395507812,0.13333333333333333
2013-08-31,17:23:26,4.0,20.19989013671875,0.13333333333333333
2013-08-31,17:28:26,3.0,19.799880981445312,0.2
2013-08-31,17:33:26,4.133333333333333,20.19989013671875,0.26666666666666666
2013-08-31,17:38:26,3.0,21.399917602539062,0.2
2013-08-31,17:43:27,3.666666666666667,18.466517130533855,0.13333333333333333
2013-08-31,17:48:26,3.333333333333333,23.399925231933594,0.26666666666666666
2013-08-31,17:53:26,3.333333333333333,20.066553751627605,0.13333333333333333
2013-08-31,17:58:26,3.666666666666667,20.533231099446613,0.2
2013-08-31,18:03:26,3.333333333333333,23.466567993164062,0.13333333333333333
2013-08-31,18:08:26,4.066666666666666,23.733228047688797,0.13333333333333333
2013-08-31,18:13:27,3.066666666666667,21.93326314290364,0.26666666666666666
2013-08-31,18:18:27,4.066666666666666,22.733281453450523,0.13333333333333333
2013-08-31,18:23:27,3.066666666666667,21.599884033203125,0.2
2013-08-31,18:28:27,3.8,21.799888610839844,0.13333333333333333
2013-08-31,18:33:27,3.333333333333333,23.599904378255204,0.2
2013-08-31,18:38:27,3.6,22.266591389973954,0.26666666666666666
2013-08-31,18:43:27,3.666666666666667,21.199913024902344,0.2
2013-08-31,18:48:27,3.466666666666667,20.599899291992188,0.2
2013-08-31,18:53:27,3.933333333333333,19.46654001871745,0.2
2013-08-31,18:58:27,3.066666666666667,19.933217366536454,0.13333333333333333
2013-08-31,19:03:27,4.066666666666666,22.999916076660156,0.13333333333333333
2013-08-31,19:08:27,3.2,23.99993896484375,0.26666666666666666
2013-08-31,19:13:27,3.8666666666666663,22.13326772054036,0.13333333333333333
2013-08-31,19:18:27,3.466666666666667,19.666544596354164,0.13333333333333333
2013-08-31,19:23:27,3.533333333333333,19.266535441080727,0.13333333333333333
2013-08-31,19:28:27,3.733333333333333,18.86652628580729,0.26666666666666666
2013-08-31,19:33:27,3.666666666666667,21.13324483235677,0.4
2013-08-31,19:38:27,3.733333333333333,21.399879455566406,0.13333333333333333
2013-08-31,19:43:27,3.066666666666667,21.266581217447914,0.26666666666666666
2013-08-31,19:48:27,4.133333333333333,23.133214314778648,0.2
2013-08-31,19:53:27,3.2,20.066553751627605,0.13333333333333333
2013-08-31,19:58:27,3.8666666666666663,21.59989674886068,0.13333333333333333
2013-08-31,20:03:27,3.6,21.73320770263672,0.13333333333333333
2013-08-31,20:08:27,3.6,19.199867248535156,0.13333333333333333
2013-08-31,20:13:27,3.8,21.59992218017578,0.13333333333333333
2013-08-31,20:18:27,3.533333333333333,20.39989471435547,0.13333333333333333
2013-08-31,20:23:27,3.8,21.93326314290364,0.2
2013-08-31,20:28:27,3.266666666666667,22.266604105631508,0.13333333333333333
2013-08-31,20:33:27,4.133333333333333,21.86659495035807,0.2
2013-08-31,20:38:27,5.6,36.46656036376953,0.26666666666666666
2013-08-31,20:43:27,4.933333333333334,30.66656748453776,0.2
2013-08-31,20:48:27,3.733333333333333,24.333267211914062,0.13333333333333333
2013-08-31,20:53:27,3.333333333333333,21.333249409993492,0.2
2013-08-31,20:58:27,4.066666666666666,22.933286031087235,0.13333333333333333
2013-08-31,21:03:27,3.2,21.399917602539062,0.26666666666666666
2013-08-31,21:08:27,4.2,21.466585795084637,0.13333333333333333
2013-08-31,21:13:27,3.266666666666667,21.7999267578125,0.2
2013-08-31,21:18:27,3.8666666666666663,20.333226521809898,0.13333333333333333
2013-08-31,21:23:27,3.4,21.266581217447914,0.26666666666666666
2013-08-31,21:28:27,3.733333333333333,20.599899291992188,0.26666666666666666
2013-08-31,21:33:28,3.8,20.599899291992188,0.2
2013-08-31,21:38:28,3.333333333333333,21.133206685384117,0.13333333333333333
2013-08-31,21:43:28,4.133333333333333,22.19992319742839,0.13333333333333333
2013-08-31,21:48:28,3.333333333333333,22.73325602213542,0.13333333333333333
2013-08-31,21:53:28,4.133333333333333,21.86659495035807,0.13333333333333333
2013-08-31,21:58:28,3.066666666666667,21.199913024902344,0.13333333333333333
2013-08-31,22:03:28,3.933333333333333,21.399879455566406,0.2
2013-08-31,22:08:28,3.666666666666667,22.066599527994796,0.13333333333333333
2013-08-31,22:13:28,3.533333333333333,22.13322957356771,0.26666666666666666
2013-08-31,22:18:28,3.8666666666666663,20.133221944173176,0.2
2013-08-31,22:23:28,3.266666666666667,23.133252461751304,0.2
2013-08-31,22:28:28,4.066666666666666,23.733253479003906,0.2
2013-08-31,22:33:28,3.2,20.599899291992188,0.2
2013-08-31,22:38:28,4.066666666666666,20.133221944173176,0.13333333333333333
2013-08-31,22:43:28,3.266666666666667,21.399917602539062,0.2
2013-08-31,22:48:28,3.933333333333333,22.199935913085938,0.13333333333333333
2013-08-31,22:53:28,3.6,21.266568501790363,0.13333333333333333
2013-08-31,22:58:28,3.8666666666666663,21.333223978678387,0.3333333333333333
2013-08-31,23:03:28,4.133333333333333,20.799903869628906,0.26666666666666666
2013-08-31,23:08:28,3.666666666666667,21.266581217447914,0.2
2013-08-31,23:13:28,4.0,20.599899291992188,0.2
2013-08-31,23:18:28,3.333333333333333,22.666613260904946,0.2
2013-08-31,23:23:28,4.133333333333333,22.333272298177086,0.13333333333333333
2013-08-31,23:28:28,3.2,19.866549173990883,0.2
2013-08-31,23:33:28,3.8,20.533231099446613,0.13333333333333333
2013-08-31,23:38:28,3.533333333333333,21.86659495035807,0.13333333333333333
2013-08-31,23:43:28,3.533333333333333,20.066553751627605,0.13333333333333333
2013-08-31,23:48:28,3.8666666666666663,21.266581217447914,0.13333333333333333
2013-08-31,23:53:28,3.666666666666667,20.933240254720047,0.2
2013-08-31,23:58:28,4.066666666666666,21.93326314290364,0.3333333333333333
2013-09-01,00:03:28,3.6,21.99993133544922,0.2
2013-09-01,00:08:28,4.533333333333333,24.39990997314453,0.13333333333333333
2013-09-01,00:13:28,3.533333333333333,22.73326873779297,0.13333333333333333
2013-09-01,00:18:28,4.2,22.599919637044273,0.13333333333333333
2013-09-01,00:23:28,3.8666666666666663,20.066553751627605,0.13333333333333333
2013-09-01,00:28:28,3.666666666666667,21.533253987630204,0.13333333333333333
2013-09-01,00:33:28,4.466666666666667,20.799903869628906,0.2
2013-09-01,00:38:28,3.933333333333333,22.19989776611328,0.26666666666666666
2013-09-01,00:43:28,4.666666666666667,19.399871826171875,0.4
2013-09-01,00:48:28,3.733333333333333,21.73325856526693,0.3333333333333333
2013-09-01,00:53:28,4.4,21.13324483235677,0.13333333333333333
2013-09-01,00:58:28,3.666666666666667,20.733235677083336,0.13333333333333333
2013-09-01,01:03:28,4.0,21.13324483235677,0.2
2013-09-01,01:08:28,4.066666666666666,20.666567484537758,0.2
2013-09-01,01:13:28,3.933333333333333,20.73322296142578,0.2
2013-09-01,01:18:28,4.266666666666667,19.933191935221352,0.13333333333333333
2013-09-01,01:23:28,3.733333333333333,21.7999267578125,0.13333333333333333
2013-09-01,01:28:28,4.266666666666667,23.266588846842446,0.13333333333333333
2013-09-01,01:33:28,3.666666666666667,22.866605122884117,0.13333333333333333
2013-09-01,01:38:28,4.4,24.133249918619796,0.26666666666666666
2013-09-01,01:43:28,4.0,25.399907430013013,0.13333333333333333
2013-09-01,01:48:29,4.4,23.599942525227867,0.26666666666666666
2013-09-01,01:53:29,4.133333333333333,22.59990692138672,0.13333333333333333
2013-09-01,01:58:29,4.133333333333333,22.066561381022133,0.2
2013-09-01,02:03:29,4.266666666666667,23.733304341634117,0.13333333333333333
2013-09-01,02:08:29,4.133333333333333,24.06660715738932,0.13333333333333333
2013-09-01,02:13:29,4.2,23.86660257975261,0.4666666666666667
2013-09-01,02:18:29,3.666666666666667,20.866572062174477,0.13333333333333333
2013-09-01,02:23:29,4.466666666666667,20.799903869628906,0.2
2013-09-01,02:28:29,3.8666666666666663,21.99993133544922,0.2
2013-09-01,02:33:29,4.0,20.933240254720047,0.2
2013-09-01,02:38:29,3.8,21.86659495035807,0.2
2013-09-01,02:43:29,3.8,21.59992218017578,0.13333333333333333
2013-09-01,02:48:29,4.066666666666666,21.333249409993492,0.2
2013-09-01,02:53:29,3.8666666666666663,21.0665766398112,0.13333333333333333
2013-09-01,02:58:29,4.066666666666666,20.466562906901043,0.06666666666666668
2013-09-01,03:03:29,3.466666666666667,21.533253987630204,0.13333333333333333
2013-09-01,03:08:29,4.4,23.79993438720703,0.06666666666666668
2013-09-01,03:13:29,3.466666666666667,20.733235677083336,0.06666666666666668
2013-09-01,03:18:29,4.133333333333333,20.19989013671875,0.13333333333333333
2013-09-01,03:23:29,4.0,18.999862670898438,0.2
2013-09-01,03:28:29,3.8666666666666663,20.933240254720047,0.2
2013-09-01,03:33:29,4.333333333333333,19.933217366536454,0.2
2013-09-01,03:38:29,3.8666666666666663,18.79985809326172,0.13333333333333333
2013-09-01,03:43:29,4.066666666666666,20.133221944173176,0.13333333333333333
2013-09-01,03:48:29,3.666666666666667,21.533253987630204,0.2
2013-09-01,03:53:29,4.333333333333333,23.133252461751304,0.13333333333333333
2013-09-01,03:58:29,3.6,21.93326314290364,0.3333333333333333
2013-09-01,04:03:29,4.133333333333333,20.26655832926432,0.2
2013-09-01,04:08:29,4.0,23.066584269205727,0.26666666666666666
2013-09-01,04:13:29,3.8666666666666663,24.333267211914062,0.06666666666666668
2013-09-01,04:18:30,4.066666666666666,22.73325602213542,0.2
2013-09-01,04:23:30,3.733333333333333,21.199913024902344,0.26666666666666666
2013-09-01,04:28:30,4.066666666666666,22.599945068359375,0.13333333333333333
2013-09-01,04:33:30,3.533333333333333,20.666567484537758,0.13333333333333333
2013-09-01,04:38:30,4.333333333333333,19.799880981445312,0.2
2013-09-01,04:43:30,3.6,21.399917602539062,0.2
2013-09-01,04:48:30,4.133333333333333,22.866579691569015,0.13333333333333333
2013-09-01,04:53:30,3.8,23.866589864095054,0.06666666666666668
2013-09-01,04:58:30,3.8666666666666663,25.333277384440112,0.2
2013-09-01,05:03:30,4.0,23.133252461751304,0.13333333333333333
2013-09-01,05:08:30,3.733333333333333,20.533231099446613,0.3333333333333333
2013-09-01,05:13:30,4.2,20.733235677083336,0.06666666666666668
2013-09-01,05:18:30,3.6,19.933217366536454,0.2
2013-09-01,05:23:30,4.466666666666667,21.199913024902344,0.06666666666666668
2013-09-01,05:28:30,3.4,21.799888610839844,0.2
2013-09-01,05:33:30,4.066666666666666,19.599863688151043,0.13333333333333333
2013-09-01,05:38:30,3.733333333333333,23.999900817871094,0.13333333333333333
2013-09-01,05:43:30,4.0,21.66656494140625,0.26666666666666666
2013-09-01,05:48:30,4.133333333333333,22.19989776611328,0.26666666666666666
2013-09-01,05:53:30,3.8,20.999908447265625,0.2
2013-09-01,05:58:30,4.066666666666666,23.133252461751304,0.26666666666666666
2013-09-01,06:03:30,3.4,24.59991455078125,0.13333333333333333
2013-09-01,06:08:30,4.6,22.19989776611328,0.13333333333333333
2013-09-01,06:13:30,3.533333333333333,24.19994354248047,0.13333333333333333
2013-09-01,06:18:30,4.133333333333333,20.19989013671875,0.2
2013-09-01,06:23:30,3.8666666666666663,21.99993133544922,0.13333333333333333
2013-09-01,06:28:30,4.0,23.79993438720703,0.13333333333333333
2013-09-01,06:33:30,4.0,21.999893188476562,0.13333333333333333
2013-09-01,06:38:31,3.8666666666666663,22.999954223632812,0.2
2013-09-01,06:43:31,4.133333333333333,23.199920654296875,0.06666666666666668
2013-09-01,06:48:31,3.466666666666667,22.799911499023438,0.13333333333333333
2013-09-01,06:53:31,4.333333333333333,23.199920654296875,0.2
2013-09-01,06:58:31,3.533333333333333,22.199935913085938,0.2
2013-09-01,07:03:31,4.333333333333333,24.93325551350911,1.1333333333333333
2013-09-01,07:08:31,3.8666666666666663,22.399940490722656,0.13333333333333333
2013-09-01,07:13:31,4.066666666666666,19.99988555908203,0.13333333333333333
2013-09-01,07:18:31,4.066666666666666,22.19989776611328,0.2
2013-09-01,07:23:31,3.8,19.666544596354164,0.13333333333333333
2013-09-01,07:28:31,4.133333333333333,20.19989013671875,0.13333333333333333
2013-09-01,07:33:31,3.533333333333333,20.599899291992188,0.13333333333333333
2013-09-01,07:38:31,4.466666666666667,23.066584269205727,0.26666666666666666
2013-09-01,07:43:31,3.6,20.799903869628906,0.26666666666666666
2013-09-01,07:48:31,4.266666666666667,21.399917602539062,0.26666666666666666
2013-09-01,07:53:31,3.8666666666666663,22.39990234375,0.06666666666666668
2013-09-01,07:58:31,4.2,24.599952697753906,0.13333333333333333
2013-09-01,08:03:31,3.8666666666666663,22.39990234375,0.13333333333333333
2013-09-01,08:08:31,3.933333333333333,21.199913024902344,0.13333333333333333
2013-09-01,08:13:31,4.266666666666667,20.599899291992188,0.2
2013-09-01,08:18:31,3.8,21.99993133544922,0.26666666666666666
2013-09-01,08:23:31,4.4,20.39989471435547,0.06666666666666668
2013-09-01,08:28:31,3.6,19.399871826171875,0.13333333333333333
2013-09-01,08:33:31,4.133333333333333,19.266535441080727,0.2
2013-09-01,08:38:32,3.8666666666666663,21.399917602539062,0.13333333333333333
2013-09-01,08:43:31,4.133333333333333,22.39990234375,0.2
2013-09-01,08:48:31,4.066666666666666,22.19989776611328,0.4
2013-09-01,08:53:31,3.8666666666666663,20.19989013671875,0.06666666666666668
2013-09-01,08:58:31,4.266666666666667,20.39989471435547,0.13333333333333333
2013-09-01,09:03:31,3.666666666666667,21.799888610839844,0.13333333333333333
2013-09-01,09:08:31,4.466666666666667,21.399917602539062,0.13333333333333333
2013-09-01,09:13:31,3.666666666666667,23.599929809570312,0.26666666666666666
2013-09-01,09:18:31,4.2,20.599899291992188,0.13333333333333333
2013-09-01,09:23:31,3.8666666666666663,18.79985809326172,0.2
2013-09-01,09:28:31,4.133333333333333,21.33321126302083,0.26666666666666666
2013-09-01,09:33:31,4.0,20.39989471435547,0.13333333333333333
2013-09-01,09:38:31,3.8666666666666663,22.19989776611328,0.13333333333333333
2013-09-01,09:43:31,4.266666666666667,22.999916076660156,0.26666666666666666
2013-09-01,09:48:31,3.666666666666667,19.799880981445312,0.13333333333333333
2013-09-01,09:53:31,4.4,22.199935913085938,0.06666666666666668
2013-09-01,09:58:31,3.6,20.599899291992188,0.2
2013-09-01,10:03:31,4.133333333333333,20.733235677083336,0.13333333333333333
2013-09-01,10:08:32,3.933333333333333,21.399917602539062,0.13333333333333333
2013-09-01,10:13:32,4.133333333333333,25.599937438964844,0.13333333333333333
2013-09-01,10:18:32,6.533333333333334,40.06661732991537,0.13333333333333333
2013-09-01,10:23:32,3.6,31.59992218017578,0.13333333333333333
2013-09-01,10:28:32,4.6,27.199859619140625,0.13333333333333333
2013-09-01,10:33:32,3.666666666666667,24.79991912841797,0.13333333333333333
2013-09-01,10:38:32,4.2,22.799949645996094,0.13333333333333333
2013-09-01,10:43:32,4.0,24.999961853027344,0.06666666666666668
2013-09-01,10:48:32,4.133333333333333,21.59992218017578,0.2
2013-09-01,10:53:32,4.0,19.399871826171875,0.06666666666666668
2013-09-01,10:58:32,3.8666666666666663,21.93318684895833,0.2
2013-09-01,11:03:32,4.333333333333333,22.999916076660156,0.06666666666666668
2013-09-01,11:08:32,3.8666666666666663,21.199913024902344,0.13333333333333333
2013-09-01,11:13:32,4.333333333333333,23.399925231933594,0.2
2013-09-01,11:18:32,3.666666666666667,21.13324483235677,0.13333333333333333
2013-09-01,11:23:32,4.133333333333333,20.599899291992188,0.26666666666666666
2013-09-01,11:28:32,4.066666666666666,21.73325856526693,0.13333333333333333
2013-09-01,11:33:32,4.2,24.59991455078125,0.13333333333333333
2013-09-01,11:38:32,4.133333333333333,20.599899291992188,0.2
2013-09-01,11:43:32,3.8666666666666663,24.666620890299477,0.13333333333333333
2013-09-01,11:48:32,4.2,20.599899291992188,0.26666666666666666
2013-09-01,11:53:32,3.8,20.466562906901043,0.06666666666666668
2013-09-01,11:58:32,4.4,24.999949137369796,0.26666666666666666
2013-09-01,12:03:32,3.666666666666667,21.999893188476562,0.13333333333333333
2013-09-01,12:08:32,4.533333333333333,22.866579691569015,0.06666666666666668
2013-09-01,12:13:32,3.933333333333333,20.933240254720047,0.13333333333333333
2013-09-01,12:18:32,4.266666666666667,25.13327280680338,0.2
2013-09-01,12:23:33,4.0,24.666595458984375,0.13333333333333333
2013-09-01,12:28:33,3.8666666666666663,22.266604105631508,0.26666666666666666
2013-09-01,12:33:33,4.333333333333333,24.79991912841797,0.2
2013-09-01,12:38:33,3.8,19.46654001871745,0.13333333333333333
2013-09-01,12:43:33,4.466666666666667,22.866579691569015,0.13333333333333333
2013-09-01,12:48:33,3.666666666666667,20.866572062174477,0.13333333333333333
2013-09-01,12:53:33,4.533333333333333,23.333257039388016,0.13333333333333333
2013-09-01,12:58:33,3.8666666666666663,20.599899291992188,0.3333333333333333
2013-09-01,13:03:33,4.266666666666667,21.13324483235677,0.2
2013-09-01,13:08:33,4.066666666666666,21.86655680338542,0.26666666666666666
2013-09-01,13:13:33,3.8666666666666663,21.599884033203125,0.13333333333333333
2013-09-01,13:18:33,4.333333333333333,22.13326772054036,0.13333333333333333
2013-09-01,13:23:33,3.8666666666666663,23.133265177408852,0.13333333333333333
2013-09-01,13:28:33,4.266666666666667,23.333257039388016,0.13333333333333333
2013-09-01,13:33:33,3.666666666666667,22.399940490722656,0.13333333333333333
2013-09-01,13:38:33,4.533333333333333,22.399940490722656,0.13333333333333333
2013-09-01,13:43:33,3.8,22.999916076660156,0.13333333333333333
2013-09-01,13:48:33,4.266666666666667,23.399925231933594,0.13333333333333333
2013-09-01,13:53:33,4.0,23.66658528645833,0.13333333333333333
2013-09-01,13:58:33,3.933333333333333,21.13324483235677,0.26666666666666666
2013-09-01,14:03:33,4.533333333333333,22.666613260904946,0.13333333333333333
2013-09-01,14:08:33,4.0,24.133249918619796,0.13333333333333333
2013-09-01,14:13:33,4.333333333333333,24.66658274332682,0.2
2013-09-01,14:18:33,3.733333333333333,22.133255004882812,0.26666666666666666
2013-09-01,14:23:33,4.466666666666667,21.533253987630204,0.13333333333333333
2013-09-01,14:28:33,3.933333333333333,21.59992218017578,0.2
2013-09-01,14:33:34,4.266666666666667,21.59992218017578,0.13333333333333333
2013-09-01,14:38:34,4.066666666666666,25.133260091145825,0.2
2013-09-01,14:43:34,3.8666666666666663,23.79993438720703,0.26666666666666666
2013-09-01,14:48:34,4.333333333333333,22.999954223632812,0.2
2013-09-01,14:53:34,3.8666666666666663,19.599876403808594,0.13333333333333333
2013-09-01,14:58:34,4.466666666666667,22.19989776611328,0.2
2013-09-01,15:03:34,3.666666666666667,21.266581217447914,0.2
2013-09-01,15:08:34,4.733333333333333,24.933268229166664,0.13333333333333333
2013-09-01,15:13:34,3.8,24.79991912841797,0.13333333333333333
2013-09-01,15:18:34,4.266666666666667,21.399904886881508,0.13333333333333333
2013-09-01,15:23:34,4.133333333333333,20.666567484537758,0.06666666666666668
2013-09-01,15:28:34,4.133333333333333,22.399915059407547,0.2
2013-09-01,15:33:34,4.4,24.733238220214844,0.06666666666666668
2013-09-01,15:38:34,4.0,20.666567484537758,0.06666666666666668
2013-09-01,15:43:34,4.533333333333333,22.266604105631508,0.06666666666666668
2013-09-01,15:48:34,3.733333333333333,25.199902852376304,0.13333333333333333
2013-09-01,15:53:34,4.533333333333333,22.93323516845703,0.26666666666666666
2013-09-01,15:58:34,3.8,20.666567484537758,0.2
2013-09-01,16:03:34,4.466666666666667,23.93324534098307,0.2
2013-09-01,16:08:34,4.2,22.866605122884117,0.2
2013-09-01,16:13:34,4.066666666666666,24.99989827473958,0.13333333333333333
2013-09-01,16:18:34,4.533333333333333,21.933250427246094,0.13333333333333333
2013-09-01,16:23:34,3.933333333333333,22.799924214680985,0.2
2013-09-01,16:28:34,4.4,25.26658376057942,0.13333333333333333
2013-09-01,16:33:34,3.733333333333333,22.333272298177086,0.06666666666666668
2013-09-01,16:38:35,4.733333333333333,24.93321736653646,0.2
2013-09-01,16:43:35,3.8,22.266604105631508,0.26666666666666666
2013-09-01,16:48:35,4.466666666666667,21.99993133544922,0.13333333333333333
2013-09-01,16:53:35,4.2,23.53329976399739,0.13333333333333333
2013-09-01,16:58:35,3.933333333333333,24.53328450520833,0.26666666666666666
2013-09-01,17:03:35,4.533333333333333,22.399876912434898,0.06666666666666668
2013-09-01,17:08:35,4.066666666666666,24.133275349934898,0.2
2013-09-01,17:13:35,4.333333333333333,23.933232625325516,0.06666666666666668
2013-09-01,17:18:35,3.8,24.266586303710938,0.13333333333333333
2013-09-01,17:23:35,5.066666666666666,23.93329620361328,0.06666666666666668
2013-09-01,17:28:35,4.266666666666667,24.799957275390625,0.26666666666666666
2013-09-01,17:33:35,4.466666666666667,21.99993133544922,0.13333333333333333
2013-09-01,17:38:35,4.066666666666666,24.66655731201172,0.13333333333333333
2013-09-01,17:43:35,4.0,24.7332763671875,0.13333333333333333
2013-09-01,17:48:35,4.533333333333333,23.39993794759114,0.4
2013-09-01,17:53:35,4.133333333333333,22.933273315429688,0.13333333333333333
2013-09-01,17:58:35,4.466666666666667,25.466562906901043,0.2
2013-09-01,18:03:35,3.8,26.19993845621745,0.26666666666666666
2013-09-01,18:08:35,4.8,25.06659189860026,0.2
2013-09-01,18:13:35,3.8,21.533253987630204,0.06666666666666668
2013-09-01,18:18:35,4.333333333333333,23.599917093912765,0.2
2013-09-01,18:23:35,4.2,27.06659952799479,0.06666666666666668
2013-09-01,18:28:35,4.066666666666666,25.999933878580727,0.2
2013-09-01,18:33:35,4.466666666666667,22.399940490722656,0.26666666666666666
2013-09-01,18:38:35,3.8,24.59991455078125,0.26666666666666666
2013-09-01,18:43:35,4.8,22.533276875813797,0.06666666666666668
2013-09-01,18:48:35,3.933333333333333,21.199913024902344,0.2
2013-09-01,18:53:35,4.733333333333333,25.5999755859375,0.06666666666666668
2013-09-01,18:58:35,3.733333333333333,22.266604105631508,0.26666666666666666
2013-09-01,19:03:35,4.4,21.333249409993492,0.06666666666666668
2013-09-01,19:08:35,4.2,24.26661173502604,0.13333333333333333
2013-09-01,19:13:35,4.133333333333333,21.93326314290364,0.06666666666666668
2013-09-01,19:18:35,4.333333333333333,21.466585795084637,0.13333333333333333
2013-09-01,19:23:35,3.666666666666667,21.66656494140625,0.13333333333333333
2013-09-01,19:28:35,4.8,22.99990336100261,0.2
2013-09-01,19:33:35,4.0,21.73325856526693,0.2
2013-09-01,19:38:35,4.666666666666667,24.466552734375,0.2
2013-09-01,19:43:35,3.8,22.799898783365883,0.13333333333333333
2013-09-01,19:48:35,4.4,21.79990132649739,0.13333333333333333
2013-09-01,19:53:35,4.333333333333333,22.66660054524739,0.13333333333333333
2013-09-01,19:58:35,4.2,21.199913024902344,0.26666666666666666
2013-09-01,20:03:35,4.466666666666667,21.799888610839844,0.26666666666666666
2013-09-01,20:08:35,3.8,21.333249409993492,0.13333333333333333
2013-09-01,20:13:35,4.866666666666667,20.733235677083336,0.13333333333333333
2013-09-01,20:18:36,3.933333333333333,24.79991912841797,0.2
2013-09-01,20:23:36,4.666666666666667,23.33324432373047,0.06666666666666668
2013-09-01,20:28:36,3.8,20.19989013671875,0.2
2013-09-01,20:33:36,4.533333333333333,19.99988555908203,0.2
2013-09-01,20:38:36,4.266666666666667,22.666613260904946,0.13333333333333333
2013-09-01,20:43:36,5.266666666666667,24.99991099039714,0.06666666666666668
2013-09-01,20:48:36,4.533333333333333,29.33326721191406,0.26666666666666666
2013-09-01,20:53:36,3.8,24.53324635823568,0.06666666666666668
2013-09-01,20:58:36,4.8,24.73325093587239,0.13333333333333333
2013-09-01,21:03:36,3.8,22.39990234375,0.13333333333333333
2013-09-01,21:08:36,4.133333333333333,22.39990234375,0.13333333333333333
2013-09-01,21:13:36,4.533333333333333,21.799914042154946,0.06666666666666668
2013-09-01,21:18:36,3.733333333333333,22.399915059407547,0.13333333333333333
2013-09-01,21:23:36,4.733333333333333,20.26655832926432,0.13333333333333333
2013-09-01,21:28:36,3.8666666666666663,21.533253987630204,0.13333333333333333
2013-09-01,21:33:36,4.866666666666667,24.99991099039714,0.2
2013-09-01,21:38:36,3.933333333333333,25.399907430013013,0.2
2013-09-01,21:43:36,4.6,20.799903869628906,0.26666666666666666
2013-09-01,21:48:36,4.266666666666667,25.39993286132812,0.26666666666666666
2013-09-01,21:53:36,4.266666666666667,22.199935913085938,0.2
2013-09-01,21:58:36,4.5,23.071343558175226,0.14285714285714285
2013-09-01,22:03:36,3.733333333333333,24.59993998209636,0.2
2013-09-01,22:08:36,5.0,25.53324381510416,0.2
2013-09-01,22:13:36,3.8666666666666663,22.13326772054036,0.13333333333333333
2013-09-01,22:18:36,4.785714285714286,20.499897003173828,0.14285714285714285
2013-09-01,22:23:36,4.0,23.642812456403462,0.07142857142857142
2013-09-01,22:28:36,4.466666666666667,22.399915059407547,0.26666666666666666
2013-09-01,22:33:37,4.333333333333333,22.266565958658852,0.13333333333333333
2013-09-01,22:38:37,4.333333333333333,21.99993133544922,0.2
2013-09-01,22:43:37,4.666666666666667,20.133221944173176,0.06666666666666668
2013-09-01,22:48:37,4.0,23.599891662597656,0.13333333333333333
2013-09-01,22:53:37,4.8,25.93324025472005,0.2
2013-09-01,22:58:37,3.8666666666666663,25.933252970377602,0.13333333333333333
2013-09-01,23:03:37,4.8,24.466540018717446,0.2
2013-09-01,23:08:37,3.933333333333333,25.266596476236973,0.13333333333333333
2013-09-01,23:13:37,4.6,22.666613260904946,0.06666666666666668
2013-09-01,23:18:37,4.333333333333333,23.53329976399739,0.2
2013-09-01,23:23:37,4.266666666666667,24.333229064941406,0.2
2013-09-01,23:28:37,4.666666666666667,22.59990692138672,0.2
2013-09-01,23:33:37,3.8666666666666663,23.46660614013672,0.2
2013-09-01,23:38:37,5.0,21.933250427246094,0.13333333333333333
2013-09-01,23:43:37,3.933333333333333,22.866554260253906,0.06666666666666668
2013-09-01,23:48:37,5.0,26.533292134602863,0.26666666666666666
2013-09-01,23:53:37,4.0,23.933270772298172,0.26666666666666666
2013-09-01,23:58:37,4.6,25.13324737548828,0.13333333333333333
2013-09-02,00:03:37,4.333333333333333,25.066604614257816,0.26666666666666666
2013-09-02,00:08:37,4.333333333333333,22.799949645996094,0.26666666666666666
2013-09-02,00:13:37,4.666666666666667,20.733235677083336,0.06666666666666668
2013-09-02,00:18:37,4.0,22.066561381022133,0.13333333333333333
2013-09-02,00:23:37,4.933333333333334,20.599886576334637,0.2
2013-09-02,00:28:37,4.0,22.399915059407547,0.13333333333333333
2013-09-02,00:33:37,5.0,21.13323211669922,0.13333333333333333
2013-09-02,00:38:37,4.0,24.733263651529953,0.13333333333333333
2013-09-02,00:43:37,4.8571428571428585,20.78561782836914,0.14285714285714285
2013-09-02,00:48:38,4.333333333333333,19.799880981445312,0.13333333333333333
2013-09-02,00:53:38,4.333333333333333,22.933286031087235,0.06666666666666668
2013-09-02,00:58:38,4.666666666666667,23.866589864095054,0.26666666666666666
2013-09-02,01:03:38,4.0,22.466583251953125,0.26666666666666666
2013-09-02,01:08:38,4.6,25.466601053873706,0.3333333333333333
2013-09-02,01:13:38,4.0,24.133275349934898,0.13333333333333333
2013-09-02,01:18:38,4.666666666666667,25.999908447265625,0.13333333333333333
2013-09-02,01:23:38,4.0,26.266581217447914,0.06666666666666668
2013-09-02,01:28:38,4.666666666666667,25.333277384440112,0.2
2013-09-02,01:33:38,6.933333333333334,37.399915059407554,0.26666666666666666
2013-09-02,01:38:38,4.5,27.57129669189453,0.14285714285714285
2013-09-02,01:43:38,4.666666666666667,25.599937438964844,0.2
2013-09-02,01:48:38,4.0,23.599929809570312,0.13333333333333333
2013-09-02,01:53:38,5.0,21.333249409993492,0.06666666666666668
2013-09-02,01:58:38,4.071428571428572,21.928460257393976,0.14285714285714285
2013-09-02,02:03:38,5.0,24.199892679850258,0.26666666666666666
2013-09-02,02:08:38,4.333333333333333,20.799903869628906,0.2
2013-09-02,02:13:38,5.0,20.933240254720047,0.13333333333333333
2013-09-02,02:18:38,4.266666666666667,22.066561381022133,0.2
2013-09-02,02:23:38,4.428571428571427,21.357059478759766,0.07142857142857142
2013-09-02,02:28:38,4.333333333333333,22.799898783365883,0.2
2013-09-02,02:33:38,3.933333333333333,24.39990997314453,0.2
2013-09-02,02:38:38,4.666666666666667,26.933263142903645,0.2
2013-09-02,02:43:38,4.071428571428572,21.714183262416295,0.07142857142857142
2013-09-02,02:48:38,4.8571428571428585,21.357059478759766,0.14285714285714285
2013-09-02,02:53:38,4.142857142857142,24.571377890450616,0.21428571428571427
2013-09-02,02:58:38,5.0,20.933240254720047,0.2
2013-09-02,03:03:38,4.333333333333333,20.333226521809898,0.26666666666666666
2013-09-02,03:08:38,4.5,22.999913351876398,0.14285714285714285
2013-09-02,03:13:38,4.333333333333333,23.79993438720703,0.06666666666666668
2013-09-02,03:18:38,4.333333333333333,22.46654510498047,0.4
2013-09-02,03:23:38,4.8571428571428585,22.785663604736328,0.14285714285714285
2013-09-02,03:28:38,4.142857142857142,25.357028416224885,0.14285714285714285
2013-09-02,03:33:38,4.933333333333334,21.266581217447914,0.2
2013-09-02,03:38:38,4.0,25.599962870279946,0.2
2013-09-02,03:43:38,4.933333333333334,25.066604614257816,0.06666666666666668
2013-09-02,03:48:38,4.071428571428572,23.214203970772882,0.21428571428571427
2013-09-02,03:53:38,4.428571428571427,22.214221954345703,0.07142857142857142
2013-09-02,03:58:38,4.5,21.78559984479632,0.2857142857142857
2013-09-02,04:03:38,4.266666666666667,22.466570536295578,0.06666666666666668
2013-09-02,04:08:38,4.666666666666667,23.133252461751304,0.13333333333333333
2013-09-02,04:13:38,4.066666666666666,22.866579691569015,0.2
2013-09-02,04:18:38,4.933333333333334,21.0665766398112,0.13333333333333333
2013-09-02,04:23:38,4.0,24.26661173502604,0.13333333333333333
2013-09-02,04:28:38,4.933333333333334,21.0665766398112,0.2
2013-09-02,04:33:38,4.0,23.066584269205727,0.2
2013-09-02,04:38:38,4.6,24.466603597005204,0.2
2013-09-02,04:43:38,4.333333333333333,21.79990132649739,0.06666666666666668
2013-09-02,04:48:38,4.266666666666667,22.59990692138672,0.13333333333333333
2013-09-02,04:53:38,4.666666666666667,24.733238220214844,0.2
2013-09-02,04:58:38,4.066666666666666,24.99989827473958,0.3333333333333333
2013-09-02,05:03:38,4.866666666666667,21.999893188476562,0.26666666666666666
2013-09-02,05:08:38,4.0,20.26655832926432,0.13333333333333333
2013-09-02,05:13:38,4.933333333333334,22.266604105631508,0.13333333333333333
2013-09-02,05:18:39,3.933333333333333,23.199895222981766,0.2
2013-09-02,05:23:39,4.6,24.133249918619796,0.06666666666666668
2013-09-02,05:28:39,4.333333333333333,19.53322092692057,0.26666666666666666
2013-09-02,05:33:39,4.266666666666667,24.799969991048172,0.13333333333333333
2013-09-02,05:38:39,4.666666666666667,25.933252970377602,0.06666666666666668
2013-09-02,05:43:39,4.066666666666666,22.93323516845703,0.26666666666666666
2013-09-02,05:48:39,4.866666666666667,25.19992828369141,0.13333333333333333
2013-09-02,05:53:39,4.0,23.333269755045578,0.06666666666666668
2013-09-02,05:58:39,4.933333333333334,24.466616312662765,0.06666666666666668
2013-09-02,06:03:39,3.933333333333333,24.666608174641922,0.13333333333333333
2013-09-02,06:08:39,4.6,25.466537475585938,0.13333333333333333
2013-09-02,06:13:39,4.333333333333333,25.333226521809898,0.2
2013-09-02,06:18:39,4.266666666666667,30.133234659830727,0.26666666666666666
2013-09-02,06:23:39,4.6,25.53324381510416,0.06666666666666668
2013-09-02,06:28:39,4.066666666666666,24.866625467936203,0.2
2013-09-02,06:33:39,4.866666666666667,24.466641743977867,0.13333333333333333
2013-09-02,06:38:39,3.933333333333333,25.466601053873706,0.2
2013-09-02,06:43:39,5.0,25.53324381510416,0.13333333333333333
2013-09-02,06:48:39,3.933333333333333,22.799949645996094,0.2
2013-09-02,06:53:39,4.533333333333333,22.666613260904946,0.06666666666666668
2013-09-02,06:58:39,4.333333333333333,24.199905395507812,0.13333333333333333
2013-09-02,07:03:39,4.4,21.13324483235677,1.0666666666666669
2013-09-02,07:08:39,4.666666666666667,24.26661173502604,0.2
2013-09-02,07:13:39,4.133333333333333,22.733281453450523,0.06666666666666668
2013-09-02,07:18:39,4.8,25.133260091145825,0.2
2013-09-02,07:23:39,4.0,24.399986267089844,0.06666666666666668
2013-09-02,07:28:39,4.933333333333334,25.93327840169271,0.26666666666666666
2013-09-02,07:33:39,3.933333333333333,24.666620890299477,0.06666666666666668
2013-09-02,07:38:39,4.666666666666667,24.06660715738932,0.13333333333333333
2013-09-02,07:43:39,4.333333333333333,23.19990793863932,0.06666666666666668
2013-09-02,07:48:39,5.0,24.53328450520833,0.2
2013-09-02,07:53:39,4.666666666666667,22.333272298177086,0.13333333333333333
2013-09-02,07:58:39,4.2,22.599945068359375,0.2
2013-09-02,08:03:39,4.733333333333333,21.799888610839844,0.2
2013-09-02,08:08:39,4.0,25.06661732991537,0.2
2013-09-02,08:13:39,5.0,23.999913533528648,0.06666666666666668
2013-09-02,08:18:39,4.0,24.199930826822914,0.2
2013-09-02,08:23:39,4.533333333333333,23.46659342447917,0.26666666666666666
2013-09-02,08:28:39,4.333333333333333,25.133260091145825,0.2
2013-09-02,08:33:39,4.266666666666667,25.33330281575521,0.2
2013-09-02,08:38:39,4.666666666666667,27.46653238932291,0.13333333333333333
2013-09-02,08:43:40,4.266666666666667,26.333223978678383,0.2
2013-09-02,08:48:40,4.733333333333333,23.599891662597656,0.13333333333333333
2013-09-02,08:53:40,4.0,22.59990692138672,0.13333333333333333
2013-09-02,08:58:40,4.933333333333334,20.999908447265625,0.26666666666666666
2013-09-02,09:03:40,4.0,23.19995880126953,0.26666666666666666
2013-09-02,09:08:40,4.666666666666667,22.199935913085938,0.4
2013-09-02,09:13:40,4.333333333333333,25.733222961425785,0.06666666666666668
2013-09-02,09:18:40,4.266666666666667,26.533215840657554,0.2
2013-09-02,09:23:40,4.666666666666667,24.73330179850261,0.3333333333333333
2013-09-02,09:28:40,4.266666666666667,24.79991912841797,0.4
2013-09-02,09:33:40,4.666666666666667,22.999916076660156,0.8666666666666667
2013-09-02,09:38:40,4.0,24.19991811116536,0.2
2013-09-02,09:43:40,4.866666666666667,23.333282470703125,0.6
2013-09-02,09:48:40,4.133333333333333,25.39993286132812,1.0666666666666669
2013-09-02,09:53:40,4.6,25.19992828369141,0.4
2013-09-02,09:58:40,4.333333333333333,26.199913024902344,0.4
2013-09-02,10:03:40,4.266666666666667,23.79993438720703,0.4
2013-09-02,10:08:40,4.666666666666667,25.06659189860026,1.0666666666666669
2013-09-02,10:13:40,4.333333333333333,24.39990997314453,0.13333333333333333
2013-09-02,10:18:40,4.6,24.466578165690102,0.13333333333333333
2013-09-02,10:23:40,4.0,24.19994354248047,0.06666666666666668
2013-09-02,10:28:40,4.866666666666667,24.999923706054688,0.4666666666666667
2013-09-02,10:33:40,4.066666666666666,23.599891662597656,0.06666666666666668
2013-09-02,10:38:40,4.666666666666667,21.86659495035807,0.13333333333333333
2013-09-02,10:43:40,4.333333333333333,23.199920654296875,0.06666666666666668
2013-09-02,10:48:40,4.333333333333333,21.99993133544922,0.26666666666666666
2013-09-02,10:53:40,4.666666666666667,23.799972534179688,0.13333333333333333
2013-09-02,10:58:40,4.333333333333333,24.599952697753906,0.3333333333333333
2013-09-02,11:03:40,4.6,24.19994354248047,0.2
2013-09-02,11:08:40,4.0,21.199913024902344,0.2
2013-09-02,11:13:40,4.933333333333334,23.39996337890625,0.26666666666666666
2013-09-02,11:18:41,4.066666666666666,22.199935913085938,0.13333333333333333
2013-09-02,11:23:41,4.6,24.39990997314453,0.26666666666666666
2013-09-02,11:28:41,4.333333333333333,21.599884033203125,0.2
2013-09-02,11:33:40,4.333333333333333,25.79989115397135,0.3333333333333333
2013-09-02,11:38:40,4.666666666666667,26.199913024902344,0.26666666666666666
2013-09-02,11:43:40,4.333333333333333,25.19989013671875,0.26666666666666666
2013-09-02,11:48:40,4.666666666666667,24.79991912841797,0.26666666666666666
2013-09-02,11:53:40,4.0,25.999908447265625,0.2
2013-09-02,11:58:40,5.0,25.59989929199219,0.4
2013-09-02,12:03:41,4.0,24.599952697753906,0.06666666666666668
2013-09-02,12:08:41,4.666666666666667,22.399940490722656,0.2
2013-09-02,12:13:41,4.333333333333333,22.799949645996094,0.06666666666666668
2013-09-02,12:18:41,4.266666666666667,22.999916076660156,0.13333333333333333
2013-09-02,12:23:41,4.666666666666667,23.59996795654297,0.06666666666666668
2013-09-02,12:28:41,4.333333333333333,23.39996337890625,0.13333333333333333
2013-09-02,12:33:41,4.6,21.59992218017578,0.13333333333333333
2013-09-02,12:38:41,4.0,23.99993896484375,0.2
2013-09-02,12:43:41,5.0,22.999954223632812,0.06666666666666668
2013-09-02,12:48:41,4.0,21.999893188476562,0.2
2013-09-02,12:53:41,4.666666666666667,23.79993438720703,0.2
2013-09-02,12:58:41,4.333333333333333,23.79993438720703,0.4666666666666667
2013-09-02,13:03:41,4.333333333333333,24.39990997314453,0.2
2013-09-02,13:08:41,4.6,21.99993133544922,0.13333333333333333
2013-09-02,13:13:41,4.333333333333333,25.46658833821615,0.2
2013-09-02,13:18:41,4.6,24.59991455078125,0.2
2013-09-02,13:23:41,4.0,22.599945068359375,0.2
2013-09-02,13:28:41,5.0,26.599960327148438,0.3333333333333333
2013-09-02,13:33:41,4.0,24.399897257486984,0.26666666666666666
2013-09-02,13:38:41,4.666666666666667,23.599929809570312,0.13333333333333333
2013-09-02,13:43:41,4.333333333333333,23.99993896484375,0.26666666666666666
2013-09-02,13:48:41,4.4,25.799903869628903,0.13333333333333333
2013-09-02,13:53:41,4.6,23.666598002115883,0.3333333333333333
2013-09-02,13:58:41,4.333333333333333,22.866617838541664,0.2
2013-09-02,14:03:41,4.666666666666667,23.999900817871094,0.13333333333333333
2013-09-02,14:08:41,4.0,24.79991912841797,0.13333333333333333
2013-09-02,14:13:41,5.0,20.999908447265625,0.8
2013-09-02,14:18:41,4.0,23.73326619466146,0.13333333333333333
2013-09-02,14:23:41,4.666666666666667,25.33323923746745,0.13333333333333333
2013-09-02,14:28:41,4.333333333333333,26.199913024902344,0.3333333333333333
2013-09-02,14:33:42,5.466666666666666,25.199915568033855,0.3333333333333333
2013-09-02,14:38:42,4.666666666666667,27.199897766113278,0.2
2013-09-02,14:43:42,4.333333333333333,23.39996337890625,0.26666666666666666
2013-09-02,14:48:42,4.666666666666667,24.19994354248047,0.13333333333333333
2013-09-02,14:53:42,4.0,26.799888610839844,0.26666666666666666
2013-09-02,14:58:42,5.0,23.19995880126953,0.2
2013-09-02,15:03:42,4.0,22.59990692138672,0.26666666666666666
2013-09-02,15:08:42,4.733333333333333,24.799957275390625,0.4666666666666667
2013-09-02,15:13:42,4.333333333333333,23.399925231933594,0.2
2013-09-02,15:18:42,4.533333333333333,23.599929809570312,0.26666666666666666
2013-09-02,15:23:42,4.8,27.533251444498696,0.13333333333333333
2013-09-02,15:28:42,4.333333333333333,24.399948120117188,0.26666666666666666
2013-09-02,15:33:42,4.666666666666667,22.799949645996094,0.2
2013-09-02,15:38:42,4.0,20.599899291992188,0.13333333333333333
2013-09-02,15:43:42,5.2,22.59990692138672,0.5333333333333333
2013-09-02,15:48:42,4.066666666666666,22.666587829589844,0.6666666666666666
2013-09-02,15:53:42,4.666666666666667,22.399940490722656,0.4
2013-09-02,15:58:42,4.466666666666667,27.59994506835938,0.13333333333333333
2013-09-02,16:03:42,4.6,26.199913024902344,0.3333333333333333
2013-09-02,16:08:42,4.466666666666667,24.59991455078125,0.13333333333333333
2013-09-02,16:13:42,4.333333333333333,25.46658833821615,0.3333333333333333
2013-09-02,16:18:42,4.6,24.33327992757161,0.4
2013-09-02,16:23:42,4.0,21.66656494140625,0.13333333333333333
2013-09-02,16:28:42,5.0,25.39993286132812,0.4
2013-09-02,16:33:42,4.0,22.599945068359375,0.2
2013-09-02,16:38:42,6.666666666666666,31.066614786783852,0.13333333333333333
2013-09-02,16:43:42,4.333333333333333,39.73322550455729,0.4
2013-09-02,16:48:42,4.333333333333333,26.133270263671875,0.26666666666666666
2013-09-02,16:53:42,4.666666666666667,25.066604614257816,0.2
2013-09-02,16:58:42,4.333333333333333,21.99993133544922,0.2
2013-09-02,17:03:42,4.666666666666667,21.999893188476562,0.2
2013-09-02,17:08:42,4.0,25.333251953125004,0.3333333333333333
2013-09-02,17:13:42,5.0,25.799878438313794,0.26666666666666666
2013-09-02,17:18:42,4.0,26.66659037272135,0.2
2013-09-02,17:23:42,4.666666666666667,25.999933878580727,0.06666666666666668
2013-09-02,17:28:42,4.333333333333333,24.799957275390625,0.13333333333333333
2013-09-02,17:33:42,4.333333333333333,23.599904378255204,0.3333333333333333
2013-09-02,17:38:42,4.666666666666667,23.999900817871094,0.13333333333333333
2013-09-02,17:43:43,4.333333333333333,24.79991912841797,0.13333333333333333
2013-09-02,17:48:43,4.6,22.733243306477867,0.26666666666666666
2013-09-02,17:53:43,4.0,21.199913024902344,0.26666666666666666
2013-09-02,17:58:43,5.0,26.266619364420567,0.13333333333333333
2013-09-02,18:03:43,3.933333333333333,24.99989827473958,0.4666666666666667
2013-09-02,18:08:43,4.666666666666667,24.333267211914062,0.3333333333333333
2013-09-02,18:13:43,4.333333333333333,23.86660257975261,0.06666666666666668
2013-09-02,18:18:43,4.266666666666667,27.266578674316406,0.3333333333333333
2013-09-02,18:23:43,4.666666666666667,26.26654307047527,0.06666666666666668
2013-09-02,18:28:43,4.333333333333333,23.799959818522133,0.13333333333333333
2013-09-02,18:33:43,4.666666666666667,24.266586303710938,0.26666666666666666
2013-09-02,18:38:43,4.0,25.866610209147133,0.2
2013-09-02,18:43:43,5.0,23.599917093912765,0.13333333333333333
2013-09-02,18:48:43,4.0,23.066571553548172,0.13333333333333333
2013-09-02,18:53:43,4.666666666666667,25.799942016601562,0.13333333333333333
2013-09-02,18:58:43,4.333333333333333,23.06659698486328,0.13333333333333333
2013-09-02,19:03:43,4.333333333333333,23.06660970052083,0.06666666666666668
2013-09-02,19:08:43,4.666666666666667,25.599912007649746,0.2
2013-09-02,19:13:43,4.333333333333333,23.266614278157547,0.06666666666666668
2013-09-02,19:18:43,4.666666666666667,26.066614786783855,0.13333333333333333
2013-09-02,19:23:43,4.0,24.39990997314453,0.06666666666666668
2013-09-02,19:28:43,5.0,24.06660715738932,0.06666666666666668
2013-09-02,19:33:43,4.0,24.866625467936203,0.06666666666666668
2013-09-02,19:38:43,4.666666666666667,24.599927266438797,0.13333333333333333
2013-09-02,19:43:43,4.333333333333333,26.333274841308597,0.13333333333333333
2013-09-02,19:48:43,4.333333333333333,23.999913533528648,0.2
2013-09-02,19:53:44,4.666666666666667,24.79994455973307,0.26666666666666666
2013-09-02,19:58:44,4.333333333333333,24.066569010416664,0.13333333333333333
2013-09-02,20:03:44,4.666666666666667,22.13326772054036,0.2
2013-09-02,20:08:44,4.2,24.866587320963546,0.13333333333333333
2013-09-02,20:13:44,5.0,27.59990692138672,0.13333333333333333
2013-09-02,20:18:44,4.0,23.19990793863932,0.26666666666666666
2013-09-02,20:23:44,4.666666666666667,23.199933369954422,0.13333333333333333
2013-09-02,20:28:44,4.333333333333333,24.73325093587239,0.2
2013-09-02,20:33:44,4.333333333333333,24.39997355143229,0.13333333333333333
2013-09-02,20:38:44,4.666666666666667,27.39990234375,0.13333333333333333
2013-09-02,20:43:44,4.333333333333333,26.399879455566406,0.06666666666666668
2013-09-02,20:48:44,5.933333333333334,31.066614786783852,0.06666666666666668
2013-09-02,20:53:44,4.0,26.333236694335938,0.06666666666666668
2013-09-02,20:58:44,5.0,23.79993438720703,0.13333333333333333
2013-09-02,21:03:44,4.0,24.26661173502604,0.06666666666666668
2013-09-02,21:08:44,4.666666666666667,26.733309427897133,0.06666666666666668
2013-09-02,21:13:44,4.333333333333333,24.33330535888672,0.06666666666666668
2013-09-02,21:18:44,4.333333333333333,23.933270772298172,0.2
2013-09-02,21:23:44,4.666666666666667,24.266586303710938,0.06666666666666668
2013-09-02,21:28:44,4.333333333333333,23.06660970052083,0.13333333333333333
2013-09-02,21:33:44,4.666666666666667,24.333241780598954,0.06666666666666668
2013-09-02,21:38:44,4.0,22.399940490722656,0.06666666666666668
2013-09-02,21:43:44,5.0,23.333257039388016,0.2
2013-09-02,21:48:44,4.0,26.13328297932942,0.06666666666666668
2013-09-02,21:53:44,4.666666666666667,25.066630045572925,0.2
2013-09-02,21:58:44,4.333333333333333,21.93326314290364,0.2
2013-09-02,22:03:44,4.333333333333333,22.199935913085938,0.2
2013-09-02,22:08:44,4.666666666666667,22.19989776611328,0.13333333333333333
2013-09-02,22:13:44,4.333333333333333,21.533253987630204,0.06666666666666668
2013-09-02,22:18:44,4.666666666666667,22.199935913085938,0.13333333333333333
2013-09-02,22:23:44,4.0,21.93326314290364,0.06666666666666668
2013-09-02,22:28:44,5.0,23.266588846842446,0.13333333333333333
2013-09-02,22:33:44,4.0,20.933240254720047,0.06666666666666668
2013-09-02,22:38:44,4.666666666666667,24.73322550455729,0.06666666666666668
2013-09-02,22:43:44,4.333333333333333,24.266599019368492,0.13333333333333333
2013-09-02,22:48:44,4.333333333333333,21.266581217447914,0.06666666666666668
2013-09-02,22:53:44,4.666666666666667,24.26657358805339,0.06666666666666668
2013-09-02,22:58:44,4.333333333333333,25.133285522460934,0.06666666666666668
2013-09-02,23:03:44,4.6,23.06659698486328,0.13333333333333333
2013-09-02,23:08:45,4.0,24.33330535888672,0.13333333333333333
2013-09-02,23:13:45,5.0,27.066574096679684,0.26666666666666666
2013-09-02,23:18:45,4.0,25.93329111735026,0.13333333333333333
2013-09-02,23:23:45,4.666666666666667,24.399935404459633,0.2
2013-09-02,23:28:45,4.333333333333333,23.133277893066406,0.2
2013-09-02,23:33:45,4.333333333333333,25.19989013671875,0.2
2013-09-02,23:38:45,4.666666666666667,27.199910481770832,0.26666666666666666
2013-09-02,23:43:45,4.333333333333333,24.06660715738932,0.13333333333333333
2013-09-02,23:48:45,4.666666666666667,24.19994354248047,0.26666666666666666
2013-09-02,23:53:45,4.0,25.266571044921875,0.2
2013-09-02,23:58:45,5.0,23.133252461751304,0.2
2013-09-03,00:03:45,4.133333333333333,24.199930826822914,0.13333333333333333
2013-09-03,00:08:45,4.733333333333333,23.33324432373047,0.2
2013-09-03,00:13:45,4.333333333333333,24.53328450520833,0.2
2013-09-03,00:18:45,4.533333333333333,25.266609191894528,0.13333333333333333
2013-09-03,00:23:45,4.8,24.93325551350911,0.13333333333333333
2013-09-03,00:28:45,4.2,28.53322347005209,0.13333333333333333
2013-09-03,00:33:45,4.933333333333334,30.599899291992188,0.13333333333333333
2013-09-03,00:38:45,4.466666666666667,24.399960835774735,0.2
2013-09-03,00:43:45,5.333333333333334,23.266626993815102,0.13333333333333333
2013-09-03,00:48:45,4.0,24.199930826822914,0.26666666666666666
2013-09-03,00:53:45,4.8,22.866592407226562,0.2
2013-09-03,00:58:45,4.333333333333333,24.66655731201172,0.13333333333333333
2013-09-03,01:03:45,4.333333333333333,26.266581217447914,0.26666666666666666
2013-09-03,01:08:45,5.0,23.799908955891922,0.26666666666666666
2013-09-03,01:13:45,4.2,23.399925231933594,0.4666666666666667
2013-09-03,01:18:45,5.0,23.533248901367188,0.26666666666666666
2013-09-03,01:23:45,4.0,25.199940999348964,0.2
2013-09-03,01:28:45,5.133333333333334,26.533228556315102,0.2
2013-09-03,01:33:45,4.0,23.933232625325516,0.26666666666666666
2013-09-03,01:38:45,4.933333333333334,25.93327840169271,0.13333333333333333
2013-09-03,01:43:45,4.333333333333333,24.333267211914062,0.26666666666666666
2013-09-03,01:48:45,4.6,26.266581217447914,0.13333333333333333
2013-09-03,01:53:45,5.333333333333334,25.333226521809898,0.2
2013-09-03,01:58:45,4.6,27.066612243652344,0.13333333333333333
2013-09-03,02:03:45,4.933333333333334,23.39996337890625,0.13333333333333333
2013-09-03,02:08:45,4.0,25.866572062174487,0.13333333333333333
2013-09-03,02:13:45,5.0,23.66663614908854,0.13333333333333333
2013-09-03,02:18:46,4.0,24.866561889648438,0.13333333333333333
2013-09-03,02:23:46,4.666666666666667,26.733258565266933,0.2
2013-09-03,02:28:46,4.333333333333333,24.933242797851562,0.2
2013-09-03,02:33:46,4.333333333333333,24.933268229166664,0.2
2013-09-03,02:38:46,4.666666666666667,26.933263142903645,0.13333333333333333
2013-09-03,02:43:46,4.2,24.06660715738932,0.2
2013-09-03,02:48:46,4.8,28.53322347005209,0.26666666666666666
2013-09-03,02:53:46,4.0,30.533192952473957,0.2
2013-09-03,02:58:46,5.0,23.666598002115883,0.26666666666666666
2013-09-03,03:03:46,4.0,23.999913533528648,0.26666666666666666
2013-09-03,03:08:46,4.666666666666667,24.066594441731766,0.4
2013-09-03,03:13:46,4.333333333333333,24.799957275390625,0.13333333333333333
2013-09-03,03:18:46,4.333333333333333,26.066576639811196,0.2
2013-09-03,03:23:46,4.8,24.866587320963546,0.2
2013-09-03,03:28:46,4.2,25.333251953125004,0.26666666666666666
2013-09-03,03:33:46,4.8,25.199940999348964,0.26666666666666666
2013-09-03,03:38:46,4.0,25.733273824055992,0.13333333333333333
2013-09-03,03:43:46,5.0,24.866625467936203,0.2
2013-09-03,03:48:46,4.0,24.26663716634114,0.2
2013-09-03,03:53:47,4.666666666666667,26.333262125651043,0.26666666666666666
2013-09-03,03:58:47,4.333333333333333,22.399940490722656,0.13333333333333333
2013-09-03,04:03:47,4.333333333333333,22.799949645996094,0.13333333333333333
2013-09-03,04:08:47,4.866666666666667,26.266606648763013,0.13333333333333333
2013-09-03,04:13:47,4.2,27.39990234375,0.13333333333333333
2013-09-03,04:18:47,4.8,24.866600036621094,0.13333333333333333
2013-09-03,04:23:47,4.0,26.599922180175785,0.2
2013-09-03,04:28:47,5.0,24.93328094482422,0.2
2013-09-03,04:33:47,4.0,26.66656494140625,0.2
2013-09-03,04:38:47,4.733333333333333,24.933293660481766,0.26666666666666666
2013-09-03,04:43:47,4.333333333333333,24.466641743977867,0.4
2013-09-03,04:48:47,4.333333333333333,26.86659495035808,0.13333333333333333
2013-09-03,04:53:47,4.733333333333333,25.733248392740894,0.13333333333333333
2013-09-03,04:58:47,4.2,21.99993133544922,0.2
2013-09-03,05:03:47,5.0,24.999923706054688,0.26666666666666666
2013-09-03,05:08:47,4.0,23.33329518636068,0.26666666666666666
2013-09-03,05:13:47,5.0,26.99990590413412,0.13333333333333333
2013-09-03,05:18:47,4.0,29.599889119466138,0.2
2013-09-03,05:23:47,4.666666666666667,24.333267211914062,0.26666666666666666
2013-09-03,05:28:47,4.333333333333333,25.266609191894528,0.2
2013-09-03,05:33:47,4.533333333333333,27.599894205729164,0.13333333333333333
2013-09-03,05:38:47,4.666666666666667,26.733233133951824,0.2
2013-09-03,05:43:47,4.2,24.7332763671875,0.13333333333333333
2013-09-03,05:48:47,4.8,26.86659495035808,0.13333333333333333
2013-09-03,05:53:47,4.0,23.46660614013672,0.13333333333333333
2013-09-03,05:58:47,5.0,23.999977111816406,0.26666666666666666
2013-09-03,06:03:47,4.066666666666666,23.133252461751304,0.13333333333333333
2013-09-03,06:08:47,4.733333333333333,24.066594441731766,0.26666666666666666
2013-09-03,06:13:47,4.333333333333333,26.666641235351562,0.26666666666666666
2013-09-03,06:18:47,4.533333333333333,26.599947611490894,0.4
2013-09-03,06:23:47,4.666666666666667,25.99992116292318,0.13333333333333333
2013-09-03,06:28:47,4.133333333333333,24.19994354248047,0.2
2013-09-03,06:33:47,4.933333333333334,25.933252970377602,0.26666666666666666
2013-09-03,06:38:48,4.0,22.866617838541664,0.3333333333333333
2013-09-03,06:43:48,5.133333333333334,23.866589864095054,0.13333333333333333
2013-09-03,06:48:48,6.0,28.999862670898434,0.2
2013-09-03,06:53:48,4.666666666666667,43.999900817871094,0.26666666666666666
2013-09-03,06:58:48,4.333333333333333,29.599876403808594,0.13333333333333333
2013-09-03,07:03:48,4.733333333333333,24.733289082845054,1.2
2013-09-03,07:08:48,4.733333333333333,26.66659037272135,0.2
2013-09-03,07:13:48,4.266666666666667,26.933301289876304,0.13333333333333333
2013-09-03,07:18:48,5.0,25.799942016601562,0.13333333333333333
2013-09-03,07:23:48,4.0,26.199913024902344,0.4
2013-09-03,07:28:48,5.0,23.199946085611984,0.13333333333333333
2013-09-03,07:33:48,4.0,26.666552225748696,0.2
2013-09-03,07:38:48,4.733333333333333,27.666587829589844,0.26666666666666666
2013-09-03,07:43:48,4.333333333333333,23.39996337890625,0.13333333333333333
2013-09-03,07:48:48,4.466666666666667,24.199905395507812,0.2
2013-09-03,07:53:48,4.666666666666667,24.26661173502604,0.2
2013-09-03,07:58:48,4.2,25.066566467285156,0.13333333333333333
2013-09-03,08:03:48,4.8,24.466616312662765,0.26666666666666666
2013-09-03,08:08:48,4.2,26.733258565266933,0.13333333333333333
2013-09-03,08:13:48,5.0,25.19992828369141,0.2
2013-09-03,08:18:48,4.0,24.33327992757161,0.2
2013-09-03,08:23:48,4.666666666666667,25.799942016601562,0.13333333333333333
2013-09-03,08:28:48,4.333333333333333,24.53327178955078,0.3333333333333333
2013-09-03,08:33:48,4.4,28.39988708496094,0.26666666666666666
2013-09-03,08:38:48,4.733333333333333,24.59993998209636,0.6
2013-09-03,08:43:48,4.266666666666667,26.599922180175785,0.2
2013-09-03,08:48:48,4.933333333333334,24.599952697753906,0.6
2013-09-03,08:53:48,4.0,27.9998779296875,0.13333333333333333
2013-09-03,08:58:48,4.8,27.59986877441406,0.4
2013-09-03,09:03:48,4.2,28.599891662597653,0.2
2013-09-03,09:08:49,4.666666666666667,26.999893188476566,0.2
2013-09-03,09:13:49,4.333333333333333,26.399955749511715,0.2
2013-09-03,09:18:49,4.466666666666667,25.33323923746745,0.13333333333333333
2013-09-03,09:23:49,4.666666666666667,25.39989471435547,0.2
2013-09-03,09:28:49,4.266666666666667,24.199905395507812,0.13333333333333333
2013-09-03,09:33:49,4.8,26.199913024902344,0.13333333333333333
2013-09-03,09:38:49,4.0,24.599952697753906,0.26666666666666666
2013-09-03,09:43:49,4.8,26.799888610839844,0.13333333333333333
2013-09-03,09:48:49,4.133333333333333,25.599912007649746,0.4
2013-09-03,09:53:49,4.733333333333333,23.399887084960938,0.5333333333333333
2013-09-03,09:58:49,4.333333333333333,27.59998321533203,0.2
2013-09-03,10:03:49,4.4,25.799942016601562,1.0666666666666669
2013-09-03,10:08:49,4.666666666666667,23.933270772298172,0.3333333333333333
2013-09-03,10:13:49,4.266666666666667,26.799888610839844,0.7333333333333333
2013-09-03,10:18:49,4.866666666666667,25.599937438964844,0.3333333333333333
2013-09-03,10:23:49,4.0,26.799888610839844,0.26666666666666666
2013-09-03,10:28:49,4.866666666666667,24.733289082845054,0.2
2013-09-03,10:33:49,4.133333333333333,27.199935913085938,0.6
2013-09-03,10:38:49,4.666666666666667,24.666620890299477,0.2
2013-09-03,10:43:49,4.333333333333333,26.066614786783855,0.13333333333333333
2013-09-03,10:48:49,4.4,23.599891662597656,0.3333333333333333
2013-09-03,10:53:49,4.666666666666667,22.799911499023438,0.26666666666666666
2013-09-03,10:58:49,4.333333333333333,25.533256530761715,0.3333333333333333
2013-09-03,11:03:49,4.933333333333334,25.799942016601562,0.2
2013-09-03,11:08:49,4.066666666666666,23.19995880126953,0.2
2013-09-03,11:13:49,5.0,23.399925231933594,0.26666666666666666
2013-09-03,11:18:49,4.133333333333333,24.79991912841797,0.2
2013-09-03,11:23:49,4.733333333333333,24.59991455078125,0.26666666666666666
2013-09-03,11:28:49,4.333333333333333,24.466552734375,0.13333333333333333
2013-09-03,11:33:49,4.4,26.86659495035808,0.2
2013-09-03,11:38:49,4.733333333333333,26.399917602539062,0.26666666666666666
2013-09-03,11:43:49,4.333333333333333,26.399879455566406,0.2
2013-09-03,11:48:49,4.8,26.199913024902344,0.26666666666666666
2013-09-03,11:53:49,4.0,26.199951171875004,0.26666666666666666
2013-09-03,11:58:50,5.0,24.93328094482422,0.3333333333333333
2013-09-03,12:03:50,4.466666666666667,26.666603088378903,0.26666666666666666
2013-09-03,12:08:50,5.0,26.99993133544922,0.2
2013-09-03,12:13:50,4.333333333333333,27.799911499023438,0.26666666666666666
2013-09-03,12:18:50,4.533333333333333,24.799957275390625,0.5333333333333333
2013-09-03,12:23:50,4.733333333333333,24.53328450520833,0.2
2013-09-03,12:28:50,4.4,24.39990997314453,0.3333333333333333
2013-09-03,12:33:50,4.8,27.799911499023438,0.2
2013-09-03,12:38:50,4.0,29.599914550781246,0.2
2013-09-03,12:43:50,5.066666666666666,24.999961853027344,0.2
2013-09-03,12:48:50,4.066666666666666,25.19992828369141,0.3333333333333333
2013-09-03,12:53:50,4.733333333333333,25.99994659423828,0.13333333333333333
2013-09-03,12:58:50,4.333333333333333,26.999893188476566,0.2
2013-09-03,13:03:50,4.6,23.799921671549477,0.2
2013-09-03,13:08:50,4.866666666666667,27.59986877441406,0.26666666666666666
2013-09-03,13:13:50,4.333333333333333,23.99993896484375,0.2
2013-09-03,13:18:50,4.866666666666667,24.866549173990883,0.26666666666666666
2013-09-03,13:23:50,4.066666666666666,27.66657511393229,0.13333333333333333
2013-09-03,13:28:50,5.2,26.066614786783855,0.3333333333333333
2013-09-03,13:33:50,4.066666666666666,28.1332270304362,0.3333333333333333
2013-09-03,13:38:50,4.733333333333333,24.99988555908203,0.2
2013-09-03,13:43:50,4.333333333333333,26.933263142903645,0.13333333333333333
2013-09-03,13:48:50,4.466666666666667,25.999933878580727,0.26666666666666666
2013-09-03,13:53:50,4.666666666666667,25.73321024576823,0.2
2013-09-03,13:58:50,6.0,29.933255513509117,0.4666666666666667
2013-09-03,14:03:50,5.266666666666667,28.39988708496094,0.26666666666666666
2013-09-03,14:08:50,4.4,27.799911499023438,0.4666666666666667
2013-09-03,14:13:51,5.333333333333334,27.733205159505207,0.2
2013-09-03,14:18:51,4.6,25.133260091145825,0.13333333333333333
2013-09-03,14:23:51,5.133333333333334,23.533248901367188,0.2
2013-09-03,14:28:51,4.6,23.73326619466146,0.13333333333333333
2013-09-03,14:33:51,4.933333333333334,25.73328653971354,0.4
2013-09-03,14:38:51,5.066666666666666,26.866544087727867,0.26666666666666666
2013-09-03,14:43:51,5.0,25.333264668782558,0.4
2013-09-03,14:48:51,5.266666666666667,25.53328196207682,0.26666666666666666
2013-09-03,14:53:51,4.733333333333333,28.399925231933594,0.3333333333333333
2013-09-03,14:58:51,6.133333333333334,33.79990895589193,0.3333333333333333
2013-09-03,15:03:51,4.066666666666666,30.866597493489582,0.26666666666666666
2013-09-03,15:08:51,4.666666666666667,26.5332539876302,0.4
2013-09-03,15:13:51,4.333333333333333,25.333264668782558,0.5333333333333333
2013-09-03,15:18:51,4.333333333333333,25.866597493489586,0.2
2013-09-03,15:23:51,4.666666666666667,23.533261617024735,0.3333333333333333
2013-09-03,15:28:51,4.333333333333333,25.799916585286457,0.26666666666666666
2013-09-03,15:33:51,4.666666666666667,25.533231099446606,0.4
2013-09-03,15:38:51,4.0,23.799959818522133,0.2
2013-09-03,15:43:51,5.0,24.19994354248047,1.0666666666666669
2013-09-03,15:48:51,4.0,27.133267720540367,0.5333333333333333
2013-09-03,15:53:51,4.666666666666667,27.799962361653645,0.4
2013-09-03,15:58:51,4.333333333333333,27.33322143554687,0.5333333333333333
2013-09-03,16:03:51,4.333333333333333,25.866572062174487,0.26666666666666666
2013-09-03,16:08:51,4.666666666666667,24.53328450520833,0.4666666666666667
2013-09-03,16:13:51,4.133333333333333,27.666587829589844,0.3333333333333333
2013-09-03,16:18:51,4.4,27.93320973714193,0.4
2013-09-03,16:23:51,4.0,27.533200581868496,3.1333333333333333
2013-09-03,16:28:51,5.0,26.333274841308597,0.8666666666666667
2013-09-03,16:33:51,3.733333333333333,26.266619364420567,0.13333333333333333
2013-09-03,16:38:51,4.466666666666667,27.066523234049477,0.9333333333333332
2013-09-03,16:43:51,4.2,27.133255004882812,0.4666666666666667
2013-09-03,16:48:51,4.066666666666666,26.266606648763013,0.13333333333333333
2013-09-03,16:53:51,4.333333333333333,25.399907430013013,0.13333333333333333
2013-09-03,16:58:51,4.2,25.46658833821615,0.2
2013-09-03,17:03:51,4.266666666666667,26.66651407877605,0.5333333333333333
2013-09-03,17:08:51,3.8666666666666663,25.533218383789062,0.2
2013-09-03,17:13:51,4.666666666666667,24.53328450520833,0.3333333333333333
2013-09-03,17:18:52,3.933333333333333,23.533236185709633,0.3333333333333333
2013-09-03,17:23:52,4.2,24.599952697753906,0.2
2013-09-03,17:28:52,4.133333333333333,26.59990946451823,0.13333333333333333
2013-09-03,17:33:52,4.0,27.266578674316406,0.13333333333333333
2013-09-03,17:38:52,4.466666666666667,26.066602071126304,0.13333333333333333
2013-09-03,17:43:52,4.133333333333333,23.666598002115883,0.13333333333333333
2013-09-03,17:48:52,4.266666666666667,25.133285522460934,0.13333333333333333
2013-09-03,17:53:52,3.733333333333333,25.86658477783203,0.13333333333333333
2013-09-03,17:58:52,4.6,25.13327280680338,0.2
2013-09-03,18:03:52,3.933333333333333,23.466631571451828,0.13333333333333333
2013-09-03,18:08:52,4.4,26.133219401041675,0.26666666666666666
2013-09-03,18:13:52,4.266666666666667,28.53322347005209,0.13333333333333333
2013-09-03,18:18:52,4.066666666666666,25.799954732259117,0.26666666666666666
2013-09-03,18:23:52,4.2,24.06658172607422,0.2
2013-09-03,18:28:52,4.133333333333333,24.599952697753906,0.5333333333333333
2013-09-03,18:33:52,4.4,23.73326619466146,0.2
2013-09-03,18:38:52,3.666666666666667,22.19989776611328,0.4666666666666667
2013-09-03,18:43:52,4.466666666666667,21.399904886881508,0.2
2013-09-03,18:48:52,3.8666666666666663,22.933260599772133,0.2
2013-09-03,18:53:52,4.2,23.599917093912765,0.13333333333333333
2013-09-03,18:58:52,4.133333333333333,24.59996541341146,0.2
2013-09-03,19:03:52,3.933333333333333,21.93326314290364,0.13333333333333333
2013-09-03,19:08:52,4.4,23.39991251627604,0.13333333333333333
2013-09-03,19:13:52,4.0,25.99992116292318,0.2
2013-09-03,19:18:52,4.6,23.33329518636068,0.3333333333333333
2013-09-03,19:23:52,3.8,22.666613260904946,0.13333333333333333
2013-09-03,19:28:52,4.533333333333333,23.799972534179688,0.26666666666666666
2013-09-03,19:33:52,3.666666666666667,23.53329976399739,0.13333333333333333
2013-09-03,19:38:52,4.333333333333333,22.733243306477867,0.2
2013-09-03,19:43:52,4.266666666666667,22.066599527994796,0.13333333333333333
2013-09-03,19:48:52,4.2,22.666613260904946,0.2
2013-09-03,19:53:52,4.133333333333333,23.266550699869796,0.2
2013-09-03,19:58:53,4.2,24.73325093587239,0.2
2013-09-03,20:03:53,4.466666666666667,22.999916076660156,0.2
2013-09-03,20:08:53,3.8,22.933286031087235,0.13333333333333333
2013-09-03,20:13:53,4.533333333333333,22.399940490722656,0.2
2013-09-03,20:18:53,3.933333333333333,25.599937438964844,0.13333333333333333
2013-09-03,20:23:53,4.2,23.59995524088542,0.2
2013-09-03,20:28:53,4.266666666666667,26.933237711588536,0.13333333333333333
2013-09-03,20:33:53,4.4,24.466590881347656,0.2
2013-09-03,20:38:53,4.133333333333333,25.266571044921875,0.13333333333333333
2013-09-03,20:43:53,4.133333333333333,23.99993896484375,0.2
2013-09-03,20:48:53,4.933333333333334,25.86658477783203,0.13333333333333333
2013-09-03,20:53:53,4.666666666666667,31.53325398763021,0.13333333333333333
2013-09-03,20:58:53,4.4,26.66651407877605,0.2
2013-09-03,21:03:53,4.0,26.733233133951824,0.13333333333333333
2013-09-03,21:08:53,4.333333333333333,23.066584269205727,0.2
2013-09-03,21:13:53,4.2,22.999954223632812,0.13333333333333333
2013-09-03,21:18:53,4.266666666666667,23.46659342447917,0.2
2013-09-03,21:23:53,4.133333333333333,24.466578165690102,0.2
2013-09-03,21:28:53,4.066666666666666,27.733268737792972,0.2
2013-09-03,21:33:53,4.4,26.666526794433594,0.13333333333333333
2013-09-03,21:38:53,4.066666666666666,27.866541544596352,0.2
2013-09-03,21:43:53,4.2,25.666605631510414,0.13333333333333333
2013-09-03,21:48:53,3.8666666666666663,24.133288065592446,0.2
2013-09-03,21:53:53,4.466666666666667,23.266588846842446,0.26666666666666666
2013-09-03,21:58:53,4.133333333333333,25.799954732259117,0.13333333333333333
2013-09-03,22:03:53,4.333333333333333,29.06658172607422,0.26666666666666666
2013-09-03,22:08:53,4.2,22.266604105631508,0.13333333333333333
2013-09-03,22:13:53,4.066666666666666,22.266604105631508,0.13333333333333333
2013-09-03,22:18:53,4.4,21.73325856526693,0.13333333333333333
2013-09-03,22:23:53,4.133333333333333,27.59990692138672,0.13333333333333333
2013-09-03,22:28:53,4.333333333333333,23.53329976399739,0.13333333333333333
2013-09-03,22:33:54,4.0,26.06652577718098,0.2
2013-09-03,22:38:54,5.0,26.333223978678383,0.13333333333333333
2013-09-03,22:43:54,4.066666666666666,23.133252461751304,0.2
2013-09-03,22:48:54,6.866666666666666,42.59991963704427,0.2
2013-09-03,22:53:54,4.4,37.26654052734375,0.13333333333333333
2013-09-03,22:58:54,4.333333333333333,24.933268229166664,0.2
2013-09-03,23:03:54,4.666666666666667,20.999908447265625,0.2
2013-09-03,23:08:54,4.0,24.06658172607422,0.4
2013-09-03,23:13:54,5.0,25.39993286132812,0.4
2013-09-03,23:18:54,4.0,25.333264668782558,0.2
2013-09-03,23:23:54,5.0,25.933252970377602,0.13333333333333333
2013-09-03,23:28:54,4.0,23.799896240234375,0.2
2013-09-03,23:33:54,4.666666666666667,21.533253987630204,0.26666666666666666
2013-09-03,23:38:54,4.333333333333333,24.19994354248047,0.2
2013-09-03,23:43:54,4.333333333333333,24.866612752278648,0.13333333333333333
2013-09-03,23:48:54,4.666666666666667,26.46659851074219,0.26666666666666666
2013-09-03,23:53:54,4.0,24.133275349934898,0.13333333333333333
2013-09-03,23:58:54,4.866666666666667,26.13328297932942,0.13333333333333333
2013-09-04,00:03:54,4.066666666666666,24.066594441731766,0.13333333333333333
2013-09-04,00:08:54,5.0,25.133260091145825,0.13333333333333333
2013-09-04,00:13:54,3.933333333333333,23.46659342447917,0.2
2013-09-04,00:18:54,4.666666666666667,24.199968973795578,0.2
2013-09-04,00:23:54,4.333333333333333,26.733220418294273,0.13333333333333333
2013-09-04,00:28:54,4.133333333333333,25.066604614257816,0.13333333333333333
2013-09-04,00:33:54,4.666666666666667,24.666570027669273,0.2
2013-09-04,00:38:54,4.0,22.73326873779297,0.2
2013-09-04,00:43:54,4.933333333333334,25.86654663085938,0.13333333333333333
2013-09-04,00:48:54,4.0,22.466608683268234,0.13333333333333333
2013-09-04,00:53:54,5.0,25.5999755859375,0.13333333333333333
2013-09-04,00:58:54,3.933333333333333,24.19994354248047,0.2
2013-09-04,01:03:54,4.666666666666667,24.19994354248047,0.2
2013-09-04,01:08:54,4.333333333333333,23.19995880126953,0.3333333333333333
2013-09-04,01:13:54,4.266666666666667,24.466616312662765,0.3333333333333333
2013-09-04,01:18:54,4.666666666666667,25.266596476236973,0.2
2013-09-04,01:23:54,4.133333333333333,22.399940490722656,0.13333333333333333
2013-09-04,01:28:54,4.866666666666667,23.99993896484375,0.26666666666666666
2013-09-04,01:33:54,4.0,25.73323567708334,0.2
2013-09-04,01:38:55,5.0,23.66658528645833,0.13333333333333333
2013-09-04,01:43:55,4.0,24.266586303710938,0.13333333333333333
2013-09-04,01:48:55,4.666666666666667,22.866617838541664,0.26666666666666666
2013-09-04,01:53:55,4.333333333333333,24.19994354248047,0.13333333333333333
2013-09-04,01:58:55,4.333333333333333,25.733273824055992,0.2
2013-09-04,02:03:55,4.666666666666667,25.199940999348964,0.13333333333333333
2013-09-04,02:08:55,4.266666666666667,25.266634623209633,0.13333333333333333
2013-09-04,02:13:55,4.733333333333333,21.199913024902344,0.13333333333333333
2013-09-04,02:18:55,4.0,22.933222452799477,0.13333333333333333
2013-09-04,02:23:55,5.0,26.799888610839844,0.13333333333333333
2013-09-04,02:28:55,3.933333333333333,24.799957275390625,0.26666666666666666
2013-09-04,02:33:55,4.533333333333333,25.39993286132812,0.13333333333333333
2013-09-04,02:38:56,4.333333333333333,24.79994455973307,0.13333333333333333
2013-09-04,02:43:56,4.333333333333333,24.99991099039714,0.3333333333333333
2013-09-04,02:48:56,4.666666666666667,28.799896240234375,0.4666666666666667
2013-09-04,02:53:56,4.428571428571427,25.428553989955354,0.21428571428571427
2013-09-04,02:58:56,4.666666666666667,21.7999267578125,0.2
2013-09-04,03:03:56,4.333333333333333,21.59992218017578,0.13333333333333333
2013-09-04,03:08:56,5.0,21.333249409993492,0.13333333333333333
2013-09-04,03:13:56,4.0,25.73328653971354,0.13333333333333333
2013-09-04,03:18:56,4.466666666666667,26.799926757812496,0.26666666666666666
2013-09-04,03:23:56,4.333333333333333,25.59989929199219,0.2
2013-09-04,03:28:56,4.333333333333333,24.199981689453125,0.26666666666666666
2013-09-04,03:33:56,4.6,26.599922180175785,0.13333333333333333
2013-09-04,03:38:56,4.333333333333333,26.066602071126304,0.13333333333333333
2013-09-04,03:43:56,4.533333333333333,26.399955749511715,0.2
2013-09-04,03:48:56,4.0,24.199905395507812,0.13333333333333333
2013-09-04,03:53:56,4.733333333333333,24.399948120117188,0.13333333333333333
2013-09-04,03:58:56,4.0,23.99993896484375,0.2
2013-09-04,04:03:56,4.6,24.999923706054688,0.13333333333333333
2013-09-04,04:08:56,4.333333333333333,25.599937438964844,0.13333333333333333
2013-09-04,04:13:56,4.066666666666666,21.99993133544922,0.13333333333333333
2013-09-04,04:18:56,4.4,21.399917602539062,0.2
2013-09-04,04:23:56,4.133333333333333,25.39993286132812,0.26666666666666666
2013-09-04,04:28:56,4.4,23.799896240234375,0.13333333333333333
2013-09-04,04:33:56,4.0,22.799911499023438,0.2
2013-09-04,04:38:56,4.866666666666667,25.599937438964844,0.2
2013-09-04,04:43:56,4.071428571428572,27.285616738455637,0.2857142857142857
2013-09-04,04:48:56,4.4,24.39990997314453,0.2
2013-09-04,04:53:56,4.333333333333333,23.399925231933594,0.2
2013-09-04,04:58:56,4.4,25.999908447265625,0.13333333333333333
2013-09-04,05:03:56,4.333333333333333,27.59990692138672,0.2
2013-09-04,05:08:57,4.266666666666667,20.799903869628906,0.13333333333333333
2013-09-04,05:13:57,4.4,22.59990692138672,0.13333333333333333
2013-09-04,05:18:57,3.933333333333333,23.99993896484375,0.26666666666666666
2013-09-04,05:23:57,4.533333333333333,25.399881998697914,0.13333333333333333
2013-09-04,05:28:57,3.933333333333333,27.99991607666016,0.2
2013-09-04,05:33:57,4.266666666666667,23.79993438720703,0.13333333333333333
2013-09-04,05:38:57,4.266666666666667,25.799903869628903,0.13333333333333333
2013-09-04,05:43:57,4.266666666666667,23.199920654296875,0.13333333333333333
2013-09-04,05:48:57,4.066666666666666,24.59991455078125,0.13333333333333333
2013-09-04,05:53:57,4.133333333333333,22.999916076660156,0.13333333333333333
2013-09-04,05:58:57,4.533333333333333,27.199897766113278,0.13333333333333333
2013-09-04,06:03:57,3.933333333333333,22.799911499023438,0.2
2013-09-04,06:08:57,4.666666666666667,20.999908447265625,0.13333333333333333
2013-09-04,06:13:57,3.8666666666666663,25.799903869628903,0.13333333333333333
2013-09-04,06:18:57,4.2,25.19989013671875,0.2
2013-09-04,06:23:57,4.333333333333333,22.399940490722656,0.13333333333333333
2013-09-04,06:28:57,4.2,22.39990234375,0.13333333333333333
2013-09-04,06:33:57,4.333333333333333,24.59991455078125,0.5333333333333333
2013-09-04,06:38:57,4.133333333333333,22.599945068359375,0.2
2013-09-04,06:43:57,4.466666666666667,23.99993896484375,0.13333333333333333
2013-09-04,06:48:57,4.133333333333333,25.6665547688802,0.26666666666666666
2013-09-04,06:53:57,4.533333333333333,26.399917602539062,0.2
2013-09-04,06:58:57,3.933333333333333,25.999908447265625,0.2
2013-09-04,07:03:57,4.866666666666667,25.39997100830078,1.0666666666666669
2013-09-04,07:08:57,4.266666666666667,23.99993896484375,0.13333333333333333
2013-09-04,07:13:58,4.266666666666667,23.199920654296875,0.2
2013-09-04,07:18:58,4.133333333333333,27.39990234375,0.13333333333333333
2013-09-04,07:23:58,4.4,24.799931844075516,0.13333333333333333
2013-09-04,07:28:58,4.466666666666667,24.399948120117188,0.13333333333333333
2013-09-04,07:33:58,4.071428571428572,24.99991825648717,0.14285714285714285
2013-09-04,07:38:58,4.571428571428573,23.64278520856585,0.35714285714285715
2013-09-04,07:43:58,4.071428571428572,23.571368626185826,0.14285714285714285
2013-09-04,07:48:58,4.428571428571427,24.07136644635882,0.21428571428571427
2013-09-04,07:53:58,4.142857142857142,25.785609654017854,0.14285714285714285
2013-09-04,07:58:58,4.6,27.533238728841148,0.3333333333333333
2013-09-04,08:03:58,4.142857142857142,23.42850821358817,0.2857142857142857
2013-09-04,08:08:58,4.533333333333333,24.733238220214844,0.2
2013-09-04,08:13:58,4.2,25.066604614257816,0.2
2013-09-04,08:18:58,4.266666666666667,23.99993896484375,0.3333333333333333
2013-09-04,08:23:58,4.466666666666667,26.13323211669922,0.4666666666666667
2013-09-04,08:28:58,4.2,25.399945576985676,0.2
2013-09-04,08:33:58,4.333333333333333,22.466608683268234,0.26666666666666666
2013-09-04,08:38:58,4.0,24.333267211914062,0.26666666666666666
2013-09-04,08:43:58,4.866666666666667,26.799888610839844,0.2
2013-09-04,08:48:58,4.0,24.999923706054688,0.3333333333333333
2013-09-04,08:53:58,4.6,24.733289082845054,0.13333333333333333
2013-09-04,08:58:58,4.133333333333333,22.333272298177086,0.13333333333333333
2013-09-04,09:03:58,4.266666666666667,23.266588846842446,0.6666666666666666
2013-09-04,09:08:58,4.466666666666667,23.86655171712239,0.2
2013-09-04,09:13:58,4.266666666666667,24.199981689453125,0.13333333333333333
2013-09-04,09:18:58,4.266666666666667,25.39989471435547,0.13333333333333333
2013-09-04,09:23:58,4.0,24.933242797851562,0.4
2013-09-04,09:28:58,4.6,26.99993133544922,0.4
2013-09-04,09:33:58,4.0,25.99997202555338,0.4666666666666667
2013-09-04,09:38:58,4.333333333333333,25.06657918294271,0.13333333333333333
2013-09-04,09:43:58,4.266666666666667,23.19995880126953,0.7333333333333333
2013-09-04,09:48:58,4.066666666666666,26.599884033203125,0.13333333333333333
2013-09-04,09:53:58,4.4,23.86660257975261,0.4666666666666667
2013-09-04,09:58:58,4.266666666666667,23.53327433268229,0.4666666666666667
2013-09-04,10:03:58,4.071428571428572,25.49992970057896,0.14285714285714285
2013-09-04,10:08:58,4.0,25.799903869628903,0.4666666666666667
2013-09-04,10:13:58,4.666666666666667,25.599937438964844,1.0
2013-09-04,10:18:58,4.0,22.333272298177086,0.3333333333333333
2013-09-04,10:23:58,4.333333333333333,28.2665761311849,0.13333333333333333
2013-09-04,10:28:58,4.266666666666667,27.59994506835938,0.13333333333333333
2013-09-04,10:33:58,4.266666666666667,23.79993438720703,0.26666666666666666
2013-09-04,10:38:58,4.333333333333333,23.79993438720703,0.13333333333333333
2013-09-04,10:43:58,4.2,25.19985198974609,0.13333333333333333
2013-09-04,10:48:58,4.4,23.199920654296875,0.4666666666666667
2013-09-04,10:53:58,4.0,25.466562906901043,0.2
2013-09-04,10:58:58,4.466666666666667,25.59989929199219,0.13333333333333333
2013-09-04,11:03:58,4.0,23.19995880126953,0.3333333333333333
2013-09-04,11:08:58,4.6,22.999916076660156,0.2
2013-09-04,11:13:58,4.266666666666667,24.199905395507812,0.3333333333333333
2013-09-04,11:18:59,4.4,25.59989929199219,0.13333333333333333
2013-09-04,11:23:59,4.2,25.999908447265625,0.3333333333333333
2013-09-04,11:28:59,4.266666666666667,22.799949645996094,0.26666666666666666
2013-09-04,11:33:59,4.4,24.73325093587239,0.26666666666666666
2013-09-04,11:38:59,4.0,24.59991455078125,0.3333333333333333
2013-09-04,11:43:59,4.6,21.7999267578125,0.2
2013-09-04,11:48:59,3.8666666666666663,24.79991912841797,0.3333333333333333
2013-09-04,11:53:59,4.266666666666667,24.66658274332682,0.4666666666666667
2013-09-04,11:58:59,4.133333333333333,25.59989929199219,0.26666666666666666
2013-09-04,12:03:59,4.533333333333333,26.199951171875004,0.2
2013-09-04,12:08:59,4.066666666666666,24.599952697753906,0.2
2013-09-04,12:13:59,4.2,25.466601053873706,0.5333333333333333
2013-09-04,12:18:59,4.333333333333333,24.19994354248047,0.13333333333333333
2013-09-04,12:23:59,3.933333333333333,25.19989013671875,0.2
2013-09-04,12:28:59,4.866666666666667,27.59990692138672,0.2
2013-09-04,12:33:59,4.0,24.466616312662765,0.2
2013-09-04,12:38:59,4.333333333333333,27.59990692138672,0.2
2013-09-04,12:43:59,4.133333333333333,24.93328094482422,0.13333333333333333
2013-09-04,12:48:59,4.533333333333333,26.999969482421875,0.13333333333333333
2013-09-04,12:53:59,4.066666666666666,25.19992828369141,0.2
2013-09-04,12:58:59,4.266666666666667,22.999916076660156,0.4
2013-09-04,13:03:59,4.333333333333333,23.06662241617839,0.2
2013-09-04,13:09:00,4.0,27.39990234375,0.13333333333333333
2013-09-04,13:14:00,4.4,26.99993133544922,0.2
2013-09-04,13:19:00,4.0,23.999977111816406,0.4
2013-09-04,13:24:00,4.533333333333333,22.266604105631508,0.3333333333333333
2013-09-04,13:29:00,4.0,24.79991912841797,0.2
2013-09-04,13:34:00,4.466666666666667,23.79993438720703,0.4
2013-09-04,13:39:00,4.2,23.999900817871094,0.2
2013-09-04,13:44:00,4.2,24.79991912841797,0.26666666666666666
2013-09-04,13:49:00,4.533333333333333,22.199935913085938,0.2
2013-09-04,13:54:00,3.933333333333333,23.799896240234375,0.2
2013-09-04,13:59:00,4.733333333333333,25.799942016601562,0.13333333333333333
2013-09-04,14:04:00,3.933333333333333,24.999923706054688,0.3333333333333333
2013-09-04,14:09:00,4.333333333333333,23.133290608723954,0.13333333333333333
2013-09-04,14:14:00,4.266666666666667,25.999908447265625,0.13333333333333333
2013-09-04,14:19:00,4.333333333333333,25.19992828369141,0.26666666666666666
2013-09-04,14:24:00,4.2,24.39990997314453,0.4
2013-09-04,14:29:00,4.2,22.199935913085938,0.13333333333333333
2013-09-04,14:34:00,4.466666666666667,26.799888610839844,0.2
2013-09-04,14:39:00,3.733333333333333,25.39993286132812,0.13333333333333333
2013-09-04,14:44:00,5.2,24.466629028320312,0.3333333333333333
2013-09-04,14:49:00,5.333333333333334,43.79993438720703,0.2
2013-09-04,14:54:00,4.466666666666667,28.79993438720703,0.4666666666666667
2013-09-04,14:59:00,4.2,25.99994659423828,0.2
2013-09-04,15:04:00,4.466666666666667,25.19992828369141,0.2
2013-09-04,15:09:00,4.266666666666667,23.99993896484375,0.2
2013-09-04,15:14:00,4.2,25.06659189860026,0.5333333333333333
2013-09-04,15:19:00,4.4,27.399940490722656,0.2
2013-09-04,15:24:01,3.933333333333333,25.59989929199219,0.5333333333333333
2013-09-04,15:29:01,4.6,24.199981689453125,0.3333333333333333
2013-09-04,15:34:01,3.8666666666666663,25.999908447265625,0.26666666666666666
2013-09-04,15:39:01,4.266666666666667,26.133308410644528,0.13333333333333333
2013-09-04,15:44:01,4.133333333333333,27.99991607666016,0.3333333333333333
2013-09-04,15:49:01,4.333333333333333,24.59991455078125,0.13333333333333333
2013-09-04,15:54:01,4.066666666666666,28.19988250732422,0.13333333333333333
2013-09-04,15:59:01,4.0,23.799972534179688,0.2
2013-09-04,16:04:01,4.466666666666667,24.199905395507812,0.2
2013-09-04,16:09:01,4.066666666666666,22.999916076660156,0.2
2013-09-04,16:14:01,4.6,28.599929809570312,0.2
2013-09-04,16:19:01,4.0,26.99993133544922,0.26666666666666666
2013-09-04,16:24:01,4.266666666666667,26.799964904785156,0.26666666666666666
2013-09-04,16:29:01,4.2,23.39996337890625,0.8
2013-09-04,16:34:01,4.4,25.39993286132812,0.13333333333333333
2013-09-04,16:39:01,4.133333333333333,25.999933878580727,0.2
2013-09-04,16:44:01,4.2,23.79993438720703,0.4
2013-09-04,16:49:01,4.466666666666667,22.799911499023438,0.26666666666666666
2013-09-04,16:54:01,4.266666666666667,23.79993438720703,0.2
2013-09-04,16:59:01,4.333333333333333,22.799911499023438,0.3333333333333333
2013-09-04,17:04:01,4.0,22.999954223632812,0.6
2013-09-04,17:09:01,4.666666666666667,24.19994354248047,0.3333333333333333
2013-09-04,17:14:01,4.0,25.799942016601562,0.2
2013-09-04,17:19:01,4.466666666666667,25.733261108398438,0.26666666666666666
2013-09-04,17:24:02,4.133333333333333,25.799942016601562,0.13333333333333333
2013-09-04,17:29:02,4.066666666666666,22.799949645996094,0.4666666666666667
2013-09-04,17:34:02,4.266666666666667,24.866600036621094,0.13333333333333333
2013-09-04,17:39:02,4.133333333333333,24.599952697753906,0.4
2013-09-04,17:44:02,4.2,21.99993133544922,0.13333333333333333
2013-09-04,17:49:02,4.0,21.99993133544922,0.26666666666666666
2013-09-04,17:54:02,4.4,24.93321736653646,0.13333333333333333
2013-09-04,17:59:02,3.933333333333333,23.199946085611984,0.2
2013-09-04,18:04:02,4.466666666666667,22.933286031087235,0.5333333333333333
2013-09-04,18:09:02,4.2,23.266626993815102,0.2
2013-09-04,18:14:01,4.2,23.933283487955727,0.13333333333333333
2013-09-04,18:19:01,4.266666666666667,23.59996795654297,0.2
2013-09-04,18:24:01,4.133333333333333,22.866579691569015,0.2
2013-09-04,18:29:01,4.333333333333333,22.866617838541664,0.2
2013-09-04,18:34:01,4.0,23.53329976399739,0.2
2013-09-04,18:39:01,4.6,24.93325551350911,0.26666666666666666
2013-09-04,18:44:01,3.8666666666666663,23.866564432779953,0.13333333333333333
2013-09-04,18:49:01,4.4,23.53327433268229,0.26666666666666666
2013-09-04,18:54:01,4.133333333333333,25.733261108398438,0.2
2013-09-04,18:59:01,4.266666666666667,24.26661173502604,0.26666666666666666
2013-09-04,19:04:01,4.066666666666666,24.399948120117188,0.13333333333333333
2013-09-04,19:09:01,4.2,25.06659189860026,0.13333333333333333
2013-09-04,19:14:01,4.4,25.93324025472005,0.13333333333333333
2013-09-04,19:19:02,4.0,26.19993845621745,0.2
2013-09-04,19:24:02,4.466666666666667,25.13327280680338,0.2
2013-09-04,19:29:02,3.933333333333333,24.99991099039714,0.26666666666666666
2013-09-04,19:34:02,4.4,23.33329518636068,0.13333333333333333
2013-09-04,19:39:02,4.266666666666667,27.266578674316406,0.13333333333333333
2013-09-04,19:44:02,4.333333333333333,27.13329315185547,0.26666666666666666
2013-09-04,19:49:02,4.0,26.333262125651043,0.4
2013-09-04,19:54:02,4.133333333333333,24.7332763671875,0.26666666666666666
2013-09-04,19:59:02,4.466666666666667,25.46661376953125,0.2
2013-09-04,20:04:02,4.0,26.066576639811196,0.2
2013-09-04,20:09:02,4.666666666666667,25.73323567708334,0.13333333333333333
2013-09-04,20:14:02,3.933333333333333,26.73324584960938,0.13333333333333333
2013-09-04,20:19:02,4.466666666666667,24.133288065592446,0.26666666666666666
2013-09-04,20:24:02,4.2,25.199915568033855,0.2
2013-09-04,20:29:02,4.4,22.866605122884117,0.26666666666666666
2013-09-04,20:34:02,4.066666666666666,29.33324178059895,0.2
2013-09-04,20:39:02,4.0,23.799959818522133,0.2
2013-09-04,20:44:02,4.4,26.066602071126304,0.2
2013-09-04,20:49:02,3.8,23.999951680501304,0.2
2013-09-04,20:54:02,5.866666666666666,29.733263651529946,0.2
2013-09-04,20:59:02,4.0,29.133249918619793,0.13333333333333333
2013-09-04,21:04:02,4.4,23.46659342447917,0.2
2013-09-04,21:09:02,4.266666666666667,22.466608683268234,0.26666666666666666
2013-09-04,21:14:02,4.2,26.399904886881508,0.2
2013-09-04,21:19:02,4.333333333333333,26.466585795084637,0.13333333333333333
2013-09-04,21:24:02,4.266666666666667,23.399950663248696,0.13333333333333333
2013-09-04,21:29:02,4.4,24.399948120117188,0.13333333333333333
2013-09-04,21:34:02,4.0,24.73325093587239,0.13333333333333333
2013-09-04,21:39:02,4.533333333333333,23.46659342447917,0.26666666666666666
2013-09-04,21:44:03,3.933333333333333,22.933260599772133,0.13333333333333333
2013-09-04,21:49:03,4.333333333333333,25.26658376057942,0.13333333333333333
2013-09-04,21:54:03,4.2,23.79993438720703,0.2
2013-09-04,21:59:03,4.266666666666667,24.19994354248047,0.2
2013-09-04,22:04:03,4.666666666666667,25.466601053873706,0.2
2013-09-04,22:09:03,4.2,26.266619364420567,0.2
2013-09-04,22:14:03,4.4,20.799903869628906,0.2
2013-09-04,22:19:03,3.8,20.733235677083336,0.26666666666666666
2013-09-04,22:24:03,4.666666666666667,23.73326619466146,0.13333333333333333
2013-09-04,22:29:03,3.933333333333333,24.59988911946614,0.2
2013-09-04,22:34:03,4.333333333333333,24.599927266438797,0.13333333333333333
2013-09-04,22:39:03,4.2,24.06660715738932,0.2
2013-09-04,22:44:03,4.4,25.533256530761715,0.2
2013-09-04,22:49:03,4.266666666666667,26.599960327148438,0.13333333333333333
2013-09-04,22:54:03,4.2,23.99993896484375,0.13333333333333333
2013-09-04,22:59:03,4.266666666666667,23.33329518636068,0.13333333333333333
2013-09-04,23:04:03,4.0,22.199935913085938,0.13333333333333333
2013-09-04,23:09:03,4.733333333333333,20.533231099446613,0.13333333333333333
2013-09-04,23:14:03,4.0,23.93329620361328,0.13333333333333333
2013-09-04,23:19:03,4.466666666666667,26.19990030924479,0.2
2013-09-04,23:24:03,4.266666666666667,26.266581217447914,0.13333333333333333
2013-09-04,23:29:03,4.533333333333333,25.399920145670567,0.2
2013-09-04,23:34:03,4.133333333333333,21.7999267578125,0.2
2013-09-04,23:39:03,4.2,25.599912007649746,0.13333333333333333
2013-09-04,23:44:03,4.333333333333333,26.933263142903645,0.2
2013-09-04,23:49:03,4.133333333333333,27.733217875162758,0.2
2013-09-04,23:54:03,4.866666666666667,29.199905395507812,0.2
2013-09-04,23:59:03,4.0,25.666592915852863,0.13333333333333333
2013-09-05,00:04:03,4.733333333333333,24.133275349934898,0.26666666666666666
2013-09-05,00:09:03,4.333333333333333,23.79993438720703,0.13333333333333333
2013-09-05,00:14:04,4.666666666666667,27.866554260253906,0.13333333333333333
2013-09-05,00:19:04,4.333333333333333,27.13324228922527,0.26666666666666666
2013-09-05,00:24:04,4.333333333333333,23.33329518636068,0.13333333333333333
2013-09-05,00:29:04,4.666666666666667,23.799959818522133,0.2
2013-09-05,00:34:04,4.266666666666667,25.933252970377602,0.2
2013-09-05,00:39:04,4.733333333333333,24.599901835123696,0.13333333333333333
2013-09-05,00:44:04,4.0,27.333208719889317,0.13333333333333333
2013-09-05,00:49:04,4.8,23.666598002115883,0.2
2013-09-05,00:54:04,4.066666666666666,23.466631571451828,0.13333333333333333
2013-09-05,00:59:04,4.533333333333333,21.7999267578125,0.13333333333333333
2013-09-05,01:04:04,4.333333333333333,22.599945068359375,0.2
2013-09-05,01:09:04,4.333333333333333,23.999926249186203,0.26666666666666666
2013-09-05,01:14:04,4.6,23.933232625325516,0.26666666666666666
2013-09-05,01:19:04,4.333333333333333,22.799924214680985,0.13333333333333333
2013-09-05,01:24:04,4.666666666666667,27.733281453450527,0.3333333333333333
2013-09-05,01:29:04,4.0,26.066576639811196,0.13333333333333333
2013-09-05,01:34:04,4.933333333333334,24.466603597005204,0.13333333333333333
2013-09-05,01:39:04,4.0,29.999923706054688,0.26666666666666666
2013-09-05,01:44:04,4.533333333333333,26.666603088378903,0.13333333333333333
2013-09-05,01:49:04,4.266666666666667,25.666605631510414,0.2
2013-09-05,01:54:04,4.266666666666667,24.06660715738932,0.13333333333333333
2013-09-05,01:59:04,4.666666666666667,25.13322194417318,0.2
2013-09-05,02:04:04,4.333333333333333,25.46658833821615,0.2
2013-09-05,02:09:04,4.666666666666667,24.599927266438797,0.26666666666666666
2013-09-05,02:14:04,4.0,26.13328297932942,0.2
2013-09-05,02:19:04,5.0,25.266609191894528,0.2
2013-09-05,02:24:05,3.933333333333333,23.999964396158852,0.13333333333333333
2013-09-05,02:29:05,4.466666666666667,25.19992828369141,0.13333333333333333
2013-09-05,02:34:05,4.266666666666667,24.733289082845054,0.13333333333333333
2013-09-05,02:39:05,4.222222222222221,25.777689615885425,0.2222222222222222
2013-09-05,02:44:05,4.266666666666667,24.79994455973307,0.2
2013-09-05,02:49:05,4.066666666666666,26.39989217122396,0.13333333333333333
2013-09-05,02:54:05,4.266666666666667,25.599937438964844,0.2
2013-09-05,02:59:05,3.933333333333333,24.466616312662765,0.2
2013-09-05,03:04:05,4.733333333333333,24.66658274332682,0.2
2013-09-05,03:09:05,3.8666666666666663,24.133275349934898,0.2
2013-09-05,03:14:05,4.466666666666667,23.533287048339844,0.13333333333333333
2013-09-05,03:19:05,4.266666666666667,27.533251444498696,0.26666666666666666
2013-09-05,03:24:05,4.133333333333333,21.666590372721352,0.13333333333333333
2013-09-05,03:29:05,4.666666666666667,22.66657511393229,0.2
2013-09-05,03:34:05,4.266666666666667,25.199966430664062,0.2
2013-09-05,03:39:05,4.6,23.266576131184898,0.2
2013-09-05,03:44:05,4.0,25.466601053873706,0.26666666666666666
2013-09-05,03:49:05,4.733333333333333,23.933283487955727,0.13333333333333333
2013-09-05,03:54:05,3.933333333333333,25.666592915852863,0.26666666666666666
2013-09-05,03:59:05,4.533333333333333,26.933275858561196,0.13333333333333333
2013-09-05,04:04:05,4.2,26.266568501790367,0.13333333333333333
2013-09-05,04:09:05,4.266666666666667,22.799924214680985,0.13333333333333333
2013-09-05,04:14:05,4.666666666666667,23.199920654296875,0.2
2013-09-05,04:19:05,4.133333333333333,24.59991455078125,0.13333333333333333
2013-09-05,04:24:05,4.4,22.533276875813797,0.2
2013-09-05,04:29:05,3.8,24.666620890299477,0.2
2013-09-05,04:34:05,4.933333333333334,24.466616312662765,0.2
2013-09-05,04:39:05,3.933333333333333,23.06662241617839,0.13333333333333333
2013-09-05,04:44:05,4.466666666666667,24.59991455078125,0.13333333333333333
2013-09-05,04:49:05,4.266666666666667,24.93325551350911,0.2
2013-09-05,04:54:05,4.266666666666667,23.33324432373047,0.3333333333333333
2013-09-05,04:59:05,4.666666666666667,23.199933369954422,0.2
2013-09-05,05:04:05,4.2,22.399940490722656,0.2
2013-09-05,05:09:05,4.6,25.26658376057942,0.26666666666666666
2013-09-05,05:14:05,4.0,27.399889628092456,0.26666666666666666
2013-09-05,05:19:05,4.933333333333334,26.733233133951824,0.26666666666666666
2013-09-05,05:24:05,3.933333333333333,23.86660257975261,0.26666666666666666
2013-09-05,05:29:05,4.533333333333333,22.933286031087235,0.2
2013-09-05,05:34:05,4.133333333333333,25.599937438964844,0.13333333333333333
2013-09-05,05:39:05,4.133333333333333,21.399917602539062,0.2
2013-09-05,05:44:05,4.333333333333333,22.866579691569015,0.13333333333333333
2013-09-05,05:49:05,4.133333333333333,23.333257039388016,0.13333333333333333
2013-09-05,05:54:05,4.533333333333333,23.333257039388016,0.2
2013-09-05,05:59:05,6.0,35.199877421061196,0.13333333333333333
2013-09-05,06:04:05,5.0,38.199920654296875,0.13333333333333333
2013-09-05,06:09:05,3.733333333333333,27.733217875162758,0.2
2013-09-05,06:14:05,4.466666666666667,23.066584269205727,0.2
2013-09-05,06:19:05,4.2,23.19995880126953,0.13333333333333333
2013-09-05,06:24:05,4.266666666666667,23.599929809570312,0.2
2013-09-05,06:29:05,4.4,23.266576131184898,0.2
2013-09-05,06:34:06,4.0,27.933247884114575,0.2
2013-09-05,06:39:06,4.533333333333333,25.133234659830727,0.2
2013-09-05,06:44:06,3.8666666666666663,22.59990692138672,0.3333333333333333
2013-09-05,06:49:06,4.8,24.19994354248047,0.3333333333333333
2013-09-05,06:54:06,3.933333333333333,25.59989929199219,0.13333333333333333
2013-09-05,06:59:06,4.533333333333333,23.19990793863932,0.4
2013-09-05,07:04:06,4.266666666666667,23.86660257975261,1.1333333333333333
2013-09-05,07:09:06,4.133333333333333,23.99993896484375,0.13333333333333333
2013-09-05,07:14:06,4.333333333333333,26.399955749511715,0.13333333333333333
2013-09-05,07:19:06,4.2,24.599952697753906,0.13333333333333333
2013-09-05,07:24:06,4.333333333333333,23.599929809570312,0.13333333333333333
2013-09-05,07:29:06,3.8666666666666663,22.333234151204422,0.4
2013-09-05,07:34:06,4.666666666666667,26.599922180175785,0.13333333333333333
2013-09-05,07:39:06,4.0,25.799903869628903,0.13333333333333333
2013-09-05,07:44:06,4.466666666666667,25.866610209147133,0.13333333333333333
2013-09-05,07:49:06,4.133333333333333,22.799949645996094,0.2
2013-09-05,07:54:06,4.2,24.39990997314453,0.2
2013-09-05,07:59:06,3.933333333333333,26.73324584960938,0.13333333333333333
2013-09-05,08:04:06,4.2,28.39988708496094,0.2
2013-09-05,08:09:06,4.466666666666667,25.799942016601562,0.2
2013-09-05,08:14:06,3.8,25.599937438964844,0.13333333333333333
2013-09-05,08:19:06,4.6,27.199859619140625,0.13333333333333333
2013-09-05,08:24:06,3.933333333333333,25.599937438964844,0.2
2013-09-05,08:29:07,4.4,24.399986267089844,0.26666666666666666
2013-09-05,08:34:07,4.066666666666666,25.59986114501953,0.2
2013-09-05,08:39:07,4.133333333333333,25.066630045572925,0.26666666666666666
2013-09-05,08:44:07,4.2,24.666608174641922,0.2
2013-09-05,08:49:07,4.133333333333333,26.99993133544922,0.2
2013-09-05,08:54:07,4.333333333333333,25.19989013671875,0.2
2013-09-05,08:59:07,3.8666666666666663,27.199897766113278,0.13333333333333333
2013-09-05,09:04:07,4.733333333333333,25.06661732991537,0.13333333333333333
2013-09-05,09:09:07,3.8,27.399940490722656,0.3333333333333333
2013-09-05,09:14:07,4.466666666666667,23.99993896484375,0.26666666666666666
2013-09-05,09:19:07,4.133333333333333,22.799949645996094,0.26666666666666666
2013-09-05,09:24:07,4.2,25.19989013671875,0.2
2013-09-05,09:29:07,4.066666666666666,23.06662241617839,0.13333333333333333
2013-09-05,09:34:07,4.133333333333333,23.99993896484375,0.2
2013-09-05,09:39:07,4.533333333333333,22.399940490722656,0.6666666666666666
2013-09-05,09:44:07,3.933333333333333,23.399925231933594,0.2
2013-09-05,09:49:07,4.6,26.799888610839844,0.13333333333333333
2013-09-05,09:54:07,3.8,24.33327992757161,0.13333333333333333
2013-09-05,09:59:07,4.466666666666667,24.799880981445312,0.6666666666666666
2013-09-05,10:04:07,4.2,23.79993438720703,0.3333333333333333
2013-09-05,10:09:07,4.6,23.99993896484375,0.8666666666666667
2013-09-05,10:14:07,4.133333333333333,26.599922180175785,0.6666666666666666
2013-09-05,10:19:07,4.266666666666667,25.39993286132812,0.2
2013-09-05,10:24:07,4.266666666666667,25.599937438964844,0.2
2013-09-05,10:29:07,4.0,25.799903869628903,0.3333333333333333
2013-09-05,10:34:07,4.666666666666667,23.99993896484375,0.2
2013-09-05,10:39:07,4.0,23.599929809570312,0.3333333333333333
2013-09-05,10:44:07,4.266666666666667,25.19989013671875,0.2
2013-09-05,10:49:07,4.2,26.5332539876302,0.4
2013-09-05,10:54:07,4.266666666666667,25.99994659423828,0.2
2013-09-05,10:59:07,4.066666666666666,25.599937438964844,0.13333333333333333
2013-09-05,11:04:07,4.266666666666667,25.999908447265625,0.2
2013-09-05,11:09:07,4.533333333333333,25.799903869628903,0.2
2013-09-05,11:14:08,3.8666666666666663,23.99993896484375,0.3333333333333333
2013-09-05,11:19:08,4.733333333333333,25.466601053873706,0.2
2013-09-05,11:24:08,3.8666666666666663,27.26659138997396,0.13333333333333333
2013-09-05,11:29:08,4.4,24.59991455078125,0.4
2013-09-05,11:34:08,4.2,25.266596476236973,0.2
2013-09-05,11:39:08,4.533333333333333,25.39993286132812,0.4666666666666667
2013-09-05,11:44:08,4.133333333333333,25.19992828369141,0.13333333333333333
2013-09-05,11:49:08,4.333333333333333,26.19993845621745,0.4
2013-09-05,11:54:08,4.466666666666667,24.53328450520833,0.4
2013-09-05,11:59:08,3.933333333333333,23.399925231933594,0.13333333333333333
2013-09-05,12:04:08,4.666666666666667,21.399879455566406,0.4
2013-09-05,12:09:08,4.0,25.99989573160808,0.2
2013-09-05,12:14:08,4.466666666666667,23.8665771484375,0.2
2013-09-05,12:19:08,4.066666666666666,26.466547648111977,0.2
2013-09-05,12:24:07,4.6,25.399920145670567,0.3333333333333333
2013-09-05,12:29:07,4.133333333333333,28.533248901367188,0.13333333333333333
2013-09-05,12:34:07,4.2,25.99994659423828,0.13333333333333333
2013-09-05,12:39:07,4.533333333333333,24.66663360595703,0.2
2013-09-05,12:44:07,3.8666666666666663,24.53327178955078,0.2
2013-09-05,12:49:07,4.533333333333333,24.79991912841797,0.13333333333333333
2013-09-05,12:54:07,4.0,23.79994710286458,0.2
2013-09-05,12:59:07,4.466666666666667,24.59991455078125,0.6
2013-09-05,13:04:07,4.333333333333333,25.799916585286457,0.2
2013-09-05,13:09:07,4.4,27.53326416015625,0.13333333333333333
2013-09-05,13:14:07,4.066666666666666,25.19992828369141,0.2
2013-09-05,13:19:07,4.066666666666666,24.133275349934898,0.13333333333333333
2013-09-05,13:24:08,4.4,21.199913024902344,0.2
2013-09-05,13:29:08,3.8,24.933268229166664,0.4
2013-09-05,13:34:08,4.733333333333333,24.999923706054688,0.2
2013-09-05,13:39:08,3.6,26.86659495035808,0.13333333333333333
2013-09-05,13:44:08,4.333333333333333,26.866556803385418,0.2
2013-09-05,13:49:08,4.133333333333333,25.133285522460934,0.26666666666666666
2013-09-05,13:54:08,4.4,26.133244832356773,0.2
2013-09-05,13:59:08,4.266666666666667,26.39989217122396,0.2
2013-09-05,14:04:08,4.266666666666667,25.733222961425785,0.2
2013-09-05,14:09:08,4.466666666666667,26.53327941894531,0.4
2013-09-05,14:14:08,3.8666666666666663,24.133313496907547,0.4666666666666667
2013-09-05,14:19:08,4.733333333333333,24.266649881998696,0.2
2013-09-05,14:24:08,3.933333333333333,25.266609191894528,0.4666666666666667
2013-09-05,14:29:08,4.266666666666667,26.666577657063794,0.2
2013-09-05,14:34:08,4.0,24.33329264322917,0.4666666666666667
2013-09-05,14:39:08,4.466666666666667,28.93321990966797,0.4
2013-09-05,14:44:08,4.133333333333333,23.73326619466146,0.2
2013-09-05,14:49:08,4.066666666666666,23.666598002115883,0.26666666666666666
2013-09-05,14:54:08,4.466666666666667,21.73325856526693,0.13333333333333333
2013-09-05,14:59:08,4.0,22.866617838541664,0.2
2013-09-05,15:04:08,4.733333333333333,23.999913533528648,0.26666666666666666
2013-09-05,15:09:08,4.0,26.93325042724609,0.4666666666666667
2013-09-05,15:14:08,4.466666666666667,24.19994354248047,0.4
2013-09-05,15:19:08,4.2,26.39989217122396,0.2
2013-09-05,15:24:08,4.666666666666667,25.46658833821615,0.6
2013-09-05,15:29:09,4.133333333333333,27.199897766113278,0.13333333333333333
2013-09-05,15:34:09,4.266666666666667,23.73326619466146,0.26666666666666666
2013-09-05,15:39:09,4.6,24.333241780598954,0.4666666666666667
2013-09-05,15:44:09,4.2,25.73323567708334,0.26666666666666666
2013-09-05,15:49:09,4.4,28.066609700520832,0.3333333333333333
2013-09-05,15:54:09,4.0,26.866531372070312,0.2
2013-09-05,15:59:09,4.4,23.533287048339844,0.13333333333333333
2013-09-05,16:04:09,4.133333333333333,25.199940999348964,0.13333333333333333
2013-09-05,16:09:09,4.666666666666667,26.466585795084637,0.26666666666666666
2013-09-05,16:14:09,4.2,23.93329620361328,0.13333333333333333
2013-09-05,16:19:09,4.2,24.399948120117188,0.3333333333333333
2013-09-05,16:24:09,4.2,23.133290608723954,0.13333333333333333
2013-09-05,16:29:09,4.2,22.399940490722656,0.26666666666666666
2013-09-05,16:34:09,4.2,24.26661173502604,0.2
2013-09-05,16:39:09,4.0,28.733253479003906,0.26666666666666666
2013-09-05,16:44:09,4.466666666666667,23.866615295410156,0.13333333333333333
2013-09-05,16:49:09,3.8,24.466616312662765,0.2
2013-09-05,16:54:09,4.4,23.599917093912765,0.13333333333333333
2013-09-05,16:59:09,4.2,26.66659037272135,0.5333333333333333
2013-09-05,17:04:09,4.333333333333333,23.799896240234375,0.2
2013-09-05,17:09:09,4.333333333333333,25.466575622558597,0.26666666666666666
2013-09-05,17:14:09,4.2,23.59995524088542,0.26666666666666666
2013-09-05,17:19:09,4.4,27.399915059407554,0.2
2013-09-05,17:24:09,3.8666666666666663,25.866597493489586,0.2
2013-09-05,17:29:09,4.666666666666667,24.466578165690102,0.13333333333333333
2013-09-05,17:34:09,3.8,25.733273824055992,0.13333333333333333
2013-09-05,17:39:09,4.333333333333333,23.86660257975261,0.2
2013-09-05,17:44:09,4.0,25.599937438964844,0.13333333333333333
2013-09-05,17:49:09,4.266666666666667,23.8665771484375,0.3333333333333333
2013-09-05,17:54:09,4.2,22.53326416015625,0.13333333333333333
2013-09-05,17:59:09,4.2,22.066561381022133,0.2
2013-09-05,18:04:09,4.466666666666667,23.933232625325516,0.26666666666666666
2013-09-05,18:09:09,4.0,23.333269755045578,0.2
2013-09-05,18:14:10,4.6,22.33325958251953,0.2
2013-09-05,18:19:10,3.933333333333333,24.199956258138016,0.13333333333333333
2013-09-05,18:24:10,4.333333333333333,25.799929300944008,0.13333333333333333
2013-09-05,18:29:10,4.133333333333333,25.399945576985676,0.2
2013-09-05,18:34:10,4.133333333333333,27.666587829589844,0.26666666666666666
2013-09-05,18:39:10,4.4,24.866600036621094,0.13333333333333333
2013-09-05,18:44:10,4.2,25.79986572265625,0.13333333333333333
2013-09-05,18:49:10,4.4,26.266581217447914,0.13333333333333333
2013-09-05,18:54:10,3.8666666666666663,24.399935404459633,0.13333333333333333
2013-09-05,18:59:10,4.533333333333333,24.666608174641922,0.13333333333333333
2013-09-05,19:04:10,3.933333333333333,23.066584269205727,0.4666666666666667
2013-09-05,19:09:10,4.533333333333333,23.999913533528648,0.2
2013-09-05,19:14:10,4.2,26.666628519694008,0.13333333333333333
2013-09-05,19:19:10,4.533333333333333,25.199940999348964,0.3333333333333333
2013-09-05,19:24:10,4.066666666666666,22.399940490722656,0.2
2013-09-05,19:29:10,4.066666666666666,23.999977111816406,0.13333333333333333
2013-09-05,19:34:10,4.533333333333333,24.666620890299477,0.2
2013-09-05,19:39:10,3.8666666666666663,22.866617838541664,0.26666666666666666
2013-09-05,19:44:10,4.666666666666667,20.866572062174477,0.3333333333333333
2013-09-05,19:49:10,3.8,22.666613260904946,0.2
2013-09-05,19:54:10,4.466666666666667,24.266586303710938,0.2
2013-09-05,19:59:10,4.333333333333333,25.13327280680338,0.13333333333333333
2013-09-05,20:04:10,6.333333333333334,35.533243815104164,0.26666666666666666
2013-09-05,20:09:10,4.533333333333333,34.26654815673828,0.13333333333333333
2013-09-05,20:14:10,4.266666666666667,25.46658833821615,0.13333333333333333
2013-09-05,20:19:10,4.466666666666667,24.466603597005204,0.2
2013-09-05,20:24:10,3.933333333333333,23.46660614013672,0.13333333333333333
2013-09-05,20:29:10,4.533333333333333,23.133290608723954,0.2
2013-09-05,20:34:10,3.8,24.133237202962242,0.13333333333333333
2013-09-05,20:39:10,4.2,23.99993896484375,0.13333333333333333
2013-09-05,20:44:10,4.266666666666667,23.733304341634117,0.13333333333333333
2013-09-05,20:49:10,4.466666666666667,25.333264668782558,0.3333333333333333
2013-09-05,20:54:11,4.066666666666666,24.39997355143229,0.13333333333333333
2013-09-05,20:59:11,5.466666666666666,33.266563415527344,0.26666666666666666
2013-09-05,21:04:11,4.533333333333333,29.999936421712242,0.2
2013-09-05,21:09:11,3.8666666666666663,25.66658020019531,0.13333333333333333
2013-09-05,21:14:11,4.733333333333333,23.73326619466146,0.2
2013-09-05,21:19:11,3.933333333333333,22.933286031087235,0.13333333333333333
2013-09-05,21:24:11,4.466666666666667,24.399948120117188,0.2
2013-09-05,21:29:10,4.333333333333333,26.466573079427086,0.2
2013-09-05,21:34:10,4.133333333333333,24.466616312662765,0.26666666666666666
2013-09-05,21:39:10,4.466666666666667,24.266599019368492,0.2
2013-09-05,21:44:10,4.0,25.466575622558597,0.2
2013-09-05,21:49:10,4.266666666666667,26.333274841308597,0.2
2013-09-05,21:54:10,3.8666666666666663,25.133209228515625,0.13333333333333333
2013-09-05,21:59:10,4.6,24.466578165690102,0.13333333333333333
2013-09-05,22:04:10,4.0,26.466585795084637,0.26666666666666666
2013-09-05,22:09:10,4.266666666666667,25.466550191243492,0.13333333333333333
2013-09-05,22:14:10,4.0,23.533287048339844,0.13333333333333333
2013-09-05,22:19:11,4.0,24.466590881347656,0.13333333333333333
2013-09-05,22:24:11,4.4,24.99991099039714,0.13333333333333333
2013-09-05,22:29:11,4.266666666666667,24.199956258138016,0.2
2013-09-05,22:34:11,4.333333333333333,23.866640726725258,0.13333333333333333
2013-09-05,22:39:11,3.733333333333333,25.133260091145825,0.2
2013-09-05,22:44:11,4.6,25.93324025472005,0.2
2013-09-05,22:49:11,4.0,23.99993896484375,0.2
2013-09-05,22:54:11,4.4,23.73326619466146,0.13333333333333333
2013-09-05,22:59:11,4.133333333333333,25.19992828369141,0.13333333333333333
2013-09-05,23:04:11,4.466666666666667,25.5999247233073,0.2
2013-09-05,23:09:11,4.4,25.39989471435547,0.13333333333333333
2013-09-05,23:14:11,4.266666666666667,26.46656036376953,0.2
2013-09-05,23:19:11,4.6,24.799906412760414,0.2
2013-09-05,23:24:11,3.933333333333333,24.133237202962242,0.2
2013-09-05,23:29:11,4.8,24.533259073893227,0.2
2013-09-05,23:34:11,3.933333333333333,23.866589864095054,0.13333333333333333
2013-09-05,23:39:11,4.533333333333333,23.8665771484375,0.13333333333333333
2013-09-05,23:44:11,4.333333333333333,27.266604105631508,0.2
2013-09-05,23:49:11,4.6,26.066602071126304,0.13333333333333333
2013-09-05,23:54:11,4.4,22.533251444498696,0.13333333333333333
2013-09-05,23:59:11,4.266666666666667,24.53324635823568,0.2
2013-09-06,00:04:11,4.733333333333333,25.466562906901043,0.2
2013-09-06,00:09:11,3.933333333333333,23.19995880126953,0.13333333333333333
2013-09-06,00:14:11,5.0,22.999916076660156,0.2
2013-09-06,00:19:11,4.0,24.53327178955078,0.26666666666666666
2013-09-06,00:24:11,4.666666666666667,23.999951680501304,0.13333333333333333
2013-09-06,00:29:11,4.266666666666667,24.533233642578125,0.2
2013-09-06,00:34:11,4.666666666666667,25.733273824055992,0.26666666666666666
2013-09-06,00:39:12,4.333333333333333,26.733258565266933,0.13333333333333333
2013-09-06,00:44:12,4.333333333333333,24.999936421712242,0.13333333333333333
2013-09-06,00:49:12,4.666666666666667,23.933270772298172,0.26666666666666666
2013-09-06,00:54:12,4.0,26.73324584960938,0.2
2013-09-06,00:59:12,4.866666666666667,24.466629028320312,0.13333333333333333
2013-09-06,01:04:12,4.0,22.133255004882812,0.26666666666666666
2013-09-06,01:09:12,4.6,25.333226521809898,0.26666666666666666
2013-09-06,01:14:12,4.333333333333333,24.133249918619796,0.2
2013-09-06,01:19:12,4.666666666666667,24.333267211914062,0.2
2013-09-06,01:24:12,4.266666666666667,29.33324178059895,0.13333333333333333
2013-09-06,01:29:12,4.333333333333333,26.199913024902344,0.13333333333333333
2013-09-06,01:34:12,4.666666666666667,25.86658477783203,0.2
2013-09-06,01:39:12,4.133333333333333,24.466616312662765,0.2
2013-09-06,01:44:12,4.733333333333333,24.133262634277344,0.13333333333333333
2013-09-06,01:49:12,4.0,26.13325754801432,0.13333333333333333
2013-09-06,01:54:12,4.6,26.19993845621745,0.13333333333333333
2013-09-06,01:59:12,4.266666666666667,26.26659393310547,0.2
2013-09-06,02:04:12,4.666666666666667,23.86660257975261,0.2
2013-09-06,02:09:12,4.133333333333333,24.066569010416664,0.2
2013-09-06,02:14:12,4.333333333333333,25.533256530761715,0.2
2013-09-06,02:19:12,4.666666666666667,27.799911499023438,0.13333333333333333
2013-09-06,02:24:12,4.2,25.99994659423828,0.13333333333333333
2013-09-06,02:29:12,4.533333333333333,26.599922180175785,0.13333333333333333
2013-09-06,02:34:12,3.933333333333333,22.799949645996094,0.26666666666666666
2013-09-06,02:39:12,4.6,20.86655934651693,0.13333333333333333
2013-09-06,02:44:13,4.0,28.399925231933594,0.2
2013-09-06,02:49:13,4.666666666666667,25.799942016601562,0.26666666666666666
2013-09-06,02:54:13,4.066666666666666,22.799949645996094,0.13333333333333333
2013-09-06,02:59:13,4.133333333333333,23.666598002115883,0.2
2013-09-06,03:04:13,4.533333333333333,27.999903361002605,0.2
2013-09-06,03:09:13,4.266666666666667,22.799949645996094,0.13333333333333333
2013-09-06,03:14:13,4.4,24.79991912841797,0.2
2013-09-06,03:19:13,4.0,24.199905395507812,0.13333333333333333
2013-09-06,03:24:13,4.866666666666667,25.93324025472005,0.13333333333333333
2013-09-06,03:29:13,3.933333333333333,25.999959309895825,0.13333333333333333
2013-09-06,03:34:13,4.666666666666667,25.799942016601562,0.26666666666666666
2013-09-06,03:39:13,4.266666666666667,27.99991607666016,0.2
2013-09-06,03:44:13,4.333333333333333,26.599922180175785,0.2
2013-09-06,03:49:13,4.533333333333333,24.79991912841797,0.13333333333333333
2013-09-06,03:54:13,4.266666666666667,22.799949645996094,0.2
2013-09-06,03:59:13,4.2,24.79991912841797,0.2
2013-09-06,04:04:13,4.0,28.599891662597653,0.2
2013-09-06,04:09:13,4.933333333333334,23.99993896484375,0.13333333333333333
2013-09-06,04:14:13,3.733333333333333,22.799949645996094,0.13333333333333333
2013-09-06,04:19:13,4.4,24.999923706054688,0.26666666666666666
2013-09-06,04:24:13,4.133333333333333,25.19989013671875,0.13333333333333333
2013-09-06,04:29:13,4.266666666666667,21.999893188476562,0.2
2013-09-06,04:34:13,4.333333333333333,24.53324635823568,0.2
2013-09-06,04:39:13,4.266666666666667,24.59991455078125,0.2
2013-09-06,04:44:13,4.333333333333333,23.799972534179688,0.13333333333333333
2013-09-06,04:49:13,4.0,26.599922180175785,0.2
2013-09-06,04:54:13,4.866666666666667,26.99993133544922,0.13333333333333333
2013-09-06,04:59:13,3.933333333333333,23.66658528645833,0.13333333333333333
2013-09-06,05:04:14,4.533333333333333,26.399917602539062,0.13333333333333333
2013-09-06,05:09:14,4.333333333333333,25.19992828369141,0.2
2013-09-06,05:14:14,4.066666666666666,25.39993286132812,0.13333333333333333
2013-09-06,05:19:14,4.333333333333333,22.399940490722656,0.26666666666666666
2013-09-06,05:24:14,3.8,25.466537475585938,0.26666666666666666
2013-09-06,05:29:14,4.733333333333333,27.99991607666016,0.13333333333333333
2013-09-06,05:34:14,4.0,23.79993438720703,0.2
2013-09-06,05:39:14,4.6,23.599929809570312,0.13333333333333333
2013-09-06,05:44:14,3.8,25.39989471435547,0.13333333333333333
2013-09-06,05:49:14,4.4,22.799911499023438,0.13333333333333333
2013-09-06,05:54:14,4.133333333333333,24.999923706054688,0.26666666666666666
2013-09-06,05:59:14,4.2,23.86660257975261,0.06666666666666668
2013-09-06,06:04:14,4.466666666666667,25.799942016601562,0.06666666666666668
2013-09-06,06:09:14,3.8,24.66658274332682,0.13333333333333333
2013-09-06,06:14:14,4.666666666666667,23.599891662597656,0.13333333333333333
2013-09-06,06:19:14,3.8,26.599922180175785,0.06666666666666668
2013-09-06,06:24:14,4.8,25.19992828369141,0.2
2013-09-06,06:29:14,3.933333333333333,22.59990692138672,0.2
2013-09-06,06:34:14,4.6,25.19992828369141,0.13333333333333333
2013-09-06,06:39:14,4.2,23.666598002115883,0.06666666666666668
2013-09-06,06:44:14,4.2,28.19988250732422,0.3333333333333333
2013-09-06,06:49:14,4.4,25.39993286132812,0.13333333333333333
2013-09-06,06:54:14,4.133333333333333,23.799972534179688,0.2
2013-09-06,06:59:14,4.533333333333333,23.19988250732422,0.13333333333333333
2013-09-06,07:04:14,4.066666666666666,23.79993438720703,1.1333333333333333
2013-09-06,07:09:14,4.8,23.399925231933594,0.13333333333333333
2013-09-06,07:14:14,3.8666666666666663,22.59990692138672,0.06666666666666668
2013-09-06,07:19:14,4.533333333333333,22.39990234375,0.06666666666666668
2013-09-06,07:24:14,4.066666666666666,24.19994354248047,0.13333333333333333
2013-09-06,07:29:14,4.0,25.39989471435547,0.13333333333333333
2013-09-06,07:34:14,4.4,25.799903869628903,0.2
2013-09-06,07:39:14,4.133333333333333,25.66661834716797,0.2
2013-09-06,07:44:14,4.4,25.39993286132812,0.06666666666666668
2013-09-06,07:49:14,3.8,24.79991912841797,0.06666666666666668
2013-09-06,07:54:14,4.6,22.799949645996094,0.13333333333333333
2013-09-06,07:59:14,3.733333333333333,23.266550699869796,0.26666666666666666
2013-09-06,08:04:14,4.4,24.933293660481766,0.06666666666666668
2013-09-06,08:09:14,4.333333333333333,23.733304341634117,0.3333333333333333
2013-09-06,08:14:14,4.133333333333333,24.19994354248047,0.13333333333333333
2013-09-06,08:19:14,4.4,24.999961853027344,0.06666666666666668
2013-09-06,08:24:14,4.2,25.933265686035156,0.06666666666666668
2013-09-06,08:29:14,4.2,23.999913533528648,0.06666666666666668
2013-09-06,08:34:14,3.8666666666666663,24.399935404459633,0.4
2013-09-06,08:39:14,4.8,22.866617838541664,0.13333333333333333
2013-09-06,08:44:14,3.8666666666666663,23.799896240234375,0.2
2013-09-06,08:49:14,4.4,23.133214314778648,0.06666666666666668
2013-09-06,08:54:15,4.066666666666666,27.59990692138672,0.13333333333333333
2013-09-06,08:59:15,4.2,27.266565958658862,0.13333333333333333
2013-09-06,09:04:15,4.333333333333333,24.666620890299477,0.4
2013-09-06,09:09:15,4.266666666666667,25.399856567382812,0.2
2013-09-06,09:14:15,4.4,22.99990336100261,0.4
2013-09-06,09:19:15,4.0,25.799903869628903,0.13333333333333333
2013-09-06,09:24:15,4.666666666666667,22.866605122884117,0.13333333333333333
2013-09-06,09:29:15,3.933333333333333,22.399940490722656,0.06666666666666668
2013-09-06,09:34:15,4.4,22.999916076660156,0.6
2013-09-06,09:39:15,4.2,26.866569519042972,0.2
2013-09-06,09:44:15,4.4,23.533287048339844,0.13333333333333333
2013-09-06,09:49:15,4.266666666666667,24.266624450683594,0.13333333333333333
2013-09-06,09:54:15,4.133333333333333,26.466547648111977,0.3333333333333333
2013-09-06,09:59:15,4.466666666666667,24.733238220214844,0.2
2013-09-06,10:04:15,3.933333333333333,25.333264668782558,0.2
2013-09-06,10:09:15,4.866666666666667,23.266626993815102,0.6
2013-09-06,10:14:15,3.933333333333333,22.399940490722656,0.06666666666666668
2013-09-06,10:19:15,4.533333333333333,22.799911499023438,0.26666666666666666
2013-09-06,10:24:15,4.2,27.46660868326823,0.06666666666666668
2013-09-06,10:29:15,4.466666666666667,21.86659495035807,0.13333333333333333
2013-09-06,10:34:15,4.133333333333333,27.533226013183594,0.4666666666666667
2013-09-06,10:39:15,4.266666666666667,27.799898783365883,0.2
2013-09-06,10:44:15,4.333333333333333,24.266599019368492,0.06666666666666668
2013-09-06,10:49:15,4.0,24.933242797851562,0.2
2013-09-06,10:54:15,4.8,26.933301289876304,0.26666666666666666
2013-09-06,10:59:15,4.0,24.399935404459633,0.13333333333333333
2013-09-06,11:04:15,6.4,35.866597493489586,0.26666666666666666
2013-09-06,11:09:15,4.333333333333333,36.06658935546875,0.2
2013-09-06,11:14:15,4.6,25.599937438964844,0.13333333333333333
2013-09-06,11:19:15,4.533333333333333,23.79993438720703,0.13333333333333333
2013-09-06,11:24:15,4.266666666666667,27.06653594970703,0.26666666666666666
2013-09-06,11:29:15,4.4,26.933263142903645,0.06666666666666668
2013-09-06,11:34:16,4.0,25.399920145670567,0.13333333333333333
2013-09-06,11:39:16,5.0,24.93325551350911,0.4666666666666667
2013-09-06,11:44:16,4.0,24.59996541341146,0.3333333333333333
2013-09-06,11:49:16,4.466666666666667,24.79991912841797,0.2
2013-09-06,11:54:16,4.266666666666667,22.66660054524739,0.2
2013-09-06,11:59:16,4.2,23.333282470703125,0.06666666666666668
2013-09-06,12:04:16,4.466666666666667,28.79993438720703,0.26666666666666666
2013-09-06,12:09:16,4.266666666666667,27.06658681233724,0.2
2013-09-06,12:14:16,4.4,24.26661173502604,0.5333333333333333
2013-09-06,12:19:16,4.0,22.799911499023438,0.6
2013-09-06,12:24:16,4.8,20.39989471435547,0.13333333333333333
2013-09-06,12:29:16,4.0,24.133275349934898,0.13333333333333333
2013-09-06,12:34:16,4.466666666666667,28.533236185709644,0.2
2013-09-06,12:39:16,4.2,26.19990030924479,0.2
2013-09-06,12:44:16,4.533333333333333,24.399986267089844,0.2
2013-09-06,12:49:16,4.333333333333333,26.19993845621745,0.06666666666666668
2013-09-06,12:54:16,4.2,25.733273824055992,0.3333333333333333
2013-09-06,12:59:16,4.533333333333333,23.333269755045578,0.2
2013-09-06,13:04:16,4.0,25.999908447265625,0.26666666666666666
2013-09-06,13:09:16,4.933333333333334,24.666570027669273,0.06666666666666668
2013-09-06,13:14:16,3.8666666666666663,23.933270772298172,0.2
2013-09-06,13:19:16,4.533333333333333,23.73326619466146,0.06666666666666668
2013-09-06,13:24:16,4.2,21.666590372721352,0.13333333333333333
2013-09-06,13:29:16,4.466666666666667,22.866617838541664,0.06666666666666668
2013-09-06,13:34:17,4.2,27.06656138102213,0.26666666666666666
2013-09-06,13:39:17,4.2,25.666605631510414,0.13333333333333333
2013-09-06,13:44:17,4.6,22.066599527994796,0.3333333333333333
2013-09-06,13:49:17,3.933333333333333,24.399922688802086,0.2
2013-09-06,13:54:17,4.666666666666667,23.266588846842446,0.13333333333333333
2013-09-06,13:59:17,3.8666666666666663,23.399887084960938,0.06666666666666668
2013-09-06,14:04:17,4.666666666666667,23.933258056640625,0.5333333333333333
2013-09-06,14:09:17,4.333333333333333,22.066599527994796,0.2
2013-09-06,14:14:17,4.6,25.666631062825523,0.26666666666666666
2013-09-06,14:19:17,4.133333333333333,25.799967447916668,0.4666666666666667
2013-09-06,14:24:17,4.333333333333333,24.19994354248047,0.06666666666666668
2013-09-06,14:29:17,4.666666666666667,23.79993438720703,0.26666666666666666
2013-09-06,14:34:17,4.333333333333333,24.06660715738932,0.13333333333333333
2013-09-06,14:39:17,5.0,25.466601053873706,0.13333333333333333
2013-09-06,14:44:17,3.933333333333333,21.399917602539062,0.13333333333333333
2013-09-06,14:49:17,4.714285714285714,24.499906812395373,0.07142857142857142
2013-09-06,14:54:17,4.266666666666667,24.866600036621094,0.13333333333333333
2013-09-06,14:59:17,4.666666666666667,23.133252461751304,0.13333333333333333
2013-09-06,15:04:17,4.2,24.999923706054688,0.06666666666666668
2013-09-06,15:09:17,4.333333333333333,23.066558837890625,0.13333333333333333
2013-09-06,15:14:17,4.533333333333333,25.866610209147133,0.2
2013-09-06,15:19:17,4.071428571428572,29.785646711077007,0.42857142857142855
2013-09-06,15:24:17,4.933333333333334,28.53322347005209,0.06666666666666668
2013-09-06,15:29:17,3.933333333333333,26.733233133951824,0.13333333333333333
2013-09-06,15:34:17,4.933333333333334,24.199930826822914,0.13333333333333333
2013-09-06,15:39:17,4.333333333333333,26.733258565266933,0.26666666666666666
2013-09-06,15:44:17,4.666666666666667,24.26657358805339,0.5333333333333333
2013-09-06,15:49:17,4.071428571428572,23.642771584647043,0.21428571428571427
2013-09-06,15:54:17,4.428571428571427,22.642803192138672,0.21428571428571427
2013-09-06,15:59:17,4.266666666666667,25.933265686035156,0.3333333333333333
2013-09-06,16:04:17,4.0,25.533256530761715,0.26666666666666666
2013-09-06,16:09:17,4.533333333333333,27.266604105631508,0.3333333333333333
2013-09-06,16:14:17,4.133333333333333,25.86663564046223,0.13333333333333333
2013-09-06,16:19:17,4.571428571428573,24.999986376081196,0.21428571428571427
2013-09-06,16:24:17,3.933333333333333,26.73328399658203,0.06666666666666668
2013-09-06,16:29:17,4.785714285714286,28.214182172502788,0.21428571428571427
2013-09-06,16:34:17,3.933333333333333,24.399948120117188,0.06666666666666668
2013-09-06,16:39:17,4.6,26.06658935546875,0.06666666666666668
2013-09-06,16:44:17,4.2,25.19992828369141,0.13333333333333333
2013-09-06,16:49:18,4.333333333333333,25.733222961425785,0.13333333333333333
2013-09-06,16:54:18,4.466666666666667,24.733289082845054,0.06666666666666668
2013-09-06,16:59:18,4.266666666666667,24.266599019368492,0.13333333333333333
2013-09-06,17:04:18,4.6,24.599927266438797,0.2
2013-09-06,17:09:18,4.0,24.066632588704422,0.13333333333333333
2013-09-06,17:14:18,4.8,26.466585795084637,0.26666666666666666
2013-09-06,17:19:18,3.933333333333333,23.333231608072914,0.13333333333333333
2013-09-06,17:24:18,4.6,22.399927775065102,0.13333333333333333
2013-09-06,17:29:18,4.266666666666667,25.26655832926432,0.26666666666666666
2013-09-06,17:34:18,4.333333333333333,24.933230082194008,0.26666666666666666
2013-09-06,17:39:18,4.466666666666667,25.93327840169271,0.06666666666666668
2013-09-06,17:44:18,4.333333333333333,24.93328094482422,0.3333333333333333
2013-09-06,17:49:18,4.6,26.13325754801432,0.26666666666666666
2013-09-06,17:54:18,3.933333333333333,23.799921671549477,0.13333333333333333
2013-09-06,17:59:18,4.933333333333334,26.333249409993492,0.13333333333333333
2013-09-06,18:04:18,4.0,25.199902852376304,0.26666666666666666
2013-09-06,18:09:18,4.466666666666667,24.933268229166664,0.13333333333333333
2013-09-06,18:14:18,4.066666666666666,25.866559346516933,0.06666666666666668
2013-09-06,18:19:18,4.266666666666667,24.99991099039714,0.06666666666666668
2013-09-06,18:24:18,4.666666666666667,24.466616312662765,0.2
2013-09-06,18:29:18,4.2,23.33321889241536,0.13333333333333333
2013-09-06,18:34:18,4.466666666666667,22.999954223632812,0.2
2013-09-06,18:39:18,3.8666666666666663,24.66658274332682,0.06666666666666668
2013-09-06,18:44:18,4.8,26.266530354817714,0.13333333333333333
2013-09-06,18:49:18,3.933333333333333,24.999923706054688,0.06666666666666668
2013-09-06,18:54:18,4.6,24.199930826822914,0.26666666666666666
2013-09-06,18:59:18,4.333333333333333,22.999954223632812,0.06666666666666668
2013-09-06,19:04:19,4.4,26.199925740559898,0.13333333333333333
2013-09-06,19:09:19,4.4,26.133270263671875,0.2
2013-09-06,19:14:19,4.2,25.399945576985676,0.2
2013-09-06,19:19:19,4.6,26.59990946451823,0.26666666666666666
2013-09-06,19:24:19,3.8666666666666663,26.93325042724609,0.13333333333333333
2013-09-06,19:29:19,4.733333333333333,23.99993896484375,0.2
2013-09-06,19:34:19,4.0,25.666567484537754,0.3333333333333333
2013-09-06,19:39:19,4.6,25.733299255371094,0.13333333333333333
2013-09-06,19:44:19,4.266666666666667,22.666587829589844,0.13333333333333333
2013-09-06,19:49:19,4.4,23.999926249186203,0.06666666666666668
2013-09-06,19:54:19,4.133333333333333,23.266550699869796,0.2
2013-09-06,19:59:19,4.266666666666667,24.133275349934898,0.06666666666666668
2013-09-06,20:04:19,4.666666666666667,22.666613260904946,0.3333333333333333
2013-09-06,20:09:19,3.733333333333333,26.79993947347005,0.06666666666666668
2013-09-06,20:14:19,4.733333333333333,25.799967447916668,0.13333333333333333
2013-09-06,20:19:19,3.733333333333333,22.666613260904946,0.06666666666666668
2013-09-06,20:24:19,4.4,23.399925231933594,0.06666666666666668
2013-09-06,20:29:19,4.066666666666666,25.799942016601562,0.06666666666666668
2013-09-06,20:34:19,4.6,23.73326619466146,0.2
2013-09-06,20:39:19,4.066666666666666,25.66661834716797,0.06666666666666668
2013-09-06,20:44:19,4.133333333333333,25.799929300944008,0.06666666666666668
2013-09-06,20:49:19,4.333333333333333,24.199892679850258,0.13333333333333333
2013-09-06,20:54:19,3.933333333333333,23.2666015625,0.26666666666666666
2013-09-06,20:59:19,6.066666666666666,29.53327178955078,0.13333333333333333
2013-09-06,21:04:19,3.933333333333333,30.466575622558594,0.13333333333333333
2013-09-06,21:09:19,4.6,26.333249409993492,0.06666666666666668
2013-09-06,21:14:19,4.066666666666666,26.666577657063794,0.13333333333333333
2013-09-06,21:19:19,4.666666666666667,23.999951680501304,0.06666666666666668
2013-09-06,21:24:19,4.066666666666666,25.733261108398438,0.13333333333333333
2013-09-06,21:29:19,4.266666666666667,24.466565450032547,0.06666666666666668
2013-09-06,21:34:19,4.4,24.266586303710938,0.06666666666666668
2013-09-06,21:39:19,3.733333333333333,24.79991912841797,0.06666666666666668
2013-09-06,21:44:19,4.933333333333334,24.866600036621094,0.06666666666666668
2013-09-06,21:49:20,3.8666666666666663,23.73326619466146,0.13333333333333333
2013-09-06,21:54:20,4.533333333333333,24.133262634277344,0.2
2013-09-06,21:59:20,4.2,24.999923706054688,0.13333333333333333
2013-09-06,22:04:20,4.6,23.599929809570312,0.2
2013-09-06,22:09:20,4.133333333333333,24.599952697753906,0.06666666666666668
2013-09-06,22:14:20,4.266666666666667,25.733248392740894,0.06666666666666668
2013-09-06,22:19:20,4.6,23.86660257975261,0.2
2013-09-06,22:24:20,3.8666666666666663,24.466603597005204,0.06666666666666668
2013-09-06,22:29:20,4.866666666666667,27.399940490722656,0.13333333333333333
2013-09-06,22:34:20,3.933333333333333,25.39993286132812,0.13333333333333333
2013-09-06,22:39:20,4.666666666666667,25.73323567708334,0.06666666666666668
2013-09-06,22:44:20,4.066666666666666,26.19988759358724,0.06666666666666668
2013-09-06,22:49:20,4.666666666666667,23.133290608723954,0.26666666666666666
2013-09-06,22:54:20,4.133333333333333,23.06662241617839,0.06666666666666668
2013-09-06,22:59:20,4.333333333333333,28.19992065429687,0.06666666666666668
2013-09-06,23:04:20,4.666666666666667,25.39993286132812,0.06666666666666668
2013-09-06,23:09:20,3.933333333333333,22.53326416015625,0.06666666666666668
2013-09-06,23:14:20,5.0,24.799893697102867,0.13333333333333333
2013-09-06,23:19:20,4.0,23.46659342447917,0.06666666666666668
2013-09-06,23:24:20,4.666666666666667,23.533248901367188,0.13333333333333333
2013-09-06,23:29:20,4.333333333333333,24.733289082845054,0.06666666666666668
2013-09-06,23:34:20,4.666666666666667,23.799908955891922,0.06666666666666668
2013-09-06,23:39:20,4.133333333333333,22.799911499023438,0.2
2013-09-06,23:44:20,4.266666666666667,23.79993438720703,0.26666666666666666
2013-09-06,23:49:20,4.533333333333333,26.199874877929684,0.06666666666666668
2013-09-06,23:54:20,3.933333333333333,27.733230590820312,0.13333333333333333
2013-09-06,23:59:20,5.0,24.666595458984375,0.13333333333333333
2013-09-07,00:04:20,4.133333333333333,26.13323211669922,0.13333333333333333
2013-09-07,00:09:20,4.6,24.59991455078125,0.06666666666666668
2013-09-07,00:14:20,4.333333333333333,27.06659952799479,0.3333333333333333
2013-09-07,00:19:20,4.666666666666667,26.79987589518229,0.06666666666666668
2013-09-07,00:24:20,4.266666666666667,28.333218892415356,0.06666666666666668
2013-09-07,00:29:20,4.333333333333333,24.59991455078125,0.06666666666666668
2013-09-07,00:34:20,4.666666666666667,25.59989929199219,0.06666666666666668
2013-09-07,00:39:20,3.933333333333333,25.466575622558597,0.13333333333333333
2013-09-07,00:44:20,5.0,24.466616312662765,0.06666666666666668
2013-09-07,00:49:20,4.0,23.799972534179688,0.06666666666666668
2013-09-07,00:54:20,4.6,22.733281453450523,0.06666666666666668
2013-09-07,00:59:20,4.333333333333333,20.733235677083336,0.06666666666666668
2013-09-07,01:04:20,4.666666666666667,24.79994455973307,0.2
2013-09-07,01:09:20,4.333333333333333,28.399925231933594,0.13333333333333333
2013-09-07,01:14:20,4.266666666666667,27.666613260904942,0.2
2013-09-07,01:19:20,4.666666666666667,24.06658172607422,0.06666666666666668
2013-09-07,01:24:20,3.933333333333333,25.066630045572925,0.2
2013-09-07,01:29:20,5.0,24.133262634277344,0.2
2013-09-07,01:34:20,4.0,29.266573588053387,0.13333333333333333
2013-09-07,01:39:20,4.6,24.133249918619796,0.06666666666666668
2013-09-07,01:44:20,4.333333333333333,22.066586812337235,0.06666666666666668
2013-09-07,01:49:21,4.666666666666667,24.19991811116536,0.06666666666666668
2013-09-07,01:54:21,4.266666666666667,22.13326772054036,0.26666666666666666
2013-09-07,01:59:21,4.333333333333333,24.7332763671875,0.13333333333333333
2013-09-07,02:04:21,4.666666666666667,27.13324228922527,0.06666666666666668
2013-09-07,02:09:21,3.933333333333333,26.933314005533855,0.06666666666666668
2013-09-07,02:14:21,5.0,25.866572062174487,0.2
2013-09-07,02:19:21,3.8,23.933270772298172,0.06666666666666668
2013-09-07,02:24:21,4.666666666666667,23.799972534179688,0.13333333333333333
2013-09-07,02:29:21,4.333333333333333,22.266604105631508,0.13333333333333333
2013-09-07,02:34:21,4.666666666666667,24.466578165690102,0.06666666666666668
2013-09-07,02:39:21,6.333333333333334,42.33323415120443,0.13333333333333333
2013-09-07,02:44:21,4.333333333333333,33.666585286458336,0.06666666666666668
2013-09-07,02:49:21,4.666666666666667,24.199956258138016,0.13333333333333333
2013-09-07,02:54:21,4.0,23.199920654296875,0.2
2013-09-07,02:59:21,5.0,24.866600036621094,0.06666666666666668
2013-09-07,03:04:21,4.0,23.599929809570312,0.13333333333333333
2013-09-07,03:09:21,4.666666666666667,25.199915568033855,0.13333333333333333
2013-09-07,03:14:21,4.333333333333333,26.666615804036457,0.13333333333333333
2013-09-07,03:19:21,4.6,26.59993489583334,0.06666666666666668
2013-09-07,03:24:21,4.4,23.73326619466146,0.06666666666666668
2013-09-07,03:29:21,4.333333333333333,24.666620890299477,0.06666666666666668
2013-09-07,03:34:21,4.6,22.266604105631508,0.2
2013-09-07,03:39:21,4.0,25.533256530761715,0.06666666666666668
2013-09-07,03:44:21,5.0,24.39990997314453,0.06666666666666668
2013-09-07,03:49:21,3.8,24.999923706054688,0.06666666666666668
2013-09-07,03:54:21,4.666666666666667,24.066632588704422,0.2
2013-09-07,03:59:21,4.333333333333333,25.19989013671875,0.06666666666666668
2013-09-07,04:04:21,4.266666666666667,24.399948120117188,0.13333333333333333
2013-09-07,04:09:21,4.666666666666667,23.399925231933594,0.13333333333333333
2013-09-07,04:14:21,4.333333333333333,25.19989013671875,0.06666666666666668
2013-09-07,04:19:21,4.666666666666667,23.33324432373047,0.06666666666666668
2013-09-07,04:24:21,3.8,24.266586303710938,0.13333333333333333
2013-09-07,04:29:21,5.0,25.666592915852863,0.06666666666666668
2013-09-07,04:34:21,3.933333333333333,23.599929809570312,0.06666666666666668
2013-09-07,04:39:21,4.666666666666667,28.199907938639317,0.2
2013-09-07,04:44:21,4.333333333333333,27.39990234375,0.2
2013-09-07,04:49:21,4.333333333333333,24.26661173502604,0.06666666666666668
2013-09-07,04:54:21,4.666666666666667,23.399925231933594,0.06666666666666668
2013-09-07,04:59:21,4.333333333333333,24.199905395507812,0.13333333333333333
2013-09-07,05:04:21,4.6,24.599952697753906,0.2
2013-09-07,05:09:21,4.0,22.39990234375,0.2
2013-09-07,05:14:21,5.0,24.79991912841797,0.06666666666666668
2013-09-07,05:19:22,3.933333333333333,29.199905395507812,0.13333333333333333
2013-09-07,05:24:22,4.666666666666667,26.199913024902344,0.2
2013-09-07,05:29:22,4.266666666666667,24.79994455973307,0.06666666666666668
2013-09-07,05:34:22,4.333333333333333,28.799896240234375,0.13333333333333333
2013-09-07,05:39:22,4.666666666666667,25.599937438964844,0.06666666666666668
2013-09-07,05:44:22,4.133333333333333,24.799957275390625,0.13333333333333333
2013-09-07,05:49:22,4.6,22.799911499023438,0.06666666666666668
2013-09-07,05:54:22,4.0,27.39990234375,0.06666666666666668
2013-09-07,05:59:22,5.0,25.46661376953125,0.13333333333333333
2013-09-07,06:04:22,3.933333333333333,27.266565958658862,0.2
2013-09-07,06:09:22,4.666666666666667,26.199951171875004,0.2
2013-09-07,06:14:22,4.333333333333333,24.599952697753906,0.13333333333333333
2013-09-07,06:19:22,4.333333333333333,25.799903869628903,0.13333333333333333
2013-09-07,06:24:22,4.666666666666667,24.799957275390625,0.06666666666666668
2013-09-07,06:29:22,4.333333333333333,23.999900817871094,0.06666666666666668
2013-09-07,06:34:22,4.6,25.59989929199219,0.06666666666666668
2013-09-07,06:39:22,4.0,23.99993896484375,0.26666666666666666
2013-09-07,06:44:22,5.0,23.466631571451828,0.2
2013-09-07,06:49:22,3.933333333333333,23.99993896484375,0.2
2013-09-07,06:54:22,4.666666666666667,21.99993133544922,0.06666666666666668
2013-09-07,06:59:22,4.333333333333333,23.199920654296875,0.06666666666666668
2013-09-07,07:04:22,4.533333333333333,23.399887084960938,1.0
2013-09-07,07:09:22,4.666666666666667,24.79991912841797,0.06666666666666668
2013-09-07,07:14:22,4.333333333333333,23.86662801106771,0.26666666666666666
2013-09-07,07:19:22,4.533333333333333,26.73320770263672,0.06666666666666668
2013-09-07,07:24:22,4.0,25.199966430664062,0.06666666666666668
2013-09-07,07:29:22,5.0,26.399917602539062,0.06666666666666668
2013-09-07,07:34:22,3.8,24.19994354248047,0.06666666666666668
2013-09-07,07:39:22,4.6,24.79991912841797,0.13333333333333333
2013-09-07,07:44:22,4.133333333333333,24.19994354248047,0.13333333333333333
2013-09-07,07:49:22,4.133333333333333,23.666598002115883,0.13333333333333333
2013-09-07,07:54:22,4.6,25.666643778483074,0.2
2013-09-07,07:59:23,3.8666666666666663,25.5999247233073,0.06666666666666668
2013-09-07,08:04:23,4.533333333333333,22.19989776611328,0.06666666666666668
2013-09-07,08:09:23,3.933333333333333,25.333290100097656,0.06666666666666668
2013-09-07,08:14:23,4.666666666666667,24.06660715738932,0.06666666666666668
2013-09-07,08:19:23,3.8666666666666663,24.066594441731766,0.26666666666666666
2013-09-07,08:24:23,4.533333333333333,24.999923706054688,0.06666666666666668
2013-09-07,08:29:23,4.133333333333333,23.199920654296875,0.13333333333333333
2013-09-07,08:34:23,4.133333333333333,25.19992828369141,0.13333333333333333
2013-09-07,08:39:23,4.533333333333333,23.333269755045578,0.06666666666666668
2013-09-07,08:44:23,4.133333333333333,25.399881998697914,0.13333333333333333
2013-09-07,08:49:23,4.6,24.33327992757161,0.06666666666666668
2013-09-07,08:54:23,3.733333333333333,24.79991912841797,0.06666666666666668
2013-09-07,08:59:23,5.0,23.33329518636068,0.26666666666666666
2013-09-07,09:04:23,3.666666666666667,23.733278910319015,0.13333333333333333
2013-09-07,09:09:23,4.466666666666667,24.066594441731766,0.2
2013-09-07,09:14:23,4.066666666666666,25.73321024576823,0.06666666666666668
2013-09-07,09:19:23,4.066666666666666,26.599845886230465,0.06666666666666668
2013-09-07,09:24:23,4.333333333333333,24.999936421712242,0.06666666666666668
2013-09-07,09:29:23,4.133333333333333,24.266599019368492,0.13333333333333333
2013-09-07,09:34:23,4.533333333333333,23.599942525227867,0.13333333333333333
2013-09-07,09:39:23,3.533333333333333,26.133193969726566,0.2
2013-09-07,09:44:23,4.8,22.866617838541664,0.13333333333333333
2013-09-07,09:49:23,3.933333333333333,23.33329518636068,0.13333333333333333
2013-09-07,09:54:23,4.4,23.733278910319015,0.06666666666666668
2013-09-07,09:59:23,4.133333333333333,24.66658274332682,0.06666666666666668
2013-09-07,10:04:23,4.266666666666667,25.799942016601562,0.13333333333333333
2013-09-07,10:09:23,4.6,28.133265177408862,0.3333333333333333
2013-09-07,10:14:23,4.266666666666667,26.066614786783855,0.06666666666666668
2013-09-07,10:19:23,4.6,27.06656138102213,0.06666666666666668
2013-09-07,10:24:23,3.733333333333333,24.266599019368492,0.06666666666666668
2013-09-07,10:29:23,4.866666666666667,26.933275858561196,0.13333333333333333
2013-09-07,10:34:23,3.8,26.999893188476566,0.26666666666666666
2013-09-07,10:39:23,4.533333333333333,26.333249409993492,0.06666666666666668
2013-09-07,10:44:23,4.133333333333333,23.399950663248696,0.13333333333333333
2013-09-07,10:49:23,4.333333333333333,27.46657053629557,0.06666666666666668
2013-09-07,10:54:23,4.4,22.599945068359375,0.06666666666666668
2013-09-07,10:59:23,4.2,24.066569010416664,0.2
2013-09-07,11:04:23,4.533333333333333,26.533266703287754,0.13333333333333333
2013-09-07,11:09:23,3.933333333333333,25.99989573160808,0.13333333333333333
2013-09-07,11:14:23,4.8,23.133252461751304,0.06666666666666668
2013-09-07,11:19:23,3.733333333333333,21.99993133544922,0.13333333333333333
2013-09-07,11:24:23,4.4,24.53324635823568,0.06666666666666668
2013-09-07,11:29:23,4.133333333333333,26.86659495035808,0.13333333333333333
2013-09-07,11:34:23,4.333333333333333,23.533261617024735,0.06666666666666668
2013-09-07,11:39:23,4.266666666666667,25.66661834716797,0.06666666666666668
2013-09-07,11:44:23,4.333333333333333,22.999941507975258,0.2
2013-09-07,11:49:23,4.4,25.866559346516933,0.06666666666666668
2013-09-07,11:54:23,3.8,24.26661173502604,0.06666666666666668
2013-09-07,11:59:24,4.8,22.733281453450523,0.13333333333333333
2013-09-07,12:04:24,4.0,21.86655680338542,0.2
2013-09-07,12:09:24,4.466666666666667,21.59992218017578,0.13333333333333333
2013-09-07,12:14:24,4.0,22.933260599772133,0.13333333333333333
2013-09-07,12:19:24,4.6,22.46659596761068,0.2
2013-09-07,12:24:24,4.0,26.13325754801432,0.06666666666666668
2013-09-07,12:29:24,4.2,23.266614278157547,0.06666666666666668
2013-09-07,12:34:24,4.4,22.333272298177086,0.13333333333333333
2013-09-07,12:39:24,3.8,22.533276875813797,0.06666666666666668
2013-09-07,12:44:24,4.933333333333334,21.93326314290364,0.06666666666666668
2013-09-07,12:49:24,3.933333333333333,23.466555277506508,0.26666666666666666
2013-09-07,12:54:24,4.533333333333333,24.133262634277344,0.13333333333333333
2013-09-07,12:59:24,4.2,25.599912007649746,0.2
2013-09-07,13:04:24,4.666666666666667,24.59993998209636,0.13333333333333333
2013-09-07,13:09:24,4.066666666666666,25.53326924641927,0.06666666666666668
2013-09-07,13:14:24,4.333333333333333,25.799942016601562,0.06666666666666668
2013-09-07,13:19:24,4.6,23.86660257975261,0.06666666666666668
2013-09-07,13:24:24,3.8,21.399917602539062,0.06666666666666668
2013-09-07,13:29:24,4.733333333333333,23.99993896484375,0.2
2013-09-07,13:34:24,3.733333333333333,23.53329976399739,0.06666666666666668
2013-09-07,13:39:24,4.6,25.53324381510416,0.06666666666666668
2013-09-07,13:44:24,4.066666666666666,23.799921671549477,0.3333333333333333
2013-09-07,13:49:24,4.466666666666667,24.666595458984375,0.06666666666666668
2013-09-07,13:54:24,4.0,24.7332763671875,0.13333333333333333
2013-09-07,13:59:24,4.266666666666667,25.466575622558597,0.06666666666666668
2013-09-07,14:04:24,4.4,25.93329111735026,0.06666666666666668
2013-09-07,14:09:24,3.8666666666666663,24.7332763671875,0.06666666666666668
2013-09-07,14:14:24,4.533333333333333,23.666598002115883,0.06666666666666668
2013-09-07,14:19:24,3.933333333333333,23.533261617024735,0.13333333333333333
2013-09-07,14:24:24,4.466666666666667,22.199935913085938,0.06666666666666668
2013-09-07,14:29:24,4.266666666666667,22.599945068359375,0.13333333333333333
2013-09-07,14:34:24,4.666666666666667,23.533236185709633,0.2
2013-09-07,14:39:24,4.133333333333333,21.799914042154946,0.06666666666666668
2013-09-07,14:44:24,4.266666666666667,23.799959818522133,0.06666666666666668
2013-09-07,14:49:24,4.2,27.59986877441406,0.13333333333333333
2013-09-07,14:54:25,3.933333333333333,23.866589864095054,0.06666666666666668
2013-09-07,14:59:25,4.733333333333333,25.133260091145825,0.13333333333333333
2013-09-07,15:04:25,3.933333333333333,24.66658274332682,0.13333333333333333
2013-09-07,15:09:25,4.533333333333333,24.66658274332682,0.13333333333333333
2013-09-07,15:14:25,4.0,24.133249918619796,0.2
2013-09-07,15:19:25,4.466666666666667,25.73321024576823,0.13333333333333333
2013-09-07,15:24:25,4.266666666666667,27.93328603108724,0.06666666666666668
2013-09-07,15:29:25,4.2,26.466611226399746,0.06666666666666668
2013-09-07,15:34:25,4.333333333333333,24.866612752278648,0.13333333333333333
2013-09-07,15:39:25,3.933333333333333,26.266581217447914,0.26666666666666666
2013-09-07,15:44:25,4.666666666666667,25.799916585286457,0.13333333333333333
2013-09-07,15:49:25,3.8666666666666663,26.399930318196606,0.06666666666666668
2013-09-07,15:54:25,4.6,25.19995371500652,0.13333333333333333
2013-09-07,15:59:25,4.066666666666666,24.333241780598954,0.06666666666666668
2013-09-07,16:04:25,4.6,24.866587320963546,0.13333333333333333
2013-09-07,16:09:25,4.2,25.333251953125004,0.06666666666666668
2013-09-07,16:14:25,4.333333333333333,27.333234151204426,0.2
2013-09-07,16:19:25,4.466666666666667,24.06660715738932,0.06666666666666668
2013-09-07,16:24:25,3.8666666666666663,22.33320871988932,0.06666666666666668
2013-09-07,16:29:25,4.666666666666667,22.799949645996094,0.13333333333333333
2013-09-07,16:34:25,3.8666666666666663,24.466590881347656,0.13333333333333333
2013-09-07,16:39:25,4.6,24.26657358805339,0.06666666666666668
2013-09-07,16:44:25,3.733333333333333,24.466552734375,0.2
2013-09-07,16:49:25,4.533333333333333,25.866572062174487,0.13333333333333333
2013-09-07,16:54:25,4.133333333333333,25.399945576985676,0.13333333333333333
2013-09-07,16:59:26,4.2,27.99994150797527,0.06666666666666668
2013-09-07,17:04:26,4.266666666666667,24.333254496256508,0.13333333333333333
2013-09-07,17:09:26,3.8666666666666663,24.599952697753906,0.13333333333333333
2013-09-07,17:14:26,4.666666666666667,21.73325856526693,0.2
2013-09-07,17:19:26,3.8,22.066599527994796,0.2
2013-09-07,17:24:26,4.8,22.13322957356771,0.13333333333333333
2013-09-07,17:29:26,3.8,25.06659189860026,0.13333333333333333
2013-09-07,17:34:26,4.4,27.733256022135418,0.06666666666666668
2013-09-07,17:39:26,4.2,24.799931844075516,0.13333333333333333
2013-09-07,17:44:26,4.2,23.19995880126953,0.13333333333333333
2013-09-07,17:49:26,4.466666666666667,25.199966430664062,0.13333333333333333
2013-09-07,17:54:26,3.8,24.33327992757161,0.06666666666666668
2013-09-07,17:59:26,4.533333333333333,25.06661732991537,0.06666666666666668
2013-09-07,18:04:26,3.6,24.26661173502604,0.13333333333333333
2013-09-07,18:09:26,4.733333333333333,21.533253987630204,0.13333333333333333
2013-09-07,18:14:26,3.666666666666667,20.133221944173176,0.06666666666666668
2013-09-07,18:19:26,4.333333333333333,23.066584269205727,0.06666666666666668
2013-09-07,18:24:26,3.933333333333333,24.79991912841797,0.06666666666666668
2013-09-07,18:29:26,6.133333333333334,39.73320007324219,0.2
2013-09-07,18:34:26,4.533333333333333,33.33321889241537,0.06666666666666668
2013-09-07,18:39:26,3.933333333333333,26.533215840657554,0.26666666666666666
2013-09-07,18:44:26,4.8,25.266609191894528,0.26666666666666666
2013-09-07,18:49:26,3.933333333333333,22.733281453450523,0.13333333333333333
2013-09-07,18:54:26,4.4,24.333267211914062,0.13333333333333333
2013-09-07,18:59:26,4.2,26.39989217122396,0.2
2013-09-07,19:04:26,4.333333333333333,23.13323974609375,0.2
2013-09-07,19:09:26,4.533333333333333,26.599922180175785,0.2
2013-09-07,19:14:26,4.333333333333333,25.799954732259117,0.06666666666666668
2013-09-07,19:19:26,4.4,24.73325093587239,0.13333333333333333
2013-09-07,19:24:26,3.733333333333333,21.866582234700523,0.06666666666666668
2013-09-07,19:29:26,4.666666666666667,24.066619873046875,0.06666666666666668
2013-09-07,19:34:26,3.666666666666667,23.933258056640625,0.06666666666666668
2013-09-07,19:39:26,4.4,25.266647338867188,0.2
2013-09-07,19:44:26,4.066666666666666,26.133308410644528,0.13333333333333333
2013-09-07,19:49:26,4.533333333333333,26.66659037272135,0.13333333333333333
2013-09-07,19:54:26,4.133333333333333,25.266609191894528,0.06666666666666668
2013-09-07,19:59:26,4.066666666666666,22.733243306477867,0.06666666666666668
2013-09-07,20:04:26,4.533333333333333,22.933209737141922,0.06666666666666668
2013-09-07,20:09:26,3.8666666666666663,22.933273315429688,0.13333333333333333
2013-09-07,20:14:27,4.866666666666667,27.06656138102213,0.06666666666666668
2013-09-07,20:19:27,3.733333333333333,27.133229573567714,0.06666666666666668
2013-09-07,20:24:27,4.6,23.999951680501304,0.06666666666666668
2013-09-07,20:29:27,4.133333333333333,25.06659189860026,0.06666666666666668
2013-09-07,20:34:27,4.533333333333333,25.93327840169271,0.26666666666666666
2013-09-07,20:39:27,4.2,25.999933878580727,0.2
2013-09-07,20:44:27,4.066666666666666,25.733248392740894,0.06666666666666668
2013-09-07,20:49:27,4.4,24.266599019368492,0.13333333333333333
2013-09-07,20:54:27,3.8666666666666663,24.06660715738932,0.13333333333333333
2013-09-07,20:59:27,4.666666666666667,24.73322550455729,0.13333333333333333
2013-09-07,21:04:27,5.2,30.733261108398434,0.2
2013-09-07,21:09:27,4.666666666666667,28.39988708496094,0.2
2013-09-07,21:14:27,4.066666666666666,23.79994710286458,0.06666666666666668
2013-09-07,21:19:27,4.6,22.466608683268234,0.06666666666666668
2013-09-07,21:24:27,4.066666666666666,21.0665766398112,0.06666666666666668
2013-09-07,21:29:27,4.333333333333333,25.599937438964844,0.13333333333333333
2013-09-07,21:34:27,4.266666666666667,25.333251953125004,0.06666666666666668
2013-09-07,21:39:27,3.733333333333333,25.733324686686192,0.13333333333333333
2013-09-07,21:44:27,4.666666666666667,24.06660715738932,0.13333333333333333
2013-09-07,21:49:27,3.8666666666666663,27.533238728841148,0.06666666666666668
2013-09-07,21:54:27,4.4,24.133275349934898,0.06666666666666668
2013-09-07,21:59:27,4.2,22.666587829589844,0.06666666666666668
2013-09-07,22:04:27,4.533333333333333,24.533233642578125,0.06666666666666668
2013-09-07,22:09:27,4.0,25.13322194417318,0.2
2013-09-07,22:14:27,4.266666666666667,26.399917602539062,0.2
2013-09-07,22:19:27,4.533333333333333,23.59995524088542,0.2
2013-09-07,22:24:27,3.733333333333333,24.73322550455729,0.2
2013-09-07,22:29:27,4.8,24.933242797851562,0.2
2013-09-07,22:34:27,3.8666666666666663,25.33323923746745,0.06666666666666668
2013-09-07,22:39:27,4.333333333333333,23.399925231933594,0.13333333333333333
2013-09-07,22:44:27,4.066666666666666,25.999908447265625,0.06666666666666668
2013-09-07,22:49:28,4.533333333333333,26.733258565266933,0.2
2013-09-07,22:54:28,4.0,25.93327840169271,0.06666666666666668
2013-09-07,22:59:28,4.266666666666667,22.866617838541664,0.06666666666666668
2013-09-07,23:04:28,4.333333333333333,24.39990997314453,0.13333333333333333
2013-09-07,23:09:28,3.8,24.66663360595703,0.06666666666666668
2013-09-07,23:14:28,4.8,24.333229064941406,0.06666666666666668
2013-09-07,23:19:28,4.0,26.199913024902344,0.06666666666666668
2013-09-07,23:24:28,4.6,24.399948120117188,0.13333333333333333
2013-09-07,23:29:28,4.266666666666667,24.666620890299477,0.06666666666666668
2013-09-07,23:34:28,4.466666666666667,24.59988911946614,0.13333333333333333
2013-09-07,23:39:28,4.2,26.666603088378903,0.06666666666666668
2013-09-07,23:44:28,4.2,25.799903869628903,0.13333333333333333
2013-09-07,23:49:28,4.533333333333333,22.999954223632812,0.06666666666666668
2013-09-07,23:54:28,3.8666666666666663,25.99994659423828,0.2
2013-09-07,23:59:28,4.733333333333333,24.59991455078125,0.13333333333333333
2013-09-08,00:04:28,4.0,24.53328450520833,0.13333333333333333
2013-09-08,00:09:28,4.666666666666667,26.799888610839844,0.2
2013-09-08,00:14:28,4.266666666666667,26.199951171875004,0.06666666666666668
2013-09-08,00:19:28,4.533333333333333,26.86662038167318,0.06666666666666668
2013-09-08,00:24:28,4.266666666666667,27.59994506835938,0.06666666666666668
2013-09-08,00:29:28,4.333333333333333,25.399920145670567,0.2
2013-09-08,00:34:28,4.666666666666667,25.799942016601562,0.13333333333333333
2013-09-08,00:39:28,3.933333333333333,25.999908447265625,0.06666666666666668
2013-09-08,00:44:28,5.0,25.19992828369141,0.13333333333333333
2013-09-08,00:49:28,4.0,22.799949645996094,0.06666666666666668
2013-09-08,00:54:28,4.6,26.399917602539062,0.06666666666666668
2013-09-08,00:59:28,4.333333333333333,23.86660257975261,0.06666666666666668
2013-09-08,01:04:28,4.666666666666667,26.799888610839844,0.13333333333333333
2013-09-08,01:09:28,4.266666666666667,23.73326619466146,0.13333333333333333
2013-09-08,01:14:28,4.333333333333333,23.999900817871094,0.06666666666666668
2013-09-08,01:19:28,4.666666666666667,24.19994354248047,0.06666666666666668
2013-09-08,01:24:28,3.933333333333333,23.79993438720703,0.13333333333333333
2013-09-08,01:29:28,4.8,25.866610209147133,0.13333333333333333
2013-09-08,01:34:29,4.0,24.79991912841797,0.3333333333333333
2013-09-08,01:39:29,4.6,23.86660257975261,0.13333333333333333
2013-09-08,01:44:29,4.266666666666667,25.999908447265625,0.26666666666666666
2013-09-08,01:49:29,4.666666666666667,25.59989929199219,0.13333333333333333
2013-09-08,01:54:29,4.333333333333333,22.999916076660156,0.06666666666666668
2013-09-08,01:59:29,4.266666666666667,24.466565450032547,0.13333333333333333
2013-09-08,02:04:29,4.666666666666667,22.599945068359375,0.06666666666666668
2013-09-08,02:09:29,3.733333333333333,24.19994354248047,0.06666666666666668
2013-09-08,02:14:29,5.0,22.799949645996094,0.13333333333333333
2013-09-08,02:19:29,4.0,24.79991912841797,0.13333333333333333
2013-09-08,02:24:29,4.6,22.399940490722656,0.13333333333333333
2013-09-08,02:29:29,4.333333333333333,25.799942016601562,0.06666666666666668
2013-09-08,02:34:29,5.0,24.19994354248047,0.06666666666666668
2013-09-08,02:39:29,4.266666666666667,23.733228047688797,0.06666666666666668
2013-09-08,02:44:29,4.333333333333333,28.999900817871094,0.06666666666666668
2013-09-08,02:49:29,4.533333333333333,22.599945068359375,0.06666666666666668
2013-09-08,02:54:29,3.8,21.799888610839844,0.06666666666666668
2013-09-08,02:59:29,4.8,25.99994659423828,0.06666666666666668
2013-09-08,03:04:29,3.8666666666666663,27.46655782063802,0.13333333333333333
2013-09-08,03:09:29,4.6,27.59990692138672,0.13333333333333333
2013-09-08,03:14:29,4.133333333333333,23.933270772298172,0.13333333333333333
2013-09-08,03:19:29,4.6,26.5332539876302,0.06666666666666668
2013-09-08,03:24:29,4.2,27.99991607666016,0.3333333333333333
2013-09-08,03:29:29,4.333333333333333,24.999923706054688,0.26666666666666666
2013-09-08,03:34:29,4.666666666666667,25.99994659423828,0.2
2013-09-08,03:39:29,3.8666666666666663,25.799942016601562,0.06666666666666668
2013-09-08,03:44:29,4.8,25.59989929199219,0.06666666666666668
2013-09-08,03:49:29,3.666666666666667,27.199935913085938,0.2
2013-09-08,03:54:29,4.6,26.799926757812496,0.06666666666666668
2013-09-08,03:59:30,4.333333333333333,25.799903869628903,0.06666666666666668
2013-09-08,04:04:29,4.4,24.19994354248047,0.06666666666666668
2013-09-08,04:09:29,4.6,24.59991455078125,0.06666666666666668
2013-09-08,04:14:29,4.333333333333333,24.399948120117188,0.2
2013-09-08,04:19:29,4.666666666666667,25.19992828369141,0.06666666666666668
2013-09-08,04:24:29,3.933333333333333,25.26655832926432,0.06666666666666668
2013-09-08,04:29:29,4.866666666666667,25.39993286132812,0.06666666666666668
2013-09-08,04:34:29,3.933333333333333,24.066569010416664,0.06666666666666668
2013-09-08,04:39:29,4.533333333333333,24.799957275390625,0.06666666666666668
2013-09-08,04:44:29,4.2,24.39990997314453,0.13333333333333333
2013-09-08,04:49:29,4.333333333333333,23.266588846842446,0.06666666666666668
2013-09-08,04:54:29,4.266666666666667,23.19995880126953,0.2
2013-09-08,04:59:29,4.333333333333333,22.13322957356771,0.13333333333333333
2013-09-08,05:04:29,4.466666666666667,25.799903869628903,0.26666666666666666
2013-09-08,05:09:29,3.8,25.19992828369141,0.13333333333333333
2013-09-08,05:14:29,4.733333333333333,25.933265686035156,0.26666666666666666
2013-09-08,05:19:29,4.0,24.799906412760414,0.13333333333333333
2013-09-08,05:24:29,4.6,22.799949645996094,0.06666666666666668
2013-09-08,05:29:29,4.133333333333333,24.199930826822914,0.26666666666666666
2013-09-08,05:34:29,4.4,28.799896240234375,0.06666666666666668
2013-09-08,05:39:30,4.333333333333333,25.266621907552082,0.06666666666666668
2013-09-08,05:44:30,4.2,26.799901326497388,0.06666666666666668
2013-09-08,05:49:30,4.533333333333333,26.199989318847656,0.13333333333333333
2013-09-08,05:54:30,3.8666666666666663,23.999900817871094,0.06666666666666668
2013-09-08,05:59:30,4.733333333333333,21.466585795084637,0.06666666666666668
2013-09-08,06:04:30,4.0,22.866592407226562,0.13333333333333333
2013-09-08,06:09:30,4.6,25.999908447265625,0.06666666666666668
2013-09-08,06:14:30,4.066666666666666,23.466567993164062,0.06666666666666668
2013-09-08,06:19:30,4.333333333333333,25.599937438964844,0.06666666666666668
2013-09-08,06:24:30,4.133333333333333,26.866556803385418,0.13333333333333333
2013-09-08,06:29:30,4.266666666666667,25.799954732259117,0.13333333333333333
2013-09-08,06:34:30,4.466666666666667,27.733243306477867,0.06666666666666668
2013-09-08,06:39:30,3.666666666666667,29.66658274332683,0.13333333333333333
2013-09-08,06:44:30,4.933333333333334,25.13324737548828,0.2
2013-09-08,06:49:30,3.8,24.799957275390625,0.06666666666666668
2013-09-08,06:54:30,4.533333333333333,25.19992828369141,0.06666666666666668
2013-09-08,06:59:30,4.066666666666666,24.06655629475911,0.26666666666666666
2013-09-08,07:04:30,4.666666666666667,26.06658935546875,1.1333333333333333
2013-09-08,07:09:30,4.466666666666667,24.666620890299477,0.2
2013-09-08,07:14:30,4.333333333333333,25.999908447265625,0.06666666666666668
2013-09-08,07:19:30,4.6,23.599904378255204,0.26666666666666666
2013-09-08,07:24:30,3.933333333333333,26.199913024902344,0.06666666666666668
2013-09-08,07:29:30,4.866666666666667,27.666536966959644,0.06666666666666668
2013-09-08,07:34:30,3.933333333333333,23.133277893066406,0.06666666666666668
2013-09-08,07:39:30,4.533333333333333,25.66661834716797,0.13333333333333333
2013-09-08,07:44:30,4.266666666666667,25.866597493489586,0.2
2013-09-08,07:49:30,4.4,26.199951171875004,0.06666666666666668
2013-09-08,07:54:30,4.2,25.39993286132812,0.06666666666666668
2013-09-08,07:59:30,4.266666666666667,26.799926757812496,0.13333333333333333
2013-09-08,08:04:30,4.6,24.999974568684898,0.06666666666666668
2013-09-08,08:09:30,4.0,24.533309936523438,0.06666666666666668
2013-09-08,08:14:30,4.866666666666667,25.93324025472005,0.06666666666666668
2013-09-08,08:19:30,3.933333333333333,23.533261617024735,0.26666666666666666
2013-09-08,08:24:31,4.533333333333333,20.599899291992188,0.06666666666666668
2013-09-08,08:29:31,6.066666666666666,24.999923706054688,0.2
2013-09-08,08:34:31,4.6,44.66658274332681,0.06666666666666668
2013-09-08,08:39:31,4.466666666666667,28.866551717122395,0.26666666666666666
2013-09-08,08:44:31,3.8666666666666663,24.666608174641922,0.13333333333333333
2013-09-08,08:49:31,4.666666666666667,24.599952697753906,0.2
2013-09-08,08:54:31,3.8,23.066584269205727,0.06666666666666668
2013-09-08,08:59:31,4.466666666666667,23.866615295410156,0.2
2013-09-08,09:04:31,4.0,26.399879455566406,0.13333333333333333
2013-09-08,09:09:31,4.133333333333333,25.46658833821615,0.13333333333333333
2013-09-08,09:14:31,4.333333333333333,27.066612243652344,0.06666666666666668
2013-09-08,09:19:31,4.2,28.666585286458336,0.06666666666666668
2013-09-08,09:24:31,4.266666666666667,26.666577657063794,0.06666666666666668
2013-09-08,09:29:31,3.733333333333333,25.399920145670567,0.06666666666666668
2013-09-08,09:34:31,4.8,27.133229573567714,0.26666666666666666
2013-09-08,09:39:31,3.733333333333333,25.133260091145825,0.06666666666666668
2013-09-08,09:44:31,4.533333333333333,26.133244832356773,0.06666666666666668
2013-09-08,09:49:31,4.333333333333333,25.266571044921875,0.13333333333333333
2013-09-08,09:54:31,4.2,25.06661732991537,0.13333333333333333
2013-09-08,09:59:31,4.466666666666667,23.999977111816406,0.13333333333333333
2013-09-08,10:04:31,4.2,23.99993896484375,0.06666666666666668
2013-09-08,10:09:31,4.4,22.266604105631508,0.26666666666666666
2013-09-08,10:14:32,3.8666666666666663,23.79994710286458,0.13333333333333333
2013-09-08,10:19:32,4.866666666666667,23.399950663248696,0.2
2013-09-08,10:24:32,3.8666666666666663,23.799972534179688,0.13333333333333333
2013-09-08,10:29:32,4.533333333333333,23.266626993815102,0.06666666666666668
2013-09-08,10:34:32,4.133333333333333,20.599899291992188,0.2
2013-09-08,10:39:32,4.133333333333333,23.33324432373047,0.06666666666666668
2013-09-08,10:44:32,4.4,23.79988352457682,0.06666666666666668
2013-09-08,10:49:32,4.133333333333333,24.466590881347656,0.2
2013-09-08,10:54:32,4.333333333333333,26.799888610839844,0.06666666666666668
2013-09-08,10:59:32,3.8666666666666663,23.59995524088542,0.13333333333333333
2013-09-08,11:04:32,4.933333333333334,24.133249918619796,0.26666666666666666
2013-09-08,11:09:32,3.8666666666666663,27.599932352701824,0.06666666666666668
2013-09-08,11:14:32,4.533333333333333,25.733248392740894,0.06666666666666668
2013-09-08,11:19:32,4.266666666666667,24.266599019368492,0.13333333333333333
2013-09-08,11:24:32,4.266666666666667,28.066558837890625,0.13333333333333333
2013-09-08,11:29:32,4.466666666666667,26.533292134602863,0.06666666666666668
2013-09-08,11:34:32,4.333333333333333,25.666643778483074,0.13333333333333333
2013-09-08,11:39:32,4.533333333333333,26.066576639811196,0.06666666666666668
2013-09-08,11:44:32,3.8666666666666663,22.53326416015625,0.13333333333333333
2013-09-08,11:49:32,4.8,25.133260091145825,0.13333333333333333
2013-09-08,11:54:32,3.8666666666666663,24.666620890299477,0.13333333333333333
2013-09-08,11:59:32,4.666666666666667,22.533276875813797,0.13333333333333333
2013-09-08,12:04:33,4.333333333333333,24.79985555013021,0.13333333333333333
2013-09-08,12:09:33,4.2,23.333282470703125,0.06666666666666668
2013-09-08,12:14:33,4.466666666666667,27.06659952799479,0.13333333333333333
2013-09-08,12:19:33,4.133333333333333,27.133280436197914,0.13333333333333333
2013-09-08,12:24:33,4.4,25.533294677734375,0.06666666666666668
2013-09-08,12:29:33,3.933333333333333,23.33329518636068,0.13333333333333333
2013-09-08,12:34:33,4.8,23.066584269205727,0.13333333333333333
2013-09-08,12:39:33,3.733333333333333,23.79994710286458,0.2
2013-09-08,12:44:33,4.666666666666667,23.39991251627604,0.06666666666666668
2013-09-08,12:49:33,4.2,24.933268229166664,0.13333333333333333
2013-09-08,12:54:33,4.266666666666667,25.666592915852863,0.06666666666666668
2013-09-08,12:59:33,4.4,23.53327433268229,0.06666666666666668
2013-09-08,13:04:33,4.266666666666667,26.399904886881508,0.13333333333333333
2013-09-08,13:09:33,4.933333333333334,24.399922688802086,0.06666666666666668
2013-09-08,13:14:33,3.933333333333333,25.733261108398438,0.13333333333333333
2013-09-08,13:19:33,4.866666666666667,22.866617838541664,0.13333333333333333
2013-09-08,13:24:33,3.933333333333333,21.666590372721352,0.06666666666666668
2013-09-08,13:29:33,4.533333333333333,25.53328196207682,0.06666666666666668
2013-09-08,13:34:33,4.2,26.466573079427086,0.13333333333333333
2013-09-08,13:39:33,4.866666666666667,25.266621907552082,0.13333333333333333
2013-09-08,13:44:33,4.466666666666667,23.79994710286458,0.3333333333333333
2013-09-08,13:49:33,4.266666666666667,23.599917093912765,0.2
2013-09-08,13:54:33,4.466666666666667,26.266606648763013,0.13333333333333333
2013-09-08,13:59:33,3.8,29.133249918619793,0.06666666666666668
2013-09-08,14:04:33,4.866666666666667,25.666592915852863,0.26666666666666666
2013-09-08,14:09:33,3.8666666666666663,27.599881490071613,0.06666666666666668
2013-09-08,14:14:33,4.466666666666667,24.59993998209636,0.13333333333333333
2013-09-08,14:19:33,4.266666666666667,26.06662750244141,0.06666666666666668
2013-09-08,14:24:33,4.266666666666667,24.59991455078125,0.3333333333333333
2013-09-08,14:29:33,4.666666666666667,25.733273824055992,0.13333333333333333
2013-09-08,14:34:33,4.266666666666667,26.13328297932942,0.06666666666666668
2013-09-08,14:39:33,4.533333333333333,25.799942016601562,0.13333333333333333
2013-09-08,14:44:33,4.0,24.59991455078125,0.06666666666666668
2013-09-08,14:49:33,4.933333333333334,25.866610209147133,0.06666666666666668
2013-09-08,14:54:33,3.933333333333333,26.733258565266933,0.13333333333333333
2013-09-08,14:59:33,4.6,26.399917602539062,0.13333333333333333
2013-09-08,15:04:33,4.333333333333333,23.866589864095054,0.13333333333333333
2013-09-08,15:09:33,4.2,25.599937438964844,0.06666666666666668
2013-09-08,15:14:33,4.533333333333333,26.266581217447914,0.13333333333333333
2013-09-08,15:19:34,4.333333333333333,24.266586303710938,0.2
2013-09-08,15:24:34,4.6,25.53326924641927,0.2
2013-09-08,15:29:34,4.0,25.266596476236973,0.13333333333333333
2013-09-08,15:34:34,4.733333333333333,23.73326619466146,0.06666666666666668
2013-09-08,15:39:34,4.0,23.599929809570312,0.06666666666666668
2013-09-08,15:44:34,4.4,23.133290608723954,0.13333333333333333
2013-09-08,15:49:34,4.333333333333333,23.266626993815102,0.06666666666666668
2013-09-08,15:54:34,4.266666666666667,23.19990793863932,0.06666666666666668
2013-09-08,15:59:34,4.6,22.99992879231771,0.13333333333333333
2013-09-08,16:04:34,4.333333333333333,26.999918619791675,0.26666666666666666
2013-09-08,16:09:34,4.666666666666667,27.066574096679684,0.06666666666666668
2013-09-08,16:14:34,3.933333333333333,24.133275349934898,0.06666666666666668
2013-09-08,16:19:34,4.933333333333334,23.46659342447917,0.13333333333333333
2013-09-08,16:24:34,3.933333333333333,21.0665766398112,0.13333333333333333
2013-09-08,16:29:34,4.6,25.333251953125004,0.06666666666666668
2013-09-08,16:34:34,4.333333333333333,24.33329264322917,0.13333333333333333
2013-09-08,16:39:34,4.133333333333333,25.199915568033855,0.06666666666666668
2013-09-08,16:44:34,4.533333333333333,25.19992828369141,0.06666666666666668
2013-09-08,16:49:34,4.333333333333333,27.39990234375,0.13333333333333333
2013-09-08,16:54:34,4.466666666666667,29.066607157389317,0.06666666666666668
2013-09-08,16:59:34,4.0,26.333223978678383,0.13333333333333333
2013-09-08,17:04:34,5.0,25.999870300292972,0.13333333333333333
2013-09-08,17:09:34,3.8666666666666663,26.73324584960938,0.26666666666666666
2013-09-08,17:14:34,4.6,26.866607666015625,0.06666666666666668
2013-09-08,17:19:34,4.2,27.266565958658862,0.06666666666666668
2013-09-08,17:24:34,4.8,27.133229573567714,0.13333333333333333
2013-09-08,17:29:34,4.666666666666667,24.73325093587239,0.13333333333333333
2013-09-08,17:34:34,4.333333333333333,23.19995880126953,0.13333333333333333
2013-09-08,17:39:34,4.6,22.933286031087235,0.13333333333333333
2013-09-08,17:44:34,3.933333333333333,24.999949137369796,0.06666666666666668
2013-09-08,17:49:35,4.866666666666667,25.266609191894528,0.13333333333333333
2013-09-08,17:54:35,3.933333333333333,22.399940490722656,0.06666666666666668
2013-09-08,17:59:35,4.533333333333333,28.199907938639317,0.13333333333333333
2013-09-08,18:04:35,4.333333333333333,25.53328196207682,0.13333333333333333
2013-09-08,18:09:35,4.133333333333333,26.93328857421875,0.06666666666666668
2013-09-08,18:14:35,4.533333333333333,26.59989674886068,0.06666666666666668
2013-09-08,18:19:35,4.133333333333333,27.33325958251953,0.13333333333333333
2013-09-08,18:24:35,4.6,24.93325551350911,0.13333333333333333
2013-09-08,18:29:35,3.8,24.66658274332682,0.06666666666666668
2013-09-08,18:34:35,4.866666666666667,26.466585795084637,0.06666666666666668
2013-09-08,18:39:35,3.933333333333333,23.53329976399739,0.13333333333333333
2013-09-08,18:44:35,4.6,24.19994354248047,0.13333333333333333
2013-09-08,18:49:35,4.266666666666667,23.06659698486328,0.13333333333333333
2013-09-08,18:54:35,4.266666666666667,24.133249918619796,0.13333333333333333
2013-09-08,18:59:35,4.6,24.599952697753906,0.06666666666666668
2013-09-08,19:04:35,4.333333333333333,24.333267211914062,0.13333333333333333
2013-09-08,19:09:35,4.666666666666667,26.999944051106773,0.13333333333333333
2013-09-08,19:14:35,3.8,24.399948120117188,0.26666666666666666
2013-09-08,19:19:35,4.933333333333334,24.666570027669273,0.06666666666666668
2013-09-08,19:24:35,3.933333333333333,25.26655832926432,0.13333333333333333
2013-09-08,19:29:35,4.466666666666667,25.53326924641927,0.06666666666666668
2013-09-08,19:34:36,4.133333333333333,24.533259073893227,0.13333333333333333
2013-09-08,19:39:36,4.333333333333333,26.399879455566406,0.13333333333333333
2013-09-08,19:44:36,4.6,22.466608683268234,0.06666666666666668
2013-09-08,19:49:36,4.333333333333333,23.133290608723954,0.2
2013-09-08,19:54:36,4.533333333333333,23.19995880126953,0.06666666666666668
2013-09-08,19:59:36,3.666666666666667,26.199874877929684,0.13333333333333333
2013-09-08,20:04:36,5.0,27.66657511393229,0.13333333333333333
2013-09-08,20:09:36,3.8666666666666663,28.066558837890625,0.06666666666666668
2013-09-08,20:14:36,4.4,27.46655782063802,0.06666666666666668
2013-09-08,20:19:36,4.133333333333333,22.466608683268234,0.06666666666666668
2013-09-08,20:24:36,4.2,23.599929809570312,0.13333333333333333
2013-09-08,20:29:36,4.533333333333333,24.73325093587239,0.13333333333333333
2013-09-08,20:34:36,4.2,27.199961344401043,0.06666666666666668
2013-09-08,20:39:36,4.4,28.19988250732422,0.06666666666666668
2013-09-08,20:44:36,3.733333333333333,27.33322143554687,0.13333333333333333
2013-09-08,20:49:36,4.8,29.266560872395836,0.13333333333333333
2013-09-08,20:54:36,3.6,26.799888610839844,0.06666666666666668
2013-09-08,20:59:36,4.4,22.066599527994796,0.2
2013-09-08,21:04:36,5.466666666666666,23.999900817871094,0.06666666666666668
2013-09-08,21:09:36,4.2,30.39989471435547,0.26666666666666666
2013-09-08,21:14:36,4.266666666666667,24.999923706054688,0.06666666666666668
2013-09-08,21:19:36,3.6,22.199935913085938,0.13333333333333333
2013-09-08,21:24:36,4.666666666666667,23.399925231933594,0.13333333333333333
2013-09-08,21:29:36,3.733333333333333,23.199920654296875,0.2
2013-09-08,21:34:36,4.266666666666667,23.86660257975261,0.13333333333333333
2013-09-08,21:39:36,4.2,21.59992218017578,0.06666666666666668
2013-09-08,21:44:36,4.2,25.19992828369141,0.2
2013-09-08,21:49:36,4.133333333333333,25.999908447265625,0.06666666666666668
2013-09-08,21:54:36,4.066666666666666,25.466626485188804,0.13333333333333333
2013-09-08,21:59:36,4.333333333333333,26.599922180175785,0.06666666666666668
2013-09-08,22:04:37,6.2,36.066576639811196,0.2
2013-09-08,22:09:37,4.666666666666667,40.399932861328125,0.13333333333333333
2013-09-08,22:14:37,4.0,29.599914550781246,0.13333333333333333
2013-09-08,22:19:36,4.133333333333333,24.53328450520833,0.2
2013-09-08,22:24:36,4.533333333333333,26.533241271972656,0.06666666666666668
2013-09-08,22:29:36,3.8666666666666663,25.99994659423828,0.13333333333333333
2013-09-08,22:34:36,4.8,23.59996795654297,0.2
2013-09-08,22:39:36,3.8,24.199905395507812,0.06666666666666668
2013-09-08,22:44:36,4.533333333333333,24.19994354248047,0.2
2013-09-08,22:49:36,4.2,24.999923706054688,0.2
2013-09-08,22:54:36,4.6,22.599945068359375,0.13333333333333333
2013-09-08,22:59:36,4.266666666666667,22.799949645996094,0.06666666666666668
2013-09-08,23:04:36,4.2,23.599929809570312,0.06666666666666668
2013-09-08,23:09:36,4.333333333333333,24.999961853027344,0.06666666666666668
2013-09-08,23:14:36,3.8666666666666663,28.266614278157554,0.13333333333333333
2013-09-08,23:19:36,4.666666666666667,24.79991912841797,0.13333333333333333
2013-09-08,23:24:36,3.8,22.599945068359375,0.06666666666666668
2013-09-08,23:29:36,4.533333333333333,24.399948120117188,0.06666666666666668
2013-09-08,23:34:37,4.0,22.999954223632812,0.13333333333333333
2013-09-08,23:39:37,4.533333333333333,23.99993896484375,0.06666666666666668
2013-09-08,23:44:37,4.133333333333333,22.999954223632812,0.06666666666666668
2013-09-08,23:49:37,4.066666666666666,25.199966430664062,0.13333333333333333
2013-09-08,23:54:37,4.666666666666667,25.39993286132812,0.13333333333333333
2013-09-08,23:59:37,4.0,28.599929809570312,0.06666666666666668
2013-09-09,00:04:37,5.0,27.79987335205078,0.06666666666666668
2013-09-09,00:09:37,4.0,25.599937438964844,0.2
2013-09-09,00:14:37,4.6,27.39990234375,0.3333333333333333
2013-09-09,00:19:37,4.333333333333333,26.799888610839844,0.06666666666666668
2013-09-09,00:24:37,4.666666666666667,26.599884033203125,0.26666666666666666
2013-09-09,00:29:37,4.266666666666667,28.19995880126953,0.2
2013-09-09,00:34:37,4.333333333333333,25.999908447265625,0.06666666666666668
2013-09-09,00:39:37,4.5,24.214226858956476,0.07142857142857142
2013-09-09,00:44:37,4.0,24.99988555908203,0.06666666666666668
2013-09-09,00:49:37,5.0,24.399948120117188,0.13333333333333333
2013-09-09,00:54:37,4.0,23.79993438720703,0.06666666666666668
2013-09-09,00:59:37,4.533333333333333,24.999923706054688,0.13333333333333333
2013-09-09,01:04:37,4.333333333333333,24.466616312662765,0.13333333333333333
2013-09-09,01:09:37,4.666666666666667,22.799949645996094,0.13333333333333333
2013-09-09,01:14:37,4.333333333333333,25.599937438964844,0.06666666666666668
2013-09-09,01:19:37,4.333333333333333,23.599929809570312,0.2
2013-09-09,01:24:37,4.666666666666667,22.93324788411458,0.06666666666666668
2013-09-09,01:29:37,3.928571428571429,23.857075827462335,0.14285714285714285
2013-09-09,01:34:37,4.8571428571428585,26.28566196986607,0.14285714285714285
2013-09-09,01:39:37,4.0,27.199897766113278,0.2
2013-09-09,01:44:37,4.5,27.49990735735212,0.07142857142857142
2013-09-09,01:49:37,4.333333333333333,25.599937438964844,0.06666666666666668
2013-09-09,01:54:37,4.933333333333334,23.19995880126953,0.13333333333333333
2013-09-09,01:59:38,4.0,24.533220926920578,0.13333333333333333
2013-09-09,02:04:38,4.4,24.999923706054688,0.13333333333333333
2013-09-09,02:09:38,4.333333333333333,24.999936421712242,0.13333333333333333
2013-09-09,02:14:38,4.0,24.733263651529953,0.26666666666666666
2013-09-09,02:19:38,4.6,24.999923706054688,0.06666666666666668
2013-09-09,02:24:38,3.933333333333333,22.866579691569015,0.06666666666666668
2013-09-09,02:29:38,4.714285714285714,24.499906812395373,0.07142857142857142
2013-09-09,02:34:38,4.0,22.999913351876398,0.14285714285714285
2013-09-09,02:39:38,4.933333333333334,23.999888102213546,0.06666666666666668
2013-09-09,02:44:38,4.071428571428572,22.92848314557757,0.14285714285714285
2013-09-09,02:49:38,4.214285714285714,23.85704857962472,0.21428571428571427
2013-09-09,02:54:38,4.066666666666666,27.133267720540367,0.06666666666666668
2013-09-09,02:59:38,4.0,25.93329111735026,0.13333333333333333
2013-09-09,03:04:38,4.785714285714286,22.142791748046875,0.14285714285714285
2013-09-09,03:09:38,4.2,29.19993082682291,0.06666666666666668
2013-09-09,03:14:38,4.533333333333333,26.199913024902344,0.2
2013-09-09,03:19:38,3.933333333333333,27.86657969156901,0.13333333333333333
2013-09-09,03:24:38,5.0,29.066569010416664,0.2
2013-09-09,03:29:38,3.8666666666666663,26.599884033203125,0.13333333333333333
2013-09-09,03:34:38,4.428571428571427,23.642826080322266,0.07142857142857142
2013-09-09,03:39:38,4.266666666666667,22.599945068359375,0.13333333333333333
2013-09-09,03:44:38,4.2,23.466631571451828,0.13333333333333333
2013-09-09,03:49:38,4.533333333333333,25.266545613606773,0.06666666666666668
2013-09-09,03:54:38,4.2,25.59989929199219,0.2
2013-09-09,03:59:38,4.6,25.799942016601562,0.26666666666666666
2013-09-09,04:04:38,3.933333333333333,23.79993438720703,0.06666666666666668
2013-09-09,04:09:38,5.0,21.266581217447914,0.13333333333333333
2013-09-09,04:14:38,4.0,23.46659342447917,0.06666666666666668
2013-09-09,04:19:38,4.533333333333333,27.39990234375,0.13333333333333333
2013-09-09,04:24:38,4.2,26.399917602539062,0.06666666666666668
2013-09-09,04:29:38,4.133333333333333,22.999954223632812,0.06666666666666668
2013-09-09,04:34:38,4.533333333333333,23.33329518636068,0.06666666666666668
2013-09-09,04:39:38,4.333333333333333,25.39989471435547,0.13333333333333333
2013-09-09,04:44:39,4.533333333333333,23.99993896484375,0.06666666666666668
2013-09-09,04:49:39,4.0,22.866579691569015,0.06666666666666668
2013-09-09,04:54:39,4.933333333333334,27.46655782063802,0.06666666666666668
2013-09-09,04:59:39,3.933333333333333,23.59996795654297,0.06666666666666668
2013-09-09,05:04:39,4.6,26.199913024902344,0.2
2013-09-09,05:09:39,4.266666666666667,27.59986877441406,0.13333333333333333
2013-09-09,05:14:39,4.2,25.39997100830078,0.4
2013-09-09,05:19:39,4.6,24.19994354248047,0.13333333333333333
2013-09-09,05:24:39,4.133333333333333,23.39996337890625,0.13333333333333333
2013-09-09,05:29:39,4.4,24.799957275390625,0.06666666666666668
2013-09-09,05:34:39,3.8,25.39993286132812,0.13333333333333333
2013-09-09,05:39:39,5.0,26.99993133544922,0.3333333333333333
2013-09-09,05:44:39,3.8,22.599945068359375,0.06666666666666668
2013-09-09,05:49:39,4.4,21.0665766398112,0.13333333333333333
2013-09-09,05:54:39,4.066666666666666,24.99988555908203,0.2
2013-09-09,05:59:39,4.333333333333333,25.39993286132812,0.13333333333333333
2013-09-09,06:04:39,4.4,24.79991912841797,0.06666666666666668
2013-09-09,06:09:39,4.133333333333333,24.999923706054688,0.13333333333333333
2013-09-09,06:14:39,4.4,24.799957275390625,0.06666666666666668
2013-09-09,06:19:39,3.8,26.599922180175785,0.13333333333333333
2013-09-09,06:24:39,4.666666666666667,22.799949645996094,0.06666666666666668
2013-09-09,06:29:39,3.8,21.13324483235677,0.06666666666666668
2013-09-09,06:34:39,4.466666666666667,25.333251953125004,0.06666666666666668
2013-09-09,06:39:39,4.133333333333333,25.93324025472005,0.13333333333333333
2013-09-09,06:44:39,4.333333333333333,25.999908447265625,0.13333333333333333
2013-09-09,06:49:39,4.266666666666667,22.399940490722656,0.13333333333333333
2013-09-09,06:54:39,4.266666666666667,25.93324025472005,0.06666666666666668
2013-09-09,06:59:40,4.466666666666667,24.999923706054688,0.2
2013-09-09,07:04:40,4.133333333333333,24.866587320963546,1.0666666666666669
2013-09-09,07:09:40,4.866666666666667,27.333234151204426,0.26666666666666666
2013-09-09,07:14:40,3.666666666666667,22.666613260904946,0.26666666666666666
2013-09-09,07:19:40,4.133333333333333,27.733281453450527,0.2
2013-09-09,07:24:39,3.933333333333333,26.13323211669922,0.06666666666666668
2013-09-09,07:29:39,4.466666666666667,22.199935913085938,0.13333333333333333
2013-09-09,07:34:39,4.133333333333333,21.7999267578125,0.13333333333333333
2013-09-09,07:39:39,4.266666666666667,21.999893188476562,0.13333333333333333
2013-09-09,07:44:39,4.333333333333333,23.86660257975261,0.06666666666666668
2013-09-09,07:49:39,3.933333333333333,23.933232625325516,0.13333333333333333
2013-09-09,07:54:39,4.666666666666667,26.5332539876302,0.13333333333333333
2013-09-09,07:59:39,3.733333333333333,24.799931844075516,0.06666666666666668
2013-09-09,08:04:39,4.333333333333333,22.999954223632812,0.06666666666666668
2013-09-09,08:09:39,4.333333333333333,22.199935913085938,0.13333333333333333
2013-09-09,08:14:40,4.6,24.19991811116536,0.06666666666666668
2013-09-09,08:19:40,4.133333333333333,25.266621907552082,0.13333333333333333
2013-09-09,08:24:40,4.2,22.666613260904946,0.06666666666666668
2013-09-09,08:29:40,4.6,21.533253987630204,0.06666666666666668
2013-09-09,08:34:40,3.8,23.799896240234375,0.2
2013-09-09,08:39:40,4.8,26.199913024902344,0.06666666666666668
2013-09-09,08:44:40,3.8666666666666663,23.86660257975261,0.2
2013-09-09,08:49:40,4.4,23.133252461751304,0.13333333333333333
2013-09-09,08:54:40,4.066666666666666,25.266571044921875,0.06666666666666668
2013-09-09,08:59:40,4.6,25.466626485188804,0.4666666666666667
2013-09-09,09:04:40,4.133333333333333,24.399935404459633,0.2
2013-09-09,09:09:40,4.333333333333333,23.199920654296875,0.6666666666666666
2013-09-09,09:14:40,4.466666666666667,22.399940490722656,0.7333333333333333
2013-09-09,09:19:40,3.933333333333333,24.26657358805339,0.06666666666666668
2013-09-09,09:24:40,4.866666666666667,25.399856567382812,0.26666666666666666
2013-09-09,09:29:40,3.666666666666667,22.13326772054036,0.06666666666666668
2013-09-09,09:34:40,4.466666666666667,22.933286031087235,0.06666666666666668
2013-09-09,09:39:40,4.133333333333333,25.799942016601562,0.6666666666666666
2013-09-09,09:44:40,4.466666666666667,25.666542053222656,0.13333333333333333
2013-09-09,09:49:40,4.133333333333333,25.5999247233073,0.5333333333333333
2013-09-09,09:54:40,4.266666666666667,24.466590881347656,0.13333333333333333
2013-09-09,09:59:40,4.266666666666667,26.66659037272135,0.06666666666666668
2013-09-09,10:04:40,4.0,23.199933369954422,0.8666666666666667
2013-09-09,10:09:40,4.8,24.399897257486984,0.06666666666666668
2013-09-09,10:14:40,3.8666666666666663,26.333249409993492,0.13333333333333333
2013-09-09,10:19:40,4.6,26.799901326497388,0.26666666666666666
2013-09-09,10:24:41,4.0,23.93329620361328,0.13333333333333333
2013-09-09,10:29:41,4.2,25.999908447265625,0.3333333333333333
2013-09-09,10:34:41,4.0,24.799880981445312,0.06666666666666668
2013-09-09,10:39:41,4.066666666666666,27.266578674316406,0.13333333333333333
2013-09-09,10:44:41,4.466666666666667,24.666620890299477,0.6666666666666666
2013-09-09,10:49:41,3.733333333333333,27.266553243001308,0.13333333333333333
2013-09-09,10:54:41,4.8,23.46660614013672,0.5333333333333333
2013-09-09,10:59:41,3.8666666666666663,26.39994303385416,0.13333333333333333
2013-09-09,11:04:41,4.533333333333333,24.53324635823568,0.13333333333333333
2013-09-09,11:09:41,4.2,25.066566467285156,0.26666666666666666
2013-09-09,11:14:41,4.666666666666667,23.866564432779953,0.5333333333333333
2013-09-09,11:19:41,6.333333333333334,31.533279418945316,0.3333333333333333
2013-09-09,11:24:41,4.0,40.39990743001302,0.06666666666666668
2013-09-09,11:29:41,4.8,29.733250935872395,0.13333333333333333
2013-09-09,11:34:41,3.8666666666666663,28.133252461751308,0.06666666666666668
2013-09-09,11:39:41,4.6,26.666577657063794,0.13333333333333333
2013-09-09,11:44:41,4.133333333333333,24.33327992757161,0.13333333333333333
2013-09-09,11:49:41,4.133333333333333,24.866625467936203,0.06666666666666668
2013-09-09,11:54:41,4.333333333333333,26.733233133951824,0.13333333333333333
2013-09-09,11:59:41,3.933333333333333,23.999964396158852,0.26666666666666666
2013-09-09,12:04:41,4.533333333333333,23.599891662597656,0.13333333333333333
2013-09-09,12:09:42,3.933333333333333,25.06657918294271,0.13333333333333333
2013-09-09,12:14:42,4.8,23.799896240234375,0.6
2013-09-09,12:19:42,3.733333333333333,23.2666015625,0.13333333333333333
2013-09-09,12:24:42,4.466666666666667,28.999900817871094,0.3333333333333333
2013-09-09,12:29:42,4.333333333333333,28.533210754394535,0.13333333333333333
2013-09-09,12:34:42,4.533333333333333,25.066630045572925,0.2
2013-09-09,12:39:42,4.2,24.99988555908203,0.2
2013-09-09,12:44:42,4.266666666666667,22.466608683268234,0.13333333333333333
2013-09-09,12:49:42,4.533333333333333,23.73324076334636,0.2
2013-09-09,12:54:42,3.8,23.13323974609375,0.2
2013-09-09,12:59:42,4.866666666666667,26.933263142903645,0.2
2013-09-09,13:04:42,3.933333333333333,26.19993845621745,0.2
2013-09-09,13:09:42,4.466666666666667,25.666592915852863,0.13333333333333333
2013-09-09,13:14:42,4.2,23.999926249186203,0.06666666666666668
2013-09-09,13:19:42,4.466666666666667,27.999928792317714,0.2
2013-09-09,13:24:42,4.0,28.066609700520832,0.13333333333333333
2013-09-09,13:29:42,4.266666666666667,23.99993896484375,0.06666666666666668
2013-09-09,13:34:42,4.6,25.999908447265625,0.06666666666666668
2013-09-09,13:39:42,3.8,27.999954223632812,0.06666666666666668
2013-09-09,13:44:42,4.733333333333333,25.799929300944008,0.06666666666666668
2013-09-09,13:49:42,3.8666666666666663,26.466585795084637,0.4666666666666667
2013-09-09,13:54:42,4.466666666666667,25.866572062174487,0.13333333333333333
2013-09-09,13:59:42,4.266666666666667,25.199940999348964,0.2
2013-09-09,14:04:42,4.466666666666667,26.733296712239586,0.2
2013-09-09,14:09:42,4.133333333333333,26.333236694335938,0.06666666666666668
2013-09-09,14:14:42,4.066666666666666,24.866587320963546,0.5333333333333333
2013-09-09,14:19:42,4.6,25.99992116292318,0.26666666666666666
2013-09-09,14:24:42,3.733333333333333,24.599901835123696,0.06666666666666668
2013-09-09,14:29:42,5.0,23.99993896484375,0.13333333333333333
2013-09-09,14:34:42,3.8,22.799924214680985,0.13333333333333333
2013-09-09,14:39:42,4.533333333333333,23.93324534098307,0.2
2013-09-09,14:44:42,4.266666666666667,22.39990234375,0.2
2013-09-09,14:49:42,4.533333333333333,24.333241780598954,0.06666666666666668
2013-09-09,14:54:42,4.2,24.733289082845054,0.06666666666666668
2013-09-09,14:59:43,4.066666666666666,23.46659342447917,0.13333333333333333
2013-09-09,15:04:43,4.533333333333333,25.06657918294271,0.2
2013-09-09,15:09:43,3.666666666666667,24.333254496256508,0.13333333333333333
2013-09-09,15:14:43,4.933333333333334,19.799868265787758,0.13333333333333333
2013-09-09,15:19:43,3.8,24.06658172607422,0.06666666666666668
2013-09-09,15:24:43,4.333333333333333,23.79993438720703,0.13333333333333333
2013-09-09,15:29:43,4.2,20.999908447265625,0.13333333333333333
2013-09-09,15:34:43,3.933333333333333,21.933224995930985,0.13333333333333333
2013-09-09,15:39:43,4.6,23.199920654296875,0.26666666666666666
2013-09-09,15:44:43,4.2,23.19995880126953,0.2
2013-09-09,15:49:43,4.6,24.533233642578125,0.06666666666666668
2013-09-09,15:54:43,3.733333333333333,24.999923706054688,0.06666666666666668
2013-09-09,15:59:43,4.933333333333334,24.066594441731766,0.06666666666666668
2013-09-09,16:04:43,4.066666666666666,24.999936421712242,0.3333333333333333
2013-09-09,16:09:43,4.6,25.999908447265625,0.26666666666666666
2013-09-09,16:14:43,4.2,23.399925231933594,0.2
2013-09-09,16:19:43,4.2,24.866574605305985,0.13333333333333333
2013-09-09,16:24:43,4.4,25.399907430013013,0.13333333333333333
2013-09-09,16:29:43,4.133333333333333,23.133277893066406,0.13333333333333333
2013-09-09,16:34:43,4.333333333333333,23.133252461751304,0.13333333333333333
2013-09-09,16:39:43,3.8,27.79994964599609,0.06666666666666668
2013-09-09,16:44:43,4.8,26.26659393310547,0.06666666666666668
2013-09-09,16:49:43,3.733333333333333,26.066602071126304,0.2
2013-09-09,16:54:43,4.466666666666667,27.86657969156901,0.13333333333333333
2013-09-09,16:59:43,4.133333333333333,25.733248392740894,0.06666666666666668
2013-09-09,17:04:43,4.333333333333333,21.86659495035807,0.2
2013-09-09,17:09:43,4.266666666666667,21.199913024902344,0.13333333333333333
2013-09-09,17:14:43,4.066666666666666,28.06654612223307,0.13333333333333333
2013-09-09,17:19:43,4.6,23.39996337890625,0.2
2013-09-09,17:24:43,3.8666666666666663,24.933268229166664,0.2
2013-09-09,17:29:43,4.933333333333334,26.46656036376953,0.13333333333333333
2013-09-09,17:34:43,3.933333333333333,23.599891662597656,0.06666666666666668
2013-09-09,17:39:43,4.533333333333333,23.86660257975261,0.13333333333333333
2013-09-09,17:44:43,4.2,21.199913024902344,0.13333333333333333
2013-09-09,17:49:43,4.4,25.39997100830078,0.06666666666666668
2013-09-09,17:54:43,4.333333333333333,25.5999247233073,0.2
2013-09-09,17:59:43,4.0,23.73326619466146,0.13333333333333333
2013-09-09,18:04:43,4.533333333333333,27.39990234375,0.26666666666666666
2013-09-09,18:09:43,3.8666666666666663,26.59993489583334,0.13333333333333333
2013-09-09,18:14:43,4.866666666666667,25.733261108398438,0.26666666666666666
2013-09-09,18:19:43,3.933333333333333,28.19992065429687,0.2
2013-09-09,18:24:43,4.533333333333333,24.999936421712242,0.13333333333333333
2013-09-09,18:29:43,4.2,23.266614278157547,0.06666666666666668
2013-09-09,18:34:43,4.166666666666667,25.99989573160808,0
2013-09-09,18:39:43,4.133333333333333,24.666620890299477,0.2
2013-09-09,18:44:43,4.333333333333333,27.133229573567714,0.13333333333333333
2013-09-09,18:49:43,4.6,24.19991811116536,0.13333333333333333
2013-09-09,18:54:44,3.8,23.066584269205727,0.06666666666666668
2013-09-09,18:59:44,4.866666666666667,20.733235677083336,0.06666666666666668
2013-09-09,19:04:44,3.8,24.066594441731766,0.26666666666666666
2013-09-09,19:09:44,4.6,27.59990692138672,0.06666666666666668
2013-09-09,19:14:44,4.066666666666666,26.133219401041675,0.13333333333333333
2013-09-09,19:19:44,4.533333333333333,24.19994354248047,0.2
2013-09-09,19:24:44,4.2,24.799957275390625,0.13333333333333333
2013-09-09,19:29:44,4.133333333333333,23.733253479003906,0.2
2013-09-09,19:34:44,4.4,23.999913533528648,0.13333333333333333
2013-09-09,19:39:44,3.933333333333333,26.599922180175785,0.06666666666666668
2013-09-09,19:44:44,4.733333333333333,25.599912007649746,0.4
2013-09-09,19:49:44,3.8666666666666663,22.799949645996094,0.06666666666666668
2013-09-09,19:54:44,4.466666666666667,24.53324635823568,0.13333333333333333
2013-09-09,19:59:44,4.133333333333333,25.73323567708334,0.2
2013-09-09,20:04:44,4.666666666666667,25.933303833007816,0.13333333333333333
2013-09-09,20:09:44,4.133333333333333,24.799957275390625,0.06666666666666668
2013-09-09,20:14:44,4.2,24.799931844075516,0.26666666666666666
2013-09-09,20:19:44,4.466666666666667,21.99993133544922,0.06666666666666668
2013-09-09,20:24:44,3.8666666666666663,24.99991099039714,0.06666666666666668
2013-09-09,20:29:44,4.8,24.333241780598954,0.2
2013-09-09,20:34:44,3.8,24.533259073893227,0.13333333333333333
2013-09-09,20:39:44,4.4,21.99993133544922,0.13333333333333333
2013-09-09,20:44:44,4.2,23.46659342447917,0.06666666666666668
2013-09-09,20:49:44,4.466666666666667,26.466573079427086,0.06666666666666668
2013-09-09,20:54:44,4.066666666666666,26.53327941894531,0.13333333333333333
2013-09-09,20:59:44,4.2,24.866600036621094,0.13333333333333333
2013-09-09,21:04:44,4.6,24.466603597005204,0.13333333333333333
2013-09-09,21:09:44,5.466666666666666,31.066576639811206,0.2
2013-09-09,21:14:44,4.733333333333333,27.33322143554687,0.2
2013-09-09,21:19:44,3.8,25.666605631510414,0.2
2013-09-09,21:24:44,4.466666666666667,24.199905395507812,0.13333333333333333
2013-09-09,21:29:44,4.0,23.19995880126953,0.06666666666666668
2013-09-09,21:34:44,4.533333333333333,25.399920145670567,0.13333333333333333
2013-09-09,21:39:44,4.2,26.13325754801432,0.06666666666666668
2013-09-09,21:44:44,4.133333333333333,24.866612752278648,0.2
2013-09-09,21:49:45,4.533333333333333,25.399945576985676,0.13333333333333333
2013-09-09,21:54:45,4.2,23.133290608723954,0.06666666666666668
2013-09-09,21:59:45,4.6,22.19989776611328,0.06666666666666668
2013-09-09,22:04:45,3.933333333333333,24.799906412760414,0.2
2013-09-09,22:09:45,4.533333333333333,27.466583251953125,0.2
2013-09-09,22:14:45,4.0,24.66658274332682,0.13333333333333333
2013-09-09,22:19:45,4.4,24.199905395507812,0.06666666666666668
2013-09-09,22:24:45,4.066666666666666,26.199913024902344,0.13333333333333333
2013-09-09,22:29:45,4.2,26.799926757812496,0.06666666666666668
2013-09-09,22:34:45,4.466666666666667,24.133313496907547,0.06666666666666668
2013-09-09,22:39:45,4.066666666666666,22.93324788411458,0.13333333333333333
2013-09-09,22:44:45,4.266666666666667,25.19992828369141,0.06666666666666668
2013-09-09,22:49:45,3.8,24.19994354248047,0.06666666666666668
2013-09-09,22:54:45,4.6,27.86656697591146,0.2
2013-09-09,22:59:45,3.8666666666666663,23.39996337890625,0.06666666666666668
2013-09-09,23:04:45,4.666666666666667,24.199905395507812,0.3333333333333333
2013-09-09,23:09:45,4.133333333333333,23.599891662597656,0.06666666666666668
2013-09-09,23:14:45,4.2,26.399917602539062,0.06666666666666668
2013-09-09,23:19:45,4.466666666666667,26.399917602539062,0.2
2013-09-09,23:24:45,3.8,24.999961853027344,0.13333333333333333
2013-09-09,23:29:45,4.866666666666667,22.199935913085938,0.06666666666666668
2013-09-09,23:34:45,3.8,24.199905395507812,0.06666666666666668
2013-09-09,23:39:45,4.866666666666667,24.866587320963546,0.2
2013-09-09,23:44:45,3.8666666666666663,27.399940490722656,0.06666666666666668
2013-09-09,23:49:45,4.466666666666667,25.39993286132812,0.13333333333333333
2013-09-09,23:54:45,4.2,24.999923706054688,0.13333333333333333
2013-09-09,23:59:45,4.266666666666667,25.799903869628903,0.13333333333333333
2013-09-10,00:04:45,4.666666666666667,26.199913024902344,0.06666666666666668
2013-09-10,00:09:45,4.0,25.59989929199219,0.13333333333333333
2013-09-10,00:14:45,5.0,24.19994354248047,0.13333333333333333
2013-09-10,00:19:45,4.0,26.599960327148438,0.06666666666666668
2013-09-10,00:24:45,4.866666666666667,26.399917602539062,0.13333333333333333
2013-09-10,00:29:45,4.0,22.599945068359375,0.13333333333333333
2013-09-10,00:34:45,4.666666666666667,21.99993133544922,0.06666666666666668
2013-09-10,00:39:46,4.266666666666667,24.999923706054688,0.2
2013-09-10,00:44:46,4.333333333333333,23.99993896484375,0.06666666666666668
2013-09-10,00:49:46,4.666666666666667,24.79991912841797,0.06666666666666668
2013-09-10,00:54:46,3.933333333333333,22.799949645996094,0.13333333333333333
2013-09-10,00:59:46,5.0,22.999916076660156,0.06666666666666668
2013-09-10,01:04:46,4.0,27.199859619140625,0.13333333333333333
2013-09-10,01:09:46,4.866666666666667,26.199913024902344,0.2
2013-09-10,01:14:46,4.066666666666666,25.99994659423828,0.13333333333333333
2013-09-10,01:19:46,4.666666666666667,26.399917602539062,0.13333333333333333
2013-09-10,01:24:46,4.2,22.599945068359375,0.06666666666666668
2013-09-10,01:29:46,4.333333333333333,26.399955749511715,0.26666666666666666
2013-09-10,01:34:46,4.666666666666667,27.79987335205078,0.06666666666666668
2013-09-10,01:39:45,3.933333333333333,24.466565450032547,0.2
2013-09-10,01:44:45,4.933333333333334,26.99993133544922,0.06666666666666668
2013-09-10,01:49:45,4.0,23.99993896484375,0.06666666666666668
2013-09-10,01:54:45,4.933333333333334,25.133260091145825,0.13333333333333333
2013-09-10,01:59:45,3.933333333333333,26.466611226399746,0.06666666666666668
2013-09-10,02:04:45,4.666666666666667,26.599922180175785,0.13333333333333333
2013-09-10,02:09:45,4.266666666666667,25.59986114501953,0.06666666666666668
2013-09-10,02:14:46,4.333333333333333,25.39993286132812,0.06666666666666668
2013-09-10,02:19:46,4.666666666666667,22.399940490722656,0.13333333333333333
2013-09-10,02:24:46,3.933333333333333,24.599952697753906,0.13333333333333333
2013-09-10,02:29:46,4.8,21.99993133544922,0.06666666666666668
2013-09-10,02:34:46,4.0,24.39990997314453,0.13333333333333333
2013-09-10,02:39:46,4.933333333333334,22.999916076660156,0.2
2013-09-10,02:44:46,3.933333333333333,24.19994354248047,0.13333333333333333
2013-09-10,02:49:46,4.466666666666667,26.399917602539062,0.06666666666666668
2013-09-10,02:54:46,4.133333333333333,26.399955749511715,0.06666666666666668
2013-09-10,02:59:46,4.2,24.59991455078125,0.13333333333333333
2013-09-10,03:04:46,4.6,25.19992828369141,0.06666666666666668
2013-09-10,03:09:46,3.8666666666666663,24.399948120117188,0.2
2013-09-10,03:14:46,6.933333333333334,42.53323872884114,0.13333333333333333
2013-09-10,03:19:46,4.266666666666667,31.199913024902344,0.26666666666666666
2013-09-10,03:24:46,4.666666666666667,24.399948120117188,0.06666666666666668
2013-09-10,03:29:46,4.266666666666667,24.399948120117188,0.2
2013-09-10,03:34:46,4.333333333333333,21.59992218017578,0.06666666666666668
2013-09-10,03:39:46,4.666666666666667,22.866579691569015,0.13333333333333333
2013-09-10,03:44:46,3.933333333333333,25.19989013671875,0.06666666666666668
2013-09-10,03:49:46,4.933333333333334,23.79993438720703,0.06666666666666668
2013-09-10,03:54:46,3.933333333333333,25.599937438964844,0.06666666666666668
2013-09-10,03:59:46,4.8,22.066586812337235,0.06666666666666668
2013-09-10,04:04:46,4.066666666666666,27.799911499023438,0.06666666666666668
2013-09-10,04:09:46,4.666666666666667,22.799949645996094,0.2
2013-09-10,04:14:46,4.2,26.199913024902344,0.06666666666666668
2013-09-10,04:19:46,4.133333333333333,26.599960327148438,0.2
2013-09-10,04:24:46,4.4,24.19994354248047,0.06666666666666668
2013-09-10,04:29:46,3.8666666666666663,21.7999267578125,0.13333333333333333
2013-09-10,04:34:46,5.0,23.599929809570312,0.13333333333333333
2013-09-10,04:39:46,3.733333333333333,26.199951171875004,0.06666666666666668
2013-09-10,04:44:46,4.866666666666667,25.59989929199219,0.26666666666666666
2013-09-10,04:49:47,3.8666666666666663,23.99993896484375,0.06666666666666668
2013-09-10,04:54:47,4.6,24.399948120117188,0.2
2013-09-10,04:59:47,4.266666666666667,22.799949645996094,0.13333333333333333
2013-09-10,05:04:47,4.266666666666667,24.66658274332682,0.13333333333333333
2013-09-10,05:09:47,4.6,25.19989013671875,0.2
2013-09-10,05:14:47,3.8,25.19992828369141,0.13333333333333333
2013-09-10,05:19:47,4.933333333333334,24.999961853027344,0.13333333333333333
2013-09-10,05:24:47,3.8666666666666663,23.99993896484375,0.2
2013-09-10,05:29:47,4.933333333333334,21.333249409993492,0.06666666666666668
2013-09-10,05:34:47,3.666666666666667,25.39993286132812,0.06666666666666668
2013-09-10,05:39:47,4.6,21.7999267578125,0.06666666666666668
2013-09-10,05:44:47,4.0,25.266596476236973,0.06666666666666668
2013-09-10,05:49:47,4.0,24.133249918619796,0.13333333333333333
2013-09-10,05:54:47,4.466666666666667,24.333254496256508,0.06666666666666668
2013-09-10,05:59:47,3.733333333333333,24.59991455078125,0.2
2013-09-10,06:04:47,4.933333333333334,25.333277384440112,0.2
2013-09-10,06:09:47,3.666666666666667,29.733250935872395,0.13333333333333333
2013-09-10,06:14:47,5.0,26.266581217447914,0.13333333333333333
2013-09-10,06:19:47,3.8,27.799911499023438,0.06666666666666668
2013-09-10,06:24:47,4.6,26.199951171875004,0.2
2013-09-10,06:29:47,4.066666666666666,24.666608174641922,0.13333333333333333
2013-09-10,06:34:47,4.2,25.999908447265625,0.26666666666666666
2013-09-10,06:39:47,4.333333333333333,25.466601053873706,0.2
2013-09-10,06:44:47,3.933333333333333,23.066571553548172,0.26666666666666666
2013-09-10,06:49:47,4.866666666666667,23.79993438720703,0.06666666666666668
2013-09-10,06:54:47,3.933333333333333,23.866640726725258,0.2
2013-09-10,06:59:47,4.933333333333334,25.066604614257816,0.2
2013-09-10,07:04:47,3.933333333333333,24.333267211914062,0.13333333333333333
2013-09-10,07:09:47,4.6,22.933286031087235,0.2
2013-09-10,07:14:47,4.066666666666666,23.86660257975261,0.13333333333333333
2013-09-10,07:19:47,4.2,22.866617838541664,0.13333333333333333
2013-09-10,07:24:48,4.533333333333333,24.53328450520833,0.06666666666666668
2013-09-10,07:29:48,3.933333333333333,25.933252970377602,0.13333333333333333
2013-09-10,07:34:48,4.666666666666667,23.66658528645833,0.06666666666666668
2013-09-10,07:39:48,3.933333333333333,24.466578165690102,0.13333333333333333
2013-09-10,07:44:48,4.733333333333333,24.19994354248047,0.2
2013-09-10,07:49:48,3.933333333333333,25.93327840169271,0.13333333333333333
2013-09-10,07:54:48,4.466666666666667,24.79994455973307,0.06666666666666668
2013-09-10,07:59:48,4.333333333333333,23.066584269205727,0.4
2013-09-10,08:04:48,4.066666666666666,22.266565958658852,0.2
2013-09-10,08:09:48,4.666666666666667,26.66656494140625,0.13333333333333333
2013-09-10,08:14:48,3.933333333333333,24.799906412760414,0.26666666666666666
2013-09-10,08:19:48,4.933333333333334,25.5999755859375,0.2
2013-09-10,08:24:48,3.8666666666666663,25.199940999348964,0.13333333333333333
2013-09-10,08:29:48,4.866666666666667,25.466639200846352,0.13333333333333333
2013-09-10,08:34:48,3.733333333333333,26.33331298828125,0.13333333333333333
2013-09-10,08:39:48,4.333333333333333,27.333196004231763,0.13333333333333333
2013-09-10,08:44:48,4.2,24.133275349934898,0.13333333333333333
2013-09-10,08:49:48,4.266666666666667,23.73326619466146,0.3333333333333333
2013-09-10,08:54:48,4.4,21.59992218017578,0.06666666666666668
2013-09-10,08:59:48,3.933333333333333,25.866572062174487,0.13333333333333333
2013-09-10,09:04:48,4.6,25.53328196207682,0.13333333333333333
2013-09-10,09:09:48,3.933333333333333,26.93325042724609,0.06666666666666668
2013-09-10,09:14:48,4.466666666666667,26.5332539876302,0.6666666666666666
2013-09-10,09:19:48,4.6,25.399983723958336,0.06666666666666668
2013-09-10,09:24:48,4.4,26.5332539876302,0.2
2013-09-10,09:29:48,4.066666666666666,24.933242797851562,0.2
2013-09-10,09:34:49,4.333333333333333,24.33327992757161,1.0
2013-09-10,09:39:49,4.466666666666667,22.666613260904946,0.4666666666666667
2013-09-10,09:44:49,4.2,26.333262125651043,0.26666666666666666
2013-09-10,09:49:49,4.4,27.86656697591146,0.2
2013-09-10,09:54:49,3.933333333333333,25.93327840169271,0.6
2013-09-10,09:59:49,4.6,25.999870300292972,0.6
2013-09-10,10:04:49,4.133333333333333,24.79991912841797,0.6666666666666666
2013-09-10,10:09:49,4.466666666666667,26.066614786783855,0.7333333333333333
2013-09-10,10:14:49,4.266666666666667,23.19995880126953,0.2
2013-09-10,10:19:49,4.133333333333333,25.733273824055992,0.26666666666666666
2013-09-10,10:24:49,4.333333333333333,23.79993438720703,0.06666666666666668
2013-09-10,10:29:49,4.133333333333333,25.866610209147133,0.3333333333333333
2013-09-10,10:34:49,4.4,26.799914042154942,0.13333333333333333
2013-09-10,10:39:49,3.933333333333333,30.73327382405599,0.13333333333333333
2013-09-10,10:44:49,4.6,27.333234151204426,0.7333333333333333
2013-09-10,10:49:48,3.933333333333333,28.933232625325523,0.13333333333333333
2013-09-10,10:54:48,4.533333333333333,25.333251953125004,0.3333333333333333
2013-09-10,10:59:48,4.333333333333333,26.999944051106773,0.6666666666666666
2013-09-10,11:04:49,4.066666666666666,26.466611226399746,0.13333333333333333
2013-09-10,11:09:49,4.333333333333333,25.19992828369141,0.5333333333333333
2013-09-10,11:14:49,4.266666666666667,25.39993286132812,0.26666666666666666
2013-09-10,11:19:49,4.333333333333333,24.733289082845054,0.2
2013-09-10,11:24:49,4.0,26.333223978678383,0.3333333333333333
2013-09-10,11:29:49,4.6,28.666559855143237,0.2
2013-09-10,11:34:49,4.0,25.999870300292972,0.3333333333333333
2013-09-10,11:39:49,4.533333333333333,25.799916585286457,0.3333333333333333
2013-09-10,11:44:49,4.066666666666666,25.266596476236973,0.2
2013-09-10,11:49:49,4.2,23.733304341634117,0.13333333333333333
2013-09-10,11:54:49,4.533333333333333,24.799906412760414,0.2
2013-09-10,11:59:49,4.2,23.86660257975261,0.8
2013-09-10,12:04:49,4.933333333333334,23.266588846842446,0.3333333333333333
2013-09-10,12:09:49,5.0,29.266573588053387,0.7333333333333333
2013-09-10,12:14:49,4.6,24.999949137369796,0.2
2013-09-10,12:19:49,3.8,25.5999247233073,0.13333333333333333
2013-09-10,12:24:49,4.466666666666667,23.99993896484375,0.2
2013-09-10,12:29:49,4.066666666666666,25.133260091145825,0.13333333333333333
2013-09-10,12:34:49,4.266666666666667,23.599904378255204,0.3333333333333333
2013-09-10,12:39:49,4.533333333333333,24.666608174641922,0.2
2013-09-10,12:44:49,4.266666666666667,22.866617838541664,0.3333333333333333
2013-09-10,12:49:49,4.4,25.26655832926432,0.4666666666666667
2013-09-10,12:54:49,3.8666666666666663,24.399935404459633,0.3333333333333333
2013-09-10,12:59:49,4.933333333333334,23.733278910319015,0.2
2013-09-10,13:04:49,4.0,23.933258056640625,0.7333333333333333
2013-09-10,13:09:49,4.533333333333333,26.99995676676432,0.13333333333333333
2013-09-10,13:14:49,4.133333333333333,27.866592407226566,0.2
2013-09-10,13:19:49,4.4,26.866544087727867,0.8666666666666667
2013-09-10,13:24:49,4.266666666666667,25.466626485188804,0.2
2013-09-10,13:29:50,4.2,27.533276875813794,0.2
2013-09-10,13:34:50,4.333333333333333,27.866592407226566,0.13333333333333333
2013-09-10,13:39:50,3.8666666666666663,26.666628519694008,0.06666666666666668
2013-09-10,13:44:50,4.733333333333333,25.333264668782558,0.13333333333333333
2013-09-10,13:49:50,3.8,25.53328196207682,0.26666666666666666
2013-09-10,13:54:50,4.466666666666667,24.7332763671875,0.13333333333333333
2013-09-10,13:59:50,4.133333333333333,26.46659851074219,0.26666666666666666
2013-09-10,14:04:50,4.4,25.06659189860026,0.26666666666666666
2013-09-10,14:09:50,4.333333333333333,24.26657358805339,0.13333333333333333
2013-09-10,14:14:50,4.133333333333333,25.066630045572925,0.13333333333333333
2013-09-10,14:19:50,4.4,24.866574605305985,0.2
2013-09-10,14:24:50,3.8,28.266588846842456,0.06666666666666668
2013-09-10,14:29:50,4.8,25.866597493489586,0.06666666666666668
2013-09-10,14:34:50,3.8666666666666663,25.533231099446606,0.2
2013-09-10,14:39:50,4.6,26.666603088378903,0.4
2013-09-10,14:44:50,4.133333333333333,24.26661173502604,0.2
2013-09-10,14:49:50,4.533333333333333,23.133252461751304,0.13333333333333333
2013-09-10,14:54:50,4.2,26.19993845621745,0.13333333333333333
2013-09-10,14:59:50,4.333333333333333,25.66661834716797,0.26666666666666666
2013-09-10,15:04:50,4.6,27.06656138102213,0.26666666666666666
2013-09-10,15:09:50,3.8,23.266626993815102,0.3333333333333333
2013-09-10,15:14:50,4.866666666666667,26.399904886881508,0.2
2013-09-10,15:19:50,3.8666666666666663,29.399871826171875,0.3333333333333333
2013-09-10,15:24:50,4.666666666666667,25.06659189860026,0.3333333333333333
2013-09-10,15:29:50,4.2,26.333211263020832,0.26666666666666666
2013-09-10,15:34:50,4.6,26.13320668538412,0.13333333333333333
2013-09-10,15:39:50,4.133333333333333,26.06658935546875,0.26666666666666666
2013-09-10,15:44:50,4.266666666666667,25.26655832926432,0.3333333333333333
2013-09-10,15:49:50,4.466666666666667,23.66658528645833,0.13333333333333333
2013-09-10,15:54:50,3.933333333333333,21.399892171223957,0.13333333333333333
2013-09-10,15:59:50,8.333333333333334,17.999839782714844,1.0
2013-09-10,16:04:50,4.133333333333333,23.866564432779953,0.26666666666666666
2013-09-10,16:09:50,4.666666666666667,26.733258565266933,0.13333333333333333
2013-09-10,16:14:50,4.333333333333333,25.933265686035156,0.4
2013-09-10,16:19:50,4.2,26.599884033203125,0.4
2013-09-10,16:24:50,4.666666666666667,25.266609191894528,0.2
2013-09-10,16:29:51,4.333333333333333,25.79989115397135,0.26666666666666666
2013-09-10,16:34:51,4.466666666666667,26.06655120849609,0.06666666666666668
2013-09-10,16:39:51,3.8666666666666663,26.799914042154942,0.2
2013-09-10,16:44:51,4.8,26.066614786783855,0.13333333333333333
2013-09-10,16:49:51,4.0,25.133260091145825,0.06666666666666668
2013-09-10,16:54:51,4.466666666666667,22.13326772054036,0.06666666666666668
2013-09-10,16:59:51,4.133333333333333,24.33327992757161,0.13333333333333333
2013-09-10,17:04:51,4.333333333333333,25.59989929199219,0.26666666666666666
2013-09-10,17:09:51,4.6,22.999954223632812,0.26666666666666666
2013-09-10,17:14:51,4.266666666666667,27.066574096679684,0.2
2013-09-10,17:19:51,4.6,26.666539510091148,0.26666666666666666
2013-09-10,17:24:51,3.8666666666666663,23.333257039388016,0.3333333333333333
2013-09-10,17:29:51,4.8,21.73325856526693,0.06666666666666668
2013-09-10,17:34:51,4.0,22.799949645996094,0.13333333333333333
2013-09-10,17:39:51,4.466666666666667,22.73325602213542,0.06666666666666668
2013-09-10,17:44:51,4.133333333333333,23.93321990966797,0.06666666666666668
2013-09-10,17:49:51,4.4,22.999916076660156,0.06666666666666668
2013-09-10,17:54:51,4.066666666666666,22.866579691569015,0.13333333333333333
2013-09-10,17:59:51,4.266666666666667,25.599937438964844,0.26666666666666666
2013-09-10,18:04:51,4.533333333333333,25.733311971028638,0.3333333333333333
2013-09-10,18:09:51,3.8,27.133267720540367,0.26666666666666666
2013-09-10,18:14:51,4.666666666666667,26.39994303385416,0.13333333333333333
2013-09-10,18:19:51,3.733333333333333,25.999883015950527,0.13333333333333333
2013-09-10,18:24:51,4.4,25.333226521809898,0.26666666666666666
2013-09-10,18:29:51,4.0,27.533226013183594,0.06666666666666668
2013-09-10,18:34:51,4.533333333333333,23.19995880126953,0.13333333333333333
2013-09-10,18:39:51,4.133333333333333,24.33329264322917,0.06666666666666668
2013-09-10,18:44:51,4.266666666666667,26.933212280273438,0.06666666666666668
2013-09-10,18:49:51,4.25,24.083264668782554,0.08333333333333333
2013-09-10,18:54:51,6.066666666666666,26.799914042154942,0.2
2013-09-10,18:59:51,4.933333333333334,41.93323771158854,0.13333333333333333
2013-09-10,19:04:51,4.333333333333333,28.999900817871094,0.3333333333333333
2013-09-10,19:09:51,4.266666666666667,28.133239746093754,0.13333333333333333
2013-09-10,19:14:51,4.466666666666667,24.53328450520833,0.26666666666666666
2013-09-10,19:19:51,4.2,21.666590372721352,0.06666666666666668
2013-09-10,19:24:51,4.466666666666667,21.79990132649739,0.06666666666666668
2013-09-10,19:29:52,4.0,25.133260091145825,0.13333333333333333
2013-09-10,19:34:52,4.733333333333333,26.5332539876302,0.3333333333333333
2013-09-10,19:39:52,4.0,28.73326619466146,0.26666666666666666
2013-09-10,19:44:52,4.6,26.599922180175785,0.26666666666666666
2013-09-10,19:49:51,4.333333333333333,23.59995524088542,0.06666666666666668
2013-09-10,19:54:51,4.466666666666667,25.266571044921875,0.13333333333333333
2013-09-10,19:59:51,4.133333333333333,25.799942016601562,0.13333333333333333
2013-09-10,20:04:51,4.266666666666667,21.73325856526693,0.2
2013-09-10,20:09:51,4.4,24.599876403808594,0.13333333333333333
2013-09-10,20:14:51,3.933333333333333,25.533256530761715,0.06666666666666668
2013-09-10,20:19:51,4.8,23.79994710286458,0.13333333333333333
2013-09-10,20:24:51,3.933333333333333,26.866569519042972,0.13333333333333333
2013-09-10,20:29:51,4.4,26.799964904785156,0.06666666666666668
2013-09-10,20:34:52,4.266666666666667,23.999900817871094,0.06666666666666668
2013-09-10,20:39:52,4.466666666666667,23.399950663248696,0.13333333333333333
2013-09-10,20:44:52,4.2,27.799936930338536,0.3333333333333333
2013-09-10,20:49:52,4.133333333333333,22.866617838541664,0.26666666666666666
2013-09-10,20:54:52,4.266666666666667,22.666613260904946,0.06666666666666668
2013-09-10,20:59:52,3.8,22.399940490722656,0.06666666666666668
2013-09-10,21:04:52,4.733333333333333,23.266576131184898,0.26666666666666666
2013-09-10,21:09:52,4.8,24.06660715738932,0.06666666666666668
2013-09-10,21:14:52,4.733333333333333,32.06653594970703,0.13333333333333333
2013-09-10,21:19:52,4.2,25.99989573160808,0.06666666666666668
2013-09-10,21:24:52,4.4,24.799957275390625,0.13333333333333333
2013-09-10,21:29:52,4.133333333333333,25.13329823811849,0.06666666666666668
2013-09-10,21:34:52,4.266666666666667,22.73325602213542,0.06666666666666668
2013-09-10,21:39:52,4.4,26.5332539876302,0.2
2013-09-10,21:44:52,3.733333333333333,25.333264668782558,0.13333333333333333
2013-09-10,21:49:52,4.666666666666667,24.533220926920578,0.06666666666666668
2013-09-10,21:54:52,3.8,26.333223978678383,0.2
2013-09-10,21:59:52,4.266666666666667,22.799949645996094,0.13333333333333333
2013-09-10,22:04:52,4.266666666666667,24.866574605305985,0.2
2013-09-10,22:09:52,4.466666666666667,25.06659189860026,0.06666666666666668
2013-09-10,22:14:52,4.133333333333333,23.599904378255204,0.13333333333333333
2013-09-10,22:19:52,4.2,24.066632588704422,0.06666666666666668
2013-09-10,22:24:52,4.4,26.866607666015625,0.2
2013-09-10,22:29:52,3.733333333333333,23.799959818522133,0.2
2013-09-10,22:34:52,4.533333333333333,24.066632588704422,0.13333333333333333
2013-09-10,22:39:52,3.8666666666666663,25.39993286132812,0.13333333333333333
2013-09-10,22:44:53,4.533333333333333,26.06658935546875,0.06666666666666668
2013-09-10,22:49:53,4.066666666666666,23.999913533528648,0.06666666666666668
2013-09-10,22:54:53,4.4,25.066630045572925,0.06666666666666668
2013-09-10,22:59:53,4.133333333333333,24.26661173502604,0.2
2013-09-10,23:04:53,4.266666666666667,26.866544087727867,0.2
2013-09-10,23:09:53,4.6,23.933283487955727,0.06666666666666668
2013-09-10,23:14:53,3.8,24.466565450032547,0.13333333333333333
2013-09-10,23:19:53,4.866666666666667,24.133237202962242,0.06666666666666668
2013-09-10,23:24:53,3.928571428571429,22.28559766496931,0.14285714285714285
2013-09-10,23:29:53,4.533333333333333,22.933209737141922,0.13333333333333333
2013-09-10,23:34:53,3.8666666666666663,22.666613260904946,0.26666666666666666
2013-09-10,23:39:53,4.333333333333333,26.266606648763013,0.06666666666666668
2013-09-10,23:44:53,3.8,24.999961853027344,0.06666666666666668
2013-09-10,23:49:53,4.2,26.4666239420573,0.06666666666666668
2013-09-10,23:54:53,4.266666666666667,23.999951680501304,0.06666666666666668
2013-09-10,23:59:53,3.733333333333333,23.533287048339844,0.13333333333333333
2013-09-11,00:04:53,4.866666666666667,24.33327992757161,0.2
2013-09-11,00:09:53,3.8666666666666663,25.06659189860026,0.06666666666666668
2013-09-11,00:14:53,4.466666666666667,24.06658172607422,0.06666666666666668
2013-09-11,00:19:53,4.2,24.53328450520833,0.13333333333333333
2013-09-11,00:24:53,4.333333333333333,23.733304341634117,0.26666666666666666
2013-09-11,00:29:53,4.0,25.799929300944008,0.06666666666666668
2013-09-11,00:34:53,4.0,27.466621398925785,0.13333333333333333
2013-09-11,00:39:53,4.5,28.4999029976981,0.14285714285714285
2013-09-11,00:44:53,3.933333333333333,26.5332539876302,0.06666666666666668
2013-09-11,00:49:53,4.8,26.933237711588536,0.06666666666666668
2013-09-11,00:54:53,3.8666666666666663,26.266606648763013,0.06666666666666668
2013-09-11,00:59:53,4.533333333333333,25.19992828369141,0.2
2013-09-11,01:04:53,4.2,24.599927266438797,0.26666666666666666
2013-09-11,01:09:53,4.933333333333334,24.866612752278648,0.13333333333333333
2013-09-11,01:14:53,4.2,25.93329111735026,0.13333333333333333
2013-09-11,01:19:53,4.066666666666666,26.066576639811196,0.06666666666666668
2013-09-11,01:24:53,4.4,24.399948120117188,0.13333333333333333
2013-09-11,01:29:53,3.8,22.066599527994796,0.13333333333333333
2013-09-11,01:34:53,4.466666666666667,24.133313496907547,0.06666666666666668
2013-09-11,01:39:54,3.8666666666666663,28.599929809570312,0.06666666666666668
2013-09-11,01:44:54,4.6,25.533256530761715,0.06666666666666668
2013-09-11,01:49:54,4.133333333333333,25.733273824055992,0.13333333333333333
2013-09-11,01:54:54,4.4,23.79993438720703,0.2
2013-09-11,01:59:54,3.733333333333333,22.99990336100261,0.26666666666666666
2013-09-11,02:04:54,4.333333333333333,24.53324635823568,0.2
2013-09-11,02:09:54,4.266666666666667,26.133244832356773,0.2
2013-09-11,02:14:54,4.2,24.333267211914062,0.13333333333333333
2013-09-11,02:19:54,4.466666666666667,25.5999247233073,0.06666666666666668
2013-09-11,02:24:54,4.0,24.866587320963546,0.06666666666666668
2013-09-11,02:29:54,4.733333333333333,24.066569010416664,0.06666666666666668
2013-09-11,02:34:54,4.2,23.799972534179688,0.06666666666666668
2013-09-11,02:39:54,5.0,24.666595458984375,0.13333333333333333
2013-09-11,02:44:54,4.333333333333333,23.73324076334636,0.2
2013-09-11,02:49:54,4.266666666666667,22.066599527994796,0.13333333333333333
2013-09-11,02:54:54,4.333333333333333,25.533294677734375,0.06666666666666668
2013-09-11,02:59:54,4.266666666666667,24.933268229166664,0.06666666666666668
2013-09-11,03:04:54,4.4,27.399889628092456,0.13333333333333333
2013-09-11,03:09:54,3.933333333333333,26.333249409993492,0.06666666666666668
2013-09-11,03:14:54,4.666666666666667,23.599942525227867,0.06666666666666668
2013-09-11,03:19:54,4.0,24.599952697753906,0.06666666666666668
2013-09-11,03:24:54,4.533333333333333,26.866607666015625,0.2
2013-09-11,03:29:54,4.071428571428572,23.999908992222377,0.14285714285714285
2013-09-11,03:34:54,4.266666666666667,26.799888610839844,0.13333333333333333
2013-09-11,03:39:54,4.333333333333333,23.733304341634117,0.2
2013-09-11,03:44:54,4.266666666666667,25.13322194417318,0.13333333333333333
2013-09-11,03:49:54,4.466666666666667,25.066630045572925,0.13333333333333333
2013-09-11,03:54:54,4.0,23.571355002267023,0.14285714285714285
2013-09-11,03:59:54,4.466666666666667,23.33329518636068,0.13333333333333333
2013-09-11,04:04:54,4.0,23.333257039388016,0.06666666666666668
2013-09-11,04:09:54,4.666666666666667,21.86659495035807,0.06666666666666668
2013-09-11,04:14:54,4.2,21.266581217447914,0.06666666666666668
2013-09-11,04:19:54,4.666666666666667,24.266624450683594,0.06666666666666668
2013-09-11,04:24:54,4.333333333333333,24.599901835123696,0.26666666666666666
2013-09-11,04:29:54,4.333333333333333,24.133224487304688,0.06666666666666668
2013-09-11,04:34:54,4.266666666666667,21.333249409993492,0.13333333333333333
2013-09-11,04:39:55,4.333333333333333,25.26658376057942,0.2
2013-09-11,04:44:55,4.533333333333333,25.599912007649746,0.13333333333333333
2013-09-11,04:49:55,3.933333333333333,24.999923706054688,0.06666666666666668
2013-09-11,04:54:54,4.6,23.866640726725258,0.06666666666666668
2013-09-11,04:59:54,3.8666666666666663,26.466573079427086,0.06666666666666668
2013-09-11,05:04:54,4.333333333333333,24.999936421712242,0.2
2013-09-11,05:09:54,4.333333333333333,24.533220926920578,0.06666666666666668
2013-09-11,05:14:54,4.5,26.857008252825054,0.2857142857142857
2013-09-11,05:19:54,4.266666666666667,26.93322499593098,0.06666666666666668
2013-09-11,05:24:54,4.333333333333333,24.93328094482422,0.13333333333333333
2013-09-11,05:29:54,4.666666666666667,24.133288065592446,0.26666666666666666
2013-09-11,05:34:54,3.8666666666666663,23.933270772298172,0.13333333333333333
2013-09-11,05:39:54,4.8571428571428585,23.42853546142578,0.14285714285714285
2013-09-11,05:44:54,3.8,25.933214823404942,0.06666666666666668
2013-09-11,05:49:54,4.466666666666667,28.133303324381508,0.2
2013-09-11,05:54:54,4.2,25.13329823811849,0.06666666666666668
2013-09-11,05:59:54,4.6,23.933270772298172,0.06666666666666668
2013-09-11,06:04:54,4.266666666666667,23.733304341634117,0.06666666666666668
2013-09-11,06:09:54,4.333333333333333,27.66657511393229,0.06666666666666668
2013-09-11,06:14:54,4.666666666666667,26.066614786783855,0.2
2013-09-11,06:19:54,3.933333333333333,25.799929300944008,0.2
2013-09-11,06:24:54,5.0,27.733205159505207,0.2
2013-09-11,06:29:54,4.142857142857142,25.5713735307966,0.14285714285714285
2013-09-11,06:34:54,4.266666666666667,23.46659342447917,0.13333333333333333
2013-09-11,06:39:54,4.333333333333333,23.59996795654297,0.06666666666666668
2013-09-11,06:44:54,4.428571428571427,24.07136644635882,0.14285714285714285
2013-09-11,06:49:54,4.266666666666667,26.13320668538412,0.13333333333333333
2013-09-11,06:54:55,4.333333333333333,25.799942016601562,0.06666666666666668
2013-09-11,06:59:55,4.666666666666667,25.46661376953125,0.2
2013-09-11,07:04:55,4.2,25.399881998697914,1.2
2013-09-11,07:09:55,5.0,23.599942525227867,0.2
2013-09-11,07:14:55,4.0,23.06662241617839,0.13333333333333333
2013-09-11,07:19:55,4.6,24.53328450520833,0.13333333333333333
2013-09-11,07:24:55,4.2,24.399948120117188,0.13333333333333333
2013-09-11,07:29:55,4.4,23.86660257975261,0.13333333333333333
2013-09-11,07:34:55,4.133333333333333,26.19990030924479,0.13333333333333333
2013-09-11,07:39:55,4.066666666666666,23.73326619466146,0.06666666666666668
2013-09-11,07:44:55,4.466666666666667,26.199925740559898,0.06666666666666668
2013-09-11,07:49:55,3.8666666666666663,23.533261617024735,0.13333333333333333
2013-09-11,07:54:55,4.733333333333333,25.46658833821615,0.13333333333333333
2013-09-11,07:59:55,3.933333333333333,24.933230082194008,0.06666666666666668
2013-09-11,08:04:55,4.466666666666667,26.066614786783855,0.13333333333333333
2013-09-11,08:09:55,4.333333333333333,23.59996795654297,0.06666666666666668
2013-09-11,08:14:55,4.142857142857142,21.14276885986328,0.21428571428571427
2013-09-11,08:19:55,4.333333333333333,23.06660970052083,0.26666666666666666
2013-09-11,08:24:55,4.066666666666666,25.933214823404942,0.06666666666666668
2013-09-11,08:29:55,4.466666666666667,22.46659596761068,0.13333333333333333
2013-09-11,08:34:55,4.0,24.428490230015345,0.14285714285714285
2013-09-11,08:39:55,4.733333333333333,25.266621907552082,0.06666666666666668
2013-09-11,08:44:55,3.8666666666666663,24.66655731201172,0.3333333333333333
2013-09-11,08:49:55,4.533333333333333,27.133255004882812,0.3333333333333333
2013-09-11,08:54:55,4.266666666666667,24.733263651529953,0.3333333333333333
2013-09-11,08:59:55,4.4,22.59990692138672,0.06666666666666668
2013-09-11,09:04:55,4.333333333333333,24.133224487304688,0.4666666666666667
2013-09-11,09:09:55,3.933333333333333,24.866561889648438,0.06666666666666668
2013-09-11,09:14:55,4.4,22.266565958658852,0.13333333333333333
2013-09-11,09:19:56,4.0,26.133244832356773,0.13333333333333333
2013-09-11,09:24:56,4.533333333333333,25.133260091145825,0.3333333333333333
2013-09-11,09:29:56,3.933333333333333,25.599886576334637,0.26666666666666666
2013-09-11,09:34:56,4.4,26.06658935546875,0.26666666666666666
2013-09-11,09:39:56,4.066666666666666,25.199915568033855,0.06666666666666668
2013-09-11,09:44:56,4.466666666666667,27.266604105631508,0.2
2013-09-11,09:49:56,4.266666666666667,24.466590881347656,0.13333333333333333
2013-09-11,09:54:56,4.266666666666667,24.333241780598954,0.06666666666666668
2013-09-11,09:59:56,7.933333333333334,29.266573588053387,13.466666666666667
2013-09-11,10:04:56,4.0,41.93326314290365,0.4
2013-09-11,10:09:56,4.266666666666667,29.79991912841797,0.13333333333333333
2013-09-11,10:14:56,4.666666666666667,25.99992116292318,0.26666666666666666
2013-09-11,10:19:56,4.333333333333333,23.266588846842446,0.2
2013-09-11,10:24:56,4.666666666666667,25.866597493489586,0.06666666666666668
2013-09-11,10:29:56,4.0,27.199935913085938,0.13333333333333333
2013-09-11,10:39:56,3.933333333333333,23.799972534179688,0.13333333333333333
2013-09-11,10:44:56,4.666666666666667,23.93330891927083,0.2
2013-09-11,10:49:56,4.266666666666667,21.7999267578125,0.26666666666666666
2013-09-11,10:54:56,4.333333333333333,22.799911499023438,0.4666666666666667
2013-09-11,10:59:56,4.666666666666667,22.466608683268234,0.4666666666666667
2013-09-11,11:04:56,4.5,22.249937057495117,0.25
2013-09-11,11:09:56,4.285714285714286,23.785645621163507,0.07692307692307693
2013-09-11,11:14:56,3.8666666666666663,25.86654663085938,0.13333333333333333
2013-09-11,11:19:56,5.0,23.33324432373047,0.06666666666666668
2013-09-11,11:24:56,4.0,25.39989471435547,0.06666666666666668
2013-09-11,11:29:56,4.666666666666667,23.133277893066406,0.06666666666666668
2013-09-11,11:34:56,4.333333333333333,24.799893697102867,0.13333333333333333
2013-09-11,11:39:56,4.266666666666667,26.866556803385418,0.5333333333333333
2013-09-11,11:44:56,4.4,26.399917602539062,0.3333333333333333
2013-09-11,11:49:56,4.333333333333333,23.06662241617839,0.2
2013-09-11,11:54:56,5.866666666666666,25.59989929199219,0.26666666666666666
2013-09-11,11:59:57,4.066666666666666,29.799880981445316,0.2
2013-09-11,12:04:57,5.2,28.39988708496094,0.4
2013-09-11,12:09:57,4.0,25.666567484537754,0.5333333333333333
2013-09-11,12:14:57,4.666666666666667,24.999974568684898,0.06666666666666668
2013-09-11,12:19:57,4.333333333333333,23.79993438720703,0.13333333333333333
2013-09-11,12:24:57,4.333333333333333,25.599937438964844,0.13333333333333333
2013-09-11,12:29:57,4.666666666666667,25.066553751627602,0.26666666666666666
2013-09-11,12:34:57,4.333333333333333,20.866572062174477,0.06666666666666668
2013-09-11,12:39:57,4.6,25.19989013671875,0.3333333333333333
2013-09-11,12:44:57,3.933333333333333,23.999977111816406,0.4666666666666667
2013-09-11,12:49:57,4.666666666666667,25.59989929199219,0.06666666666666668
2013-09-11,12:54:57,3.8666666666666663,25.19992828369141,0.06666666666666668
2013-09-11,12:59:57,4.6,23.79993438720703,0.06666666666666668
2013-09-11,13:04:57,4.333333333333333,26.199913024902344,0.13333333333333333
2013-09-11,13:09:57,4.133333333333333,23.599929809570312,0.06666666666666668
2013-09-11,13:14:57,5.666666666666666,28.866589864095054,0.2
2013-09-11,13:19:57,4.2,27.79994964599609,0.13333333333333333
2013-09-11,13:24:57,4.533333333333333,26.999893188476566,0.13333333333333333
2013-09-11,13:29:57,3.8666666666666663,24.999923706054688,0.13333333333333333
2013-09-11,13:34:57,4.8,23.99993896484375,0.26666666666666666
2013-09-11,13:39:57,3.6,26.799926757812496,0.13333333333333333
2013-09-11,13:44:57,4.533333333333333,27.799911499023438,0.13333333333333333
2013-09-11,13:49:57,4.2,24.999923706054688,0.3333333333333333
2013-09-11,13:54:57,4.066666666666666,24.39990997314453,0.13333333333333333
2013-09-11,13:59:57,4.466666666666667,24.79991912841797,0.13333333333333333
2013-09-11,14:04:57,4.266666666666667,24.999923706054688,0.26666666666666666
2013-09-11,14:09:57,4.6,26.599922180175785,0.13333333333333333
2013-09-11,14:14:57,4.0,21.7999267578125,0.13333333333333333
2013-09-11,14:19:57,4.866666666666667,24.39990997314453,0.13333333333333333
2013-09-11,14:24:57,3.666666666666667,24.59991455078125,0.2
2013-09-11,14:29:57,4.666666666666667,21.7999267578125,0.13333333333333333
2013-09-11,14:34:57,4.066666666666666,22.199935913085938,0.3333333333333333
2013-09-11,14:39:57,4.2,24.59991455078125,0.13333333333333333
2013-09-11,14:44:57,6.4,31.199913024902344,0.2
2013-09-11,14:49:57,4.2,33.99993896484375,0.06666666666666668
2013-09-11,14:54:57,4.466666666666667,26.999893188476566,0.06666666666666668
2013-09-11,14:59:57,3.8666666666666663,24.79991912841797,0.13333333333333333
2013-09-11,15:04:57,4.666666666666667,25.39997100830078,0.2
2013-09-11,15:09:57,3.8,25.99994659423828,0.13333333333333333
2013-09-11,15:14:57,4.466666666666667,25.999908447265625,0.4666666666666667
2013-09-11,15:19:57,4.133333333333333,26.399917602539062,0.2
2013-09-11,15:24:58,4.2,25.599937438964844,0.2
2013-09-11,15:29:58,4.533333333333333,26.799888610839844,0.13333333333333333
2013-09-11,15:34:58,4.2,25.999908447265625,0.3333333333333333
2013-09-11,15:39:58,4.6,24.399948120117188,0.2
2013-09-11,15:44:58,3.8666666666666663,25.19989013671875,0.2
2013-09-11,15:49:58,5.0,24.79991912841797,0.13333333333333333
2013-09-11,15:54:58,3.933333333333333,23.599929809570312,0.2
2013-09-11,15:59:58,4.6,27.59990692138672,0.3333333333333333
2013-09-11,16:04:58,4.4,25.5999755859375,0.2
2013-09-11,16:09:58,4.266666666666667,26.733258565266933,0.13333333333333333
2013-09-11,16:14:58,4.4,26.199951171875004,0.4
2013-09-11,16:19:58,4.266666666666667,23.39996337890625,0.2
2013-09-11,16:24:58,4.4,24.59991455078125,0.06666666666666668
2013-09-11,16:29:58,3.8,23.199920654296875,0.2
2013-09-11,16:34:58,4.8,23.399925231933594,0.13333333333333333
2013-09-11,16:39:58,3.8,23.799972534179688,0.06666666666666668
