Date,Time,CPU,RAM,CHANNEL
2013-08-12,16:40:46,1.4,11.266543070475258,0.06666666666666668
2013-08-12,16:45:46,1.1333333333333333,12.133229573567707,0
2013-08-12,16:50:46,1.0,7.399927775065105,0
2013-08-12,16:55:46,1.0666666666666669,9.33325449625651,0
2013-08-12,17:00:46,1.1333333333333333,7.799936930338541,0
2013-08-12,17:05:46,1.0666666666666669,5.733273824055988,0.13333333333333333
2013-08-12,17:10:46,1.2,7.266604105631512,0.13333333333333333
2013-08-12,17:15:46,1.1333333333333333,6.733283996582032,0
2013-08-12,17:20:46,1.1333333333333333,8.266563415527344,0.5333333333333333
2013-08-12,17:25:46,1.0666666666666669,9.13323720296224,0
2013-08-12,17:30:46,1.0666666666666669,10.733248392740885,0.26666666666666666
2013-08-12,17:35:46,1.0666666666666669,10.799891153971352,0.06666666666666668
2013-08-12,17:40:46,1.2666666666666666,10.599912007649738,0.06666666666666668
2013-08-12,17:45:46,1.0,9.733263651529947,0
2013-08-12,17:50:46,1.0,7.266591389973959,0
2013-08-12,17:55:46,1.2,7.133280436197918,0.4
2013-08-12,18:00:46,1.0666666666666669,7.666613260904947,0.4
2013-08-12,18:05:46,0.9333333333333332,8.599929809570312,0.2
2013-08-12,18:10:46,3.0,6.999969482421875,0
2013-08-12,18:15:46,1.1333333333333333,6.999969482421875,0
2013-08-12,18:20:46,1.0,9.933255513509115,0.2
2013-08-12,18:25:46,0.9333333333333332,7.4666086832682295,0.06666666666666668
2013-08-12,18:30:46,0.8,7.999954223632813,0
2013-08-12,18:35:46,2.25,7.999897003173828,0
2013-08-12,18:40:46,1.3333333333333337,11.199887593587238,0
2013-08-12,18:45:46,1.1333333333333333,12.799886067708332,0
2013-08-12,18:50:47,1.0,8.399937947591146,0.06666666666666668
2013-08-12,18:55:47,1.0,8.399937947591146,0
2013-08-12,19:00:47,1.0,7.999992370605469,0.26666666666666666
2013-08-12,19:05:47,0.9333333333333332,7.999916076660156,0.13333333333333333
2013-08-12,19:10:47,1.0,8.399925231933594,0.2
2013-08-12,19:15:47,0.9333333333333332,9.999847412109375,0
2013-08-12,19:20:47,0.9333333333333332,8.199958801269531,0.2
2013-08-12,19:25:47,1.0666666666666669,7.466646830240885,0.26666666666666666
2013-08-12,19:30:47,0.8,6.933263142903646,0
2013-08-12,19:35:47,0.8,8.399925231933594,0
2013-08-12,19:40:47,1.2666666666666666,10.799942016601562,0.6
2013-08-12,19:45:47,1.0,11.266568501790367,0.06666666666666668
2013-08-12,19:50:47,0.9333333333333332,9.399909973144531,0
2013-08-12,19:55:47,1.0,7.399940490722656,0.3333333333333333
2013-08-12,20:00:47,0.9333333333333332,6.599960327148438,0
2013-08-12,20:05:47,1.0,5.7999420166015625,0.13333333333333333
2013-08-12,20:10:47,0.8666666666666667,8.199958801269531,0.06666666666666668
2013-08-12,20:15:47,0.8666666666666667,7.599945068359375,0
2013-08-12,20:20:47,0.9333333333333332,6.99993133544922,0.2
2013-08-12,20:25:47,0.8666666666666667,9.999923706054688,0
2013-08-12,20:30:47,1.0,6.399955749511718,0.06666666666666668
2013-08-12,20:35:47,1.0,6.399955749511718,0
2013-08-12,20:40:47,1.1333333333333333,9.999898274739584,0
2013-08-12,20:45:47,0.8666666666666667,8.99993896484375,0.26666666666666666
2013-08-12,20:50:47,0.9333333333333332,8.133227030436197,0.06666666666666668
2013-08-12,20:55:47,0.8666666666666667,8.799934387207031,0
2013-08-12,21:00:47,0.7333333333333333,9.599876403808594,0.26666666666666666
2013-08-12,21:05:47,1.0,7.199948628743489,0.2
2013-08-12,21:10:47,0.8666666666666667,6.799926757812499,0.06666666666666668
2013-08-12,21:15:47,0.8666666666666667,6.799964904785156,0.13333333333333333
2013-08-12,21:20:47,0.9333333333333332,7.399915059407553,0.8
2013-08-12,21:25:47,0.9333333333333332,11.199913024902344,0.06666666666666668
2013-08-12,21:30:47,0.8666666666666667,8.999862670898438,0
2013-08-12,21:35:47,1.0,5.999946594238281,0.06666666666666668
2013-08-12,21:40:47,1.2,9.266573588053385,0
2013-08-12,21:45:47,1.1333333333333333,12.999916076660156,0.4
2013-08-12,21:50:47,1.0,8.999900817871094,0
2013-08-12,21:55:47,1.0,9.199905395507812,0
2013-08-12,22:00:47,0.8666666666666667,9.799880981445312,0
2013-08-12,22:05:47,1.0,8.199920654296875,0.13333333333333333
2013-08-12,22:10:47,1.0,7.399940490722656,0.13333333333333333
2013-08-12,22:15:47,1.0,7.4666086832682295,0.13333333333333333
2013-08-12,22:20:47,0.9333333333333332,7.799949645996093,0.2
2013-08-12,22:25:47,1.0666666666666669,8.599891662597656,0
2013-08-12,22:30:47,1.0,7.799949645996093,0.26666666666666666
2013-08-12,22:35:47,0.9333333333333332,8.266626993815105,0.06666666666666668
2013-08-12,22:40:47,1.0666666666666669,9.79986826578776,0
2013-08-12,22:45:47,0.9333333333333332,10.19989013671875,0
2013-08-12,22:50:47,1.0,9.199905395507812,0.06666666666666668
2013-08-12,22:55:47,0.9333333333333332,8.599853515625,0.26666666666666666
2013-08-12,23:00:47,1.0666666666666669,7.133267720540365,0.4
2013-08-12,23:05:47,1.0666666666666669,7.799949645996093,0.13333333333333333
2013-08-12,23:10:48,0.9333333333333332,7.733243306477864,0.26666666666666666
2013-08-12,23:15:48,0.9333333333333332,6.99993133544922,0.06666666666666668
2013-08-12,23:20:48,0.8666666666666667,8.99993896484375,0.13333333333333333
2013-08-12,23:25:48,1.2,9.466590881347656,0
2013-08-12,23:30:48,1.0666666666666669,7.599945068359375,0.06666666666666668
2013-08-12,23:35:48,1.0,7.399902343750001,0
2013-08-12,23:40:48,1.2666666666666666,9.999898274739584,0.3333333333333333
2013-08-12,23:45:48,0.9333333333333332,9.59991455078125,0
2013-08-12,23:50:48,0.8666666666666667,9.199867248535156,0
2013-08-12,23:55:48,1.0,7.733243306477864,0
2013-08-13,00:00:48,0.9333333333333332,7.599945068359375,0
2013-08-13,00:05:48,0.8666666666666667,11.066576639811196,0.26666666666666666
2013-08-13,00:10:48,0.8666666666666667,8.533274332682293,0.06666666666666668
2013-08-13,00:15:48,3.0,41.99981689453125,0
2013-08-13,00:20:48,1.2666666666666666,39.53315734863281,0.4666666666666667
2013-08-13,00:25:48,1.2,20.333251953125,0
2013-08-13,00:30:48,1.0,11.733220418294273,0.4
2013-08-13,00:35:48,0.9333333333333332,10.79986572265625,0.3333333333333333
2013-08-13,00:40:48,2.8,12.733192443847658,0.2
2013-08-13,00:45:48,0.9333333333333332,22.33328501383464,0
2013-08-13,00:50:48,1.0666666666666669,10.999870300292969,0.06666666666666668
2013-08-13,00:55:48,1.0,12.533238728841145,0.06666666666666668
2013-08-13,01:00:48,0.8666666666666667,11.599884033203125,0
2013-08-13,01:05:48,0.8666666666666667,8.99987538655599,0.13333333333333333
2013-08-13,01:10:48,0.9333333333333332,9.33325449625651,0.06666666666666668
2013-08-13,01:15:48,1.0666666666666669,8.933258056640625,0.06666666666666668
2013-08-13,01:20:48,1.0,8.333244323730469,0.2
2013-08-13,01:25:48,0.8666666666666667,9.066569010416666,0.26666666666666666
2013-08-13,01:30:48,0.9333333333333332,8.46655527750651,0
2013-08-13,01:35:48,0.7333333333333333,8.999888102213541,0
2013-08-13,01:40:48,1.0666666666666669,8.8665771484375,0.06666666666666668
2013-08-13,01:45:48,1.0,10.53320566813151,0.06666666666666668
2013-08-13,01:50:48,0.8,7.999928792317706,0
2013-08-13,01:55:48,1.0,9.866561889648438,0
2013-08-13,02:00:48,0.7333333333333333,8.199920654296875,0.4666666666666667
2013-08-13,02:05:49,0.9333333333333332,9.266548156738281,1.0666666666666669
2013-08-13,02:10:49,0.9333333333333332,8.333269755045574,0.13333333333333333
2013-08-13,02:15:49,1.0,6.599922180175781,0.06666666666666668
2013-08-13,02:20:49,1.0,7.133255004882813,0.2
2013-08-13,02:25:49,1.0666666666666669,7.93322245279948,0.26666666666666666
2013-08-13,02:30:49,0.9333333333333332,8.533248901367188,0
2013-08-13,02:35:49,1.1333333333333333,9.999885559082031,0.13333333333333333
2013-08-13,02:40:49,1.2,8.533299763997395,0.13333333333333333
2013-08-13,02:45:49,0.9333333333333332,9.266497294108072,0
2013-08-13,02:50:49,0.9333333333333332,8.599891662597656,0
2013-08-13,02:55:49,0.9333333333333332,9.33319091796875,0.06666666666666668
2013-08-13,03:00:49,1.0,10.133221944173178,0
2013-08-13,03:05:49,1.0666666666666669,10.799878438313804,0.4
2013-08-13,03:10:49,1.0,8.333218892415363,0.06666666666666668
2013-08-13,03:15:49,1.0,9.799919128417969,0.13333333333333333
2013-08-13,03:20:49,1.0,9.066619873046875,0.2
2013-08-13,03:25:49,1.1333333333333333,6.333287556966144,0
2013-08-13,03:30:49,1.0,6.066614786783854,0
2013-08-13,03:35:49,0.8666666666666667,7.999852498372396,0.26666666666666666
2013-08-13,03:40:49,1.1333333333333333,8.933270772298176,0.5333333333333333
2013-08-13,03:45:49,0.9333333333333332,9.533284505208334,0
2013-08-13,03:50:49,1.0,5.999946594238281,0.2
2013-08-13,03:55:49,0.9333333333333332,7.866579691569011,0
2013-08-13,04:00:49,1.0,10.933202107747398,0.06666666666666668
2013-08-13,04:05:49,1.0666666666666669,8.533274332682293,0.13333333333333333
2013-08-13,04:10:49,0.9333333333333332,5.999946594238281,0.06666666666666668
2013-08-13,04:15:49,0.8666666666666667,7.266604105631512,0.3333333333333333
2013-08-13,04:20:49,1.0,7.399978637695312,0.26666666666666666
2013-08-13,04:25:49,0.8666666666666667,9.066556294759115,0
2013-08-13,04:30:49,0.8666666666666667,9.799919128417969,0
2013-08-13,04:35:49,0.9333333333333332,6.6666285196940125,0.13333333333333333
2013-08-13,04:40:49,1.2666666666666666,10.266558329264322,0
2013-08-13,04:45:49,1.0,9.866561889648438,0
2013-08-13,04:50:49,1.0666666666666669,8.399937947591146,0.06666666666666668
2013-08-13,04:55:49,1.0,10.999908447265625,0.5333333333333333
2013-08-13,05:00:50,0.9333333333333332,8.399899800618488,0
2013-08-13,05:05:50,1.0,7.599945068359375,0.2
2013-08-13,05:10:50,0.8666666666666667,7.666587829589844,0.06666666666666668
2013-08-13,05:15:50,0.8666666666666667,8.399925231933594,0
2013-08-13,05:20:50,1.1333333333333333,8.39996337890625,0.5333333333333333
2013-08-13,05:25:50,1.0666666666666669,8.599929809570312,0.3333333333333333
2013-08-13,05:30:50,1.0,7.799949645996093,0
2013-08-13,05:35:50,1.0,8.199869791666668,0
2013-08-13,05:40:50,1.1333333333333333,10.399894714355469,0
2013-08-13,05:45:50,1.0666666666666669,8.666559855143227,0.13333333333333333
2013-08-13,05:50:50,0.8666666666666667,8.599929809570312,0
2013-08-13,05:55:50,0.9333333333333332,6.599960327148438,0
2013-08-13,06:00:49,0.9333333333333332,4.666582743326822,0
2013-08-13,06:05:49,0.9333333333333332,7.333221435546874,0.2
2013-08-13,06:10:49,1.0,7.599945068359375,0.4666666666666667
2013-08-13,06:15:49,1.0,8.066596984863281,0.13333333333333333
2013-08-13,06:20:49,1.0,7.799949645996093,0.13333333333333333
2013-08-13,06:25:49,1.0,9.133211771647135,0
2013-08-13,06:30:50,0.8,7.266629536946613,0
2013-08-13,06:35:50,0.8666666666666667,8.599866231282551,0.06666666666666668
2013-08-13,06:40:50,1.2,8.53326161702474,0.06666666666666668
2013-08-13,06:45:50,0.9333333333333332,10.333239237467447,0.06666666666666668
2013-08-13,06:50:50,1.0,9.333229064941406,0.26666666666666666
2013-08-13,06:55:50,1.0666666666666669,7.999954223632813,0
2013-08-13,07:00:50,1.0666666666666669,8.399937947591146,0.06666666666666668
2013-08-13,07:05:50,1.0,6.599922180175781,0.13333333333333333
2013-08-13,07:10:50,1.0,7.666613260904947,0.7333333333333333
2013-08-13,07:15:50,0.9333333333333332,8.799934387207031,0
2013-08-13,07:20:50,0.9333333333333332,8.466593424479168,0.2
2013-08-13,07:25:50,1.1333333333333333,9.333241780598957,0.13333333333333333
2013-08-13,07:30:50,0.9333333333333332,9.266586303710938,0
2013-08-13,07:35:50,0.9333333333333332,6.99993133544922,0
2013-08-13,07:40:50,1.2,10.333277384440104,0
2013-08-13,07:45:50,1.0666666666666669,13.066507975260414,0
2013-08-13,07:50:50,1.0,7.733256022135417,0.06666666666666668
2013-08-13,07:55:50,1.1333333333333333,8.599853515625,0.4666666666666667
2013-08-13,08:00:50,1.8,7.733281453450519,0
2013-08-13,08:05:50,1.2666666666666666,8.799896240234375,0.13333333333333333
2013-08-13,08:10:50,2.1333333333333333,7.9999033610026045,0.06666666666666668
2013-08-13,08:15:50,2.0,4.9999237060546875,0
2013-08-13,08:20:50,1.4666666666666666,6.333274841308594,0.5333333333333333
2013-08-13,08:25:50,1.2,11.133206685384113,0
2013-08-13,08:30:50,1.2,8.066571553548176,0
2013-08-13,08:35:50,1.1333333333333333,6.933263142903646,0
2013-08-13,08:40:50,1.4,9.866561889648438,0.06666666666666668
2013-08-13,08:45:50,1.2,11.133206685384113,0
2013-08-13,08:50:50,1.2,9.333203633626303,0.06666666666666668
2013-08-13,08:55:50,1.1333333333333333,8.199920654296875,0.06666666666666668
2013-08-13,09:00:51,1.1333333333333333,7.79998779296875,0
2013-08-13,09:05:51,1.1333333333333333,8.533248901367188,0.7333333333333333
2013-08-13,09:10:51,1.1333333333333333,9.199867248535156,0.13333333333333333
2013-08-13,09:15:51,1.0,8.266626993815105,0
2013-08-13,09:20:51,1.0666666666666669,8.599878946940104,0.2
2013-08-13,09:25:51,1.0666666666666669,9.66657002766927,0
2013-08-13,09:30:51,1.0666666666666669,6.6666285196940125,0
2013-08-13,09:35:51,1.0,7.399902343750001,0.06666666666666668
2013-08-13,09:40:51,1.2,8.799934387207031,0
2013-08-13,09:45:51,1.0666666666666669,10.799891153971352,0.06666666666666668
2013-08-13,09:50:51,0.9333333333333332,9.199943542480469,0.13333333333333333
2013-08-13,09:55:51,1.0,8.999862670898438,0.26666666666666666
2013-08-13,10:00:51,1.0,9.59991455078125,0.4
2013-08-13,10:05:51,1.2,10.799903869628906,0.13333333333333333
2013-08-13,10:10:51,1.1333333333333333,8.99993896484375,0.06666666666666668
2013-08-13,10:15:51,0.8666666666666667,8.399925231933594,0
2013-08-13,10:20:51,0.8666666666666667,6.466623942057291,0.2
2013-08-13,10:25:51,0.9333333333333332,7.599945068359375,0.06666666666666668
2013-08-13,10:30:51,0.8666666666666667,7.399902343750001,0.06666666666666668
2013-08-13,10:35:51,0.8666666666666667,8.199907938639322,0.06666666666666668
2013-08-13,10:40:51,1.1333333333333333,11.399879455566406,0
2013-08-13,10:45:51,1.0,9.399909973144531,0.06666666666666668
2013-08-13,10:50:51,1.0,7.9998779296875,0.4
2013-08-13,10:55:51,1.0,7.999916076660156,0.26666666666666666
2013-08-13,11:00:51,0.8666666666666667,7.399902343750001,0
2013-08-13,11:05:51,1.0,6.6666285196940125,0.13333333333333333
2013-08-13,11:10:51,0.8666666666666667,8.066584269205729,0.06666666666666668
2013-08-13,11:15:51,0.8666666666666667,9.199905395507812,0
2013-08-13,11:20:51,0.8666666666666667,8.399887084960938,0.2
2013-08-13,11:25:51,1.1333333333333333,7.1999359130859375,0
2013-08-13,11:30:51,1.1333333333333333,8.666598002115885,0.06666666666666668
2013-08-13,11:35:51,1.1333333333333333,7.399902343750001,0
2013-08-13,11:40:51,1.2666666666666666,10.399894714355469,0.3333333333333333
2013-08-13,11:45:51,1.0666666666666669,12.999916076660156,0
2013-08-13,11:50:51,0.8666666666666667,7.599945068359375,0.06666666666666668
2013-08-13,11:55:51,0.9333333333333332,9.599876403808594,0.06666666666666668
2013-08-13,12:00:51,0.8666666666666667,10.599861145019531,0.26666666666666666
2013-08-13,12:05:52,1.0,8.733228047688803,0.13333333333333333
2013-08-13,12:10:52,1.0666666666666669,8.533248901367188,0.06666666666666668
2013-08-13,12:15:52,1.1333333333333333,8.999900817871094,0.13333333333333333
2013-08-13,12:20:52,1.2,11.599922180175781,0.4666666666666667
2013-08-13,12:25:52,1.1333333333333333,9.866536458333332,0
2013-08-13,12:30:52,0.9333333333333332,8.466618855794271,0.3333333333333333
2013-08-13,12:35:52,1.0666666666666669,9.733250935872396,0
2013-08-13,12:40:52,1.3333333333333337,10.399856567382812,0.06666666666666668
2013-08-13,12:45:52,1.0666666666666669,9.799842834472656,0
2013-08-13,12:50:52,1.0,9.399909973144531,0
2013-08-13,12:55:52,0.9333333333333332,6.799964904785156,0
2013-08-13,13:00:52,1.0,7.799873352050782,0
2013-08-13,13:05:52,1.0,6.599934895833331,0.13333333333333333
2013-08-13,13:10:52,0.9333333333333332,7.399978637695312,0.26666666666666666
2013-08-13,13:15:52,1.0666666666666669,7.933273315429687,0.06666666666666668
2013-08-13,13:20:52,1.1333333333333333,9.999898274739584,0.13333333333333333
2013-08-13,13:25:52,1.0666666666666669,8.666598002115885,0
2013-08-13,13:30:52,0.8,8.066596984863281,0
2013-08-13,13:35:52,0.9333333333333332,7.13330586751302,0
2013-08-13,13:40:52,1.0,9.199918111165363,0.6
2013-08-13,13:45:52,0.8666666666666667,9.799893697102863,0
2013-08-13,13:50:52,0.8666666666666667,7.8666051228841125,0.06666666666666668
2013-08-13,13:55:52,1.0666666666666669,7.933247884114582,0.06666666666666668
2013-08-13,14:00:52,1.0,8.533248901367188,0.3333333333333333
2013-08-13,14:05:52,1.2,8.8665771484375,0.8
2013-08-13,14:10:52,1.0,8.933296203613281,0.13333333333333333
2013-08-13,14:15:52,1.0,8.599929809570312,0.06666666666666668
2013-08-13,14:20:53,0.8666666666666667,10.733210245768229,0.2
2013-08-13,14:25:53,0.9333333333333332,8.999862670898438,0
2013-08-13,14:30:53,1.5333333333333334,8.866589864095053,0.06666666666666668
2013-08-13,14:35:53,2.2666666666666666,33.599917093912765,0
2013-08-13,14:40:53,1.2666666666666666,18.866551717122395,0
2013-08-13,14:45:53,1.0666666666666669,13.533261617024738,0.06666666666666668
2013-08-13,14:50:53,1.0666666666666669,9.599876403808594,0
2013-08-13,14:55:53,0.8,7.733268737792969,0
2013-08-13,15:00:53,0.7333333333333333,6.999969482421875,0
2013-08-13,15:05:52,0.8666666666666667,8.199920654296875,0.2
2013-08-13,15:10:52,0.8666666666666667,7.266642252604166,0.26666666666666666
2013-08-13,15:15:52,0.7333333333333333,7.599945068359375,0
2013-08-13,15:20:52,1.0,7.666575113932293,0.2
2013-08-13,15:25:52,1.2,10.666554768880209,0
2013-08-13,15:30:52,1.1333333333333333,7.733281453450519,0.26666666666666666
2013-08-13,15:35:52,0.9333333333333332,8.999913533528646,0.26666666666666666
2013-08-13,15:40:52,1.0666666666666669,10.266558329264322,0.06666666666666668
2013-08-13,15:45:52,0.7333333333333333,10.733197530110678,0.13333333333333333
2013-08-13,15:50:52,1.9333333333333331,10.533192952473959,0.06666666666666668
2013-08-13,15:55:52,2.2666666666666666,12.066561381022133,0.4
2013-08-13,16:00:53,1.3333333333333337,7.866643269856771,0.06666666666666668
2013-08-13,16:05:53,1.8,7.266591389973959,0.4
2013-08-13,16:10:53,2.0,9.399859110514322,0.13333333333333333
2013-08-13,16:15:53,1.9333333333333331,8.866539001464844,0.06666666666666668
2013-08-13,16:20:53,2.0666666666666664,7.799949645996093,0.2
2013-08-13,16:25:53,2.0666666666666664,9.866549173990885,0
2013-08-13,16:30:53,1.9333333333333331,8.266576131184895,0
2013-08-13,16:35:53,2.0,7.933260599772135,0
2013-08-13,16:40:53,2.2,8.266614278157553,0
2013-08-13,16:45:53,1.5333333333333334,7.733294169108072,0
2013-08-13,16:50:53,1.2,8.13323974609375,0
2013-08-13,16:55:53,1.2,9.266599019368488,0.2
2013-08-13,17:00:53,1.2,8.866628011067707,0.06666666666666668
2013-08-13,17:05:53,1.2,9.199905395507812,0.13333333333333333
2013-08-13,17:10:53,1.1333333333333333,9.399871826171875,0.06666666666666668
2013-08-13,17:15:53,1.1333333333333333,8.533236185709635,0.4
2013-08-13,17:20:53,1.1333333333333333,10.133221944173178,0.4666666666666667
2013-08-13,17:25:53,1.0666666666666669,8.733253479003906,0.13333333333333333
2013-08-13,17:30:53,1.2,10.266558329264322,0.06666666666666668
2013-08-13,17:35:53,1.2,9.399871826171875,0.3333333333333333
2013-08-13,17:40:53,1.3333333333333337,10.333188374837238,0
2013-08-13,17:45:53,1.2,8.199971516927084,0
2013-08-13,17:50:53,1.2,7.933311462402344,0.4
2013-08-13,17:55:53,1.1333333333333333,8.799896240234375,0
2013-08-13,18:00:53,1.1333333333333333,6.599960327148438,0.06666666666666668
2013-08-13,18:05:53,1.3333333333333337,9.399871826171875,0.2
2013-08-13,18:10:53,1.2,7.999954223632813,0.06666666666666668
2013-08-13,18:15:54,1.2,7.1999359130859375,0
2013-08-13,18:20:54,1.2,6.399955749511718,0.2
2013-08-13,18:25:54,1.2,8.466593424479168,0.06666666666666668
2013-08-13,18:30:54,1.1333333333333333,9.199943542480469,0.06666666666666668
2013-08-13,18:35:54,1.1333333333333333,8.999900817871094,0.06666666666666668
2013-08-13,18:40:54,1.4,10.79986572265625,0.06666666666666668
2013-08-13,18:45:54,1.2666666666666666,9.799880981445312,0.26666666666666666
2013-08-13,18:50:54,1.2,7.999954223632813,0
2013-08-13,18:55:54,1.2,7.7999114990234375,0
2013-08-13,19:00:54,1.2,8.133252461751301,0.06666666666666668
2013-08-13,19:05:54,1.3333333333333337,8.599891662597656,0.6
2013-08-13,19:10:54,1.5333333333333334,8.999900817871094,0
2013-08-13,19:15:54,1.1333333333333333,7.9998779296875,0.3333333333333333
2013-08-13,19:20:54,1.0,7.999916076660156,0.26666666666666666
2013-08-13,19:25:54,1.1333333333333333,8.999862670898438,0
2013-08-13,19:30:54,0.9333333333333332,7.999954223632813,0
2013-08-13,19:35:54,0.8,7.466570536295575,0.06666666666666668
2013-08-13,19:40:54,1.2,12.199897766113281,0
2013-08-13,19:45:54,1.0,11.999842325846352,0.5333333333333333
2013-08-13,19:50:54,1.0666666666666669,8.933232625325521,0.06666666666666668
2013-08-13,19:55:54,1.1333333333333333,8.333257039388021,0.06666666666666668
2013-08-13,20:00:55,1.0,9.866587320963541,0
2013-08-13,20:05:55,1.0,8.533299763997395,0.13333333333333333
2013-08-13,20:10:55,1.0666666666666669,6.266619364420572,0.06666666666666668
2013-08-13,20:15:55,0.9333333333333332,8.733253479003906,0.06666666666666668
2013-08-13,20:20:55,1.0,9.999910990397135,0.3333333333333333
2013-08-13,20:25:55,1.0,8.933270772298176,0.06666666666666668
2013-08-13,20:30:55,1.1333333333333333,7.866655985514324,0
2013-08-13,20:35:55,1.0666666666666669,6.266619364420572,0.3333333333333333
2013-08-13,20:40:55,1.2666666666666666,6.333287556966144,0.06666666666666668
2013-08-13,20:45:55,1.0,6.533292134602865,0
2013-08-13,20:50:55,1.0666666666666669,6.53326670328776,0.3333333333333333
2013-08-13,20:55:55,1.0,6.066602071126303,0.2
2013-08-13,21:00:55,0.9333333333333332,7.13324228922526,0.5333333333333333
2013-08-13,21:05:55,1.0,6.99993133544922,0.13333333333333333
2013-08-13,21:10:55,0.9333333333333332,8.733228047688803,0.13333333333333333
2013-08-13,21:15:55,0.9333333333333332,9.199930826822916,0
2013-08-13,21:20:55,1.1333333333333333,8.266563415527344,0.2
2013-08-13,21:25:55,1.2,8.199920654296875,0.4
2013-08-13,21:30:55,1.0,7.7332305908203125,0.06666666666666668
2013-08-13,21:35:55,0.9333333333333332,6.733296712239584,0
2013-08-13,21:40:55,1.2,10.799954732259117,0
2013-08-13,21:45:55,1.0,10.86653391520182,0
2013-08-13,21:50:55,0.9333333333333332,8.799959818522135,0
2013-08-13,21:55:55,1.0,8.799896240234375,0
2013-08-13,22:00:55,0.9333333333333332,8.266614278157553,0
2013-08-13,22:05:55,1.0666666666666669,9.599889119466145,0.26666666666666666
2013-08-13,22:10:55,1.1333333333333333,6.999956766764324,0.8
2013-08-13,22:15:55,0.9333333333333332,6.333287556966144,0
2013-08-13,22:20:55,1.1333333333333333,7.333272298177083,0.2
2013-08-13,22:25:55,1.0666666666666669,8.933245340983072,0.6
2013-08-13,22:30:55,0.9333333333333332,8.799921671549479,0.26666666666666666
2013-08-13,22:35:55,0.8666666666666667,6.799926757812499,0
2013-08-13,22:40:56,1.0666666666666669,10.866572062174477,0.06666666666666668
2013-08-13,22:45:56,1.0,10.799891153971352,0.06666666666666668
2013-08-13,22:50:56,0.9333333333333332,7.399978637695312,0
2013-08-13,22:55:56,1.0666666666666669,6.333287556966144,0
2013-08-13,23:00:56,1.0,7.533251444498699,0
2013-08-13,23:05:56,1.0666666666666669,8.466580708821615,0.4
2013-08-13,23:10:56,1.0666666666666669,8.133252461751301,0.06666666666666668
2013-08-13,23:15:56,1.0,7.3333104451497375,0.06666666666666668
2013-08-13,23:20:56,0.8666666666666667,8.733240763346354,0.2
2013-08-13,23:25:56,1.0,7.666587829589844,0
2013-08-13,23:30:56,1.1333333333333333,8.399925231933594,0.06666666666666668
2013-08-13,23:35:56,1.1333333333333333,9.19989267985026,0
2013-08-13,23:40:56,1.4,10.466575622558594,0.06666666666666668
2013-08-13,23:45:56,1.2,7.93328603108724,0.13333333333333333
2013-08-13,23:50:56,1.1333333333333333,7.533251444498699,0
2013-08-13,23:55:56,1.1333333333333333,8.8665771484375,0
2013-08-14,00:00:56,1.0666666666666669,11.199874877929688,0.3333333333333333
2013-08-14,00:05:56,0.9333333333333332,9.66658274332682,0.6666666666666666
2013-08-14,00:10:56,1.0666666666666669,9.333203633626303,0
2013-08-14,00:15:56,0.9333333333333332,9.266599019368488,0.06666666666666668
2013-08-14,00:20:56,1.1333333333333333,8.599929809570312,0.26666666666666666
2013-08-14,00:25:56,1.0666666666666669,8.933194478352863,0
2013-08-14,00:30:56,1.0666666666666669,9.33319091796875,0.06666666666666668
2013-08-14,00:35:56,0.8,9.533208211263021,0
2013-08-14,00:40:56,2.0666666666666664,13.133214314778648,0
2013-08-14,00:45:56,1.4,27.666600545247388,0
2013-08-14,00:50:56,0.9333333333333332,12.39990234375,0
2013-08-14,00:55:56,1.0,11.599884033203125,0.06666666666666668
2013-08-14,01:00:56,0.7333333333333333,10.533192952473959,0.3333333333333333
2013-08-14,01:05:56,1.0,9.733212788899738,0.13333333333333333
2013-08-14,01:10:56,1.0,7.666613260904947,0
2013-08-14,01:15:56,0.6666666666666667,7.199961344401042,0
2013-08-14,01:20:56,0.8666666666666667,6.333287556966144,0.26666666666666666
2013-08-14,01:25:56,1.1333333333333333,6.6666285196940125,0
2013-08-14,01:30:56,1.1333333333333333,7.066599527994794,0.2
2013-08-14,01:35:56,1.0666666666666669,9.19989267985026,0
2013-08-14,01:40:56,1.2,12.799911499023436,0.3333333333333333
2013-08-14,01:45:56,0.8666666666666667,9.733174641927084,0
2013-08-14,01:50:56,0.9333333333333332,8.733266194661459,0.5333333333333333
2013-08-14,01:55:56,1.0,8.199933369954428,0
2013-08-14,02:00:56,1.1333333333333333,7.599932352701823,0.13333333333333333
2013-08-14,02:05:56,1.1333333333333333,7.7999114990234375,0.2
2013-08-14,02:10:56,1.1333333333333333,9.266560872395834,0.06666666666666668
2013-08-14,02:15:56,1.0,6.799939473470053,0
2013-08-14,02:20:56,0.9333333333333332,8.53326161702474,0.2
2013-08-14,02:25:56,1.0,7.733268737792969,0
2013-08-14,02:30:56,1.1333333333333333,8.666572570800781,0.06666666666666668
2013-08-14,02:35:56,1.0,6.733296712239584,0
2013-08-14,02:40:56,1.3333333333333337,7.666638692220053,0.06666666666666668
2013-08-14,02:45:56,1.1333333333333333,7.8665924072265625,0.26666666666666666
2013-08-14,02:50:56,0.9333333333333332,7.066599527994794,0
2013-08-14,02:55:56,1.0,7.466595967610677,0.06666666666666668
2013-08-14,03:00:56,0.8666666666666667,7.533251444498699,0
2013-08-14,03:05:56,1.0,6.6666285196940125,0.2
2013-08-14,03:10:56,0.7333333333333333,7.13330586751302,0.06666666666666668
2013-08-14,03:15:56,0.9333333333333332,6.93328857421875,0.26666666666666666
2013-08-14,03:20:56,1.0666666666666669,6.866569519042969,0.26666666666666666
2013-08-14,03:25:56,1.2,8.399925231933594,0.13333333333333333
2013-08-14,03:30:56,1.0666666666666669,8.133277893066406,0.06666666666666668
2013-08-14,03:35:57,1.1333333333333333,8.466593424479168,0.26666666666666666
2013-08-14,03:40:57,1.4,10.199928283691406,0.4
2013-08-14,03:45:57,1.0666666666666669,9.599927266438803,0
2013-08-14,03:50:57,1.0,7.599983215332032,0
2013-08-14,03:55:57,1.0,8.13323974609375,0.13333333333333333
2013-08-14,04:00:57,1.0666666666666669,8.599866231282551,0.06666666666666668
2013-08-14,04:05:57,1.0666666666666669,8.59991709391276,0.13333333333333333
2013-08-14,04:10:57,1.0666666666666669,8.133303324381512,0.06666666666666668
2013-08-14,04:15:57,1.0,6.266619364420572,0
2013-08-14,04:20:57,1.1333333333333333,6.866582234700519,0.2
2013-08-14,04:25:57,1.0666666666666669,8.999900817871094,0.3333333333333333
2013-08-14,04:30:57,0.9333333333333332,9.399909973144531,0
2013-08-14,04:35:57,1.8,8.999824523925781,0
2013-08-14,04:40:57,1.2,10.333188374837238,0.06666666666666668
2013-08-14,04:45:57,0.7333333333333333,11.933212280273438,0.06666666666666668
2013-08-14,04:50:57,0.7333333333333333,7.13330586751302,0
2013-08-14,04:55:57,0.8,6.86663309733073,0.13333333333333333
2013-08-14,05:00:57,0.6,9.199905395507812,0.06666666666666668
2013-08-14,05:05:57,0.8666666666666667,7.066637674967448,0.6666666666666666
2013-08-14,05:10:57,0.6666666666666667,8.399887084960938,0.06666666666666668
2013-08-14,05:15:57,0.6666666666666667,9.733250935872396,0.06666666666666668
2013-08-14,05:20:57,0.6666666666666667,6.666577657063801,0.2
2013-08-14,05:25:57,0.7333333333333333,8.399912516276041,0
2013-08-14,05:30:57,0.6666666666666667,8.333244323730469,0.4
2013-08-14,05:35:57,0.6666666666666667,8.533236185709635,0.06666666666666668
2013-08-14,05:40:57,1.0,9.066581726074219,0
2013-08-14,05:45:57,0.7333333333333333,9.066569010416666,0
2013-08-14,05:50:57,0.6,8.333231608072916,0
2013-08-14,05:55:57,0.6666666666666667,6.599947611490885,0
2013-08-14,06:00:57,1.2666666666666666,8.266626993815105,0
2013-08-14,06:05:58,2.0,33.599866231282554,0.13333333333333333
2013-08-14,06:10:58,1.0,16.86656951904297,0.4666666666666667
2013-08-14,06:15:58,0.8,12.999916076660156,0
2013-08-14,06:20:58,0.8,8.266563415527344,0.2
2013-08-14,06:25:58,0.6666666666666667,7.399978637695312,0.06666666666666668
2013-08-14,06:30:58,0.6666666666666667,7.333272298177083,0.06666666666666668
2013-08-14,06:35:58,0.6,7.666613260904947,0
2013-08-14,06:40:58,1.0,9.06659444173177,0.3333333333333333
2013-08-14,06:45:58,0.7333333333333333,10.799916585286457,0
2013-08-14,06:50:58,0.6,7.7999750773112,0.13333333333333333
2013-08-14,06:55:58,0.7333333333333333,8.733177185058594,0.13333333333333333
2013-08-14,07:00:58,0.7333333333333333,10.666580200195312,0.3333333333333333
2013-08-14,07:05:58,0.6666666666666667,9.266560872395834,0.2
2013-08-14,07:10:58,0.7333333333333333,10.599912007649738,0
2013-08-14,07:15:58,1.5,5.333264668782553,1.6
2013-08-14,07:20:58,1.0,7.7999114990234375,0.2
2013-08-14,07:25:58,1.0,7.866579691569011,0
2013-08-14,07:30:58,1.0666666666666669,11.399879455566406,0
2013-08-14,07:35:58,0.8666666666666667,8.599891662597656,0
2013-08-14,07:40:58,1.2,11.466573079427086,0
2013-08-14,07:45:58,0.9333333333333332,8.466593424479168,0
2013-08-14,07:50:58,0.8666666666666667,6.999969482421875,0
2013-08-14,07:55:58,0.8,5.999946594238281,0
2013-08-14,08:00:58,0.8666666666666667,6.799964904785156,0.06666666666666668
2013-08-14,08:05:58,0.8666666666666667,8.599967956542969,0.13333333333333333
2013-08-14,08:10:58,1.0,8.666648864746094,0.3333333333333333
2013-08-14,08:15:59,0.7333333333333333,7.19989776611328,0.3333333333333333
2013-08-14,08:20:59,0.9333333333333332,7.733243306477864,0.3333333333333333
2013-08-14,08:25:59,0.8,7.733281453450519,0
2013-08-14,08:30:59,0.8,7.266604105631512,0.4
2013-08-14,08:35:59,0.8,8.399925231933594,0.13333333333333333
2013-08-14,08:40:59,1.0666666666666669,11.866556803385414,0.06666666666666668
2013-08-14,08:45:59,0.8,9.333229064941406,0.06666666666666668
2013-08-14,08:50:59,0.8,7.333272298177083,0
2013-08-14,08:55:59,0.9333333333333332,9.799893697102863,0.13333333333333333
2013-08-14,09:00:59,0.6666666666666667,10.733235677083332,0
2013-08-14,09:05:59,0.9333333333333332,8.399925231933594,0.4666666666666667
2013-08-14,09:10:59,0.6666666666666667,8.466618855794271,0.06666666666666668
2013-08-14,09:15:59,0.8666666666666667,9.933191935221354,0
2013-08-14,09:20:58,0.8,10.599861145019531,0.2
2013-08-14,09:25:58,0.9333333333333332,8.333257039388021,0
2013-08-14,09:30:58,0.8,7.933273315429687,0
2013-08-14,09:35:58,0.7333333333333333,7.4666086832682295,0
2013-08-14,09:40:58,1.0,10.266571044921875,0
2013-08-14,09:45:58,0.8666666666666667,10.733197530110678,0
2013-08-14,09:50:59,0.8,7.199961344401042,0.06666666666666668
2013-08-14,09:55:59,0.8,7.93328603108724,0
2013-08-14,10:00:59,0.8666666666666667,9.466540018717447,0.06666666666666668
2013-08-14,10:05:59,1.1333333333333333,8.733266194661459,0.7333333333333333
2013-08-14,10:10:59,0.9333333333333332,8.133252461751301,0.4666666666666667
2013-08-14,10:15:59,0.8666666666666667,7.933235168457031,0.06666666666666668
2013-08-14,10:20:59,0.8666666666666667,9.666595458984375,0.2
2013-08-14,10:25:59,1.0,8.533287048339844,0
2013-08-14,10:30:59,0.8666666666666667,7.999916076660156,0.06666666666666668
2013-08-14,10:35:59,0.8666666666666667,8.066584269205729,0.06666666666666668
2013-08-14,10:40:59,1.0666666666666669,8.333244323730469,0
2013-08-14,10:45:59,0.9333333333333332,9.733187357584635,0.06666666666666668
2013-08-14,10:50:59,0.9333333333333332,9.733174641927084,0.06666666666666668
2013-08-14,10:55:59,1.0,9.199905395507812,0.3333333333333333
2013-08-14,11:00:59,0.8,9.26661173502604,0
2013-08-14,11:05:59,0.8,7.866643269856771,0.13333333333333333
2013-08-14,11:10:59,0.8666666666666667,8.933245340983072,0.06666666666666668
2013-08-14,11:15:59,0.9333333333333332,10.066553751627602,0
2013-08-14,11:20:59,0.7333333333333333,7.066612243652344,0.2
2013-08-14,11:25:59,0.9333333333333332,9.59991455078125,0
2013-08-14,11:30:59,0.8666666666666667,9.399871826171875,0
2013-08-14,11:35:59,0.7333333333333333,6.93328857421875,0.26666666666666666
2013-08-14,11:40:59,1.2,9.733225504557291,0.4
2013-08-14,11:45:59,0.8666666666666667,8.999900817871094,0.06666666666666668
2013-08-14,11:50:59,0.8666666666666667,9.666544596354166,0.6666666666666666
2013-08-14,11:55:59,0.8,7.399953206380207,0.06666666666666668
2013-08-14,12:00:59,0.6666666666666667,8.266576131184895,0.06666666666666668
2013-08-14,12:05:59,1.0,8.199958801269531,0.26666666666666666
2013-08-14,12:10:59,0.8666666666666667,10.733197530110678,0.06666666666666668
2013-08-14,12:15:59,0.8,10.199915568033854,0.06666666666666668
2013-08-14,12:20:59,0.9333333333333332,7.7999114990234375,0.13333333333333333
2013-08-14,12:25:59,0.8666666666666667,6.733296712239584,0
2013-08-14,12:30:59,0.8,7.199910481770834,0.26666666666666666
2013-08-14,12:35:59,0.8,9.866549173990885,0
2013-08-14,12:41:00,1.0666666666666669,10.333264668782551,0
2013-08-14,12:46:00,0.8666666666666667,10.19989013671875,0.06666666666666668
2013-08-14,12:51:00,0.6666666666666667,8.199882507324219,0
2013-08-14,12:56:00,0.8,7.799949645996093,0
2013-08-14,13:01:00,0.8,7.999916076660156,0
2013-08-14,13:06:00,0.8666666666666667,7.1999359130859375,0.13333333333333333
2013-08-14,13:11:00,0.7333333333333333,6.799926757812499,0
2013-08-14,13:16:00,0.8666666666666667,7.999916076660156,0.06666666666666668
2013-08-14,13:21:00,0.8,7.799949645996093,0.5333333333333333
2013-08-14,13:26:00,1.0,7.599906921386719,0.13333333333333333
2013-08-14,13:31:00,0.7333333333333333,9.199867248535156,0.6
2013-08-14,13:36:00,0.9333333333333332,7.399940490722656,0.3333333333333333
2013-08-14,13:41:00,1.2,11.133232116699219,0.06666666666666668
2013-08-14,13:46:00,0.8,10.999908447265625,0
2013-08-14,13:51:00,0.8666666666666667,8.199958801269531,0.06666666666666668
2013-08-14,13:56:00,0.9333333333333332,8.99993896484375,0.26666666666666666
2013-08-14,14:01:00,0.7333333333333333,7.599906921386719,0
2013-08-14,14:06:00,0.8666666666666667,8.399925231933594,0.13333333333333333
2013-08-14,14:11:00,0.8666666666666667,8.199920654296875,0.2
2013-08-14,14:16:00,0.7333333333333333,9.799842834472656,0
2013-08-14,14:21:00,0.9333333333333332,8.59991709391276,0.4666666666666667
2013-08-14,14:26:00,0.9333333333333332,9.599876403808594,0
2013-08-14,14:31:00,0.9333333333333332,10.399856567382812,0.06666666666666668
2013-08-14,14:36:00,0.8666666666666667,8.399887084960938,0
2013-08-14,14:41:00,1.0666666666666669,10.866597493489586,0
2013-08-14,14:46:00,0.8666666666666667,9.799880981445312,0
2013-08-14,14:51:00,0.7333333333333333,9.999923706054688,0
2013-08-14,14:56:00,1.0,7.1999359130859375,0.6
2013-08-14,15:01:00,0.8666666666666667,7.9998779296875,0.26666666666666666
2013-08-14,15:06:00,0.8666666666666667,10.399894714355469,0.2
2013-08-14,15:11:01,0.7333333333333333,7.999916076660156,0.13333333333333333
2013-08-14,15:16:01,0.8666666666666667,6.99993133544922,0
2013-08-14,15:21:01,1.0,8.599929809570312,0.3333333333333333
2013-08-14,15:26:01,0.8666666666666667,8.199882507324219,0.06666666666666668
2013-08-14,15:31:01,0.9333333333333332,7.599945068359375,0.3333333333333333
2013-08-14,15:36:01,0.7333333333333333,7.399915059407553,0
2013-08-14,15:41:01,1.0666666666666669,10.399856567382812,0
2013-08-14,15:46:01,0.8,10.399894714355469,0
2013-08-14,15:51:01,0.6666666666666667,8.799896240234375,0
2013-08-14,15:56:01,0.8666666666666667,8.199920654296875,0.2
2013-08-14,16:01:01,0.8666666666666667,8.599929809570312,0
2013-08-14,16:06:01,0.9333333333333332,7.1999359130859375,0.2
2013-08-14,16:11:01,0.8666666666666667,6.933224995930988,0.13333333333333333
2013-08-14,16:16:01,0.6666666666666667,9.399909973144531,0.26666666666666666
2013-08-14,16:21:01,0.8666666666666667,6.599960327148438,0.2
2013-08-14,16:26:01,1.0,7.599945068359375,0
2013-08-14,16:31:01,0.7333333333333333,8.599929809570312,0
2013-08-14,16:36:01,0.7333333333333333,7.13330586751302,0
2013-08-14,16:41:01,1.2,11.133206685384113,0.3333333333333333
2013-08-14,16:46:01,0.6666666666666667,10.199928283691406,0.06666666666666668
2013-08-14,16:51:01,0.8666666666666667,9.399909973144531,0.26666666666666666
2013-08-14,16:56:01,0.7333333333333333,8.199920654296875,0.06666666666666668
2013-08-14,17:01:01,0.9333333333333332,6.066614786783854,0.06666666666666668
2013-08-14,17:06:01,0.8,7.533289591471354,0.13333333333333333
2013-08-14,17:11:01,0.8666666666666667,8.53326161702474,0.3333333333333333
2013-08-14,17:16:01,0.8,7.933260599772135,0.06666666666666668
2013-08-14,17:21:01,0.9333333333333332,8.399925231933594,0.4666666666666667
2013-08-14,17:26:02,0.8666666666666667,9.399897257486979,0
2013-08-14,17:31:02,0.8666666666666667,9.333203633626303,0.13333333333333333
2013-08-14,17:36:02,0.9333333333333332,7.9999033610026045,0
2013-08-14,17:41:02,1.0,8.399887084960938,0.06666666666666668
2013-08-14,17:46:02,0.7333333333333333,8.266588846842447,0
2013-08-14,17:51:02,0.8,6.066614786783854,0
2013-08-14,17:56:02,0.8666666666666667,8.399937947591146,0
2013-08-14,18:01:02,0.6666666666666667,6.999969482421875,0.3333333333333333
2013-08-14,18:06:02,0.9333333333333332,7.399915059407553,0.13333333333333333
2013-08-14,18:11:02,0.8,7.199961344401042,0.06666666666666668
2013-08-14,18:16:02,0.5333333333333333,8.999862670898438,0
2013-08-14,18:21:02,0.8,6.999918619791666,0.2
2013-08-14,18:26:02,0.8,7.133229573567706,0
2013-08-14,18:31:01,0.8666666666666667,10.399958292643227,0.06666666666666668
2013-08-14,18:36:01,0.8666666666666667,8.066596984863281,0.4666666666666667
2013-08-14,18:41:01,1.0666666666666669,10.266520182291666,0.3333333333333333
2013-08-14,18:46:01,0.7333333333333333,9.13323720296224,0
2013-08-14,18:51:01,0.6666666666666667,8.733253479003906,0.06666666666666668
2013-08-14,18:56:01,0.8666666666666667,8.333282470703125,0.2
2013-08-14,19:01:01,0.8,7.133267720540365,0.4
2013-08-14,19:06:02,17.8,41.799914042154946,100.0
2013-08-14,19:11:02,1.0666666666666669,28.533261617024742,0.13333333333333333
2013-08-14,19:16:02,1.6666666666666663,14.866574605305994,0.06666666666666668
2013-08-14,19:21:02,0.8666666666666667,11.06653849283854,0.2
2013-08-14,19:26:02,0.7333333333333333,10.599899291992188,0
2013-08-14,19:31:02,0.7333333333333333,10.533231099446615,0.13333333333333333
2013-08-14,19:36:02,0.6,9.799880981445312,0
2013-08-14,19:41:02,1.0,10.799903869628906,0
2013-08-14,19:46:02,0.7333333333333333,10.066515604654947,0
2013-08-14,19:51:02,0.7333333333333333,8.866589864095053,0
2013-08-14,19:56:02,0.8,9.599927266438803,0.3333333333333333
2013-08-14,20:01:02,0.8,10.533192952473959,0
2013-08-14,20:06:02,0.8666666666666667,9.799842834472656,0.13333333333333333
2013-08-14,20:11:02,0.7333333333333333,9.533233642578125,0.3333333333333333
2013-08-14,20:16:02,0.7333333333333333,7.799936930338541,0
2013-08-14,20:21:02,0.8,8.399937947591146,0.26666666666666666
2013-08-14,20:26:02,0.8666666666666667,7.4666086832682295,0.06666666666666668
2013-08-14,20:31:02,0.8666666666666667,8.79988352457682,0.3333333333333333
2013-08-14,20:36:02,0.7333333333333333,8.799908955891928,0.06666666666666668
2013-08-14,20:41:02,1.0666666666666669,13.866564432779946,0.06666666666666668
2013-08-14,20:46:02,0.8666666666666667,11.266543070475258,0.06666666666666668
2013-08-14,20:51:02,1.2727272727272727,8.999824523925781,0.1
2013-08-14,20:56:02,0.6666666666666667,8.866564432779947,0.26666666666666666
2013-08-14,21:01:03,0.5333333333333333,7.53326416015625,0
2013-08-14,21:06:03,0.6666666666666667,7.799924214680988,0.13333333333333333
2013-08-14,21:11:03,0.8,8.066609700520834,0.13333333333333333
2013-08-14,21:16:03,0.6666666666666667,7.999916076660156,0
2013-08-14,21:21:03,0.6,8.39996337890625,0.2
2013-08-14,21:26:03,0.6,9.13323720296224,0.13333333333333333
2013-08-14,21:31:03,0.6,9.133262634277344,0
2013-08-14,21:36:03,0.6666666666666667,8.99993896484375,0
2013-08-14,21:41:03,1.4,9.066543579101562,0.26666666666666666
2013-08-14,21:46:03,0.7333333333333333,9.599939982096354,0
2013-08-14,21:51:03,0.5333333333333333,8.533274332682293,0
2013-08-14,21:56:03,1.4,7.19989776611328,0
2013-08-14,22:01:03,1.9333333333333331,9.466578165690104,0.6
2013-08-14,22:06:03,1.4,8.333257039388021,0.13333333333333333
2013-08-14,22:11:03,1.2666666666666666,7.666600545247395,0.3333333333333333
2013-08-14,22:16:03,1.2,7.1999359130859375,0.06666666666666668
2013-08-14,22:21:03,1.2,6.399904886881512,0.26666666666666666
2013-08-14,22:26:03,1.2,9.066569010416666,0.06666666666666668
2013-08-14,22:31:03,1.2,8.799947102864582,0
2013-08-14,22:36:03,1.2,6.999969482421875,0.06666666666666668
2013-08-14,22:41:03,1.4666666666666666,7.399902343750001,0.3333333333333333
2013-08-14,22:46:03,1.2,8.199958801269531,0
2013-08-14,22:51:03,1.2,6.799964904785156,0
2013-08-14,22:56:03,1.2,8.199958801269531,0
2013-08-14,23:01:03,1.2,7.933247884114582,0
2013-08-14,23:06:03,1.4,8.666559855143227,0.2
2013-08-14,23:11:04,1.2,9.59991455078125,0.13333333333333333
2013-08-14,23:16:04,1.2,8.199920654296875,0
2013-08-14,23:21:04,1.2,7.533226013183595,0.7333333333333333
2013-08-14,23:26:04,1.2,9.599876403808594,0.2
2013-08-14,23:31:04,1.2,6.799926757812499,0
2013-08-14,23:36:04,1.2,7.4666086832682295,0.3333333333333333
2013-08-14,23:41:04,1.6,10.599937438964844,0.06666666666666668
2013-08-14,23:46:04,1.1333333333333333,10.46655019124349,0.06666666666666668
2013-08-14,23:51:04,1.2666666666666666,10.999908447265625,0.3333333333333333
2013-08-14,23:56:04,1.2,9.266548156738281,0
2013-08-15,00:01:04,1.2,8.53326161702474,0.06666666666666668
2013-08-15,00:06:04,1.2666666666666666,7.399978637695312,0.2
2013-08-15,00:11:04,1.2,7.19989776611328,0.13333333333333333
2013-08-15,00:16:04,1.2,7.666613260904947,0
2013-08-15,00:21:04,1.2,10.199851989746094,0.2
2013-08-15,00:26:04,1.2,9.599838256835938,0
2013-08-15,00:31:04,1.2,9.199905395507812,0.06666666666666668
2013-08-15,00:36:04,1.2,8.266550699869791,0
2013-08-15,00:41:04,1.4666666666666666,11.7999267578125,0.26666666666666666
2013-08-15,00:46:04,2.933333333333333,18.466555277506508,0
2013-08-15,00:51:04,1.1333333333333333,11.399879455566406,0.06666666666666668
2013-08-15,00:56:05,1.2666666666666666,11.599884033203125,0
2013-08-15,01:01:05,1.2,10.79986572265625,0
2013-08-15,01:06:05,1.2666666666666666,8.799858093261719,0.13333333333333333
2013-08-15,01:11:05,1.2,8.46655527750651,0.3333333333333333
2013-08-15,01:16:05,1.2,7.466595967610677,0.2
2013-08-15,01:21:05,1.2,8.666598002115885,0.5333333333333333
2013-08-15,01:26:05,1.2,8.46655527750651,0.06666666666666668
2013-08-15,01:31:05,1.2,6.133282979329426,0
2013-08-15,01:36:05,1.2,8.466593424479168,0
2013-08-15,01:41:05,1.4,9.99993642171224,0.13333333333333333
2013-08-15,01:46:05,1.2,9.466565450032551,0.26666666666666666
2013-08-15,01:51:05,1.2,7.733281453450519,0
2013-08-15,01:56:05,1.2,6.266619364420572,0.13333333333333333
2013-08-15,02:01:05,6.933333333333334,18.333218892415367,0.06666666666666668
2013-08-15,02:06:05,1.2,11.999893188476562,0.13333333333333333
2013-08-15,02:11:05,1.2,11.999893188476562,0.06666666666666668
2013-08-15,02:16:05,1.2,8.799921671549479,0
2013-08-15,02:21:05,1.2,6.333287556966144,0.4666666666666667
2013-08-15,02:26:05,1.3333333333333337,7.533289591471354,0.06666666666666668
2013-08-15,02:31:05,1.2,9.333229064941406,0
2013-08-15,02:36:05,1.2,10.733197530110678,0
2013-08-15,02:41:05,1.6,10.866610209147133,0
2013-08-15,02:46:05,1.2666666666666666,8.733291625976562,0
2013-08-15,02:51:05,1.2,7.999916076660156,0
2013-08-15,02:56:05,1.2,7.2666168212890625,0.26666666666666666
2013-08-15,03:01:05,1.2,8.199882507324219,0.26666666666666666
2013-08-15,03:06:05,1.3333333333333337,7.599932352701823,0.2
2013-08-15,03:11:05,1.2,7.799873352050782,0.06666666666666668
2013-08-15,03:16:05,1.2,7.533276875813801,0
2013-08-15,03:21:05,1.2,7.733243306477864,0.4666666666666667
2013-08-15,03:26:05,1.2,8.133252461751301,0.06666666666666668
2013-08-15,03:31:05,1.2,8.466631571451822,0.3333333333333333
2013-08-15,03:36:05,1.2,7.666600545247395,0
2013-08-15,03:41:05,1.4,9.533246358235676,0.06666666666666668
2013-08-15,03:46:05,1.2,10.73327382405599,0
2013-08-15,03:51:05,1.2,8.933258056640625,0
2013-08-15,03:56:05,1.2,10.533243815104166,0.06666666666666668
2013-08-15,04:01:05,1.2,6.999969482421875,0
2013-08-15,04:06:05,1.2666666666666666,4.7332509358723955,0.13333333333333333
2013-08-15,04:11:05,1.4666666666666666,7.466557820638021,0.06666666666666668
2013-08-15,04:16:05,1.2,9.933230082194008,0
2013-08-15,04:21:06,1.2,7.466646830240885,0.6666666666666666
2013-08-15,04:26:06,1.2,9.533208211263021,0.06666666666666668
2013-08-15,04:31:06,1.2,6.799964904785156,0
2013-08-15,04:36:06,1.2,8.599929809570312,0.26666666666666666
2013-08-15,04:41:06,1.5333333333333334,11.466611226399738,0
2013-08-15,04:46:06,1.2,13.199882507324217,0.2
2013-08-15,04:51:06,1.2,7.866554260253906,0
2013-08-15,04:56:06,1.2,8.866628011067707,0
2013-08-15,05:01:06,1.2,10.533243815104166,0.06666666666666668
2013-08-15,05:06:06,1.4,8.999926249186197,0.4666666666666667
2013-08-15,05:11:06,1.2,9.599889119466145,0.06666666666666668
2013-08-15,05:16:06,1.2,7.666613260904947,0.13333333333333333
2013-08-15,05:21:06,1.2,9.266599019368488,0.4666666666666667
2013-08-15,05:26:06,1.2,9.933242797851562,0
2013-08-15,05:31:06,1.2666666666666666,8.399976094563801,0.06666666666666668
2013-08-15,05:36:06,1.2,7.399902343750001,0.06666666666666668
2013-08-15,05:41:06,1.4,9.799855550130209,0
2013-08-15,05:46:06,1.2,9.599952697753906,0
2013-08-15,05:51:06,1.2,7.933298746744794,0
2013-08-15,05:56:06,1.2,7.599945068359375,0
2013-08-15,06:01:06,1.2,8.133252461751301,0
2013-08-15,06:06:06,1.4666666666666666,7.999916076660156,0.2
2013-08-15,06:11:06,1.4,6.599960327148438,0.8
2013-08-15,06:16:06,1.2,5.866610209147137,0
2013-08-15,06:21:06,1.2,7.466570536295575,0.26666666666666666
2013-08-15,06:26:06,1.2666666666666666,9.999923706054688,0
2013-08-15,06:31:06,1.2,8.999900817871094,0.06666666666666668
2013-08-15,06:36:06,1.2,9.999847412109375,0
2013-08-15,06:41:06,1.4,10.599937438964844,0
2013-08-15,06:46:06,1.2,7.399978637695312,0
2013-08-15,06:51:06,1.2,6.599922180175781,0.06666666666666668
2013-08-15,06:56:07,1.3333333333333337,7.399940490722656,0.8666666666666667
2013-08-15,07:01:07,1.2,7.999916076660156,0.13333333333333333
2013-08-15,07:06:07,1.3333333333333337,8.266588846842447,0.13333333333333333
2013-08-15,07:11:07,1.3333333333333337,7.7999114990234375,0.06666666666666668
2013-08-15,07:16:07,1.2,7.066599527994794,0
2013-08-15,07:21:06,1.2,9.133275349934895,0.3333333333333333
2013-08-15,07:26:06,1.2,8.999900817871094,0
2013-08-15,07:31:06,1.2,6.199951171875,0
2013-08-15,07:36:06,1.2,6.133282979329426,0
2013-08-15,07:41:06,1.6666666666666663,11.199951171875,0.06666666666666668
2013-08-15,07:46:06,1.2666666666666666,9.999910990397135,0.3333333333333333
2013-08-15,07:51:07,1.3,7.5998878479003915,0
2013-08-15,07:56:07,1.0666666666666669,7.133267720540365,0.13333333333333333
2013-08-15,08:01:07,0.9333333333333332,7.333234151204428,0
2013-08-15,08:06:07,1.1333333333333333,7.933247884114582,0.13333333333333333
2013-08-15,08:11:07,1.1333333333333333,7.466570536295575,0.6
2013-08-15,08:16:07,0.8666666666666667,9.19989267985026,0
2013-08-15,08:21:07,0.9333333333333332,8.99993896484375,0.2
2013-08-15,08:26:07,0.8666666666666667,8.666610717773438,0
2013-08-15,08:31:07,0.8,8.533223470052082,0.3333333333333333
2013-08-15,08:36:07,0.9333333333333332,6.866582234700519,0
2013-08-15,08:41:07,1.1333333333333333,11.199862162272133,0.13333333333333333
2013-08-15,08:46:07,1.0,9.933255513509115,0.4
2013-08-15,08:51:07,1.0,8.666610717773438,0
2013-08-15,08:56:07,1.0666666666666669,7.266591389973959,0.13333333333333333
2013-08-15,09:01:07,1.0666666666666669,8.933270772298176,0
2013-08-15,09:06:07,1.0,8.399925231933594,0.13333333333333333
2013-08-15,09:11:07,0.8,7.933273315429687,0.06666666666666668
2013-08-15,09:16:07,0.8666666666666667,7.066574096679687,0.06666666666666668
2013-08-15,09:21:07,0.8666666666666667,8.533236185709635,0.2
2013-08-15,09:26:07,1.0666666666666669,8.666598002115885,0.2
2013-08-15,09:31:07,1.2,7.933260599772135,0
2013-08-15,09:36:07,1.1333333333333333,8.13323974609375,0
2013-08-15,09:41:07,1.4,7.93322245279948,0.26666666666666666
2013-08-15,09:46:07,1.1333333333333333,10.466562906901041,0
2013-08-15,09:51:07,1.0,6.333262125651042,0
2013-08-15,09:56:07,1.1333333333333333,8.266563415527344,0.3333333333333333
2013-08-15,10:01:07,0.9333333333333332,9.666595458984375,0
2013-08-15,10:06:07,1.0666666666666669,8.066609700520834,0.4
2013-08-15,10:11:07,1.1333333333333333,8.999951680501301,0.13333333333333333
2013-08-15,10:16:08,1.0666666666666669,7.466646830240885,0
2013-08-15,10:21:08,1.2,6.333249409993489,0.2
2013-08-15,10:26:08,1.0666666666666669,7.0666249593098955,0.06666666666666668
2013-08-15,10:31:08,1.2,10.19989013671875,0.3333333333333333
2013-08-15,10:36:08,1.1333333333333333,7.199910481770834,0.4
2013-08-15,10:41:08,1.4,8.399912516276041,0
2013-08-15,10:46:08,8.533333333333333,44.2665990193685,0
2013-08-15,10:51:08,1.1333333333333333,21.933212280273438,0
2013-08-15,10:56:08,1.1333333333333333,12.333234151204426,0.06666666666666668
2013-08-15,11:01:08,1.1333333333333333,10.533192952473959,0.06666666666666668
2013-08-15,11:06:08,1.1333333333333333,10.33320109049479,0.2
2013-08-15,11:11:08,1.0666666666666669,9.266548156738281,0.06666666666666668
2013-08-15,11:16:08,1.1333333333333333,8.533248901367188,0.13333333333333333
2013-08-15,11:21:08,1.1333333333333333,9.466590881347656,0.2
2013-08-15,11:26:08,1.0666666666666669,10.466524759928383,0.26666666666666666
2013-08-15,11:31:08,1.0,10.13318379720052,0
2013-08-15,11:36:08,1.0,9.933230082194008,0.26666666666666666
2013-08-15,11:41:08,1.3333333333333337,10.666592915852863,0.26666666666666666
2013-08-15,11:46:08,1.0,12.133204142252602,0.06666666666666668
2013-08-15,11:51:08,0.8666666666666667,7.799936930338541,0
2013-08-15,11:56:08,3.363636363636364,9.363590587269176,0.1
2013-08-15,12:01:08,1.9333333333333331,21.533203125,0.06666666666666668
2013-08-15,12:06:08,1.4,12.199897766113281,0.2
2013-08-15,12:11:08,1.4666666666666666,11.199874877929688,0.3333333333333333
2013-08-15,12:16:08,1.2,10.133209228515625,0
2013-08-15,12:21:08,1.2,8.133265177408854,0.3333333333333333
2013-08-15,12:26:08,1.2,9.199867248535156,0.3333333333333333
2013-08-15,12:31:08,1.2666666666666666,10.19989013671875,0
2013-08-15,12:36:08,1.2,13.666598002115881,0
2013-08-15,12:41:08,1.4,8.599967956542969,0.06666666666666668
2013-08-15,12:46:08,1.1333333333333333,10.266520182291666,0
2013-08-15,12:51:08,1.0666666666666669,8.466567993164062,0.06666666666666668
2013-08-15,12:56:08,1.0,9.466527303059896,0.06666666666666668
2013-08-15,13:01:08,1.0666666666666669,7.99994150797526,0.26666666666666666
2013-08-15,13:06:08,1.0,8.066558837890625,0.4666666666666667
2013-08-15,13:11:08,0.9333333333333332,8.333231608072916,0.13333333333333333
2013-08-15,13:16:08,1.0,7.799898783365887,0.3333333333333333
2013-08-15,13:21:08,1.0,7.533315022786459,0.6
2013-08-15,13:26:08,1.0,8.799934387207031,0.06666666666666668
2013-08-15,13:31:08,1.0666666666666669,7.666575113932293,0
2013-08-15,13:36:08,1.0666666666666669,8.99993896484375,0
2013-08-15,13:41:09,1.1333333333333333,12.066561381022133,0.13333333333333333
2013-08-15,13:46:09,1.0,9.199905395507812,0
2013-08-15,13:51:09,0.8,7.3333104451497375,0.06666666666666668
2013-08-15,13:56:09,1.0,6.533292134602865,0.13333333333333333
2013-08-15,14:01:09,0.8666666666666667,7.333272298177083,0.3333333333333333
2013-08-15,14:06:09,1.2,6.9332758585612,0.26666666666666666
2013-08-15,14:11:09,1.2,9.333241780598957,0.4666666666666667
2013-08-15,14:16:09,1.0666666666666669,8.266563415527344,0
2013-08-15,14:21:09,1.2,6.799914042154947,0.2
2013-08-15,14:26:09,1.0666666666666669,7.466583251953125,0.06666666666666668
2013-08-15,14:31:09,0.9333333333333332,7.466634114583331,0
2013-08-15,14:36:09,0.8666666666666667,9.199867248535156,0.13333333333333333
2013-08-15,14:41:09,1.1333333333333333,10.133221944173178,0.06666666666666668
2013-08-15,14:46:09,1.0,9.466590881347656,0.06666666666666668
2013-08-15,14:51:09,1.0,7.466595967610677,0.26666666666666666
2013-08-15,14:56:09,1.1333333333333333,7.666625976562499,0.4
2013-08-15,15:01:09,0.9333333333333332,9.066607157389322,0
2013-08-15,15:06:09,1.0666666666666669,8.599929809570312,0.13333333333333333
2013-08-15,15:11:09,0.8,8.933232625325521,0.3333333333333333
2013-08-15,15:16:09,0.9333333333333332,7.999916076660156,0
2013-08-15,15:21:09,0.9333333333333332,8.533248901367188,0.2
2013-08-15,15:26:09,0.9333333333333332,9.46650187174479,0.06666666666666668
2013-08-15,15:31:09,1.0,8.133265177408854,0.3333333333333333
2013-08-15,15:36:09,0.8666666666666667,7.533276875813801,0
2013-08-15,15:41:09,1.3333333333333337,11.733245849609375,0.13333333333333333
2013-08-15,15:46:09,1.0666666666666669,11.333236694335938,0
2013-08-15,15:51:09,0.8,7.399978637695312,0.06666666666666668
2013-08-15,15:56:09,1.1333333333333333,8.133252461751301,0.2
2013-08-15,16:01:09,0.8666666666666667,8.333231608072916,0.13333333333333333
2013-08-15,16:06:09,0.8666666666666667,9.733263651529947,0.26666666666666666
2013-08-15,16:11:09,1.0,8.133277893066406,0.13333333333333333
2013-08-15,16:16:09,0.8,9.799842834472656,0
2013-08-15,16:21:09,0.9333333333333332,9.866511027018229,0.2
2013-08-15,16:26:09,1.0,9.799880981445312,0.8666666666666667
2013-08-15,16:31:09,1.0666666666666669,8.933232625325521,0.06666666666666668
2013-08-15,16:36:09,0.7333333333333333,8.466567993164062,0.06666666666666668
2013-08-15,16:41:09,1.0,10.333239237467447,0.06666666666666668
2013-08-15,16:46:09,0.7333333333333333,11.333223978678383,0
2013-08-15,16:51:09,0.8666666666666667,9.999885559082031,0
2013-08-15,16:56:09,0.8666666666666667,8.933270772298176,0
2013-08-15,17:01:09,0.9333333333333332,9.066632588704428,0.13333333333333333
2013-08-15,17:06:09,1.0666666666666669,7.999954223632813,0.7333333333333333
2013-08-15,17:11:09,0.8666666666666667,8.733266194661459,0.06666666666666668
2013-08-15,17:16:09,1.0666666666666669,8.133227030436197,0.13333333333333333
2013-08-15,17:21:09,0.9333333333333332,8.933258056640625,0.2
2013-08-15,17:26:09,1.0666666666666669,9.399909973144531,0.06666666666666668
2013-08-15,17:31:09,0.8,7.933247884114582,0
2013-08-15,17:36:09,0.8666666666666667,5.999946594238281,0
2013-08-15,17:41:09,1.2,7.799936930338541,0.2
2013-08-15,17:46:10,0.9333333333333332,9.733263651529947,0
2013-08-15,17:51:10,1.1333333333333333,7.666613260904947,0.13333333333333333
2013-08-15,17:56:10,0.9333333333333332,7.999954223632813,0.2
2013-08-15,18:01:10,0.9333333333333332,9.266560872395834,0
2013-08-15,18:06:10,1.2,8.2666015625,0.13333333333333333
2013-08-15,18:11:10,1.2,10.066566467285156,0.13333333333333333
2013-08-15,18:16:10,1.1333333333333333,12.999916076660156,0.06666666666666668
2013-08-15,18:21:10,1.1333333333333333,8.933270772298176,0.5333333333333333
2013-08-15,18:26:10,1.2,7.733243306477864,0.3333333333333333
2013-08-15,18:31:10,1.0666666666666669,7.9998779296875,0
2013-08-15,18:36:10,1.0666666666666669,8.866539001464844,0.26666666666666666
2013-08-15,18:41:10,1.3333333333333337,11.266581217447914,0.26666666666666666
2013-08-15,18:46:10,1.1333333333333333,13.266525268554688,0
2013-08-15,18:51:10,1.2,8.199920654296875,0
2013-08-15,18:56:10,1.1333333333333333,7.799936930338541,0.13333333333333333
2013-08-15,19:01:10,1.1333333333333333,7.999966939290365,0.06666666666666668
2013-08-15,19:06:10,1.0666666666666669,8.066571553548176,0
2013-08-15,19:11:10,0.9333333333333332,7.733281453450519,0.13333333333333333
2013-08-15,19:16:10,0.8,7.1999359130859375,0.13333333333333333
2013-08-15,19:21:10,0.9333333333333332,7.199974060058594,0.2
2013-08-15,19:26:10,1.0666666666666669,7.799949645996093,0.06666666666666668
2013-08-15,19:31:10,0.9333333333333332,8.999913533528646,0
2013-08-15,19:36:10,1.1333333333333333,10.933252970377602,0.13333333333333333
2013-08-15,19:41:10,1.2666666666666666,9.999910990397135,0.06666666666666668
2013-08-15,19:46:10,1.0666666666666669,9.333216349283854,0.13333333333333333
2013-08-15,19:51:10,0.9333333333333332,8.53326161702474,0
2013-08-15,19:56:10,0.9333333333333332,7.19989776611328,0.06666666666666668
2013-08-15,20:01:10,0.8666666666666667,6.199951171875,0.13333333333333333
2013-08-15,20:06:10,1.0666666666666669,8.333282470703125,0
2013-08-15,20:11:10,1.0,8.599904378255209,0.6666666666666666
2013-08-15,20:16:10,0.9333333333333332,7.933235168457031,0.3333333333333333
2013-08-15,20:21:10,1.0666666666666669,8.533236185709635,0.2
2013-08-15,20:26:11,1.0,7.666600545247395,0.06666666666666668
2013-08-15,20:31:11,1.0,9.266510009765625,0.26666666666666666
2013-08-15,20:36:11,1.0,9.533220926920572,0
2013-08-15,20:41:11,1.0666666666666669,11.599845886230469,0
2013-08-15,20:46:11,0.9333333333333332,8.733240763346354,0
2013-08-15,20:51:11,1.0,8.599891662597656,0.06666666666666668
2013-08-15,20:56:11,1.0666666666666669,8.26653798421224,0.2
2013-08-15,21:01:10,0.9333333333333332,10.199902852376303,0.2
2013-08-15,21:06:10,0.9333333333333332,11.199913024902344,0
2013-08-15,21:11:10,0.9333333333333332,8.599929809570312,0.06666666666666668
2013-08-15,21:16:10,1.0666666666666669,8.133290608723959,0.2
2013-08-15,21:21:10,1.0,7.1999359130859375,0.2
2013-08-15,21:26:10,1.0,10.799903869628906,0.06666666666666668
2013-08-15,21:31:10,0.8666666666666667,9.866561889648438,0.06666666666666668
2013-08-15,21:36:11,0.8666666666666667,7.799949645996093,0.13333333333333333
2013-08-15,21:41:11,1.1333333333333333,10.399894714355469,0.06666666666666668
2013-08-15,21:46:11,1.0666666666666669,8.2666015625,0.26666666666666666
2013-08-15,21:51:11,0.9333333333333332,7.999916076660156,0
2013-08-15,21:56:11,0.9333333333333332,11.533215840657554,0.06666666666666668
2013-08-15,22:01:11,1.0,9.733187357584635,0.13333333333333333
2013-08-15,22:06:11,1.0666666666666669,8.733228047688803,0.8
2013-08-15,22:11:11,0.8666666666666667,7.733306884765626,0.26666666666666666
2013-08-15,22:16:11,0.8666666666666667,8.066584269205729,0
2013-08-15,22:21:11,0.9333333333333332,9.533233642578125,0.4666666666666667
2013-08-15,22:26:11,1.0666666666666669,8.733228047688803,0.06666666666666668
2013-08-15,22:31:11,1.0,7.399940490722656,0
2013-08-15,22:36:11,0.9333333333333332,7.133280436197918,0
2013-08-15,22:41:11,1.3333333333333337,9.999910990397135,0
2013-08-15,22:46:11,1.0,10.599912007649738,0.06666666666666668
2013-08-15,22:51:11,1.0666666666666669,7.399940490722656,0.13333333333333333
2013-08-15,22:56:11,1.0666666666666669,9.66657002766927,0.06666666666666668
2013-08-15,23:01:11,0.9333333333333332,7.733294169108072,0.13333333333333333
2013-08-15,23:06:11,0.8666666666666667,6.999969482421875,0
2013-08-15,23:11:11,1.1333333333333333,7.1999359130859375,0.3333333333333333
2013-08-15,23:16:11,1.0666666666666669,7.8666051228841125,0
2013-08-15,23:21:11,0.9333333333333332,8.399887084960938,0.13333333333333333
2013-08-15,23:26:11,1.0666666666666669,8.066571553548176,0.3333333333333333
2013-08-15,23:31:11,0.9333333333333332,7.733256022135417,0.2
2013-08-15,23:36:11,0.8,8.666559855143227,0.06666666666666668
2013-08-15,23:41:11,1.4,12.533226013183594,0
2013-08-15,23:46:11,0.9333333333333332,10.399856567382812,0
2013-08-15,23:51:11,0.9333333333333332,8.399925231933594,0
2013-08-15,23:56:11,0.9333333333333332,7.599945068359375,1.2
2013-08-16,00:01:11,0.9333333333333332,9.199943542480469,0.13333333333333333
2013-08-16,00:06:11,0.8666666666666667,8.199958801269531,0
2013-08-16,00:11:12,1.0666666666666669,6.99993133544922,0.06666666666666668
2013-08-16,00:16:12,0.8666666666666667,7.466570536295575,0
2013-08-16,00:21:12,1.1333333333333333,8.466593424479168,0.13333333333333333
2013-08-16,00:26:12,0.9333333333333332,7.199974060058594,0
2013-08-16,00:31:12,0.9333333333333332,8.399925231933594,0.06666666666666668
2013-08-16,00:36:12,0.8666666666666667,6.86663309733073,0.13333333333333333
2013-08-16,00:41:12,1.0666666666666669,9.866587320963541,0
2013-08-16,00:46:12,3.4,28.266550699869793,0.06666666666666668
2013-08-16,00:51:12,0.8666666666666667,18.599891662597656,0
2013-08-16,00:56:12,1.0666666666666669,11.199874877929688,0.13333333333333333
2013-08-16,01:01:12,1.1333333333333333,8.999900817871094,0.7333333333333333
2013-08-16,01:06:12,1.0,6.86663309733073,0
2013-08-16,01:11:12,1.0666666666666669,8.999862670898438,0.13333333333333333
2013-08-16,01:16:12,1.0,8.799896240234375,0
2013-08-16,01:21:12,0.8,7.9998779296875,0.2
2013-08-16,01:26:12,0.9333333333333332,9.199905395507812,0.06666666666666668
2013-08-16,01:31:12,1.0,8.399925231933594,0
2013-08-16,01:36:12,1.0666666666666669,9.33319091796875,0.26666666666666666
2013-08-16,01:41:12,1.2666666666666666,11.199913024902344,0
2013-08-16,01:46:12,1.0666666666666669,9.599876403808594,0.26666666666666666
2013-08-16,01:51:12,1.0,9.066607157389322,0
2013-08-16,01:56:12,0.9333333333333332,10.999870300292969,0.3333333333333333
2013-08-16,02:01:12,0.9333333333333332,10.19989013671875,0.13333333333333333
2013-08-16,02:06:12,1.0,8.399925231933594,0
2013-08-16,02:11:12,0.8666666666666667,8.999862670898438,0.13333333333333333
2013-08-16,02:16:12,0.9333333333333332,9.1998291015625,0.06666666666666668
2013-08-16,02:21:12,1.0,9.199905395507812,0.3333333333333333
2013-08-16,02:26:12,1.1333333333333333,9.999885559082031,0.06666666666666668
2013-08-16,02:31:12,3.2,25.59986114501953,0
2013-08-16,02:36:12,1.1333333333333333,23.399887084960938,0.26666666666666666
2013-08-16,02:41:12,1.3333333333333337,15.799903869628906,0
2013-08-16,02:46:12,1.0,14.19990539550781,0
2013-08-16,02:51:12,0.9333333333333332,9.599876403808594,0
2013-08-16,02:56:12,1.0,7.1999359130859375,0.13333333333333333
2013-08-16,03:01:12,1.0,7.399978637695312,0.2
2013-08-16,03:06:12,1.0,8.666572570800781,0.06666666666666668
2013-08-16,03:11:12,1.1333333333333333,8.266550699869791,0.06666666666666668
2013-08-16,03:16:12,1.0,7.399902343750001,0.06666666666666668
2013-08-16,03:21:12,0.8666666666666667,8.199933369954428,0.26666666666666666
2013-08-16,03:26:12,1.0,8.533223470052082,0.6
2013-08-16,03:31:12,1.0,7.533251444498699,0
2013-08-16,03:36:12,0.9333333333333332,7.933273315429687,0
2013-08-16,03:41:12,1.0666666666666669,9.733238220214844,0.3333333333333333
2013-08-16,03:46:12,0.8666666666666667,10.266571044921875,0
2013-08-16,03:51:12,1.0666666666666669,8.933232625325521,0
2013-08-16,03:56:12,1.0666666666666669,8.46655527750651,0.13333333333333333
2013-08-16,04:01:12,0.9333333333333332,8.399925231933594,0.2
2013-08-16,04:06:12,1.0666666666666669,8.066571553548176,0.06666666666666668
2013-08-16,04:11:12,1.0666666666666669,7.1999359130859375,0.2
2013-08-16,04:16:12,0.9333333333333332,8.399848937988281,0.26666666666666666
2013-08-16,04:21:12,0.8666666666666667,7.999916076660156,0.2
2013-08-16,04:26:12,0.9333333333333332,8.266588846842447,0
2013-08-16,04:31:12,0.9333333333333332,8.666572570800781,0
2013-08-16,04:36:13,0.9333333333333332,9.066569010416666,0
2013-08-16,04:41:13,1.3333333333333337,9.466578165690104,0.2
2013-08-16,04:46:13,1.0,9.933179219563803,0
2013-08-16,04:51:13,1.0,9.59985097249349,0.06666666666666668
2013-08-16,04:56:13,0.9333333333333332,8.933258056640625,0
2013-08-16,05:01:13,0.9333333333333332,7.13330586751302,0.2
2013-08-16,05:06:13,0.9333333333333332,8.333244323730469,0.06666666666666668
2013-08-16,05:11:13,1.0,8.199920654296875,0.13333333333333333
2013-08-16,05:16:13,0.8666666666666667,8.599904378255209,0.26666666666666666
2013-08-16,05:21:13,1.0,8.199907938639322,0.2
2013-08-16,05:26:13,1.0666666666666669,10.799916585286457,0.26666666666666666
2013-08-16,05:31:13,0.8666666666666667,7.933273315429687,0
2013-08-16,05:36:13,1.0,9.133275349934895,0.3333333333333333
2013-08-16,05:41:13,1.2666666666666666,9.599927266438803,0.2
2013-08-16,05:46:13,0.9333333333333332,9.199930826822916,0.3333333333333333
2013-08-16,05:51:13,0.9333333333333332,8.999913533528646,0
2013-08-16,05:56:13,0.9333333333333332,8.066584269205729,0
2013-08-16,06:01:13,1.0,9.066556294759115,0.13333333333333333
2013-08-16,06:06:13,0.9333333333333332,7.999966939290365,0
2013-08-16,06:11:13,1.1333333333333333,8.933245340983072,0.2
2013-08-16,06:16:13,0.6666666666666667,8.866564432779947,0
2013-08-16,06:21:13,1.0,8.799896240234375,0.3333333333333333
2013-08-16,06:26:13,1.0666666666666669,8.399925231933594,0
2013-08-16,06:31:13,1.0,7.133255004882813,0
2013-08-16,06:36:13,0.9333333333333332,7.4666086832682295,0.06666666666666668
2013-08-16,06:41:13,1.1333333333333333,10.533218383789062,0
2013-08-16,06:46:13,0.8666666666666667,10.999908447265625,0.06666666666666668
2013-08-16,06:51:13,0.9333333333333332,8.19994608561198,0.4
2013-08-16,06:56:13,1.0,9.199879964192709,0.26666666666666666
2013-08-16,07:01:13,1.1333333333333333,7.1999231974283875,0.13333333333333333
2013-08-16,07:06:13,1.0666666666666669,9.13323720296224,0
2013-08-16,07:11:13,0.9333333333333332,6.466623942057291,0.06666666666666668
2013-08-16,07:16:13,0.9333333333333332,9.399871826171875,0
2013-08-16,07:21:13,0.9333333333333332,7.999928792317706,0.2
2013-08-16,07:26:13,0.9333333333333332,9.19989267985026,0.13333333333333333
2013-08-16,07:31:13,1.1333333333333333,8.666598002115885,0.13333333333333333
2013-08-16,07:36:13,1.0,8.266525268554688,0.26666666666666666
2013-08-16,07:41:13,1.2666666666666666,9.333216349283854,0.3333333333333333
2013-08-16,07:46:13,1.0666666666666669,11.06653849283854,0
2013-08-16,07:51:13,1.0,7.799949645996093,0
2013-08-16,07:56:13,1.1333333333333333,8.066584269205729,0
2013-08-16,08:01:13,0.8666666666666667,9.866587320963541,0.13333333333333333
2013-08-16,08:06:13,0.9333333333333332,7.799949645996093,0.2
2013-08-16,08:11:13,0.9333333333333332,7.799936930338541,0.2
2013-08-16,08:16:13,1.0,8.199920654296875,0
2013-08-16,08:21:14,1.0666666666666669,7.066612243652344,0.2
2013-08-16,08:26:14,1.2,8.399950663248699,0.5333333333333333
2013-08-16,08:31:14,1.1333333333333333,8.733228047688803,0.26666666666666666
2013-08-16,08:36:14,1.1333333333333333,8.666598002115885,0.06666666666666668
2013-08-16,08:41:14,1.2666666666666666,7.93328603108724,0.13333333333333333
2013-08-16,08:46:14,1.0,8.333269755045574,0.06666666666666668
2013-08-16,08:51:14,1.0,8.999888102213541,0
2013-08-16,08:56:14,0.9333333333333332,8.133252461751301,0
2013-08-16,09:01:14,1.0666666666666669,7.53326416015625,0.2
2013-08-16,09:06:14,1.0,8.599942525227865,0.06666666666666668
2013-08-16,09:11:14,1.1333333333333333,8.533223470052082,0.13333333333333333
2013-08-16,09:16:14,1.1333333333333333,8.333269755045574,0.26666666666666666
2013-08-16,09:21:14,1.0666666666666669,9.333241780598957,0.2
2013-08-16,09:26:14,1.0666666666666669,8.933270772298176,0.4666666666666667
2013-08-16,09:31:14,1.0,8.599904378255209,0
2013-08-16,09:36:14,1.0,7.199961344401042,0
2013-08-16,09:41:14,1.1333333333333333,11.466585795084633,0
2013-08-16,09:46:14,1.0,11.999893188476562,0.13333333333333333
2013-08-16,09:51:14,1.0,7.466621398925781,0
2013-08-16,09:56:14,1.0,6.799926757812499,0.13333333333333333
2013-08-16,10:01:14,1.1333333333333333,9.199879964192709,0.13333333333333333
2013-08-16,10:06:14,1.0666666666666669,7.533276875813801,0.3333333333333333
2013-08-16,10:11:14,1.0666666666666669,7.666613260904947,0.26666666666666666
2013-08-16,10:16:14,1.0666666666666669,7.133293151855469,0
2013-08-16,10:21:14,1.0,8.733240763346354,0.4666666666666667
2013-08-16,10:26:14,1.0666666666666669,9.399935404459633,0.06666666666666668
2013-08-16,10:31:14,1.0,9.399922688802082,0.06666666666666668
2013-08-16,10:36:14,1.0666666666666669,7.933273315429687,0
2013-08-16,10:41:14,1.2,10.19989013671875,0.06666666666666668
2013-08-16,10:46:14,1.0,10.999870300292969,0
2013-08-16,10:51:14,1.2,9.799893697102863,0.06666666666666668
2013-08-16,10:56:14,1.0666666666666669,7.799949645996093,0.06666666666666668
2013-08-16,11:01:14,1.1333333333333333,7.733243306477864,0.13333333333333333
2013-08-16,11:06:14,1.1333333333333333,7.599945068359375,0
2013-08-16,11:11:14,1.0666666666666669,5.999946594238281,0.06666666666666668
2013-08-16,11:16:14,0.9333333333333332,8.266588846842447,0.26666666666666666
2013-08-16,11:21:15,1.0666666666666669,8.666585286458334,0.4666666666666667
2013-08-16,11:26:15,1.0,11.06653849283854,0.06666666666666668
2013-08-16,11:31:15,1.0666666666666669,7.133267720540365,0.13333333333333333
2013-08-16,11:36:15,0.9333333333333332,8.2666015625,0.06666666666666668
2013-08-16,11:41:15,1.3333333333333337,7.7332305908203125,0.4
2013-08-16,11:46:15,1.0,9.466552734375,0
2013-08-16,11:51:15,1.0,7.8665924072265625,0
2013-08-16,11:56:15,1.0666666666666669,8.266550699869791,0.06666666666666668
2013-08-16,12:01:15,1.0,6.999969482421875,0.13333333333333333
2013-08-16,12:06:15,1.0666666666666669,8.066571553548176,0.3333333333333333
2013-08-16,12:11:15,0.9333333333333332,9.133211771647135,0.06666666666666668
2013-08-16,12:16:15,1.0,8.19994608561198,0
2013-08-16,12:21:15,3.6,13.133277893066406,0.26666666666666666
2013-08-16,12:26:15,1.8,27.06658681233724,0.3333333333333333
2013-08-16,12:31:15,1.4666666666666666,12.599906921386719,0
2013-08-16,12:36:15,1.2666666666666666,12.799911499023436,0
2013-08-16,12:41:15,1.4,12.066548665364586,0.06666666666666668
2013-08-16,12:46:15,1.2,12.066535949707031,0
2013-08-16,12:51:15,1.2,8.666572570800781,0.06666666666666668
2013-08-16,12:56:15,1.2,9.599838256835938,0.26666666666666666
2013-08-16,13:01:15,1.2,9.799880981445312,0.13333333333333333
2013-08-16,13:06:15,1.2,9.599876403808594,0.06666666666666668
2013-08-16,13:11:15,1.2,8.39996337890625,0.4
2013-08-16,13:16:15,1.3333333333333337,7.866617838541666,0
2013-08-16,13:21:15,1.3333333333333337,11.399917602539062,0.6
2013-08-16,13:26:15,1.4,14.999885559082033,0.2
2013-08-16,13:31:15,4.266666666666667,17.46655782063802,0.06666666666666668
2013-08-16,13:36:15,4.666666666666667,29.199905395507812,0.06666666666666668
2013-08-16,13:41:15,2.0666666666666664,20.599899291992188,0.13333333333333333
2013-08-16,13:46:15,1.9333333333333331,20.999908447265625,0.13333333333333333
2013-08-16,13:51:16,6.0,16.7999267578125,0.3333333333333333
2013-08-16,13:56:16,6.866666666666666,12.599906921386719,0.06666666666666668
2013-08-16,14:01:16,6.7333333333333325,10.133221944173178,0.3333333333333333
2013-08-16,14:06:16,6.666666666666666,13.466593424479164,0.6
2013-08-16,14:11:16,6.066666666666666,13.199882507324217,0.4666666666666667
2013-08-16,14:16:16,6.0,11.99986775716146,0.06666666666666668
2013-08-16,14:21:16,5.4,14.533233642578125,0.3333333333333333
2013-08-16,14:26:16,5.2,11.999855041503906,0.13333333333333333
2013-08-16,14:31:16,5.2,9.933217366536457,0
2013-08-16,14:36:16,5.2,10.133221944173178,0
2013-08-16,14:41:16,5.333333333333334,8.466593424479168,0.6
2013-08-16,14:46:16,4.733333333333333,9.066569010416666,0.4
2013-08-16,14:51:16,4.8,6.99993133544922,0.3333333333333333
2013-08-16,14:56:16,5.0,9.266560872395834,0.06666666666666668
2013-08-16,15:01:16,4.866666666666667,9.599901835123697,0.13333333333333333
2013-08-16,15:06:16,5.333333333333334,7.93328603108724,0
2013-08-16,15:11:16,5.133333333333334,12.599906921386719,0.3333333333333333
2013-08-16,15:16:16,5.133333333333334,11.266543070475258,0
2013-08-16,15:21:16,5.2,11.866556803385414,0.2
2013-08-16,15:26:16,5.2,11.733220418294273,0.06666666666666668
2013-08-16,15:31:16,5.2,10.066553751627602,0.6
2013-08-16,15:36:16,5.133333333333334,9.666531880696615,0.06666666666666668
2013-08-16,15:41:16,5.4,12.199897766113281,0.06666666666666668
2013-08-16,15:46:16,5.133333333333334,10.19989013671875,0
2013-08-16,15:51:16,5.133333333333334,7.799949645996093,0.06666666666666668
2013-08-16,15:56:16,5.133333333333334,10.199851989746094,0.06666666666666668
2013-08-16,16:01:16,5.2,7.933235168457031,0.13333333333333333
2013-08-16,16:06:16,5.2,11.199874877929688,0
2013-08-16,16:11:16,5.2,9.399948120117188,0.2
2013-08-16,16:16:16,5.2,10.999870300292969,0
2013-08-16,16:21:16,5.2,8.999862670898438,0.5333333333333333
2013-08-16,16:26:16,5.133333333333334,10.999870300292969,0.06666666666666668
2013-08-16,16:31:16,5.0,12.066561381022133,0.26666666666666666
2013-08-16,16:36:16,4.933333333333334,9.133199055989584,0
2013-08-16,16:41:16,5.266666666666667,10.133221944173178,0.5333333333333333
2013-08-16,16:46:16,4.933333333333334,9.533233642578125,0.06666666666666668
2013-08-16,16:51:16,4.866666666666667,9.599889119466145,0.06666666666666668
2013-08-16,16:56:16,4.8,11.066563924153645,0.06666666666666668
2013-08-16,17:01:16,5.466666666666666,9.066645304361979,0.13333333333333333
2013-08-16,17:06:16,6.6,37.8665288289388,0
2013-08-16,17:11:16,5.133333333333334,17.333246866861977,0.26666666666666666
2013-08-16,17:16:16,5.133333333333334,12.599906921386719,0.06666666666666668
2013-08-16,17:21:16,4.933333333333334,11.333211263020832,0.2
2013-08-16,17:26:16,5.066666666666666,9.333203633626303,0.26666666666666666
2013-08-16,17:31:16,5.0,9.866561889648438,0.06666666666666668
2013-08-16,17:36:17,5.133333333333334,8.466618855794271,0
2013-08-16,17:41:17,5.4,10.933202107747398,0.06666666666666668
2013-08-16,17:46:17,5.2,8.733266194661459,0
2013-08-16,17:51:17,4.733333333333333,10.133209228515625,0
2013-08-16,17:56:17,4.933333333333334,7.933235168457031,0
2013-08-16,18:01:17,4.933333333333334,9.799919128417969,0.13333333333333333
2013-08-16,18:06:17,5.0,8.266588846842447,0.06666666666666668
2013-08-16,18:11:17,5.2,8.999900817871094,0.4
2013-08-16,18:16:17,5.133333333333334,9.933179219563803,0.5333333333333333
2013-08-16,18:21:17,5.2,9.199943542480469,0.5333333333333333
2013-08-16,18:26:17,5.133333333333334,11.066576639811196,0.06666666666666668
2013-08-16,18:31:17,5.0,9.666531880696615,0
2013-08-16,18:36:17,5.133333333333334,8.533210754394531,0
2013-08-16,18:41:17,5.0,12.39990234375,0.06666666666666668
2013-08-16,18:46:17,4.8,10.533192952473959,0.06666666666666668
2013-08-16,18:51:17,4.533333333333333,8.599955240885416,0.06666666666666668
2013-08-16,18:56:17,4.666666666666667,9.666531880696615,0.06666666666666668
2013-08-16,19:01:17,4.733333333333333,9.866549173990885,0.3333333333333333
2013-08-16,19:06:17,4.6,11.133244832356773,0.26666666666666666
2013-08-16,19:11:17,5.133333333333334,9.399833679199219,0.06666666666666668
2013-08-16,19:16:17,4.733333333333333,8.199933369954428,0
2013-08-16,19:21:17,5.133333333333334,9.666557312011719,0.13333333333333333
2013-08-16,19:26:17,5.066666666666666,9.466565450032551,0
2013-08-16,19:31:17,5.066666666666666,9.599889119466145,0
2013-08-16,19:36:17,5.066666666666666,10.399907430013021,0.06666666666666668
2013-08-16,19:41:17,5.333333333333334,10.466588338216145,0
2013-08-16,19:46:17,5.133333333333334,11.333223978678383,0
2013-08-16,19:51:18,5.2,9.133199055989584,0
2013-08-16,19:56:18,5.2,10.266571044921875,0.5333333333333333
2013-08-16,20:01:18,5.133333333333334,9.399909973144531,0.2
2013-08-16,20:06:18,5.2,9.133224487304688,0.06666666666666668
2013-08-16,20:11:18,5.0,8.799908955891928,0.4666666666666667
2013-08-16,20:16:18,5.066666666666666,9.066556294759115,0.06666666666666668
2013-08-16,20:21:18,5.0,9.999885559082031,0.2
2013-08-16,20:26:18,4.933333333333334,9.799880981445312,0.06666666666666668
2013-08-16,20:31:18,4.8,9.999923706054688,0
2013-08-16,20:36:18,4.8,8.999900817871094,0.13333333333333333
2013-08-16,20:41:18,5.0,10.333251953125,0
2013-08-16,20:46:18,4.866666666666667,10.799903869628906,0
2013-08-16,20:51:18,5.2,9.1998291015625,0.4
2013-08-16,20:56:18,5.2,8.999862670898438,0.06666666666666668
2013-08-16,21:01:18,5.066666666666666,9.466565450032551,0.13333333333333333
2013-08-16,21:06:18,5.0,9.933179219563803,0
2013-08-16,21:11:18,5.0,7.999928792317706,0.06666666666666668
2013-08-16,21:16:18,5.133333333333334,5.533256530761719,0
2013-08-16,21:21:18,5.133333333333334,8.933283487955729,0.2
2013-08-16,21:26:18,5.133333333333334,8.933258056640625,0.06666666666666668
2013-08-16,21:31:18,4.933333333333334,8.999926249186197,0.26666666666666666
2013-08-16,21:36:18,4.666666666666667,10.866584777832031,0
2013-08-16,21:41:18,5.0,11.666552225748696,0
2013-08-16,21:46:18,5.0,11.066563924153645,0.06666666666666668
2013-08-16,21:51:18,4.866666666666667,11.199874877929688,0.26666666666666666
2013-08-16,21:56:18,5.133333333333334,7.933260599772135,0.3333333333333333
2013-08-16,22:01:19,5.066666666666666,9.466514587402344,0.2
2013-08-16,22:06:19,5.2,8.39996337890625,0.06666666666666668
2013-08-16,22:11:19,5.2,8.399874369303385,0.2
2013-08-16,22:16:19,5.0,9.066543579101562,0.06666666666666668
2013-08-16,22:21:19,5.133333333333334,9.666544596354166,0.4
2013-08-16,22:26:19,5.2,9.866561889648438,0
2013-08-16,22:31:19,5.133333333333334,9.599927266438803,0.26666666666666666
2013-08-16,22:36:19,5.066666666666666,10.19989013671875,0
2013-08-16,22:41:19,5.133333333333334,11.666552225748696,0.06666666666666668
2013-08-16,22:46:19,5.0,11.399879455566406,0
2013-08-16,22:51:19,5.0,12.199897766113281,0
2013-08-16,22:56:19,5.066666666666666,9.199943542480469,0.06666666666666668
2013-08-16,23:01:19,5.2,8.799896240234375,0.13333333333333333
2013-08-16,23:06:19,5.2,10.799942016601562,0.06666666666666668
2013-08-16,23:11:19,5.2,10.19989013671875,0.3333333333333333
2013-08-16,23:16:19,5.2,11.599884033203125,0
2013-08-16,23:21:19,5.133333333333334,11.599884033203125,0.4
2013-08-16,23:26:19,5.2,10.599899291992188,0
2013-08-16,23:31:19,5.2,9.799906412760414,0
2013-08-16,23:36:19,5.2,9.533170064290365,0.13333333333333333
2013-08-16,23:41:19,5.4,12.266604105631508,0.26666666666666666
2013-08-16,23:46:19,5.133333333333334,11.199874877929688,0.06666666666666668
2013-08-16,23:51:19,5.2,7.533302307128905,0
2013-08-16,23:56:19,5.2,7.533238728841146,0.26666666666666666
2013-08-17,00:01:19,5.2,7.7999114990234375,0.13333333333333333
2013-08-17,00:06:19,5.066666666666666,10.666542053222656,0.06666666666666668
2013-08-17,00:11:19,5.133333333333334,9.199905395507812,0.2
2013-08-17,00:16:19,5.133333333333334,9.999898274739584,0.26666666666666666
2013-08-17,00:21:19,5.133333333333334,10.933240254720051,0.13333333333333333
2013-08-17,00:26:19,5.133333333333334,11.933224995930992,0
2013-08-17,00:31:19,5.2,11.06653849283854,0
2013-08-17,00:36:19,5.133333333333334,8.199958801269531,0
2013-08-17,00:41:19,5.4,10.733235677083332,0
2013-08-17,00:46:19,6.866666666666666,17.666587829589844,0
2013-08-17,00:51:19,5.133333333333334,16.866607666015625,0
2013-08-17,00:56:19,5.2,12.599868774414064,0
2013-08-17,01:01:19,5.133333333333334,10.733197530110678,1.0
2013-08-17,01:06:19,5.133333333333334,10.333226521809896,0
2013-08-17,01:11:19,5.066666666666666,13.06658426920573,0.13333333333333333
2013-08-17,01:16:19,5.2,8.799896240234375,0.26666666666666666
2013-08-17,01:21:19,5.2,8.866602579752604,0.2
2013-08-17,01:26:19,5.133333333333334,10.79986572265625,0.2
2013-08-17,01:31:19,5.133333333333334,10.466562906901041,0.06666666666666668
2013-08-17,01:36:19,5.066666666666666,13.199920654296877,0
2013-08-17,01:41:19,5.333333333333334,11.066563924153645,0.06666666666666668
2013-08-17,01:46:19,5.2,10.19989013671875,0
2013-08-17,01:51:20,5.0,7.7999114990234375,0.06666666666666668
2013-08-17,01:56:20,4.866666666666667,7.599906921386719,0
2013-08-17,02:01:20,4.266666666666667,9.399871826171875,0.3333333333333333
2013-08-17,02:06:20,4.2,11.06653849283854,0
2013-08-17,02:11:20,4.2,10.66656748453776,0.13333333333333333
2013-08-17,02:16:20,4.733333333333333,9.66650644938151,0.26666666666666666
2013-08-17,02:21:20,4.933333333333334,7.466634114583331,0.13333333333333333
2013-08-17,02:26:20,5.0,10.399881998697916,0
2013-08-17,02:31:20,5.133333333333334,9.999910990397135,0.26666666666666666
2013-08-17,02:36:20,5.2,7.13330586751302,0.26666666666666666
2013-08-17,02:41:20,5.4,10.53320566813151,0
2013-08-17,02:46:20,5.133333333333334,9.733238220214844,0.06666666666666668
2013-08-17,02:51:20,5.133333333333334,7.799949645996093,0.26666666666666666
2013-08-17,02:56:20,4.866666666666667,9.066556294759115,0.06666666666666668
2013-08-17,03:01:20,4.666666666666667,8.999862670898438,0.13333333333333333
2013-08-17,03:06:20,5.2,10.399856567382812,0.06666666666666668
2013-08-17,03:11:20,5.2,11.533215840657554,0.06666666666666668
2013-08-17,03:16:20,5.333333333333334,8.599929809570312,0.13333333333333333
2013-08-17,03:21:20,5.2,10.933202107747398,0.26666666666666666
2013-08-17,03:26:20,5.2,11.799888610839844,0
2013-08-17,03:31:20,5.133333333333334,8.999913533528646,0
2013-08-17,03:36:20,5.2,9.66658274332682,0
2013-08-17,03:41:20,5.266666666666667,10.066541035970051,0.06666666666666668
2013-08-17,03:46:20,5.133333333333334,10.599899291992188,0.13333333333333333
2013-08-17,03:51:20,5.133333333333334,10.799929300944008,0.3333333333333333
2013-08-17,03:56:20,4.8,10.133209228515625,0
2013-08-17,04:01:20,4.866666666666667,9.799919128417969,0.13333333333333333
2013-08-17,04:06:21,4.8,8.13323974609375,0
2013-08-17,04:11:21,4.866666666666667,9.799919128417969,0.06666666666666668
2013-08-17,04:16:21,5.2,8.799934387207031,0
2013-08-17,04:21:21,5.133333333333334,10.399907430013021,0.13333333333333333
2013-08-17,04:26:21,5.2,10.799929300944008,0.7333333333333333
2013-08-17,04:31:21,5.2,8.2666015625,0.06666666666666668
2013-08-17,04:36:21,5.133333333333334,9.333267211914062,0
2013-08-17,04:41:21,5.333333333333334,9.399922688802082,0.3333333333333333
2013-08-17,04:46:21,5.133333333333334,10.399869283040365,0
2013-08-17,04:51:21,5.133333333333334,11.06653849283854,0.13333333333333333
2013-08-17,04:56:21,4.733333333333333,7.799924214680988,0.06666666666666668
2013-08-17,05:01:21,4.666666666666667,8.199907938639322,0.13333333333333333
2013-08-17,05:06:21,4.8,6.533292134602865,0
2013-08-17,05:11:21,4.733333333333333,7.466583251953125,0.06666666666666668
2013-08-17,05:16:21,5.0,9.466540018717447,0.13333333333333333
2013-08-17,05:21:21,4.933333333333334,9.599901835123697,0.2
2013-08-17,05:26:21,4.933333333333334,9.999860127766926,0
2013-08-17,05:31:21,5.0,9.799919128417969,0
2013-08-17,05:36:21,5.0,8.199907938639322,0.3333333333333333
2013-08-17,05:41:21,5.333333333333334,11.399879455566406,0
2013-08-17,05:46:21,5.066666666666666,9.733250935872396,0.06666666666666668
2013-08-17,05:51:21,4.733333333333333,9.199918111165363,0
2013-08-17,05:56:21,5.2,9.19989267985026,0
2013-08-17,06:01:21,4.866666666666667,9.999885559082031,0.4
2013-08-17,06:06:21,4.933333333333334,10.53320566813151,0.06666666666666668
2013-08-17,06:11:21,4.666666666666667,8.133290608723959,0.2
2013-08-17,06:16:21,4.933333333333334,7.266604105631512,0.26666666666666666
2013-08-17,06:21:21,4.933333333333334,11.199874877929688,0.4666666666666667
2013-08-17,06:26:21,5.0,10.79986572265625,0.06666666666666668
2013-08-17,06:31:21,5.2,9.933204650878906,0
2013-08-17,06:36:21,5.133333333333334,8.999900817871094,0.06666666666666668
2013-08-17,06:41:21,5.4,8.999900817871094,0.06666666666666668
2013-08-17,06:46:21,5.066666666666666,11.599884033203125,0
2013-08-17,06:51:21,5.133333333333334,8.133277893066406,0.06666666666666668
2013-08-17,06:56:21,5.0,9.933242797851562,0.06666666666666668
2013-08-17,07:01:22,5.066666666666666,9.266522725423178,0.13333333333333333
2013-08-17,07:06:22,6.0,7.999992370605469,0.13333333333333333
2013-08-17,07:11:22,5.133333333333334,8.933258056640625,0.06666666666666668
2013-08-17,07:16:22,5.0,7.333272298177083,0.06666666666666668
2013-08-17,07:21:22,4.8,9.399871826171875,0.2
2013-08-17,07:26:22,5.066666666666666,12.599906921386719,0
2013-08-17,07:31:22,5.133333333333334,8.599891662597656,0.06666666666666668
2013-08-17,07:36:22,4.866666666666667,8.199920654296875,0.5333333333333333
2013-08-17,07:41:22,5.266666666666667,10.399894714355469,0.26666666666666666
2013-08-17,07:46:22,4.733333333333333,12.733243306477867,0
2013-08-17,07:51:22,4.8,10.133234659830729,0
2013-08-17,07:56:22,4.866666666666667,8.266576131184895,0.06666666666666668
2013-08-17,08:01:22,4.866666666666667,8.399925231933594,0.13333333333333333
2013-08-17,08:06:22,4.866666666666667,9.799842834472656,0.3333333333333333
2013-08-17,08:11:22,5.307692307692308,9.230599036583534,0.08333333333333333
2013-08-17,08:16:22,4.4,10.666529337565104,0
2013-08-17,08:21:22,4.666666666666667,10.066515604654947,0.26666666666666666
2013-08-17,08:26:22,5.2,12.466532389322914,0.13333333333333333
2013-08-17,08:31:22,5.133333333333334,8.799896240234375,0.06666666666666668
2013-08-17,08:36:22,5.266666666666667,9.399897257486979,0
2013-08-17,08:41:22,5.6,14.733225504557293,0.13333333333333333
2013-08-17,08:46:22,5.7333333333333325,14.933242797851562,0.06666666666666668
2013-08-17,08:51:22,7.4,25.733248392740894,0
2013-08-17,08:56:22,7.0,15.999984741210938,0
2013-08-17,09:01:22,4.466666666666667,15.733311971028648,0.2
2013-08-17,09:06:22,4.333333333333333,12.733243306477867,0
2013-08-17,09:11:22,4.2,10.599861145019531,0.13333333333333333
2013-08-17,09:16:22,4.2,10.599886576334635,0.26666666666666666
2013-08-17,09:21:22,4.333333333333333,7.999954223632813,0.2
2013-08-17,09:26:22,4.533333333333333,10.399856567382812,0.4666666666666667
2013-08-17,09:31:22,4.266666666666667,9.999847412109375,0.06666666666666668
2013-08-17,09:36:22,4.133333333333333,8.999900817871094,0
2013-08-17,09:41:22,4.4,9.066556294759115,0.6
2013-08-17,09:46:22,4.2,10.19989013671875,0
2013-08-17,09:51:22,4.2,9.199905395507812,0
2013-08-17,09:56:22,4.2,9.399909973144531,0
2013-08-17,10:01:22,4.2,8.599929809570312,0.2
2013-08-17,10:06:22,4.133333333333333,8.99993896484375,0.06666666666666668
2013-08-17,10:11:22,4.2,9.399909973144531,0.06666666666666668
2013-08-17,10:16:22,4.2,8.19989522298177,0.06666666666666668
2013-08-17,10:21:22,4.2,10.599899291992188,0.2
2013-08-17,10:26:22,4.2,7.799949645996093,0.13333333333333333
2013-08-17,10:31:22,4.2,9.199943542480469,0.06666666666666668
2013-08-17,10:36:22,4.2,9.333216349283854,0
2013-08-17,10:41:22,4.4,12.266565958658852,0
2013-08-17,10:46:22,4.2,10.133209228515625,0
2013-08-17,10:51:22,4.2,8.066584269205729,0.06666666666666668
2013-08-17,10:56:22,4.2,9.666557312011719,0.26666666666666666
2013-08-17,11:01:22,4.266666666666667,11.133206685384113,0.4
2013-08-17,11:06:22,4.266666666666667,11.199874877929688,0.06666666666666668
2013-08-17,11:11:22,4.2,10.733235677083332,0.06666666666666668
2013-08-17,11:16:22,4.2,10.133221944173178,0.6
2013-08-17,11:21:22,4.2,9.466565450032551,0.26666666666666666
2013-08-17,11:26:22,4.266666666666667,11.533228556315102,0
2013-08-17,11:31:22,4.266666666666667,11.133206685384113,0.26666666666666666
2013-08-17,11:36:23,4.133333333333333,9.999847412109375,0
2013-08-17,11:41:23,4.4,11.399879455566406,0
2013-08-17,11:46:23,4.2,12.199897766113281,0.13333333333333333
2013-08-17,11:51:23,4.2,9.266535441080729,0
2013-08-17,11:56:23,4.2,9.733250935872396,0
2013-08-17,12:01:23,4.2,10.533231099446615,0.13333333333333333
2013-08-17,12:06:23,4.2,11.399879455566406,0.06666666666666668
2013-08-17,12:11:23,4.2,12.133191426595054,0.13333333333333333
2013-08-17,12:16:23,4.2,9.799880981445312,0
2013-08-17,12:21:23,4.2,8.46655527750651,0.4
2013-08-17,12:26:23,4.133333333333333,10.266520182291666,0
2013-08-17,12:31:23,4.133333333333333,9.066581726074219,0.26666666666666666
2013-08-17,12:36:23,4.2,8.599891662597656,0.26666666666666666
2013-08-17,12:41:23,4.4,11.466573079427086,0
2013-08-17,12:46:23,4.2,11.06653849283854,0
2013-08-17,12:51:23,4.2,9.533259073893227,0.06666666666666668
2013-08-17,12:56:23,4.2,8.533210754394531,0
2013-08-17,13:01:23,4.2,9.799919128417969,0.2
2013-08-17,13:06:23,4.266666666666667,8.133214314778646,0.06666666666666668
2013-08-17,13:11:23,4.2,8.73321533203125,0.3333333333333333
2013-08-17,13:16:23,4.2,10.199851989746094,0
2013-08-17,13:21:23,4.2,11.399879455566406,0.2
2013-08-17,13:26:24,4.2,10.999870300292969,0.4
2013-08-17,13:31:24,5.066666666666666,9.799919128417969,0
2013-08-17,13:36:24,5.2,8.399925231933594,0
2013-08-17,13:41:24,5.4,11.599884033203125,0.06666666666666668
2013-08-17,13:46:24,5.2,11.733220418294273,0
2013-08-17,13:51:24,5.133333333333334,10.19989013671875,0.06666666666666668
2013-08-17,13:56:24,5.2,8.199958801269531,0
2013-08-17,14:01:24,5.133333333333334,8.399887084960938,0.2
2013-08-17,14:06:24,5.266666666666667,9.066569010416666,0
2013-08-17,14:11:24,5.066666666666666,8.599955240885416,0.4666666666666667
2013-08-17,14:16:24,5.133333333333334,8.733240763346354,0
2013-08-17,14:21:24,5.2,7.533276875813801,0.3333333333333333
2013-08-17,14:26:24,5.2,8.999926249186197,0.26666666666666666
2013-08-17,14:31:24,5.2,9.266573588053385,0
2013-08-17,14:36:24,5.2,9.066556294759115,0
2013-08-17,14:41:24,5.4,11.66656494140625,0.06666666666666668
2013-08-17,14:46:24,5.2,9.466565450032551,0.06666666666666668
2013-08-17,14:51:24,5.2,10.866572062174477,0
2013-08-17,14:56:24,5.2,9.533208211263021,0.4
2013-08-17,15:01:24,5.2,8.866551717122396,0.2
2013-08-17,15:06:24,5.2,9.86657460530599,0.06666666666666668
2013-08-17,15:11:24,5.133333333333334,9.199867248535156,0.3333333333333333
2013-08-17,15:16:24,5.2,9.199879964192709,0
2013-08-17,15:21:24,5.2,8.066622416178387,0.2
2013-08-17,15:26:24,5.2,9.266599019368488,0.06666666666666668
2013-08-17,15:31:24,5.133333333333334,10.799903869628906,0
2013-08-17,15:36:24,5.2,10.86653391520182,0.13333333333333333
2013-08-17,15:41:24,5.533333333333334,11.199874877929688,0
2013-08-17,15:46:24,5.2,10.999870300292969,0
2013-08-17,15:51:25,5.266666666666667,11.933224995930992,0
2013-08-17,15:56:25,5.266666666666667,11.333211263020832,0
2013-08-17,16:01:25,5.2,9.933179219563803,0.6
2013-08-17,16:06:25,5.2,9.399884541829428,0
2013-08-17,16:11:25,5.2,9.999872843424479,0.3333333333333333
2013-08-17,16:16:25,5.133333333333334,7.799949645996093,0
2013-08-17,16:21:25,5.2,7.266604105631512,0.13333333333333333
2013-08-17,16:26:25,5.266666666666667,9.799919128417969,0
2013-08-17,16:31:25,5.2,9.733250935872396,0
2013-08-17,16:36:25,5.2,9.999885559082031,0.3333333333333333
2013-08-17,16:41:25,5.4,11.999931335449219,0.2
2013-08-17,16:46:25,5.2,9.799880981445312,0
2013-08-17,16:51:25,5.2,8.599891662597656,0
2013-08-17,16:56:25,5.2,11.199874877929688,0
2013-08-17,17:01:25,5.2,10.79986572265625,0.4666666666666667
2013-08-17,17:06:25,5.2,8.53326161702474,0.13333333333333333
2013-08-17,17:11:25,5.2,8.399912516276041,0.06666666666666668
2013-08-17,17:16:25,5.2,8.933258056640625,0.06666666666666668
2013-08-17,17:21:25,5.2,9.79986826578776,0.13333333333333333
2013-08-17,17:26:25,5.2,12.133229573567707,0
2013-08-17,17:31:25,5.2,10.133196512858072,0
2013-08-17,17:36:25,5.2,9.066607157389322,0
2013-08-17,17:41:25,5.4,10.99992116292318,0.06666666666666668
2013-08-17,17:46:25,5.066666666666666,10.599899291992188,0.4
2013-08-17,17:51:25,5.2,9.933242797851562,0.26666666666666666
2013-08-17,17:56:25,5.133333333333334,8.333269755045574,0
2013-08-17,18:01:25,5.2,9.799880981445312,0.13333333333333333
2013-08-17,18:06:25,5.2,9.399935404459633,0
2013-08-17,18:11:25,5.2,9.466578165690104,0.13333333333333333
2013-08-17,18:16:26,5.2,8.466567993164062,0
2013-08-17,18:21:26,5.2,8.99993896484375,0.26666666666666666
2013-08-17,18:26:26,5.2,9.666608174641928,0.06666666666666668
2013-08-17,18:31:25,5.2,10.266558329264322,0
2013-08-17,18:36:25,5.2,8.866564432779947,0.6
2013-08-17,18:41:25,5.4,11.333211263020832,0.13333333333333333
2013-08-17,18:46:25,5.133333333333334,9.799880981445312,0
2013-08-17,18:51:25,5.2,9.599863688151041,0.26666666666666666
2013-08-17,18:56:25,5.2,10.066553751627602,0
2013-08-17,19:01:25,5.2,8.466593424479168,0.2
2013-08-17,19:06:25,5.2,9.666519165039062,0
2013-08-17,19:11:25,5.2,8.333295186360678,0.06666666666666668
2013-08-17,19:16:25,5.2,8.733253479003906,0.06666666666666668
2013-08-17,19:21:25,5.2,8.266626993815105,0.5333333333333333
2013-08-17,19:26:25,5.133333333333334,11.666552225748696,0.4
2013-08-17,19:31:25,5.133333333333334,11.799888610839844,0
2013-08-17,19:36:25,5.133333333333334,8.599929809570312,0
2013-08-17,19:41:25,5.333333333333334,10.79986572265625,0
2013-08-17,19:46:25,5.2,9.866511027018229,0
2013-08-17,19:51:25,5.133333333333334,11.199874877929688,0.06666666666666668
2013-08-17,19:56:25,5.2,9.399871826171875,0
2013-08-17,20:01:25,5.2,9.199943542480469,0.2
2013-08-17,20:06:26,5.2,7.399940490722656,0.06666666666666668
2013-08-17,20:11:26,5.2,8.799947102864582,0.4666666666666667
2013-08-17,20:16:26,5.2,9.799931844075521,0
2013-08-17,20:21:26,5.2,10.399869283040365,0.2
2013-08-17,20:26:26,5.133333333333334,10.9332275390625,0.06666666666666668
2013-08-17,20:31:26,5.2,9.466578165690104,0.26666666666666666
2013-08-17,20:36:26,5.2,8.133265177408854,0
2013-08-17,20:41:26,5.4,10.066553751627602,0.06666666666666668
2013-08-17,20:46:26,5.2,9.266573588053385,0.06666666666666668
2013-08-17,20:51:26,5.2,9.999923706054688,0
2013-08-17,20:56:26,5.2,10.866572062174477,0
2013-08-17,21:01:26,5.2,10.53326924641927,0.6666666666666666
2013-08-17,21:06:26,5.266666666666667,10.133247375488281,0.2
2013-08-17,21:11:26,5.2,8.466631571451822,0.06666666666666668
2013-08-17,21:16:26,5.133333333333334,10.866572062174477,0
2013-08-17,21:21:26,5.133333333333334,9.866587320963541,0.2
2013-08-17,21:26:26,5.2,9.799880981445312,0
2013-08-17,21:31:26,5.2,11.799888610839844,0.06666666666666668
2013-08-17,21:36:26,5.2,9.133211771647135,0
2013-08-17,21:41:26,5.4,10.9332275390625,0.26666666666666666
2013-08-17,21:46:26,5.2,11.599884033203125,0.13333333333333333
2013-08-17,21:51:26,5.2,9.666557312011719,0.06666666666666668
2013-08-17,21:56:26,5.2,8.59991709391276,0
2013-08-17,22:01:26,5.2,9.333165486653645,0.4666666666666667
2013-08-17,22:06:26,7.2,36.99986775716146,0
2013-08-17,22:11:26,5.133333333333334,20.466562906901043,0.13333333333333333
2013-08-17,22:16:26,5.2,14.066607157389324,0
2013-08-17,22:21:26,5.2,12.39990234375,0.26666666666666666
2013-08-17,22:26:26,5.2,10.599861145019531,0
2013-08-17,22:31:26,5.2,10.933202107747398,0
2013-08-17,22:36:27,5.2,11.999893188476562,0.06666666666666668
2013-08-17,22:41:27,5.333333333333334,11.199913024902344,0.26666666666666666
2013-08-17,22:46:27,5.2,8.599891662597656,0
2013-08-17,22:51:27,5.266666666666667,9.799842834472656,0
2013-08-17,22:56:27,5.2,9.533233642578125,0.4666666666666667
2013-08-17,23:01:27,5.133333333333334,9.066556294759115,0.2
2013-08-17,23:06:27,5.2,10.399894714355469,0
2013-08-17,23:11:27,5.2,8.399887084960938,0
2013-08-17,23:16:27,5.2,8.999913533528646,0.06666666666666668
2013-08-17,23:21:27,5.2,11.399879455566406,0.4666666666666667
2013-08-17,23:26:27,5.2,9.599876403808594,0
2013-08-17,23:31:27,5.2,9.933242797851562,0
2013-08-17,23:36:27,5.2,9.066581726074219,0.06666666666666668
2013-08-17,23:41:27,5.533333333333334,13.06653340657552,0
2013-08-17,23:46:27,5.2,12.999903361002602,0.13333333333333333
2013-08-17,23:51:27,5.2,9.599863688151041,0
2013-08-17,23:56:27,5.2,7.599983215332032,0.4
2013-08-18,00:01:27,5.266666666666667,6.466623942057291,0.13333333333333333
2013-08-18,00:06:27,5.333333333333334,8.533299763997395,0.06666666666666668
2013-08-18,00:11:27,5.2,8.133265177408854,0.4
2013-08-18,00:16:27,5.266666666666667,9.999885559082031,0
2013-08-18,00:21:27,5.2,9.26661173502604,0.2
2013-08-18,00:26:27,5.2,9.866561889648438,0.13333333333333333
2013-08-18,00:31:27,5.2,7.933235168457031,0
2013-08-18,00:36:27,5.066666666666666,9.399871826171875,0
2013-08-18,00:41:27,5.4,9.799880981445312,0.06666666666666668
2013-08-18,00:46:28,6.6,13.266576131184896,0
2013-08-18,00:51:28,5.2,25.399869283040367,0
2013-08-18,00:56:28,5.333333333333334,14.399922688802084,0.9333333333333332
2013-08-18,01:01:31,5.2,12.866579691569008,0.2
2013-08-18,01:06:31,5.2,9.866511027018229,0.06666666666666668
2013-08-18,01:11:31,5.2,9.999860127766926,0
2013-08-18,01:16:31,5.2,8.99993896484375,0
2013-08-18,01:21:31,5.2,8.799896240234375,0.26666666666666666
2013-08-18,01:26:31,5.2,7.999954223632813,0
2013-08-18,01:31:31,5.266666666666667,8.999862670898438,0
2013-08-18,01:36:31,5.2,7.8665924072265625,0
2013-08-18,01:41:31,5.333333333333334,12.399940490722656,0.26666666666666666
2013-08-18,01:46:31,5.2,9.666531880696615,0.2
2013-08-18,01:51:31,5.2,9.733212788899738,0
2013-08-18,01:56:31,5.2,11.933224995930992,0
2013-08-18,02:01:31,5.266666666666667,8.99993896484375,0.2
2013-08-18,02:06:31,5.266666666666667,9.066543579101562,0.5333333333333333
2013-08-18,02:11:31,5.2,10.266558329264322,0.13333333333333333
2013-08-18,02:16:31,5.2,9.799880981445312,0.06666666666666668
2013-08-18,02:21:31,5.2,9.599901835123697,0.2
2013-08-18,02:26:31,5.333333333333334,9.199879964192709,0
2013-08-18,02:31:31,5.2,10.19989013671875,0
2013-08-18,02:36:31,5.133333333333334,8.533287048339844,0.06666666666666668
2013-08-18,02:41:31,5.4,11.933224995930992,0
2013-08-18,02:46:31,5.2,11.266543070475258,0.3333333333333333
2013-08-18,02:51:31,5.2,9.733212788899738,0.3333333333333333
2013-08-18,02:56:31,5.2,9.933179219563803,0.06666666666666668
2013-08-18,03:01:31,5.2,9.799880981445312,0.13333333333333333
2013-08-18,03:06:32,5.266666666666667,9.799931844075521,0
2013-08-18,03:11:32,5.2,8.199971516927084,0.06666666666666668
2013-08-18,03:16:32,5.133333333333334,9.266573588053385,0.06666666666666668
2013-08-18,03:21:32,5.266666666666667,9.86657460530599,0.26666666666666666
2013-08-18,03:26:32,5.133333333333334,10.666529337565104,0
2013-08-18,03:31:32,5.133333333333334,12.199897766113281,0
2013-08-18,03:36:31,5.2,11.866556803385414,0.6
2013-08-18,03:41:31,5.4,13.06658426920573,0
2013-08-18,03:46:31,5.2,10.466524759928383,0
2013-08-18,03:51:31,5.2,8.933219909667969,0.06666666666666668
2013-08-18,03:56:31,5.2,9.533195495605469,0.06666666666666668
2013-08-18,04:01:31,5.333333333333334,8.73321533203125,0.4
2013-08-18,04:06:31,5.333333333333334,9.066556294759115,0
2013-08-18,04:11:31,5.133333333333334,9.133211771647135,0
2013-08-18,04:16:31,5.2,9.59991455078125,0
2013-08-18,04:21:31,5.2,7.999916076660156,0.26666666666666666
2013-08-18,04:26:31,5.2,8.133290608723959,0.06666666666666668
2013-08-18,04:31:31,5.2,8.599967956542969,0.06666666666666668
2013-08-18,04:36:31,5.133333333333334,8.333218892415363,0.26666666666666666
2013-08-18,04:41:32,5.4,11.53325398763021,0
2013-08-18,04:46:32,5.2,11.199925740559898,0.4
2013-08-18,04:51:32,5.2,10.19989013671875,0.06666666666666668
2013-08-18,04:56:32,5.2,10.399856567382812,0
2013-08-18,05:01:32,5.2,11.666577657063804,0.13333333333333333
2013-08-18,05:06:32,5.266666666666667,8.999951680501301,0.13333333333333333
2013-08-18,05:11:32,5.333333333333334,9.066556294759115,0.13333333333333333
2013-08-18,05:16:32,5.2,8.999862670898438,0.26666666666666666
2013-08-18,05:21:32,5.066666666666666,10.86653391520182,0.26666666666666666
2013-08-18,05:26:32,5.2,9.799842834472656,0
2013-08-18,05:31:32,5.133333333333334,8.533248901367188,0.06666666666666668
2013-08-18,05:36:32,5.2,9.599876403808594,0
2013-08-18,05:41:32,5.4,12.199897766113281,0
2013-08-18,05:46:32,5.2,10.599899291992188,0.3333333333333333
2013-08-18,05:51:32,5.2,8.666559855143227,0
2013-08-18,05:56:32,5.133333333333334,8.399937947591146,0
2013-08-18,06:01:32,5.2,8.666534423828125,0.13333333333333333
2013-08-18,06:06:32,5.2,9.93329366048177,0
2013-08-18,06:11:32,5.2,8.266614278157553,0.13333333333333333
2013-08-18,06:16:32,5.066666666666666,9.399884541829428,0.3333333333333333
2013-08-18,06:21:32,5.2,8.599929809570312,0.4666666666666667
2013-08-18,06:26:32,5.2,9.666557312011719,0
2013-08-18,06:31:32,5.133333333333334,8.933207194010414,0
2013-08-18,06:36:32,5.2,10.666529337565104,0.13333333333333333
2013-08-18,06:41:32,5.4,11.266581217447914,0.06666666666666668
2013-08-18,06:46:32,5.2,9.799893697102863,0.06666666666666668
2013-08-18,06:51:32,5.2,10.199940999348957,0
2013-08-18,06:56:33,5.2,10.399894714355469,0
2013-08-18,07:01:33,5.2,8.333282470703125,0.2
2013-08-18,07:06:33,5.133333333333334,8.866539001464844,0.4
2013-08-18,07:11:33,5.066666666666666,9.333241780598957,0.06666666666666668
2013-08-18,07:16:33,5.133333333333334,9.866549173990885,0
2013-08-18,07:21:33,5.133333333333334,9.399884541829428,0.26666666666666666
2013-08-18,07:26:33,5.333333333333334,8.333257039388021,0.26666666666666666
2013-08-18,07:31:33,5.2,10.066553751627602,0
2013-08-18,07:36:33,5.2,10.533218383789062,0
2013-08-18,07:41:33,5.466666666666666,13.866564432779946,0
2013-08-18,07:46:33,5.2,10.79986572265625,0.06666666666666668
2013-08-18,07:51:33,5.2,8.466567993164062,0.06666666666666668
2013-08-18,07:56:33,5.2,8.999849955240885,0.26666666666666666
2013-08-18,08:01:33,5.2,10.066566467285156,0.13333333333333333
2013-08-18,08:06:33,5.133333333333334,10.99988301595052,0.06666666666666668
2013-08-18,08:11:33,5.2,11.199874877929688,0.4666666666666667
2013-08-18,08:16:33,5.2,8.466606140136719,0
2013-08-18,08:21:33,5.2,8.266576131184895,0.2
2013-08-18,08:26:33,5.266666666666667,10.933202107747398,0
2013-08-18,08:31:33,5.2,9.799880981445312,0.06666666666666668
2013-08-18,08:36:33,5.2,9.199943542480469,0
2013-08-18,08:41:33,5.4,11.333249409993492,0
2013-08-18,08:46:33,5.2,11.399879455566406,0.13333333333333333
2013-08-18,08:51:33,5.2,9.999885559082031,0
2013-08-18,08:56:33,5.2,7.266604105631512,0
2013-08-18,09:01:33,5.2,8.533223470052082,0.4
2013-08-18,09:06:33,5.2,11.599884033203125,0
2013-08-18,09:11:33,5.133333333333334,8.999862670898438,0.4666666666666667
2013-08-18,09:16:33,5.2,7.599945068359375,0
2013-08-18,09:21:33,5.2,8.599929809570312,0.13333333333333333
2013-08-18,09:26:33,5.2,10.733248392740885,0
2013-08-18,09:31:33,5.2,8.599955240885416,0
2013-08-18,09:36:33,5.2,7.533315022786459,0.13333333333333333
2013-08-18,09:41:33,5.4,12.333272298177086,0.06666666666666668
2013-08-18,09:46:33,5.2,11.733220418294273,0
2013-08-18,09:51:33,5.2,8.333257039388021,0
2013-08-18,09:56:33,5.2,9.399871826171875,0.4
2013-08-18,10:01:33,5.066666666666666,8.933194478352863,0.2
2013-08-18,10:06:33,5.066666666666666,9.46661631266276,0.06666666666666668
2013-08-18,10:11:34,5.2,9.933179219563803,0.4
2013-08-18,10:16:34,5.2,8.266614278157553,0
2013-08-18,10:21:34,5.2,7.999954223632813,0.2
2013-08-18,10:26:34,5.2,8.333206176757812,0
2013-08-18,10:31:34,5.2,10.199851989746094,0
2013-08-18,10:36:34,5.2,11.199874877929688,0.4
2013-08-18,10:41:34,5.4,10.199851989746094,0.4
2013-08-18,10:46:34,5.2,9.999898274739584,0.06666666666666668
2013-08-18,10:51:34,5.2,8.733266194661459,0.06666666666666668
2013-08-18,10:56:34,5.2,9.199854532877602,0
2013-08-18,11:01:34,5.133333333333334,9.199905395507812,0.13333333333333333
2013-08-18,11:06:34,5.133333333333334,10.866572062174477,0
2013-08-18,11:11:34,5.2,10.733248392740885,0.06666666666666668
2013-08-18,11:16:34,6.533333333333334,12.666587829589842,0
2013-08-18,11:21:34,5.866666666666666,35.333251953125,0.2
2013-08-18,11:26:34,5.133333333333334,17.399864196777344,0.06666666666666668
2013-08-18,11:31:34,5.2,11.933224995930992,0.2
2013-08-18,11:36:34,5.2,10.999870300292969,0
2013-08-18,11:41:34,5.4,13.799896240234375,0.4666666666666667
2013-08-18,11:46:34,5.2,11.599884033203125,0
2013-08-18,11:51:34,5.2,7.533276875813801,0
2013-08-18,11:56:34,5.266666666666667,8.999900817871094,0
2013-08-18,12:01:34,5.2,10.399894714355469,0.13333333333333333
2013-08-18,12:06:34,5.2,11.799888610839844,0.5333333333333333
2013-08-18,12:11:34,5.2,9.599838256835938,0.06666666666666668
2013-08-18,12:16:34,5.2,10.19989013671875,0.06666666666666668
2013-08-18,12:21:34,5.2,8.999862670898438,0.2
2013-08-18,12:26:34,5.2,10.999870300292969,0.26666666666666666
2013-08-18,12:31:34,5.2,9.06659444173177,0
2013-08-18,12:36:34,5.2,8.866602579752604,0.3333333333333333
2013-08-18,12:41:34,5.4,10.399894714355469,0.13333333333333333
2013-08-18,12:46:34,5.2,9.266560872395834,0.06666666666666668
2013-08-18,12:51:34,5.2,7.79998779296875,0
2013-08-18,12:56:34,5.2,9.133211771647135,0
2013-08-18,13:01:34,5.133333333333334,8.666585286458334,0.13333333333333333
2013-08-18,13:06:34,5.2,10.799878438313804,0.06666666666666668
2013-08-18,13:11:34,5.2,9.199930826822916,0.2
2013-08-18,13:16:34,5.2,5.999946594238281,0.4666666666666667
2013-08-18,13:21:34,5.2,8.733253479003906,0.2
2013-08-18,13:26:34,5.266666666666667,10.799878438313804,0
2013-08-18,13:31:34,5.2,9.999910990397135,0
2013-08-18,13:36:34,5.2,9.466552734375,0.26666666666666666
2013-08-18,13:41:34,5.4,11.066602071126304,0
2013-08-18,13:46:34,5.2,10.466524759928383,0.06666666666666668
2013-08-18,13:51:34,5.2,9.133249918619791,0
2013-08-18,13:56:34,5.133333333333334,10.733222961425781,0
2013-08-18,14:01:34,5.2,10.466537475585938,0.13333333333333333
2013-08-18,14:06:35,5.133333333333334,8.933232625325521,0
2013-08-18,14:11:35,5.2,7.533276875813801,0.13333333333333333
2013-08-18,14:16:35,5.133333333333334,7.7999750773112,0.26666666666666666
2013-08-18,14:21:35,5.2,10.133260091145834,0.4666666666666667
2013-08-18,14:26:35,5.2,11.199887593587238,0
2013-08-18,14:31:35,5.2,8.666585286458334,0.06666666666666668
2013-08-18,14:36:35,5.2,11.399879455566406,0
2013-08-18,14:41:35,5.533333333333334,11.199874877929688,0.06666666666666668
2013-08-18,14:46:35,5.133333333333334,12.799911499023436,0.06666666666666668
2013-08-18,14:51:35,5.066666666666666,10.399856567382812,0.06666666666666668
2013-08-18,14:56:35,5.133333333333334,9.666531880696615,0.13333333333333333
2013-08-18,15:01:35,5.266666666666667,8.799934387207031,0.13333333333333333
2013-08-18,15:06:35,5.2,8.199920654296875,0.13333333333333333
2013-08-18,15:11:35,5.133333333333334,9.799919128417969,0.4
2013-08-18,15:16:35,5.2,8.39996337890625,0
2013-08-18,15:21:35,5.2,11.799888610839844,0.2
2013-08-18,15:26:35,5.2,11.399879455566406,0.06666666666666668
2013-08-18,15:31:35,5.2,8.799858093261719,0.26666666666666666
2013-08-18,15:36:35,5.333333333333334,8.933194478352863,0
2013-08-18,15:41:35,5.333333333333334,12.533276875813801,0
2013-08-18,15:46:35,5.133333333333334,9.599889119466145,0
2013-08-18,15:51:35,5.133333333333334,9.866536458333332,0.6
2013-08-18,15:56:35,5.2,10.399894714355469,0
2013-08-18,16:01:35,5.153846153846153,12.076847369854265,0.15384615384615385
2013-08-18,16:06:35,5.2,7.733281453450519,0
2013-08-18,16:11:35,5.2,7.93328603108724,0.06666666666666668
2013-08-18,16:16:35,5.2,9.599927266438803,0
2013-08-18,16:21:36,5.133333333333334,11.399879455566406,0.2
2013-08-18,16:26:36,5.266666666666667,9.933242797851562,0.2
2013-08-18,16:31:36,5.133333333333334,11.066551208496094,0
2013-08-18,16:36:36,5.133333333333334,8.333282470703125,0.13333333333333333
2013-08-18,16:41:36,5.333333333333334,11.266568501790367,0.13333333333333333
2013-08-18,16:46:36,5.2,9.666544596354166,0.26666666666666666
2013-08-18,16:51:36,5.2,10.466562906901041,0.2
2013-08-18,16:56:36,5.0,8.999951680501301,0
2013-08-18,17:01:35,5.2,8.599955240885416,0.2
2013-08-18,17:06:35,5.133333333333334,10.599873860677084,0.26666666666666666
2013-08-18,17:11:35,5.133333333333334,9.399909973144531,0.13333333333333333
2013-08-18,17:16:35,5.066666666666666,9.733238220214844,0
2013-08-18,17:21:35,5.133333333333334,12.333234151204426,0.13333333333333333
2013-08-18,17:26:35,5.2,9.999847412109375,0
2013-08-18,17:31:35,5.133333333333334,9.266586303710938,0.26666666666666666
2013-08-18,17:36:35,5.133333333333334,10.333226521809896,0.26666666666666666
2013-08-18,17:41:35,5.333333333333334,11.399879455566406,0
2013-08-18,17:46:35,5.2,11.199874877929688,0
2013-08-18,17:51:35,5.0,6.999969482421875,0
2013-08-18,17:56:35,4.933333333333334,8.399925231933594,0.06666666666666668
2013-08-18,18:01:36,4.933333333333334,8.199882507324219,0.13333333333333333
2013-08-18,18:06:36,5.0,9.066607157389322,0
2013-08-18,18:11:36,5.133333333333334,9.533195495605469,0.06666666666666668
2013-08-18,18:16:36,4.933333333333334,7.999992370605469,0.06666666666666668
2013-08-18,18:21:36,5.133333333333334,9.999923706054688,0.3333333333333333
2013-08-18,18:26:36,5.2,8.399925231933594,0
2013-08-18,18:31:36,5.133333333333334,7.79998779296875,0.5714285714285714
2013-08-18,18:36:36,4.733333333333333,9.666544596354166,0.06666666666666668
2013-08-18,18:41:36,5.0,11.266581217447914,0.3333333333333333
2013-08-18,18:46:36,4.8,12.999916076660156,0.2
2013-08-18,18:51:36,4.8,8.799921671549479,0.06666666666666668
2013-08-18,18:56:36,4.6,8.133265177408854,0
2013-08-18,19:01:36,4.6,9.866561889648438,0.13333333333333333
2013-08-18,19:06:36,4.666666666666667,10.399894714355469,0.06666666666666668
2013-08-18,19:11:36,4.4,11.266568501790367,0.06666666666666668
2013-08-18,19:16:36,4.6,10.33320109049479,0.8666666666666667
2013-08-18,19:21:36,4.733333333333333,9.733200073242188,0.2
2013-08-18,19:26:36,4.866666666666667,9.999885559082031,0
2013-08-18,19:31:36,4.733333333333333,9.733187357584635,0.06666666666666668
2013-08-18,19:36:36,4.666666666666667,9.533220926920572,0
2013-08-18,19:41:36,4.866666666666667,10.199877421061196,0
2013-08-18,19:46:36,8.0,11.999893188476562,0
2013-08-18,19:51:36,4.066666666666666,12.133229573567707,0.06666666666666668
2013-08-18,19:56:36,3.8666666666666663,10.533192952473959,0
2013-08-18,20:01:36,4.0,11.06653849283854,0.2
2013-08-18,20:06:36,3.933333333333333,9.466578165690104,0
2013-08-18,20:11:36,4.066666666666666,8.99993896484375,0.06666666666666668
2013-08-18,20:16:36,4.066666666666666,10.266571044921875,0.4666666666666667
2013-08-18,20:21:36,3.933333333333333,8.73321533203125,0.26666666666666666
2013-08-18,20:26:36,4.0,9.733212788899738,0.06666666666666668
2013-08-18,20:31:36,3.8666666666666663,8.666610717773438,0.4
2013-08-18,20:36:36,3.6,8.066596984863281,0
2013-08-18,20:41:36,3.933333333333333,12.866554260253906,0.06666666666666668
2013-08-18,20:46:36,3.733333333333333,11.999893188476562,0
2013-08-18,20:51:36,3.8666666666666663,8.199958801269531,0.26666666666666666
2013-08-18,20:56:36,4.0,10.666554768880209,0
2013-08-18,21:01:36,3.8666666666666663,10.199851989746094,0.26666666666666666
2013-08-18,21:06:36,3.8,8.733202616373697,0
2013-08-18,21:11:36,3.933333333333333,9.799880981445312,0.6
2013-08-18,21:16:36,3.6,7.533276875813801,0
2013-08-18,21:21:36,3.733333333333333,8.599891662597656,0.2
2013-08-18,21:26:36,3.8666666666666663,9.79986826578776,0.06666666666666668
2013-08-18,21:31:36,3.8666666666666663,9.59991455078125,0
2013-08-18,21:36:36,3.8,7.999916076660156,0
2013-08-18,21:41:36,4.133333333333333,11.133244832356773,0
2013-08-18,21:46:36,3.666666666666667,12.199897766113281,0
2013-08-18,21:51:36,3.8666666666666663,8.599929809570312,0.06666666666666668
2013-08-18,21:56:36,3.733333333333333,8.599891662597656,0.3333333333333333
2013-08-18,22:01:36,3.733333333333333,9.866549173990885,0.13333333333333333
2013-08-18,22:06:36,3.733333333333333,10.933202107747398,0
2013-08-18,22:11:36,3.8666666666666663,10.79986572265625,0.4666666666666667
2013-08-18,22:16:36,3.666666666666667,7.79998779296875,0.06666666666666668
2013-08-18,22:21:37,4.066666666666666,9.733200073242188,0.5333333333333333
2013-08-18,22:26:36,4.066666666666666,10.466588338216145,0.3333333333333333
2013-08-18,22:31:37,3.8,9.799893697102863,0
2013-08-18,22:36:37,3.733333333333333,7.933247884114582,0
2013-08-18,22:41:37,3.933333333333333,11.799888610839844,0
2013-08-18,22:46:37,3.733333333333333,9.333229064941406,0.06666666666666668
2013-08-18,22:51:37,3.666666666666667,8.73327891031901,0
2013-08-18,22:56:37,3.666666666666667,8.133252461751301,0.3333333333333333
2013-08-18,23:01:37,3.733333333333333,8.866564432779947,0.13333333333333333
2013-08-18,23:06:37,3.8666666666666663,7.599932352701823,0
2013-08-18,23:11:37,3.8666666666666663,9.333178202311196,0.06666666666666668
2013-08-18,23:16:37,3.933333333333333,8.666559855143227,0.06666666666666668
2013-08-18,23:21:37,3.733333333333333,9.866511027018229,0.2
2013-08-18,23:26:37,3.8666666666666663,8.46655527750651,0.4
2013-08-18,23:31:37,3.733333333333333,8.466542561848957,0
2013-08-18,23:36:37,3.733333333333333,8.2666015625,0
2013-08-18,23:41:37,4.066666666666666,12.46655782063802,0
2013-08-18,23:46:37,3.666666666666667,11.199862162272133,0.06666666666666668
2013-08-18,23:51:37,3.733333333333333,10.933202107747398,0.13333333333333333
2013-08-18,23:56:37,3.8,9.933191935221354,0.13333333333333333
2013-08-19,00:01:37,3.733333333333333,8.599929809570312,0.13333333333333333
2013-08-19,00:06:37,3.733333333333333,8.799959818522135,0.06666666666666668
2013-08-19,00:11:37,3.733333333333333,9.266535441080729,0.3333333333333333
2013-08-19,00:16:37,3.733333333333333,10.199851989746094,0.3333333333333333
2013-08-19,00:21:37,3.8,10.466601053873697,0.26666666666666666
2013-08-19,00:26:37,3.666666666666667,10.533231099446615,0
2013-08-19,00:31:37,3.533333333333333,9.599876403808594,0
2013-08-19,00:36:37,3.666666666666667,10.466524759928383,0
2013-08-19,00:41:37,3.8666666666666663,12.46657053629557,0.06666666666666668
2013-08-19,00:46:37,4.066666666666666,10.399907430013021,0
2013-08-19,00:51:37,4.733333333333333,26.866556803385418,0.26666666666666666
2013-08-19,00:56:37,3.8,15.666567484537758,0
2013-08-19,01:01:38,3.8666666666666663,12.866579691569008,0.13333333333333333
2013-08-19,01:06:38,3.8,9.399897257486979,0
2013-08-19,01:11:38,3.8,9.199905395507812,0.13333333333333333
2013-08-19,01:16:38,3.6,10.399856567382812,0
2013-08-19,01:21:38,3.733333333333333,8.599891662597656,0.4666666666666667
2013-08-19,01:26:38,3.8,10.599899291992188,0
2013-08-19,01:31:38,3.666666666666667,8.799896240234375,0.06666666666666668
2013-08-19,01:36:38,3.8,11.799850463867188,0
2013-08-19,01:41:38,3.933333333333333,13.199920654296877,0
2013-08-19,01:46:38,3.733333333333333,9.799880981445312,0.13333333333333333
2013-08-19,01:51:38,3.8,9.799919128417969,0.3333333333333333
2013-08-19,01:56:39,3.733333333333333,7.7999114990234375,0
2013-08-19,02:01:39,3.666666666666667,9.599876403808594,0.2
2013-08-19,02:06:39,5.7333333333333325,15.599861145019531,0
2013-08-19,02:11:40,3.8666666666666663,37.66654968261719,0.4
2013-08-19,02:16:41,3.8666666666666663,16.799914042154946,0.06666666666666668
2013-08-19,02:21:41,3.8,12.199897766113281,0.26666666666666666
2013-08-19,02:26:41,3.8666666666666663,9.733212788899738,0
2013-08-19,02:31:41,3.8,11.599884033203125,0.06666666666666668
2013-08-19,02:36:41,3.666666666666667,7.53326416015625,0
2013-08-19,02:41:41,4.066666666666666,11.39989217122396,0.3333333333333333
2013-08-19,02:46:41,3.666666666666667,10.799878438313804,0
2013-08-19,02:51:41,3.666666666666667,8.799934387207031,0.26666666666666666
2013-08-19,02:56:41,4.0,9.799893697102863,0
2013-08-19,03:01:41,4.066666666666666,11.06653849283854,0.13333333333333333
2013-08-19,03:06:41,4.6,8.933258056640625,0
2013-08-19,03:11:41,4.533333333333333,7.733256022135417,0.06666666666666668
2013-08-19,03:16:41,4.466666666666667,7.999954223632813,0.06666666666666668
2013-08-19,03:21:41,4.466666666666667,8.2666015625,0.2
2013-08-19,03:26:41,4.533333333333333,8.199958801269531,0
2013-08-19,03:31:41,4.4,8.666585286458334,0
2013-08-19,03:36:41,4.333333333333333,8.533248901367188,0.4
2013-08-19,03:46:41,5.384615384615384,12.153742863581732,0
2013-08-19,03:51:41,5.2,12.399864196777344,0
2013-08-19,03:56:41,5.2,10.733197530110678,0.4666666666666667
2013-08-19,04:01:41,5.333333333333334,11.533215840657554,0.2
2013-08-19,04:06:41,5.133333333333334,9.799893697102863,0
2013-08-19,04:11:41,5.2,7.266629536946613,0.06666666666666668
2013-08-19,04:16:41,5.066666666666666,7.733281453450519,0.06666666666666668
2013-08-19,04:21:41,5.066666666666666,9.933217366536457,0.3333333333333333
2013-08-19,04:26:41,5.2,11.533215840657554,0
2013-08-19,04:31:41,5.2,8.199958801269531,0.3333333333333333
2013-08-19,04:36:41,5.133333333333334,10.666529337565104,0
2013-08-19,04:41:41,5.4,11.933224995930992,0
2013-08-19,04:46:41,5.2,11.399879455566406,0.3333333333333333
2013-08-19,04:51:41,5.266666666666667,10.333188374837238,0
2013-08-19,04:56:41,5.2,10.999908447265625,0.06666666666666668
2013-08-19,05:01:41,5.4,11.399879455566406,0.13333333333333333
2013-08-19,05:06:41,5.0,11.199874877929688,0
2013-08-19,05:11:42,5.066666666666666,11.799901326497398,0.06666666666666668
2013-08-19,05:16:42,5.2,9.399833679199219,0
2013-08-19,05:21:42,5.2,12.066586812337238,0.26666666666666666
2013-08-19,05:26:42,5.133333333333334,12.333234151204426,0
2013-08-19,05:31:42,5.133333333333334,11.133206685384113,0.06666666666666668
2013-08-19,05:36:42,5.2,8.73321533203125,0.9333333333333332
2013-08-19,05:41:42,5.333333333333334,11.199887593587238,0
2013-08-19,05:46:42,5.266666666666667,9.866549173990885,0.06666666666666668
2013-08-19,05:51:42,5.2,10.799903869628906,0.06666666666666668
2013-08-19,05:56:42,5.066666666666666,8.599891662597656,0.06666666666666668
2013-08-19,06:01:42,5.2,10.13318379720052,0.13333333333333333
2013-08-19,06:06:42,5.2,12.733243306477867,0.13333333333333333
2013-08-19,06:11:42,5.133333333333334,9.06659444173177,0.2
2013-08-19,06:16:42,5.133333333333334,9.666544596354166,0
2013-08-19,06:21:42,5.2,9.999910990397135,0.4666666666666667
2013-08-19,06:26:42,5.2,11.933224995930992,0
2013-08-19,06:31:42,5.2,10.199851989746094,0
2013-08-19,06:36:42,5.2,9.933191935221354,0.26666666666666666
2013-08-19,06:41:42,5.266666666666667,10.99989573160807,0
2013-08-19,06:46:42,4.866666666666667,11.799901326497398,0
2013-08-19,06:51:42,5.2,8.733253479003906,0.06666666666666668
2013-08-19,06:56:42,5.133333333333334,8.73321533203125,0
2013-08-19,07:01:42,5.2,8.799896240234375,0.2
2013-08-19,07:06:42,5.133333333333334,8.066596984863281,0
2013-08-19,07:11:42,5.133333333333334,12.333234151204426,0.3333333333333333
2013-08-19,07:16:42,5.2,9.133249918619791,0.4
2013-08-19,07:21:42,5.333333333333334,10.399920145670572,0.2
2013-08-19,07:26:42,4.933333333333334,9.799906412760414,0
2013-08-19,07:31:42,5.0,8.999862670898438,0.13333333333333333
2013-08-19,07:36:42,5.2,9.59991455078125,0.13333333333333333
2013-08-19,07:41:42,5.533333333333334,10.19989013671875,0.13333333333333333
2013-08-19,07:46:42,5.133333333333334,10.399856567382812,0.06666666666666668
2013-08-19,07:51:42,5.133333333333334,8.066609700520834,0
2013-08-19,07:56:42,5.133333333333334,11.933224995930992,0
2013-08-19,08:01:42,5.2,11.599884033203125,0.4666666666666667
2013-08-19,08:06:42,5.2,9.399871826171875,0
2013-08-19,08:11:42,5.266666666666667,8.199958801269531,0.06666666666666668
2013-08-19,08:16:43,4.666666666666667,7.999954223632813,0
2013-08-19,08:21:43,5.066666666666666,7.1999359130859375,0.2
2013-08-19,08:26:43,5.133333333333334,7.7999114990234375,0
2013-08-19,08:31:43,5.133333333333334,10.666529337565104,0.26666666666666666
2013-08-19,08:36:43,5.0,11.333249409993492,0
2013-08-19,08:41:43,5.266666666666667,10.466562906901041,0.06666666666666668
2013-08-19,08:46:43,5.0,9.266560872395834,0.3333333333333333
2013-08-19,08:51:43,5.0,11.666539510091148,0
2013-08-19,08:56:43,4.933333333333334,9.533220926920572,0
2013-08-19,09:01:43,5.2,7.999916076660156,0.4
2013-08-19,09:06:43,5.0,7.7999114990234375,0
2013-08-19,09:11:43,4.933333333333334,8.199920654296875,0.06666666666666668
2013-08-19,09:16:43,4.933333333333334,7.399978637695312,0.06666666666666668
2013-08-19,09:21:43,4.933333333333334,9.266548156738281,0.26666666666666666
2013-08-19,09:26:43,5.066666666666666,8.733266194661459,0.13333333333333333
2013-08-19,09:31:43,5.133333333333334,10.53320566813151,0.2
2013-08-19,09:36:43,4.8,8.266588846842447,0.3333333333333333
2013-08-19,09:41:43,5.266666666666667,12.333234151204426,0.06666666666666668
2013-08-19,09:46:43,5.0,10.466537475585938,0
2013-08-19,09:51:43,5.066666666666666,10.266532897949219,0
2013-08-19,09:56:43,4.933333333333334,7.933273315429687,0
2013-08-19,10:01:43,5.0,8.933245340983072,0.4
2013-08-19,10:06:43,4.866666666666667,9.266560872395834,0
2013-08-19,10:11:44,4.933333333333334,7.799924214680988,0.06666666666666668
2013-08-19,10:16:44,4.933333333333334,7.266591389973959,0
2013-08-19,10:21:44,4.8,10.466537475585938,0.26666666666666666
2013-08-19,10:26:44,5.066666666666666,10.199902852376303,0
2013-08-19,10:31:44,4.866666666666667,9.666557312011719,0
2013-08-19,10:36:44,5.0,8.399899800618488,0.3333333333333333
2013-08-19,10:41:44,5.133333333333334,10.199864705403645,0
2013-08-19,10:46:44,4.8,10.399856567382812,0
2013-08-19,10:51:44,5.2,8.999900817871094,0
2013-08-19,10:56:44,5.0,8.199882507324219,0
2013-08-19,11:01:44,5.2,11.19990030924479,0.5333333333333333
2013-08-19,11:06:44,5.0,9.399871826171875,0.3333333333333333
2013-08-19,11:11:44,5.2,8.866551717122396,0.13333333333333333
2013-08-19,11:16:44,5.066666666666666,8.999862670898438,0.06666666666666668
2013-08-19,11:21:44,5.266666666666667,7.866579691569011,0.3333333333333333
2013-08-19,11:26:44,5.0,9.399909973144531,0.06666666666666668
2013-08-19,11:31:44,5.066666666666666,11.799888610839844,0
2013-08-19,11:36:44,5.266666666666667,7.999954223632813,0.06666666666666668
2013-08-19,11:41:44,5.7333333333333325,12.866528828938806,0.5333333333333333
2013-08-19,11:46:44,5.333333333333334,10.866521199544273,0
2013-08-19,11:51:44,5.066666666666666,11.599922180175781,0.06666666666666668
2013-08-19,11:56:44,5.0,10.133209228515625,0
2013-08-19,12:01:44,4.8,7.733281453450519,0.13333333333333333
2013-08-19,12:06:44,4.733333333333333,7.866617838541666,0
2013-08-19,12:11:44,4.933333333333334,11.19990030924479,0.06666666666666668
2013-08-19,12:16:44,4.733333333333333,10.199851989746094,0.5333333333333333
2013-08-19,12:21:44,4.8,8.333244323730469,0.26666666666666666
2013-08-19,12:26:44,4.733333333333333,9.533208211263021,0
2013-08-19,12:31:44,4.8,10.533243815104166,0
2013-08-19,12:36:44,5.0,11.266543070475258,0.06666666666666668
2013-08-19,12:41:44,5.2,11.466585795084633,0
2013-08-19,12:46:44,5.133333333333334,10.533192952473959,0.3333333333333333
2013-08-19,12:51:44,4.733333333333333,10.599861145019531,0
2013-08-19,12:56:44,5.066666666666666,9.933191935221354,0.3333333333333333
2013-08-19,13:01:44,4.933333333333334,9.199943542480469,0.2
2013-08-19,13:06:44,5.066666666666666,10.46661376953125,0.06666666666666668
2013-08-19,13:11:44,5.307692307692308,13.99993896484375,0.08333333333333333
2013-08-19,13:16:44,5.2,11.999893188476562,0.06666666666666668
2013-08-19,13:21:44,5.333333333333334,10.066553751627602,0.2
2013-08-19,13:26:44,5.266666666666667,8.666610717773438,0.26666666666666666
2013-08-19,13:31:44,5.066666666666666,10.199877421061196,0
2013-08-19,13:36:44,5.133333333333334,10.933202107747398,0
2013-08-19,13:41:44,5.4,11.933250427246094,0.13333333333333333
2013-08-19,13:46:44,5.133333333333334,9.866561889648438,0
2013-08-19,13:51:44,5.2,9.66657002766927,0
2013-08-19,13:56:44,5.266666666666667,7.9999033610026045,0
2013-08-19,14:01:44,5.266666666666667,10.399932861328125,0.2
2013-08-19,14:06:44,5.333333333333334,8.799896240234375,0.3333333333333333
2013-08-19,14:11:45,5.133333333333334,8.666585286458334,0.13333333333333333
2013-08-19,14:16:45,5.533333333333334,11.599884033203125,0.5333333333333333
2013-08-19,14:21:45,5.666666666666666,7.866579691569011,0.26666666666666666
2013-08-19,14:26:45,5.133333333333334,10.13318379720052,0
2013-08-19,14:31:45,5.133333333333334,10.79986572265625,0
2013-08-19,14:36:45,5.133333333333334,7.799949645996093,0.06666666666666668
2013-08-19,14:41:45,5.333333333333334,11.399917602539062,0
2013-08-19,14:46:45,5.0,8.933245340983072,0.06666666666666668
2013-08-19,14:51:45,5.0,10.599912007649738,0
2013-08-19,14:56:45,5.0769230769230775,9.615237896259016,0.6153846153846154
2013-08-19,15:01:45,5.133333333333334,11.333211263020832,0.2
2013-08-19,15:06:45,5.2,8.866589864095053,0
2013-08-19,15:11:45,5.066666666666666,9.399909973144531,0.4
2013-08-19,15:16:45,5.266666666666667,8.333269755045574,0
2013-08-19,15:21:45,6.133333333333334,9.533170064290365,0.2
2013-08-19,15:26:45,5.7333333333333325,11.733220418294273,0.06666666666666668
2013-08-19,15:31:45,5.0,10.933202107747398,0
2013-08-19,15:36:45,5.933333333333334,8.999888102213541,0
2013-08-19,15:41:45,6.333333333333334,12.533251444498694,0.3333333333333333
2013-08-19,15:46:45,4.8,12.133229573567707,0.06666666666666668
2013-08-19,15:51:45,5.0,9.733174641927084,0
2013-08-19,15:56:45,4.866666666666667,9.799880981445312,0.06666666666666668
2013-08-19,16:01:45,7.2,13.533236185709633,0.13333333333333333
2013-08-19,16:06:45,5.066666666666666,34.26658630371094,0
2013-08-19,16:11:45,4.933333333333334,17.666549682617188,0.06666666666666668
2013-08-19,16:16:45,4.933333333333334,12.066561381022133,0.3333333333333333
2013-08-19,16:21:45,4.866666666666667,11.266543070475258,0.26666666666666666
2013-08-19,16:26:45,4.8,11.799888610839844,0
2013-08-19,16:31:45,5.066666666666666,10.33320109049479,0.13333333333333333
2013-08-19,16:36:45,5.6,11.86658223470052,0
2013-08-19,16:41:45,5.266666666666667,11.19990030924479,0.06666666666666668
2013-08-19,16:46:45,5.066666666666666,11.599884033203125,0.06666666666666668
2013-08-19,16:51:46,5.066666666666666,9.866511027018229,0.13333333333333333
2013-08-19,16:56:46,5.066666666666666,9.666544596354166,0.4666666666666667
2013-08-19,17:01:46,4.933333333333334,9.59991455078125,0.4
2013-08-19,17:06:46,4.8,8.799896240234375,0
2013-08-19,17:11:46,5.066666666666666,8.399925231933594,0.13333333333333333
2013-08-19,17:16:46,5.0,7.999954223632813,0
2013-08-19,17:21:46,5.133333333333334,8.199958801269531,0.2
2013-08-19,17:26:46,5.2,8.199958801269531,0
2013-08-19,17:31:46,4.866666666666667,7.7999114990234375,0.26666666666666666
2013-08-19,17:36:46,4.866666666666667,10.19989013671875,0
2013-08-19,17:41:46,5.333333333333334,11.999893188476562,0.06666666666666668
2013-08-19,17:46:46,5.066666666666666,9.333203633626303,0
2013-08-19,17:51:46,4.733333333333333,10.333188374837238,0
2013-08-19,17:56:46,4.933333333333334,8.933219909667969,0.06666666666666668
2013-08-19,18:01:46,5.0,10.733197530110678,0.5333333333333333
2013-08-19,18:06:46,5.0,10.86653391520182,0
2013-08-19,18:11:46,5.133333333333334,9.333241780598957,0.13333333333333333
2013-08-19,18:16:46,4.733333333333333,9.533208211263021,0.06666666666666668
2013-08-19,18:21:46,4.933333333333334,8.933245340983072,0.2
2013-08-19,18:26:46,5.133333333333334,10.399894714355469,0
2013-08-19,18:31:46,5.066666666666666,10.133221944173178,0
2013-08-19,18:36:46,5.133333333333334,10.199851989746094,0.13333333333333333
2013-08-19,18:41:46,7.0,12.999916076660156,0.13333333333333333
2013-08-19,18:46:46,4.2,12.666575113932288,0.13333333333333333
2013-08-19,18:51:46,4.0,8.933245340983072,0.26666666666666666
2013-08-19,18:56:46,4.0,9.533259073893227,0
2013-08-19,19:01:46,4.066666666666666,10.599899291992188,0.13333333333333333
2013-08-19,19:06:46,4.133333333333333,9.733187357584635,0
2013-08-19,19:11:46,4.0,10.533218383789062,0.06666666666666668
2013-08-19,19:16:46,3.933333333333333,10.599861145019531,0
2013-08-19,19:21:46,4.0,8.866602579752604,0.2
2013-08-19,19:26:46,4.0,10.666529337565104,0.4
2013-08-19,19:31:46,4.0,9.666531880696615,0
2013-08-19,19:36:47,3.933333333333333,9.799880981445312,0
2013-08-19,19:41:47,4.266666666666667,11.399917602539062,0.06666666666666668
2013-08-19,19:46:47,4.133333333333333,8.866564432779947,0
2013-08-19,19:51:47,4.066666666666666,9.999885559082031,0.13333333333333333
2013-08-19,19:56:47,4.133333333333333,9.266573588053385,0.26666666666666666
2013-08-19,20:01:47,4.0,8.799896240234375,0.13333333333333333
2013-08-19,20:06:47,4.0,10.599899291992188,0.13333333333333333
2013-08-19,20:11:47,3.933333333333333,9.399871826171875,0.06666666666666668
2013-08-19,20:16:47,3.933333333333333,9.599876403808594,0.26666666666666666
2013-08-19,20:21:47,3.933333333333333,8.399887084960938,0.26666666666666666
2013-08-19,20:26:47,4.066666666666666,9.133199055989584,0.4
2013-08-19,20:31:47,4.0,10.19989013671875,0
2013-08-19,20:36:47,3.8,9.933255513509115,0.06666666666666668
2013-08-19,20:41:47,4.066666666666666,9.733263651529947,0
2013-08-19,20:46:47,3.8,9.466565450032551,0
2013-08-19,20:51:47,3.933333333333333,6.799926757812499,0
2013-08-19,20:56:47,3.8,8.13323974609375,0
2013-08-19,21:01:47,4.066666666666666,10.399869283040365,0.2
2013-08-19,21:06:47,3.8,8.999888102213541,0
2013-08-19,21:11:47,3.933333333333333,6.799964904785156,0.06666666666666668
2013-08-19,21:16:47,3.933333333333333,9.066505432128906,0.26666666666666666
2013-08-19,21:21:47,3.933333333333333,9.733212788899738,0.2
2013-08-19,21:26:47,4.066666666666666,9.133275349934895,0
2013-08-19,21:31:47,4.133333333333333,9.666544596354166,0.13333333333333333
2013-08-19,21:36:47,4.066666666666666,9.866587320963541,0
2013-08-19,21:41:47,4.133333333333333,10.66656748453776,0
2013-08-19,21:46:47,3.933333333333333,8.133277893066406,0.06666666666666668
2013-08-19,21:51:47,4.0,9.066543579101562,0.3333333333333333
2013-08-19,21:56:47,4.066666666666666,11.133232116699219,0.06666666666666668
2013-08-19,22:01:47,4.066666666666666,10.0665283203125,0.26666666666666666
2013-08-19,22:06:48,4.0,10.133209228515625,0.4
2013-08-19,22:11:48,4.066666666666666,9.066619873046875,0.2
2013-08-19,22:16:48,3.8666666666666663,8.333244323730469,0.5333333333333333
2013-08-19,22:21:48,3.8666666666666663,8.866564432779947,0.2
2013-08-19,22:26:48,4.0,9.333165486653645,0
2013-08-19,22:31:48,4.133333333333333,10.066579182942709,0.06666666666666668
2013-08-19,22:36:48,4.0,11.66656494140625,0
2013-08-19,22:41:48,4.066666666666666,13.199933369954431,0
2013-08-19,22:46:48,4.133333333333333,11.399879455566406,0
2013-08-19,22:51:48,4.066666666666666,10.266532897949219,0.3333333333333333
2013-08-19,22:56:48,4.133333333333333,10.866546630859375,0
2013-08-19,23:01:48,3.933333333333333,10.199928283691406,0.2
2013-08-19,23:06:48,3.933333333333333,9.399935404459633,0
2013-08-19,23:11:48,3.933333333333333,9.66650644938151,0.06666666666666668
2013-08-19,23:16:48,3.8,7.733319600423178,0
2013-08-19,23:21:48,3.933333333333333,9.7332763671875,0.26666666666666666
2013-08-19,23:26:48,4.0,10.799903869628906,0.06666666666666668
2013-08-19,23:31:48,3.933333333333333,11.199874877929688,0.06666666666666668
2013-08-19,23:36:48,4.066666666666666,9.399871826171875,0
2013-08-19,23:41:48,4.266666666666667,11.199951171875,0
2013-08-19,23:46:48,4.0,11.399879455566406,0.3333333333333333
2013-08-19,23:51:48,3.8,11.799888610839844,0.13333333333333333
2013-08-19,23:56:48,3.933333333333333,8.799858093261719,0.06666666666666668
2013-08-20,00:01:48,4.133333333333333,8.799934387207031,0.8
2013-08-20,00:06:48,4.0,10.19989013671875,0.06666666666666668
2013-08-20,00:11:48,4.0,8.99993896484375,0.06666666666666668
2013-08-20,00:16:48,3.933333333333333,8.199882507324219,0
2013-08-20,00:21:49,3.933333333333333,9.599876403808594,0.26666666666666666
2013-08-20,00:26:49,3.933333333333333,10.466562906901041,0.3333333333333333
2013-08-20,00:31:49,3.933333333333333,9.199905395507812,0
2013-08-20,00:36:49,3.8,9.13323720296224,0
2013-08-20,00:41:49,4.266666666666667,13.533274332682288,0.06666666666666668
2013-08-20,00:46:49,3.933333333333333,8.199920654296875,0
2013-08-20,00:51:49,5.466666666666666,20.999933878580727,0
2013-08-20,00:56:48,4.0,15.73326110839844,0
2013-08-20,01:01:49,4.066666666666666,9.733212788899738,0.13333333333333333
2013-08-20,01:06:49,3.8666666666666663,8.333218892415363,0
2013-08-20,01:11:49,3.8666666666666663,9.199867248535156,0.13333333333333333
2013-08-20,01:16:49,3.8666666666666663,9.19989267985026,0
2013-08-20,01:21:49,3.933333333333333,9.33325449625651,0.2
2013-08-20,01:26:49,4.066666666666666,11.533215840657554,0.06666666666666668
2013-08-20,01:31:49,4.0,10.86653391520182,0.3333333333333333
2013-08-20,01:36:49,3.8666666666666663,11.266555786132812,0.06666666666666668
2013-08-20,01:41:49,4.2,14.266573588053383,0.6666666666666666
2013-08-20,01:46:49,3.8666666666666663,10.066541035970051,0.06666666666666668
2013-08-20,01:51:49,3.8,11.466547648111977,0.06666666666666668
2013-08-20,01:56:49,3.733333333333333,9.599838256835938,0
2013-08-20,02:01:49,3.733333333333333,10.333188374837238,0.13333333333333333
2013-08-20,02:06:50,3.8,9.599838256835938,0.3333333333333333
2013-08-20,02:11:50,3.8666666666666663,9.799880981445312,0.06666666666666668
2013-08-20,02:16:50,3.733333333333333,10.999870300292969,0
2013-08-20,02:21:50,3.8,10.33320109049479,0.13333333333333333
2013-08-20,02:26:50,4.0,9.799919128417969,0.06666666666666668
2013-08-20,02:31:50,3.8666666666666663,8.866551717122396,0
2013-08-20,02:36:50,3.8,10.533218383789062,0
2013-08-20,02:41:50,4.133333333333333,13.533223470052084,0
2013-08-20,02:46:50,3.8,11.799888610839844,0.06666666666666668
2013-08-20,02:51:50,3.733333333333333,9.599876403808594,0
2013-08-20,02:56:50,3.933333333333333,9.999898274739584,0
2013-08-20,03:01:50,3.8,6.999969482421875,0.13333333333333333
2013-08-20,03:06:50,3.933333333333333,8.733228047688803,0
2013-08-20,03:11:50,3.8,6.999969482421875,0.3333333333333333
2013-08-20,03:16:50,3.933333333333333,8.599929809570312,0.06666666666666668
2013-08-20,03:21:50,4.0,9.999885559082031,0.4
2013-08-20,03:26:50,5.357142857142857,6.499944414411273,0.7692307692307693
2013-08-20,03:31:50,4.2,8.733240763346354,0
2013-08-20,03:36:50,4.333333333333333,8.133290608723959,0.06666666666666668
2013-08-20,03:41:50,4.466666666666667,9.933255513509115,0.06666666666666668
2013-08-20,03:46:50,4.2,7.13330586751302,0
2013-08-20,03:51:50,4.2,9.933204650878906,0.3333333333333333
2013-08-20,03:56:50,4.333333333333333,8.399937947591146,0
2013-08-20,04:01:50,4.333333333333333,9.999910990397135,0.13333333333333333
2013-08-20,04:06:50,4.266666666666667,10.199902852376303,0
2013-08-20,04:11:50,4.2,8.866551717122396,0.06666666666666668
2013-08-20,04:16:50,4.2,10.533231099446615,0
2013-08-20,04:21:50,4.2,9.266548156738281,0.26666666666666666
2013-08-20,04:26:50,4.2,10.999870300292969,0
2013-08-20,04:31:51,4.2,10.399907430013021,0.06666666666666668
2013-08-20,04:36:51,4.2,9.799880981445312,0
2013-08-20,04:41:51,4.466666666666667,10.06659189860026,0
2013-08-20,04:46:51,4.266666666666667,10.19989013671875,0
2013-08-20,04:51:51,4.333333333333333,10.19989013671875,0.06666666666666668
2013-08-20,04:56:51,4.2,12.399864196777344,0
2013-08-20,05:01:51,4.333333333333333,10.399856567382812,0.26666666666666666
2013-08-20,05:06:51,4.266666666666667,9.199905395507812,0.4
2013-08-20,05:11:51,4.2,8.53326161702474,0.06666666666666668
2013-08-20,05:16:51,4.2,9.799906412760414,0
2013-08-20,05:21:51,4.2,7.0666249593098955,1.0
2013-08-20,05:26:51,4.266666666666667,9.866549173990885,0
2013-08-20,05:31:51,4.2,7.533276875813801,0.06666666666666668
2013-08-20,05:36:51,4.2,10.066553751627602,0
2013-08-20,05:41:51,4.4,13.266588846842446,0.6
2013-08-20,05:46:51,4.2,9.866536458333332,0.06666666666666668
2013-08-20,05:51:51,4.2,8.866564432779947,0
2013-08-20,05:56:51,4.2,10.199877421061196,0.06666666666666668
2013-08-20,06:01:51,4.266666666666667,10.13318379720052,0.13333333333333333
2013-08-20,06:06:51,4.266666666666667,11.199874877929688,0
2013-08-20,06:11:51,4.2,8.933232625325521,0.2
2013-08-20,06:16:51,4.2,11.133206685384113,0
2013-08-20,06:21:51,4.2,8.733228047688803,0.26666666666666666
2013-08-20,06:26:51,4.4,11.466547648111977,0.06666666666666668
2013-08-20,06:31:51,4.2,9.999847412109375,0.06666666666666668
2013-08-20,06:36:51,4.2,9.333241780598957,0.06666666666666668
2013-08-20,06:41:51,4.4,11.333211263020832,0
2013-08-20,06:46:51,4.2,9.799842834472656,0
2013-08-20,06:51:51,4.2,9.666544596354166,0.3333333333333333
2013-08-20,06:56:51,4.2,10.266583760579428,0.13333333333333333
2013-08-20,07:01:51,4.266666666666667,10.799903869628906,0.13333333333333333
2013-08-20,07:06:51,4.2,8.599929809570312,0.7333333333333333
2013-08-20,07:11:51,4.2,9.266535441080729,0.13333333333333333
2013-08-20,07:16:51,4.2,8.999849955240885,0
2013-08-20,07:21:52,4.2,10.999908447265625,0.26666666666666666
2013-08-20,07:26:52,4.2,11.199874877929688,0
2013-08-20,07:31:52,4.2,10.599861145019531,0.06666666666666668
2013-08-20,07:36:52,6.6,17.1331787109375,0.8
2013-08-20,07:41:52,4.8,33.199920654296875,0
2013-08-20,07:46:52,4.4,17.999903361002602,0.06666666666666668
2013-08-20,07:51:52,4.333333333333333,12.39990234375,0.06666666666666668
2013-08-20,07:56:52,4.333333333333333,9.533195495605469,0
2013-08-20,08:01:52,4.333333333333333,9.533259073893227,0.13333333333333333
2013-08-20,08:06:52,4.266666666666667,12.46657053629557,0
2013-08-20,08:11:52,4.2,10.133260091145834,0.2
2013-08-20,08:16:52,6.0,6.999969482421875,0
2013-08-20,08:21:52,4.2,8.53326161702474,0.26666666666666666
2013-08-20,08:26:52,4.2,10.666580200195312,0
2013-08-20,08:31:52,4.2,12.46657053629557,0
2013-08-20,08:36:52,4.2,10.599861145019531,0.06666666666666668
2013-08-20,08:41:52,4.4,15.733235677083332,0.06666666666666668
2013-08-20,08:46:52,4.066666666666666,10.399856567382812,0.26666666666666666
2013-08-20,08:51:52,4.2,8.99993896484375,0.3333333333333333
2013-08-20,08:56:52,4.2,9.733187357584635,0
2013-08-20,09:01:52,4.133333333333333,8.333244323730469,0.13333333333333333
2013-08-20,09:06:52,4.2,8.399925231933594,0.6
2013-08-20,09:11:52,4.2,9.466565450032551,0.13333333333333333
2013-08-20,09:16:52,4.133333333333333,9.733250935872396,0
2013-08-20,09:21:52,4.2,8.399912516276041,0.26666666666666666
2013-08-20,09:26:52,4.0,10.266558329264322,0
2013-08-20,09:31:52,4.2,9.799842834472656,0.06666666666666668
2013-08-20,09:36:52,4.133333333333333,9.333241780598957,0
2013-08-20,09:41:52,4.333333333333333,11.46650950113932,0
2013-08-20,09:46:52,4.2,9.733212788899738,0.06666666666666668
2013-08-20,09:51:52,4.133333333333333,7.999916076660156,0
2013-08-20,09:56:52,4.266666666666667,10.266558329264322,0.06666666666666668
2013-08-20,10:01:52,4.533333333333333,9.933179219563803,0.13333333333333333
2013-08-20,10:06:52,4.533333333333333,9.466565450032551,0.06666666666666668
2013-08-20,10:11:52,5.066666666666666,9.466514587402344,0.06666666666666668
2013-08-20,10:16:52,5.066666666666666,10.399932861328125,0
2013-08-20,10:21:52,5.066666666666666,8.866589864095053,0.2
2013-08-20,10:26:52,5.133333333333334,9.933204650878906,0.13333333333333333
2013-08-20,10:31:52,5.133333333333334,9.59991455078125,0
2013-08-20,10:36:52,5.2,9.266586303710938,0.4
2013-08-20,10:41:52,5.333333333333334,10.333213806152344,0.13333333333333333
2013-08-20,10:46:52,5.2,9.13323720296224,0.3333333333333333
2013-08-20,10:51:52,5.133333333333334,8.666598002115885,0.3333333333333333
2013-08-20,10:56:52,5.133333333333334,7.799924214680988,0
2013-08-20,11:01:52,5.133333333333334,8.466529846191406,0.5333333333333333
2013-08-20,11:06:52,5.7333333333333325,11.399879455566406,0.06666666666666668
2013-08-20,11:11:52,5.2,10.999870300292969,0
2013-08-20,11:16:52,5.133333333333334,8.799921671549479,0
2013-08-20,11:21:52,5.2,10.13318379720052,0.2
2013-08-20,11:26:52,5.2,9.666531880696615,0
2013-08-20,11:31:52,5.133333333333334,9.59991455078125,0.06666666666666668
2013-08-20,11:36:52,5.133333333333334,9.999923706054688,0.06666666666666668
2013-08-20,11:41:52,5.4,9.999898274739584,0
2013-08-20,11:46:52,5.066666666666666,10.133234659830729,0.06666666666666668
2013-08-20,11:51:52,5.0,9.733238220214844,0
2013-08-20,11:56:52,5.133333333333334,10.19989013671875,0
2013-08-20,12:01:52,5.266666666666667,10.79986572265625,0.2
2013-08-20,12:06:52,5.133333333333334,7.933247884114582,0
2013-08-20,12:11:52,5.2,8.266588846842447,0.06666666666666668
2013-08-20,12:16:52,5.2,10.466562906901041,0.26666666666666666
2013-08-20,12:21:52,5.2,10.533231099446615,0.5333333333333333
2013-08-20,12:26:52,5.133333333333334,8.399937947591146,0.26666666666666666
2013-08-20,12:31:52,5.066666666666666,10.066566467285156,0.06666666666666668
2013-08-20,12:36:52,5.133333333333334,9.33325449625651,0.06666666666666668
2013-08-20,12:41:52,5.4,11.73323313395182,0.06666666666666668
2013-08-20,12:46:52,5.2,9.799855550130209,0.26666666666666666
2013-08-20,12:51:52,5.133333333333334,10.066541035970051,0
2013-08-20,12:56:52,5.2,10.266545613606771,0.06666666666666668
2013-08-20,13:01:53,5.266666666666667,9.266560872395834,0.13333333333333333
2013-08-20,13:06:53,5.2,9.26661173502604,0.06666666666666668
2013-08-20,13:11:53,5.2,8.733291625976562,0.13333333333333333
2013-08-20,13:16:53,5.066666666666666,9.933255513509115,0
2013-08-20,13:22:03,5.2,10.86653391520182,0.3333333333333333
2013-08-20,13:27:03,5.2,11.199874877929688,0
2013-08-20,13:32:04,5.133333333333334,9.599876403808594,0
2013-08-20,13:37:04,5.2,10.333213806152344,0.06666666666666668
2013-08-20,13:42:04,5.4,13.999900817871094,0
2013-08-20,13:47:04,5.2,11.999893188476562,0
2013-08-20,13:52:04,5.133333333333334,11.599884033203125,0
2013-08-20,13:57:04,5.133333333333334,8.999900817871094,0.06666666666666668
2013-08-20,14:02:04,5.2,8.399925231933594,0.4
2013-08-20,14:07:04,5.066666666666666,9.399948120117188,0.13333333333333333
2013-08-20,14:12:04,5.133333333333334,8.733240763346354,0.4
2013-08-20,14:17:04,5.133333333333334,10.599886576334635,0
2013-08-20,14:22:04,5.2,9.199867248535156,0.8
2013-08-20,14:27:04,5.2,11.133206685384113,0.06666666666666668
2013-08-20,14:32:04,5.2,10.19989013671875,0.06666666666666668
2013-08-20,14:37:04,5.2,8.199920654296875,0.06666666666666668
2013-08-20,14:42:04,6.25,6.999969482421875,0
2013-08-20,14:47:04,4.466666666666667,9.399948120117188,0.06666666666666668
2013-08-20,14:52:04,4.533333333333333,10.79986572265625,0.13333333333333333
2013-08-20,14:57:04,4.8,8.999913533528646,0.06666666666666668
2013-08-20,15:02:04,4.933333333333334,9.999923706054688,0.8666666666666667
2013-08-20,15:07:04,4.6,8.799934387207031,0
2013-08-20,15:12:04,4.6,9.799893697102863,0.06666666666666668
2013-08-20,15:17:04,4.533333333333333,10.599899291992188,0
2013-08-20,15:22:04,4.866666666666667,10.266558329264322,0.2
2013-08-20,15:27:04,4.733333333333333,10.53320566813151,0.06666666666666668
2013-08-20,15:32:04,4.6,11.799888610839844,0.06666666666666668
2013-08-20,15:37:04,4.333333333333333,8.799858093261719,0
2013-08-20,15:42:04,4.533333333333333,11.399879455566406,0
2013-08-20,15:47:04,4.266666666666667,9.599838256835938,0.26666666666666666
2013-08-20,15:52:05,4.466666666666667,8.066584269205729,0
2013-08-20,15:57:05,4.533333333333333,10.199877421061196,0.26666666666666666
2013-08-20,16:02:05,4.6,11.266555786132812,0.26666666666666666
2013-08-20,16:07:05,4.466666666666667,10.666542053222656,0
2013-08-20,16:12:05,4.466666666666667,10.466524759928383,0.9333333333333332
2013-08-20,16:17:05,4.466666666666667,9.199867248535156,0.06666666666666668
2013-08-20,16:22:05,4.266666666666667,9.466590881347656,0.3333333333333333
2013-08-20,16:27:05,4.6,9.86657460530599,0
2013-08-20,16:32:05,4.333333333333333,8.933270772298176,0.06666666666666668
2013-08-20,16:37:05,4.333333333333333,10.666529337565104,0
2013-08-20,16:42:05,4.733333333333333,12.066561381022133,0.06666666666666668
2013-08-20,16:47:05,4.4,10.333251953125,0
2013-08-20,16:52:05,4.333333333333333,9.33325449625651,0
2013-08-20,16:57:05,4.4,11.466560363769531,0.06666666666666668
2013-08-20,17:02:05,4.533333333333333,12.066561381022133,0.26666666666666666
2013-08-20,17:07:05,4.2,7.999928792317706,0
2013-08-20,17:12:05,4.2,10.133209228515625,0.06666666666666668
2013-08-20,17:17:05,4.266666666666667,8.866615295410156,0
2013-08-20,17:22:05,4.4,7.399978637695312,0.13333333333333333
2013-08-20,17:27:05,4.6,11.666552225748696,0.26666666666666666
2013-08-20,17:32:05,4.333333333333333,12.266565958658852,0
2013-08-20,17:37:05,4.466666666666667,11.533215840657554,0
2013-08-20,17:42:05,4.4,9.466540018717447,0
2013-08-20,17:47:05,6.666666666666666,7.999992370605469,0
2013-08-20,17:52:05,4.666666666666667,8.666598002115885,0.4
2013-08-20,17:57:05,4.533333333333333,9.599927266438803,0
2013-08-20,18:02:05,4.6,9.533208211263021,0.4666666666666667
2013-08-20,18:07:06,4.4,11.133206685384113,0.3333333333333333
2013-08-20,18:12:06,4.533333333333333,10.666529337565104,0.06666666666666668
2013-08-20,18:17:06,4.6,9.933242797851562,0.13333333333333333
2013-08-20,18:22:06,4.8,8.933245340983072,0.2
2013-08-20,18:27:06,4.8,9.999885559082031,0.06666666666666668
2013-08-20,18:32:06,4.333333333333333,9.266599019368488,0.13333333333333333
2013-08-20,18:37:06,4.466666666666667,8.599891662597656,0
2013-08-20,18:42:06,4.6,14.99987284342448,0
2013-08-20,18:47:06,4.6,11.533203125,0
2013-08-20,18:52:06,4.133333333333333,10.133221944173178,0
2013-08-20,18:57:06,4.133333333333333,10.266520182291666,0
2013-08-20,19:02:06,4.266666666666667,10.399856567382812,0.2
2013-08-20,19:07:05,4.133333333333333,11.933224995930992,0
2013-08-20,19:12:05,4.2,11.933250427246094,0.3333333333333333
2013-08-20,19:17:05,4.133333333333333,8.999900817871094,0
2013-08-20,19:22:05,4.2,11.466547648111977,0.2
2013-08-20,19:27:05,4.2,9.19989267985026,0
2013-08-20,19:32:05,4.2,12.266565958658852,0
2013-08-20,19:37:05,4.066666666666666,8.99987538655599,0.6666666666666666
2013-08-20,19:42:05,4.4,10.333213806152344,0.2
2013-08-20,19:47:05,4.133333333333333,10.333188374837238,0
2013-08-20,19:52:06,4.133333333333333,8.333231608072916,0.06666666666666668
2013-08-20,19:57:06,4.2,8.799896240234375,0.3333333333333333
2013-08-20,20:02:06,4.333333333333333,8.133252461751301,0.2
2013-08-20,20:07:06,4.2,9.066607157389322,0
2013-08-20,20:12:06,4.0,8.399874369303385,0.13333333333333333
2013-08-20,20:17:06,4.133333333333333,8.466593424479168,0.13333333333333333
2013-08-20,20:22:06,4.0,10.466524759928383,0.13333333333333333
2013-08-20,20:27:06,4.2,10.399894714355469,0.13333333333333333
2013-08-20,20:32:06,4.066666666666666,8.73327891031901,0
2013-08-20,20:37:06,4.133333333333333,9.266560872395834,0
2013-08-20,20:42:06,4.333333333333333,10.999870300292969,0
2013-08-20,20:47:06,4.133333333333333,11.399879455566406,0
2013-08-20,20:52:06,4.2,9.999885559082031,0
2013-08-20,20:57:06,4.066666666666666,8.799934387207031,0.06666666666666668
2013-08-20,21:02:06,4.2,7.599945068359375,0.4
2013-08-20,21:07:06,4.0,9.399871826171875,0
2013-08-20,21:12:06,4.066666666666666,8.799934387207031,0.06666666666666668
2013-08-20,21:17:06,5.933333333333334,14.399948120117188,0.3333333333333333
2013-08-20,21:22:06,4.2,37.999916076660156,0.26666666666666666
2013-08-20,21:27:06,4.2,15.999908447265627,0.06666666666666668
2013-08-20,21:32:06,4.066666666666666,12.799911499023436,0.06666666666666668
2013-08-20,21:37:06,4.133333333333333,9.399909973144531,0.26666666666666666
2013-08-20,21:42:06,4.2,10.19989013671875,0
2013-08-20,21:47:06,4.066666666666666,12.333234151204426,0.06666666666666668
2013-08-20,21:52:06,4.066666666666666,9.199867248535156,0.26666666666666666
2013-08-20,21:57:06,4.066666666666666,9.199905395507812,0.13333333333333333
2013-08-20,22:02:06,4.066666666666666,7.999928792317706,0.2
2013-08-20,22:07:07,4.066666666666666,7.399978637695312,0.06666666666666668
2013-08-20,22:12:07,4.2,8.733240763346354,0.26666666666666666
2013-08-20,22:17:07,4.2,8.866551717122396,0
2013-08-20,22:22:07,4.2,8.733202616373697,0.2
2013-08-20,22:27:07,4.133333333333333,10.399856567382812,0.06666666666666668
2013-08-20,22:32:07,3.933333333333333,7.9998779296875,0
2013-08-20,22:37:07,4.133333333333333,7.666613260904947,0
2013-08-20,22:42:07,4.333333333333333,11.999893188476562,0
2013-08-20,22:47:07,4.2,11.866556803385414,0.5333333333333333
2013-08-20,22:52:07,4.133333333333333,10.533192952473959,0.26666666666666666
2013-08-20,22:57:07,4.2,11.333211263020832,0
2013-08-20,23:02:07,4.133333333333333,10.599861145019531,0.26666666666666666
2013-08-20,23:07:07,4.2,8.599955240885416,0
2013-08-20,23:12:07,4.2,8.133277893066406,0.06666666666666668
2013-08-20,23:17:07,4.133333333333333,9.333216349283854,0.5333333333333333
2013-08-20,23:22:07,4.133333333333333,9.33325449625651,0.26666666666666666
2013-08-20,23:27:07,4.133333333333333,9.799880981445312,0.06666666666666668
2013-08-20,23:32:07,4.0,9.333216349283854,0.06666666666666668
2013-08-20,23:37:07,4.2,11.599922180175781,0.06666666666666668
2013-08-20,23:42:07,4.333333333333333,13.06658426920573,0.26666666666666666
2013-08-20,23:47:07,4.2,10.266520182291666,0
2013-08-20,23:52:07,4.2,9.66650644938151,0.06666666666666668
2013-08-20,23:57:07,4.2,8.466567993164062,0.06666666666666668
2013-08-21,00:02:07,4.2,11.933250427246094,0.13333333333333333
2013-08-21,00:07:07,4.066666666666666,9.666557312011719,0.06666666666666668
2013-08-21,00:12:07,4.066666666666666,8.933258056640625,0.06666666666666668
2013-08-21,00:17:07,4.066666666666666,9.599889119466145,0.06666666666666668
2013-08-21,00:22:07,4.2,6.533292134602865,0.2
2013-08-21,00:27:07,4.133333333333333,8.999849955240885,0
2013-08-21,00:32:07,4.2,8.799908955891928,0.8
2013-08-21,00:37:07,4.133333333333333,7.599932352701823,0
2013-08-21,00:42:08,4.4,9.199905395507812,0.06666666666666668
2013-08-21,00:47:08,4.2,8.399925231933594,0.06666666666666668
2013-08-21,00:52:08,5.466666666666666,17.199935913085938,0
2013-08-21,00:57:08,4.2,20.79986572265625,0
2013-08-21,01:02:08,4.133333333333333,12.39990234375,0.13333333333333333
2013-08-21,01:07:08,4.133333333333333,10.799903869628906,0.06666666666666668
2013-08-21,01:12:08,4.133333333333333,9.999923706054688,0.3333333333333333
2013-08-21,01:17:08,4.2,10.333226521809896,0.13333333333333333
2013-08-21,01:22:08,4.2,10.999870300292969,0.4666666666666667
2013-08-21,01:27:08,4.133333333333333,9.799880981445312,0.06666666666666668
2013-08-21,01:32:08,4.133333333333333,9.799842834472656,0
2013-08-21,01:37:09,4.066666666666666,10.599899291992188,0.06666666666666668
2013-08-21,01:42:09,4.2,11.599922180175781,0
2013-08-21,01:47:09,3.8666666666666663,10.19989013671875,0.06666666666666668
2013-08-21,01:52:09,3.8666666666666663,8.799934387207031,0
2013-08-21,01:57:09,3.8,9.999885559082031,0
2013-08-21,02:02:09,3.933333333333333,9.199943542480469,0.2
2013-08-21,02:07:09,4.0,8.533223470052082,0.3333333333333333
2013-08-21,02:12:09,3.733333333333333,9.999923706054688,0
2013-08-21,02:17:09,3.8,7.9999033610026045,0
2013-08-21,02:22:09,4.0,7.733281453450519,0.06666666666666668
2013-08-21,02:27:09,4.066666666666666,8.599891662597656,0.06666666666666668
2013-08-21,02:32:09,4.133333333333333,9.266535441080729,0.3333333333333333
2013-08-21,02:37:09,3.933333333333333,11.399879455566406,0.06666666666666668
2013-08-21,02:42:09,4.266666666666667,11.799888610839844,0.26666666666666666
2013-08-21,02:47:09,4.066666666666666,10.86653391520182,0
2013-08-21,02:52:09,4.133333333333333,8.266614278157553,0.06666666666666668
2013-08-21,02:57:09,4.066666666666666,7.999954223632813,0
2013-08-21,03:02:09,4.066666666666666,8.599904378255209,0.13333333333333333
2013-08-21,03:07:09,4.0,9.199905395507812,0.3333333333333333
2013-08-21,03:12:09,4.0,8.53326161702474,0.06666666666666668
2013-08-21,03:17:09,3.8666666666666663,7.7999114990234375,0
2013-08-21,03:22:09,3.8666666666666663,7.999928792317706,0.06666666666666668
2013-08-21,03:27:09,4.066666666666666,6.9998931884765625,0
2013-08-21,03:32:09,4.066666666666666,7.799924214680988,0
2013-08-21,03:37:09,4.133333333333333,10.66656748453776,0.13333333333333333
2013-08-21,03:42:09,4.2,11.333211263020832,0.13333333333333333
2013-08-21,03:47:09,4.066666666666666,9.799893697102863,0
2013-08-21,03:52:09,3.933333333333333,11.866556803385414,0
2013-08-21,03:57:09,4.066666666666666,10.86653391520182,0
2013-08-21,04:02:09,4.066666666666666,10.533218383789062,0.6666666666666666
2013-08-21,04:07:10,3.933333333333333,9.333203633626303,0
2013-08-21,04:12:09,4.0,7.933260599772135,0.06666666666666668
2013-08-21,04:17:09,3.8666666666666663,8.666598002115885,0.13333333333333333
2013-08-21,04:22:09,4.0,8.866564432779947,0.13333333333333333
2013-08-21,04:27:09,4.066666666666666,11.93323771158854,0.26666666666666666
2013-08-21,04:32:09,4.066666666666666,12.266565958658852,0.06666666666666668
2013-08-21,04:37:09,4.0,10.999870300292969,0.06666666666666668
2013-08-21,04:42:09,4.2,11.666552225748696,0.13333333333333333
2013-08-21,04:47:09,3.8666666666666663,10.466562906901041,0.06666666666666668
2013-08-21,04:52:09,3.8,10.999870300292969,0
2013-08-21,04:57:09,3.8666666666666663,8.799934387207031,0
2013-08-21,05:02:09,4.0,9.133288065592446,0.4
2013-08-21,05:07:09,4.0,11.266568501790367,0.06666666666666668
2013-08-21,05:12:09,4.0,10.133209228515625,0.06666666666666668
2013-08-21,05:17:09,4.0,10.066541035970051,0.13333333333333333
2013-08-21,05:22:09,4.133333333333333,9.399871826171875,0.13333333333333333
2013-08-21,05:27:09,4.066666666666666,10.399894714355469,0
2013-08-21,05:32:09,4.066666666666666,9.999847412109375,0.06666666666666668
2013-08-21,05:37:09,3.933333333333333,8.599891662597656,0.26666666666666666
2013-08-21,05:42:09,4.266666666666667,9.933204650878906,0
2013-08-21,05:47:09,4.0,10.199851989746094,0
2013-08-21,05:52:09,3.933333333333333,8.133290608723959,0.26666666666666666
2013-08-21,05:57:10,4.0,9.799880981445312,0
2013-08-21,06:02:10,4.0,9.533233642578125,0.2
2013-08-21,06:07:10,4.066666666666666,11.266568501790367,0.06666666666666668
2013-08-21,06:12:10,4.133333333333333,7.79998779296875,0.6
2013-08-21,06:17:10,3.8,10.399932861328125,0
2013-08-21,06:22:10,4.0,11.199913024902344,0.13333333333333333
2013-08-21,06:27:10,4.0,9.133249918619791,0.06666666666666668
2013-08-21,06:32:10,3.8666666666666663,9.599838256835938,0
2013-08-21,06:37:10,3.933333333333333,10.199851989746094,0
2013-08-21,06:42:10,4.2,11.999893188476562,0
2013-08-21,06:47:10,4.066666666666666,9.399833679199219,0.26666666666666666
2013-08-21,06:52:10,3.933333333333333,9.599838256835938,0
2013-08-21,06:57:10,4.0,7.799949645996093,0
2013-08-21,07:02:10,4.066666666666666,9.266510009765625,0.2
2013-08-21,07:07:10,3.933333333333333,9.399909973144531,0.2
2013-08-21,07:12:10,3.933333333333333,8.59991709391276,0.3333333333333333
2013-08-21,07:17:10,3.933333333333333,8.933207194010414,0.06666666666666668
2013-08-21,07:22:10,4.0,9.799893697102863,0.2
2013-08-21,07:27:10,4.066666666666666,10.266558329264322,0
2013-08-21,07:32:10,4.0,9.733238220214844,0.26666666666666666
2013-08-21,07:37:10,4.133333333333333,10.533218383789062,0.06666666666666668
2013-08-21,07:42:10,4.266666666666667,9.866549173990885,0.06666666666666668
2013-08-21,07:47:10,4.0,10.799903869628906,0
2013-08-21,07:52:10,4.066666666666666,10.933202107747398,0.06666666666666668
2013-08-21,07:57:10,4.0,10.733197530110678,0.06666666666666668
2013-08-21,08:02:10,4.066666666666666,11.666552225748696,0.13333333333333333
2013-08-21,08:07:11,3.8666666666666663,8.599929809570312,0.4
2013-08-21,08:12:11,3.933333333333333,9.399884541829428,0
2013-08-21,08:17:11,3.8666666666666663,8.99987538655599,0
2013-08-21,08:22:11,3.8666666666666663,10.066541035970051,0.26666666666666666
2013-08-21,08:27:11,4.0,8.53326161702474,0
2013-08-21,08:32:11,3.8,9.133249918619791,0
2013-08-21,08:37:11,4.066666666666666,7.7332305908203125,0
2013-08-21,08:42:11,4.4,10.666554768880209,0.6
2013-08-21,08:47:11,4.066666666666666,10.199851989746094,0.06666666666666668
2013-08-21,08:52:11,4.2,10.066566467285156,0.4
2013-08-21,08:57:11,4.133333333333333,10.999908447265625,0.06666666666666668
2013-08-21,09:02:11,4.2,8.599891662597656,0.4666666666666667
2013-08-21,09:07:11,4.2,8.399887084960938,0.06666666666666668
2013-08-21,09:12:11,4.133333333333333,9.733187357584635,0.06666666666666668
2013-08-21,09:17:11,4.133333333333333,9.599876403808594,0
2013-08-21,09:22:11,4.066666666666666,7.199948628743489,0.2
2013-08-21,09:27:11,4.066666666666666,10.399894714355469,0.06666666666666668
2013-08-21,09:32:11,4.066666666666666,12.799835205078125,0
2013-08-21,09:37:11,4.0,9.866600036621094,0.26666666666666666
2013-08-21,09:42:11,4.2,10.466588338216145,0
2013-08-21,09:47:11,4.066666666666666,10.79986572265625,0
2013-08-21,09:52:11,4.133333333333333,9.666557312011719,0.06666666666666668
2013-08-21,09:57:11,4.133333333333333,11.06653849283854,0
2013-08-21,10:02:11,4.2,8.73321533203125,0.2
2013-08-21,10:07:11,4.133333333333333,12.266565958658852,0
2013-08-21,10:12:11,4.066666666666666,8.999862670898438,0
2013-08-21,10:17:12,4.133333333333333,8.799896240234375,0.06666666666666668
2013-08-21,10:22:12,4.066666666666666,9.399922688802082,0.7333333333333333
2013-08-21,10:27:12,4.2,11.133206685384113,0.06666666666666668
2013-08-21,10:32:12,4.133333333333333,9.59991455078125,0.06666666666666668
2013-08-21,10:37:12,4.133333333333333,7.199974060058594,0
2013-08-21,10:42:12,4.4,10.399932861328125,0.3333333333333333
2013-08-21,10:47:12,4.2,10.199851989746094,0.13333333333333333
2013-08-21,10:52:12,4.2,9.999885559082031,0
2013-08-21,10:57:12,4.2,12.266565958658852,0
2013-08-21,11:02:12,4.2,9.266560872395834,0.2
2013-08-21,11:07:12,4.066666666666666,11.799888610839844,0.06666666666666668
2013-08-21,11:12:12,4.066666666666666,7.266604105631512,0.3333333333333333
2013-08-21,11:17:12,4.066666666666666,8.599891662597656,0
2013-08-21,11:22:12,4.2,8.399848937988281,0.2
2013-08-21,11:27:12,4.2,10.933214823404946,0
2013-08-21,11:32:12,4.133333333333333,11.73323313395182,0.06666666666666668
2013-08-21,11:37:12,4.2,8.999862670898438,0
2013-08-21,11:42:12,4.266666666666667,11.133206685384113,0
2013-08-21,11:47:12,4.066666666666666,9.666544596354166,0.13333333333333333
2013-08-21,11:52:12,4.066666666666666,8.13323974609375,0.26666666666666666
2013-08-21,11:57:12,4.0,10.399869283040365,0.26666666666666666
2013-08-21,12:02:12,4.0,9.066569010416666,0.13333333333333333
2013-08-21,12:07:12,4.133333333333333,10.19989013671875,0.06666666666666668
2013-08-21,12:12:12,4.133333333333333,8.999862670898438,0.6
2013-08-21,12:17:12,4.2,8.733189900716145,0
2013-08-21,12:22:12,4.2,9.399909973144531,0.6666666666666666
2013-08-21,12:27:12,4.133333333333333,11.466547648111977,0.3333333333333333
2013-08-21,12:32:12,4.066666666666666,9.46650187174479,0.13333333333333333
2013-08-21,12:37:12,4.066666666666666,9.733212788899738,0.13333333333333333
2013-08-21,12:42:12,4.2,13.79993438720703,0.06666666666666668
2013-08-21,12:47:12,4.133333333333333,10.133196512858072,0
2013-08-21,12:52:12,4.066666666666666,9.533233642578125,0
2013-08-21,12:57:12,4.133333333333333,8.733228047688803,0
2013-08-21,13:02:12,4.2,8.866564432779947,0.13333333333333333
2013-08-21,13:07:12,6.0,20.399881998697914,0.3333333333333333
2013-08-21,13:12:12,4.133333333333333,37.933247884114586,0
2013-08-21,13:17:12,4.133333333333333,18.933245340983074,0.06666666666666668
2013-08-21,13:22:12,4.066666666666666,11.59989674886068,0.13333333333333333
2013-08-21,13:27:12,4.133333333333333,9.666531880696615,0.06666666666666668
2013-08-21,13:32:12,4.0,8.53326161702474,0
2013-08-21,13:37:12,3.8666666666666663,8.333295186360678,0
2013-08-21,13:42:12,4.2,11.799888610839844,0.06666666666666668
2013-08-21,13:47:12,4.2,10.066515604654947,0.26666666666666666
2013-08-21,13:52:12,4.2,10.599861145019531,0.06666666666666668
2013-08-21,13:57:12,4.066666666666666,9.199943542480469,0.26666666666666666
2013-08-21,14:02:12,4.066666666666666,7.066637674967448,0.5333333333333333
2013-08-21,14:07:12,4.066666666666666,10.266558329264322,0.2
2013-08-21,14:12:12,4.0,10.79986572265625,0.2
2013-08-21,14:17:12,4.0,9.399871826171875,0.06666666666666668
2013-08-21,14:22:12,4.066666666666666,9.266560872395834,0.4
2013-08-21,14:27:12,4.2,12.199897766113281,0
2013-08-21,14:32:12,4.133333333333333,11.799888610839844,0
2013-08-21,14:37:12,4.133333333333333,12.733230590820312,0
2013-08-21,14:42:12,4.4,14.999885559082033,0
2013-08-21,14:47:12,4.133333333333333,9.999847412109375,0
2013-08-21,14:52:12,4.066666666666666,11.333211263020832,0
2013-08-21,14:57:12,4.066666666666666,10.399856567382812,0.26666666666666666
2013-08-21,15:02:12,3.933333333333333,7.666613260904947,0.13333333333333333
2013-08-21,15:07:12,4.0,9.399922688802082,0.26666666666666666
2013-08-21,15:12:12,4.133333333333333,10.533192952473959,0.06666666666666668
2013-08-21,15:17:12,4.133333333333333,10.266545613606771,0.3333333333333333
2013-08-21,15:22:12,4.2,9.13323720296224,0.3333333333333333
2013-08-21,15:27:12,4.2,10.399856567382812,0
2013-08-21,15:32:12,4.2,9.13330078125,0
2013-08-21,15:37:13,4.6,10.0665283203125,0.26666666666666666
2013-08-21,15:42:13,4.6,12.599906921386719,0.5333333333333333
2013-08-21,15:47:13,4.266666666666667,11.599884033203125,0.06666666666666668
2013-08-21,15:52:13,8.866666666666667,28.866551717122395,0.8
2013-08-21,15:57:13,4.266666666666667,21.933224995930985,0.06666666666666668
2013-08-21,16:02:13,4.4,11.799901326497398,0.2
2013-08-21,16:07:13,4.2,8.933245340983072,0.13333333333333333
2013-08-21,16:12:13,4.2,8.333269755045574,0
2013-08-21,16:17:13,4.2,11.399917602539062,0.06666666666666668
2013-08-21,16:22:13,4.266666666666667,9.999910990397135,0.2
2013-08-21,16:27:13,4.2,10.333264668782551,0
2013-08-21,16:32:13,4.066666666666666,9.13323720296224,0
2013-08-21,16:37:13,4.133333333333333,9.33325449625651,0
2013-08-21,16:42:13,4.333333333333333,13.533261617024738,0
2013-08-21,16:47:13,4.066666666666666,11.799888610839844,0.5333333333333333
2013-08-21,16:52:13,4.133333333333333,10.399856567382812,0.06666666666666668
2013-08-21,16:57:13,4.2,10.399932861328125,0.4
2013-08-21,17:02:13,4.4,7.799962361653646,0.13333333333333333
2013-08-21,17:07:13,4.2,8.266614278157553,0.13333333333333333
2013-08-21,17:12:13,4.066666666666666,9.533233642578125,0.5333333333333333
2013-08-21,17:17:13,4.066666666666666,12.599868774414064,0.06666666666666668
2013-08-21,17:22:13,6.466666666666666,15.466537475585938,1.1333333333333333
2013-08-21,17:27:13,7.933333333333334,31.399879455566403,0.26666666666666666
2013-08-21,17:32:13,4.533333333333333,22.19989776611328,0.06666666666666668
2013-08-21,17:37:13,4.266666666666667,12.599906921386719,0.13333333333333333
2013-08-21,17:42:13,4.6,11.799888610839844,0.06666666666666668
2013-08-21,17:47:13,4.4,9.399909973144531,0
2013-08-21,17:52:13,4.2,10.19989013671875,0.13333333333333333
2013-08-21,17:57:13,4.2,8.466593424479168,0.06666666666666668
2013-08-21,18:02:13,4.333333333333333,7.999916076660156,0.2
2013-08-21,18:07:13,4.2,10.599861145019531,0.06666666666666668
2013-08-21,18:12:13,4.533333333333333,11.799888610839844,0
2013-08-21,18:17:14,4.2,12.9998779296875,0
2013-08-21,18:22:14,8.333333333333334,19.999910990397133,0.26666666666666666
2013-08-21,18:27:14,5.4,29.599914550781246,1.5333333333333334
2013-08-21,18:32:14,5.333333333333334,18.66652170817057,3.888888888888889
2013-08-21,18:37:14,4.666666666666667,16.79987589518229,0.06666666666666668
2013-08-21,18:42:14,4.666666666666667,17.666587829589844,0
2013-08-21,18:47:14,4.6,14.466603597005212,0.06666666666666668
2013-08-21,18:52:14,4.6,10.199851989746094,0.13333333333333333
2013-08-21,18:57:14,4.6,9.733212788899738,0.06666666666666668
2013-08-21,19:02:14,4.6,10.266558329264322,0.2
2013-08-21,19:07:14,4.533333333333333,10.799942016601562,0.4
2013-08-21,19:12:14,4.333333333333333,10.599899291992188,0.3333333333333333
2013-08-21,19:17:14,4.4,9.866587320963541,0.06666666666666668
2013-08-21,19:22:14,4.333333333333333,9.199943542480469,0.2
2013-08-21,19:27:14,4.533333333333333,9.733263651529947,0.06666666666666668
2013-08-21,19:32:14,4.333333333333333,9.399897257486979,0
2013-08-21,19:37:14,4.4,10.333226521809896,0.26666666666666666
2013-08-21,19:42:14,4.666666666666667,11.999931335449219,0
2013-08-21,19:47:14,4.333333333333333,10.333188374837238,0
2013-08-21,19:52:14,4.266666666666667,9.866549173990885,0
2013-08-21,19:57:14,4.2,9.533246358235676,0.06666666666666668
2013-08-21,20:02:14,4.4,10.599912007649738,0.4
2013-08-21,20:07:14,4.2,9.733212788899738,0
2013-08-21,20:12:14,4.2,7.599957784016925,0
2013-08-21,20:17:14,4.2,8.466580708821615,0
2013-08-21,20:22:15,4.533333333333333,9.933217366536457,0.4
2013-08-21,20:27:15,4.733333333333333,10.599861145019531,0.13333333333333333
2013-08-21,20:32:15,4.4,11.199874877929688,0
2013-08-21,20:37:15,4.266666666666667,9.799880981445312,0.06666666666666668
2013-08-21,20:42:15,4.533333333333333,11.599884033203125,0
2013-08-21,20:47:15,4.333333333333333,11.133206685384113,0.13333333333333333
2013-08-21,20:52:15,4.466666666666667,12.39990234375,0.4666666666666667
2013-08-21,20:57:15,4.2,8.999900817871094,0.06666666666666668
2013-08-21,21:02:15,4.333333333333333,8.733228047688803,0.13333333333333333
2013-08-21,21:07:15,4.266666666666667,8.999951680501301,0.4
2013-08-21,21:12:15,4.4,8.933283487955729,0.13333333333333333
2013-08-21,21:17:15,4.466666666666667,11.399879455566406,0.06666666666666668
2013-08-21,21:22:15,4.4,9.799842834472656,0.26666666666666666
2013-08-21,21:27:15,4.4,12.266565958658852,0
2013-08-21,21:32:15,4.333333333333333,11.399879455566406,0
2013-08-21,21:37:15,4.2,9.133211771647135,0
2013-08-21,21:42:15,4.4,12.066586812337238,0
2013-08-21,21:47:15,4.2,12.133229573567707,0.06666666666666668
2013-08-21,21:52:15,4.2,10.86653391520182,0
2013-08-21,21:57:15,4.533333333333333,10.79986572265625,0.6
2013-08-21,22:02:15,4.533333333333333,8.933194478352863,0.13333333333333333
2013-08-21,22:07:16,4.266666666666667,9.933242797851562,0.2
2013-08-21,22:12:16,4.333333333333333,9.399884541829428,0.13333333333333333
2013-08-21,22:17:16,4.266666666666667,8.933245340983072,0
2013-08-21,22:22:15,4.333333333333333,10.266583760579428,0.2
2013-08-21,22:27:15,4.4,11.866556803385414,0.26666666666666666
2013-08-21,22:32:15,4.333333333333333,9.866549173990885,0.06666666666666668
2013-08-21,22:37:15,4.2,8.399899800618488,0.26666666666666666
2013-08-21,22:42:15,4.6,14.266573588053383,0.13333333333333333
2013-08-21,22:47:15,4.266666666666667,11.133219401041664,0.13333333333333333
2013-08-21,22:52:15,4.466666666666667,9.733238220214844,0.26666666666666666
2013-08-21,22:57:15,4.266666666666667,9.333203633626303,0.13333333333333333
2013-08-21,23:02:15,4.4,8.866602579752604,0.2
2013-08-21,23:07:15,4.2,8.999900817871094,0.06666666666666668
2013-08-21,23:12:15,4.2,8.933232625325521,0
2013-08-21,23:17:15,4.2,8.599891662597656,0
2013-08-21,23:22:15,4.266666666666667,8.799934387207031,0.2
2013-08-21,23:27:15,4.333333333333333,10.199928283691406,0
2013-08-21,23:32:15,4.2,9.799919128417969,0.6
2013-08-21,23:37:15,4.266666666666667,8.599929809570312,0
2013-08-21,23:42:15,4.533333333333333,13.733253479003906,0.06666666666666668
2013-08-21,23:47:16,4.2,11.399917602539062,0.13333333333333333
2013-08-21,23:52:16,4.333333333333333,8.999913533528646,0
2013-08-21,23:57:16,4.533333333333333,9.199905395507812,0
2013-08-22,00:02:16,4.466666666666667,8.599929809570312,0.13333333333333333
2013-08-22,00:07:16,4.466666666666667,9.199930826822916,0.06666666666666668
2013-08-22,00:12:16,4.533333333333333,8.733266194661459,0.13333333333333333
2013-08-22,00:17:16,4.466666666666667,9.933179219563803,0.06666666666666668
2013-08-22,00:22:16,4.6,10.933240254720051,0.2
2013-08-22,00:27:16,4.466666666666667,9.733212788899738,0.06666666666666668
2013-08-22,00:32:16,4.466666666666667,10.933202107747398,0.6666666666666666
2013-08-22,00:37:16,4.2,9.33319091796875,0.06666666666666668
2013-08-22,00:42:16,4.466666666666667,12.666600545247395,0.06666666666666668
2013-08-22,00:47:16,4.2,9.799944559733072,0
2013-08-22,00:52:16,5.866666666666666,14.7332509358724,0.06666666666666668
2013-08-22,00:57:16,4.4,18.799896240234375,0
2013-08-22,01:02:17,4.4,11.333211263020832,0.13333333333333333
2013-08-22,01:07:17,4.266666666666667,11.466560363769531,0.6666666666666666
2013-08-22,01:12:17,4.333333333333333,10.399932861328125,0.3333333333333333
2013-08-22,01:17:17,4.2,9.13323720296224,0
2013-08-22,01:22:17,4.266666666666667,8.599866231282551,0.2
2013-08-22,01:27:17,4.333333333333333,8.799845377604166,0
2013-08-22,01:32:17,4.266666666666667,11.399879455566406,0.13333333333333333
2013-08-22,01:37:17,4.866666666666667,14.133211771647133,0
2013-08-22,01:42:17,4.4,19.866600036621094,0
2013-08-22,01:47:17,4.2,11.466560363769531,0.2
2013-08-22,01:52:17,4.2,9.466603597005209,0
2013-08-22,01:57:17,4.2,10.199851989746094,0
2013-08-22,02:02:17,4.2,10.733197530110678,0.2
2013-08-22,02:07:17,4.2,10.999870300292969,0.26666666666666666
2013-08-22,02:12:17,4.2,11.999893188476562,0.26666666666666666
2013-08-22,02:17:17,4.2,8.066584269205729,0
2013-08-22,02:22:17,4.266666666666667,10.333188374837238,0.4
2013-08-22,02:27:17,4.4,12.599906921386719,0.06666666666666668
2013-08-22,02:32:17,4.2,12.799911499023436,0
2013-08-22,02:37:17,4.2,10.999870300292969,0.13333333333333333
2013-08-22,02:42:17,4.533333333333333,9.399833679199219,0.4
2013-08-22,02:47:17,4.2,10.599861145019531,0
2013-08-22,02:52:17,4.266666666666667,9.999923706054688,0
2013-08-22,02:57:17,4.2,11.799888610839844,0.06666666666666668
2013-08-22,03:02:17,4.266666666666667,9.999847412109375,0.4
2013-08-22,03:07:17,4.2,9.266497294108072,0.06666666666666668
2013-08-22,03:12:17,4.2,9.733212788899738,0.06666666666666668
2013-08-22,03:17:17,4.2,10.266520182291666,0
2013-08-22,03:22:17,4.2,11.199874877929688,0.26666666666666666
2013-08-22,03:27:17,4.266666666666667,11.333211263020832,0.06666666666666668
2013-08-22,03:32:17,4.2,8.933258056640625,0
2013-08-22,03:37:17,4.2,9.266548156738281,0.06666666666666668
2013-08-22,03:42:18,4.4,10.133247375488281,0.4
2013-08-22,03:47:18,4.2,11.466560363769531,0.06666666666666668
2013-08-22,03:52:18,4.2,10.399920145670572,0
2013-08-22,03:57:18,4.2,9.333178202311196,0.4666666666666667
2013-08-22,04:02:18,4.2,9.066581726074219,0.13333333333333333
2013-08-22,04:07:18,4.266666666666667,10.93317667643229,0.06666666666666668
2013-08-22,04:12:18,4.2,8.53326161702474,0.13333333333333333
2013-08-22,04:17:18,4.2,6.599960327148438,0.13333333333333333
2013-08-22,04:22:18,4.2,9.933204650878906,0.2
2013-08-22,04:27:18,4.4,9.399909973144531,0.13333333333333333
2013-08-22,04:32:18,4.2,12.46657053629557,0.3333333333333333
2013-08-22,04:37:18,4.333333333333333,10.999870300292969,0.3333333333333333
2013-08-22,04:42:18,4.4,11.799888610839844,0
2013-08-22,04:47:18,6.333333333333334,20.133209228515625,0
2013-08-22,04:52:18,4.2,35.733235677083336,0
2013-08-22,04:57:18,4.266666666666667,16.799901326497398,0.06666666666666668
2013-08-22,05:02:18,4.266666666666667,11.799888610839844,0.13333333333333333
2013-08-22,05:07:18,4.2,11.933224995930992,0.13333333333333333
2013-08-22,05:12:18,4.2,13.599891662597658,0
2013-08-22,05:17:18,4.2,9.399871826171875,0.4
2013-08-22,05:22:18,4.2,9.399833679199219,0.26666666666666666
2013-08-22,05:27:18,4.266666666666667,9.399909973144531,0
2013-08-22,05:32:18,4.2,11.399879455566406,0.3333333333333333
2013-08-22,05:37:18,4.2,8.999900817871094,0
2013-08-22,05:42:18,4.4,13.199920654296877,0.06666666666666668
2013-08-22,05:47:18,4.2,9.399909973144531,0.13333333333333333
2013-08-22,05:52:18,4.2,8.066584269205729,0
2013-08-22,05:57:18,4.2,10.79986572265625,0.06666666666666668
2013-08-22,06:02:18,4.2,9.533195495605469,0.2
2013-08-22,06:07:18,4.2,10.79986572265625,0.4
2013-08-22,06:12:18,4.2,9.133173624674479,0.13333333333333333
2013-08-22,06:17:18,4.133333333333333,9.266560872395834,0.13333333333333333
2013-08-22,06:22:18,4.2,11.333249409993492,0.4
2013-08-22,06:27:18,4.4,15.19989013671875,0
2013-08-22,06:32:18,4.2,8.599878946940104,0
2013-08-22,06:37:18,4.2,9.466527303059896,0
2013-08-22,06:42:18,4.4,12.799873352050781,0
2013-08-22,06:47:18,4.2,10.933202107747398,0.06666666666666668
2013-08-22,06:52:18,4.2,9.133211771647135,0.06666666666666668
2013-08-22,06:57:18,4.333333333333333,9.399922688802082,0
2013-08-22,07:02:18,4.333333333333333,8.133290608723959,0.2
2013-08-22,07:07:18,4.2,9.133224487304688,0.4
2013-08-22,07:12:18,4.2,9.533259073893227,0.13333333333333333
2013-08-22,07:17:19,4.266666666666667,11.333211263020832,0
2013-08-22,07:22:19,4.2,11.199862162272133,0.4666666666666667
2013-08-22,07:27:18,4.2,11.066513061523438,0
2013-08-22,07:32:18,4.2,7.599945068359375,0
2013-08-22,07:37:18,4.266666666666667,7.733243306477864,0.26666666666666666
2013-08-22,07:42:18,4.466666666666667,12.733243306477867,0
2013-08-22,07:47:18,4.2,10.79986572265625,0.06666666666666668
2013-08-22,07:52:18,4.2,10.333188374837238,0.06666666666666668
2013-08-22,07:57:18,4.2,9.066607157389322,0.3333333333333333
2013-08-22,08:02:18,4.333333333333333,11.399879455566406,0.13333333333333333
2013-08-22,08:07:18,4.266666666666667,8.399925231933594,0.06666666666666668
2013-08-22,08:12:18,4.2,7.799873352050782,0.3333333333333333
2013-08-22,08:17:18,4.2,8.599891662597656,0
2013-08-22,08:22:18,4.266666666666667,8.799934387207031,0.2
2013-08-22,08:27:18,4.266666666666667,7.999954223632813,0
2013-08-22,08:32:18,4.2,8.59991709391276,0
2013-08-22,08:37:19,4.2,9.999923706054688,0.06666666666666668
2013-08-22,08:42:19,4.4,12.066574096679688,0
2013-08-22,08:47:19,4.333333333333333,10.533192952473959,0.6666666666666666
2013-08-22,08:52:19,4.333333333333333,8.599878946940104,0
2013-08-22,08:57:19,4.333333333333333,10.466562906901041,0.06666666666666668
2013-08-22,09:02:19,4.4,10.99989573160807,0.4
2013-08-22,09:07:19,4.2,10.266532897949219,0.06666666666666668
2013-08-22,09:12:19,4.333333333333333,10.46655019124349,0.13333333333333333
2013-08-22,09:17:19,4.2,8.73327891031901,0
2013-08-22,09:22:19,4.2,9.13323720296224,0.3333333333333333
2013-08-22,09:27:19,4.266666666666667,10.999870300292969,0
2013-08-22,09:32:19,4.266666666666667,10.999870300292969,0
2013-08-22,09:37:19,4.266666666666667,10.399856567382812,0.06666666666666668
2013-08-22,09:42:19,4.533333333333333,11.199887593587238,0
2013-08-22,09:47:19,4.333333333333333,11.399879455566406,0.6
2013-08-22,09:52:19,4.333333333333333,9.733250935872396,0.26666666666666666
2013-08-22,09:57:19,4.266666666666667,8.933270772298176,0.2
2013-08-22,10:02:19,4.6,8.599904378255209,0.2
2013-08-22,10:07:19,4.2,8.46655527750651,0.06666666666666668
2013-08-22,10:12:19,4.533333333333333,9.999885559082031,0
2013-08-22,10:17:19,4.4,11.533215840657554,0
2013-08-22,10:22:19,4.466666666666667,10.733197530110678,0.3333333333333333
2013-08-22,10:27:19,4.533333333333333,11.533215840657554,0.26666666666666666
2013-08-22,10:32:19,4.466666666666667,9.866511027018229,0
2013-08-22,10:37:19,4.333333333333333,9.533233642578125,0.5333333333333333
2013-08-22,10:42:19,4.6,13.333282470703125,0.06666666666666668
2013-08-22,10:47:19,4.4,11.06653849283854,0
2013-08-22,10:52:19,4.6,9.799919128417969,0.06666666666666668
2013-08-22,10:57:19,4.733333333333333,8.799896240234375,0.2
2013-08-22,11:02:19,4.866666666666667,11.799888610839844,0.13333333333333333
2013-08-22,11:07:19,4.8,9.399871826171875,0
2013-08-22,11:12:20,4.666666666666667,10.79986572265625,0
2013-08-22,11:17:20,5.428571428571429,10.999870300292969,0.6666666666666666
2013-08-22,11:22:20,4.8,10.399856567382812,0.5333333333333333
2013-08-22,11:27:20,4.933333333333334,10.66656748453776,0.13333333333333333
2013-08-22,11:32:20,4.666666666666667,10.399856567382812,0.06666666666666668
2013-08-22,11:37:20,4.466666666666667,10.999870300292969,0
2013-08-22,11:42:20,4.866666666666667,11.199874877929688,0.26666666666666666
2013-08-22,11:47:20,4.6,8.333231608072916,0
2013-08-22,11:52:20,4.733333333333333,9.59991455078125,0.06666666666666668
2013-08-22,11:57:20,4.8,9.599876403808594,0.13333333333333333
2013-08-22,12:02:20,4.733333333333333,12.533264160156248,0.13333333333333333
2013-08-22,12:07:19,4.733333333333333,10.733197530110678,0.2
2013-08-22,12:12:19,4.6,11.599884033203125,0.26666666666666666
2013-08-22,12:17:19,4.6,11.466547648111977,0
2013-08-22,12:22:19,4.8,12.199897766113281,0.2
2013-08-22,12:27:19,4.8,12.199897766113281,0.4
2013-08-22,12:32:19,4.6,10.999870300292969,0
2013-08-22,12:37:19,4.6,9.999860127766926,0
2013-08-22,12:42:19,5.0,12.599868774414064,0.13333333333333333
2013-08-22,12:47:20,4.8,10.599861145019531,0.06666666666666668
2013-08-22,12:52:20,4.8,10.399856567382812,0.13333333333333333
2013-08-22,12:57:20,4.666666666666667,11.799888610839844,0
2013-08-22,13:02:20,4.733333333333333,10.066553751627602,0.13333333333333333
2013-08-22,13:07:20,4.666666666666667,9.799931844075521,0.13333333333333333
2013-08-22,13:12:20,4.733333333333333,10.666580200195312,0
2013-08-22,13:17:20,4.733333333333333,11.333223978678383,0.8
2013-08-22,13:22:20,4.733333333333333,12.733205159505212,0.2
2013-08-22,13:27:20,5.0,11.933224995930992,0.2
2013-08-22,13:32:20,5.066666666666666,11.199874877929688,0.06666666666666668
2013-08-22,13:37:20,5.2,11.333211263020832,0
2013-08-22,13:42:20,5.466666666666666,13.999900817871094,0.06666666666666668
2013-08-22,13:47:20,5.2,10.933202107747398,0.06666666666666668
2013-08-22,13:52:20,5.2,9.133186340332031,0
2013-08-22,13:57:20,4.8,9.399884541829428,0
2013-08-22,14:02:20,4.666666666666667,10.33320109049479,0.4666666666666667
2013-08-22,14:07:20,4.666666666666667,9.866549173990885,0
2013-08-22,14:12:20,4.8,9.599889119466145,0.13333333333333333
2013-08-22,14:17:20,4.733333333333333,11.599884033203125,0.13333333333333333
2013-08-22,14:22:20,4.733333333333333,9.733212788899738,0.4666666666666667
2013-08-22,14:27:20,4.8,10.533192952473959,0
2013-08-22,14:32:20,4.533333333333333,11.199874877929688,0
2013-08-22,14:37:20,4.666666666666667,10.333188374837238,0.13333333333333333
2013-08-22,14:42:20,5.0,15.066553751627602,0.06666666666666668
2013-08-22,14:47:21,4.666666666666667,11.333223978678383,0.4
2013-08-22,14:52:21,4.533333333333333,11.066563924153645,0
2013-08-22,14:57:21,4.733333333333333,12.133242289225258,0
2013-08-22,15:02:21,4.933333333333334,8.066571553548176,0.2
2013-08-22,15:07:21,4.666666666666667,7.999954223632813,0.3333333333333333
2013-08-22,15:12:21,4.666666666666667,8.266550699869791,0.13333333333333333
2013-08-22,15:17:21,4.666666666666667,11.999905904134113,0.13333333333333333
2013-08-22,15:22:21,4.733333333333333,12.799873352050781,0.26666666666666666
2013-08-22,15:27:21,4.733333333333333,10.533243815104166,0.06666666666666668
2013-08-22,15:32:21,4.666666666666667,10.79986572265625,0
2013-08-22,15:37:21,4.733333333333333,9.799919128417969,0
2013-08-22,15:42:21,5.2,11.999893188476562,0.3333333333333333
2013-08-22,15:47:21,4.666666666666667,9.999847412109375,0
2013-08-22,15:52:21,4.8,9.399909973144531,0
2013-08-22,15:57:21,4.666666666666667,10.333188374837238,0
2013-08-22,16:02:21,4.866666666666667,12.39990234375,0.13333333333333333
2013-08-22,16:07:21,4.666666666666667,11.266543070475258,0.4666666666666667
2013-08-22,16:12:21,4.4,10.066515604654947,0
2013-08-22,16:17:21,4.6,10.733197530110678,0.06666666666666668
2013-08-22,16:22:21,4.866666666666667,10.399856567382812,0.26666666666666666
2013-08-22,16:27:21,4.733333333333333,13.266588846842446,0.06666666666666668
2013-08-22,16:32:21,4.666666666666667,9.999872843424479,0.26666666666666666
2013-08-22,16:37:21,4.666666666666667,8.733240763346354,0
2013-08-22,16:42:21,5.2,11.533215840657554,0.26666666666666666
2013-08-22,16:47:21,4.8,14.533284505208332,0.4
2013-08-22,16:52:21,4.866666666666667,11.06653849283854,0.06666666666666668
2013-08-22,16:57:21,4.933333333333334,11.199874877929688,0
2013-08-22,17:02:21,4.933333333333334,9.599876403808594,0.26666666666666666
2013-08-22,17:07:21,4.666666666666667,10.733197530110678,0.13333333333333333
2013-08-22,17:12:21,4.866666666666667,9.999885559082031,0.2
2013-08-22,17:17:21,5.6,17.466583251953125,0
2013-08-22,17:22:21,5.266666666666667,13.733240763346352,0.26666666666666666
2013-08-22,17:27:21,5.2,13.06658426920573,0.8
2013-08-22,17:32:21,6.2,12.266565958658852,0.3333333333333333
2013-08-22,17:37:21,6.133333333333334,14.933255513509113,1.4
2013-08-22,17:42:22,6.466666666666666,15.86657206217448,1.6
2013-08-22,17:47:22,5.0,16.399943033854164,0.06666666666666668
2013-08-22,17:52:22,4.933333333333334,9.999885559082031,0
2013-08-22,17:57:22,4.933333333333334,11.199913024902344,0.13333333333333333
2013-08-22,18:02:22,5.2,10.399894714355469,0.2
2013-08-22,18:07:22,4.933333333333334,10.199851989746094,0.13333333333333333
2013-08-22,18:12:22,7.0,17.399864196777344,0
2013-08-22,18:17:22,5.7333333333333325,37.19993591308594,0.13333333333333333
2013-08-22,18:22:22,5.0,18.199920654296875,0.3333333333333333
2013-08-22,18:27:22,4.933333333333334,14.19990539550781,0
2013-08-22,18:32:22,4.866666666666667,12.39990234375,0.3333333333333333
2013-08-22,18:37:22,5.0,11.799888610839844,0.6
2013-08-22,18:42:22,5.333333333333334,12.666536966959633,0.06666666666666668
2013-08-22,18:47:22,4.933333333333334,10.13318379720052,0.13333333333333333
2013-08-22,18:52:22,4.8,10.666554768880209,0
2013-08-22,18:57:22,4.866666666666667,13.799858093261719,0.13333333333333333
2013-08-22,19:02:22,4.866666666666667,10.666529337565104,0.13333333333333333
2013-08-22,19:07:22,4.666666666666667,12.266565958658852,0.2
2013-08-22,19:12:22,5.0,9.866511027018229,0.3333333333333333
2013-08-22,19:17:22,4.8,10.266520182291666,0
2013-08-22,19:22:22,5.0,9.66658274332682,0.26666666666666666
2013-08-22,19:27:22,4.666666666666667,9.133262634277344,0
2013-08-22,19:32:22,4.8,8.8665771484375,0.4
2013-08-22,19:37:22,5.066666666666666,8.133227030436197,0.13333333333333333
2013-08-22,19:42:22,5.266666666666667,13.533223470052084,0.06666666666666668
2013-08-22,19:47:22,5.066666666666666,11.999880472819008,0
2013-08-22,19:52:22,5.066666666666666,9.333229064941406,0
2013-08-22,19:57:23,5.133333333333334,9.399897257486979,0
2013-08-22,20:02:23,5.2,10.466524759928383,0.2
2013-08-22,20:07:23,5.133333333333334,8.333257039388021,0.2
2013-08-22,20:12:23,5.133333333333334,7.866617838541666,0.26666666666666666
2013-08-22,20:17:23,5.066666666666666,10.86653391520182,0.13333333333333333
2013-08-22,20:22:23,5.133333333333334,10.266596476236979,0.26666666666666666
2013-08-22,20:27:23,5.066666666666666,9.733187357584635,0.4
2013-08-22,20:32:23,5.066666666666666,10.533218383789062,0.13333333333333333
2013-08-22,20:37:23,4.8,9.13323720296224,0
2013-08-22,20:42:23,4.933333333333334,11.666577657063804,0
2013-08-22,20:47:23,4.733333333333333,10.99989573160807,0.06666666666666668
2013-08-22,20:52:23,4.933333333333334,10.066579182942709,0
2013-08-22,20:57:23,4.866666666666667,11.999893188476562,0
2013-08-22,21:02:23,5.066666666666666,10.79986572265625,0.7333333333333333
2013-08-22,21:07:23,4.666666666666667,8.999862670898438,0.4
2013-08-22,21:12:23,4.733333333333333,11.666552225748696,0.06666666666666668
2013-08-22,21:17:23,4.666666666666667,11.399879455566406,0.6
2013-08-22,21:22:23,4.933333333333334,10.999870300292969,0.4
2013-08-22,21:27:23,4.866666666666667,10.599861145019531,0.26666666666666666
2013-08-22,21:32:23,4.866666666666667,10.466524759928383,0
2013-08-22,21:37:23,4.8,10.599861145019531,0.06666666666666668
2013-08-22,21:42:23,4.933333333333334,12.53320058186849,0
2013-08-22,21:47:23,4.6,10.533192952473959,0
2013-08-22,21:52:23,4.666666666666667,8.733228047688803,0
2013-08-22,21:57:23,4.8,10.533192952473959,0.06666666666666668
2013-08-22,22:02:23,4.866666666666667,10.599861145019531,0.2
2013-08-22,22:07:23,4.666666666666667,8.999926249186197,0.2
2013-08-22,22:12:23,4.866666666666667,9.19989267985026,0.5333333333333333
2013-08-22,22:17:23,4.666666666666667,9.933204650878906,0.3333333333333333
2013-08-22,22:22:23,4.866666666666667,8.466593424479168,0.4
2013-08-22,22:27:23,4.866666666666667,9.866536458333332,0
2013-08-22,22:32:23,4.8,10.066515604654947,0.06666666666666668
2013-08-22,22:37:23,4.6,10.53320566813151,0.26666666666666666
2013-08-22,22:42:23,5.133333333333334,11.933250427246094,0.06666666666666668
2013-08-22,22:47:23,4.733333333333333,10.866572062174477,0
2013-08-22,22:52:23,4.8,9.266573588053385,0
2013-08-22,22:57:23,4.8,10.199851989746094,0.6666666666666666
2013-08-22,23:02:23,4.6,9.999885559082031,0.13333333333333333
2013-08-22,23:07:23,4.333333333333333,8.666610717773438,0.13333333333333333
2013-08-22,23:12:23,4.466666666666667,7.53326416015625,0.06666666666666668
2013-08-22,23:17:23,4.6,9.799842834472656,0.4
2013-08-22,23:22:23,4.6,11.999918619791664,0.2
2013-08-22,23:27:23,4.866666666666667,10.799903869628906,0.13333333333333333
2013-08-22,23:32:23,4.733333333333333,8.199920654296875,0.06666666666666668
2013-08-22,23:37:24,4.6,7.799949645996093,0.06666666666666668
2013-08-22,23:42:24,5.0,10.733235677083332,0.13333333333333333
2013-08-22,23:47:24,4.6,10.799903869628906,0.06666666666666668
2013-08-22,23:52:24,4.666666666666667,10.79986572265625,0.4
2013-08-22,23:57:24,4.6,10.999870300292969,0
2013-08-23,00:02:24,4.733333333333333,8.199920654296875,0.2
2013-08-23,00:07:24,4.533333333333333,9.066632588704428,0.5333333333333333
2013-08-23,00:12:24,4.8,10.799903869628906,0.06666666666666668
2013-08-23,00:27:24,4.866666666666667,8.399925231933594,0.26666666666666666
2013-08-23,00:32:24,4.533333333333333,9.733238220214844,0
2013-08-23,00:37:24,4.666666666666667,9.133249918619791,0
2013-08-23,00:47:24,4.6,9.933204650878906,0.3333333333333333
2013-08-23,00:52:24,5.866666666666666,10.733286539713541,0.5333333333333333
2013-08-23,00:57:24,4.933333333333334,21.533203125,0
2013-08-23,01:02:24,4.666666666666667,11.933224995930992,0.2
2013-08-23,01:07:25,4.6,11.266530354817707,0.2
2013-08-23,01:17:25,4.733333333333333,7.599957784016925,0.06666666666666668
2013-08-23,01:22:25,4.733333333333333,9.199867248535156,0.26666666666666666
2013-08-23,01:27:25,4.8,9.666595458984375,0.6
2013-08-23,01:32:25,5.7333333333333325,12.733217875162758,0
2013-08-23,01:37:25,4.733333333333333,14.33321634928385,0
2013-08-23,01:42:25,4.933333333333334,14.466540018717444,0.13333333333333333
2013-08-23,01:47:25,4.6,11.133206685384113,0.06666666666666668
2013-08-23,01:52:25,4.666666666666667,10.466537475585938,0.6
2013-08-23,01:57:25,4.733333333333333,11.199887593587238,0.06666666666666668
2013-08-23,02:02:25,4.666666666666667,10.066541035970051,0.4
2013-08-23,02:07:25,4.8,8.199920654296875,0.4666666666666667
2013-08-23,02:12:25,4.6,8.466606140136719,0
2013-08-23,02:17:25,4.6,8.399925231933594,0
2013-08-23,02:22:25,4.733333333333333,10.533231099446615,0.5333333333333333
2013-08-23,02:27:25,4.933333333333334,11.999893188476562,0
2013-08-23,02:32:25,4.6,10.599861145019531,0
2013-08-23,02:37:25,4.666666666666667,7.999916076660156,0
2013-08-23,02:42:25,5.0,12.733268737792969,0.26666666666666666
2013-08-23,02:47:25,4.733333333333333,11.599922180175781,0.06666666666666668
2013-08-23,02:52:25,4.733333333333333,10.599861145019531,0.06666666666666668
2013-08-23,02:57:25,4.666666666666667,8.599929809570312,0.13333333333333333
2013-08-23,03:02:25,4.666666666666667,7.599932352701823,0.13333333333333333
2013-08-23,03:07:25,4.666666666666667,8.399937947591146,0.2
2013-08-23,03:12:25,4.733333333333333,11.599884033203125,0.2
2013-08-23,03:17:25,4.533333333333333,11.266543070475258,0.26666666666666666
2013-08-23,03:22:25,4.666666666666667,9.533170064290365,0.2
2013-08-23,03:27:25,4.666666666666667,10.79986572265625,0.2
2013-08-23,03:32:25,4.733333333333333,9.13323720296224,0.26666666666666666
2013-08-23,03:37:25,4.866666666666667,10.266558329264322,0.13333333333333333
2013-08-23,03:42:25,4.933333333333334,15.066591898600256,0.06666666666666668
2013-08-23,03:47:25,4.666666666666667,10.666554768880209,0
2013-08-23,03:52:25,4.733333333333333,9.399884541829428,0.3333333333333333
2013-08-23,03:57:25,4.666666666666667,9.199905395507812,0.6
2013-08-23,04:02:25,4.533333333333333,9.066569010416666,0.13333333333333333
2013-08-23,04:07:25,4.333333333333333,11.06653849283854,0.13333333333333333
2013-08-23,04:12:25,4.533333333333333,10.266558329264322,0.3333333333333333
2013-08-23,04:17:26,4.4,10.199928283691406,0.13333333333333333
2013-08-23,04:22:26,4.6,9.59991455078125,0.26666666666666666
2013-08-23,04:27:26,4.6,9.599876403808594,0.2
2013-08-23,04:32:26,4.666666666666667,11.266543070475258,0.3333333333333333
2013-08-23,04:37:26,4.333333333333333,10.333188374837238,0
2013-08-23,04:42:26,4.733333333333333,9.533259073893227,0
2013-08-23,04:47:26,4.333333333333333,9.799906412760414,0.06666666666666668
2013-08-23,04:52:26,4.466666666666667,8.599929809570312,0
2013-08-23,04:57:26,4.533333333333333,8.599942525227865,0.06666666666666668
2013-08-23,05:02:26,4.666666666666667,12.39990234375,0.2
2013-08-23,05:07:26,4.733333333333333,10.19989013671875,0.6666666666666666
2013-08-23,05:12:26,4.733333333333333,9.399909973144531,0.13333333333333333
2013-08-23,05:17:26,4.4,9.999923706054688,0.06666666666666668
2013-08-23,05:22:26,4.533333333333333,11.999893188476562,0.26666666666666666
2013-08-23,05:27:26,4.666666666666667,10.599861145019531,0.06666666666666668
2013-08-23,05:32:26,4.466666666666667,9.199867248535156,0
2013-08-23,05:37:26,4.4,10.599861145019531,0.26666666666666666
2013-08-23,05:42:26,4.866666666666667,13.466555277506512,0.3333333333333333
2013-08-23,05:47:26,4.466666666666667,10.666529337565104,0.06666666666666668
2013-08-23,05:52:26,4.466666666666667,10.933214823404946,0.06666666666666668
2013-08-23,05:57:26,4.666666666666667,10.066515604654947,0
2013-08-23,06:02:26,4.666666666666667,10.399856567382812,0.4
2013-08-23,06:07:26,4.4,10.666542053222656,0.4
2013-08-23,06:12:26,4.466666666666667,10.33320109049479,0.2
2013-08-23,06:17:26,4.466666666666667,11.399879455566406,0.06666666666666668
2013-08-23,06:22:26,4.666666666666667,11.133206685384113,0.4
2013-08-23,06:27:26,4.666666666666667,11.599884033203125,0.06666666666666668
2013-08-23,06:32:26,4.533333333333333,10.266583760579428,0
2013-08-23,06:37:26,4.733333333333333,9.599876403808594,0
2013-08-23,06:42:26,4.866666666666667,12.266578674316406,0.26666666666666666
2013-08-23,06:47:26,4.666666666666667,10.666580200195312,0.06666666666666668
2013-08-23,06:52:26,4.466666666666667,9.799919128417969,0.06666666666666668
2013-08-23,06:57:26,4.666666666666667,9.199930826822916,0.3333333333333333
2013-08-23,07:02:26,4.733333333333333,11.533215840657554,0.13333333333333333
2013-08-23,07:07:26,4.666666666666667,11.133206685384113,0.2
2013-08-23,07:12:26,4.733333333333333,9.733225504557291,0.06666666666666668
2013-08-23,07:17:26,4.466666666666667,9.13323720296224,0
2013-08-23,07:22:26,4.666666666666667,10.466562906901041,0.8666666666666667
2013-08-23,07:27:26,4.666666666666667,9.533246358235676,0.06666666666666668
2013-08-23,07:32:26,4.6,9.533246358235676,0
2013-08-23,07:37:26,4.666666666666667,11.133206685384113,0.06666666666666668
2013-08-23,07:42:26,4.733333333333333,12.799873352050781,0
2013-08-23,07:47:26,4.4,10.599861145019531,0
2013-08-23,07:52:27,4.533333333333333,8.99993896484375,0.4666666666666667
2013-08-23,07:57:27,4.666666666666667,9.799880981445312,0.26666666666666666
2013-08-23,08:02:27,4.6,11.999893188476562,0.26666666666666666
2013-08-23,08:07:27,4.733333333333333,9.399871826171875,0.2
2013-08-23,08:12:27,4.6,9.866536458333332,0
2013-08-23,08:17:27,4.666666666666667,10.599899291992188,0.06666666666666668
2013-08-23,08:22:27,4.733333333333333,10.199851989746094,0.6666666666666666
2013-08-23,08:27:27,4.733333333333333,10.199851989746094,0
2013-08-23,08:32:27,4.466666666666667,8.799896240234375,0.3333333333333333
2013-08-23,08:37:27,4.533333333333333,8.933207194010414,0.06666666666666668
2013-08-23,08:42:27,4.866666666666667,10.46655019124349,0.06666666666666668
2013-08-23,08:47:27,4.6,10.733197530110678,0
2013-08-23,08:52:27,4.533333333333333,11.199874877929688,0
2013-08-23,08:57:27,4.6,9.266560872395834,0.06666666666666668
2013-08-23,09:02:27,4.733333333333333,9.199918111165363,0.26666666666666666
2013-08-23,09:07:27,4.666666666666667,9.59991455078125,0.2
2013-08-23,09:12:27,4.666666666666667,8.866589864095053,0
2013-08-23,09:17:27,4.6,10.066553751627602,0.3333333333333333
2013-08-23,09:22:27,4.6,10.266520182291666,0.6666666666666666
2013-08-23,09:27:27,4.6,9.999872843424479,0.13333333333333333
2013-08-23,09:32:27,4.533333333333333,9.799893697102863,0.6
2013-08-23,09:37:27,4.466666666666667,8.799896240234375,0
2013-08-23,09:42:27,4.866666666666667,13.133252461751303,0.3333333333333333
2013-08-23,09:47:27,4.6,12.39990234375,0
2013-08-23,09:52:27,6.6,33.46655527750651,0
2013-08-23,09:57:27,4.6,25.59989929199219,0.3333333333333333
2013-08-23,10:02:27,4.6,16.666603088378906,0.2
2013-08-23,10:07:27,4.533333333333333,13.533261617024738,0.13333333333333333
2013-08-23,10:12:27,4.6,13.133252461751303,0.4
2013-08-23,10:17:27,4.333333333333333,9.333216349283854,0
2013-08-23,10:22:27,4.466666666666667,10.866597493489586,0.26666666666666666
2013-08-23,10:27:28,4.666666666666667,10.733197530110678,0.13333333333333333
2013-08-23,10:32:28,4.533333333333333,10.666580200195312,0.06666666666666668
2013-08-23,10:37:28,4.333333333333333,10.199915568033854,0.2
2013-08-23,10:42:28,4.6,11.733220418294273,0
2013-08-23,10:47:28,4.2,10.999870300292969,0.26666666666666666
2013-08-23,10:52:27,4.333333333333333,10.86653391520182,0
2013-08-23,10:57:27,4.4,9.266522725423178,0.06666666666666668
2013-08-23,11:02:27,4.466666666666667,11.266543070475258,0.3333333333333333
2013-08-23,11:07:27,4.333333333333333,10.999870300292969,0.5333333333333333
2013-08-23,11:12:27,4.466666666666667,8.933219909667969,0.13333333333333333
2013-08-23,11:17:27,4.333333333333333,10.199851989746094,0
2013-08-23,11:22:27,4.533333333333333,10.666529337565104,0.8
2013-08-23,11:27:27,4.866666666666667,11.799888610839844,0.06666666666666668
2013-08-23,11:32:28,4.733333333333333,9.399871826171875,0
2013-08-23,11:37:28,4.6,9.199879964192709,0.13333333333333333
2013-08-23,11:42:28,4.8,13.266512552897133,0.8666666666666667
2013-08-23,11:47:28,4.533333333333333,9.266573588053385,0.06666666666666668
2013-08-23,11:52:28,4.6,11.333211263020832,0
2013-08-23,11:57:28,4.533333333333333,10.399920145670572,0
2013-08-23,12:02:28,4.666666666666667,9.66658274332682,0.2
2013-08-23,12:07:28,4.6,10.266545613606771,0.13333333333333333
2013-08-23,12:12:28,4.666666666666667,9.59991455078125,0.06666666666666668
2013-08-23,12:17:28,4.6,9.199867248535156,0.2
2013-08-23,12:22:28,4.6,11.333211263020832,0.26666666666666666
2013-08-23,12:27:28,5.466666666666666,17.199885050455727,0.4666666666666667
2013-08-23,12:32:28,4.266666666666667,16.266581217447914,0.13333333333333333
2013-08-23,12:37:28,4.2,10.13318379720052,0
2013-08-23,12:42:28,4.4,11.199874877929688,0.13333333333333333
2013-08-23,12:47:28,4.2,13.133252461751303,0.4
2013-08-23,12:52:28,4.2,9.399871826171875,0.06666666666666668
2013-08-23,12:57:28,4.2,9.666519165039062,0.06666666666666668
2013-08-23,13:02:28,4.333333333333333,8.533287048339844,0.8
2013-08-23,13:07:28,4.2,10.933202107747398,0.2
2013-08-23,13:12:28,4.2,10.999870300292969,0
2013-08-23,13:17:28,4.2,9.266573588053385,0.13333333333333333
2013-08-23,13:22:28,4.266666666666667,8.933232625325521,0.26666666666666666
2013-08-23,13:27:28,4.333333333333333,9.933217366536457,0.26666666666666666
2013-08-23,13:32:28,4.2,9.199867248535156,0.06666666666666668
2013-08-23,13:37:28,4.2,8.666559855143227,0.26666666666666666
2013-08-23,13:42:28,4.4,12.93323516845703,0
2013-08-23,13:47:28,4.2,11.599845886230469,0
2013-08-23,13:52:28,4.2,10.066515604654947,0.06666666666666668
2013-08-23,13:57:28,4.2,11.199874877929688,0.06666666666666668
2013-08-23,14:02:28,4.4,8.599955240885416,0.26666666666666666
2013-08-23,14:07:28,4.2,10.999908447265625,0.2
2013-08-23,14:12:28,4.2,8.199920654296875,0.8
2013-08-23,14:17:28,4.2,10.466562906901041,0
2013-08-23,14:22:28,4.4,9.266573588053385,0.26666666666666666
2013-08-23,14:27:29,4.333333333333333,11.199874877929688,0
2013-08-23,14:32:29,4.333333333333333,9.399909973144531,0.6
2013-08-23,14:37:29,4.266666666666667,7.599945068359375,0
2013-08-23,14:42:29,4.4,10.799903869628906,0.13333333333333333
2013-08-23,14:47:29,4.2,9.999885559082031,0.26666666666666666
2013-08-23,14:52:29,4.2,9.666531880696615,0.06666666666666668
2013-08-23,14:57:29,4.2,11.199913024902344,0.06666666666666668
2013-08-23,15:02:29,4.333333333333333,8.866551717122396,0.4666666666666667
2013-08-23,15:07:29,4.2,9.533208211263021,0.4666666666666667
2013-08-23,15:12:29,4.2,10.266520182291666,0.4666666666666667
2013-08-23,15:17:29,4.2,9.599876403808594,0
2013-08-23,15:22:29,4.2,8.599878946940104,0.26666666666666666
2013-08-23,15:27:29,4.333333333333333,11.666552225748696,0
2013-08-23,15:32:29,4.2,8.133277893066406,0.13333333333333333
2013-08-23,15:37:29,4.266666666666667,8.399899800618488,0.13333333333333333
2013-08-23,15:42:29,4.533333333333333,15.399894714355469,0.06666666666666668
2013-08-23,15:47:29,4.2,11.599884033203125,0
2013-08-23,15:52:29,4.2,11.133206685384113,0.06666666666666668
2013-08-23,15:57:29,4.2,10.333188374837238,0
2013-08-23,16:02:29,4.4,8.06664784749349,0.4666666666666667
2013-08-23,16:07:29,4.2,10.53320566813151,0.5333333333333333
2013-08-23,16:12:29,4.333333333333333,9.333229064941406,0
2013-08-23,16:17:29,4.333333333333333,12.46657053629557,0
2013-08-23,16:22:29,4.333333333333333,9.466552734375,0.26666666666666666
2013-08-23,16:27:29,4.4,9.933255513509115,0.4666666666666667
2013-08-23,16:32:29,4.4,8.999913533528646,0.06666666666666668
2013-08-23,16:37:29,4.2,9.266548156738281,0
2013-08-23,16:42:29,4.6,10.533218383789062,0.26666666666666666
2013-08-23,16:47:29,4.266666666666667,10.13318379720052,0.26666666666666666
2013-08-23,16:52:29,4.2,9.133211771647135,0.4
2013-08-23,16:57:29,4.2,10.999870300292969,0
2013-08-23,17:02:29,4.333333333333333,11.866556803385414,0.2
2013-08-23,17:07:29,4.333333333333333,12.9998779296875,0.3333333333333333
2013-08-23,17:12:29,4.2,9.999847412109375,0.06666666666666668
2013-08-23,17:17:29,4.266666666666667,11.06653849283854,0
2013-08-23,17:22:29,4.333333333333333,9.466578165690104,0.26666666666666666
2013-08-23,17:27:29,5.0,11.13325754801432,0.13333333333333333
2013-08-23,17:32:29,4.8,9.466578165690104,0
2013-08-23,17:37:29,4.333333333333333,9.799919128417969,0.06666666666666668
2013-08-23,17:42:29,4.8,11.733245849609375,0.2
2013-08-23,17:47:29,4.6,10.733197530110678,0
2013-08-23,17:52:29,4.4,13.133252461751303,0.26666666666666666
2013-08-23,17:57:29,4.333333333333333,11.399879455566406,0.4666666666666667
2013-08-23,18:02:29,4.533333333333333,8.999900817871094,0.6
2013-08-23,18:07:29,9.8,29.1332753499349,0.8666666666666667
2013-08-23,18:12:29,7.866666666666666,26.799888610839844,0.6
2013-08-23,18:17:29,6.8,21.99993133544922,0.4
2013-08-23,18:22:29,9.6,22.59990692138672,1.5333333333333334
2013-08-23,18:27:29,5.933333333333334,25.59989929199219,1.1333333333333333
2013-08-23,18:32:30,6.2666666666666675,20.19989013671875,0
2013-08-23,18:37:30,5.133333333333334,17.26660410563151,0
2013-08-23,18:42:30,5.466666666666666,13.533223470052084,0.06666666666666668
2013-08-23,18:47:30,5.6,15.799903869628906,0.2
2013-08-23,18:52:30,5.2,10.933202107747398,0.06666666666666668
2013-08-23,18:57:30,5.066666666666666,9.86657460530599,0.06666666666666668
2013-08-23,19:02:30,5.2,10.266545613606771,0.26666666666666666
2013-08-23,19:07:30,5.0,10.53320566813151,0.13333333333333333
2013-08-23,19:12:30,5.133333333333334,8.866589864095053,0
2013-08-23,19:17:30,5.066666666666666,9.266548156738281,0.06666666666666668
2013-08-23,19:22:30,5.2,10.066579182942709,0.26666666666666666
2013-08-23,19:27:30,5.2,11.999893188476562,0.06666666666666668
2013-08-23,19:32:30,5.133333333333334,10.199915568033854,0
2013-08-23,19:37:30,5.133333333333334,10.99988301595052,0.13333333333333333
2013-08-23,19:42:30,5.333333333333334,12.533238728841145,0.13333333333333333
2013-08-23,19:47:30,5.133333333333334,12.799911499023436,0.3333333333333333
2013-08-23,19:52:30,5.066666666666666,10.399856567382812,0.6
2013-08-23,19:57:30,4.933333333333334,14.333203633626301,0.3333333333333333
2013-08-23,20:02:30,4.8,11.666552225748696,0.4666666666666667
2013-08-23,20:07:30,4.733333333333333,11.999893188476562,0.4
2013-08-23,20:12:30,4.666666666666667,9.199854532877602,0.06666666666666668
2013-08-23,20:17:30,4.6,10.466562906901041,0
2013-08-23,20:22:30,5.0,8.999951680501301,0.26666666666666666
2013-08-23,20:27:30,4.866666666666667,8.733253479003906,0.06666666666666668
2013-08-23,20:32:30,4.733333333333333,10.533256530761719,0
2013-08-23,20:37:30,4.933333333333334,9.199867248535156,0.2
2013-08-23,20:42:30,5.0,12.39990234375,0.2
2013-08-23,20:47:30,4.8,8.599891662597656,0
2013-08-23,20:52:30,4.733333333333333,9.599952697753906,0.06666666666666668
2013-08-23,20:57:30,4.733333333333333,9.533208211263021,0.06666666666666668
2013-08-23,21:02:30,4.8,10.599899291992188,0.26666666666666666
2013-08-23,21:07:30,5.133333333333334,9.999885559082031,0.2
2013-08-23,21:12:31,5.2,11.466560363769531,0.06666666666666668
2013-08-23,21:17:31,4.866666666666667,9.999847412109375,0
2013-08-23,21:22:31,5.066666666666666,10.599861145019531,0.2
2013-08-23,21:27:31,4.933333333333334,11.666552225748696,0.13333333333333333
2013-08-23,21:32:31,5.133333333333334,8.666585286458334,0
2013-08-23,21:37:31,5.066666666666666,9.266535441080729,0.7333333333333333
2013-08-23,21:42:31,5.4,12.133229573567707,0.8666666666666667
2013-08-23,21:47:31,5.0,10.733197530110678,0.5333333333333333
2013-08-23,21:52:31,5.2,11.399879455566406,0
2013-08-23,21:57:31,4.933333333333334,11.599884033203125,0.06666666666666668
2013-08-23,22:02:31,5.066666666666666,10.399856567382812,0.2
2013-08-23,22:07:31,4.933333333333334,10.199877421061196,0.26666666666666666
2013-08-23,22:12:31,5.066666666666666,8.133252461751301,0.13333333333333333
2013-08-23,22:17:31,4.933333333333334,9.999860127766926,0
2013-08-23,22:22:31,5.0,10.266558329264322,0.2
2013-08-23,22:27:31,5.0,10.0665283203125,0.26666666666666666
2013-08-23,22:32:31,4.933333333333334,10.266583760579428,0
2013-08-23,22:37:31,5.066666666666666,8.199958801269531,0.2
2013-08-23,22:42:31,5.2,10.599861145019531,0
2013-08-23,22:47:31,4.933333333333334,10.399869283040365,0.06666666666666668
2013-08-23,22:52:31,4.866666666666667,9.133262634277344,0
2013-08-23,22:57:31,4.8,9.59991455078125,0.06666666666666668
2013-08-23,23:02:31,4.933333333333334,11.733220418294273,0.2
2013-08-23,23:07:31,4.866666666666667,11.333223978678383,0.13333333333333333
2013-08-23,23:12:31,4.933333333333334,8.666572570800781,0.3333333333333333
2013-08-23,23:17:31,4.8,9.59991455078125,0.4
2013-08-23,23:22:31,5.133333333333334,9.999923706054688,0.3333333333333333
2013-08-23,23:27:31,5.133333333333334,7.599945068359375,0.26666666666666666
2013-08-23,23:32:31,5.0,9.599927266438803,0.5333333333333333
2013-08-23,23:37:31,5.0,10.599937438964844,0.4
2013-08-23,23:42:31,5.2,10.66656748453776,0
2013-08-23,23:47:32,5.0,9.199867248535156,0
2013-08-23,23:52:32,4.933333333333334,8.799934387207031,0
2013-08-23,23:57:32,5.0,9.199943542480469,0.13333333333333333
2013-08-24,00:02:32,5.133333333333334,11.866556803385414,0.2
2013-08-24,00:07:32,4.933333333333334,8.46655527750651,0.13333333333333333
2013-08-24,00:12:32,5.066666666666666,7.93328603108724,0.06666666666666668
2013-08-24,00:17:32,5.066666666666666,9.266548156738281,0.13333333333333333
2013-08-24,00:22:32,5.133333333333334,11.066563924153645,0.4666666666666667
2013-08-24,00:27:31,5.0,12.39990234375,0.13333333333333333
2013-08-24,00:32:31,4.933333333333334,9.999872843424479,0
2013-08-24,00:37:31,4.866666666666667,8.99987538655599,0
2013-08-24,00:42:31,5.066666666666666,12.333234151204426,0
2013-08-24,00:47:31,4.933333333333334,10.199877421061196,0.4
2013-08-24,00:52:31,5.133333333333334,9.33325449625651,0.3333333333333333
2013-08-24,00:57:31,6.533333333333334,24.399935404459633,0.06666666666666668
2013-08-24,01:02:32,5.2,15.999921162923181,0.2
2013-08-24,01:07:32,5.0,12.333234151204426,0.4
2013-08-24,01:12:32,5.066666666666666,8.933245340983072,0
2013-08-24,01:17:32,4.866666666666667,7.866554260253906,0.5333333333333333
2013-08-24,01:22:32,4.933333333333334,10.133196512858072,0.5333333333333333
2013-08-24,01:27:32,4.866666666666667,11.066602071126304,0.06666666666666668
2013-08-24,01:32:32,6.0,11.06653849283854,0.13333333333333333
2013-08-24,01:37:32,7.0,30.26654561360677,0
2013-08-24,01:42:32,5.333333333333334,32.266527811686196,0.13333333333333333
2013-08-24,01:47:32,5.0,16.999905904134113,0
2013-08-24,01:52:32,5.066666666666666,11.599884033203125,0
2013-08-24,01:57:32,4.8,11.866556803385414,0.06666666666666668
2013-08-24,02:02:32,5.0,11.399879455566406,0.2
2013-08-24,02:07:32,4.866666666666667,9.999885559082031,0.26666666666666666
2013-08-24,02:12:32,4.933333333333334,9.399871826171875,0.06666666666666668
2013-08-24,02:17:32,4.8,8.466542561848957,0.06666666666666668
2013-08-24,02:22:32,5.133333333333334,9.399871826171875,0.6
2013-08-24,02:27:32,5.2,9.599876403808594,0.13333333333333333
2013-08-24,02:32:32,5.2,8.599891662597656,0.06666666666666668
2013-08-24,02:37:32,5.133333333333334,7.999954223632813,0
2013-08-24,02:42:32,5.333333333333334,8.666547139485676,0.06666666666666668
2013-08-24,02:47:32,5.066666666666666,9.599876403808594,0.4
2013-08-24,02:52:32,5.066666666666666,12.066561381022133,0.26666666666666666
2013-08-24,02:57:32,4.933333333333334,9.933217366536457,0
2013-08-24,03:02:32,5.0,9.866549173990885,1.0
2013-08-24,03:07:32,4.933333333333334,8.666610717773438,0.13333333333333333
2013-08-24,03:12:32,5.066666666666666,10.333264668782551,0.06666666666666668
2013-08-24,03:17:32,5.066666666666666,10.133247375488281,0.13333333333333333
2013-08-24,03:22:32,5.066666666666666,10.66656748453776,0.2
2013-08-24,03:27:32,5.0,10.599861145019531,0
2013-08-24,03:32:32,4.933333333333334,8.799908955891928,0
2013-08-24,03:37:32,4.933333333333334,10.066566467285156,0
2013-08-24,03:42:33,5.2,12.333259582519531,0.06666666666666668
2013-08-24,03:47:33,5.066666666666666,13.999900817871094,0.13333333333333333
2013-08-24,03:52:33,5.0,11.73323313395182,0
2013-08-24,03:57:33,5.066666666666666,11.399904886881508,0.06666666666666668
2013-08-24,04:02:33,5.2,11.06653849283854,0.26666666666666666
2013-08-24,04:07:33,5.066666666666666,8.066635131835938,0.13333333333333333
2013-08-24,04:12:33,5.0,9.133249918619791,0.4
2013-08-24,04:17:33,4.8,11.199887593587238,0.06666666666666668
2013-08-24,04:22:33,5.066666666666666,11.333211263020832,0.6
2013-08-24,04:27:33,4.866666666666667,9.933230082194008,0.06666666666666668
2013-08-24,04:32:33,4.933333333333334,10.133247375488281,0.06666666666666668
2013-08-24,04:37:33,5.0,11.06653849283854,0.6666666666666666
2013-08-24,04:42:33,5.266666666666667,12.9998779296875,0.5333333333333333
2013-08-24,04:47:33,4.8,12.599906921386719,0
2013-08-24,04:52:33,4.933333333333334,9.199905395507812,0.06666666666666668
2013-08-24,04:57:33,5.0,11.399879455566406,0.4
2013-08-24,05:02:33,5.133333333333334,11.999893188476562,0.2
2013-08-24,05:07:33,5.066666666666666,9.999885559082031,0.2
2013-08-24,05:12:33,4.933333333333334,8.999900817871094,0
2013-08-24,05:17:33,4.733333333333333,9.399909973144531,0
2013-08-24,05:22:33,5.133333333333334,9.599876403808594,0.4
2013-08-24,05:27:33,5.133333333333334,8.733266194661459,0.06666666666666668
2013-08-24,05:32:33,5.2,9.599838256835938,0
2013-08-24,05:37:33,5.133333333333334,8.799921671549479,0.06666666666666668
2013-08-24,05:42:33,5.333333333333334,12.066574096679688,0
2013-08-24,05:47:33,5.0,9.466527303059896,0.3333333333333333
2013-08-24,05:52:33,5.066666666666666,10.66656748453776,0.06666666666666668
2013-08-24,05:57:33,5.066666666666666,9.466527303059896,0
2013-08-24,06:02:33,5.133333333333334,11.533215840657554,0.2
2013-08-24,06:07:33,5.0,9.933242797851562,0.26666666666666666
2013-08-24,06:12:33,5.066666666666666,10.599861145019531,0.7333333333333333
2013-08-24,06:17:33,5.133333333333334,11.866556803385414,0.26666666666666666
2013-08-24,06:22:33,5.133333333333334,9.733212788899738,0.26666666666666666
2013-08-24,06:27:33,5.066666666666666,11.06653849283854,0.26666666666666666
2013-08-24,06:32:34,5.0,10.599873860677084,0
2013-08-24,06:37:34,4.866666666666667,9.66657002766927,0
2013-08-24,06:42:34,5.2,13.666598002115881,0.3333333333333333
2013-08-24,06:47:34,4.866666666666667,14.333279927571619,0.06666666666666668
2013-08-24,06:52:34,5.0,9.866549173990885,0.06666666666666668
2013-08-24,06:57:34,5.0,8.866564432779947,0.13333333333333333
2013-08-24,07:02:34,5.133333333333334,10.466524759928383,0.26666666666666666
2013-08-24,07:07:34,5.0,9.533220926920572,0.13333333333333333
2013-08-24,07:12:34,5.0,8.533248901367188,0
2013-08-24,07:17:34,4.933333333333334,9.466552734375,0
2013-08-24,07:22:34,5.0,11.13325754801432,0.4
2013-08-24,07:27:34,5.0,11.199874877929688,0
2013-08-24,07:32:34,4.933333333333334,9.999885559082031,0.06666666666666668
2013-08-24,07:37:34,4.933333333333334,7.933247884114582,0.6
2013-08-24,07:42:34,5.333333333333334,13.799896240234375,0.06666666666666668
2013-08-24,07:47:34,5.066666666666666,11.599884033203125,1.1333333333333333
2013-08-24,07:52:34,5.0,8.799896240234375,0
2013-08-24,07:57:34,5.0,8.799896240234375,0.2
2013-08-24,08:02:34,5.066666666666666,9.999885559082031,0.2
2013-08-24,08:07:34,4.933333333333334,13.399925231933594,0.13333333333333333
2013-08-24,08:12:34,5.0,9.799842834472656,0
2013-08-24,08:17:34,4.8,8.466580708821615,0
2013-08-24,08:22:34,5.0,9.266548156738281,0.5333333333333333
2013-08-24,08:27:34,4.8,11.266543070475258,0
2013-08-24,08:32:34,5.066666666666666,9.533233642578125,0.2
2013-08-24,08:37:35,4.933333333333334,9.66658274332682,0.3333333333333333
2013-08-24,08:42:35,5.266666666666667,11.466547648111977,0
2013-08-24,08:47:35,5.066666666666666,11.533215840657554,0.13333333333333333
2013-08-24,08:52:35,5.066666666666666,11.866556803385414,0
2013-08-24,08:57:35,5.0,9.466527303059896,0
2013-08-24,09:02:35,5.133333333333334,8.599904378255209,0.2
2013-08-24,09:07:35,4.866666666666667,8.79987080891927,0.2
2013-08-24,09:12:35,5.066666666666666,7.666575113932293,0.4
2013-08-24,09:17:35,5.0,10.733235677083332,0
2013-08-24,09:22:35,5.066666666666666,9.933217366536457,0.26666666666666666
2013-08-24,09:27:35,5.0,11.266543070475258,0.3333333333333333
2013-08-24,09:32:35,5.133333333333334,11.333211263020832,0.06666666666666668
2013-08-24,09:37:35,5.0,8.333269755045574,0.26666666666666666
2013-08-24,09:42:34,5.333333333333334,10.933214823404946,0.4
2013-08-24,09:47:34,5.066666666666666,9.733225504557291,0
2013-08-24,09:52:34,5.0,9.866561889648438,0.13333333333333333
2013-08-24,09:57:34,4.933333333333334,10.666554768880209,0
2013-08-24,10:02:35,4.866666666666667,9.133288065592446,0.26666666666666666
2013-08-24,10:07:35,5.066666666666666,9.066569010416666,0.2
2013-08-24,10:12:35,5.133333333333334,10.133209228515625,0.26666666666666666
2013-08-24,10:17:35,4.8,11.199874877929688,0
2013-08-24,10:22:35,5.133333333333334,8.46655527750651,0.8
2013-08-24,10:27:35,4.866666666666667,9.59991455078125,0
2013-08-24,10:32:35,4.933333333333334,11.399879455566406,0
2013-08-24,10:37:35,5.133333333333334,9.59991455078125,0
2013-08-24,10:42:35,5.2,11.199874877929688,0.06666666666666668
2013-08-24,10:47:35,5.0,10.19989013671875,0.06666666666666668
2013-08-24,10:52:35,5.0,9.999885559082031,0.3333333333333333
2013-08-24,10:57:35,5.066666666666666,10.199877421061196,0
2013-08-24,11:02:35,5.066666666666666,10.933202107747398,0.26666666666666666
2013-08-24,11:07:35,4.866666666666667,8.399912516276041,0.4
2013-08-24,11:12:35,4.933333333333334,9.266586303710938,0
2013-08-24,11:17:35,4.933333333333334,12.39990234375,0.3333333333333333
2013-08-24,11:22:35,5.066666666666666,8.866589864095053,0.26666666666666666
2013-08-24,11:27:35,5.066666666666666,10.999870300292969,0
2013-08-24,11:32:35,5.0,8.533210754394531,0.3333333333333333
2013-08-24,11:37:35,4.8,12.599906921386719,0
2013-08-24,11:42:35,5.2,12.39990234375,0
2013-08-24,11:47:35,4.866666666666667,11.666552225748696,0
2013-08-24,11:52:35,5.0,11.266543070475258,0.06666666666666668
2013-08-24,11:57:35,5.066666666666666,11.799888610839844,0.2
2013-08-24,12:02:35,5.133333333333334,9.866523742675781,1.2666666666666666
2013-08-24,12:07:35,4.8,7.13330586751302,0.2
2013-08-24,12:12:35,4.933333333333334,10.199864705403645,0
2013-08-24,12:17:35,4.866666666666667,9.733250935872396,0.06666666666666668
2013-08-24,12:22:35,5.133333333333334,11.999893188476562,0.4666666666666667
2013-08-24,12:27:35,5.133333333333334,10.199864705403645,0.06666666666666668
2013-08-24,12:32:35,5.0,10.733235677083332,0
2013-08-24,12:37:35,4.8,9.933204650878906,0.13333333333333333
2013-08-24,12:42:35,5.2,13.73326619466146,0
2013-08-24,12:47:35,5.0,10.933202107747398,0
2013-08-24,12:52:35,4.933333333333334,9.733187357584635,0.06666666666666668
2013-08-24,12:57:35,4.933333333333334,9.399909973144531,0
2013-08-24,13:02:35,4.866666666666667,9.399871826171875,0.3333333333333333
2013-08-24,13:07:35,4.866666666666667,9.799880981445312,0.9333333333333332
2013-08-24,13:12:36,5.0,8.799934387207031,0.06666666666666668
2013-08-24,13:17:36,4.933333333333334,9.599838256835938,0
2013-08-24,13:22:36,5.133333333333334,8.599929809570312,0.26666666666666666
2013-08-24,13:27:36,5.0,9.59991455078125,0
2013-08-24,13:32:36,5.133333333333334,10.599861145019531,0.06666666666666668
2013-08-24,13:37:36,4.933333333333334,8.999862670898438,0.06666666666666668
2013-08-24,13:42:36,5.2,11.799914042154946,0.4
2013-08-24,13:47:36,4.866666666666667,9.599876403808594,0
2013-08-24,13:52:36,4.866666666666667,8.799896240234375,0.26666666666666666
2013-08-24,13:57:36,5.0,9.666557312011719,0.06666666666666668
2013-08-24,14:02:36,5.066666666666666,8.999900817871094,0.5333333333333333
2013-08-24,14:07:36,5.133333333333334,9.133224487304688,0.13333333333333333
2013-08-24,14:12:36,5.133333333333334,11.933224995930992,0.13333333333333333
2013-08-24,14:17:36,4.8,8.466618855794271,0
2013-08-24,14:22:36,4.933333333333334,8.866564432779947,0.4
2013-08-24,14:27:36,4.933333333333334,9.866523742675781,0
2013-08-24,14:32:36,5.0,10.399856567382812,0.06666666666666668
2013-08-24,14:37:36,4.933333333333334,11.933224995930992,0.06666666666666668
2013-08-24,14:42:36,5.266666666666667,12.799911499023436,0.5333333333333333
2013-08-24,14:47:36,5.066666666666666,9.66650644938151,0
2013-08-24,14:52:36,4.733333333333333,10.066553751627602,0.5333333333333333
2013-08-24,14:57:36,4.933333333333334,9.733212788899738,0.26666666666666666
2013-08-24,15:02:36,5.0,10.466537475585938,0.2
2013-08-24,15:07:36,4.866666666666667,8.066635131835938,0.13333333333333333
2013-08-24,15:12:36,5.0,12.26654052734375,0.13333333333333333
2013-08-24,15:17:36,5.0,7.999916076660156,0.4666666666666667
2013-08-24,15:22:36,5.066666666666666,9.933230082194008,0.2
2013-08-24,15:27:36,4.8,11.59989674886068,0
2013-08-24,15:32:36,4.8,9.199879964192709,0
2013-08-24,15:37:36,4.533333333333333,9.333203633626303,0.4
2013-08-24,15:42:36,4.933333333333334,16.133244832356773,0
2013-08-24,15:47:36,4.533333333333333,11.599884033203125,0.26666666666666666
2013-08-24,15:52:37,4.666666666666667,9.799842834472656,0
2013-08-24,15:57:37,4.733333333333333,9.733250935872396,0.06666666666666668
2013-08-24,16:02:37,4.933333333333334,10.999908447265625,0.2
2013-08-24,16:07:37,4.666666666666667,12.199897766113281,0.2
2013-08-24,16:12:37,4.666666666666667,10.86653391520182,0.26666666666666666
2013-08-24,16:17:37,4.4,11.999893188476562,0.13333333333333333
2013-08-24,16:22:37,4.466666666666667,10.599861145019531,0.3333333333333333
2013-08-24,16:27:37,4.733333333333333,11.599884033203125,0.13333333333333333
2013-08-24,16:32:37,4.6,10.333264668782551,0
2013-08-24,16:37:37,4.6,10.333264668782551,0
2013-08-24,16:42:37,5.4,11.666552225748696,0.07142857142857142
2013-08-24,16:47:37,5.133333333333334,9.999885559082031,0.4666666666666667
2013-08-24,16:52:37,5.0,8.999900817871094,0.26666666666666666
2013-08-24,16:57:37,4.8,11.199874877929688,0.13333333333333333
2013-08-24,17:02:37,5.133333333333334,10.799903869628906,0.2
2013-08-24,17:07:37,5.066666666666666,10.999870300292969,0.2
2013-08-24,17:12:37,5.133333333333334,9.599876403808594,0.4
2013-08-24,17:17:37,4.933333333333334,10.133272806803385,0
2013-08-24,17:22:37,4.933333333333334,10.066553751627602,0.26666666666666666
2013-08-24,17:27:37,7.066666666666666,23.19990793863932,0.4
2013-08-24,17:32:37,5.0,31.466534932454433,0.06666666666666668
2013-08-24,17:37:37,5.066666666666666,14.999910990397133,0.4
2013-08-24,17:42:37,5.066666666666666,14.399909973144531,0.13333333333333333
2013-08-24,17:47:37,5.066666666666666,14.399909973144531,0.13333333333333333
2013-08-24,17:52:37,4.933333333333334,9.399833679199219,0.07142857142857142
2013-08-24,17:57:37,4.466666666666667,9.599952697753906,0
2013-08-24,18:02:37,4.733333333333333,10.399856567382812,0.4
2013-08-24,18:07:37,4.6,7.79998779296875,0.4666666666666667
2013-08-24,18:12:37,4.866666666666667,6.799964904785156,0
2013-08-24,18:17:37,4.666666666666667,7.266604105631512,0
2013-08-24,18:22:37,4.6,8.599891662597656,0.26666666666666666
2013-08-24,18:27:37,4.866666666666667,11.266543070475258,0
2013-08-24,18:32:37,4.666666666666667,10.666529337565104,0.26666666666666666
2013-08-24,18:37:38,4.666666666666667,9.466565450032551,0
2013-08-24,18:42:37,4.933333333333334,12.733230590820312,0.4666666666666667
2013-08-24,18:47:37,4.6,9.733238220214844,0.26666666666666666
2013-08-24,18:52:37,4.533333333333333,10.199864705403645,0.06666666666666668
2013-08-24,18:57:37,4.733333333333333,9.333241780598957,0
2013-08-24,19:02:37,4.733333333333333,9.06659444173177,0.2
2013-08-24,19:07:37,4.666666666666667,9.266510009765625,0.2
2013-08-24,19:12:37,4.733333333333333,8.933219909667969,0
2013-08-24,19:17:37,4.733333333333333,9.333216349283854,0.3333333333333333
2013-08-24,19:22:37,4.866666666666667,10.19989013671875,0.3333333333333333
2013-08-24,19:27:37,4.866666666666667,10.19989013671875,0.3333333333333333
2013-08-24,19:32:37,4.6,11.399879455566406,0.5
2013-08-24,19:37:37,4.2,10.399894714355469,0
2013-08-24,19:42:37,4.466666666666667,13.399887084960938,0.13333333333333333
2013-08-24,19:47:37,4.2,11.199874877929688,0
2013-08-24,19:52:37,4.2,10.399856567382812,0.3333333333333333
2013-08-24,19:57:37,4.2,10.399856567382812,0.3333333333333333
2013-08-24,20:02:37,4.733333333333333,8.999824523925781,0.21428571428571427
2013-08-24,20:07:37,4.2,10.466537475585938,0.13333333333333333
2013-08-24,20:12:37,4.266666666666667,10.999908447265625,0.3333333333333333
2013-08-24,20:17:37,4.266666666666667,8.99993896484375,0
2013-08-24,20:22:37,4.4,9.533259073893227,0.6666666666666666
2013-08-24,20:27:37,4.2,10.399869283040365,0
2013-08-24,20:32:38,4.6,8.733189900716145,0.2857142857142857
2013-08-24,20:37:38,4.133333333333333,9.399871826171875,0.06666666666666668
2013-08-24,20:42:38,4.4,9.599876403808594,0
2013-08-24,20:47:38,4.133333333333333,8.46655527750651,0
2013-08-24,20:52:38,4.2,10.999870300292969,0.26666666666666666
2013-08-24,20:57:38,4.2,8.399925231933594,0.13333333333333333
2013-08-24,21:02:38,4.2,8.799934387207031,0.2
2013-08-24,21:07:38,4.2,8.39996337890625,0.2
2013-08-24,21:12:38,4.2,8.066622416178387,0.06666666666666668
2013-08-24,21:17:38,4.066666666666666,9.999860127766926,0
2013-08-24,21:22:38,4.066666666666666,9.999860127766926,0
2013-08-24,21:27:38,4.666666666666667,9.599876403808594,0.07142857142857142
2013-08-24,21:32:38,4.2,9.799880981445312,0.8
2013-08-24,21:37:38,4.266666666666667,9.066556294759115,0.13333333333333333
2013-08-24,21:42:38,4.533333333333333,12.999916076660156,0.06666666666666668
2013-08-24,21:47:38,4.6428571428571415,13.142776489257812,0
2013-08-24,21:52:38,4.2,10.599899291992188,0
2013-08-24,21:57:38,4.4,11.733220418294273,0.26666666666666666
2013-08-24,22:02:38,4.466666666666667,9.399884541829428,0.2
2013-08-24,22:07:38,4.266666666666667,9.266560872395834,0.2
2013-08-24,22:12:38,4.266666666666667,9.399909973144531,0.4666666666666667
2013-08-24,22:17:38,4.333333333333333,10.933202107747398,0
2013-08-24,22:22:38,4.466666666666667,9.866549173990885,0.5333333333333333
2013-08-24,22:27:38,4.2,11.06653849283854,0.06666666666666668
2013-08-24,22:32:38,4.2,12.666536966959633,0
2013-08-24,22:37:38,4.2,9.066543579101562,0
2013-08-24,22:42:38,4.466666666666667,11.73323313395182,0.5333333333333333
2013-08-24,22:47:38,4.2,9.999860127766926,0.13333333333333333
2013-08-24,22:52:38,4.333333333333333,9.733212788899738,0.06666666666666668
2013-08-24,22:57:39,4.2,8.999888102213541,0.06666666666666668
2013-08-24,23:02:39,4.333333333333333,9.066581726074219,0.2
2013-08-24,23:07:39,4.2,8.733228047688803,0.2
2013-08-24,23:12:39,4.266666666666667,7.1999359130859375,0.06666666666666668
2013-08-24,23:17:39,4.2,9.599876403808594,0
2013-08-24,23:22:39,4.266666666666667,9.59991455078125,0.6
2013-08-24,23:27:39,4.333333333333333,9.866549173990885,0.3333333333333333
2013-08-24,23:32:39,4.2,10.999908447265625,0.06666666666666668
2013-08-24,23:37:39,4.2,7.999916076660156,0
2013-08-24,23:42:39,4.466666666666667,12.533226013183594,0.26666666666666666
2013-08-24,23:47:39,4.2,9.599838256835938,0
2013-08-24,23:52:39,4.2,10.399856567382812,0
2013-08-24,23:57:39,4.266666666666667,7.933273315429687,0.06666666666666668
2013-08-25,00:02:39,4.466666666666667,9.999872843424479,1.1333333333333333
2013-08-25,00:07:39,4.2,10.199851989746094,0.06666666666666668
2013-08-25,00:12:39,4.2,9.866549173990885,0
2013-08-25,00:17:39,4.2,9.66657002766927,0.6
2013-08-25,00:22:39,4.4,12.133242289225258,0.3333333333333333
2013-08-25,00:27:39,4.266666666666667,11.799888610839844,0.06666666666666668
2013-08-25,00:32:39,4.2,10.733197530110678,0.06666666666666668
2013-08-25,00:37:39,4.2,9.7332763671875,0.06666666666666668
2013-08-25,00:42:39,4.466666666666667,11.999893188476562,0.06666666666666668
2013-08-25,00:47:39,4.2,10.999870300292969,0.06666666666666668
2013-08-25,00:52:39,4.2,10.733248392740885,0
2013-08-25,00:57:39,5.7333333333333325,23.133252461751304,0.3333333333333333
2013-08-25,01:02:39,4.266666666666667,18.86658986409505,0.2
2013-08-25,01:07:39,4.333333333333333,14.26661173502604,0.13333333333333333
2013-08-25,01:12:39,4.2,13.666598002115881,0.26666666666666666
2013-08-25,01:17:39,4.2,10.933202107747398,0.3333333333333333
2013-08-25,01:22:39,4.266666666666667,10.733197530110678,0.26666666666666666
2013-08-25,01:27:39,4.333333333333333,10.733235677083332,0.13333333333333333
2013-08-25,01:32:39,4.2,10.266532897949219,0
2013-08-25,01:37:39,4.2,12.799886067708332,0
2013-08-25,01:42:39,4.4,13.399925231933594,0.06666666666666668
2013-08-25,01:47:39,4.2,10.733197530110678,0.26666666666666666
2013-08-25,01:52:39,4.2,9.533220926920572,0
2013-08-25,01:57:39,4.2,10.066515604654947,0.6
2013-08-25,02:02:40,4.333333333333333,9.466590881347656,0.2
2013-08-25,02:07:40,4.2,10.199851989746094,0.13333333333333333
2013-08-25,02:12:40,4.2,11.599884033203125,0.2
2013-08-25,02:17:40,4.2,9.399871826171875,0.4
2013-08-25,02:22:40,4.333333333333333,9.399871826171875,0.2
2013-08-25,02:27:40,4.266666666666667,9.799880981445312,0.06666666666666668
2013-08-25,02:32:40,4.2,10.79986572265625,0
2013-08-25,02:37:40,4.2,10.399894714355469,0
2013-08-25,02:42:40,4.4,15.399907430013023,0.13333333333333333
2013-08-25,02:47:40,4.2,12.333234151204426,0.6666666666666666
2013-08-25,02:52:40,4.2,12.066561381022133,0
2013-08-25,02:57:40,4.333333333333333,10.599861145019531,0.06666666666666668
2013-08-25,03:02:40,4.4,8.199920654296875,0.2
2013-08-25,03:07:40,4.2,9.533220926920572,0.3333333333333333
2013-08-25,03:12:40,4.2,10.733235677083332,0
2013-08-25,03:17:40,4.2,7.4666086832682295,0
2013-08-25,03:22:40,4.266666666666667,10.199902852376303,0.4
2013-08-25,03:27:40,4.266666666666667,12.26659138997396,0
2013-08-25,03:32:40,4.2,13.26655069986979,0
2013-08-25,03:37:40,4.2,9.933242797851562,0
2013-08-25,03:42:40,4.533333333333333,9.733238220214844,0.8
2013-08-25,03:47:40,4.2,9.599901835123697,0.13333333333333333
2013-08-25,03:52:41,4.266666666666667,11.799888610839844,0.13333333333333333
2013-08-25,03:57:41,4.266666666666667,12.39990234375,0.13333333333333333
2013-08-25,04:02:41,4.4,12.533238728841145,0.5333333333333333
2013-08-25,04:07:41,4.2,10.333188374837238,0.13333333333333333
2013-08-25,04:12:41,4.2,9.399871826171875,0
2013-08-25,04:17:41,4.2,10.666580200195312,0
2013-08-25,04:22:41,4.2,7.4666086832682295,0.4
2013-08-25,04:27:41,4.333333333333333,9.133224487304688,0.06666666666666668
2013-08-25,04:32:41,4.2,9.466603597005209,0
2013-08-25,04:37:41,4.2,7.933273315429687,0
2013-08-25,04:42:41,4.4,12.199910481770832,0.8
2013-08-25,04:47:41,4.2,11.266555786132812,0
2013-08-25,04:52:41,4.2,9.933255513509115,0.26666666666666666
2013-08-25,04:57:41,4.133333333333333,13.399925231933594,0
2013-08-25,05:02:41,4.4,9.799842834472656,0.2
2013-08-25,05:07:41,4.2,9.799880981445312,0.2
2013-08-25,05:12:41,4.266666666666667,11.399879455566406,0.13333333333333333
2013-08-25,05:17:41,4.2,10.79986572265625,0.06666666666666668
2013-08-25,05:22:41,4.333333333333333,8.599891662597656,0.7333333333333333
2013-08-25,05:27:41,4.2,8.199958801269531,0.3333333333333333
2013-08-25,05:32:41,4.2,8.599891662597656,0.4
2013-08-25,05:37:41,4.2,9.199867248535156,0.06666666666666668
2013-08-25,05:42:41,4.466666666666667,11.266581217447914,0.13333333333333333
2013-08-25,05:47:41,4.2,12.46657053629557,0.13333333333333333
2013-08-25,05:52:41,4.2,11.133206685384113,0
2013-08-25,05:57:41,4.2,9.533208211263021,0
2013-08-25,06:02:41,4.4,8.399912516276041,0.2
2013-08-25,06:07:41,4.2,11.533215840657554,0.26666666666666666
2013-08-25,06:12:42,4.2,10.933202107747398,0.13333333333333333
2013-08-25,06:17:42,4.2,11.466547648111977,0.26666666666666666
2013-08-25,06:22:42,4.133333333333333,11.133244832356773,0.13333333333333333
2013-08-25,06:27:42,4.2,11.399879455566406,0
2013-08-25,06:32:42,4.2,11.133206685384113,0.26666666666666666
2013-08-25,06:37:42,4.2,10.333188374837238,0
2013-08-25,06:42:42,4.4,12.999916076660156,0.13333333333333333
2013-08-25,06:47:42,4.2,10.933214823404946,0.26666666666666666
2013-08-25,06:52:42,4.2,10.466588338216145,0
2013-08-25,06:57:42,4.2,9.333241780598957,0
2013-08-25,07:02:42,4.4,10.066541035970051,0.2
2013-08-25,07:07:42,4.2,10.199851989746094,0.2
2013-08-25,07:12:42,4.266666666666667,8.133227030436197,0.3333333333333333
2013-08-25,07:17:42,4.2,11.266568501790367,0
2013-08-25,07:22:42,4.333333333333333,12.199897766113281,0.5333333333333333
2013-08-25,07:27:42,4.2,10.79986572265625,0.4
2013-08-25,07:32:42,4.2,11.799888610839844,0.13333333333333333
2013-08-25,07:37:42,4.2,11.999893188476562,0.13333333333333333
2013-08-25,07:42:42,4.466666666666667,12.666575113932288,0.06666666666666668
2013-08-25,07:47:42,4.2,9.866561889648438,0.06666666666666668
2013-08-25,07:52:42,4.266666666666667,8.53326161702474,0
2013-08-25,07:57:42,4.2,8.799896240234375,0.13333333333333333
2013-08-25,08:02:42,4.4,8.599853515625,0.2
2013-08-25,08:07:42,4.2,9.466565450032551,0.6666666666666666
2013-08-25,08:12:42,6.2666666666666675,31.59989674886068,0.06666666666666668
2013-08-25,08:17:42,4.266666666666667,25.799903869628903,0
2013-08-25,08:22:42,4.333333333333333,15.399932861328125,0.26666666666666666
2013-08-25,08:27:42,4.333333333333333,12.599906921386719,0
2013-08-25,08:32:42,4.2,10.79986572265625,0
2013-08-25,08:37:42,4.2,9.799842834472656,0.06666666666666668
2013-08-25,08:42:42,4.4,12.199859619140625,0.13333333333333333
2013-08-25,08:47:42,4.2,9.799842834472656,0.5333333333333333
2013-08-25,08:52:42,4.2,8.866628011067707,0
2013-08-25,08:57:42,4.2,8.933232625325521,0.26666666666666666
2013-08-25,09:02:42,4.4,9.066581726074219,0.6666666666666666
2013-08-25,09:07:42,4.2,9.533195495605469,0.2
2013-08-25,09:12:42,4.266666666666667,9.799944559733072,0.4666666666666667
2013-08-25,09:17:42,4.2,11.866556803385414,0.06666666666666668
2013-08-25,09:22:43,4.333333333333333,10.933252970377602,0.2
2013-08-25,09:27:43,4.2,8.19994608561198,0.06666666666666668
2013-08-25,09:32:43,4.2,7.599945068359375,0.06666666666666668
2013-08-25,09:37:43,4.2,9.266548156738281,0.3333333333333333
2013-08-25,09:42:43,4.4,12.666575113932288,0.4666666666666667
2013-08-25,09:47:43,4.2,10.333188374837238,0
2013-08-25,09:52:43,4.133333333333333,9.266535441080729,0
2013-08-25,09:57:43,4.2,11.399879455566406,0.06666666666666668
2013-08-25,10:02:43,4.4,10.666529337565104,0.2
2013-08-25,10:07:43,4.2,9.266535441080729,0.13333333333333333
2013-08-25,10:12:43,4.2,8.53326161702474,0.13333333333333333
2013-08-25,10:17:43,4.2,8.999913533528646,0
2013-08-25,10:22:43,4.266666666666667,9.533271789550781,0.2
2013-08-25,10:27:43,4.266666666666667,10.86653391520182,0.06666666666666668
2013-08-25,10:32:43,4.2,10.933202107747398,0.3333333333333333
2013-08-25,10:37:43,4.2,12.066561381022133,0.4
2013-08-25,10:42:43,4.4,14.999923706054688,0
2013-08-25,10:47:43,4.266666666666667,11.599884033203125,0.13333333333333333
2013-08-25,10:52:43,4.266666666666667,10.199851989746094,0.8
2013-08-25,10:57:43,4.2,11.199887593587238,0.2
2013-08-25,11:02:43,4.4,11.399879455566406,0.2
2013-08-25,11:07:43,4.2,10.999870300292969,0.13333333333333333
2013-08-25,11:12:43,4.2,9.533220926920572,0
2013-08-25,11:17:43,4.266666666666667,10.799903869628906,0.6
2013-08-25,11:22:43,4.4,9.533271789550781,0.13333333333333333
2013-08-25,11:27:43,4.333333333333333,9.199905395507812,0.06666666666666668
2013-08-25,11:32:44,4.2,10.86653391520182,0
2013-08-25,11:37:44,4.2,9.333241780598957,0
2013-08-25,11:42:44,4.4,10.666554768880209,0.06666666666666668
2013-08-25,11:47:44,4.2,9.866549173990885,0.06666666666666668
2013-08-25,11:52:44,4.2,8.133277893066406,0
2013-08-25,11:57:44,4.2,8.666521708170572,0
2013-08-25,12:02:44,4.4,11.333211263020832,0.2
2013-08-25,12:07:44,4.2,10.266520182291666,0.4666666666666667
2013-08-25,12:12:44,4.2,9.13323720296224,0.06666666666666668
2013-08-25,12:17:44,4.2,8.666572570800781,0
2013-08-25,12:22:44,4.266666666666667,8.866539001464844,0.26666666666666666
2013-08-25,12:27:44,4.4,8.99993896484375,0.6666666666666666
2013-08-25,12:32:44,4.2,11.599884033203125,0.2
2013-08-25,12:37:44,4.2,8.333231608072916,0.3333333333333333
2013-08-25,12:47:44,4.2,11.799901326497398,0.26666666666666666
2013-08-25,12:52:44,4.2,9.999910990397135,0.2
2013-08-25,12:57:43,4.2,10.33320109049479,0.06666666666666668
2013-08-25,13:02:43,4.4,9.066518147786457,0.26666666666666666
2013-08-25,13:07:43,4.2,8.933245340983072,0.13333333333333333
2013-08-25,13:12:43,4.2,8.199882507324219,0.4666666666666667
2013-08-25,13:17:43,4.2,9.733238220214844,0.06666666666666668
2013-08-25,13:22:43,4.4,10.799916585286457,0.26666666666666666
2013-08-25,13:27:43,4.333333333333333,11.199925740559898,0.06666666666666668
2013-08-25,13:32:43,4.2,10.399869283040365,0
2013-08-25,13:37:43,4.2,8.533248901367188,0
2013-08-25,13:42:43,4.4,11.333211263020832,0
2013-08-25,13:47:43,4.2,8.799858093261719,0.3333333333333333
2013-08-25,13:52:43,4.2,9.599876403808594,0
2013-08-25,13:57:43,4.2,9.799842834472656,0.13333333333333333
2013-08-25,14:02:43,4.4,9.599876403808594,0.6
2013-08-25,14:07:43,4.2,9.599876403808594,0.13333333333333333
2013-08-25,14:12:43,4.2,9.399909973144531,0.13333333333333333
2013-08-25,14:17:43,4.2,9.59991455078125,0
2013-08-25,14:22:43,4.333333333333333,10.999908447265625,0.6666666666666666
2013-08-25,14:27:43,4.333333333333333,11.799888610839844,0.2
2013-08-25,14:32:43,4.2,8.599891662597656,0.3333333333333333
2013-08-25,14:37:44,4.2,8.999862670898438,0.06666666666666668
2013-08-25,14:42:44,4.466666666666667,13.666598002115881,0.6666666666666666
2013-08-25,14:47:44,4.2,10.86653391520182,0.06666666666666668
2013-08-25,14:52:44,4.2,11.666552225748696,0
2013-08-25,14:57:44,4.2,10.933202107747398,0
2013-08-25,15:02:44,4.4,10.333213806152344,0.2
2013-08-25,15:07:44,4.2,8.999888102213541,0.2
2013-08-25,15:12:44,4.266666666666667,9.999885559082031,0.26666666666666666
2013-08-25,15:17:44,4.2,10.066515604654947,0
2013-08-25,15:22:44,4.333333333333333,11.399904886881508,0.2
2013-08-25,15:27:44,4.333333333333333,7.533251444498699,0.3333333333333333
2013-08-25,15:32:44,4.2,10.133196512858072,0.13333333333333333
2013-08-25,15:37:44,4.2,11.33326212565104,0
2013-08-25,15:42:44,4.466666666666667,13.2666015625,0.13333333333333333
2013-08-25,15:47:44,4.2,11.06653849283854,0
2013-08-25,15:52:44,4.2,10.066515604654947,0.5333333333333333
2013-08-25,15:57:44,4.2,10.199864705403645,0
2013-08-25,16:02:44,4.4,7.799936930338541,0.5333333333333333
2013-08-25,16:07:44,4.2,9.866523742675781,0.13333333333333333
2013-08-25,16:12:44,4.2,8.933258056640625,0.2
2013-08-25,16:17:44,4.2,10.86653391520182,0
2013-08-25,16:22:44,4.333333333333333,9.999898274739584,0.3333333333333333
2013-08-25,16:27:44,4.333333333333333,9.66657002766927,0.4
2013-08-25,16:32:44,4.2,10.13318379720052,0.06666666666666668
2013-08-25,16:37:44,5.0,11.333236694335938,0.13333333333333333
2013-08-25,16:42:44,6.0,26.199874877929684,0.8
2013-08-25,16:47:44,4.2,18.799896240234375,0
2013-08-25,16:52:44,4.2,12.199897766113281,0.06666666666666668
2013-08-25,16:57:44,4.2,9.266535441080729,0
2013-08-25,17:02:44,4.333333333333333,8.999900817871094,0.2
2013-08-25,17:07:44,4.2,8.99993896484375,0.5333333333333333
2013-08-25,17:12:44,4.2,9.199905395507812,0
2013-08-25,17:17:44,4.2,8.999900817871094,0.26666666666666666
2013-08-25,17:22:44,4.2,11.06653849283854,0.26666666666666666
2013-08-25,17:27:44,4.333333333333333,10.399881998697916,0.13333333333333333
2013-08-25,17:32:44,4.2,10.133221944173178,0.5333333333333333
2013-08-25,17:37:44,4.2,9.266573588053385,0
2013-08-25,17:42:44,4.4,15.733235677083332,0.13333333333333333
2013-08-25,17:47:44,4.2,12.333234151204426,0.3333333333333333
2013-08-25,17:52:44,4.2,8.599878946940104,0.13333333333333333
2013-08-25,17:57:45,4.2,9.466590881347656,0.5333333333333333
2013-08-25,18:02:45,4.4,8.666585286458334,0.5333333333333333
2013-08-25,18:07:45,4.2,9.466552734375,0.26666666666666666
2013-08-25,18:12:45,4.2,8.46655527750651,0
2013-08-25,18:17:45,4.2,10.533218383789062,0.06666666666666668
2013-08-25,18:22:45,4.333333333333333,9.59985097249349,0.3333333333333333
2013-08-25,18:27:45,4.266666666666667,9.799944559733072,0
2013-08-25,18:32:45,4.2,9.533233642578125,0.06666666666666668
2013-08-25,18:37:45,4.2,10.666529337565104,0
2013-08-25,18:42:45,4.4,12.733243306477867,0.4
2013-08-25,18:47:45,4.2,10.599873860677084,0
2013-08-25,18:52:45,4.2,9.13323720296224,0
2013-08-25,18:57:45,4.2,7.999954223632813,0.06666666666666668
2013-08-25,19:02:45,4.2,7.466595967610677,0.2
2013-08-25,19:07:45,4.2,12.533238728841145,0.13333333333333333
2013-08-25,19:12:45,4.2,9.66650644938151,0.3333333333333333
2013-08-25,19:17:45,4.2,9.533246358235676,0.3333333333333333
2013-08-25,19:22:45,4.266666666666667,8.866564432779947,0.5333333333333333
2013-08-25,19:27:45,4.333333333333333,9.999885559082031,0
2013-08-25,19:32:45,4.2,11.133232116699219,0.13333333333333333
2013-08-25,19:37:45,4.2,12.199897766113281,0.4666666666666667
2013-08-25,19:42:45,4.4,12.733243306477867,0.06666666666666668
2013-08-25,19:47:45,4.2,13.599929809570312,0.3333333333333333
2013-08-25,19:52:45,4.2,9.59991455078125,0
2013-08-25,19:57:45,4.2,9.199867248535156,0
2013-08-25,20:02:45,4.4,9.599876403808594,0.26666666666666666
2013-08-25,20:07:45,4.2,10.599861145019531,0.3333333333333333
2013-08-25,20:12:45,4.2,10.066541035970051,0
2013-08-25,20:17:45,4.2,10.06659189860026,0
2013-08-25,20:22:45,4.4,9.999923706054688,0.26666666666666666
2013-08-25,20:27:45,4.2,14.466565450032551,0.2
2013-08-25,20:32:45,4.2,13.599878946940105,0
2013-08-25,20:37:45,4.2,6.999918619791666,0.3333333333333333
2013-08-25,20:42:46,4.4,11.199887593587238,0.26666666666666666
2013-08-25,20:47:46,4.2,12.133229573567707,0
2013-08-25,20:52:46,4.2,11.666552225748696,0
2013-08-25,20:57:46,4.2,9.466540018717447,0.3333333333333333
2013-08-25,21:02:46,4.333333333333333,10.466524759928383,0.2
2013-08-25,21:07:46,4.2,9.799880981445312,0.3333333333333333
2013-08-25,21:12:46,4.2,9.466540018717447,0.6
2013-08-25,21:17:46,4.2,9.733212788899738,0
2013-08-25,21:22:46,4.266666666666667,11.266543070475258,0.2
2013-08-25,21:27:46,4.266666666666667,13.33320617675781,0.4
2013-08-25,21:32:46,4.133333333333333,8.866539001464844,0
2013-08-25,21:37:46,4.2,8.733291625976562,0.06666666666666668
2013-08-25,21:42:46,4.4,13.199920654296877,0.13333333333333333
2013-08-25,21:47:46,4.2,9.399897257486979,0
2013-08-25,21:52:46,4.2,9.399871826171875,0
2013-08-25,21:57:46,4.2,10.266558329264322,0.06666666666666668
2013-08-25,22:02:46,4.4,12.733243306477867,0.4
2013-08-25,22:07:46,4.2,9.666595458984375,0.13333333333333333
2013-08-25,22:12:46,4.2,7.39996592203776,0.2
2013-08-25,22:17:46,4.2,9.733225504557291,0
2013-08-25,22:22:46,4.266666666666667,8.866602579752604,0.3333333333333333
2013-08-25,22:27:46,4.333333333333333,9.799880981445312,0
2013-08-25,22:32:46,4.2,10.066579182942709,0
2013-08-25,22:37:46,6.2,40.9332529703776,0.8666666666666667
2013-08-25,22:42:46,4.466666666666667,23.99993896484375,0.13333333333333333
2013-08-25,22:47:46,4.266666666666667,16.199951171875,0.06666666666666668
2013-08-25,22:52:46,4.333333333333333,11.733220418294273,0.3333333333333333
2013-08-25,22:57:46,4.2,12.199897766113281,0
2013-08-25,23:02:46,4.4,10.933202107747398,0.6
2013-08-25,23:07:46,4.266666666666667,9.999847412109375,0.8
2013-08-25,23:12:46,4.2,11.599884033203125,0.3333333333333333
2013-08-25,23:17:46,4.2,11.733220418294273,0
2013-08-25,23:22:46,4.2,10.73327382405599,0.26666666666666666
2013-08-25,23:27:46,4.2,11.999893188476562,0
2013-08-25,23:32:46,4.2,10.066541035970051,0
2013-08-25,23:37:46,4.2,8.2666015625,0.06666666666666668
2013-08-25,23:42:46,4.4,13.199920654296877,0.06666666666666668
2013-08-25,23:47:46,4.133333333333333,8.79988352457682,0.06666666666666668
2013-08-25,23:52:46,4.2,9.933217366536457,0
2013-08-25,23:57:46,4.2,9.933179219563803,0.06666666666666668
2013-08-26,00:02:46,4.4,10.666529337565104,0.2
2013-08-26,00:07:46,4.2,9.999885559082031,0.26666666666666666
2013-08-26,00:12:47,4.2,13.73326619466146,0.26666666666666666
2013-08-26,00:17:47,4.2,12.333196004231773,0.13333333333333333
2013-08-26,00:22:47,4.266666666666667,10.79986572265625,0.4666666666666667
2013-08-26,00:27:47,4.333333333333333,12.199897766113281,0.06666666666666668
2013-08-26,00:32:47,4.2,11.399879455566406,0
2013-08-26,00:37:47,4.2,11.399879455566406,0.26666666666666666
2013-08-26,00:42:47,4.4,11.266543070475258,0.06666666666666668
2013-08-26,00:47:47,4.2,10.733197530110678,0.3333333333333333
2013-08-26,00:52:47,4.2,10.866584777832031,0
2013-08-26,00:57:47,5.8,15.733235677083332,0.3333333333333333
2013-08-26,01:02:47,4.4,18.199933369954426,0.26666666666666666
2013-08-26,01:07:47,4.333333333333333,12.133229573567707,0.5333333333333333
2013-08-26,01:12:47,4.266666666666667,12.733192443847658,0
2013-08-26,01:17:47,4.2,11.466547648111977,0.06666666666666668
2013-08-26,01:22:47,4.2,11.199874877929688,0.26666666666666666
2013-08-26,01:27:47,4.2,10.666529337565104,0.13333333333333333
2013-08-26,01:32:47,4.2,11.599884033203125,0
2013-08-26,01:37:47,4.2,10.19989013671875,0
2013-08-26,01:42:47,4.4,12.39990234375,0.13333333333333333
2013-08-26,01:47:47,4.2,12.799911499023436,0
2013-08-26,01:52:47,4.2,10.199851989746094,0.06666666666666668
2013-08-26,01:57:47,4.2,8.399925231933594,0.06666666666666668
2013-08-26,02:02:47,4.4,8.999900817871094,0.6666666666666666
2013-08-26,02:07:47,4.2,9.799842834472656,0.13333333333333333
2013-08-26,02:12:47,4.2,8.333257039388021,0.06666666666666668
2013-08-26,02:17:47,4.2,11.93323771158854,0.06666666666666668
2013-08-26,02:22:47,4.266666666666667,8.333206176757812,0.8
2013-08-26,02:27:47,4.266666666666667,9.333279927571615,0.26666666666666666
2013-08-26,02:32:47,4.2,9.266548156738281,0.26666666666666666
2013-08-26,02:37:47,4.2,8.866564432779947,0.26666666666666666
2013-08-26,02:42:47,4.4,11.199874877929688,0.06666666666666668
2013-08-26,02:47:47,4.2,10.999870300292969,0.26666666666666666
2013-08-26,02:52:47,4.2,9.533208211263021,0.06666666666666668
2013-08-26,02:57:47,4.2,9.59991455078125,0.06666666666666668
2013-08-26,03:02:47,4.4,11.133232116699219,0.26666666666666666
2013-08-26,03:07:47,4.2,10.733235677083332,0.06666666666666668
2013-08-26,03:12:47,4.2,10.133221944173178,0
2013-08-26,03:17:47,4.2,9.733250935872396,0.06666666666666668
2013-08-26,03:22:47,4.266666666666667,9.79986826578776,0.2
2013-08-26,03:27:47,4.333333333333333,9.199943542480469,0.13333333333333333
2013-08-26,03:32:48,4.133333333333333,10.266596476236979,0
2013-08-26,03:37:48,4.2,9.866561889648438,0.06666666666666668
2013-08-26,03:42:48,4.4,11.799888610839844,0.26666666666666666
2013-08-26,03:47:48,4.2,8.599891662597656,0.26666666666666666
2013-08-26,03:52:48,4.2,9.533233642578125,0.06666666666666668
2013-08-26,03:57:48,4.2,10.133221944173178,0
2013-08-26,04:02:48,4.333333333333333,11.199874877929688,0.2
2013-08-26,04:07:48,4.2,9.799842834472656,0.06666666666666668
2013-08-26,04:12:48,4.2,10.266532897949219,0
2013-08-26,04:17:48,4.2,8.199958801269531,0.6
2013-08-26,04:22:48,4.333333333333333,8.13323974609375,0.6
2013-08-26,04:27:48,4.266666666666667,8.933232625325521,0
2013-08-26,04:32:48,4.2,10.266558329264322,0.5333333333333333
2013-08-26,04:37:48,4.2,8.799896240234375,0.13333333333333333
2013-08-26,04:42:48,4.4,11.399879455566406,0.06666666666666668
2013-08-26,04:47:48,4.2,11.799888610839844,0
2013-08-26,04:52:48,4.2,8.999900817871094,0.06666666666666668
2013-08-26,04:57:48,4.2,7.999954223632813,0
2013-08-26,05:02:48,4.266666666666667,8.46655527750651,0.2
2013-08-26,05:07:48,4.2,11.666552225748696,0.06666666666666668
2013-08-26,05:12:48,4.2,11.599884033203125,0.3333333333333333
2013-08-26,05:17:48,4.2,7.199974060058594,0.06666666666666668
2013-08-26,05:22:48,4.2,8.399899800618488,0.3333333333333333
2013-08-26,05:27:48,4.4,9.933191935221354,0.06666666666666668
2013-08-26,05:32:48,4.133333333333333,9.19989267985026,0.13333333333333333
2013-08-26,05:37:48,4.2,10.666542053222656,0
2013-08-26,05:42:48,4.4,12.733243306477867,0.13333333333333333
2013-08-26,05:47:48,4.2,9.933179219563803,0
2013-08-26,05:52:48,4.2,9.733212788899738,0.3333333333333333
2013-08-26,05:57:48,4.2,9.266535441080729,0
2013-08-26,06:02:48,4.4,9.733250935872396,0.8
2013-08-26,06:07:48,4.2,10.19989013671875,0.4
2013-08-26,06:12:48,4.2,9.199854532877602,0.4
2013-08-26,06:17:48,4.2,10.266583760579428,0.06666666666666668
2013-08-26,06:22:48,4.333333333333333,9.533195495605469,0.4
2013-08-26,06:27:48,4.2,9.066607157389322,0
2013-08-26,06:32:48,4.2,12.266565958658852,0.06666666666666668
2013-08-26,06:37:49,4.2,10.933202107747398,0
2013-08-26,06:42:49,4.4,12.066561381022133,0
2013-08-26,06:47:49,4.133333333333333,10.533192952473959,0
2013-08-26,06:52:49,4.2,11.266568501790367,0.26666666666666666
2013-08-26,06:57:49,4.2,9.933217366536457,0
2013-08-26,07:02:49,4.333333333333333,13.33320617675781,0.26666666666666666
2013-08-26,07:07:48,4.2,8.999900817871094,0.13333333333333333
2013-08-26,07:12:48,4.2,8.999926249186197,0.2
2013-08-26,07:17:48,4.133333333333333,7.066637674967448,0
2013-08-26,07:22:48,4.266666666666667,8.333257039388021,0.9333333333333332
2013-08-26,07:27:48,4.333333333333333,9.399909973144531,0.2
2013-08-26,07:32:48,4.2,9.266573588053385,0
2013-08-26,07:37:48,4.2,9.86657460530599,0
2013-08-26,07:42:48,4.533333333333333,13.266563415527344,0.6
2013-08-26,07:47:48,4.2,10.399894714355469,0.06666666666666668
2013-08-26,07:52:48,4.2,9.733225504557291,0
2013-08-26,07:57:48,4.2,10.19989013671875,0.3333333333333333
2013-08-26,08:02:48,4.4,10.999870300292969,0.4666666666666667
2013-08-26,08:07:48,4.2,11.199874877929688,0.06666666666666668
2013-08-26,08:12:48,4.2,10.599899291992188,0.13333333333333333
2013-08-26,08:17:48,4.2,7.999966939290365,0.06666666666666668
2013-08-26,08:22:49,4.333333333333333,8.73327891031901,0.26666666666666666
2013-08-26,08:27:49,4.2,10.399881998697916,0
2013-08-26,08:32:49,4.2,9.666544596354166,0.06666666666666668
2013-08-26,08:37:49,4.2,10.533192952473959,0.06666666666666668
2013-08-26,08:42:49,4.4,12.066561381022133,0.3333333333333333
2013-08-26,08:47:49,4.2,8.933232625325521,0
2013-08-26,08:52:49,4.2,9.599901835123697,0.06666666666666668
2013-08-26,08:57:49,4.2,12.599868774414064,0.13333333333333333
2013-08-26,09:02:49,4.333333333333333,10.133209228515625,0.5333333333333333
2013-08-26,09:07:49,4.2,10.799878438313804,0.2
2013-08-26,09:12:49,4.2,10.399920145670572,0.06666666666666668
2013-08-26,09:17:49,4.2,8.933245340983072,0.06666666666666668
2013-08-26,09:22:49,4.266666666666667,9.466590881347656,0.2
2013-08-26,09:27:49,4.266666666666667,12.599906921386719,0.4666666666666667
2013-08-26,09:32:49,4.333333333333333,9.999847412109375,0.6
2013-08-26,09:37:49,4.2,9.466540018717447,0.06666666666666668
2013-08-26,09:42:49,4.4,13.39991251627604,0.4666666666666667
2013-08-26,09:47:49,4.2,11.666526794433594,0.06666666666666668
2013-08-26,09:52:49,4.2,9.666557312011719,0
2013-08-26,09:57:49,4.2,9.666531880696615,0
2013-08-26,10:02:49,4.4,8.733266194661459,0.2
2013-08-26,10:07:49,4.2,10.133209228515625,0.06666666666666668
2013-08-26,10:12:49,4.266666666666667,12.266565958658852,0.4666666666666667
2013-08-26,10:17:50,4.2,12.799911499023436,0.13333333333333333
2013-08-26,10:22:50,4.266666666666667,12.133216857910156,0.26666666666666666
2013-08-26,10:27:50,4.266666666666667,12.199897766113281,0
2013-08-26,10:32:50,4.2,9.799842834472656,0.2
2013-08-26,10:37:50,4.333333333333333,9.799919128417969,0.4
2013-08-26,10:42:50,4.466666666666667,12.999916076660156,0.13333333333333333
2013-08-26,10:47:50,4.2,10.199851989746094,0.13333333333333333
2013-08-26,10:52:50,4.6,11.999880472819008,0.2
2013-08-26,10:57:50,6.666666666666666,19.99988555908203,0.18181818181818185
2013-08-26,11:02:50,6.2,13.599891662597658,0.3333333333333333
2013-08-26,11:07:50,6.133333333333334,11.599884033203125,0.4666666666666667
2013-08-26,11:12:50,6.066666666666666,9.999923706054688,0.26666666666666666
2013-08-26,11:17:50,6.2,11.933250427246094,0.6
2013-08-26,11:22:50,6.2666666666666675,11.999893188476562,1.7333333333333334
2013-08-26,11:27:50,6.2666666666666675,11.933224995930992,0.8666666666666667
2013-08-26,11:32:50,6.2,8.799896240234375,0.06666666666666668
2013-08-26,11:37:50,6.2,7.1999231974283875,0.06666666666666668
2013-08-26,11:42:50,6.4,12.333246866861977,0.4
2013-08-26,11:47:50,6.133333333333334,10.666529337565104,0
2013-08-26,11:52:50,6.133333333333334,11.266543070475258,0.06666666666666668
2013-08-26,11:57:50,6.2,8.999926249186197,0.3333333333333333
2013-08-26,12:02:50,6.2,8.666610717773438,0.4666666666666667
2013-08-26,12:07:50,6.2,9.999847412109375,0.8666666666666667
2013-08-26,12:12:50,6.2,10.266520182291666,0.7333333333333333
2013-08-26,12:17:50,6.333333333333334,10.266520182291666,0.2
2013-08-26,12:22:50,6.333333333333334,12.199897766113281,0.6
2013-08-26,12:27:50,6.333333333333334,11.399879455566406,0.3333333333333333
2013-08-26,12:32:50,6.066666666666666,9.733212788899738,0.13333333333333333
2013-08-26,12:37:50,6.133333333333334,8.599904378255209,0.06666666666666668
2013-08-26,12:42:50,6.2666666666666675,12.266578674316406,0.3333333333333333
2013-08-26,12:47:50,6.2,12.399864196777344,0.13333333333333333
2013-08-26,12:52:51,6.2666666666666675,10.53320566813151,0.3333333333333333
2013-08-26,12:57:51,6.333333333333334,9.06659444173177,0.6
2013-08-26,13:02:51,6.4,9.466527303059896,0.5333333333333333
2013-08-26,13:07:51,8.2,29.1332753499349,0.7333333333333333
2013-08-26,13:12:51,6.2666666666666675,24.199905395507812,1.1333333333333333
2013-08-26,13:17:51,6.2,16.199913024902344,0
2013-08-26,13:22:51,6.2,14.799957275390623,0.3333333333333333
2013-08-26,13:27:51,6.133333333333334,12.799911499023436,0.2
2013-08-26,13:32:51,6.2,10.599861145019531,0.13333333333333333
2013-08-26,13:37:51,6.133333333333334,9.999885559082031,0.26666666666666666
2013-08-26,13:42:51,5.2,15.399894714355469,0
2013-08-26,13:47:51,4.666666666666667,11.999893188476562,0.5333333333333333
2013-08-26,14:12:51,4.866666666666667,8.733253479003906,0.5333333333333333
2013-08-26,14:17:51,4.8,10.466562906901041,0.06666666666666668
2013-08-26,14:22:51,4.933333333333334,12.533238728841145,0.5333333333333333
2013-08-26,14:27:51,4.8,8.933232625325521,0.06666666666666668
2013-08-26,14:32:51,5.0,10.533192952473959,0.06666666666666668
2013-08-26,14:37:51,4.866666666666667,8.533223470052082,0
2013-08-26,14:42:51,5.333333333333334,13.799858093261719,0.5333333333333333
2013-08-26,14:47:51,5.0,13.599891662597658,0
2013-08-26,14:52:51,5.066666666666666,11.199874877929688,0.13333333333333333
2013-08-26,14:57:51,5.133333333333334,9.733174641927084,0.13333333333333333
2013-08-26,15:02:51,5.2,10.333188374837238,0.5333333333333333
2013-08-26,15:07:51,5.0,10.133221944173178,0.4666666666666667
2013-08-26,15:12:51,4.933333333333334,9.199867248535156,0.26666666666666666
2013-08-26,15:17:52,4.933333333333334,8.733266194661459,0.06666666666666668
2013-08-26,15:22:52,5.133333333333334,11.199887593587238,0.3333333333333333
2013-08-26,15:27:52,5.066666666666666,9.733238220214844,0.5333333333333333
2013-08-26,15:32:52,5.066666666666666,11.333211263020832,0
2013-08-26,15:37:52,5.066666666666666,9.999847412109375,0.4666666666666667
2013-08-26,15:42:52,5.266666666666667,12.933247884114582,0
2013-08-26,15:47:52,4.933333333333334,12.46657053629557,0.06666666666666668
2013-08-26,15:52:52,4.866666666666667,11.599884033203125,0.06666666666666668
2013-08-26,15:57:52,5.0,11.199874877929688,0
2013-08-26,16:02:52,4.933333333333334,12.799873352050781,0.4666666666666667
2013-08-26,16:07:52,5.0,10.79986572265625,0.26666666666666666
2013-08-26,16:12:51,5.066666666666666,10.79986572265625,0.5333333333333333
2013-08-26,16:17:51,4.933333333333334,11.266555786132812,0.06666666666666668
2013-08-26,16:22:51,5.2,10.799891153971352,0.4666666666666667
2013-08-26,16:27:51,5.666666666666666,14.199879964192707,0.13333333333333333
2013-08-26,16:32:51,8.6,29.86654917399088,0.9333333333333332
2013-08-26,16:37:51,7.133333333333334,22.466608683268234,1.0
2013-08-26,16:42:51,7.533333333333334,21.199874877929688,0.6666666666666666
2013-08-26,16:47:51,5.866666666666666,13.666585286458332,0.2
2013-08-26,16:52:51,5.466666666666666,9.733174641927084,0.13333333333333333
2013-08-26,16:57:51,5.466666666666666,11.199874877929688,0.6
2013-08-26,17:02:51,6.533333333333334,12.133229573567707,0.5333333333333333
2013-08-26,17:07:51,5.4,14.399897257486977,0.26666666666666666
2013-08-26,17:12:51,5.266666666666667,12.933209737141926,0.9333333333333332
2013-08-26,17:17:51,5.2,9.866536458333332,0.13333333333333333
2013-08-26,17:22:51,5.133333333333334,9.599876403808594,0.7333333333333333
2013-08-26,17:27:51,5.2,9.133224487304688,0.26666666666666666
2013-08-26,17:32:51,5.2,8.733266194661459,0.2
2013-08-26,17:37:51,5.2,8.8665771484375,0.2
2013-08-26,17:42:51,5.4,12.133204142252602,0.2
2013-08-26,17:47:52,5.2,9.199879964192709,0
2013-08-26,17:52:52,5.2,7.866617838541666,0.13333333333333333
2013-08-26,17:57:52,5.2,10.199940999348957,0.26666666666666666
2013-08-26,18:02:52,5.333333333333334,10.13318379720052,0.4
2013-08-26,18:07:52,5.133333333333334,9.866511027018229,0.3333333333333333
2013-08-26,18:12:52,5.133333333333334,9.13323720296224,0.6666666666666666
2013-08-26,18:17:52,5.133333333333334,9.266548156738281,0.13333333333333333
2013-08-26,18:22:52,5.2,11.799888610839844,0.4
2013-08-26,18:27:52,5.133333333333334,7.999916076660156,0.6666666666666666
2013-08-26,18:32:52,5.2,7.799949645996093,0.06666666666666668
2013-08-26,18:37:52,5.4,8.666559855143227,0.5333333333333333
2013-08-26,18:42:52,5.4,11.066576639811196,0.4
2013-08-26,18:47:52,5.133333333333334,12.133229573567707,0.2
2013-08-26,18:52:52,5.2,12.39990234375,0.8
2013-08-26,18:57:52,5.266666666666667,7.7999114990234375,0.7333333333333333
2013-08-26,19:02:52,5.4,9.466527303059896,0.3333333333333333
2013-08-26,19:07:52,5.230769230769232,11.153719975398138,0.5384615384615384
2013-08-26,19:12:52,4.153846153846153,16.307610731858475,0
2013-08-26,19:17:52,4.2,9.933179219563803,0.13333333333333333
2013-08-26,19:22:52,4.266666666666667,9.533182779947916,0.26666666666666666
2013-08-26,19:27:52,4.2,10.399894714355469,0.2
2013-08-26,19:32:52,4.266666666666667,11.399879455566406,0
2013-08-26,19:37:52,4.266666666666667,9.733250935872396,0.13333333333333333
2013-08-26,19:42:52,4.533333333333333,14.066569010416663,0.13333333333333333
2013-08-26,19:47:52,4.2,11.19990030924479,0
2013-08-26,19:52:52,4.2,8.066584269205729,0
2013-08-26,19:57:52,4.266666666666667,11.39989217122396,0.5333333333333333
2013-08-26,20:02:52,4.416666666666667,11.999877293904621,0.25
2013-08-26,20:07:52,4.333333333333333,8.866564432779947,0.5333333333333333
2013-08-26,20:12:52,4.333333333333333,10.86653391520182,0.13333333333333333
2013-08-26,20:17:52,4.2,9.133186340332031,0.06666666666666668
2013-08-26,20:22:52,4.466666666666667,11.333211263020832,0.7333333333333333
2013-08-26,20:27:52,4.466666666666667,10.933202107747398,0.3333333333333333
2013-08-26,20:32:52,4.333333333333333,11.533215840657554,0.13333333333333333
2013-08-26,20:37:52,4.2,10.399856567382812,0
2013-08-26,20:42:52,4.533333333333333,10.933252970377602,0.6
2013-08-26,20:47:52,4.2,8.733266194661459,0.06666666666666668
2013-08-26,20:52:52,4.266666666666667,10.666580200195312,0.26666666666666666
2013-08-26,20:57:53,4.2,10.266520182291666,0
2013-08-26,21:02:53,4.4,9.399884541829428,0.2
2013-08-26,21:07:53,4.2,11.66651407877604,0.26666666666666666
2013-08-26,21:12:53,4.2,10.466524759928383,0
2013-08-26,21:17:53,4.4,10.199928283691406,0.2
2013-08-26,21:22:53,4.333333333333333,9.399871826171875,0.4
2013-08-26,21:27:53,4.333333333333333,10.666529337565104,0.5333333333333333
2013-08-26,21:32:53,4.2,9.399948120117188,0.2
2013-08-26,21:37:53,4.2,10.999870300292969,0
2013-08-26,21:42:53,4.4,11.999893188476562,0.06666666666666668
2013-08-26,21:47:53,4.333333333333333,9.999847412109375,0.06666666666666668
2013-08-26,21:52:53,4.466666666666667,8.799896240234375,0.3333333333333333
2013-08-26,21:57:53,4.333333333333333,10.599861145019531,0.26666666666666666
2013-08-26,22:02:53,4.4,11.533215840657554,0.26666666666666666
2013-08-26,22:07:53,4.2,10.13318379720052,0.4666666666666667
2013-08-26,22:12:53,4.266666666666667,9.799919128417969,0.4
2013-08-26,22:17:53,4.266666666666667,8.133290608723959,0.3333333333333333
2013-08-26,22:22:53,4.466666666666667,11.266543070475258,0.4666666666666667
2013-08-26,22:27:53,4.2,9.866511027018229,0
2013-08-26,22:32:53,4.2,10.133260091145834,0
2013-08-26,22:37:53,4.2,9.19989267985026,0.3333333333333333
2013-08-26,22:42:53,4.4,12.133242289225258,0.06666666666666668
2013-08-26,22:47:53,4.2,10.533192952473959,0.06666666666666668
2013-08-26,22:52:53,4.2,8.733240763346354,0
2013-08-26,22:57:53,4.2,9.59985097249349,0
2013-08-26,23:02:53,4.466666666666667,10.933214823404946,0.4666666666666667
2013-08-26,23:07:53,4.2,9.59991455078125,0.2
2013-08-26,23:12:53,4.266666666666667,7.599957784016925,0.3333333333333333
2013-08-26,23:17:53,4.266666666666667,9.399871826171875,0
2013-08-26,23:22:53,4.266666666666667,10.599899291992188,0.26666666666666666
2013-08-26,23:27:53,4.2,9.266548156738281,0.26666666666666666
2013-08-26,23:32:53,4.2,9.13323720296224,0.3333333333333333
2013-08-26,23:37:53,4.2,8.933219909667969,0
2013-08-26,23:42:54,4.533333333333333,13.73326619466146,0.13333333333333333
2013-08-26,23:47:54,4.2,9.999885559082031,0.13333333333333333
2013-08-26,23:52:54,4.2,12.599868774414064,0.3333333333333333
2013-08-26,23:57:54,4.266666666666667,10.599937438964844,0.13333333333333333
2013-08-27,00:02:54,4.4,12.799911499023436,0.7333333333333333
2013-08-27,00:07:54,4.2,12.599906921386719,0.4666666666666667
2013-08-27,00:12:54,4.2,10.19989013671875,0.06666666666666668
2013-08-27,00:17:54,4.2,9.933242797851562,0.06666666666666668
2013-08-27,00:22:54,4.4,10.19989013671875,0.26666666666666666
2013-08-27,00:27:54,4.333333333333333,10.79986572265625,0.06666666666666668
2013-08-27,00:32:54,4.266666666666667,10.79986572265625,0
2013-08-27,00:37:54,4.6,8.999900817871094,0.06666666666666668
2013-08-27,00:42:54,4.533333333333333,11.06653849283854,0.13333333333333333
2013-08-27,00:47:54,4.466666666666667,12.333234151204426,0.3333333333333333
2013-08-27,00:52:54,4.266666666666667,10.666529337565104,0.13333333333333333
2013-08-27,00:57:54,5.8,13.066558837890623,0.06666666666666668
2013-08-27,01:02:54,4.4,25.66658020019531,0.2
2013-08-27,01:07:54,4.333333333333333,12.933247884114582,0.4666666666666667
2013-08-27,01:12:54,4.266666666666667,14.266535441080727,0
2013-08-27,01:17:54,4.4,10.466524759928383,0.3333333333333333
2013-08-27,01:22:54,4.266666666666667,10.599861145019531,0.26666666666666666
2013-08-27,01:27:54,4.266666666666667,10.999870300292969,0.2
2013-08-27,01:32:54,4.333333333333333,9.399935404459633,0.06666666666666668
2013-08-27,01:37:54,4.333333333333333,12.333234151204426,0.06666666666666668
2013-08-27,01:42:54,4.4,14.933255513509113,0.26666666666666666
2013-08-27,01:47:54,4.2,10.13318379720052,0.06666666666666668
2013-08-27,01:52:54,4.266666666666667,10.533192952473959,0.3333333333333333
2013-08-27,01:57:54,4.4,10.13318379720052,0.3333333333333333
2013-08-27,02:02:54,4.8,10.533192952473959,0.2
2013-08-27,02:07:54,4.466666666666667,10.133221944173178,0.5333333333333333
2013-08-27,02:12:54,4.266666666666667,10.066566467285156,0.06666666666666668
2013-08-27,02:17:54,4.333333333333333,9.466565450032551,0
2013-08-27,02:22:54,4.4,10.666542053222656,0.4
2013-08-27,02:27:54,4.266666666666667,12.46657053629557,0.2
2013-08-27,02:32:54,4.2,10.599861145019531,0.06666666666666668
2013-08-27,02:37:54,4.266666666666667,10.599937438964844,0
2013-08-27,02:42:54,4.533333333333333,10.19989013671875,0.4666666666666667
2013-08-27,02:47:54,4.466666666666667,8.999862670898438,0.06666666666666668
2013-08-27,02:52:54,4.266666666666667,7.999954223632813,0.06666666666666668
2013-08-27,02:57:54,4.333333333333333,7.666651407877606,0
2013-08-27,03:02:54,4.4,6.866594950358072,0.2
2013-08-27,03:07:54,4.333333333333333,7.799949645996093,0.4666666666666667
2013-08-27,03:12:54,4.2,8.599967956542969,0
2013-08-27,03:17:54,4.2,9.133211771647135,0.4
2013-08-27,03:22:54,4.266666666666667,11.466547648111977,0.5333333333333333
2013-08-27,03:27:54,4.266666666666667,11.866556803385414,0.06666666666666668
2013-08-27,03:32:54,4.2,10.533192952473959,0
2013-08-27,03:37:54,4.2,9.333241780598957,0.13333333333333333
2013-08-27,03:42:54,4.4,13.533261617024738,0.3333333333333333
2013-08-27,03:47:54,4.333333333333333,11.466547648111977,0.3333333333333333
2013-08-27,03:52:54,4.2,9.266535441080729,0.06666666666666668
2013-08-27,03:57:54,4.2,11.399879455566406,0.13333333333333333
2013-08-27,04:02:54,6.4,30.199953715006504,0.2
2013-08-27,04:07:54,4.2,29.66658274332683,0.26666666666666666
2013-08-27,04:12:54,4.266666666666667,16.199874877929688,0
2013-08-27,04:17:54,4.266666666666667,13.533223470052084,0.13333333333333333
2013-08-27,04:22:54,4.266666666666667,10.066553751627602,0.3333333333333333
2013-08-27,04:27:54,4.2,9.133249918619791,0.13333333333333333
2013-08-27,04:32:55,4.2,10.199851989746094,0
2013-08-27,04:37:55,4.266666666666667,8.399912516276041,0.26666666666666666
2013-08-27,04:42:55,4.4,12.266527811686196,0.13333333333333333
2013-08-27,04:47:55,4.266666666666667,10.933202107747398,0.6
2013-08-27,04:52:55,4.2,7.799924214680988,0.06666666666666668
2013-08-27,04:57:55,4.266666666666667,8.066622416178387,0.4
2013-08-27,05:02:55,4.533333333333333,8.533210754394531,0.8
2013-08-27,05:07:55,4.333333333333333,12.266565958658852,0.13333333333333333
2013-08-27,05:12:55,4.333333333333333,10.266520182291666,0.06666666666666668
2013-08-27,05:17:55,4.2,11.399879455566406,0
2013-08-27,05:22:55,4.266666666666667,9.399871826171875,0.5333333333333333
2013-08-27,05:27:55,4.266666666666667,7.999954223632813,0.13333333333333333
2013-08-27,05:32:55,4.266666666666667,8.99993896484375,0.26666666666666666
2013-08-27,05:37:55,4.266666666666667,10.666529337565104,0.13333333333333333
2013-08-27,05:42:55,4.666666666666667,14.399871826171875,0
2013-08-27,05:47:55,4.4,9.799880981445312,0
2013-08-27,05:52:55,4.266666666666667,9.599838256835938,0.06666666666666668
2013-08-27,05:57:55,4.266666666666667,9.466578165690104,0.26666666666666666
2013-08-27,06:02:55,4.333333333333333,9.666544596354166,0.3333333333333333
2013-08-27,06:07:55,4.4,10.199851989746094,0.2
2013-08-27,06:12:55,4.266666666666667,10.86653391520182,0.13333333333333333
2013-08-27,06:17:55,4.266666666666667,10.599861145019531,0
2013-08-27,06:22:56,4.266666666666667,9.199867248535156,0.26666666666666666
2013-08-27,06:27:56,4.266666666666667,9.466565450032551,0.9333333333333332
2013-08-27,06:32:56,4.2,10.733210245768229,0
2013-08-27,06:37:56,4.2,10.799903869628906,0.3333333333333333
2013-08-27,06:42:56,4.4,10.79986572265625,0.13333333333333333
2013-08-27,06:47:56,4.266666666666667,11.666590372721352,0
2013-08-27,06:52:56,4.266666666666667,13.799896240234375,0
2013-08-27,06:57:56,4.266666666666667,11.06653849283854,0
2013-08-27,07:02:56,4.4,8.866526285807291,0.5333333333333333
2013-08-27,07:07:56,4.2,11.133206685384113,0.2
2013-08-27,07:12:56,4.2,10.333226521809896,0.06666666666666668
2013-08-27,07:17:56,4.2,10.199864705403645,0
2013-08-27,07:22:56,4.266666666666667,10.333213806152344,0.6
2013-08-27,07:27:56,4.2,10.599861145019531,0.06666666666666668
2013-08-27,07:32:56,4.333333333333333,12.46657053629557,0.06666666666666668
2013-08-27,07:37:56,4.2,12.866541544596352,0
2013-08-27,07:42:56,4.6,16.133244832356773,0.26666666666666666
2013-08-27,07:47:56,4.2,10.466524759928383,0
2013-08-27,07:52:56,4.266666666666667,11.933224995930992,0.13333333333333333
2013-08-27,07:57:56,4.2,9.999885559082031,0.06666666666666668
2013-08-27,08:02:56,4.4,8.133277893066406,0.3333333333333333
2013-08-27,08:07:56,4.266666666666667,10.066541035970051,0.7333333333333333
2013-08-27,08:12:56,4.2,11.266543070475258,0.06666666666666668
2013-08-27,08:17:56,4.266666666666667,8.399912516276041,0.3333333333333333
2013-08-27,08:22:56,4.266666666666667,10.19989013671875,0.5333333333333333
2013-08-27,08:27:56,4.266666666666667,9.599876403808594,0.06666666666666668
2013-08-27,08:32:56,4.333333333333333,10.599861145019531,0.26666666666666666
2013-08-27,08:37:56,4.2,9.999885559082031,0.06666666666666668
2013-08-27,08:42:56,4.4,12.799936930338543,0.06666666666666668
2013-08-27,08:47:56,4.2,9.599876403808594,0
2013-08-27,08:52:56,4.333333333333333,8.266639709472656,0.13333333333333333
2013-08-27,08:57:57,4.4,9.599901835123697,0.13333333333333333
2013-08-27,09:02:57,4.4,10.333188374837238,0.26666666666666666
2013-08-27,09:07:57,4.2,9.066569010416666,0.2
2013-08-27,09:12:57,4.266666666666667,11.066576639811196,0.6666666666666666
2013-08-27,09:17:57,4.133333333333333,8.333257039388021,0.06666666666666668
2013-08-27,09:22:57,4.333333333333333,10.666529337565104,0.3333333333333333
2013-08-27,09:27:57,4.2,11.733220418294273,0.06666666666666668
2013-08-27,09:32:57,4.2,8.999900817871094,0.13333333333333333
2013-08-27,09:37:57,4.2,8.066609700520834,0.13333333333333333
2013-08-27,09:42:57,4.6,9.533233642578125,0.2
2013-08-27,09:47:57,4.2,9.86657460530599,0.06666666666666668
2013-08-27,09:52:57,4.333333333333333,8.466567993164062,0.8666666666666667
2013-08-27,09:57:57,4.333333333333333,9.733250935872396,0
2013-08-27,10:02:57,4.4,11.599922180175781,0.5333333333333333
2013-08-27,10:07:57,4.2,13.133265177408852,0.4
2013-08-27,10:12:57,4.333333333333333,10.866584777832031,0.3333333333333333
2013-08-27,10:17:57,4.266666666666667,11.133206685384113,0.06666666666666668
2013-08-27,10:22:57,4.4,10.53320566813151,0.26666666666666666
2013-08-27,10:27:57,4.2,9.733238220214844,0.13333333333333333
2013-08-27,10:32:56,4.2,9.066581726074219,0.13333333333333333
2013-08-27,10:37:56,4.2,7.733281453450519,0
2013-08-27,10:42:56,4.4,11.59989674886068,0.06666666666666668
2013-08-27,10:47:56,4.2,12.39990234375,0.13333333333333333
2013-08-27,10:52:56,4.2,8.799896240234375,0
2013-08-27,10:57:57,4.2,10.599899291992188,0.4666666666666667
2013-08-27,11:02:57,4.4,8.333244323730469,0.3333333333333333
2013-08-27,11:07:57,4.4,12.39990234375,0.2
2013-08-27,11:12:57,4.266666666666667,10.19989013671875,0.2
2013-08-27,11:17:57,4.2,7.66656239827474,0
2013-08-27,11:22:57,4.266666666666667,9.399833679199219,0.4
2013-08-27,11:27:57,4.2,9.799880981445312,0.13333333333333333
2013-08-27,11:32:57,4.2,10.999870300292969,0.06666666666666668
2013-08-27,11:37:57,4.2,9.266535441080729,0.06666666666666668
2013-08-27,11:42:57,4.4,11.533215840657554,0.13333333333333333
2013-08-27,11:47:57,4.2,11.399879455566406,0.8666666666666667
2013-08-27,11:52:57,4.2,11.799888610839844,0.3333333333333333
2013-08-27,11:57:57,4.2,10.06659189860026,0.13333333333333333
2013-08-27,12:02:57,4.4,10.399856567382812,0.4666666666666667
2013-08-27,12:07:57,4.2,9.733174641927084,0.13333333333333333
2013-08-27,12:12:57,4.2,9.79986826578776,0.13333333333333333
2013-08-27,12:17:57,4.2,7.999954223632813,0
2013-08-27,12:22:57,4.266666666666667,10.33320109049479,0.4
2013-08-27,12:27:57,4.2,9.933242797851562,0.06666666666666668
2013-08-27,12:32:57,4.466666666666667,9.799906412760414,0.2
2013-08-27,12:37:57,4.4,11.733220418294273,0.26666666666666666
2013-08-27,12:42:57,4.466666666666667,11.533215840657554,0.26666666666666666
2013-08-27,12:47:57,4.2,10.599873860677084,0
2013-08-27,12:52:57,4.266666666666667,10.266545613606771,0.5333333333333333
2013-08-27,12:57:57,4.266666666666667,10.733210245768229,0
2013-08-27,13:02:57,4.933333333333334,11.866607666015625,0.2
2013-08-27,13:07:57,4.2,10.13318379720052,0.3333333333333333
2013-08-27,13:12:57,4.2,9.666544596354166,0.26666666666666666
2013-08-27,13:17:57,4.2,10.466524759928383,0.2
2013-08-27,13:22:57,4.266666666666667,11.466547648111977,0.4
2013-08-27,13:27:57,4.2,11.266543070475258,0.4666666666666667
2013-08-27,13:32:57,4.2,8.466580708821615,0
2013-08-27,13:37:57,4.2,9.266599019368488,0.8
2013-08-27,13:42:57,4.466666666666667,13.666598002115881,0.26666666666666666
2013-08-27,13:47:57,4.2,12.39990234375,0.06666666666666668
2013-08-27,13:52:57,4.266666666666667,8.999900817871094,0.3333333333333333
2013-08-27,13:57:57,4.2,8.599929809570312,0
2013-08-27,14:02:57,4.466666666666667,10.19989013671875,0.2
2013-08-27,14:07:57,4.2,8.799896240234375,0.4
2013-08-27,14:12:57,4.2,8.13323974609375,0.26666666666666666
2013-08-27,14:17:58,4.2,9.533233642578125,0.2
2013-08-27,14:22:58,4.466666666666667,11.399879455566406,0.3333333333333333
2013-08-27,14:27:58,4.466666666666667,10.86653391520182,0.3333333333333333
2013-08-27,14:32:58,4.2,11.199874877929688,0.13333333333333333
2013-08-27,14:37:58,4.133333333333333,10.533231099446615,0
2013-08-27,14:42:58,4.4,14.399871826171875,0.06666666666666668
2013-08-27,14:47:58,4.2,9.733174641927084,0.2
2013-08-27,14:52:58,4.2,9.266522725423178,0
2013-08-27,14:57:58,4.2,8.599942525227865,0.3333333333333333
2013-08-27,15:02:58,4.8,9.599939982096354,0.2
2013-08-27,15:07:58,5.133333333333334,10.86653391520182,0.26666666666666666
2013-08-27,15:12:58,4.333333333333333,10.133234659830729,0.4
2013-08-27,15:17:58,4.2,11.399879455566406,0.3333333333333333
2013-08-27,15:22:58,4.266666666666667,8.199920654296875,0.26666666666666666
2013-08-27,15:27:58,4.2,12.133242289225258,0
2013-08-27,15:32:58,4.666666666666667,9.799842834472656,0.26666666666666666
2013-08-27,15:37:58,4.2,10.86653391520182,0.06666666666666668
2013-08-27,15:42:58,4.466666666666667,11.733220418294273,0.26666666666666666
2013-08-27,15:47:58,4.2,10.599861145019531,0.06666666666666668
2013-08-27,15:52:58,4.2,9.799880981445312,0.4
2013-08-27,15:57:58,4.2,9.999923706054688,0.06666666666666668
2013-08-27,16:02:58,4.266666666666667,11.06653849283854,0.26666666666666666
2013-08-27,16:07:58,4.066666666666666,10.13318379720052,0.13333333333333333
2013-08-27,16:12:58,4.066666666666666,9.933217366536457,0.4
2013-08-27,16:17:58,4.6,9.599838256835938,0.4
2013-08-27,16:22:58,5.266666666666667,10.599899291992188,0.4
2013-08-27,16:27:58,4.733333333333333,9.266548156738281,0
2013-08-27,16:32:58,4.6,10.79986572265625,0.06666666666666668
2013-08-27,16:37:58,5.2,8.199958801269531,0
2013-08-27,16:42:58,5.066666666666666,10.733235677083332,0.3333333333333333
2013-08-27,16:47:58,4.4,11.133206685384113,0
2013-08-27,16:52:58,4.933333333333334,12.39990234375,0.5333333333333333
2013-08-27,16:57:58,5.133333333333334,11.866556803385414,0.06666666666666668
2013-08-27,17:02:58,4.8,10.399894714355469,0.8666666666666667
2013-08-27,17:07:58,4.666666666666667,10.399894714355469,0.4666666666666667
2013-08-27,17:12:58,4.933333333333334,10.599899291992188,0.26666666666666666
2013-08-27,17:17:58,4.6,9.266548156738281,0
2013-08-27,17:22:58,5.4,9.533208211263021,0.5333333333333333
2013-08-27,17:27:58,4.533333333333333,8.59991709391276,0.06666666666666668
2013-08-27,17:32:58,4.2,8.799896240234375,0.4
2013-08-27,17:37:59,4.733333333333333,9.066569010416666,0
2013-08-27,17:42:59,5.466666666666666,12.599906921386719,0.2
2013-08-27,17:47:59,6.8,18.93319447835286,0.06666666666666668
2013-08-27,17:52:59,4.933333333333334,35.93324025472005,0.06666666666666668
2013-08-27,17:57:59,4.6,18.933245340983074,0.26666666666666666
2013-08-27,18:02:59,4.6,17.199935913085938,0.2
2013-08-27,18:07:59,5.2,12.333234151204426,0.13333333333333333
2013-08-27,18:12:59,5.2,9.533182779947916,0.13333333333333333
2013-08-27,18:17:59,5.466666666666666,9.06659444173177,0.3333333333333333
2013-08-27,18:22:59,4.933333333333334,10.799903869628906,0.26666666666666666
2013-08-27,18:27:59,5.066666666666666,10.66656748453776,0.6
2013-08-27,18:32:59,5.2,10.599861145019531,0.13333333333333333
2013-08-27,18:37:59,5.066666666666666,9.199867248535156,0.26666666666666666
2013-08-27,18:42:59,5.466666666666666,12.39990234375,1.0666666666666669
2013-08-27,18:47:59,5.333333333333334,8.199958801269531,0
2013-08-27,18:52:59,5.2,10.333226521809896,0.06666666666666668
2013-08-27,18:57:59,5.2,12.599868774414064,0.06666666666666668
2013-08-27,19:02:59,5.133333333333334,9.666531880696615,0.2
2013-08-27,19:07:59,4.866666666666667,10.333226521809896,0.2
2013-08-27,19:12:59,5.066666666666666,10.266583760579428,0.06666666666666668
2013-08-27,19:17:59,5.2,10.399907430013021,0.13333333333333333
2013-08-27,19:22:59,5.133333333333334,9.933217366536457,0.5333333333333333
2013-08-27,19:27:59,5.2,8.933296203613281,0.06666666666666668
2013-08-27,19:32:59,5.2,8.466631571451822,0.06666666666666668
2013-08-27,19:37:59,5.0,7.066637674967448,0.06666666666666668
2013-08-27,19:42:59,5.333333333333334,10.399881998697916,0
2013-08-27,19:47:59,5.133333333333334,9.733212788899738,0
2013-08-27,19:52:59,5.133333333333334,8.933245340983072,0
2013-08-27,19:57:59,5.0,7.999979654947918,0.2
2013-08-27,20:02:59,5.133333333333334,9.799919128417969,0.6
2013-08-27,20:07:59,5.133333333333334,8.533274332682293,0.2
2013-08-27,20:12:59,5.066666666666666,7.533276875813801,0
2013-08-27,20:17:59,5.2,9.133275349934895,0
2013-08-27,20:22:59,5.133333333333334,9.466540018717447,0.9333333333333332
2013-08-27,20:27:59,5.133333333333334,12.599906921386719,0.4
2013-08-27,20:32:59,5.066666666666666,9.599876403808594,0.6
2013-08-27,20:37:59,5.066666666666666,9.599876403808594,0.06666666666666668
2013-08-27,20:42:59,5.266666666666667,11.799888610839844,0.13333333333333333
2013-08-27,20:47:59,5.133333333333334,8.999900817871094,0.06666666666666668
2013-08-27,20:52:59,5.133333333333334,8.799934387207031,0.13333333333333333
2013-08-27,20:57:59,5.2,8.866564432779947,0.13333333333333333
2013-08-27,21:02:59,5.2,10.333213806152344,0.2
2013-08-27,21:07:59,5.133333333333334,10.79986572265625,0.7333333333333333
2013-08-27,21:12:59,5.0,10.133221944173178,0.13333333333333333
2013-08-27,21:17:59,5.2,10.266558329264322,0.06666666666666668
2013-08-27,21:22:59,5.2,11.399879455566406,0.2
2013-08-27,21:27:59,5.066666666666666,11.999893188476562,0
2013-08-27,21:32:59,5.066666666666666,9.799880981445312,0
2013-08-27,21:37:59,4.866666666666667,9.866549173990885,0.13333333333333333
2013-08-27,21:42:59,5.133333333333334,12.933209737141926,0.06666666666666668
2013-08-27,21:47:59,5.066666666666666,10.533192952473959,0.26666666666666666
2013-08-27,21:53:00,5.2,8.733266194661459,0.06666666666666668
2013-08-27,21:58:00,5.2,9.933217366536457,0.3333333333333333
2013-08-27,22:03:00,5.133333333333334,10.799903869628906,0.5333333333333333
2013-08-27,22:08:00,5.066666666666666,8.666585286458334,0.2
2013-08-27,22:13:00,5.133333333333334,9.266599019368488,0.2
2013-08-27,22:18:00,5.2,7.1999359130859375,0.5333333333333333
2013-08-27,22:23:00,5.066666666666666,9.733250935872396,0.5333333333333333
2013-08-27,22:28:00,5.133333333333334,10.933202107747398,0.5333333333333333
2013-08-27,22:33:00,5.133333333333334,11.06653849283854,0.06666666666666668
2013-08-27,22:38:00,5.2,9.799842834472656,0.13333333333333333
2013-08-27,22:43:00,5.333333333333334,10.933202107747398,0.2
2013-08-27,22:48:00,4.933333333333334,8.199920654296875,0
2013-08-27,22:53:00,5.2,9.799880981445312,0.06666666666666668
2013-08-27,22:58:00,5.066666666666666,10.333188374837238,0
2013-08-27,23:03:00,5.2,11.999893188476562,0.4666666666666667
2013-08-27,23:08:00,4.933333333333334,9.799919128417969,0.13333333333333333
2013-08-27,23:13:00,4.866666666666667,8.266588846842447,0
2013-08-27,23:18:00,4.933333333333334,9.399871826171875,0.06666666666666668
2013-08-27,23:23:00,5.2,10.999870300292969,0.26666666666666666
2013-08-27,23:28:00,5.2,11.199874877929688,0
2013-08-27,23:33:00,5.2,9.999910990397135,0.3333333333333333
2013-08-27,23:38:00,4.866666666666667,7.599983215332032,0
2013-08-27,23:43:00,5.133333333333334,11.333211263020832,0.4666666666666667
2013-08-27,23:48:00,5.066666666666666,10.533192952473959,0.2
2013-08-27,23:53:00,5.066666666666666,8.73321533203125,0
2013-08-27,23:58:00,5.0,9.13323720296224,0.5333333333333333
2013-08-28,00:03:00,5.2,8.999900817871094,0.5333333333333333
2013-08-28,00:08:00,5.133333333333334,10.999870300292969,0.26666666666666666
2013-08-28,00:13:00,5.0,8.066596984863281,0.06666666666666668
2013-08-28,00:18:00,5.2,9.533233642578125,0.06666666666666668
2013-08-28,00:23:01,5.2,11.599884033203125,0.26666666666666666
2013-08-28,00:28:01,5.2,12.533238728841145,0.26666666666666666
2013-08-28,00:33:01,5.066666666666666,12.866541544596352,0.13333333333333333
2013-08-28,00:38:01,5.2,10.266532897949219,0
2013-08-28,00:43:01,5.2,13.26655069986979,0
2013-08-28,00:48:01,5.133333333333334,11.999893188476562,0
2013-08-28,00:53:01,5.066666666666666,8.199882507324219,0
2013-08-28,00:58:01,5.066666666666666,9.799919128417969,0.3333333333333333
2013-08-28,01:03:01,6.4,25.39989471435547,0.2
2013-08-28,01:08:01,5.066666666666666,14.19990539550781,0.13333333333333333
2013-08-28,01:13:01,5.133333333333334,12.999916076660156,0.06666666666666668
2013-08-28,01:18:01,5.2,8.666610717773438,0.7333333333333333
2013-08-28,01:23:01,5.133333333333334,8.666610717773438,0.5333333333333333
2013-08-28,01:28:01,5.066666666666666,9.999923706054688,0.13333333333333333
2013-08-28,01:33:01,5.066666666666666,10.266520182291666,0.26666666666666666
2013-08-28,01:38:01,5.066666666666666,10.533192952473959,0
2013-08-28,01:43:01,5.4,12.199897766113281,0.5333333333333333
2013-08-28,01:48:01,5.133333333333334,8.866564432779947,0.26666666666666666
2013-08-28,01:53:01,5.133333333333334,10.133221944173178,0
2013-08-28,01:58:01,5.2,9.199918111165363,0.13333333333333333
2013-08-28,02:03:01,5.2,10.266558329264322,0.3333333333333333
2013-08-28,02:08:01,5.133333333333334,10.999908447265625,0.13333333333333333
2013-08-28,02:13:01,5.133333333333334,10.599899291992188,0.2
2013-08-28,02:18:01,5.2,10.466537475585938,0.06666666666666668
2013-08-28,02:23:01,5.133333333333334,9.466552734375,0.3333333333333333
2013-08-28,02:28:01,5.133333333333334,8.999951680501301,0.06666666666666668
2013-08-28,02:33:01,5.066666666666666,8.399887084960938,0
2013-08-28,02:38:01,5.066666666666666,8.733266194661459,0
2013-08-28,02:43:01,5.266666666666667,12.39990234375,0.26666666666666666
2013-08-28,02:48:01,5.2,10.399894714355469,0.26666666666666666
2013-08-28,02:53:01,5.133333333333334,8.266588846842447,0.06666666666666668
2013-08-28,02:58:01,5.2,11.799888610839844,0.06666666666666668
2013-08-28,03:03:01,5.2,8.799934387207031,0.4666666666666667
2013-08-28,03:08:01,5.133333333333334,8.066584269205729,0.26666666666666666
2013-08-28,03:13:01,5.133333333333334,8.599853515625,0.13333333333333333
2013-08-28,03:18:01,5.2,8.266614278157553,0.26666666666666666
2013-08-28,03:23:01,5.2,11.06658935546875,0.8
2013-08-28,03:28:01,5.133333333333334,10.79986572265625,0.4666666666666667
2013-08-28,03:33:02,4.933333333333334,10.86653391520182,0.13333333333333333
2013-08-28,03:38:02,5.0,11.53325398763021,0
2013-08-28,03:43:02,5.333333333333334,13.199920654296877,0.13333333333333333
2013-08-28,03:48:02,5.2,9.799893697102863,0.06666666666666668
2013-08-28,03:53:02,5.2,8.13323974609375,0.06666666666666668
2013-08-28,03:58:02,5.133333333333334,9.733250935872396,0
2013-08-28,04:03:02,5.266666666666667,9.533246358235676,0.3333333333333333
2013-08-28,04:08:02,5.2,10.799929300944008,0.2
2013-08-28,04:13:02,5.133333333333334,9.266637166341146,0.4
2013-08-28,04:18:02,5.066666666666666,8.533210754394531,0
2013-08-28,04:23:02,5.2,9.066607157389322,0.26666666666666666
2013-08-28,04:28:02,5.133333333333334,12.133229573567707,0.06666666666666668
2013-08-28,04:33:02,5.0,9.799842834472656,0
2013-08-28,04:38:02,5.066666666666666,8.866539001464844,0.06666666666666668
2013-08-28,04:43:02,5.2,11.199874877929688,0.4666666666666667
2013-08-28,04:48:02,5.066666666666666,9.999885559082031,0
2013-08-28,04:53:02,5.2,10.79986572265625,0.4
2013-08-28,04:58:02,5.333333333333334,9.199905395507812,0.26666666666666666
2013-08-28,05:03:02,5.266666666666667,9.59991455078125,0.5333333333333333
2013-08-28,05:08:02,5.133333333333334,9.599901835123697,0.13333333333333333
2013-08-28,05:13:02,5.066666666666666,8.399925231933594,0.4
2013-08-28,05:18:02,5.066666666666666,9.466552734375,0.13333333333333333
2013-08-28,05:23:02,5.2,10.199851989746094,0.4666666666666667
2013-08-28,05:28:02,5.133333333333334,11.133232116699219,0.06666666666666668
2013-08-28,05:33:02,5.133333333333334,7.666651407877606,0
2013-08-28,05:38:02,5.066666666666666,9.999860127766926,0.06666666666666668
2013-08-28,05:43:02,5.4,13.133252461751303,0.06666666666666668
2013-08-28,05:48:02,5.2,9.866561889648438,0.06666666666666668
2013-08-28,05:53:02,5.2,9.399859110514322,0
2013-08-28,05:58:02,5.066666666666666,9.666519165039062,0.13333333333333333
2013-08-28,06:03:02,5.266666666666667,8.866526285807291,0.5333333333333333
2013-08-28,06:08:02,5.0,9.799906412760414,0.13333333333333333
2013-08-28,06:13:02,5.066666666666666,12.999916076660156,0.13333333333333333
2013-08-28,06:18:02,5.2,8.599891662597656,0
2013-08-28,06:23:02,5.2,10.533192952473959,0.5333333333333333
2013-08-28,06:28:02,5.2,12.399864196777344,0.6666666666666666
2013-08-28,06:33:02,5.133333333333334,12.733243306477867,0
2013-08-28,06:38:02,5.133333333333334,9.999885559082031,0.3333333333333333
2013-08-28,06:43:02,5.4,12.39990234375,0.13333333333333333
2013-08-28,06:48:02,5.2,10.599861145019531,0.26666666666666666
2013-08-28,06:53:02,5.2,10.599861145019531,0.13333333333333333
2013-08-28,06:58:02,5.133333333333334,9.399909973144531,0
2013-08-28,07:03:02,5.266666666666667,9.866549173990885,0.3333333333333333
2013-08-28,07:08:02,5.133333333333334,9.599889119466145,0.5333333333333333
2013-08-28,07:13:02,5.2,8.666598002115885,0.13333333333333333
2013-08-28,07:18:02,5.2,8.133277893066406,0.06666666666666668
2013-08-28,07:23:02,5.2,7.266642252604166,0.26666666666666666
2013-08-28,07:28:02,5.066666666666666,8.666572570800781,0
2013-08-28,07:33:02,4.933333333333334,8.466580708821615,0
2013-08-28,07:38:03,5.066666666666666,8.666585286458334,0.06666666666666668
2013-08-28,07:43:03,5.333333333333334,12.599906921386719,0.3333333333333333
2013-08-28,07:48:03,5.066666666666666,10.19989013671875,0
2013-08-28,07:53:03,5.2,10.266545613606771,0.06666666666666668
2013-08-28,07:58:03,5.133333333333334,10.599861145019531,0.06666666666666668
2013-08-28,08:03:03,5.333333333333334,10.466524759928383,0.26666666666666666
2013-08-28,08:08:03,5.133333333333334,9.666544596354166,0.13333333333333333
2013-08-28,08:13:03,5.133333333333334,8.999951680501301,0.4
2013-08-28,08:18:03,5.0,9.199943542480469,0.3333333333333333
2013-08-28,08:23:03,5.2,8.666559855143227,0.3333333333333333
2013-08-28,08:28:03,5.2,10.399881998697916,0.4
2013-08-28,08:33:03,5.133333333333334,10.199928283691406,0.4666666666666667
2013-08-28,08:38:03,5.0,11.39984130859375,0.06666666666666668
2013-08-28,08:43:03,4.75,8.083264032999676,0.09090909090909093
2013-08-28,08:48:03,4.2,11.399917602539062,0.2
2013-08-28,08:53:03,4.133333333333333,9.933242797851562,0.3333333333333333
2013-08-28,08:58:03,4.2,11.599922180175781,0.06666666666666668
2013-08-28,09:03:03,4.133333333333333,10.599861145019531,0.26666666666666666
2013-08-28,09:08:03,4.133333333333333,9.199905395507812,0.2
2013-08-28,09:13:03,4.2,8.933194478352863,0
2013-08-28,09:18:03,4.133333333333333,8.599942525227865,0.26666666666666666
2013-08-28,09:23:03,4.2,9.266548156738281,0.4
2013-08-28,09:28:03,4.2,10.333251953125,0
2013-08-28,09:33:03,4.133333333333333,11.53325398763021,0
2013-08-28,09:38:03,4.2,10.599861145019531,0
2013-08-28,09:43:03,4.4,12.533238728841145,0.06666666666666668
2013-08-28,09:48:03,6.2,23.599878946940102,0.5333333333333333
2013-08-28,09:53:03,4.133333333333333,34.13321177164714,0.06666666666666668
2013-08-28,09:58:03,4.2,18.799870808919266,0.13333333333333333
2013-08-28,10:03:03,4.333333333333333,12.866579691569008,0.5333333333333333
2013-08-28,10:08:03,4.133333333333333,11.866556803385414,0.4
2013-08-28,10:13:03,4.133333333333333,13.06658426920573,0.13333333333333333
2013-08-28,10:18:03,4.2,10.933202107747398,0.6
2013-08-28,10:23:03,4.2,8.666598002115885,0.4
2013-08-28,10:28:03,4.2,11.666552225748696,0.06666666666666668
2013-08-28,10:33:03,4.2,11.799888610839844,0.06666666666666668
2013-08-28,10:38:03,4.133333333333333,10.599861145019531,0
2013-08-28,10:43:03,4.266666666666667,15.533218383789062,0.13333333333333333
2013-08-28,10:48:03,4.066666666666666,11.533241271972656,0.26666666666666666
2013-08-28,10:53:03,4.133333333333333,11.399879455566406,0.13333333333333333
2013-08-28,10:58:04,4.133333333333333,9.66657002766927,0
2013-08-28,11:03:04,4.333333333333333,9.066581726074219,0.2
2013-08-28,11:08:04,4.2,8.866628011067707,0.13333333333333333
2013-08-28,11:13:04,4.2,9.7332763671875,0.4
2013-08-28,11:18:04,4.133333333333333,11.199874877929688,0.13333333333333333
2013-08-28,11:23:04,4.133333333333333,12.933247884114582,0.5333333333333333
2013-08-28,11:28:04,4.133333333333333,12.799911499023436,0.2
2013-08-28,11:33:04,4.066666666666666,10.79986572265625,0.7333333333333333
2013-08-28,11:38:04,4.133333333333333,9.399922688802082,0.26666666666666666
2013-08-28,11:43:04,4.333333333333333,13.799896240234375,0.13333333333333333
2013-08-28,11:48:04,4.2,9.799880981445312,0.26666666666666666
2013-08-28,11:53:04,4.2,8.599891662597656,0.06666666666666668
2013-08-28,11:58:04,4.2,8.933258056640625,0.4
2013-08-28,12:03:04,4.266666666666667,12.599906921386719,0.6
2013-08-28,12:08:04,4.2,9.399922688802082,0.2
2013-08-28,12:13:04,4.133333333333333,12.533251444498694,0.2
2013-08-28,12:18:04,4.066666666666666,11.06653849283854,0.3333333333333333
2013-08-28,12:23:04,4.133333333333333,11.799888610839844,0.3333333333333333
2013-08-28,12:28:04,4.133333333333333,10.86653391520182,0
2013-08-28,12:33:04,4.2,8.266614278157553,0.2
2013-08-28,12:38:04,4.2,10.666580200195312,0.13333333333333333
2013-08-28,12:43:04,4.4,12.599868774414064,0.13333333333333333
2013-08-28,12:48:04,4.133333333333333,11.799888610839844,0
2013-08-28,12:53:04,4.066666666666666,10.466524759928383,0.06666666666666668
2013-08-28,12:58:04,4.066666666666666,10.599899291992188,0.3333333333333333
2013-08-28,13:03:04,4.266666666666667,9.933179219563803,0.2
2013-08-28,13:08:04,4.066666666666666,9.866549173990885,0.4666666666666667
2013-08-28,13:13:04,4.133333333333333,9.666519165039062,0.4
2013-08-28,13:18:04,4.066666666666666,9.933268229166666,0.13333333333333333
2013-08-28,13:23:04,4.133333333333333,10.999870300292969,0.4666666666666667
2013-08-28,13:28:04,4.2,10.333188374837238,0.2
2013-08-28,13:33:04,4.2,10.066553751627602,0.06666666666666668
2013-08-28,13:38:04,4.2,10.399856567382812,0
2013-08-28,13:43:04,4.333333333333333,14.666544596354164,0.13333333333333333
2013-08-28,13:48:04,4.066666666666666,10.466524759928383,0.3333333333333333
2013-08-28,13:53:04,4.133333333333333,7.799962361653646,0
2013-08-28,13:58:04,4.2,9.79986826578776,0.26666666666666666
2013-08-28,14:03:04,4.2,9.466527303059896,0.3333333333333333
2013-08-28,14:08:04,4.2,10.399856567382812,0.2
2013-08-28,14:13:04,4.2,10.999870300292969,0.4666666666666667
2013-08-28,14:18:04,4.133333333333333,9.999885559082031,0.06666666666666668
2013-08-28,14:23:04,4.2,9.199867248535156,0.4
2013-08-28,14:28:04,4.2,11.599884033203125,0.13333333333333333
2013-08-28,14:33:04,4.066666666666666,11.199913024902344,0.13333333333333333
2013-08-28,14:38:04,4.133333333333333,10.999870300292969,0.5333333333333333
2013-08-28,14:43:04,4.333333333333333,12.199897766113281,0.5333333333333333
2013-08-28,14:48:04,4.2,10.266520182291666,0.3333333333333333
2013-08-28,14:53:04,4.133333333333333,11.7999267578125,0.2
2013-08-28,14:58:04,4.2,8.666547139485676,0.2
2013-08-28,15:03:04,4.2,9.999885559082031,0.3333333333333333
2013-08-28,15:08:04,4.133333333333333,9.199879964192709,0.13333333333333333
2013-08-28,15:13:04,4.066666666666666,10.86653391520182,0.06666666666666668
2013-08-28,15:18:04,4.066666666666666,9.933217366536457,0.06666666666666668
2013-08-28,15:23:04,4.066666666666666,12.133229573567707,0.4
2013-08-28,15:28:04,4.0,9.266573588053385,0
2013-08-28,15:33:04,4.066666666666666,9.999885559082031,0.06666666666666668
2013-08-28,15:38:04,4.133333333333333,9.199918111165363,0.4
2013-08-28,15:43:04,4.4,15.26655832926432,0.6666666666666666
2013-08-28,15:48:04,4.2,10.599861145019531,0.06666666666666668
2013-08-28,15:53:04,4.2,8.533223470052082,0
2013-08-28,15:58:04,4.2,10.133221944173178,0.06666666666666668
2013-08-28,16:03:04,4.266666666666667,10.0665283203125,0.3333333333333333
2013-08-28,16:08:04,4.133333333333333,8.733266194661459,0.4666666666666667
2013-08-28,16:13:04,4.133333333333333,8.733253479003906,0.06666666666666668
2013-08-28,16:18:04,4.133333333333333,9.733225504557291,0
2013-08-28,16:23:04,4.2,11.266568501790367,0.26666666666666666
2013-08-28,16:28:04,4.2,9.533246358235676,0.13333333333333333
2013-08-28,16:33:05,4.2,10.666529337565104,0.26666666666666666
2013-08-28,16:38:05,4.2,10.599861145019531,0.4
2013-08-28,16:43:05,4.4,13.133252461751303,0.06666666666666668
2013-08-28,16:48:05,4.133333333333333,11.399879455566406,0.06666666666666668
2013-08-28,16:53:05,4.133333333333333,8.933245340983072,0
2013-08-28,16:58:05,4.2,9.799880981445312,0.06666666666666668
2013-08-28,17:03:05,4.333333333333333,8.866602579752604,0.3333333333333333
2013-08-28,17:08:05,4.2,10.19989013671875,0.3333333333333333
2013-08-28,17:13:05,4.2,10.399894714355469,0
2013-08-28,17:18:05,4.2,9.266522725423178,0
2013-08-28,17:23:05,6.0,13.266537984212242,1.1333333333333333
2013-08-28,17:28:05,8.066666666666666,32.59990692138672,0.7333333333333333
2013-08-28,17:33:05,8.866666666666667,28.999900817871094,0.6
2013-08-28,17:38:05,6.666666666666666,26.799850463867188,1.3333333333333333
2013-08-28,17:43:05,7.066666666666666,19.799880981445312,0.8666666666666667
2013-08-28,17:48:05,6.8,19.733212788899742,0.2
2013-08-28,17:53:05,5.666666666666666,21.866582234700523,0.4666666666666667
2013-08-28,17:58:05,5.866666666666666,13.06658426920573,0.4666666666666667
2013-08-28,18:03:05,5.7333333333333325,9.199905395507812,0.4666666666666667
2013-08-28,18:08:05,5.533333333333334,8.666623433430988,0.4666666666666667
2013-08-28,18:13:05,6.533333333333334,13.599929809570312,0.6
2013-08-28,18:18:05,5.6,19.999923706054688,0.5333333333333333
2013-08-28,18:23:05,5.6,14.799906412760414,0.6666666666666666
2013-08-28,18:28:05,5.7333333333333325,11.466547648111977,0.8
2013-08-28,18:33:05,5.666666666666666,10.333188374837238,0.4
2013-08-28,18:38:05,5.666666666666666,9.533246358235676,0.4
2013-08-28,18:43:05,6.0,15.199928283691404,0.3333333333333333
2013-08-28,18:48:05,6.2,11.999893188476562,0.5333333333333333
2013-08-28,18:53:05,5.7333333333333325,15.999908447265627,0.2
2013-08-28,18:58:05,5.666666666666666,11.599884033203125,0.5333333333333333
2013-08-28,19:03:05,5.7333333333333325,10.599861145019531,0.3333333333333333
2013-08-28,19:08:05,5.866666666666666,13.26655069986979,0.7333333333333333
2013-08-28,19:13:05,5.7333333333333325,11.133219401041664,1.2666666666666666
2013-08-28,19:18:05,5.266666666666667,12.199885050455727,0.13333333333333333
2013-08-28,19:23:06,4.6,11.866556803385414,0.6666666666666666
2013-08-28,19:28:06,4.2,12.599906921386719,0.06666666666666668
2013-08-28,19:33:06,4.4,11.599884033203125,0.06666666666666668
2013-08-28,19:38:06,4.333333333333333,11.933224995930992,0
2013-08-28,19:43:06,4.4,10.733197530110678,0
2013-08-28,19:48:06,4.2,9.399909973144531,0.06666666666666668
2013-08-28,19:53:06,4.2,9.733263651529947,0
2013-08-28,19:58:06,4.266666666666667,11.133232116699219,0.4666666666666667
2013-08-28,20:03:06,4.466666666666667,10.399856567382812,0.5333333333333333
2013-08-28,20:08:06,4.133333333333333,8.799934387207031,0.2
2013-08-28,20:13:06,4.266666666666667,10.79986572265625,0
2013-08-28,20:18:06,4.2,9.199867248535156,0
2013-08-28,20:23:06,4.466666666666667,10.399856567382812,0.4
2013-08-28,20:28:06,4.2,10.19989013671875,0.13333333333333333
2013-08-28,20:33:06,4.2,11.199874877929688,0
2013-08-28,20:38:06,4.2,10.466524759928383,0
2013-08-28,20:43:06,4.4,12.133229573567707,0.06666666666666668
2013-08-28,20:48:06,4.266666666666667,10.866559346516926,0.06666666666666668
2013-08-28,20:53:06,4.2,9.799880981445312,0
2013-08-28,20:58:06,4.2,9.199867248535156,0.13333333333333333
2013-08-28,21:03:06,4.533333333333333,11.399879455566406,1.3333333333333333
2013-08-28,21:08:06,4.2,8.733228047688803,0.5333333333333333
2013-08-28,21:13:06,4.133333333333333,10.86653391520182,0.06666666666666668
2013-08-28,21:18:06,4.2,9.933217366536457,0.06666666666666668
2013-08-28,21:23:06,4.2,10.86653391520182,0.26666666666666666
2013-08-28,21:28:06,4.2,9.66658274332682,0.06666666666666668
2013-08-28,21:33:06,4.2,8.733240763346354,0.06666666666666668
2013-08-28,21:38:06,4.2,11.333211263020832,0
2013-08-28,21:43:06,4.533333333333333,10.133196512858072,0.13333333333333333
2013-08-28,21:48:06,4.333333333333333,9.266522725423178,0
2013-08-28,21:53:07,4.2,10.799903869628906,0.26666666666666666
2013-08-28,21:58:07,4.266666666666667,10.199928283691406,0.4
2013-08-28,22:03:07,4.466666666666667,10.666554768880209,0.3333333333333333
2013-08-28,22:08:07,4.266666666666667,9.666544596354166,0.2
2013-08-28,22:13:07,4.333333333333333,8.53326161702474,0.26666666666666666
2013-08-28,22:18:07,4.2,14.399897257486977,0
2013-08-28,22:23:07,4.4,13.733240763346352,0.26666666666666666
2013-08-28,22:28:07,4.333333333333333,11.533215840657554,0.26666666666666666
2013-08-28,22:33:07,4.266666666666667,9.399909973144531,0.4
2013-08-28,22:38:07,4.2,9.999847412109375,0.26666666666666666
2013-08-28,22:43:07,4.466666666666667,11.799888610839844,0
2013-08-28,22:48:06,4.266666666666667,9.799842834472656,0.26666666666666666
2013-08-28,22:53:06,4.2,8.266550699869791,0.3333333333333333
2013-08-28,22:58:06,4.2,10.333226521809896,0.06666666666666668
2013-08-28,23:03:06,4.466666666666667,11.999931335449219,0.26666666666666666
2013-08-28,23:08:06,4.266666666666667,9.799919128417969,0.3333333333333333
2013-08-28,23:13:06,4.2,8.999900817871094,0
2013-08-28,23:18:06,4.2,7.1999359130859375,0
2013-08-28,23:23:06,4.266666666666667,11.733220418294273,0.26666666666666666
2013-08-28,23:28:06,4.2,13.599891662597658,0.06666666666666668
2013-08-28,23:33:06,4.2,10.333188374837238,0.5333333333333333
2013-08-28,23:38:06,4.2,13.999900817871094,0
2013-08-28,23:43:06,4.466666666666667,13.533261617024738,0.4666666666666667
2013-08-28,23:48:06,4.2,11.466547648111977,0.06666666666666668
2013-08-28,23:53:06,4.266666666666667,11.199874877929688,0.13333333333333333
2013-08-28,23:58:06,4.266666666666667,10.733197530110678,0.13333333333333333
2013-08-29,00:03:07,4.4,10.066515604654947,0.26666666666666666
2013-08-29,00:08:07,4.266666666666667,11.933224995930992,0.2
2013-08-29,00:13:07,4.2,11.199874877929688,0
2013-08-29,00:18:07,4.2,13.666598002115881,0
2013-08-29,00:23:07,4.2,12.999916076660156,0.6
2013-08-29,00:28:07,4.266666666666667,13.266588846842446,0.4666666666666667
2013-08-29,00:33:07,4.2,11.06653849283854,0.3333333333333333
2013-08-29,00:38:07,4.266666666666667,9.799842834472656,0.4666666666666667
2013-08-29,00:43:07,4.466666666666667,13.399925231933594,0
2013-08-29,00:48:07,4.2,11.533215840657554,0
2013-08-29,00:53:07,4.2,8.666559855143227,0.06666666666666668
2013-08-29,00:58:07,4.2,10.99989573160807,0
2013-08-29,01:03:07,5.866666666666666,22.86654154459636,0.2
2013-08-29,01:08:07,4.333333333333333,15.999895731608074,0.13333333333333333
2013-08-29,01:13:07,4.266666666666667,14.066556294759113,0
2013-08-29,01:18:07,4.333333333333333,11.733220418294273,0.3333333333333333
2013-08-29,01:23:07,4.2,11.199874877929688,0.26666666666666666
2013-08-29,01:28:07,4.333333333333333,10.13318379720052,0.4666666666666667
2013-08-29,01:33:07,6.333333333333334,37.399915059407554,0.13333333333333333
2013-08-29,01:38:07,4.266666666666667,21.399879455566406,0.2
2013-08-29,01:43:07,4.466666666666667,15.399894714355469,0.2
2013-08-29,01:48:07,4.2,10.79986572265625,0
2013-08-29,01:53:07,4.2,11.333211263020832,0.06666666666666668
2013-08-29,01:58:07,4.2,11.399917602539062,0.13333333333333333
2013-08-29,02:03:07,4.4,9.999885559082031,0.2
2013-08-29,02:08:08,4.266666666666667,10.199928283691406,0.3333333333333333
2013-08-29,02:13:08,4.2,9.46650187174479,0.4666666666666667
2013-08-29,02:18:08,4.466666666666667,10.46655019124349,0.6
2013-08-29,02:23:08,4.266666666666667,9.533208211263021,0.26666666666666666
2013-08-29,02:28:08,4.266666666666667,10.533192952473959,0.13333333333333333
2013-08-29,02:33:08,4.266666666666667,10.266520182291666,0.4
2013-08-29,02:38:08,4.2,8.199920654296875,0
2013-08-29,02:43:08,4.4,13.933270772298176,0.06666666666666668
2013-08-29,02:48:08,4.4,9.533220926920572,0.06666666666666668
2013-08-29,02:53:08,4.4,9.266548156738281,0
2013-08-29,02:58:08,4.333333333333333,9.999885559082031,0.06666666666666668
2013-08-29,03:03:08,4.4,10.599861145019531,0.4666666666666667
2013-08-29,03:08:08,4.266666666666667,8.266588846842447,0.13333333333333333
2013-08-29,03:13:08,4.2,10.19989013671875,0.06666666666666668
2013-08-29,03:18:08,4.2,11.66656494140625,0.5333333333333333
2013-08-29,03:23:08,4.2,10.999870300292969,0.2
2013-08-29,03:28:08,4.2,9.999847412109375,0
2013-08-29,03:33:08,4.2,9.933242797851562,0.2
2013-08-29,03:38:08,4.2,11.599884033203125,0.06666666666666668
2013-08-29,03:43:08,4.4,12.333234151204426,0
2013-08-29,03:48:08,4.2,9.599863688151041,0.5333333333333333
2013-08-29,03:53:08,4.2,8.466567993164062,0.06666666666666668
2013-08-29,03:58:08,4.266666666666667,9.933217366536457,0.13333333333333333
2013-08-29,04:03:08,4.4,10.666529337565104,0.8666666666666667
2013-08-29,04:08:09,4.2,10.733235677083332,0.6
2013-08-29,04:13:09,4.2,10.86653391520182,0.06666666666666668
2013-08-29,04:18:09,4.2,10.066553751627602,0
2013-08-29,04:23:09,4.266666666666667,9.933280944824219,0.26666666666666666
2013-08-29,04:28:09,4.2,10.666542053222656,0
2013-08-29,04:33:09,4.2,10.266520182291666,0
2013-08-29,04:38:09,4.2,10.066566467285156,0.06666666666666668
2013-08-29,04:43:09,4.466666666666667,14.066569010416663,0
2013-08-29,04:48:09,4.2,10.466562906901041,0
2013-08-29,04:53:09,4.2,9.933217366536457,0.06666666666666668
2013-08-29,04:58:09,4.2,7.733294169108072,0.4
2013-08-29,05:03:09,4.4,8.466631571451822,0.2
2013-08-29,05:08:09,4.2,9.266599019368488,0.13333333333333333
2013-08-29,05:13:09,4.2,10.066515604654947,0.4666666666666667
2013-08-29,05:18:09,4.2,11.399879455566406,0.2
2013-08-29,05:23:09,4.2,9.666595458984375,0.26666666666666666
2013-08-29,05:28:09,4.2,10.866546630859375,0.4
2013-08-29,05:33:09,4.2,11.066551208496094,0.2
2013-08-29,05:38:09,4.266666666666667,9.733200073242188,0.3333333333333333
2013-08-29,05:43:09,4.4,12.333196004231773,0.26666666666666666
2013-08-29,05:48:09,4.2,11.799888610839844,0.13333333333333333
2013-08-29,05:53:09,4.2,11.199874877929688,0.3333333333333333
2013-08-29,05:58:09,4.2,10.19989013671875,0
2013-08-29,06:03:09,4.4,7.599945068359375,0.2
2013-08-29,06:08:09,4.333333333333333,9.599876403808594,0.26666666666666666
2013-08-29,06:13:09,4.266666666666667,11.399879455566406,0.13333333333333333
2013-08-29,06:18:09,4.2,10.399856567382812,0
2013-08-29,06:23:09,4.2,9.06659444173177,0.26666666666666666
2013-08-29,06:28:09,4.2,10.599899291992188,0.06666666666666668
2013-08-29,06:33:09,4.2,9.333229064941406,0
2013-08-29,06:38:09,4.2,10.133221944173178,0.06666666666666668
2013-08-29,06:43:09,4.4,14.599914550781252,0
2013-08-29,06:48:09,4.2,11.199874877929688,0
2013-08-29,06:53:09,4.2,11.799888610839844,0.13333333333333333
2013-08-29,06:58:10,4.266666666666667,10.266520182291666,0.26666666666666666
2013-08-29,07:03:10,4.266666666666667,8.799934387207031,0.3333333333333333
2013-08-29,07:08:10,4.266666666666667,9.999923706054688,0.2
2013-08-29,07:13:10,4.2,9.933242797851562,0.6
2013-08-29,07:18:10,4.2,7.199974060058594,0.26666666666666666
2013-08-29,07:23:10,4.2,9.933191935221354,0.3333333333333333
2013-08-29,07:28:10,4.2,10.533192952473959,0.6
2013-08-29,07:33:10,4.2,10.199851989746094,0
2013-08-29,07:38:10,4.266666666666667,9.733238220214844,0.06666666666666668
2013-08-29,07:43:10,4.533333333333333,13.199920654296877,0.13333333333333333
2013-08-29,07:48:10,4.2,8.999913533528646,0.4
2013-08-29,07:53:10,4.2,9.466565450032551,0
2013-08-29,07:58:09,4.2,10.53320566813151,0.06666666666666668
2013-08-29,08:03:09,4.4,10.466537475585938,0.26666666666666666
2013-08-29,08:08:09,4.2,13.333218892415363,0.13333333333333333
2013-08-29,08:13:09,4.2,10.266520182291666,0.06666666666666668
2013-08-29,08:18:09,4.2,11.399879455566406,0.2
2013-08-29,08:23:09,4.2,11.399917602539062,0.26666666666666666
2013-08-29,08:28:09,4.266666666666667,11.599884033203125,0.06666666666666668
2013-08-29,08:33:09,4.2,8.666559855143227,0.3333333333333333
2013-08-29,08:38:09,4.2,10.19989013671875,0
2013-08-29,08:43:09,4.4,12.999916076660156,0.4
2013-08-29,08:48:09,4.333333333333333,10.66656748453776,0.13333333333333333
2013-08-29,08:53:09,4.2,11.399879455566406,0.3333333333333333
2013-08-29,08:58:10,4.2,10.599861145019531,0.06666666666666668
2013-08-29,09:03:10,4.333333333333333,8.99993896484375,0.4666666666666667
2013-08-29,09:08:10,4.2,8.133252461751301,0.13333333333333333
2013-08-29,09:13:10,4.2,10.933202107747398,0.06666666666666668
2013-08-29,09:18:10,4.2,10.79986572265625,0.6
2013-08-29,09:23:10,4.2,9.199905395507812,0.4666666666666667
2013-08-29,09:28:10,4.2,11.199874877929688,0
2013-08-29,09:33:10,4.2,9.266548156738281,0.3333333333333333
2013-08-29,09:38:10,4.266666666666667,11.799888610839844,0
2013-08-29,09:43:10,4.466666666666667,10.999870300292969,0.06666666666666668
2013-08-29,09:48:10,4.266666666666667,10.399894714355469,0.06666666666666668
2013-08-29,09:53:10,4.266666666666667,10.266558329264322,0
2013-08-29,09:58:10,4.266666666666667,9.466540018717447,0.13333333333333333
2013-08-29,10:03:10,4.333333333333333,9.599952697753906,0.26666666666666666
2013-08-29,10:08:10,4.2,10.0665283203125,0.13333333333333333
2013-08-29,10:13:10,4.2,10.933202107747398,0
2013-08-29,10:18:10,4.2,11.06653849283854,0.6
2013-08-29,10:23:10,4.266666666666667,12.733205159505212,0.3333333333333333
2013-08-29,10:28:10,4.266666666666667,10.999870300292969,0.5333333333333333
2013-08-29,10:33:10,4.266666666666667,9.86657460530599,0.06666666666666668
2013-08-29,10:38:10,4.333333333333333,8.399937947591146,0.06666666666666668
2013-08-29,10:43:10,4.4,14.999923706054688,0
2013-08-29,10:48:10,4.333333333333333,10.466524759928383,0.13333333333333333
2013-08-29,10:53:10,4.2,10.466562906901041,0
2013-08-29,10:58:10,4.333333333333333,12.133229573567707,1.0
2013-08-29,11:03:10,4.4,11.06653849283854,0.26666666666666666
2013-08-29,11:08:10,4.2,9.399909973144531,0.4
2013-08-29,11:13:10,4.2,10.666529337565104,0.06666666666666668
2013-08-29,11:18:10,4.2,9.999885559082031,0
2013-08-29,11:23:10,4.2,10.666529337565104,0.2
2013-08-29,11:28:10,4.266666666666667,9.733238220214844,0.26666666666666666
2013-08-29,11:33:11,4.2,11.933199564615883,0
2013-08-29,11:38:11,4.214285714285714,10.428428649902344,0.07142857142857142
2013-08-29,11:43:11,4.333333333333333,12.733217875162758,0.06666666666666668
2013-08-29,11:48:11,4.2,12.9998779296875,0
2013-08-29,11:53:11,4.2,9.533208211263021,0.06666666666666668
2013-08-29,11:58:11,4.2,8.466529846191406,0.13333333333333333
2013-08-29,12:03:11,4.4,10.999870300292969,0.4
2013-08-29,12:08:11,4.2,9.199905395507812,0.5333333333333333
2013-08-29,12:13:11,4.2,9.799906412760414,0.3333333333333333
2013-08-29,12:18:11,4.2,11.599884033203125,0.2
2013-08-29,12:23:11,4.266666666666667,10.999870300292969,0.4
2013-08-29,12:28:11,4.2,10.599899291992188,0
2013-08-29,12:33:11,4.2,11.399879455566406,0
2013-08-29,12:38:11,4.266666666666667,10.799903869628906,0.4
2013-08-29,12:43:11,4.4,12.39990234375,0.13333333333333333
2013-08-29,12:48:11,4.2,10.533192952473959,0.2
2013-08-29,12:53:11,4.2,10.999908447265625,0.5333333333333333
2013-08-29,12:58:11,4.2,10.466524759928383,0
2013-08-29,13:03:11,4.4,10.266596476236979,0.5333333333333333
2013-08-29,13:08:11,4.266666666666667,11.066576639811196,0.3333333333333333
2013-08-29,13:13:11,4.2,9.933217366536457,0.13333333333333333
2013-08-29,13:18:11,4.2,8.666598002115885,0.2
2013-08-29,13:23:11,4.266666666666667,9.799880981445312,0.06666666666666668
2013-08-29,13:28:11,4.133333333333333,10.733197530110678,0.06666666666666668
2013-08-29,13:33:11,4.2,9.933179219563803,0.13333333333333333
2013-08-29,13:38:11,4.266666666666667,13.133252461751303,0.13333333333333333
2013-08-29,13:43:11,4.333333333333333,15.533307393391926,0
2013-08-29,13:48:11,4.266666666666667,12.799911499023436,0.13333333333333333
2013-08-29,13:53:11,4.2,11.733220418294273,0
2013-08-29,13:58:11,4.2,11.199874877929688,0
2013-08-29,14:03:11,4.6,9.13323720296224,0.7333333333333333
2013-08-29,14:08:11,4.266666666666667,11.066563924153645,0.5333333333333333
2013-08-29,14:13:11,4.333333333333333,8.999862670898438,0.6
2013-08-29,14:18:11,4.2,9.933255513509115,0.26666666666666666
2013-08-29,14:23:11,4.333333333333333,9.666544596354166,0.13333333333333333
2013-08-29,14:28:11,4.2,12.53320058186849,0.26666666666666666
2013-08-29,14:33:11,4.333333333333333,9.199867248535156,0.4
2013-08-29,14:38:11,4.333333333333333,8.666559855143227,0.8666666666666667
2013-08-29,14:43:11,4.333333333333333,13.99993896484375,0.06666666666666668
2013-08-29,14:48:12,4.133333333333333,12.39990234375,0
2013-08-29,14:53:12,4.2,10.79986572265625,0
2013-08-29,14:58:12,4.266666666666667,11.999893188476562,0.13333333333333333
2013-08-29,15:03:12,4.4,10.19989013671875,0.26666666666666666
2013-08-29,15:08:12,4.2,10.79986572265625,0.2
2013-08-29,15:13:12,4.2,8.399925231933594,0
2013-08-29,15:18:12,4.2,9.266535441080729,0.2
2013-08-29,15:23:12,4.333333333333333,9.666531880696615,0.13333333333333333
2013-08-29,15:28:12,4.2,12.666575113932288,0
2013-08-29,15:33:12,4.2,11.333211263020832,0.13333333333333333
2013-08-29,15:38:12,4.333333333333333,10.533218383789062,0.06666666666666668
2013-08-29,15:43:12,4.333333333333333,11.266555786132812,0
2013-08-29,15:48:12,4.2,10.466562906901041,0.5333333333333333
2013-08-29,15:53:12,4.2,11.599884033203125,0.26666666666666666
2013-08-29,15:58:12,4.133333333333333,10.466524759928383,0.7333333333333333
2013-08-29,16:03:12,4.4,12.666575113932288,0.2
2013-08-29,16:08:12,4.333333333333333,8.533287048339844,0.13333333333333333
2013-08-29,16:13:12,4.333333333333333,9.33325449625651,0.8666666666666667
2013-08-29,16:18:12,4.266666666666667,11.799888610839844,0.7333333333333333
2013-08-29,16:23:12,4.2,11.666552225748696,0.6
2013-08-29,16:28:12,4.266666666666667,10.466524759928383,0.06666666666666668
2013-08-29,16:33:12,6.4,32.86654154459636,0.06666666666666668
2013-08-29,16:38:12,4.266666666666667,28.133252461751308,0.06666666666666668
2013-08-29,16:43:12,4.4,17.533175150553383,0
2013-08-29,16:53:12,4.266666666666667,9.599876403808594,0
2013-08-29,16:58:12,4.266666666666667,9.466540018717447,0
2013-08-29,17:03:12,4.4,9.33325449625651,0.2
2013-08-29,17:08:12,4.2,10.066541035970051,0.2
2013-08-29,17:13:11,4.2,11.599845886230469,0.26666666666666666
2013-08-29,17:18:11,4.2,11.199874877929688,0.5333333333333333
2013-08-29,17:23:12,4.266666666666667,10.133247375488281,0.26666666666666666
2013-08-29,17:28:12,4.266666666666667,11.599884033203125,0.2
2013-08-29,17:33:12,4.2,9.999847412109375,0.06666666666666668
2013-08-29,17:38:12,4.266666666666667,9.799944559733072,0.4
2013-08-29,17:43:12,4.466666666666667,13.99986267089844,0.4
2013-08-29,17:48:12,4.333333333333333,11.799888610839844,0.2
2013-08-29,17:53:12,4.2,10.199928283691406,0.13333333333333333
2013-08-29,17:58:12,4.2,9.399909973144531,0.06666666666666668
2013-08-29,18:03:12,4.4,8.399950663248699,1.1333333333333333
2013-08-29,18:08:12,4.266666666666667,9.866511027018229,0.26666666666666666
2013-08-29,18:13:12,4.2,12.133229573567707,0.06666666666666668
2013-08-29,18:18:12,4.2,12.333234151204426,0.5333333333333333
2013-08-29,18:23:12,4.266666666666667,11.799888610839844,0.06666666666666668
2013-08-29,18:28:12,4.2,9.799906412760414,0.06666666666666668
2013-08-29,18:33:12,4.2,6.9332758585612,0
2013-08-29,18:38:12,4.266666666666667,9.199867248535156,0
2013-08-29,18:43:12,4.333333333333333,12.333234151204426,0
2013-08-29,18:48:12,4.2,9.13323720296224,0
2013-08-29,18:53:12,4.2,8.933232625325521,0
2013-08-29,18:58:12,4.2,8.933258056640625,0
2013-08-29,19:03:12,4.4,6.86663309733073,0.3333333333333333
2013-08-29,19:08:12,4.2,8.933181762695312,0.26666666666666666
2013-08-29,19:13:12,4.266666666666667,10.266558329264322,0.3333333333333333
2013-08-29,19:18:12,4.266666666666667,10.79986572265625,0.3333333333333333
2013-08-29,19:23:12,4.4,9.199943542480469,0.06666666666666668
2013-08-29,19:28:12,4.266666666666667,10.533231099446615,0.06666666666666668
2013-08-29,19:33:12,4.4,10.266558329264322,0.6666666666666666
2013-08-29,19:38:12,4.4,10.86653391520182,0.4
2013-08-29,19:43:12,4.466666666666667,9.933230082194008,0.06666666666666668
2013-08-29,19:48:12,4.2,9.133224487304688,0.2
2013-08-29,19:53:12,4.2,10.866546630859375,0.3333333333333333
2013-08-29,19:58:12,4.2,9.933242797851562,0
2013-08-29,20:03:13,4.4,11.399917602539062,0.5333333333333333
2013-08-29,20:08:13,4.266666666666667,8.666598002115885,0.13333333333333333
2013-08-29,20:13:13,4.266666666666667,9.199905395507812,0
2013-08-29,20:18:13,4.2,9.333241780598957,0.2
2013-08-29,20:23:13,4.4,11.399879455566406,0.06666666666666668
2013-08-29,20:28:13,4.2,9.799842834472656,0
2013-08-29,20:33:13,4.2,13.999900817871094,0
2013-08-29,20:38:13,4.266666666666667,12.599906921386719,0.13333333333333333
2013-08-29,20:43:13,4.333333333333333,13.599929809570312,0.13333333333333333
2013-08-29,20:48:13,4.2,10.599861145019531,0.26666666666666666
2013-08-29,20:53:13,4.2,10.999908447265625,0
2013-08-29,20:58:13,4.2,8.799934387207031,0
2013-08-29,21:03:13,4.4,9.933230082194008,0.26666666666666666
2013-08-29,21:08:13,4.2,10.466537475585938,0.5333333333333333
2013-08-29,21:13:13,4.2,9.799880981445312,0.06666666666666668
2013-08-29,21:18:13,4.2,8.866564432779947,0.3333333333333333
2013-08-29,21:23:13,4.533333333333333,9.199905395507812,0.8
2013-08-29,21:28:13,4.2,12.666575113932288,0.4
2013-08-29,21:33:13,4.2,9.13323720296224,0
2013-08-29,21:38:13,4.333333333333333,11.133206685384113,0.06666666666666668
2013-08-29,21:43:13,4.4,12.933247884114582,0.6666666666666666
2013-08-29,21:48:13,4.2,10.533192952473959,0.06666666666666668
2013-08-29,21:53:13,4.2,10.666542053222656,0
2013-08-29,21:58:13,4.2,9.866561889648438,0
2013-08-29,22:03:13,4.4,10.266558329264322,0.2
2013-08-29,22:08:13,4.2,9.999923706054688,0.13333333333333333
2013-08-29,22:13:13,4.2,9.599876403808594,0.06666666666666668
2013-08-29,22:18:13,4.2,11.266543070475258,0.26666666666666666
2013-08-29,22:23:14,4.266666666666667,12.133229573567707,0.4
2013-08-29,22:28:14,4.2,9.266586303710938,0.13333333333333333
2013-08-29,22:33:14,4.2,8.73321533203125,0
2013-08-29,22:38:14,4.266666666666667,8.866564432779947,0.13333333333333333
2013-08-29,22:43:14,4.4,11.933263142903645,0
2013-08-29,22:48:14,4.266666666666667,10.933202107747398,0
2013-08-29,22:53:14,4.2,8.799896240234375,0.2
2013-08-29,22:58:14,4.2,8.199920654296875,0.13333333333333333
2013-08-29,23:03:14,4.533333333333333,9.199867248535156,1.1333333333333333
2013-08-29,23:08:14,4.333333333333333,10.399856567382812,0.5333333333333333
2013-08-29,23:13:14,4.266666666666667,8.866564432779947,0.13333333333333333
2013-08-29,23:18:14,4.266666666666667,10.799903869628906,0.5333333333333333
2013-08-29,23:23:14,4.266666666666667,8.599967956542969,0.06666666666666668
2013-08-29,23:28:14,4.2,9.999885559082031,0.4
2013-08-29,23:33:14,4.2,9.999847412109375,0.06666666666666668
2013-08-29,23:38:14,4.4,12.39990234375,0.06666666666666668
2013-08-29,23:43:14,4.4,12.199897766113281,0
2013-08-29,23:48:14,4.2,10.066579182942709,0
2013-08-29,23:53:14,4.2,9.933230082194008,0
2013-08-29,23:58:14,4.2,10.133247375488281,0.06666666666666668
2013-08-30,00:03:14,4.266666666666667,8.266563415527344,0.2
2013-08-30,00:08:14,4.2,10.999870300292969,0.13333333333333333
2013-08-30,00:13:14,4.2,10.399881998697916,0.5333333333333333
2013-08-30,00:18:14,4.2,9.799893697102863,0.26666666666666666
2013-08-30,00:23:14,4.2,10.733235677083332,0.06666666666666668
2013-08-30,00:28:14,4.2,10.79986572265625,0.13333333333333333
2013-08-30,00:33:14,4.2,13.466593424479164,0.06666666666666668
2013-08-30,00:38:14,4.266666666666667,11.399879455566406,0.06666666666666668
2013-08-30,00:43:14,4.333333333333333,13.79993438720703,0.06666666666666668
2013-08-30,00:48:14,4.2,12.333246866861977,0.13333333333333333
2013-08-30,00:53:14,4.4,7.999954223632813,0.9333333333333332
2013-08-30,00:58:14,4.2,7.733281453450519,0
2013-08-30,01:03:14,5.933333333333334,19.933191935221352,0.5333333333333333
2013-08-30,01:08:14,4.2,21.266543070475258,0.4
2013-08-30,01:13:15,4.266666666666667,13.399925231933594,0.13333333333333333
2013-08-30,01:18:15,4.266666666666667,14.266573588053383,0.4666666666666667
2013-08-30,01:23:15,4.266666666666667,10.733197530110678,0.06666666666666668
2013-08-30,01:28:15,4.2,11.399879455566406,0.06666666666666668
2013-08-30,01:33:15,4.2,9.933179219563803,0
2013-08-30,01:38:15,4.266666666666667,9.399871826171875,0
2013-08-30,01:43:15,4.333333333333333,10.399894714355469,0.06666666666666668
2013-08-30,01:48:15,4.2,10.399856567382812,0.13333333333333333
2013-08-30,01:53:15,4.2,11.399879455566406,0
2013-08-30,01:58:15,4.2,9.399871826171875,0
2013-08-30,02:03:15,4.333333333333333,9.333229064941406,0.4666666666666667
2013-08-30,02:08:14,4.266666666666667,11.599884033203125,0.3333333333333333
2013-08-30,02:13:14,4.2,10.999870300292969,0.06666666666666668
2013-08-30,02:18:14,4.2,8.999900817871094,0.26666666666666666
2013-08-30,02:23:14,4.2,10.266520182291666,0.2
2013-08-30,02:28:14,4.2,12.733243306477867,0.6
2013-08-30,02:33:14,4.266666666666667,8.399899800618488,0.06666666666666668
2013-08-30,02:38:14,4.333333333333333,8.599904378255209,0.5333333333333333
2013-08-30,02:43:14,4.6,13.666559855143227,0.06666666666666668
2013-08-30,02:48:14,4.266666666666667,12.39990234375,0
2013-08-30,02:53:14,4.2,10.79986572265625,0.06666666666666668
2013-08-30,02:58:14,4.266666666666667,9.733200073242188,0.26666666666666666
2013-08-30,03:03:14,4.333333333333333,9.333241780598957,0.7333333333333333
2013-08-30,03:08:14,4.266666666666667,9.399909973144531,0.13333333333333333
2013-08-30,03:13:14,4.2,8.733240763346354,0.26666666666666666
2013-08-30,03:18:14,4.2,9.733174641927084,0.2
2013-08-30,03:23:14,4.2,10.066515604654947,0.06666666666666668
2013-08-30,03:28:14,4.2,9.399909973144531,0
2013-08-30,03:33:14,4.2,7.933247884114582,0
2013-08-30,03:38:14,4.266666666666667,8.933232625325521,0.06666666666666668
2013-08-30,03:43:14,4.4,14.266535441080727,0.06666666666666668
2013-08-30,03:48:14,4.2,9.733212788899738,0.2
2013-08-30,03:53:14,4.266666666666667,10.199851989746094,0.4666666666666667
2013-08-30,03:58:14,4.2,9.466552734375,0.06666666666666668
2013-08-30,04:03:15,4.4,9.59991455078125,0.2
2013-08-30,04:08:15,4.2,8.399887084960938,0.6666666666666666
2013-08-30,04:13:15,4.4,8.466593424479168,0.3333333333333333
2013-08-30,04:18:15,4.2,11.199874877929688,0.26666666666666666
2013-08-30,04:23:15,4.333333333333333,8.999900817871094,0.13333333333333333
2013-08-30,04:28:15,4.2,10.266583760579428,0.26666666666666666
2013-08-30,04:33:15,4.2,11.799888610839844,0.06666666666666668
2013-08-30,04:38:15,4.266666666666667,9.066607157389322,0
2013-08-30,04:43:15,4.333333333333333,12.933247884114582,0.06666666666666668
2013-08-30,04:48:15,4.2,11.79987589518229,0.06666666666666668
2013-08-30,04:53:15,4.2,10.86653391520182,0
2013-08-30,04:58:15,4.2,12.533238728841145,0
2013-08-30,05:03:15,4.6,12.533238728841145,0.7333333333333333
2013-08-30,05:08:15,4.2,9.799906412760414,0.13333333333333333
2013-08-30,05:13:15,4.2,7.199974060058594,0
2013-08-30,05:18:15,4.266666666666667,9.866587320963541,0.26666666666666666
2013-08-30,05:23:15,4.2,11.666552225748696,0.06666666666666668
2013-08-30,05:28:15,4.266666666666667,9.866511027018229,0.3333333333333333
2013-08-30,05:33:15,4.2,10.66656748453776,0.2
2013-08-30,05:38:15,4.266666666666667,10.133234659830729,0.06666666666666668
2013-08-30,05:43:15,4.333333333333333,10.266520182291666,0
2013-08-30,05:48:15,4.2,11.466547648111977,0.26666666666666666
2013-08-30,05:53:15,4.2,9.399833679199219,0.26666666666666666
2013-08-30,05:58:15,4.2,11.799888610839844,0
2013-08-30,06:03:15,4.4,9.599876403808594,0.5333333333333333
2013-08-30,06:08:15,4.2,10.599861145019531,0.4666666666666667
2013-08-30,06:13:15,4.2,12.266565958658852,0.13333333333333333
2013-08-30,06:18:15,4.2,10.999870300292969,0.4
2013-08-30,06:23:15,4.333333333333333,9.799919128417969,0.06666666666666668
2013-08-30,06:28:15,4.2,10.066553751627602,0
2013-08-30,06:33:15,4.2,7.399953206380207,0
2013-08-30,06:38:15,4.266666666666667,10.333213806152344,0.3333333333333333
2013-08-30,06:43:15,4.4,12.599906921386719,0
2013-08-30,06:48:15,4.333333333333333,11.199874877929688,0.3333333333333333
2013-08-30,06:53:15,4.133333333333333,10.399932861328125,0
2013-08-30,06:58:15,4.2,8.199920654296875,0.06666666666666668
2013-08-30,07:03:15,4.4,7.399978637695312,0.26666666666666666
2013-08-30,07:08:15,4.2,10.999946594238281,0.2
2013-08-30,07:13:16,4.2,8.133252461751301,0
2013-08-30,07:18:16,4.2,12.9998779296875,0.3333333333333333
2013-08-30,07:23:16,4.333333333333333,12.199897766113281,0.3333333333333333
2013-08-30,07:28:16,4.2,10.733197530110678,0.06666666666666668
2013-08-30,07:33:16,4.2,9.86657460530599,0.13333333333333333
2013-08-30,07:38:16,4.333333333333333,9.799880981445312,0.4666666666666667
2013-08-30,07:43:16,4.4,14.133237202962242,0.26666666666666666
2013-08-30,07:48:16,4.2,10.599861145019531,0.13333333333333333
2013-08-30,07:53:16,6.4,24.533259073893227,0.26666666666666666
2013-08-30,07:58:16,4.266666666666667,36.73322041829427,0.13333333333333333
2013-08-30,08:03:16,4.4,18.13317616780599,0.2
2013-08-30,08:08:16,4.2,15.9332275390625,0.13333333333333333
2013-08-30,08:13:16,4.2,10.666554768880209,0.5333333333333333
2013-08-30,08:18:16,4.133333333333333,12.266578674316406,0.2
2013-08-30,08:23:16,4.2,10.466524759928383,0.06666666666666668
2013-08-30,08:28:16,4.2,13.06658426920573,0
2013-08-30,08:33:16,4.266666666666667,10.533231099446615,0.4666666666666667
2013-08-30,08:38:16,4.266666666666667,11.933224995930992,0.13333333333333333
2013-08-30,08:43:16,4.4,11.333211263020832,0
2013-08-30,08:48:16,4.2,8.466593424479168,0
2013-08-30,08:53:16,4.266666666666667,9.066543579101562,0.06666666666666668
2013-08-30,08:58:16,4.466666666666667,8.733291625976562,0.13333333333333333
2013-08-30,09:03:16,4.4,11.666552225748696,0.26666666666666666
2013-08-30,09:08:16,4.2,9.066569010416666,0.8
2013-08-30,09:13:16,4.266666666666667,10.933202107747398,0.06666666666666668
2013-08-30,09:18:16,4.2,8.066596984863281,0.4666666666666667
2013-08-30,09:23:16,4.333333333333333,10.79986572265625,0.3333333333333333
2013-08-30,09:28:16,4.4,11.199874877929688,0.5333333333333333
2013-08-30,09:33:16,4.266666666666667,10.399856567382812,0
2013-08-30,09:38:16,4.266666666666667,10.599861145019531,0.2
2013-08-30,09:43:17,4.4,12.799911499023436,0.06666666666666668
2013-08-30,09:48:17,4.2,8.199920654296875,0
2013-08-30,09:53:17,4.2,10.599899291992188,0.26666666666666666
2013-08-30,09:58:17,4.333333333333333,10.399856567382812,0
2013-08-30,10:03:17,4.466666666666667,9.399909973144531,0.2
2013-08-30,10:08:17,4.266666666666667,8.866589864095053,0.26666666666666666
2013-08-30,10:13:17,4.266666666666667,9.79986826578776,0.3333333333333333
2013-08-30,10:18:17,4.2,10.533218383789062,0.26666666666666666
2013-08-30,10:23:17,4.2,8.266588846842447,0.06666666666666668
2013-08-30,10:28:17,4.2,11.266543070475258,0.06666666666666668
2013-08-30,10:33:17,4.2,9.799842834472656,0.06666666666666668
2013-08-30,10:38:17,4.266666666666667,13.266588846842446,0.26666666666666666
2013-08-30,10:43:17,4.333333333333333,13.79993438720703,0.06666666666666668
2013-08-30,10:48:17,4.2,11.133206685384113,0.26666666666666666
2013-08-30,10:53:17,4.2,10.866572062174477,0.3333333333333333
2013-08-30,10:58:17,4.333333333333333,9.666531880696615,0.06666666666666668
2013-08-30,11:03:17,4.4,9.999872843424479,0.26666666666666666
2013-08-30,11:08:17,4.2,13.199882507324217,0.4
2013-08-30,11:13:17,4.2,10.066515604654947,0
2013-08-30,11:18:16,4.333333333333333,10.533192952473959,0.8
2013-08-30,11:23:16,4.2,10.733197530110678,0.13333333333333333
2013-08-30,11:28:16,4.266666666666667,10.533243815104166,0.06666666666666668
2013-08-30,11:33:16,4.2,10.799903869628906,0.3333333333333333
2013-08-30,11:38:16,4.266666666666667,10.666580200195312,0.26666666666666666
2013-08-30,11:43:16,4.333333333333333,13.33320617675781,0
2013-08-30,11:48:16,4.2,9.66657002766927,0.06666666666666668
2013-08-30,11:53:16,4.2,9.399871826171875,0
2013-08-30,11:58:16,4.2,10.19989013671875,0.13333333333333333
2013-08-30,12:03:16,4.333333333333333,9.399909973144531,0.2
2013-08-30,12:08:16,4.2,10.599861145019531,0.6
2013-08-30,12:13:16,4.2,9.599876403808594,0.13333333333333333
2013-08-30,12:18:17,4.2,8.399925231933594,0.2
2013-08-30,12:23:17,4.266666666666667,11.666552225748696,0.2
2013-08-30,12:28:17,4.2,13.599929809570312,0.13333333333333333
2013-08-30,12:33:17,4.2,10.999870300292969,0.6666666666666666
2013-08-30,12:38:17,4.266666666666667,12.133229573567707,0
2013-08-30,12:43:17,4.333333333333333,11.999855041503906,0
2013-08-30,12:48:17,4.2,10.466524759928383,0.4
2013-08-30,12:53:17,4.2,9.399871826171875,0.06666666666666668
2013-08-30,12:58:17,4.2,12.39990234375,0.13333333333333333
2013-08-30,13:03:17,4.4,11.199874877929688,0.26666666666666666
2013-08-30,13:08:17,4.2,10.533192952473959,0.13333333333333333
2013-08-30,13:13:17,4.333333333333333,10.19989013671875,0.26666666666666666
2013-08-30,13:18:17,4.2,9.266548156738281,0.8666666666666667
2013-08-30,13:23:17,4.2,8.866526285807291,0.13333333333333333
2013-08-30,13:28:17,4.2,9.466540018717447,0.13333333333333333
2013-08-30,13:33:17,4.2,12.199897766113281,0
2013-08-30,13:38:17,4.266666666666667,9.799842834472656,0.06666666666666668
2013-08-30,13:43:17,4.333333333333333,10.999870300292969,0
2013-08-30,13:48:17,4.266666666666667,9.599838256835938,0.06666666666666668
2013-08-30,13:53:17,4.266666666666667,10.333239237467447,0.26666666666666666
2013-08-30,13:58:17,4.333333333333333,10.79986572265625,0.2
2013-08-30,14:03:17,4.466666666666667,10.799903869628906,0.6666666666666666
2013-08-30,14:08:17,4.2,11.999893188476562,0.4666666666666667
2013-08-30,14:13:17,4.2,9.999885559082031,0.4
2013-08-30,14:18:17,4.2,10.599912007649738,0.2
2013-08-30,14:23:17,4.2,11.666552225748696,0.2
2013-08-30,14:28:17,4.333333333333333,10.799891153971352,0.4666666666666667
2013-08-30,14:33:17,4.2,10.199902852376303,0.06666666666666668
2013-08-30,14:38:18,4.4,12.133229573567707,0
2013-08-30,14:43:18,4.333333333333333,14.133237202962242,0
2013-08-30,14:48:18,4.2,11.466547648111977,0.26666666666666666
2013-08-30,14:53:18,4.333333333333333,10.733197530110678,0
2013-08-30,14:58:18,4.2,9.799919128417969,0.6
2013-08-30,15:03:18,4.4,8.799896240234375,0.26666666666666666
2013-08-30,15:08:18,4.2,8.799858093261719,0.2
2013-08-30,15:13:18,4.2,10.19989013671875,0.26666666666666666
2013-08-30,15:18:18,4.2,10.733248392740885,0.26666666666666666
2013-08-30,15:23:18,4.333333333333333,8.799934387207031,0.2
2013-08-30,15:28:18,4.2,9.733212788899738,0
2013-08-30,15:33:18,4.2,10.399856567382812,0
2013-08-30,15:38:18,4.466666666666667,12.199897766113281,0.8
2013-08-30,15:43:18,4.6,14.133237202962242,0.2
2013-08-30,15:48:18,4.266666666666667,14.399871826171875,0.06666666666666668
2013-08-30,15:53:18,4.2,12.199897766113281,0.2
2013-08-30,15:58:18,4.2,10.533243815104166,0.06666666666666668
2013-08-30,16:03:18,4.533333333333333,10.9332275390625,0.6666666666666666
2013-08-30,16:08:18,4.266666666666667,9.533170064290365,0.3333333333333333
2013-08-30,16:13:18,4.266666666666667,11.266543070475258,0
2013-08-30,16:18:18,4.333333333333333,10.399856567382812,0.2
2013-08-30,16:23:18,4.2,13.199920654296877,0.2
2013-08-30,16:28:18,4.2,11.199874877929688,0
2013-08-30,16:33:18,4.2,8.199920654296875,0
2013-08-30,16:38:18,4.333333333333333,6.599960327148438,0
2013-08-30,16:43:18,4.466666666666667,10.19989013671875,0.6
2013-08-30,16:48:18,4.4,11.999893188476562,0.5333333333333333
2013-08-30,16:53:18,4.4,9.999885559082031,0.13333333333333333
2013-08-30,16:58:18,4.6,11.599884033203125,0.13333333333333333
2013-08-30,17:03:18,4.4,9.866536458333332,0.2
2013-08-30,17:08:18,4.266666666666667,11.599884033203125,0.3333333333333333
2013-08-30,17:13:18,4.2,12.933247884114582,0.4
2013-08-30,17:18:19,4.2,10.733197530110678,0.6
2013-08-30,17:23:19,4.2,10.399856567382812,0.2
2013-08-30,17:28:19,4.2,12.133229573567707,0
2013-08-30,17:33:19,4.2,11.466547648111977,0.26666666666666666
2013-08-30,17:38:19,4.266666666666667,11.533177693684895,0
2013-08-30,17:43:19,4.333333333333333,12.599906921386719,0.13333333333333333
2013-08-30,17:48:19,4.2,10.733197530110678,0.06666666666666668
2013-08-30,17:53:19,4.2,9.666544596354166,0.3333333333333333
2013-08-30,17:58:19,4.2,8.533223470052082,0.13333333333333333
2013-08-30,18:03:19,4.333333333333333,11.533215840657554,0.4666666666666667
2013-08-30,18:08:19,4.2,11.199874877929688,0.26666666666666666
2013-08-30,18:13:19,4.2,11.199874877929688,0.3333333333333333
2013-08-30,18:18:19,4.2,10.86653391520182,0.2
2013-08-30,18:23:19,4.2,10.733197530110678,0.13333333333333333
2013-08-30,18:28:19,4.266666666666667,10.86653391520182,0.13333333333333333
2013-08-30,18:33:19,4.333333333333333,9.999885559082031,0.5333333333333333
2013-08-30,18:38:19,4.266666666666667,12.533226013183594,0
2013-08-30,18:43:19,4.6,12.933222452799475,0.13333333333333333
2013-08-30,18:48:19,4.2,12.133229573567707,0.06666666666666668
2013-08-30,18:53:19,4.2,9.999923706054688,0.13333333333333333
2013-08-30,18:58:19,4.2,10.19989013671875,0.4
2013-08-30,19:03:19,4.333333333333333,10.333188374837238,0.2
2013-08-30,19:08:19,4.2,10.733197530110678,0.2
2013-08-30,19:13:19,4.2,12.133229573567707,0.06666666666666668
2013-08-30,19:18:19,4.2,11.199874877929688,1.2
2013-08-30,19:23:19,4.666666666666667,10.799903869628906,0.06666666666666668
2013-08-30,19:28:20,4.2,9.799919128417969,0.13333333333333333
2013-08-30,19:33:20,4.2,9.59991455078125,0.06666666666666668
2013-08-30,19:38:20,4.266666666666667,9.999885559082031,0.13333333333333333
2013-08-30,19:43:20,4.333333333333333,15.399894714355469,0.13333333333333333
2013-08-30,19:48:20,4.2,12.999916076660156,0.7333333333333333
2013-08-30,19:53:20,4.2,10.399894714355469,0
2013-08-30,19:58:20,4.2,8.799858093261719,0.06666666666666668
2013-08-30,20:03:20,4.333333333333333,7.8666051228841125,0.2
2013-08-30,20:08:20,4.2,10.066579182942709,0.4
2013-08-30,20:13:20,4.2,9.666608174641928,0.06666666666666668
2013-08-30,20:18:20,4.2,10.666542053222656,0.2
2013-08-30,20:23:19,4.4,9.999847412109375,0.13333333333333333
2013-08-30,20:28:19,4.2,10.466562906901041,0.13333333333333333
2013-08-30,20:33:19,4.2,10.13318379720052,0.06666666666666668
2013-08-30,20:38:19,4.266666666666667,9.399909973144531,0.13333333333333333
2013-08-30,20:43:19,4.333333333333333,13.06658426920573,0.13333333333333333
2013-08-30,20:48:19,4.2,12.733243306477867,0.3333333333333333
2013-08-30,20:53:19,4.266666666666667,10.199864705403645,0.26666666666666666
2013-08-30,20:58:19,4.2,8.266588846842447,0.13333333333333333
2013-08-30,21:03:19,4.4,9.733225504557291,0.4
2013-08-30,21:08:19,4.2,11.133206685384113,0.13333333333333333
2013-08-30,21:13:20,4.2,11.533215840657554,0.13333333333333333
2013-08-30,21:18:20,4.2,8.599904378255209,0.6
2013-08-30,21:23:20,4.266666666666667,10.133247375488281,0.2
2013-08-30,21:28:20,4.2,14.333241780598957,0.13333333333333333
2013-08-30,21:33:20,4.2,9.999847412109375,0
2013-08-30,21:38:20,4.266666666666667,11.999893188476562,0.13333333333333333
2013-08-30,21:43:20,6.333333333333334,31.1999003092448,0.06666666666666668
2013-08-30,21:48:20,4.2,25.73323567708334,0.26666666666666666
2013-08-30,21:53:20,4.266666666666667,13.79993438720703,0
2013-08-30,21:58:20,4.4,10.999870300292969,0.13333333333333333
2013-08-30,22:03:20,4.466666666666667,13.999900817871094,0.4666666666666667
2013-08-30,22:08:20,4.2,11.399879455566406,0.26666666666666666
2013-08-30,22:13:20,4.266666666666667,7.733306884765626,0.26666666666666666
2013-08-30,22:18:20,4.333333333333333,12.199897766113281,0.2
2013-08-30,22:23:20,4.2,11.799888610839844,0.2
2013-08-30,22:28:20,4.2,10.399856567382812,0.06666666666666668
2013-08-30,22:33:20,4.2,9.999847412109375,0.06666666666666668
2013-08-30,22:38:20,4.333333333333333,10.466524759928383,0.26666666666666666
2013-08-30,22:43:20,4.333333333333333,13.266588846842446,0.7333333333333333
2013-08-30,22:48:20,4.2,9.133224487304688,0
2013-08-30,22:53:20,4.266666666666667,7.93328603108724,0
2013-08-30,22:58:20,4.2,10.533192952473959,0.06666666666666668
2013-08-30,23:03:20,4.533333333333333,8.799959818522135,0.26666666666666666
2013-08-30,23:08:20,4.2,11.066551208496094,0.13333333333333333
2013-08-30,23:13:20,4.2,9.199905395507812,0.4
2013-08-30,23:18:20,4.2,11.666552225748696,0.26666666666666666
2013-08-30,23:23:20,4.266666666666667,11.133206685384113,0.13333333333333333
2013-08-30,23:28:20,4.2,8.999888102213541,0.06666666666666668
2013-08-30,23:33:20,4.2,8.73327891031901,0.06666666666666668
2013-08-30,23:38:20,4.266666666666667,11.333223978678383,0
2013-08-30,23:43:20,4.333333333333333,12.866579691569008,0.3333333333333333
2013-08-30,23:48:20,4.2,10.86653391520182,0.06666666666666668
2013-08-30,23:53:20,4.2,9.199956258138021,0.06666666666666668
2013-08-30,23:58:20,4.6,8.866628011067707,0.3333333333333333
2013-08-31,00:03:20,4.4,12.266565958658852,0.26666666666666666
2013-08-31,00:08:21,4.2,10.466524759928383,0.26666666666666666
2013-08-31,00:13:21,4.2,11.533215840657554,0
2013-08-31,00:18:21,4.133333333333333,11.933224995930992,0.3333333333333333
2013-08-31,00:23:21,4.2,10.466562906901041,0.13333333333333333
2013-08-31,00:28:21,4.2,12.39990234375,0.6
2013-08-31,00:33:21,4.2,11.799888610839844,0.6
2013-08-31,00:38:21,4.266666666666667,9.399833679199219,0
2013-08-31,00:43:21,4.4,11.599922180175781,0.06666666666666668
2013-08-31,00:48:21,4.266666666666667,9.799919128417969,0.06666666666666668
2013-08-31,00:53:21,4.2,10.599861145019531,0
2013-08-31,00:58:21,4.333333333333333,9.199867248535156,0.13333333333333333
2013-08-31,01:03:21,5.933333333333334,15.066553751627602,0.5333333333333333
2013-08-31,01:08:21,4.2,26.199913024902344,0.13333333333333333
2013-08-31,01:13:21,4.2,12.799911499023436,0
2013-08-31,01:18:21,4.2,10.79986572265625,0.4
2013-08-31,01:23:21,4.2,9.86657460530599,0.06666666666666668
2013-08-31,01:28:21,4.2,10.799891153971352,0.06666666666666668
2013-08-31,01:33:21,4.2,8.599891662597656,0.06666666666666668
2013-08-31,01:38:21,4.266666666666667,8.59991709391276,0.06666666666666668
2013-08-31,01:43:21,4.4,12.666536966959633,0.9333333333333332
2013-08-31,01:48:21,4.133333333333333,8.733291625976562,0
2013-08-31,01:53:21,4.266666666666667,11.266555786132812,0.06666666666666668
2013-08-31,01:58:22,4.2,11.533241271972656,0.06666666666666668
2013-08-31,02:03:22,4.4,8.466606140136719,0.26666666666666666
2013-08-31,02:08:22,4.2,10.399907430013021,0.6666666666666666
2013-08-31,02:13:22,4.2,8.599929809570312,0.06666666666666668
2013-08-31,02:18:22,4.2,9.533170064290365,0.3333333333333333
2013-08-31,02:23:22,4.2,9.133199055989584,0.06666666666666668
2013-08-31,02:28:22,4.266666666666667,9.266586303710938,0.3333333333333333
2013-08-31,02:33:22,4.2,11.066563924153645,0
2013-08-31,02:38:22,4.266666666666667,9.799880981445312,0
2013-08-31,02:43:22,4.333333333333333,11.533228556315102,0
2013-08-31,02:48:22,4.133333333333333,9.666531880696615,0.13333333333333333
2013-08-31,02:53:22,4.133333333333333,9.533246358235676,0
2013-08-31,02:58:22,4.2,9.799957275390625,0.3333333333333333
2013-08-31,03:03:22,4.4,9.733200073242188,0.3333333333333333
2013-08-31,03:08:22,4.266666666666667,11.599884033203125,0.2
2013-08-31,03:13:22,4.2,11.06653849283854,0.2
2013-08-31,03:18:22,4.2,9.999847412109375,0.2
2013-08-31,03:23:22,4.2,10.79986572265625,0.2
2013-08-31,03:28:22,4.2,13.199882507324217,0.06666666666666668
2013-08-31,03:33:22,4.2,11.199874877929688,0
2013-08-31,03:38:22,4.466666666666667,10.733235677083332,0.6
2013-08-31,03:43:22,4.333333333333333,15.466601053873699,0
2013-08-31,03:48:22,4.266666666666667,10.199851989746094,0.3333333333333333
2013-08-31,03:53:22,4.2,9.599876403808594,0
2013-08-31,03:58:22,4.266666666666667,10.199851989746094,0.4
2013-08-31,04:03:22,4.4,9.266560872395834,0.5333333333333333
2013-08-31,04:08:22,4.666666666666667,7.933260599772135,0.3333333333333333
2013-08-31,04:13:22,4.2,8.46655527750651,0
2013-08-31,04:18:22,4.2,9.199930826822916,0.2
2013-08-31,04:23:22,4.2,10.066566467285156,0.06666666666666668
2013-08-31,04:28:22,4.266666666666667,8.666623433430988,0
2013-08-31,04:33:22,4.2,7.733294169108072,0.06666666666666668
2013-08-31,04:38:22,4.266666666666667,9.266522725423178,0.13333333333333333
2013-08-31,04:43:22,4.333333333333333,9.933179219563803,0.4
2013-08-31,04:48:22,4.2,9.999847412109375,0
2013-08-31,04:53:23,4.2,12.133229573567707,0.06666666666666668
2013-08-31,04:58:23,4.2,10.266520182291666,0
2013-08-31,05:03:23,4.4,9.533170064290365,0.3333333333333333
2013-08-31,05:08:23,4.333333333333333,7.733294169108072,0.26666666666666666
2013-08-31,05:13:23,4.2,8.73321533203125,0.3333333333333333
2013-08-31,05:18:23,4.266666666666667,9.999885559082031,0.26666666666666666
2013-08-31,05:23:23,4.2,10.266532897949219,0.3333333333333333
2013-08-31,05:28:22,4.2,10.19989013671875,0.13333333333333333
2013-08-31,05:33:22,4.2,10.399856567382812,0
2013-08-31,05:38:22,4.266666666666667,10.19989013671875,0
2013-08-31,05:43:22,4.333333333333333,12.199897766113281,0.5333333333333333
2013-08-31,05:48:22,4.2,11.799850463867188,0.06666666666666668
2013-08-31,05:53:22,4.2,9.599838256835938,0.3333333333333333
2013-08-31,05:58:22,4.2,10.599899291992188,0.06666666666666668
2013-08-31,06:03:22,4.466666666666667,9.599876403808594,0.26666666666666666
2013-08-31,06:08:22,4.266666666666667,10.599861145019531,0.13333333333333333
2013-08-31,06:13:22,4.2,9.599876403808594,0.13333333333333333
2013-08-31,06:18:22,4.2,8.999900817871094,0.3333333333333333
2013-08-31,06:23:22,4.2,10.133221944173178,0.13333333333333333
2013-08-31,06:28:22,4.266666666666667,10.933202107747398,0.06666666666666668
2013-08-31,06:33:22,4.2,10.533192952473959,0.4
2013-08-31,06:38:22,4.266666666666667,9.33325449625651,0
2013-08-31,06:43:22,4.333333333333333,14.133237202962242,0.26666666666666666
2013-08-31,06:48:23,4.2,11.799888610839844,0
2013-08-31,06:53:23,4.2,8.59991709391276,0.3333333333333333
2013-08-31,06:58:23,4.2,8.999862670898438,0.06666666666666668
2013-08-31,07:03:23,4.466666666666667,10.466537475585938,0.3333333333333333
2013-08-31,07:08:23,4.2,9.933179219563803,0.13333333333333333
2013-08-31,07:13:23,4.2,10.599886576334635,0.2
2013-08-31,07:18:23,4.2,8.199958801269531,0.26666666666666666
2013-08-31,07:23:23,4.2,10.466575622558594,0.06666666666666668
2013-08-31,07:28:23,4.2,11.933224995930992,0.26666666666666666
2013-08-31,07:33:23,4.2,10.86653391520182,0.26666666666666666
2013-08-31,07:38:23,4.266666666666667,13.06658426920573,0
2013-08-31,07:43:23,4.466666666666667,12.533238728841145,0.26666666666666666
2013-08-31,07:48:23,4.2,9.333216349283854,0.2
2013-08-31,07:53:23,4.2,10.666605631510414,0.13333333333333333
2013-08-31,07:58:23,4.2,9.733212788899738,0.13333333333333333
2013-08-31,08:03:23,4.4,10.399856567382812,0.2
2013-08-31,08:08:23,4.266666666666667,7.333285013834636,0.13333333333333333
2013-08-31,08:13:23,4.266666666666667,9.799893697102863,0.06666666666666668
2013-08-31,08:18:23,4.2,10.933240254720051,0.2
2013-08-31,08:23:23,4.333333333333333,10.199851989746094,0.9333333333333332
2013-08-31,08:28:23,4.2,10.79986572265625,0.13333333333333333
2013-08-31,08:33:23,4.2,9.59991455078125,0.3333333333333333
2013-08-31,08:38:23,4.266666666666667,9.999872843424479,0
2013-08-31,08:43:23,4.466666666666667,12.599906921386719,0
2013-08-31,08:48:23,4.2,9.266599019368488,0
2013-08-31,08:53:23,4.333333333333333,11.399879455566406,0.06666666666666668
2013-08-31,08:58:23,4.266666666666667,9.66658274332682,0.3333333333333333
2013-08-31,09:03:23,4.6,8.999900817871094,0.2
2013-08-31,09:08:23,4.2,10.599861145019531,0.2
2013-08-31,09:13:24,4.2,8.99993896484375,0.8666666666666667
2013-08-31,09:18:24,4.2,9.666544596354166,0.2
2013-08-31,09:23:24,4.2,9.533246358235676,0.06666666666666668
2013-08-31,09:28:24,4.266666666666667,10.466524759928383,0.13333333333333333
2013-08-31,09:33:24,4.266666666666667,8.666585286458334,0
2013-08-31,09:38:24,4.266666666666667,7.733281453450519,0.4666666666666667
2013-08-31,09:43:24,4.4,11.266555786132812,0.06666666666666668
2013-08-31,09:48:24,4.2,10.599861145019531,0.13333333333333333
2013-08-31,09:53:24,4.2,10.666554768880209,0.06666666666666668
2013-08-31,09:58:24,4.266666666666667,11.133219401041664,0.13333333333333333
2013-08-31,10:03:24,4.4,10.933202107747398,0.4666666666666667
2013-08-31,10:08:24,4.2,10.733197530110678,0.13333333333333333
2013-08-31,10:13:24,4.2,8.466567993164062,0.3333333333333333
2013-08-31,10:18:24,4.266666666666667,11.533215840657554,0.4666666666666667
2013-08-31,10:23:24,4.4,10.33320109049479,0.13333333333333333
2013-08-31,10:28:24,4.2,13.533248901367188,0
2013-08-31,10:33:24,4.2,10.466524759928383,0
2013-08-31,10:38:24,4.266666666666667,10.86653391520182,0.13333333333333333
2013-08-31,10:43:24,4.333333333333333,13.99993896484375,0
2013-08-31,10:48:24,4.133333333333333,10.733210245768229,0
2013-08-31,10:53:24,4.2,9.133262634277344,0.2
2013-08-31,10:58:24,4.2,11.066602071126304,0
2013-08-31,11:03:24,4.266666666666667,11.999893188476562,0.4666666666666667
2013-08-31,11:08:24,4.333333333333333,9.933204650878906,0.4666666666666667
2013-08-31,11:13:24,4.2,10.599861145019531,0.26666666666666666
2013-08-31,11:18:24,4.2,10.599899291992188,0.26666666666666666
2013-08-31,11:23:24,4.333333333333333,9.399909973144531,0.4
2013-08-31,11:28:24,4.2,8.399925231933594,0
2013-08-31,11:33:24,4.2,11.999855041503906,0
2013-08-31,11:38:24,4.266666666666667,9.999847412109375,0.06666666666666668
2013-08-31,11:43:24,4.333333333333333,12.39990234375,0.06666666666666668
2013-08-31,11:48:25,4.2,11.799888610839844,0.13333333333333333
2013-08-31,11:53:25,4.2,13.199882507324217,0.06666666666666668
2013-08-31,11:58:25,4.133333333333333,10.79986572265625,0
2013-08-31,12:03:25,4.333333333333333,9.799842834472656,0.7333333333333333
2013-08-31,12:08:25,4.2,11.266543070475258,0.7333333333333333
2013-08-31,12:13:25,4.2,11.266543070475258,0.06666666666666668
2013-08-31,12:18:25,4.2,8.266563415527344,0.2
2013-08-31,12:23:25,4.2,9.466514587402344,0.2
2013-08-31,12:28:25,4.2,9.333267211914062,0
2013-08-31,12:33:25,4.2,8.733266194661459,0
2013-08-31,12:38:25,4.266666666666667,9.199918111165363,0
2013-08-31,12:43:25,6.333333333333334,16.599896748860676,0.2
2013-08-31,12:48:25,4.2,37.59988149007161,0.06666666666666668
2013-08-31,12:53:25,4.2,18.66657257080078,0.8666666666666667
2013-08-31,12:58:25,4.2,14.19990539550781,0.06666666666666668
2013-08-31,13:03:25,4.266666666666667,11.866556803385414,0.5333333333333333
2013-08-31,13:08:25,4.266666666666667,10.599861145019531,0.2
2013-08-31,13:13:25,4.2,10.733197530110678,0
2013-08-31,13:18:25,4.2,9.999847412109375,0.3333333333333333
2013-08-31,13:23:25,4.2,9.866549173990885,0.06666666666666668
2013-08-31,13:28:25,4.2,9.533208211263021,0
2013-08-31,13:33:25,4.2,10.399894714355469,0.06666666666666668
2013-08-31,13:38:25,4.266666666666667,9.733174641927084,0.4
2013-08-31,13:43:25,4.333333333333333,11.866556803385414,0.13333333333333333
2013-08-31,13:48:25,4.2,8.733240763346354,0
2013-08-31,13:53:25,4.2,8.533248901367188,0
2013-08-31,13:58:26,4.2,11.133206685384113,0.8
2013-08-31,14:03:26,4.266666666666667,10.133260091145834,0.26666666666666666
2013-08-31,14:08:26,4.2,7.999916076660156,0.13333333333333333
2013-08-31,14:13:26,4.2,8.199958801269531,0.26666666666666666
2013-08-31,14:18:26,4.2,8.599891662597656,0.2
2013-08-31,14:23:26,4.2,11.466585795084633,0.06666666666666668
2013-08-31,14:28:26,4.266666666666667,10.999870300292969,0.4
2013-08-31,14:33:25,4.2,9.59991455078125,0.2
2013-08-31,14:38:25,4.266666666666667,7.466634114583331,0
2013-08-31,14:43:25,4.466666666666667,11.199874877929688,0.26666666666666666
2013-08-31,14:48:25,4.333333333333333,10.399856567382812,0.4
2013-08-31,14:53:25,4.266666666666667,11.199874877929688,0
2013-08-31,14:58:25,4.333333333333333,12.46657053629557,0
2013-08-31,15:03:25,4.4,12.266565958658852,0.2
2013-08-31,15:08:25,4.2,8.466567993164062,0.2
2013-08-31,15:13:25,4.2,9.66658274332682,0.13333333333333333
2013-08-31,15:18:25,4.2,9.333229064941406,0.26666666666666666
2013-08-31,15:23:25,4.2,10.066553751627602,0.06666666666666668
2013-08-31,15:28:25,4.333333333333333,11.799888610839844,0.06666666666666668
2013-08-31,15:33:25,4.2,9.466540018717447,0
2013-08-31,15:38:25,4.4,9.666544596354166,0.4666666666666667
2013-08-31,15:43:25,4.4,13.266588846842446,0.4
2013-08-31,15:48:26,4.266666666666667,11.06653849283854,0
2013-08-31,15:53:26,4.2,10.066553751627602,0.3333333333333333
2013-08-31,15:58:26,4.2,8.266588846842447,0.06666666666666668
2013-08-31,16:03:26,4.4,10.06659189860026,0.26666666666666666
2013-08-31,16:08:26,4.2,13.666559855143227,0.2
2013-08-31,16:13:26,4.2,11.733220418294273,0
2013-08-31,16:18:26,4.266666666666667,11.466547648111977,0.8666666666666667
2013-08-31,16:23:26,4.266666666666667,12.799911499023436,0.2
2013-08-31,16:28:26,4.2,11.266543070475258,0
2013-08-31,16:33:26,4.2,9.933191935221354,0.3333333333333333
2013-08-31,16:38:26,4.266666666666667,10.733222961425781,0
2013-08-31,16:43:26,4.333333333333333,14.33321634928385,0.06666666666666668
2013-08-31,16:48:26,4.2,11.199874877929688,0.06666666666666668
2013-08-31,16:53:26,4.2,12.799911499023436,0.06666666666666668
2013-08-31,16:58:26,4.333333333333333,10.399894714355469,0.06666666666666668
2013-08-31,17:03:26,4.4,8.399887084960938,0.26666666666666666
2013-08-31,17:08:26,4.2,9.26661173502604,0.26666666666666666
2013-08-31,17:13:26,4.266666666666667,9.599876403808594,0.4
2013-08-31,17:18:26,4.2,11.399917602539062,0.26666666666666666
2013-08-31,17:23:26,4.2,9.199867248535156,0.3333333333333333
2013-08-31,17:28:26,4.2,8.999900817871094,0.06666666666666668
2013-08-31,17:33:26,4.2,9.199905395507812,0.13333333333333333
2013-08-31,17:38:26,4.266666666666667,8.133252461751301,0
2013-08-31,17:43:26,4.4,12.599906921386719,0.5333333333333333
2013-08-31,17:48:26,4.133333333333333,10.999870300292969,0
2013-08-31,17:53:26,4.133333333333333,10.79986572265625,0.26666666666666666
2013-08-31,17:58:26,4.266666666666667,10.466524759928383,0.6
2013-08-31,18:03:26,4.4,9.333229064941406,0.4
2013-08-31,18:08:26,4.2,8.933207194010414,0.2
2013-08-31,18:13:26,4.2,9.06659444173177,0
2013-08-31,18:18:27,4.2,8.799934387207031,0.2
2013-08-31,18:23:27,4.2,8.733202616373697,0.13333333333333333
2013-08-31,18:28:27,4.2,8.19994608561198,0.4666666666666667
2013-08-31,18:33:27,4.2,11.666552225748696,0.06666666666666668
2013-08-31,18:38:27,4.266666666666667,8.133252461751301,0.06666666666666668
2013-08-31,18:43:27,4.333333333333333,9.733212788899738,0
2013-08-31,18:48:27,4.2,8.866564432779947,0.5333333333333333
2013-08-31,18:53:27,4.2,9.266573588053385,0.06666666666666668
2013-08-31,18:58:27,4.2,9.466540018717447,0.06666666666666668
2013-08-31,19:03:27,4.4,8.466593424479168,0.2
2013-08-31,19:08:27,4.2,10.399869283040365,0.2
2013-08-31,19:13:27,4.133333333333333,9.999885559082031,0.4
2013-08-31,19:18:27,4.133333333333333,7.866617838541666,0.3333333333333333
2013-08-31,19:23:27,4.2,9.266560872395834,0.06666666666666668
2013-08-31,19:28:27,4.266666666666667,11.733182271321613,0.4
2013-08-31,19:33:27,4.2,9.866561889648438,0.26666666666666666
2013-08-31,19:38:27,4.266666666666667,9.666557312011719,0.26666666666666666
2013-08-31,19:43:27,4.4,12.9998779296875,0.2
2013-08-31,19:48:27,4.2,10.399894714355469,0
2013-08-31,19:53:27,4.2,12.199897766113281,0
2013-08-31,19:58:27,4.2,10.599899291992188,0.3333333333333333
2013-08-31,20:03:27,4.4,9.399871826171875,0.3333333333333333
2013-08-31,20:08:27,4.2,9.866536458333332,0.26666666666666666
2013-08-31,20:13:27,4.2,8.399887084960938,0
2013-08-31,20:18:27,4.2,6.799964904785156,0.2
2013-08-31,20:23:27,4.266666666666667,10.399856567382812,0.06666666666666668
2013-08-31,20:28:27,4.2,11.999893188476562,0.13333333333333333
2013-08-31,20:33:27,4.2,9.199943542480469,0
2013-08-31,20:38:27,4.4,10.599899291992188,0.3333333333333333
2013-08-31,20:43:27,4.333333333333333,12.866579691569008,0
2013-08-31,20:48:27,4.2,8.59991709391276,0.13333333333333333
2013-08-31,20:53:27,4.2,8.199920654296875,0.3333333333333333
2013-08-31,20:58:27,4.2,8.533223470052082,0
2013-08-31,21:03:27,4.4,10.0665283203125,0.2
2013-08-31,21:08:27,4.2,12.066561381022133,0.8
2013-08-31,21:13:27,4.2,11.466547648111977,0.5333333333333333
2013-08-31,21:18:27,4.2,7.733268737792969,0.2
2013-08-31,21:23:27,4.2,10.866546630859375,0.13333333333333333
2013-08-31,21:28:27,4.2,8.999862670898438,0.06666666666666668
2013-08-31,21:33:28,4.2,9.666531880696615,0.06666666666666668
2013-08-31,21:38:28,4.266666666666667,9.466552734375,0.13333333333333333
2013-08-31,21:43:28,4.333333333333333,12.933247884114582,0.06666666666666668
2013-08-31,21:48:28,4.2,12.733243306477867,0.06666666666666668
2013-08-31,21:53:28,4.2,9.666519165039062,0.26666666666666666
2013-08-31,21:58:28,4.266666666666667,8.733253479003906,0
2013-08-31,22:03:28,4.4,10.533218383789062,0.26666666666666666
2013-08-31,22:08:28,4.2,11.866556803385414,0.2
2013-08-31,22:13:28,4.2,9.466552734375,0.13333333333333333
2013-08-31,22:18:28,4.266666666666667,8.866589864095053,0.4666666666666667
2013-08-31,22:23:28,4.2,11.399879455566406,0.06666666666666668
2013-08-31,22:28:28,4.2,12.199897766113281,0.13333333333333333
2013-08-31,22:33:28,4.2,10.333188374837238,0
2013-08-31,22:38:28,4.333333333333333,10.066579182942709,0.26666666666666666
2013-08-31,22:43:28,4.333333333333333,12.799873352050781,0
2013-08-31,22:48:28,4.2,8.599929809570312,0.13333333333333333
2013-08-31,22:53:28,4.2,11.399879455566406,0.26666666666666666
2013-08-31,22:58:28,4.2,9.333178202311196,0.06666666666666668
2013-08-31,23:03:28,4.4,10.399894714355469,0.9333333333333332
2013-08-31,23:08:28,4.2,8.799896240234375,0.2
2013-08-31,23:13:28,4.2,9.999885559082031,0
2013-08-31,23:18:28,4.2,10.799903869628906,0.4
2013-08-31,23:23:28,4.2,9.999885559082031,0.06666666666666668
2013-08-31,23:28:28,4.2,11.199874877929688,0.3333333333333333
2013-08-31,23:33:28,4.2,10.399856567382812,0.06666666666666668
2013-08-31,23:38:28,4.333333333333333,10.666554768880209,0
2013-08-31,23:43:28,4.333333333333333,12.999916076660156,0.06666666666666668
2013-08-31,23:48:28,4.2,10.19989013671875,0.06666666666666668
2013-08-31,23:53:28,4.266666666666667,9.666544596354166,0.06666666666666668
2013-08-31,23:58:28,4.2,9.333216349283854,0
2013-09-01,00:03:28,4.4,10.199851989746094,0.2
2013-09-01,00:08:28,4.2,10.933240254720051,0.13333333333333333
2013-09-01,00:13:28,4.2,10.19989013671875,0.4
2013-09-01,00:18:28,4.266666666666667,10.399869283040365,0.6
2013-09-01,00:23:28,4.2,9.466527303059896,0.06666666666666668
2013-09-01,00:28:28,4.2,9.266548156738281,0.06666666666666668
2013-09-01,00:33:28,4.2,9.933217366536457,0.4
2013-09-01,00:38:28,4.266666666666667,11.06653849283854,0.06666666666666668
2013-09-01,00:43:28,4.333333333333333,10.86653391520182,0
2013-09-01,00:48:28,4.2,10.133209228515625,0
2013-09-01,00:53:28,4.2,11.59989674886068,0.2
2013-09-01,00:58:28,4.2,9.933230082194008,0.8666666666666667
2013-09-01,01:03:28,4.933333333333334,11.466573079427086,0.6
2013-09-01,01:08:28,5.133333333333334,24.59988911946614,0.13333333333333333
2013-09-01,01:13:28,4.2,13.466580708821619,0.06666666666666668
2013-09-01,01:18:28,4.2,15.533243815104164,0.26666666666666666
2013-09-01,01:23:28,4.266666666666667,10.999870300292969,0.06666666666666668
2013-09-01,01:28:28,4.2,9.666544596354166,0.2
2013-09-01,01:33:28,4.266666666666667,12.133229573567707,0.06666666666666668
2013-09-01,01:38:28,4.933333333333334,13.733202616373699,0.06666666666666668
2013-09-01,01:43:28,4.333333333333333,17.599945068359375,0.06666666666666668
2013-09-01,01:48:29,4.2,10.79986572265625,0.06666666666666668
2013-09-01,01:53:29,4.2,10.999870300292969,0
2013-09-01,01:58:29,4.2,9.59991455078125,0.26666666666666666
2013-09-01,02:03:29,4.4,12.133229573567707,0.26666666666666666
2013-09-01,02:08:29,6.133333333333334,30.3332010904948,0.4666666666666667
2013-09-01,02:13:29,4.2,20.866610209147133,0.3333333333333333
2013-09-01,02:18:29,4.2,12.799911499023436,0.5333333333333333
2013-09-01,02:23:29,4.2,13.99993896484375,0.2
2013-09-01,02:28:29,4.2,11.866556803385414,0.4
2013-09-01,02:33:29,4.2,10.533218383789062,0
2013-09-01,02:38:29,4.266666666666667,9.799880981445312,0
2013-09-01,02:43:29,4.333333333333333,11.933224995930992,0.26666666666666666
2013-09-01,02:48:29,4.2,10.199928283691406,0.06666666666666668
2013-09-01,02:53:29,4.2,10.799903869628906,0.6
2013-09-01,02:58:29,4.2,8.199907938639322,0.13333333333333333
2013-09-01,03:03:29,4.4,10.399894714355469,0.26666666666666666
2013-09-01,03:08:29,4.2,9.333229064941406,0.13333333333333333
2013-09-01,03:13:29,4.266666666666667,11.599884033203125,0.06666666666666668
2013-09-01,03:18:29,4.333333333333333,10.133234659830729,0.26666666666666666
2013-09-01,03:23:29,4.2,12.799911499023436,0.2
2013-09-01,03:28:29,4.2,12.133229573567707,0
2013-09-01,03:33:29,4.2,10.199851989746094,0.06666666666666668
2013-09-01,03:38:29,4.266666666666667,11.599884033203125,0
2013-09-01,03:43:29,4.266666666666667,12.533238728841145,0
2013-09-01,03:48:29,4.2,8.933245340983072,0.3333333333333333
2013-09-01,03:53:29,4.2,8.999951680501301,0.06666666666666668
2013-09-01,03:58:29,4.266666666666667,11.466547648111977,0.4
2013-09-01,04:03:29,4.4,9.333229064941406,0.5333333333333333
2013-09-01,04:08:29,4.2,8.999964396158852,0.13333333333333333
2013-09-01,04:13:29,4.2,10.266545613606771,0
2013-09-01,04:18:30,4.2,12.199897766113281,0.26666666666666666
2013-09-01,04:23:30,4.2,10.599861145019531,0.13333333333333333
2013-09-01,04:28:30,4.2,10.199851989746094,0.3333333333333333
2013-09-01,04:33:30,4.2,10.799891153971352,0.2
2013-09-01,04:38:30,4.333333333333333,10.66656748453776,0
2013-09-01,04:43:30,4.333333333333333,12.199897766113281,0.3333333333333333
2013-09-01,04:48:30,4.2,10.199851989746094,0.06666666666666668
2013-09-01,04:53:30,4.2,9.799893697102863,0.6
2013-09-01,04:58:30,4.2,9.999923706054688,0.06666666666666668
2013-09-01,05:03:30,4.333333333333333,9.199854532877602,0.2
2013-09-01,05:08:30,4.333333333333333,11.666552225748696,0.13333333333333333
2013-09-01,05:13:30,4.2,12.133229573567707,0.06666666666666668
2013-09-01,05:18:30,4.266666666666667,7.866566975911458,0.26666666666666666
2013-09-01,05:23:30,4.333333333333333,10.799891153971352,0.6666666666666666
2013-09-01,05:28:30,4.2,9.533246358235676,0.3333333333333333
2013-09-01,05:33:30,4.2,9.866561889648438,0.06666666666666668
2013-09-01,05:38:30,4.333333333333333,10.799903869628906,0.06666666666666668
2013-09-01,05:43:30,4.333333333333333,16.666590372721352,0
2013-09-01,05:48:30,4.2,9.66657002766927,0
2013-09-01,05:53:30,4.2,9.799842834472656,0
2013-09-01,05:58:30,4.4,11.266543070475258,0.5333333333333333
2013-09-01,06:03:30,4.333333333333333,11.39984130859375,0.26666666666666666
2013-09-01,06:08:30,4.2,9.333216349283854,0.2
2013-09-01,06:13:30,4.266666666666667,8.799896240234375,0.4
2013-09-01,06:18:30,4.2,9.999872843424479,0.4666666666666667
2013-09-01,06:23:30,4.2,9.999898274739584,0.06666666666666668
2013-09-01,06:28:30,4.2,9.866536458333332,0.3333333333333333
2013-09-01,06:33:30,4.2,9.399871826171875,0.06666666666666668
2013-09-01,06:38:31,4.333333333333333,9.599876403808594,0.06666666666666668
2013-09-01,06:43:31,4.266666666666667,10.066553751627602,0.13333333333333333
2013-09-01,06:48:31,4.2,11.666552225748696,0.4666666666666667
2013-09-01,06:53:31,4.2,9.866612752278646,0
2013-09-01,06:58:31,4.2,7.4666086832682295,0.13333333333333333
2013-09-01,07:03:31,4.466666666666667,9.266560872395834,0.2
2013-09-01,07:08:31,4.2,10.333213806152344,0.4
2013-09-01,07:13:31,4.2,10.133221944173178,0.06666666666666668
2013-09-01,07:18:31,4.2,9.799855550130209,0.4666666666666667
2013-09-01,07:23:31,4.2,10.999908447265625,0.2
2013-09-01,07:28:31,4.2,9.733212788899738,0
2013-09-01,07:33:31,4.2,12.599906921386719,0
2013-09-01,07:38:31,4.4,10.86653391520182,0
2013-09-01,07:43:31,4.333333333333333,13.73326619466146,0.4
2013-09-01,07:48:31,4.2,9.999847412109375,0
2013-09-01,07:53:31,4.266666666666667,11.199874877929688,0
2013-09-01,07:58:31,4.2,10.199864705403645,0.2
2013-09-01,08:03:31,4.4,10.799891153971352,0.2
2013-09-01,08:08:31,4.2,10.999908447265625,0.8
2013-09-01,08:13:31,4.2,8.199958801269531,0
2013-09-01,08:18:31,4.2,9.399871826171875,0.26666666666666666
2013-09-01,08:23:31,4.2,9.733225504557291,0.13333333333333333
2013-09-01,08:28:31,4.2,11.199913024902344,0.06666666666666668
2013-09-01,08:33:31,4.2,8.399925231933594,0.4
2013-09-01,08:38:32,4.333333333333333,11.399879455566406,0.13333333333333333
2013-09-01,08:43:31,4.333333333333333,13.199920654296877,0.26666666666666666
2013-09-01,08:48:31,4.2,10.599899291992188,0
2013-09-01,08:53:31,4.2,10.79986572265625,0.3333333333333333
2013-09-01,08:58:31,4.2,10.799903869628906,0
2013-09-01,09:03:31,4.333333333333333,9.399871826171875,0.3333333333333333
2013-09-01,09:08:31,4.2,9.733187357584635,0.13333333333333333
2013-09-01,09:13:31,4.2,11.333211263020832,0.13333333333333333
2013-09-01,09:18:31,4.2,9.666544596354166,0.5333333333333333
2013-09-01,09:23:31,4.2,11.866556803385414,0.06666666666666668
2013-09-01,09:28:31,4.2,10.466524759928383,0.13333333333333333
2013-09-01,09:33:31,4.2,9.66658274332682,0.06666666666666668
2013-09-01,09:38:31,4.333333333333333,11.866556803385414,0.13333333333333333
2013-09-01,09:43:31,4.333333333333333,12.533238728841145,0.4
2013-09-01,09:48:31,4.2,9.799880981445312,0.3333333333333333
2013-09-01,09:53:31,4.2,10.86653391520182,0.06666666666666668
2013-09-01,09:58:31,4.2,11.733220418294273,0
2013-09-01,10:03:31,4.4,8.666559855143227,0.2
2013-09-01,10:08:32,4.2,10.399894714355469,0.26666666666666666
2013-09-01,10:13:32,4.2,11.933224995930992,0.06666666666666668
2013-09-01,10:18:32,4.266666666666667,10.666529337565104,0.3333333333333333
2013-09-01,10:23:32,4.266666666666667,10.86653391520182,0.2
2013-09-01,10:28:32,4.2,9.333203633626303,0.26666666666666666
2013-09-01,10:33:32,4.2,9.599901835123697,0.06666666666666668
2013-09-01,10:38:32,4.333333333333333,11.333211263020832,0.4
2013-09-01,10:43:32,4.266666666666667,16.199951171875,0.26666666666666666
2013-09-01,10:48:32,4.2,11.466547648111977,0
2013-09-01,10:53:32,4.2,9.933179219563803,0.26666666666666666
2013-09-01,10:58:32,4.2,8.73327891031901,0.06666666666666668
2013-09-01,11:03:32,4.4,8.066571553548176,0.3333333333333333
2013-09-01,11:08:32,4.2,9.266522725423178,0.13333333333333333
2013-09-01,11:13:32,4.2,8.666547139485676,0
2013-09-01,11:18:32,4.2,9.599952697753906,0.7333333333333333
2013-09-01,11:23:32,4.2,9.199905395507812,0.13333333333333333
2013-09-01,11:28:32,4.2,10.066553751627602,0.13333333333333333
2013-09-01,11:33:32,4.2,11.199874877929688,0.4
2013-09-01,11:38:32,4.333333333333333,9.999860127766926,0
2013-09-01,11:43:32,4.266666666666667,14.399909973144531,0.13333333333333333
2013-09-01,11:48:32,4.2,9.999885559082031,0.06666666666666668
2013-09-01,11:53:32,4.2,10.399894714355469,0.06666666666666668
2013-09-01,11:58:32,4.2,9.466578165690104,0
2013-09-01,12:03:32,4.333333333333333,10.99992116292318,0.26666666666666666
2013-09-01,12:08:32,4.2,12.933247884114582,0.26666666666666666
2013-09-01,12:13:32,4.2,11.799888610839844,0.26666666666666666
2013-09-01,12:18:32,4.2,9.599876403808594,0.6
2013-09-01,12:23:32,4.2,10.399894714355469,0.13333333333333333
2013-09-01,12:28:33,4.2,10.79986572265625,0.8
2013-09-01,12:33:33,4.2,9.866511027018229,0.06666666666666668
2013-09-01,12:38:33,4.333333333333333,10.999870300292969,0.06666666666666668
2013-09-01,12:43:33,4.266666666666667,14.199867248535156,0
2013-09-01,12:48:33,4.133333333333333,9.999885559082031,0.06666666666666668
2013-09-01,12:53:33,4.2,9.999885559082031,0
2013-09-01,12:58:33,4.2,9.999847412109375,0
2013-09-01,13:03:33,4.4,11.733220418294273,0.4666666666666667
2013-09-01,13:08:33,4.2,10.733235677083332,0.13333333333333333
2013-09-01,13:13:33,4.2,11.066576639811196,0.13333333333333333
2013-09-01,13:18:33,4.2,9.266548156738281,0.3333333333333333
2013-09-01,13:23:33,4.2,9.66658274332682,0.06666666666666668
2013-09-01,13:28:33,4.2,9.399909973144531,0.4
2013-09-01,13:33:33,4.2,10.066553751627602,0.06666666666666668
2013-09-01,13:38:33,4.333333333333333,11.06653849283854,0.06666666666666668
2013-09-01,13:43:33,4.266666666666667,11.06653849283854,0
2013-09-01,13:48:33,4.2,10.533192952473959,0
2013-09-01,13:53:33,4.133333333333333,8.99987538655599,0
2013-09-01,13:58:33,4.2,8.39996337890625,0.4666666666666667
2013-09-01,14:03:33,4.4,8.666559855143227,0.2
2013-09-01,14:08:33,4.266666666666667,12.599868774414064,0.9333333333333332
2013-09-01,14:13:33,4.2,12.9998779296875,0.2
2013-09-01,14:18:33,4.266666666666667,10.999870300292969,0.6
2013-09-01,14:23:33,4.2,9.199867248535156,0.13333333333333333
2013-09-01,14:28:33,4.2,9.399909973144531,0
2013-09-01,14:33:34,4.2,7.999916076660156,0
2013-09-01,14:38:34,4.333333333333333,8.799934387207031,0.26666666666666666
2013-09-01,14:43:34,4.266666666666667,13.199920654296877,0
2013-09-01,14:48:34,4.2,8.799934387207031,0.06666666666666668
2013-09-01,14:53:34,4.333333333333333,8.866589864095053,0
2013-09-01,14:58:34,4.133333333333333,9.999923706054688,0
2013-09-01,15:03:34,4.4,8.733266194661459,0.3333333333333333
2013-09-01,15:08:34,4.2,7.599945068359375,0.2
2013-09-01,15:13:34,4.2,11.599884033203125,0.2
2013-09-01,15:18:34,4.2,10.333188374837238,0.4666666666666667
2013-09-01,15:23:34,4.2,11.06653849283854,0.06666666666666668
2013-09-01,15:28:34,4.2,12.53320058186849,0.13333333333333333
2013-09-01,15:33:34,4.2,10.46655019124349,0.06666666666666668
2013-09-01,15:38:34,4.466666666666667,8.999951680501301,0
2013-09-01,15:43:34,4.4,10.999870300292969,0.4
2013-09-01,15:48:34,4.2,8.466618855794271,0.26666666666666666
2013-09-01,15:53:34,4.2,10.266545613606771,0
2013-09-01,15:58:34,4.2,8.999926249186197,0.4
2013-09-01,16:03:34,4.4,6.799964904785156,0.3333333333333333
2013-09-01,16:08:34,4.2,7.333246866861981,0.4666666666666667
2013-09-01,16:13:34,4.2,12.866554260253906,0.06666666666666668
2013-09-01,16:18:34,4.2,10.19989013671875,0.2
2013-09-01,16:23:34,4.2,9.466603597005209,0.06666666666666668
2013-09-01,16:28:34,4.2,11.199874877929688,0
2013-09-01,16:33:34,4.2,12.266565958658852,0.3333333333333333
2013-09-01,16:38:35,4.333333333333333,11.133206685384113,0.06666666666666668
2013-09-01,16:43:35,4.266666666666667,10.333188374837238,0.06666666666666668
2013-09-01,16:48:35,4.2,9.399871826171875,0.06666666666666668
2013-09-01,16:53:35,4.2,9.399922688802082,0
2013-09-01,16:58:35,4.2,13.799908955891926,0.5333333333333333
2013-09-01,17:03:35,4.4,10.79986572265625,0.26666666666666666
2013-09-01,17:08:35,4.2,9.466565450032551,0.2
2013-09-01,17:13:35,4.2,9.266586303710938,0.06666666666666668
2013-09-01,17:18:35,4.2,10.399894714355469,0.5333333333333333
2013-09-01,17:23:35,4.266666666666667,9.999885559082031,0
2013-09-01,17:28:35,4.2,9.999885559082031,0.13333333333333333
2013-09-01,17:33:35,4.2,13.199920654296877,0.06666666666666668
2013-09-01,17:38:35,6.333333333333334,19.266535441080727,0.6666666666666666
2013-09-01,17:43:35,4.266666666666667,40.799903869628906,0.2
2013-09-01,17:48:35,4.2,19.39990997314453,0.06666666666666668
2013-09-01,17:53:35,4.2,11.999893188476562,0.06666666666666668
2013-09-01,17:58:35,4.2,9.733225504557291,0.26666666666666666
2013-09-01,18:03:35,4.333333333333333,10.266558329264322,0.2
2013-09-01,18:08:35,4.2,10.99989573160807,0.4
2013-09-01,18:13:35,4.2,8.266626993815105,0
2013-09-01,18:18:35,4.2,8.799858093261719,0.26666666666666666
2013-09-01,18:23:35,4.2,10.466524759928383,0.13333333333333333
2013-09-01,18:28:35,4.2,11.66656494140625,0
2013-09-01,18:33:35,4.2,9.799880981445312,0
2013-09-01,18:38:35,4.333333333333333,12.066561381022133,0.13333333333333333
2013-09-01,18:43:35,4.266666666666667,13.133252461751303,0
2013-09-01,18:48:35,4.2,10.466524759928383,0.6
2013-09-01,18:53:35,4.2,9.19989267985026,0.2
2013-09-01,18:58:35,4.2,9.666531880696615,0
2013-09-01,19:03:35,4.4,8.999900817871094,0.26666666666666666
2013-09-01,19:08:35,4.2,7.599970499674479,0.4666666666666667
2013-09-01,19:13:35,4.2,11.866556803385414,0.3333333333333333
2013-09-01,19:18:35,4.2,9.799906412760414,0.2
2013-09-01,19:23:35,4.266666666666667,11.466547648111977,0.7333333333333333
2013-09-01,19:28:35,4.2,12.533238728841145,0.06666666666666668
2013-09-01,19:33:35,4.2,10.933202107747398,0.13333333333333333
2013-09-01,19:38:35,4.333333333333333,10.933202107747398,0.06666666666666668
2013-09-01,19:43:35,4.266666666666667,10.199851989746094,0
2013-09-01,19:48:35,4.2,8.933245340983072,0.3333333333333333
2013-09-01,19:53:35,4.2,8.53326161702474,0
2013-09-01,19:58:35,4.2,9.199905395507812,0
2013-09-01,20:03:35,4.4,11.533215840657554,0.6
2013-09-01,20:08:35,4.266666666666667,11.999893188476562,0.2
2013-09-01,20:13:35,4.2,10.19989013671875,0
2013-09-01,20:18:36,4.266666666666667,9.399909973144531,0.26666666666666666
2013-09-01,20:23:36,4.4,9.799880981445312,0.13333333333333333
2013-09-01,20:28:36,4.2,8.199882507324219,0.13333333333333333
2013-09-01,20:33:36,4.2,12.599906921386719,0
2013-09-01,20:38:36,4.333333333333333,11.399879455566406,0.06666666666666668
2013-09-01,20:43:36,4.266666666666667,13.199920654296877,0.3333333333333333
2013-09-01,20:48:36,4.2,14.599876403808592,0.06666666666666668
2013-09-01,20:53:36,4.2,10.599861145019531,0.26666666666666666
2013-09-01,20:58:36,4.2,10.46655019124349,0.13333333333333333
2013-09-01,21:03:36,4.4,10.133196512858072,0.8
2013-09-01,21:08:36,4.2,9.333229064941406,0.13333333333333333
2013-09-01,21:13:36,4.2,8.46655527750651,0.2
2013-09-01,21:18:36,4.2,11.466547648111977,0.26666666666666666
2013-09-01,21:23:36,4.266666666666667,10.066566467285156,0.4666666666666667
2013-09-01,21:28:36,4.2,10.666554768880209,0
2013-09-01,21:33:36,4.2,12.066561381022133,0.06666666666666668
2013-09-01,21:38:36,4.333333333333333,9.866587320963541,0
2013-09-01,21:43:36,4.266666666666667,11.199874877929688,0
2013-09-01,21:48:36,4.2,8.599929809570312,0
2013-09-01,21:53:36,4.2,8.13323974609375,0.26666666666666666
2013-09-01,21:58:36,4.266666666666667,9.133224487304688,0.26666666666666666
2013-09-01,22:03:36,4.333333333333333,11.799888610839844,0.2
2013-09-01,22:08:36,4.2,8.866615295410156,0.13333333333333333
2013-09-01,22:13:36,4.2,7.933247884114582,0.26666666666666666
2013-09-01,22:18:36,4.4,8.599891662597656,0.26666666666666666
2013-09-01,22:23:36,4.6,8.799908955891928,0.06666666666666668
2013-09-01,22:28:36,4.2,9.066556294759115,0.4666666666666667
2013-09-01,22:33:37,4.2,8.133227030436197,0
2013-09-01,22:38:37,4.333333333333333,9.599939982096354,0.26666666666666666
2013-09-01,22:43:37,4.266666666666667,11.933224995930992,0
2013-09-01,22:48:37,4.2,9.533170064290365,0.8666666666666667
2013-09-01,22:53:37,4.2,8.73327891031901,0.2
2013-09-01,22:58:37,4.2,9.999847412109375,0
2013-09-01,23:03:37,4.333333333333333,9.199905395507812,0.26666666666666666
2013-09-01,23:08:37,4.2,9.399871826171875,0.2
2013-09-01,23:13:37,4.2,10.399894714355469,0.4666666666666667
2013-09-01,23:18:37,4.2,9.799919128417969,0.3333333333333333
2013-09-01,23:23:37,4.2,10.199928283691406,0.06666666666666668
2013-09-01,23:28:37,4.266666666666667,9.266522725423178,0.2
2013-09-01,23:33:37,4.2,9.199905395507812,0
2013-09-01,23:38:37,4.333333333333333,9.59991455078125,0.06666666666666668
2013-09-01,23:43:37,4.333333333333333,14.133237202962242,0.26666666666666666
2013-09-01,23:48:37,4.2,9.999847412109375,0.06666666666666668
2013-09-01,23:53:37,4.2,9.13323720296224,0
2013-09-01,23:58:37,4.2,11.933224995930992,0.06666666666666668
2013-09-02,00:03:37,4.4,10.333188374837238,0.26666666666666666
2013-09-02,00:08:37,4.266666666666667,10.333188374837238,0.13333333333333333
2013-09-02,00:13:37,4.2,9.466578165690104,0.06666666666666668
2013-09-02,00:18:37,4.2,8.866589864095053,0.26666666666666666
2013-09-02,00:23:37,4.2,10.733210245768229,0.13333333333333333
2013-09-02,00:28:37,4.266666666666667,8.799858093261719,0.9333333333333332
2013-09-02,00:33:37,4.2,8.666598002115885,0
2013-09-02,00:38:37,4.333333333333333,11.333211263020832,0
2013-09-02,00:43:37,4.266666666666667,13.533223470052084,0
2013-09-02,00:48:37,4.2,10.666529337565104,0.6
2013-09-02,00:53:38,4.2,11.06653849283854,0
2013-09-02,00:58:38,4.2,9.333165486653645,0.4
2013-09-02,01:03:38,4.266666666666667,9.466514587402344,0.2
2013-09-02,01:08:38,5.8,24.533233642578125,0.13333333333333333
2013-09-02,01:13:38,4.2,13.333231608072918,0
2013-09-02,01:18:38,4.333333333333333,10.933202107747398,0.26666666666666666
2013-09-02,01:23:38,4.2,8.533274332682293,0.4
2013-09-02,01:28:38,4.2,10.599899291992188,0.13333333333333333
2013-09-02,01:33:38,4.2,9.199854532877602,0.13333333333333333
2013-09-02,01:38:38,4.333333333333333,9.266573588053385,0
2013-09-02,01:43:38,4.266666666666667,14.666620890299475,0.2
2013-09-02,01:48:38,4.2,10.399856567382812,0
2013-09-02,01:53:38,4.2,9.466540018717447,0.2
2013-09-02,01:58:38,4.2,9.266535441080729,0
2013-09-02,02:03:38,4.4,9.599876403808594,0.2
2013-09-02,02:08:38,4.2,9.199867248535156,0.13333333333333333
2013-09-02,02:13:38,4.266666666666667,10.599899291992188,0.4
2013-09-02,02:18:38,4.2,10.599899291992188,0.26666666666666666
2013-09-02,02:23:38,4.2,11.13325754801432,0.3333333333333333
2013-09-02,02:28:38,4.2,11.199874877929688,0.3333333333333333
2013-09-02,02:33:38,4.266666666666667,9.733238220214844,0.06666666666666668
2013-09-02,02:38:38,4.333333333333333,10.799903869628906,0.06666666666666668
2013-09-02,02:43:38,4.266666666666667,11.999893188476562,0.4
2013-09-02,02:48:38,4.2,8.133277893066406,0.26666666666666666
2013-09-02,02:53:38,4.2,9.599901835123697,0
2013-09-02,02:58:38,4.2,9.199854532877602,0.26666666666666666
2013-09-02,03:03:38,4.4,9.333267211914062,0.26666666666666666
2013-09-02,03:08:38,4.2,9.066569010416666,0.2
2013-09-02,03:13:38,4.2,10.799903869628906,0.13333333333333333
2013-09-02,03:18:38,4.133333333333333,10.733197530110678,0.2
2013-09-02,03:23:38,4.2,9.999847412109375,0.06666666666666668
2013-09-02,03:28:38,4.2,12.333234151204426,0.26666666666666666
2013-09-02,03:33:38,4.2,10.266520182291666,0.06666666666666668
2013-09-02,03:38:38,4.333333333333333,10.86653391520182,0
2013-09-02,03:43:38,4.266666666666667,14.733225504557293,0.13333333333333333
2013-09-02,03:48:38,4.2,11.866544087727867,0.06666666666666668
2013-09-02,03:53:38,4.2,9.266586303710938,0.26666666666666666
2013-09-02,03:58:38,4.2,8.933219909667969,0.26666666666666666
2013-09-02,04:03:38,4.4,9.866511027018229,0.26666666666666666
2013-09-02,04:08:38,4.2,11.199874877929688,0.26666666666666666
2013-09-02,04:13:38,4.2,9.866549173990885,0
2013-09-02,04:18:38,4.2,11.133219401041664,0.2
2013-09-02,04:23:38,4.2,12.133255004882812,0.4
2013-09-02,04:28:38,4.2,13.799896240234375,0.3333333333333333
2013-09-02,04:33:38,4.2,12.333234151204426,0.4666666666666667
2013-09-02,04:38:38,4.333333333333333,10.79986572265625,0
2013-09-02,04:43:38,4.2,12.799911499023436,0
2013-09-02,04:48:38,4.2,9.599876403808594,0.5333333333333333
2013-09-02,04:53:38,4.2,13.199920654296877,0.06666666666666668
2013-09-02,04:58:38,4.2,9.399897257486979,0
2013-09-02,05:03:38,4.4,12.199897766113281,0.26666666666666666
2013-09-02,05:08:38,4.266666666666667,10.79986572265625,0.26666666666666666
2013-09-02,05:13:38,4.2,8.799934387207031,0
2013-09-02,05:18:39,4.2,8.599891662597656,0.26666666666666666
2013-09-02,05:23:39,4.2,11.399879455566406,0.2
2013-09-02,05:28:39,4.2,11.266555786132812,0.4
2013-09-02,05:33:39,4.2,10.599861145019531,0.6
2013-09-02,05:38:39,4.4,10.599861145019531,0.13333333333333333
2013-09-02,05:43:39,4.266666666666667,13.999900817871094,0
2013-09-02,05:48:39,4.2,10.733197530110678,0
2013-09-02,05:53:39,4.2,10.266532897949219,0.06666666666666668
2013-09-02,05:58:39,4.2,12.133229573567707,0.3333333333333333
2013-09-02,06:03:39,4.4,11.666552225748696,0.2
2013-09-02,06:08:39,4.2,11.133206685384113,0.5333333333333333
2013-09-02,06:13:39,4.133333333333333,9.866549173990885,0.4666666666666667
2013-09-02,06:18:39,4.2,9.933255513509115,0.2
2013-09-02,06:23:39,4.266666666666667,9.799906412760414,0.13333333333333333
2013-09-02,06:28:39,4.2,8.933207194010414,0.26666666666666666
2013-09-02,06:33:39,4.2,9.599876403808594,0
2013-09-02,06:38:39,4.333333333333333,10.73327382405599,0
2013-09-02,06:43:39,4.266666666666667,12.199897766113281,0
2013-09-02,06:48:39,4.2,12.866579691569008,0.2
2013-09-02,06:53:39,4.2,11.06653849283854,0.06666666666666668
2013-09-02,06:58:39,4.333333333333333,9.866549173990885,0.2
2013-09-02,07:03:39,4.4,11.466585795084633,0.6
2013-09-02,07:08:39,4.333333333333333,12.933247884114582,0.2
2013-09-02,07:13:39,4.2,11.999893188476562,0
2013-09-02,07:18:39,4.2,9.866587320963541,0.2
2013-09-02,07:23:39,4.133333333333333,11.06653849283854,0.13333333333333333
2013-09-02,07:28:39,4.2,8.466606140136719,0.06666666666666668
2013-09-02,07:33:39,6.2,31.266568501790363,0.4
2013-09-02,07:38:39,4.4,26.66656494140625,0
2013-09-02,07:43:39,4.466666666666667,19.399871826171875,0.26666666666666666
2013-09-02,07:48:39,4.4,12.799911499023436,0.4666666666666667
2013-09-02,07:53:39,4.2,11.399879455566406,0
2013-09-02,07:58:39,4.266666666666667,9.733174641927084,0.3333333333333333
2013-09-02,08:03:39,4.4,10.799903869628906,0.6
2013-09-02,08:08:39,4.2,8.666585286458334,0.13333333333333333
2013-09-02,08:13:39,4.2,10.466562906901041,0.06666666666666668
2013-09-02,08:18:39,4.2,10.79986572265625,0.3333333333333333
2013-09-02,08:23:39,4.2,9.799842834472656,0.13333333333333333
2013-09-02,08:28:39,4.133333333333333,8.59991709391276,0
2013-09-02,08:33:39,4.2,9.999923706054688,0.13333333333333333
2013-09-02,08:38:39,4.333333333333333,11.599884033203125,0.3333333333333333
2013-09-02,08:43:40,4.266666666666667,12.333234151204426,0.06666666666666668
2013-09-02,08:48:40,4.2,11.06653849283854,0.06666666666666668
2013-09-02,08:53:40,4.2,10.933202107747398,0
2013-09-02,08:58:40,4.2,9.266535441080729,0
2013-09-02,09:03:40,4.4,8.866564432779947,0.26666666666666666
2013-09-02,09:08:40,4.2,9.466565450032551,0.13333333333333333
2013-09-02,09:13:40,4.2,8.933245340983072,0.06666666666666668
2013-09-02,09:18:40,4.2,10.399856567382812,0.6666666666666666
2013-09-02,09:23:40,4.2,12.733243306477867,0.4666666666666667
2013-09-02,09:28:40,4.2,12.933209737141926,0.2
2013-09-02,09:33:40,4.2,9.399897257486979,0.06666666666666668
2013-09-02,09:38:40,4.333333333333333,9.666544596354166,0.3333333333333333
2013-09-02,09:43:40,4.266666666666667,12.266565958658852,0.3333333333333333
2013-09-02,09:48:40,4.2,9.333216349283854,0
2013-09-02,09:53:40,4.2,8.866589864095053,0.3333333333333333
2013-09-02,09:58:40,4.2,10.599873860677084,0.06666666666666668
2013-09-02,10:03:40,4.4,8.866589864095053,0.2
2013-09-02,10:08:40,4.2,9.066543579101562,0.2
2013-09-02,10:13:40,4.2,9.866549173990885,0.26666666666666666
2013-09-02,10:18:40,4.266666666666667,8.866602579752604,0.3333333333333333
2013-09-02,10:23:40,4.2,7.933273315429687,0.13333333333333333
2013-09-02,10:28:40,4.2,12.333234151204426,0.13333333333333333
2013-09-02,10:33:40,4.2,12.133229573567707,0
2013-09-02,10:38:40,4.333333333333333,10.333188374837238,0
2013-09-02,10:43:40,4.266666666666667,11.599884033203125,0
2013-09-02,10:48:40,4.2,8.599929809570312,0
2013-09-02,10:53:40,4.266666666666667,10.399907430013021,0.26666666666666666
2013-09-02,10:58:40,4.2,9.59991455078125,0.26666666666666666
2013-09-02,11:03:40,4.4,10.399894714355469,0.26666666666666666
2013-09-02,11:08:40,4.266666666666667,11.599884033203125,0.4666666666666667
2013-09-02,11:13:40,4.2,10.999870300292969,0.5333333333333333
2013-09-02,11:18:41,4.2,10.399856567382812,0.3333333333333333
2013-09-02,11:23:41,4.2,10.399894714355469,0.13333333333333333
2013-09-02,11:28:41,4.2,11.599884033203125,0.5333333333333333
2013-09-02,11:33:40,4.2,11.13316853841146,0
2013-09-02,11:38:40,4.333333333333333,10.599861145019531,0
2013-09-02,11:43:40,4.266666666666667,13.333257039388025,0.06666666666666668
2013-09-02,11:48:40,4.2,9.133224487304688,0
2013-09-02,11:53:40,4.266666666666667,8.599929809570312,0.3333333333333333
2013-09-02,11:58:40,4.2,11.66656494140625,0
2013-09-02,12:03:41,4.466666666666667,8.73321533203125,0.8
2013-09-02,12:08:41,4.2,11.533228556315102,0.26666666666666666
2013-09-02,12:13:41,4.2,12.666575113932288,0
2013-09-02,12:18:41,4.2,9.266560872395834,0.26666666666666666
2013-09-02,12:23:41,4.2,10.599899291992188,0.06666666666666668
2013-09-02,12:28:41,4.2,11.06653849283854,0.06666666666666668
2013-09-02,12:33:41,4.2,9.799893697102863,0.06666666666666668
2013-09-02,12:38:41,4.333333333333333,8.399925231933594,0.06666666666666668
2013-09-02,12:43:41,4.266666666666667,12.399915059407554,0.26666666666666666
2013-09-02,12:48:41,4.2,10.399856567382812,0
2013-09-02,12:53:41,4.333333333333333,9.466552734375,0.13333333333333333
2013-09-02,12:58:41,4.266666666666667,9.13323720296224,0.4666666666666667
2013-09-02,13:03:41,4.4,7.999928792317706,0.9333333333333332
2013-09-02,13:08:41,4.266666666666667,11.466560363769531,0.8
2013-09-02,13:13:41,4.2,11.333211263020832,0.2
2013-09-02,13:18:41,4.2,11.466547648111977,0.2
2013-09-02,13:23:41,4.2,11.533215840657554,0.06666666666666668
2013-09-02,13:28:41,4.2,10.066553751627602,0.13333333333333333
2013-09-02,13:33:41,4.2,11.933186848958336,0.06666666666666668
2013-09-02,13:38:41,4.333333333333333,8.666585286458334,0.06666666666666668
2013-09-02,13:43:41,4.266666666666667,12.599906921386719,0.4666666666666667
2013-09-02,13:48:41,4.2,10.199851989746094,0.06666666666666668
2013-09-02,13:53:41,4.2,10.79986572265625,0
2013-09-02,13:58:41,4.2,9.399909973144531,0.13333333333333333
2013-09-02,14:03:41,4.4,8.933207194010414,0.2
2013-09-02,14:08:41,4.533333333333333,11.199913024902344,0.26666666666666666
2013-09-02,14:13:41,4.333333333333333,8.799896240234375,0.13333333333333333
2013-09-02,14:18:41,4.4,8.599891662597656,0.4666666666666667
2013-09-02,14:23:41,4.888888888888889,9.999847412109375,0
2013-09-02,14:28:41,4.2,10.599861145019531,0.2
2013-09-02,14:33:42,4.133333333333333,9.799842834472656,0.4666666666666667
2013-09-02,14:38:42,4.333333333333333,10.066541035970051,0.4666666666666667
2013-09-02,14:43:42,4.266666666666667,12.599868774414064,0.4666666666666667
2013-09-02,14:48:42,4.2,10.399856567382812,0.5333333333333333
2013-09-02,14:53:42,4.133333333333333,9.933255513509115,0
2013-09-02,14:58:42,4.133333333333333,11.999893188476562,0
2013-09-02,15:03:42,4.333333333333333,11.333236694335938,0.2
2013-09-02,15:08:42,4.133333333333333,9.999885559082031,0.2
2013-09-02,15:13:42,4.133333333333333,10.466575622558594,0.06666666666666668
2013-09-02,15:18:42,4.2,9.399833679199219,0.2
2013-09-02,15:23:42,4.2,9.066645304361979,0.06666666666666668
2013-09-02,15:28:42,4.2,10.399856567382812,0.13333333333333333
2013-09-02,15:33:42,4.2,12.599906921386719,0.4
2013-09-02,15:38:42,4.4,10.066515604654947,0.06666666666666668
2013-09-02,15:43:42,4.266666666666667,12.266565958658852,0.06666666666666668
2013-09-02,15:48:42,4.133333333333333,10.19989013671875,0
2013-09-02,15:53:42,4.266666666666667,9.999847412109375,0.4
2013-09-02,15:58:42,4.066666666666666,8.599891662597656,0.06666666666666668
2013-09-02,16:03:42,4.266666666666667,10.933202107747398,0.2
2013-09-02,16:08:42,4.2,13.06658426920573,0.26666666666666666
2013-09-02,16:13:42,4.2,10.599861145019531,0.13333333333333333
2013-09-02,16:18:42,4.2,10.13318379720052,0.2
2013-09-02,16:23:42,4.266666666666667,8.399912516276041,0.6666666666666666
2013-09-02,16:28:42,4.2,10.86653391520182,0.8666666666666667
2013-09-02,16:33:42,4.133333333333333,9.799880981445312,0.4
2013-09-02,16:38:42,4.533333333333333,11.599884033203125,0.06666666666666668
2013-09-02,16:43:42,4.933333333333334,12.999839782714846,0
2013-09-02,16:48:42,4.266666666666667,11.06653849283854,0.13333333333333333
2013-09-02,16:53:42,4.2,13.599929809570312,0
2013-09-02,16:58:42,4.2,9.399833679199219,0
2013-09-02,17:03:42,4.266666666666667,10.999870300292969,0.2
2013-09-02,17:08:42,4.2,10.999870300292969,0.4
2013-09-02,17:13:42,4.133333333333333,11.999893188476562,0.06666666666666668
2013-09-02,17:18:42,4.133333333333333,12.799873352050781,0.4
2013-09-02,17:23:42,4.2,9.466552734375,0.06666666666666668
2013-09-02,17:28:42,4.133333333333333,9.466578165690104,0.3333333333333333
2013-09-02,17:33:42,4.2,9.399935404459633,0.13333333333333333
2013-09-02,17:38:42,4.333333333333333,8.466606140136719,0
2013-09-02,17:43:43,4.266666666666667,13.999875386555994,0.13333333333333333
2013-09-02,17:48:43,4.2,11.266543070475258,0
2013-09-02,17:53:43,4.2,10.533218383789062,0
2013-09-02,17:58:43,4.2,9.733225504557291,0.7333333333333333
2013-09-02,18:03:43,4.266666666666667,11.866556803385414,0.3333333333333333
2013-09-02,18:08:43,4.133333333333333,10.599861145019531,0.2
2013-09-02,18:13:43,4.2,9.933204650878906,0.4
2013-09-02,18:18:43,4.2,10.266583760579428,0.3333333333333333
2013-09-02,18:23:43,4.2,10.53320566813151,0.13333333333333333
2013-09-02,18:28:43,4.2,9.599838256835938,0.3333333333333333
2013-09-02,18:33:43,4.2,9.133186340332031,0.06666666666666668
2013-09-02,18:38:43,4.333333333333333,8.266588846842447,0
2013-09-02,18:43:43,4.466666666666667,11.199874877929688,0.26666666666666666
2013-09-02,18:48:43,4.2,11.933186848958336,0.13333333333333333
2013-09-02,18:53:43,4.2,10.066553751627602,0
2013-09-02,18:58:43,4.133333333333333,11.199874877929688,0
2013-09-02,19:03:43,4.4,9.266573588053385,0.26666666666666666
2013-09-02,19:08:43,4.2,10.53320566813151,0.13333333333333333
2013-09-02,19:13:43,6.75,10.999870300292969,0
2013-09-02,19:18:43,5.2,11.999893188476562,0.5333333333333333
2013-09-02,19:23:43,5.266666666666667,12.199897766113281,0.06666666666666668
2013-09-02,19:28:43,5.2,10.199851989746094,0.4
2013-09-02,19:33:43,5.2,9.599952697753906,0
2013-09-02,19:38:43,5.266666666666667,10.866559346516926,0
2013-09-02,19:43:43,5.266666666666667,11.399879455566406,0
2013-09-02,19:48:43,5.266666666666667,9.999885559082031,0.26666666666666666
2013-09-02,19:53:44,5.266666666666667,8.999900817871094,0.6666666666666666
2013-09-02,19:58:44,5.266666666666667,10.466537475585938,0.26666666666666666
2013-09-02,20:03:44,5.4,10.666529337565104,0.2
2013-09-02,20:08:44,5.266666666666667,11.733220418294273,0.13333333333333333
2013-09-02,20:13:44,5.266666666666667,9.866536458333332,0
2013-09-02,20:18:44,5.266666666666667,7.533289591471354,0.8
2013-09-02,20:23:44,5.2,10.266520182291666,0.13333333333333333
2013-09-02,20:28:44,5.2,10.666529337565104,0
2013-09-02,20:33:44,5.2,11.199874877929688,0.06666666666666668
2013-09-02,20:38:44,5.333333333333334,12.399889628092446,0
2013-09-02,20:43:44,5.266666666666667,15.33320109049479,0.13333333333333333
2013-09-02,20:48:44,5.266666666666667,9.599838256835938,0
2013-09-02,20:53:44,5.2,10.399856567382812,0.06666666666666668
2013-09-02,20:58:44,5.2,10.066553751627602,0.4
2013-09-02,21:03:44,5.4,11.799888610839844,0.26666666666666666
2013-09-02,21:08:44,5.266666666666667,10.066553751627602,0.5333333333333333
2013-09-02,21:13:44,5.2,11.7999267578125,0
2013-09-02,21:18:44,5.266666666666667,11.199874877929688,0.3333333333333333
2013-09-02,21:23:44,5.2,10.399856567382812,0.13333333333333333
2013-09-02,21:28:44,5.2,10.733222961425781,0.3333333333333333
2013-09-02,21:33:44,5.2,9.33319091796875,0.26666666666666666
2013-09-02,21:38:44,5.333333333333334,10.933202107747398,0.06666666666666668
2013-09-02,21:43:44,5.4,13.466567993164064,0.6666666666666666
2013-09-02,21:48:44,5.2,12.266565958658852,0
2013-09-02,21:53:44,5.2,11.933224995930992,0
2013-09-02,21:58:44,5.266666666666667,12.266527811686196,0.3333333333333333
2013-09-02,22:03:44,5.4,9.533208211263021,0.2
2013-09-02,22:08:44,5.333333333333334,11.199874877929688,0.2
2013-09-02,22:13:44,5.2,9.19989267985026,0.6
2013-09-02,22:18:44,5.2,10.533231099446615,0.2
2013-09-02,22:23:44,5.2,11.999893188476562,0.2
2013-09-02,22:28:44,5.2,9.866511027018229,0
2013-09-02,22:33:44,5.2,8.466606140136719,0.06666666666666668
2013-09-02,22:38:44,5.4,10.99989573160807,0.6
2013-09-02,22:43:44,5.466666666666666,11.466547648111977,0.06666666666666668
2013-09-02,22:48:44,5.333333333333334,11.999893188476562,0
2013-09-02,22:53:44,5.2,10.79986572265625,0.06666666666666668
2013-09-02,22:58:44,5.2,12.266565958658852,0.06666666666666668
2013-09-02,23:03:44,5.533333333333334,10.13318379720052,0.6
2013-09-02,23:08:45,5.2,10.999870300292969,0.2
2013-09-02,23:13:45,5.266666666666667,11.799888610839844,0.13333333333333333
2013-09-02,23:18:45,5.2,10.399856567382812,0.6
2013-09-02,23:23:45,5.333333333333334,11.399879455566406,0.13333333333333333
2013-09-02,23:28:45,7.133333333333334,20.066553751627605,0.8
2013-09-02,23:33:45,5.266666666666667,38.199920654296875,0.06666666666666668
2013-09-02,23:38:45,5.466666666666666,17.59993235270182,0
2013-09-02,23:43:45,5.4,16.799888610839844,0.26666666666666666
2013-09-02,23:48:45,5.2,10.666529337565104,0
2013-09-02,23:53:45,5.2,9.999847412109375,0
2013-09-02,23:58:45,5.2,10.266545613606771,0
2013-09-03,00:03:45,5.533333333333334,11.333223978678383,0.4
2013-09-03,00:08:45,5.266666666666667,9.06659444173177,0.5333333333333333
2013-09-03,00:13:45,5.2,10.53320566813151,0
2013-09-03,00:18:45,5.266666666666667,11.266543070475258,0.2
2013-09-03,00:23:45,5.266666666666667,10.599899291992188,0.13333333333333333
2013-09-03,00:28:45,5.2,9.46650187174479,0.13333333333333333
2013-09-03,00:33:45,5.2,10.333188374837238,0
2013-09-03,00:38:45,5.333333333333334,10.199851989746094,0.06666666666666668
2013-09-03,00:43:45,5.466666666666666,12.066561381022133,0.13333333333333333
2013-09-03,00:48:45,5.2,9.266535441080729,0
2013-09-03,00:53:45,5.2,8.799934387207031,0.7333333333333333
2013-09-03,00:58:45,5.2,9.999885559082031,0
2013-09-03,01:03:45,5.466666666666666,8.799896240234375,0.3333333333333333
2013-09-03,01:08:45,7.2666666666666675,18.666547139485672,0.7333333333333333
2013-09-03,01:13:45,5.266666666666667,20.999908447265625,0.13333333333333333
2013-09-03,01:18:45,5.266666666666667,14.399948120117188,0.2
2013-09-03,01:23:45,5.4,10.666554768880209,0.13333333333333333
2013-09-03,01:28:45,5.266666666666667,11.199874877929688,0.13333333333333333
2013-09-03,01:33:45,5.333333333333334,10.79986572265625,0
2013-09-03,01:38:45,5.466666666666666,13.333257039388025,0.3333333333333333
2013-09-03,01:43:45,5.4,10.533218383789062,0.26666666666666666
2013-09-03,01:48:45,5.2,10.599861145019531,0
2013-09-03,01:53:45,5.266666666666667,9.933179219563803,0
2013-09-03,01:58:45,5.2,9.466540018717447,0.2
2013-09-03,02:03:45,5.466666666666666,9.466527303059896,0.5333333333333333
2013-09-03,02:08:45,5.333333333333334,9.199905395507812,0.2
2013-09-03,02:13:45,5.2,9.533182779947916,0.06666666666666668
2013-09-03,02:18:46,5.4,10.199902852376303,0.2
2013-09-03,02:23:46,5.266666666666667,10.53320566813151,0.06666666666666668
2013-09-03,02:28:46,5.4,9.533271789550781,0.6666666666666666
2013-09-03,02:33:46,5.266666666666667,8.066596984863281,0
2013-09-03,02:38:46,5.4,9.133224487304688,0.4
2013-09-03,02:43:46,5.533333333333334,13.666559855143227,0.4
2013-09-03,02:48:46,5.333333333333334,9.799880981445312,0.06666666666666668
2013-09-03,02:53:46,5.2,11.199874877929688,0
2013-09-03,02:58:46,5.2,12.39990234375,0.06666666666666668
2013-09-03,03:03:46,5.4,9.999885559082031,0.2
2013-09-03,03:08:46,5.2,7.999954223632813,0.2
2013-09-03,03:13:46,5.333333333333334,9.399909973144531,0
2013-09-03,03:18:46,5.333333333333334,9.866536458333332,0.26666666666666666
2013-09-03,03:23:46,5.533333333333334,11.333236694335938,0.06666666666666668
2013-09-03,03:28:46,5.466666666666666,12.799911499023436,0.4666666666666667
2013-09-03,03:33:46,5.2,8.333244323730469,0.06666666666666668
2013-09-03,03:38:46,5.4,10.399856567382812,0
2013-09-03,03:43:46,5.266666666666667,14.333241780598957,0.06666666666666668
2013-09-03,03:48:46,5.266666666666667,9.533195495605469,0.26666666666666666
2013-09-03,03:53:47,5.2,7.733268737792969,0.13333333333333333
2013-09-03,03:58:47,5.333333333333334,10.466537475585938,0
2013-09-03,04:03:47,5.533333333333334,10.866559346516926,0.5333333333333333
2013-09-03,04:08:47,5.266666666666667,10.733197530110678,0.13333333333333333
2013-09-03,04:13:47,5.466666666666666,10.199864705403645,0.26666666666666666
2013-09-03,04:18:47,5.266666666666667,10.46655019124349,0.2
2013-09-03,04:23:47,5.266666666666667,11.266543070475258,1.0
2013-09-03,04:28:47,5.2,11.866556803385414,0.06666666666666668
2013-09-03,04:33:47,5.2,11.199874877929688,0.26666666666666666
2013-09-03,04:38:47,5.333333333333334,10.533192952473959,0
2013-09-03,04:43:47,5.266666666666667,11.799888610839844,0.06666666666666668
2013-09-03,04:48:47,5.2,10.799942016601562,0.06666666666666668
2013-09-03,04:53:47,5.266666666666667,8.999900817871094,0
2013-09-03,04:58:47,5.266666666666667,8.799896240234375,0.06666666666666668
2013-09-03,05:03:47,5.4,7.799962361653646,0.2
2013-09-03,05:08:47,5.333333333333334,9.599889119466145,0.6
2013-09-03,05:13:47,5.333333333333334,11.06653849283854,0.13333333333333333
2013-09-03,05:18:47,5.333333333333334,7.933247884114582,0.3333333333333333
2013-09-03,05:23:47,5.266666666666667,9.66658274332682,0.13333333333333333
2013-09-03,05:28:47,5.2,8.266588846842447,0
2013-09-03,05:33:47,5.266666666666667,9.466565450032551,0.26666666666666666
2013-09-03,05:38:47,5.333333333333334,9.733238220214844,0
2013-09-03,05:43:47,5.466666666666666,12.599906921386719,0.06666666666666668
2013-09-03,05:48:47,5.2,9.599889119466145,0.13333333333333333
2013-09-03,05:53:47,5.2,9.133224487304688,0.4
2013-09-03,05:58:47,5.2,8.866539001464844,0.3333333333333333
2013-09-03,06:03:47,5.4,9.799893697102863,0.5333333333333333
2013-09-03,06:08:47,5.333333333333334,10.933214823404946,0.2
2013-09-03,06:13:47,5.266666666666667,10.133234659830729,0.4666666666666667
2013-09-03,06:18:47,5.266666666666667,14.19994354248047,0.2
2013-09-03,06:23:47,5.4,11.399879455566406,0.13333333333333333
2013-09-03,06:28:47,5.2,10.199851989746094,0.06666666666666668
2013-09-03,06:33:47,5.333333333333334,8.999862670898438,0
2013-09-03,06:38:47,5.4,8.933270772298176,0.5333333333333333
2013-09-03,06:43:48,5.4,11.799888610839844,0.06666666666666668
2013-09-03,06:48:48,5.333333333333334,10.79986572265625,0.06666666666666668
2013-09-03,06:53:48,5.4,9.19989267985026,0.13333333333333333
2013-09-03,06:58:48,5.333333333333334,10.666542053222656,0.06666666666666668
2013-09-03,07:03:48,5.533333333333334,9.666544596354166,0.26666666666666666
2013-09-03,07:08:48,5.4,9.733212788899738,0.26666666666666666
2013-09-03,07:13:48,5.333333333333334,8.933258056640625,0
2013-09-03,07:18:48,5.333333333333334,11.39989217122396,0.5333333333333333
2013-09-03,07:23:48,5.333333333333334,12.066523234049477,0.13333333333333333
2013-09-03,07:28:48,5.4,10.799878438313804,0.3333333333333333
2013-09-03,07:33:48,5.333333333333334,7.93328603108724,0.13333333333333333
2013-09-03,07:38:48,5.666666666666666,8.999913533528646,0.06666666666666668
2013-09-03,07:43:48,5.4,12.466532389322914,0.4666666666666667
2013-09-03,07:48:48,5.333333333333334,11.533215840657554,0.4
2013-09-03,07:53:48,5.533333333333334,9.599889119466145,0.2
2013-09-03,07:58:48,5.4,8.666585286458334,0.06666666666666668
2013-09-03,08:03:48,5.4,10.466562906901041,0.4666666666666667
2013-09-03,08:08:48,5.333333333333334,10.999870300292969,0.13333333333333333
2013-09-03,08:13:48,5.333333333333334,8.799934387207031,0.3333333333333333
2013-09-03,08:18:48,5.4,9.999885559082031,0.4
2013-09-03,08:23:48,5.466666666666666,10.999870300292969,0.26666666666666666
2013-09-03,08:28:48,5.4,8.599967956542969,0
2013-09-03,08:33:48,5.2,8.066584269205729,0
2013-09-03,08:38:48,5.466666666666666,12.39990234375,0.13333333333333333
2013-09-03,08:43:48,5.4,15.26655832926432,0
2013-09-03,08:48:48,5.2,9.666544596354166,0.06666666666666668
2013-09-03,08:53:48,5.2,9.733212788899738,0.13333333333333333
2013-09-03,08:58:48,5.266666666666667,10.86653391520182,0
2013-09-03,09:03:48,5.533333333333334,9.933230082194008,0.4666666666666667
2013-09-03,09:08:49,5.266666666666667,11.866556803385414,0.13333333333333333
2013-09-03,09:13:49,5.266666666666667,9.733174641927084,0.6
2013-09-03,09:18:49,5.2,9.399884541829428,0.26666666666666666
2013-09-03,09:23:49,5.333333333333334,10.133221944173178,0.13333333333333333
2013-09-03,09:28:49,5.266666666666667,8.466593424479168,0.2
2013-09-03,09:33:49,5.2,9.399833679199219,0.4
2013-09-03,09:38:49,5.6,9.266573588053385,1.7333333333333334
2013-09-03,09:43:49,5.466666666666666,13.866526285807293,0.2
2013-09-03,09:48:49,5.2,10.666529337565104,0.13333333333333333
2013-09-03,09:53:49,5.4,11.866556803385414,0.3333333333333333
2013-09-03,09:58:49,5.4,8.666598002115885,0
2013-09-03,10:03:49,5.666666666666666,9.599876403808594,0.26666666666666666
2013-09-03,10:08:49,5.466666666666666,8.333244323730469,0.13333333333333333
2013-09-03,10:13:49,5.333333333333334,9.999847412109375,0.13333333333333333
2013-09-03,10:18:49,5.333333333333334,11.599884033203125,0.26666666666666666
2013-09-03,10:23:49,5.266666666666667,11.599884033203125,0.13333333333333333
2013-09-03,10:28:49,5.466666666666666,11.199874877929688,0.2
2013-09-03,10:33:49,5.2,10.79986572265625,0
2013-09-03,10:38:49,5.533333333333334,8.799947102864582,0.06666666666666668
2013-09-03,10:43:49,5.533333333333334,12.133229573567707,0.4
2013-09-03,10:48:49,5.266666666666667,12.199897766113281,0
2013-09-03,10:53:49,5.4,12.599906921386719,0.06666666666666668
2013-09-03,10:58:49,5.2,12.599906921386719,0
2013-09-03,11:03:49,5.4,10.733197530110678,0.26666666666666666
2013-09-03,11:08:49,5.4,11.333236694335938,0.4
2013-09-03,11:13:49,5.6,10.066541035970051,0.4666666666666667
2013-09-03,11:18:49,5.333333333333334,11.466547648111977,1.0
2013-09-03,11:23:49,5.533333333333334,10.999870300292969,0.2
2013-09-03,11:28:49,5.2,11.133219401041664,0.13333333333333333
2013-09-03,11:33:49,5.266666666666667,9.199968973795572,0.06666666666666668
2013-09-03,11:38:49,5.7333333333333325,10.99989573160807,0.06666666666666668
2013-09-03,11:43:49,5.7333333333333325,13.866602579752602,0.4666666666666667
2013-09-03,11:48:49,5.8,9.399871826171875,0.13333333333333333
2013-09-03,11:53:49,5.7333333333333325,8.266588846842447,0
2013-09-03,11:58:50,5.933333333333334,12.199897766113281,0.13333333333333333
2013-09-03,12:03:50,5.8,9.799880981445312,0.26666666666666666
2013-09-03,12:08:50,5.6,9.799880981445312,0.13333333333333333
2013-09-03,12:13:50,5.4,10.599937438964844,0.4
2013-09-03,12:18:50,5.4,10.199851989746094,0.2
2013-09-03,12:23:50,5.333333333333334,9.799880981445312,0.13333333333333333
2013-09-03,12:28:50,5.7333333333333325,11.133206685384113,0
2013-09-03,12:33:50,6.0,10.999870300292969,0
2013-09-03,12:38:50,5.4,10.533192952473959,0
2013-09-03,12:43:50,5.6,12.39990234375,0.3333333333333333
2013-09-03,12:48:50,5.2,11.06653849283854,0
2013-09-03,12:53:50,5.533333333333334,12.066561381022133,0.3333333333333333
2013-09-03,12:58:50,5.466666666666666,10.333226521809896,0.13333333333333333
2013-09-03,13:03:50,5.533333333333334,10.0665283203125,0.8
2013-09-03,13:08:50,5.7333333333333325,14.133275349934896,0.4
2013-09-03,13:13:50,5.666666666666666,13.399925231933594,0.2
2013-09-03,13:18:50,7.866666666666666,17.06659952799479,0.7333333333333333
2013-09-03,13:23:50,6.2666666666666675,40.19991556803386,0.26666666666666666
2013-09-03,13:28:50,5.8,19.933268229166668,0.13333333333333333
2013-09-03,13:33:50,5.666666666666666,15.333277384440105,0.26666666666666666
2013-09-03,13:38:50,5.933333333333334,14.933255513509113,0.13333333333333333
2013-09-03,13:43:50,5.7333333333333325,16.59992218017578,0.13333333333333333
2013-09-03,13:48:50,5.533333333333334,13.199882507324217,0
2013-09-03,13:53:50,5.666666666666666,10.199851989746094,0.4666666666666667
2013-09-03,13:58:50,5.933333333333334,9.999885559082031,0.26666666666666666
2013-09-03,14:03:50,5.933333333333334,7.999954223632813,0.2
2013-09-03,14:08:50,5.866666666666666,12.999916076660156,0.2
2013-09-03,14:13:51,5.8,9.733200073242188,0.26666666666666666
2013-09-03,14:18:51,5.7333333333333325,10.466524759928383,0.26666666666666666
2013-09-03,14:23:51,6.0,10.533192952473959,0.9333333333333332
2013-09-03,14:28:51,5.7333333333333325,9.666544596354166,0.26666666666666666
2013-09-03,14:33:51,5.866666666666666,9.199905395507812,0.26666666666666666
2013-09-03,14:38:51,6.133333333333334,8.933245340983072,0.06666666666666668
2013-09-03,14:43:51,5.933333333333334,12.9998779296875,0.4
2013-09-03,14:48:51,5.6,10.133209228515625,0.06666666666666668
2013-09-03,14:53:51,5.133333333333334,8.133277893066406,0
2013-09-03,14:58:51,5.466666666666666,8.866589864095053,0.5333333333333333
2013-09-03,15:03:51,5.533333333333334,8.99987538655599,0.26666666666666666
2013-09-03,15:08:51,5.4,8.999888102213541,0.3333333333333333
2013-09-03,15:13:51,5.666666666666666,9.533208211263021,0.4666666666666667
2013-09-03,15:18:51,5.466666666666666,9.199905395507812,0.3333333333333333
2013-09-03,15:23:51,5.466666666666666,11.06653849283854,0.2
2013-09-03,15:28:51,5.466666666666666,12.533238728841145,0.6666666666666666
2013-09-03,15:33:51,5.7333333333333325,12.199897766113281,0.3333333333333333
2013-09-03,15:38:51,5.533333333333334,9.466552734375,0.06666666666666668
2013-09-03,15:43:51,5.533333333333334,13.599891662597658,0
2013-09-03,15:48:51,5.6,10.19989013671875,0
2013-09-03,15:53:51,5.6,8.599891662597656,0.3333333333333333
2013-09-03,15:58:51,5.2,12.399940490722656,0
2013-09-03,16:03:51,5.666666666666666,10.599886576334635,0.4666666666666667
2013-09-03,16:08:51,5.2,10.533231099446615,0.2
2013-09-03,16:13:51,5.266666666666667,9.666544596354166,0.2
2013-09-03,16:18:51,5.6,9.86657460530599,0.4
2013-09-03,16:23:51,5.666666666666666,9.333203633626303,0.06666666666666668
2013-09-03,16:28:51,5.7333333333333325,10.533192952473959,0.26666666666666666
2013-09-03,16:33:51,5.2,12.266565958658852,0
2013-09-03,16:38:51,5.666666666666666,10.666529337565104,0.06666666666666668
2013-09-03,16:43:51,5.933333333333334,14.333229064941404,0.4
2013-09-03,16:48:51,5.4,10.399856567382812,0.06666666666666668
2013-09-03,16:53:51,5.533333333333334,10.666542053222656,0.4666666666666667
2013-09-03,16:58:51,5.4,8.666547139485676,0.13333333333333333
2013-09-03,17:03:51,5.4,11.799888610839844,0.4666666666666667
2013-09-03,17:08:51,5.8,10.266596476236979,0.4666666666666667
2013-09-03,17:13:51,5.533333333333334,9.333292643229166,0.06666666666666668
2013-09-03,17:18:52,5.333333333333334,9.66657002766927,0.4666666666666667
2013-09-03,17:23:52,6.066666666666666,10.866559346516926,0.4
2013-09-03,17:28:52,5.333333333333334,10.19989013671875,0.06666666666666668
2013-09-03,17:33:52,5.466666666666666,9.266599019368488,0.06666666666666668
2013-09-03,17:38:52,5.7333333333333325,8.933232625325521,0.26666666666666666
2013-09-03,17:43:52,5.8,15.799903869628906,0.13333333333333333
2013-09-03,17:48:52,5.266666666666667,9.799842834472656,0.13333333333333333
2013-09-03,17:53:52,5.133333333333334,9.33325449625651,0.06666666666666668
2013-09-03,17:58:52,5.133333333333334,7.7999114990234375,0.13333333333333333
2013-09-03,18:03:52,5.466666666666666,11.599922180175781,0.26666666666666666
2013-09-03,18:08:52,5.6,10.333188374837238,0.4666666666666667
2013-09-03,18:13:52,5.266666666666667,12.533238728841145,0.2
2013-09-03,18:18:52,5.4,11.599884033203125,0.2
2013-09-03,18:23:52,5.6,10.266520182291666,0.3333333333333333
2013-09-03,18:28:52,5.8,9.466552734375,0.06666666666666668
2013-09-03,18:33:52,5.6,7.999954223632813,0
2013-09-03,18:38:52,5.866666666666666,6.999956766764324,0
2013-09-03,18:43:52,5.8,9.866549173990885,0.13333333333333333
2013-09-03,18:48:52,5.466666666666666,11.799888610839844,0.4
2013-09-03,18:53:52,5.4,11.466547648111977,0
2013-09-03,18:58:52,5.333333333333334,10.866572062174477,0.4
2013-09-03,19:03:52,5.6,10.466562906901041,0.2
2013-09-03,19:08:52,5.533333333333334,9.666557312011719,0.2
2013-09-03,19:13:52,5.266666666666667,7.733319600423178,0
2013-09-03,19:18:52,4.8,10.399856567382812,0.5333333333333333
2013-09-03,19:23:52,4.733333333333333,11.39984130859375,0.06666666666666668
2013-09-03,19:28:52,4.8,9.399871826171875,0.4666666666666667
2013-09-03,19:33:52,4.666666666666667,10.999870300292969,0.06666666666666668
2013-09-03,19:38:52,4.8,7.799949645996093,0.3333333333333333
2013-09-03,19:43:52,5.266666666666667,12.199897766113281,0.13333333333333333
2013-09-03,19:48:52,5.2,11.999893188476562,0
2013-09-03,19:53:52,5.2,9.333203633626303,0.13333333333333333
2013-09-03,19:58:53,5.2,14.733200073242186,0.4
2013-09-03,20:03:53,5.466666666666666,10.599861145019531,0.2
2013-09-03,20:08:53,5.2,9.06659444173177,0.26666666666666666
2013-09-03,20:13:53,5.2,9.466552734375,0
2013-09-03,20:18:53,5.2,11.666552225748696,0.26666666666666666
2013-09-03,20:23:53,5.266666666666667,10.999870300292969,0.06666666666666668
2013-09-03,20:28:53,5.2,11.733220418294273,0.4666666666666667
2013-09-03,20:33:53,5.2,10.733197530110678,0
2013-09-03,20:38:53,5.333333333333334,9.466540018717447,0
2013-09-03,20:43:53,5.266666666666667,12.9998779296875,0.06666666666666668
2013-09-03,20:48:53,5.266666666666667,11.799888610839844,0.3333333333333333
2013-09-03,20:53:53,5.333333333333334,10.866546630859375,0.3333333333333333
2013-09-03,20:58:53,5.2,9.266560872395834,0
2013-09-03,21:03:53,5.4,11.533215840657554,0.26666666666666666
2013-09-03,21:08:53,5.2,9.799919128417969,0.13333333333333333
2013-09-03,21:13:53,5.2,8.19989522298177,0.13333333333333333
2013-09-03,21:18:53,5.266666666666667,10.133221944173178,0.2
2013-09-03,21:23:53,5.6,9.59991455078125,1.0
2013-09-03,21:28:53,5.333333333333334,9.06659444173177,0
2013-09-03,21:33:53,5.2,9.399884541829428,0.06666666666666668
2013-09-03,21:38:53,5.333333333333334,10.666605631510414,0
2013-09-03,21:43:53,5.333333333333334,12.799911499023436,0
2013-09-03,21:48:53,5.266666666666667,10.933202107747398,0.4666666666666667
2013-09-03,21:53:53,5.2,9.866511027018229,0.13333333333333333
2013-09-03,21:58:53,5.2,11.399879455566406,0
2013-09-03,22:03:53,5.4,11.533215840657554,0.26666666666666666
2013-09-03,22:08:53,5.466666666666666,9.999910990397135,0.5333333333333333
2013-09-03,22:13:53,5.266666666666667,12.199910481770832,0.2
2013-09-03,22:18:53,5.466666666666666,10.933202107747398,0.2
2013-09-03,22:23:53,5.2,8.666559855143227,0.13333333333333333
2013-09-03,22:28:53,5.333333333333334,9.599927266438803,0.26666666666666666
2013-09-03,22:33:54,5.266666666666667,10.79986572265625,0.4
2013-09-03,22:38:54,5.4,7.999954223632813,0.06666666666666668
2013-09-03,22:43:54,5.466666666666666,11.466547648111977,0
2013-09-03,22:48:54,5.266666666666667,11.266555786132812,0
2013-09-03,22:53:54,5.2,9.999872843424479,0.4
2013-09-03,22:58:54,5.2,8.933232625325521,0.2
2013-09-03,23:03:54,5.533333333333334,9.799880981445312,0.2
2013-09-03,23:08:54,5.466666666666666,11.399879455566406,0.4
2013-09-03,23:13:54,5.2,10.599861145019531,0.06666666666666668
2013-09-03,23:18:54,5.333333333333334,8.99987538655599,0.26666666666666666
2013-09-03,23:23:54,5.4,10.19989013671875,0.06666666666666668
2013-09-03,23:28:54,5.333333333333334,9.533208211263021,0.2
2013-09-03,23:33:54,5.266666666666667,8.866564432779947,0.06666666666666668
2013-09-03,23:38:54,5.333333333333334,8.733240763346354,0
2013-09-03,23:43:54,5.4,13.399925231933594,0.5333333333333333
2013-09-03,23:48:54,5.2,11.199874877929688,0.4666666666666667
2013-09-03,23:53:54,5.2,10.733197530110678,0.06666666666666668
2013-09-03,23:58:54,5.333333333333334,13.799896240234375,0
2013-09-04,00:03:54,5.266666666666667,10.799903869628906,0.26666666666666666
2013-09-04,00:08:54,5.4,9.399909973144531,0.2
2013-09-04,00:13:54,5.133333333333334,9.133249918619791,0
2013-09-04,00:18:54,5.4,11.066551208496094,0.5333333333333333
2013-09-04,00:23:54,5.333333333333334,9.866511027018229,0.06666666666666668
2013-09-04,00:28:54,5.266666666666667,13.39991251627604,0.3333333333333333
2013-09-04,00:33:54,5.2,12.066535949707031,0
2013-09-04,00:38:54,5.533333333333334,9.933204650878906,0.13333333333333333
2013-09-04,00:43:54,5.333333333333334,13.399925231933594,0.26666666666666666
2013-09-04,00:48:54,5.2,11.133206685384113,0
2013-09-04,00:53:54,5.2,9.466565450032551,0.26666666666666666
2013-09-04,00:58:54,5.133333333333334,8.99987538655599,0.3333333333333333
2013-09-04,01:03:54,5.4,13.866602579752602,0.2
2013-09-04,01:08:54,7.0,15.666580200195312,0.26666666666666666
2013-09-04,01:13:54,5.266666666666667,22.53321329752604,0.06666666666666668
2013-09-04,01:18:54,5.333333333333334,13.199920654296877,0.6666666666666666
2013-09-04,01:23:54,5.266666666666667,13.466593424479164,0.2
2013-09-04,01:28:54,5.2,11.799888610839844,0.06666666666666668
2013-09-04,01:33:54,5.333333333333334,8.266576131184895,0
2013-09-04,01:38:55,5.666666666666666,11.999893188476562,0.3333333333333333
2013-09-04,01:43:55,5.333333333333334,11.799850463867188,0.13333333333333333
2013-09-04,01:48:55,5.2,9.999885559082031,0
2013-09-04,01:53:55,5.4,10.19989013671875,0.06666666666666668
2013-09-04,01:58:55,5.2,9.59991455078125,0.13333333333333333
2013-09-04,02:03:55,5.333333333333334,9.199905395507812,0.2
2013-09-04,02:08:55,5.4,9.266560872395834,0.2
2013-09-04,02:13:55,5.2,11.666552225748696,0.5333333333333333
2013-09-04,02:18:55,5.4,8.866564432779947,0.6
2013-09-04,02:23:55,5.266666666666667,9.399909973144531,0.06666666666666668
2013-09-04,02:28:55,5.266666666666667,10.399856567382812,0.06666666666666668
2013-09-04,02:33:55,5.2,8.866564432779947,0.06666666666666668
2013-09-04,02:38:56,5.8,11.599884033203125,0.5333333333333333
2013-09-04,02:43:56,5.533333333333334,16.133244832356773,0.06666666666666668
2013-09-04,02:48:56,5.333333333333334,12.799873352050781,0.26666666666666666
2013-09-04,02:53:56,5.6,9.599838256835938,0.13333333333333333
2013-09-04,02:58:56,5.6,8.933245340983072,0
2013-09-04,03:03:56,5.533333333333334,8.799921671549479,0.26666666666666666
2013-09-04,03:08:56,5.4,11.599884033203125,0.2
2013-09-04,03:13:56,5.6,11.06653849283854,0.06666666666666668
2013-09-04,03:18:56,5.4,10.79986572265625,0.5333333333333333
2013-09-04,03:23:56,7.666666666666666,37.999916076660156,0.26666666666666666
2013-09-04,03:28:56,5.4,20.999908447265625,0.4
2013-09-04,03:33:56,5.666666666666666,13.399925231933594,0.06666666666666668
2013-09-04,03:38:56,5.933333333333334,11.599884033203125,0
2013-09-04,03:43:56,5.933333333333334,11.999893188476562,0
2013-09-04,03:48:56,5.666666666666666,9.399871826171875,0.06666666666666668
2013-09-04,03:53:56,5.7333333333333325,12.199897766113281,0
2013-09-04,03:58:56,5.666666666666666,10.533192952473959,0.6
2013-09-04,04:03:56,5.7333333333333325,11.866556803385414,0.2
2013-09-04,04:08:56,5.533333333333334,10.266520182291666,0.13333333333333333
2013-09-04,04:13:56,5.333333333333334,12.39990234375,0.3333333333333333
2013-09-04,04:18:56,5.6,11.266543070475258,0.4666666666666667
2013-09-04,04:23:56,5.666666666666666,11.066576639811196,0.13333333333333333
2013-09-04,04:28:56,5.666666666666666,10.533192952473959,0.06666666666666668
2013-09-04,04:33:56,5.533333333333334,9.33325449625651,0
2013-09-04,04:38:56,5.7333333333333325,10.933214823404946,0.26666666666666666
2013-09-04,04:43:56,5.7333333333333325,12.999916076660156,0.26666666666666666
2013-09-04,04:48:56,5.466666666666666,11.599884033203125,0
2013-09-04,04:53:56,5.533333333333334,10.199851989746094,0
2013-09-04,04:58:56,5.533333333333334,9.266573588053385,0
2013-09-04,05:03:56,5.533333333333334,11.199874877929688,0.4666666666666667
2013-09-04,05:08:57,5.466666666666666,7.199974060058594,0.13333333333333333
2013-09-04,05:13:57,5.533333333333334,9.399871826171875,0.13333333333333333
2013-09-04,05:18:57,5.533333333333334,8.533223470052082,0.8
2013-09-04,05:23:57,5.6,13.399887084960938,0.06666666666666668
2013-09-04,05:28:57,5.4,9.933204650878906,0.06666666666666668
2013-09-04,05:33:57,5.533333333333334,11.133244832356773,0
2013-09-04,05:38:57,5.6,13.333218892415363,0.06666666666666668
2013-09-04,05:43:57,5.333333333333334,14.599876403808592,0.3333333333333333
2013-09-04,05:48:57,5.333333333333334,11.599884033203125,0.2
2013-09-04,05:53:57,5.466666666666666,9.733174641927084,0.3333333333333333
2013-09-04,05:58:57,5.4,8.466618855794271,0.13333333333333333
2013-09-04,06:03:57,5.466666666666666,8.933258056640625,0.4666666666666667
2013-09-04,06:08:57,5.533333333333334,9.199879964192709,0.13333333333333333
2013-09-04,06:13:57,5.6,10.066553751627602,0.2
2013-09-04,06:18:57,5.8,10.666529337565104,0.5333333333333333
2013-09-04,06:23:57,5.4,12.39990234375,0.06666666666666668
2013-09-04,06:28:57,5.533333333333334,10.79986572265625,0.06666666666666668
2013-09-04,06:33:57,5.533333333333334,9.599838256835938,0
2013-09-04,06:38:57,5.666666666666666,9.799842834472656,0.13333333333333333
2013-09-04,06:43:57,5.533333333333334,14.599952697753906,0
2013-09-04,06:48:57,5.6,9.799842834472656,0.4666666666666667
2013-09-04,06:53:57,5.466666666666666,9.999923706054688,0.2
2013-09-04,06:58:57,5.7333333333333325,7.599983215332032,0.06666666666666668
2013-09-04,07:03:57,5.6,9.399909973144531,0.2
2013-09-04,07:08:57,5.6,9.399897257486979,0.2
2013-09-04,07:13:57,5.533333333333334,10.06659189860026,0.5333333333333333
2013-09-04,07:18:58,5.533333333333334,9.999847412109375,0.5333333333333333
2013-09-04,07:23:58,5.533333333333334,10.666592915852863,0.06666666666666668
2013-09-04,07:28:58,5.6,12.333246866861977,0
2013-09-04,07:33:58,5.533333333333334,8.933258056640625,0.13333333333333333
2013-09-04,07:38:58,6.0,10.466524759928383,0.26666666666666666
2013-09-04,07:43:58,5.533333333333334,10.799903869628906,0.26666666666666666
2013-09-04,07:48:58,5.533333333333334,10.533192952473959,0
2013-09-04,07:53:58,5.866666666666666,11.533215840657554,0.8666666666666667
2013-09-04,07:58:58,5.533333333333334,8.933245340983072,0
2013-09-04,08:03:58,5.6,9.199879964192709,0.26666666666666666
2013-09-04,08:08:58,5.533333333333334,10.86653391520182,0.13333333333333333
2013-09-04,08:13:58,5.533333333333334,10.199851989746094,0
2013-09-04,08:18:58,5.7333333333333325,10.19989013671875,0.2
2013-09-04,08:23:58,5.7333333333333325,9.466540018717447,0.26666666666666666
2013-09-04,08:28:58,5.7333333333333325,11.399879455566406,0.3333333333333333
2013-09-04,08:33:58,5.333333333333334,10.599899291992188,0
2013-09-04,08:38:58,5.866666666666666,10.73317209879557,0.13333333333333333
2013-09-04,08:43:58,5.6,12.533238728841145,0
2013-09-04,08:48:58,5.533333333333334,9.266535441080729,0.06666666666666668
2013-09-04,08:53:58,5.533333333333334,7.799936930338541,0.06666666666666668
2013-09-04,08:58:58,5.866666666666666,12.133242289225258,0.4
2013-09-04,09:03:58,5.533333333333334,9.399897257486979,0.5333333333333333
2013-09-04,09:08:58,5.6,10.86653391520182,0.13333333333333333
2013-09-04,09:13:58,5.8,10.399856567382812,0.26666666666666666
2013-09-04,09:18:58,5.6,9.599838256835938,0.26666666666666666
2013-09-04,09:23:58,5.8,11.466547648111977,0.4666666666666667
2013-09-04,09:28:58,5.6,10.199851989746094,0.13333333333333333
2013-09-04,09:33:58,5.4,10.333188374837238,0.06666666666666668
2013-09-04,09:38:58,5.8,10.533192952473959,0.3333333333333333
2013-09-04,09:43:58,5.8,12.799911499023436,0.06666666666666668
2013-09-04,09:48:58,5.933333333333334,10.79986572265625,0.3333333333333333
2013-09-04,09:53:58,5.6,9.599838256835938,0
2013-09-04,09:58:58,5.866666666666666,10.999870300292969,0.06666666666666668
2013-09-04,10:03:58,6.0,10.199851989746094,0.2
2013-09-04,10:08:58,5.8,13.799896240234375,0.26666666666666666
2013-09-04,10:13:58,5.866666666666666,10.999870300292969,0.06666666666666668
2013-09-04,10:18:58,5.4,9.999885559082031,0.26666666666666666
2013-09-04,10:23:58,6.133333333333334,11.733220418294273,0.6666666666666666
2013-09-04,10:28:58,6.133333333333334,9.799842834472656,0
2013-09-04,10:33:58,5.666666666666666,9.933179219563803,0.3333333333333333
2013-09-04,10:38:58,5.8,10.999870300292969,0
2013-09-04,10:43:58,5.666666666666666,13.666559855143227,0.13333333333333333
2013-09-04,10:48:58,5.866666666666666,10.999908447265625,0.06666666666666668
2013-09-04,10:53:58,6.066666666666666,10.733197530110678,0.4
2013-09-04,10:58:58,5.666666666666666,10.266558329264322,0.06666666666666668
2013-09-04,11:03:58,5.666666666666666,9.133249918619791,0.4666666666666667
2013-09-04,11:08:58,5.6,8.599891662597656,0.2
2013-09-04,11:13:58,5.7333333333333325,10.733222961425781,0.4
2013-09-04,11:18:59,5.2,10.133221944173178,0.2
2013-09-04,11:23:59,4.933333333333334,10.86653391520182,0.06666666666666668
2013-09-04,11:28:59,5.666666666666666,10.599861145019531,0.13333333333333333
2013-09-04,11:33:59,5.8,9.799880981445312,0
2013-09-04,11:38:59,6.066666666666666,10.599861145019531,0.26666666666666666
2013-09-04,11:43:59,5.666666666666666,9.999847412109375,0.13333333333333333
2013-09-04,11:48:59,5.466666666666666,10.199851989746094,0
2013-09-04,11:53:59,5.466666666666666,9.999847412109375,0.13333333333333333
2013-09-04,11:58:59,4.733333333333333,9.066607157389322,0.06666666666666668
2013-09-04,12:03:59,5.0,9.866549173990885,0.3333333333333333
2013-09-04,12:08:59,4.866666666666667,9.533246358235676,0.4
2013-09-04,12:13:59,5.0,10.599899291992188,0.4
2013-09-04,12:18:59,4.933333333333334,11.999893188476562,0.26666666666666666
2013-09-04,12:23:59,5.133333333333334,12.199897766113281,0.06666666666666668
2013-09-04,12:28:59,5.133333333333334,11.06653849283854,0.2
2013-09-04,12:33:59,5.0,12.333234151204426,0.4
2013-09-04,12:38:59,4.866666666666667,11.399879455566406,0.06666666666666668
2013-09-04,12:43:59,4.733333333333333,12.533238728841145,0.4
2013-09-04,12:48:59,4.6,9.466514587402344,0.4
2013-09-04,12:53:59,5.0,9.133288065592446,0
2013-09-04,12:58:59,4.866666666666667,11.666552225748696,0
2013-09-04,13:03:59,5.0,9.533220926920572,0.3333333333333333
2013-09-04,13:09:00,4.866666666666667,8.266614278157553,0.2
2013-09-04,13:14:00,5.2,8.799896240234375,0.06666666666666668
2013-09-04,13:19:00,5.333333333333334,10.733197530110678,0.4666666666666667
2013-09-04,13:24:00,5.266666666666667,10.53326924641927,0.06666666666666668
2013-09-04,13:29:00,5.466666666666666,12.199897766113281,0.06666666666666668
2013-09-04,13:34:00,5.266666666666667,10.399856567382812,0.06666666666666668
2013-09-04,13:39:00,5.4,10.599861145019531,0
2013-09-04,13:44:00,5.2,15.599899291992186,0.26666666666666666
2013-09-04,13:49:00,5.266666666666667,9.199867248535156,0.06666666666666668
2013-09-04,13:54:00,5.266666666666667,9.466578165690104,0.3333333333333333
2013-09-04,13:59:00,5.4,8.733228047688803,0.2
2013-09-04,14:04:00,5.6,9.866600036621094,0.6
2013-09-04,14:09:00,5.466666666666666,13.133214314778648,0.2
2013-09-04,14:14:00,5.7333333333333325,9.199854532877602,0.13333333333333333
2013-09-04,14:19:00,5.866666666666666,9.59991455078125,0.26666666666666666
2013-09-04,14:24:00,5.6,11.933224995930992,0.13333333333333333
2013-09-04,14:29:00,5.7333333333333325,10.599861145019531,0.3333333333333333
2013-09-04,14:34:00,5.6,9.999885559082031,0
2013-09-04,14:39:00,5.666666666666666,11.666552225748696,0.3333333333333333
2013-09-04,14:44:00,5.466666666666666,12.46657053629557,0.06666666666666668
2013-09-04,14:49:00,5.333333333333334,10.86653391520182,0.13333333333333333
2013-09-04,14:54:00,5.266666666666667,10.666529337565104,0
2013-09-04,14:59:00,5.666666666666666,10.666580200195312,0
2013-09-04,15:04:00,5.8,11.399917602539062,0.8
2013-09-04,15:09:00,5.6,9.199905395507812,0.13333333333333333
2013-09-04,15:14:00,5.666666666666666,11.999893188476562,0
2013-09-04,15:19:00,5.666666666666666,9.999847412109375,0.2
2013-09-04,15:24:01,5.533333333333334,10.799903869628906,0.2
2013-09-04,15:29:01,5.7333333333333325,11.199874877929688,0.06666666666666668
2013-09-04,15:34:01,5.533333333333334,8.466593424479168,0
2013-09-04,15:39:01,5.7333333333333325,10.599873860677084,0.06666666666666668
2013-09-04,15:44:01,5.533333333333334,13.399887084960938,0.6666666666666666
2013-09-04,15:49:01,5.533333333333334,11.133206685384113,0.13333333333333333
2013-09-04,15:54:01,5.8,10.733197530110678,0.7333333333333333
2013-09-04,15:59:01,5.6,11.533215840657554,0.13333333333333333
2013-09-04,16:04:01,5.8,12.599906921386719,0.4666666666666667
2013-09-04,16:09:01,5.8,10.666529337565104,0.2
2013-09-04,16:14:01,5.866666666666666,10.866572062174477,0.06666666666666668
2013-09-04,16:19:01,5.6,13.399925231933594,0.2
2013-09-04,16:24:01,5.7333333333333325,11.599884033203125,0.13333333333333333
2013-09-04,16:29:01,5.4,12.866541544596352,0.3333333333333333
2013-09-04,16:34:01,5.466666666666666,8.266563415527344,0.13333333333333333
2013-09-04,16:39:01,6.133333333333334,7.999916076660156,0.13333333333333333
2013-09-04,16:44:01,5.666666666666666,11.399879455566406,0.06666666666666668
2013-09-04,16:49:01,5.8,10.399856567382812,0
2013-09-04,16:54:01,5.6,10.333188374837238,0.26666666666666666
2013-09-04,16:59:01,5.7333333333333325,10.799903869628906,0.13333333333333333
2013-09-04,17:04:01,5.933333333333334,10.199877421061196,0.2
2013-09-04,17:09:01,5.533333333333334,9.13323720296224,0.13333333333333333
2013-09-04,17:14:01,5.533333333333334,9.666544596354166,0.13333333333333333
2013-09-04,17:19:01,5.7333333333333325,8.999900817871094,0.6
2013-09-04,17:24:02,5.7333333333333325,9.266586303710938,0.13333333333333333
2013-09-04,17:29:02,5.666666666666666,12.733205159505212,0.2
2013-09-04,17:34:02,5.533333333333334,9.199841817220051,0.06666666666666668
2013-09-04,17:39:02,5.8,8.933296203613281,0.4
2013-09-04,17:44:02,5.7333333333333325,11.733220418294273,0.4
2013-09-04,17:49:02,5.7333333333333325,9.933179219563803,0
2013-09-04,17:54:02,5.933333333333334,10.399856567382812,0.3333333333333333
2013-09-04,17:59:02,5.6,10.666529337565104,0.4
2013-09-04,18:04:02,5.533333333333334,10.666529337565104,0.26666666666666666
2013-09-04,18:09:02,5.4,9.999885559082031,0.2
2013-09-04,18:14:01,5.2,8.333257039388021,0
2013-09-04,18:19:01,5.2,8.999900817871094,0.2
2013-09-04,18:24:01,5.2,11.599884033203125,0.06666666666666668
2013-09-04,18:29:01,5.466666666666666,9.999847412109375,0.26666666666666666
2013-09-04,18:34:01,5.266666666666667,12.066561381022133,0
2013-09-04,18:39:01,5.666666666666666,14.799842834472656,0
2013-09-04,18:44:01,7.0,41.99990590413412,0.2
2013-09-04,18:49:01,5.4,21.999918619791664,0
2013-09-04,18:54:01,5.4,14.399935404459633,0.4
2013-09-04,18:59:01,5.133333333333334,11.999893188476562,0.13333333333333333
2013-09-04,19:04:01,5.266666666666667,12.266565958658852,0.6666666666666666
2013-09-04,19:09:01,5.2,9.866549173990885,0.5333333333333333
2013-09-04,19:14:01,5.6,10.199902852376303,0.06666666666666668
2013-09-04,19:19:01,5.6,9.533220926920572,0.26666666666666666
2013-09-04,19:24:02,5.666666666666666,7.799949645996093,0.13333333333333333
2013-09-04,19:29:02,5.8,9.533195495605469,0.8666666666666667
2013-09-04,19:34:02,5.533333333333334,8.79987080891927,0.06666666666666668
2013-09-04,19:39:02,6.0,7.733243306477864,0
2013-09-04,19:44:02,6.0,8.666598002115885,0.06666666666666668
2013-09-04,19:49:02,5.466666666666666,7.733243306477864,0
2013-09-04,19:54:02,5.7333333333333325,7.733281453450519,0.5333333333333333
2013-09-04,19:59:02,5.7333333333333325,10.599899291992188,0.13333333333333333
2013-09-04,20:04:02,5.666666666666666,10.399894714355469,0.26666666666666666
2013-09-04,20:09:02,5.666666666666666,10.399894714355469,0.2
2013-09-04,20:14:02,5.4,9.799880981445312,0.06666666666666668
2013-09-04,20:19:02,5.7333333333333325,11.399879455566406,0.26666666666666666
2013-09-04,20:24:02,5.466666666666666,13.399887084960938,0.06666666666666668
2013-09-04,20:29:02,5.666666666666666,10.666529337565104,0
2013-09-04,20:34:02,5.666666666666666,9.199905395507812,0.06666666666666668
2013-09-04,20:39:02,5.8,11.266555786132812,0.4
2013-09-04,20:44:02,5.7333333333333325,12.133229573567707,0
2013-09-04,20:49:02,5.8,10.466524759928383,0.4
2013-09-04,20:54:02,5.466666666666666,11.266543070475258,0
2013-09-04,20:59:02,5.666666666666666,9.199867248535156,0.4666666666666667
2013-09-04,21:04:02,5.666666666666666,11.533215840657554,0.2
2013-09-04,21:14:02,5.6,8.266588846842447,0
2013-09-04,21:19:02,5.7333333333333325,9.199905395507812,0.4666666666666667
2013-09-04,21:24:02,5.666666666666666,9.266586303710938,0.3333333333333333
2013-09-04,21:29:02,5.666666666666666,14.133211771647133,0.2
2013-09-04,21:34:02,5.533333333333334,10.066515604654947,0.06666666666666668
2013-09-04,21:39:02,5.8,11.799888610839844,0.26666666666666666
2013-09-04,21:44:03,5.4,13.999900817871094,0.06666666666666668
2013-09-04,21:49:03,5.466666666666666,10.199851989746094,0
2013-09-04,21:54:03,5.533333333333334,10.79986572265625,0.13333333333333333
2013-09-04,21:59:03,5.666666666666666,8.199907938639322,0.06666666666666668
2013-09-04,22:04:03,5.666666666666666,9.533208211263021,0.26666666666666666
2013-09-04,22:09:03,5.533333333333334,8.866589864095053,0.2
2013-09-04,22:14:03,5.7333333333333325,10.599861145019531,0.4666666666666667
2013-09-04,22:19:03,5.533333333333334,9.933242797851562,0.26666666666666666
2013-09-04,22:24:03,5.4,10.133196512858072,0.4666666666666667
2013-09-04,22:29:03,5.333333333333334,10.86653391520182,0
2013-09-04,22:34:03,5.4,9.733225504557291,0.06666666666666668
2013-09-04,22:39:03,5.6,8.533248901367188,0.06666666666666668
2013-09-04,22:44:03,5.533333333333334,11.466547648111977,0.13333333333333333
2013-09-04,22:49:03,5.7333333333333325,8.533274332682293,0.3333333333333333
2013-09-04,22:54:03,5.6,9.13323720296224,0
2013-09-04,22:59:03,5.533333333333334,7.53326416015625,0
2013-09-04,23:04:03,5.533333333333334,9.59991455078125,0.3333333333333333
2013-09-04,23:09:03,5.7333333333333325,12.199897766113281,0.6
2013-09-04,23:14:03,5.6,9.799880981445312,0.26666666666666666
2013-09-04,23:19:03,5.466666666666666,7.199974060058594,0.26666666666666666
2013-09-04,23:24:03,5.533333333333334,6.733296712239584,0.06666666666666668
2013-09-04,23:29:03,5.6,8.199920654296875,0.06666666666666668
2013-09-04,23:34:03,5.533333333333334,9.199867248535156,0.06666666666666668
2013-09-04,23:39:03,5.6,13.599904378255212,0
2013-09-04,23:44:03,5.4,15.73326110839844,0
2013-09-04,23:49:03,5.6,10.066553751627602,0.6
2013-09-04,23:54:03,5.533333333333334,10.933202107747398,0.06666666666666668
2013-09-04,23:59:03,5.4,9.799842834472656,0.13333333333333333
2013-09-05,00:04:03,5.6,12.533238728841145,0.3333333333333333
2013-09-05,00:09:03,5.533333333333334,10.466524759928383,0.13333333333333333
2013-09-05,00:14:04,5.266666666666667,10.79986572265625,0
2013-09-05,00:19:04,5.6,10.266532897949219,0.4666666666666667
2013-09-05,00:24:04,5.6,10.533218383789062,0.2
2013-09-05,00:29:04,5.666666666666666,10.599899291992188,0.2
2013-09-05,00:34:04,5.333333333333334,10.866572062174477,0.06666666666666668
2013-09-05,00:39:04,5.533333333333334,10.599873860677084,0
2013-09-05,00:44:04,5.466666666666666,11.666552225748696,0.26666666666666666
2013-09-05,00:49:04,5.2,11.599884033203125,0.3333333333333333
2013-09-05,00:54:04,5.666666666666666,9.999847412109375,0.6
2013-09-05,00:59:04,5.533333333333334,9.266573588053385,0
2013-09-05,01:04:04,5.7333333333333325,9.999898274739584,0.6
2013-09-05,01:09:04,5.4,9.7332763671875,0.13333333333333333
2013-09-05,01:14:04,7.333333333333334,25.866533915201824,0.06666666666666668
2013-09-05,01:19:04,5.6,13.93323262532552,0.2
2013-09-05,01:24:04,5.8,14.799880981445312,0.4
2013-09-05,01:29:04,5.7333333333333325,12.533238728841145,0.13333333333333333
2013-09-05,01:34:04,5.6,8.666585286458334,0.06666666666666668
2013-09-05,01:39:04,6.066666666666666,11.466560363769531,0.06666666666666668
2013-09-05,01:44:04,5.7333333333333325,13.199882507324217,0.06666666666666668
2013-09-05,01:49:04,5.666666666666666,10.066515604654947,0.13333333333333333
2013-09-05,01:54:04,5.4,10.466575622558594,0.26666666666666666
2013-09-05,01:59:04,5.466666666666666,11.466560363769531,0.06666666666666668
2013-09-05,02:04:04,5.7333333333333325,11.06653849283854,0.3333333333333333
2013-09-05,02:09:04,5.466666666666666,9.066569010416666,0.13333333333333333
2013-09-05,02:14:04,5.533333333333334,8.199920654296875,0.13333333333333333
2013-09-05,02:19:04,5.6,9.399935404459633,0.26666666666666666
2013-09-05,02:24:05,5.466666666666666,8.73327891031901,0.13333333333333333
2013-09-05,02:29:05,5.666666666666666,11.599884033203125,0.3333333333333333
2013-09-05,02:34:05,5.7333333333333325,11.799888610839844,0.5333333333333333
2013-09-05,02:39:05,5.866666666666666,9.799880981445312,0.4
2013-09-05,02:44:05,5.6,13.599853515624998,0.06666666666666668
2013-09-05,02:49:05,5.6,7.999916076660156,0
2013-09-05,02:54:05,5.533333333333334,9.199943542480469,0
2013-09-05,02:59:05,5.466666666666666,9.599863688151041,0
2013-09-05,03:04:05,5.8,11.333211263020832,0.2
2013-09-05,03:09:05,5.666666666666666,10.933202107747398,0.26666666666666666
2013-09-05,03:14:05,5.6,9.533208211263021,0.3333333333333333
2013-09-05,03:19:05,5.466666666666666,8.266576131184895,0.26666666666666666
2013-09-05,03:24:05,5.4,11.266543070475258,0.13333333333333333
2013-09-05,03:29:05,5.666666666666666,10.933202107747398,0.3333333333333333
2013-09-05,03:34:05,5.6,9.533170064290365,0
2013-09-05,03:39:05,5.866666666666666,11.666552225748696,0.06666666666666668
2013-09-05,03:44:05,5.6,14.533246358235678,0.13333333333333333
2013-09-05,03:49:05,5.6,10.466524759928383,0.13333333333333333
2013-09-05,03:54:05,5.6,11.533177693684895,0
2013-09-05,03:59:05,5.4,10.066541035970051,0.13333333333333333
2013-09-05,04:04:05,5.6,12.199897766113281,0.3333333333333333
2013-09-05,04:09:05,5.4,9.999885559082031,0.4
2013-09-05,04:14:05,5.466666666666666,8.599967956542969,0.06666666666666668
2013-09-05,04:19:05,5.6,9.599876403808594,0.8
2013-09-05,04:24:05,5.466666666666666,10.46655019124349,0.06666666666666668
2013-09-05,04:29:05,5.866666666666666,10.599899291992188,0.4
2013-09-05,04:34:05,5.6,9.133199055989584,0.06666666666666668
2013-09-05,04:39:05,6.0,9.799919128417969,0
2013-09-05,04:44:05,5.333333333333334,10.533231099446615,0
2013-09-05,04:49:05,5.666666666666666,9.999898274739584,0.06666666666666668
2013-09-05,04:54:05,5.333333333333334,12.39990234375,0.06666666666666668
2013-09-05,04:59:05,5.6,10.999870300292969,0
2013-09-05,05:04:05,5.866666666666666,9.599876403808594,0.2
2013-09-05,05:09:05,5.8,8.866564432779947,0.4666666666666667
2013-09-05,05:14:05,5.6,8.866564432779947,0.4
2013-09-05,05:19:05,5.4,7.799949645996093,0.2
2013-09-05,05:24:05,5.6,9.999885559082031,0.2
2013-09-05,05:29:05,5.666666666666666,8.866602579752604,0
2013-09-05,05:34:05,5.6,8.199933369954428,0.06666666666666668
2013-09-05,05:39:05,5.933333333333334,8.599967956542969,0.06666666666666668
2013-09-05,05:44:05,5.7333333333333325,13.799896240234375,0.4
2013-09-05,05:49:05,5.533333333333334,11.799888610839844,0.3333333333333333
2013-09-05,05:54:05,5.266666666666667,10.399856567382812,0.4666666666666667
2013-09-05,05:59:05,5.333333333333334,11.599884033203125,0.26666666666666666
2013-09-05,06:04:05,5.4,10.399894714355469,0.5333333333333333
2013-09-05,06:09:05,5.2,11.999905904134113,0.13333333333333333
2013-09-05,06:14:05,5.2,11.866556803385414,0.2
2013-09-05,06:19:05,5.266666666666667,10.666554768880209,0.26666666666666666
2013-09-05,06:24:05,5.2,9.399897257486979,0.13333333333333333
2013-09-05,06:29:05,5.133333333333334,11.999893188476562,0.13333333333333333
2013-09-05,06:34:06,5.2,13.466593424479164,0
2013-09-05,06:39:06,5.133333333333334,10.666529337565104,0
2013-09-05,06:44:06,4.8,12.333234151204426,0.13333333333333333
2013-09-05,06:49:06,4.733333333333333,10.933240254720051,0.06666666666666668
2013-09-05,06:54:06,4.6,8.866589864095053,0.3333333333333333
2013-09-05,06:59:06,4.333333333333333,10.466537475585938,0.06666666666666668
2013-09-05,07:04:06,4.733333333333333,9.599889119466145,0.4666666666666667
2013-09-05,07:09:06,4.733333333333333,11.933224995930992,0.2
2013-09-05,07:14:06,4.466666666666667,10.199851989746094,0.2
2013-09-05,07:19:06,4.8,11.799888610839844,0.4666666666666667
2013-09-05,07:24:06,4.866666666666667,9.59991455078125,0.13333333333333333
2013-09-05,07:29:06,4.666666666666667,9.666531880696615,0.7333333333333333
2013-09-05,07:34:06,4.666666666666667,12.46657053629557,0.13333333333333333
2013-09-05,07:39:06,5.066666666666666,10.333226521809896,0
2013-09-05,07:44:06,4.8,12.39990234375,0.06666666666666668
2013-09-05,07:49:06,4.6,11.399879455566406,0.2
2013-09-05,07:54:06,4.8,10.533231099446615,0.26666666666666666
2013-09-05,07:59:06,4.866666666666667,10.399856567382812,0.06666666666666668
2013-09-05,08:04:06,5.0,10.79986572265625,0.2
2013-09-05,08:09:06,4.933333333333334,12.39990234375,0.2
2013-09-05,08:14:06,4.666666666666667,11.399879455566406,0.13333333333333333
2013-09-05,08:19:06,4.666666666666667,10.599861145019531,0.2
2013-09-05,08:24:06,4.666666666666667,11.199874877929688,0.06666666666666668
2013-09-05,08:29:07,4.666666666666667,9.799842834472656,0.13333333333333333
2013-09-05,08:34:07,4.866666666666667,10.999870300292969,0.13333333333333333
2013-09-05,08:39:07,4.933333333333334,10.333213806152344,0
2013-09-05,08:44:07,4.666666666666667,10.199877421061196,0
2013-09-05,08:49:07,4.666666666666667,11.199887593587238,0.3333333333333333
2013-09-05,08:54:07,4.6,11.599884033203125,0.6
2013-09-05,08:59:07,4.666666666666667,9.533233642578125,0.26666666666666666
2013-09-05,09:04:07,4.8,9.866561889648438,0.3333333333333333
2013-09-05,09:09:07,4.8,10.999870300292969,1.0
2013-09-05,09:14:07,4.6,9.333241780598957,0.06666666666666668
2013-09-05,09:19:07,4.866666666666667,11.733220418294273,0.5333333333333333
2013-09-05,09:24:07,4.733333333333333,16.666539510091148,0.2
2013-09-05,09:29:07,4.933333333333334,11.799888610839844,0.13333333333333333
2013-09-05,09:34:07,5.066666666666666,11.06653849283854,0.06666666666666668
2013-09-05,09:39:07,5.466666666666666,10.933202107747398,0
2013-09-05,09:44:07,7.2666666666666675,33.5998789469401,0.06666666666666668
2013-09-05,09:49:07,5.2,23.999900817871094,0.3333333333333333
2013-09-05,09:54:07,5.2,15.19989013671875,0.06666666666666668
2013-09-05,09:59:07,5.333333333333334,15.933278401692707,0.06666666666666668
2013-09-05,10:04:07,5.4,11.999893188476562,0.2
2013-09-05,10:09:07,5.4,12.39990234375,0.2
2013-09-05,10:14:07,5.333333333333334,8.799896240234375,0
2013-09-05,10:19:07,5.2,9.799880981445312,0.2
2013-09-05,10:24:07,5.333333333333334,9.399948120117188,0.4666666666666667
2013-09-05,10:29:07,5.333333333333334,10.066630045572916,0.13333333333333333
2013-09-05,10:34:07,5.4,12.599906921386719,0.3333333333333333
2013-09-05,10:39:07,5.866666666666666,12.799873352050781,0.3333333333333333
2013-09-05,10:44:07,5.4,12.266565958658852,0.26666666666666666
2013-09-05,10:49:07,5.533333333333334,9.733212788899738,0.06666666666666668
2013-09-05,10:54:07,5.266666666666667,9.133160909016926,0.6
2013-09-05,10:59:07,5.4,9.333203633626303,0.13333333333333333
2013-09-05,11:04:07,5.533333333333334,9.466527303059896,0.4666666666666667
2013-09-05,11:09:07,5.4,11.133206685384113,0.13333333333333333
2013-09-05,11:14:08,5.6,11.266543070475258,0.06666666666666668
2013-09-05,11:19:08,5.4,10.86653391520182,0.4666666666666667
2013-09-05,11:24:08,5.466666666666666,10.86653391520182,0.26666666666666666
2013-09-05,11:29:08,5.466666666666666,10.466524759928383,0.06666666666666668
2013-09-05,11:34:08,5.533333333333334,9.866561889648438,0.06666666666666668
2013-09-05,11:39:08,5.6,8.733253479003906,0.06666666666666668
2013-09-05,11:44:08,5.266666666666667,14.999898274739587,0
2013-09-05,11:49:08,5.666666666666666,10.999870300292969,0.06666666666666668
2013-09-05,11:54:08,5.4,9.599876403808594,0
2013-09-05,11:59:08,5.4,9.999885559082031,0.13333333333333333
2013-09-05,12:04:08,5.533333333333334,11.599922180175781,0.26666666666666666
2013-09-05,12:09:08,5.533333333333334,9.66658274332682,0.13333333333333333
2013-09-05,12:14:08,5.6,12.39990234375,0.2
2013-09-05,12:19:08,5.666666666666666,8.799896240234375,0.7333333333333333
2013-09-05,12:24:07,5.266666666666667,10.399856567382812,0.2
2013-09-05,12:29:07,5.8,9.466540018717447,0.4666666666666667
2013-09-05,12:34:07,5.866666666666666,10.266545613606771,0.9333333333333332
2013-09-05,12:39:07,5.666666666666666,10.733210245768229,0
2013-09-05,12:44:07,5.533333333333334,14.066569010416663,0.06666666666666668
2013-09-05,12:49:07,5.666666666666666,12.333234151204426,0.5333333333333333
2013-09-05,12:54:07,5.666666666666666,10.13318379720052,0.13333333333333333
2013-09-05,12:59:07,5.666666666666666,9.133249918619791,0.06666666666666668
2013-09-05,13:04:07,5.533333333333334,7.399927775065105,0.2
2013-09-05,13:09:07,5.533333333333334,9.666519165039062,0.13333333333333333
2013-09-05,13:14:07,5.533333333333334,10.866572062174477,0.13333333333333333
2013-09-05,13:19:07,5.8,10.599899291992188,0.26666666666666666
2013-09-05,13:24:08,5.4,10.999908447265625,0.13333333333333333
2013-09-05,13:29:08,5.4,10.399856567382812,0.7333333333333333
2013-09-05,13:34:08,5.066666666666666,10.79986572265625,0.06666666666666668
2013-09-05,13:39:08,5.333333333333334,9.799880981445312,0
2013-09-05,13:44:08,5.2,11.19990030924479,0.06666666666666668
2013-09-05,13:49:08,5.2,10.999870300292969,0
2013-09-05,13:54:08,5.333333333333334,12.39990234375,0.5333333333333333
2013-09-05,13:59:08,5.666666666666666,11.199874877929688,0.06666666666666668
2013-09-05,14:04:08,5.6,9.399871826171875,0.6666666666666666
2013-09-05,14:09:08,5.8,10.266583760579428,0.5333333333333333
2013-09-05,14:14:08,5.866666666666666,10.266545613606771,0.3333333333333333
2013-09-05,14:19:08,5.8,9.06659444173177,0.3333333333333333
2013-09-05,14:24:08,5.866666666666666,9.799893697102863,0.3333333333333333
2013-09-05,14:29:08,6.133333333333334,10.999870300292969,0.5333333333333333
2013-09-05,14:34:08,5.933333333333334,9.999847412109375,0.26666666666666666
2013-09-05,14:39:08,6.0,11.533215840657554,0
2013-09-05,14:44:08,5.2,13.599929809570312,0.06666666666666668
2013-09-05,14:49:08,5.333333333333334,9.599838256835938,0.13333333333333333
2013-09-05,14:54:08,5.2,9.466552734375,0.06666666666666668
2013-09-05,14:59:08,5.066666666666666,8.19994608561198,0.06666666666666668
2013-09-05,15:04:08,5.333333333333334,10.733197530110678,0.2
2013-09-05,15:09:08,5.066666666666666,11.533215840657554,0.2
2013-09-05,15:14:08,5.0,11.06653849283854,0.06666666666666668
2013-09-05,15:19:08,5.0,10.199851989746094,0.2
2013-09-05,15:24:08,5.066666666666666,10.399856567382812,0.06666666666666668
2013-09-05,15:29:09,5.2,9.199905395507812,0.2
2013-09-05,15:34:09,5.333333333333334,9.59991455078125,0.4
2013-09-05,15:39:09,5.4,10.399894714355469,0.06666666666666668
2013-09-05,15:44:09,5.333333333333334,13.599891662597658,0.13333333333333333
2013-09-05,15:49:09,5.0,11.799888610839844,0.26666666666666666
2013-09-05,15:54:09,4.866666666666667,10.999908447265625,0.2
2013-09-05,15:59:09,5.0,11.599884033203125,0.26666666666666666
2013-09-05,16:04:09,5.4,11.799964904785156,0.7333333333333333
2013-09-05,16:09:09,5.0,10.466524759928383,0.13333333333333333
2013-09-05,16:14:09,4.933333333333334,10.666529337565104,0.06666666666666668
2013-09-05,16:19:09,5.0,9.399871826171875,0.5333333333333333
2013-09-05,16:24:09,4.933333333333334,10.79986572265625,0.06666666666666668
2013-09-05,16:29:09,5.066666666666666,9.933179219563803,0.4
2013-09-05,16:34:09,5.2,9.199905395507812,0.06666666666666668
2013-09-05,16:39:09,5.133333333333334,10.93317667643229,0.13333333333333333
2013-09-05,16:44:09,5.0,14.866574605305994,0.06666666666666668
2013-09-05,16:49:09,5.133333333333334,11.733220418294273,0
2013-09-05,16:54:09,5.066666666666666,10.266520182291666,0
2013-09-05,16:59:09,4.866666666666667,10.466575622558594,0.13333333333333333
2013-09-05,17:04:09,4.933333333333334,11.066551208496094,0.3333333333333333
2013-09-05,17:09:09,4.8,9.59985097249349,0.13333333333333333
2013-09-05,17:14:09,4.933333333333334,11.599909464518227,0.5333333333333333
2013-09-05,17:19:09,5.066666666666666,12.599894205729164,0.2
2013-09-05,17:24:09,5.066666666666666,9.66650644938151,0.06666666666666668
2013-09-05,17:39:09,5.6,12.599906921386719,0.3333333333333333
2013-09-05,17:44:09,5.133333333333334,13.93323262532552,0.06666666666666668
2013-09-05,17:49:09,5.133333333333334,10.399856567382812,0
2013-09-05,17:54:09,4.666666666666667,6.933301289876302,0.35714285714285715
2013-09-05,17:59:09,4.2,8.133265177408854,0
2013-09-05,18:04:09,4.333333333333333,9.733174641927084,0.26666666666666666
2013-09-05,18:09:09,4.2,9.799906412760414,0.2
2013-09-05,18:14:10,4.066666666666666,11.466547648111977,0
2013-09-05,18:19:10,4.2,10.933202107747398,0.4666666666666667
2013-09-05,18:24:10,4.2,12.466532389322914,0.06666666666666668
2013-09-05,18:29:10,4.133333333333333,13.26655069986979,0.06666666666666668
2013-09-05,18:34:10,4.133333333333333,8.866551717122396,0.2
2013-09-05,18:39:10,4.4,7.666625976562499,0
2013-09-05,18:44:10,4.133333333333333,10.599899291992188,0.4
2013-09-05,18:49:10,4.133333333333333,8.533223470052082,0.06666666666666668
2013-09-05,18:54:10,4.133333333333333,10.466524759928383,0
2013-09-05,18:59:10,4.133333333333333,12.333234151204426,0
2013-09-05,19:04:10,4.266666666666667,10.266520182291666,0.26666666666666666
2013-09-05,19:09:10,4.133333333333333,11.99986775716146,0.3333333333333333
2013-09-05,19:14:10,4.133333333333333,11.199874877929688,0.2
2013-09-05,19:19:10,4.2,9.533220926920572,0.4666666666666667
2013-09-05,19:24:10,4.2,9.199943542480469,0.06666666666666668
2013-09-05,19:29:10,4.2,9.799855550130209,0.6
2013-09-05,19:34:10,4.2,11.799888610839844,0.3333333333333333
2013-09-05,19:39:10,4.6,11.199874877929688,0.06666666666666668
2013-09-05,19:44:10,4.2,12.866541544596352,0
2013-09-05,19:49:10,4.066666666666666,10.599861145019531,0
2013-09-05,19:54:10,4.133333333333333,9.199867248535156,0.06666666666666668
2013-09-05,19:59:10,4.2,9.333229064941406,0.06666666666666668
2013-09-05,20:04:10,4.333333333333333,10.333226521809896,0.26666666666666666
2013-09-05,20:09:10,4.133333333333333,11.199874877929688,0.4666666666666667
2013-09-05,20:14:10,4.2,12.199897766113281,0.06666666666666668
2013-09-05,20:19:10,4.2,8.599891662597656,0.26666666666666666
2013-09-05,20:24:10,4.2,10.599937438964844,0.3333333333333333
2013-09-05,20:29:10,4.2,10.79986572265625,0.13333333333333333
2013-09-05,20:34:10,4.133333333333333,10.399856567382812,0
2013-09-05,20:39:10,4.4,9.999923706054688,0.06666666666666668
2013-09-05,20:44:10,4.2,14.999923706054688,0.2
2013-09-05,20:49:10,4.2,10.666529337565104,0
2013-09-05,20:54:10,4.2,10.266520182291666,0.2
2013-09-05,20:59:11,4.2,9.599901835123697,0.4
2013-09-05,21:04:11,4.4,9.999860127766926,0.26666666666666666
2013-09-05,21:09:11,4.2,9.933217366536457,0.2
2013-09-05,21:14:11,4.2,12.46657053629557,0.6
2013-09-05,21:19:11,4.2,11.466547648111977,0.2
2013-09-05,21:24:11,4.2,10.533218383789062,0.26666666666666666
2013-09-05,21:29:10,4.2,12.533251444498694,0.13333333333333333
2013-09-05,21:34:10,4.2,10.999870300292969,0
2013-09-05,21:39:10,4.4,11.066576639811196,0.13333333333333333
2013-09-05,21:44:10,4.2,14.19990539550781,0.06666666666666668
2013-09-05,21:49:10,4.2,10.666529337565104,0
2013-09-05,21:54:10,4.2,11.599922180175781,0.2
2013-09-05,21:59:10,4.2,9.333216349283854,0.3333333333333333
2013-09-05,22:04:10,4.333333333333333,8.799921671549479,0.3333333333333333
2013-09-05,22:09:10,4.2,10.66656748453776,0.4666666666666667
2013-09-05,22:14:10,4.2,9.933217366536457,0.26666666666666666
2013-09-05,22:19:11,4.2,9.59985097249349,0.2
2013-09-05,22:24:11,4.2,10.866572062174477,0.06666666666666668
2013-09-05,22:29:11,4.2,11.133206685384113,0.2
2013-09-05,22:34:11,4.2,9.999847412109375,0.06666666666666668
2013-09-05,22:39:11,4.4,10.599886576334635,0.13333333333333333
2013-09-05,22:44:11,4.2,17.133267720540367,0.4666666666666667
2013-09-05,22:49:11,4.2,12.133229573567707,0
2013-09-05,22:54:11,4.2,9.799880981445312,0.6666666666666666
2013-09-05,22:59:11,4.2,10.399856567382812,0.13333333333333333
2013-09-05,23:04:11,4.4,11.199874877929688,0.2
2013-09-05,23:09:11,4.133333333333333,9.799880981445312,0.13333333333333333
2013-09-05,23:14:11,4.2,11.199874877929688,0.4
2013-09-05,23:19:11,4.2,8.999900817871094,0.26666666666666666
2013-09-05,23:24:11,4.2,9.199867248535156,0.13333333333333333
2013-09-05,23:29:11,4.2,10.799903869628906,0.06666666666666668
2013-09-05,23:34:11,4.2,8.99993896484375,0.06666666666666668
2013-09-05,23:39:11,4.4,9.866523742675781,0.4
2013-09-05,23:44:11,4.2,13.799896240234375,0.06666666666666668
2013-09-05,23:49:11,4.2,9.733212788899738,0.06666666666666668
2013-09-05,23:54:11,4.2,11.199887593587238,0
2013-09-05,23:59:11,4.2,9.599863688151041,0
2013-09-06,00:04:11,4.333333333333333,11.133219401041664,0.6666666666666666
2013-09-06,00:09:11,6.2666666666666675,23.93321990966797,0.2
2013-09-06,00:14:11,4.2,34.79991912841797,0
2013-09-06,00:19:11,4.2,19.133199055989582,0.26666666666666666
2013-09-06,00:24:11,4.266666666666667,16.933250427246094,0.3333333333333333
2013-09-06,00:29:11,4.2,11.533215840657554,0.6666666666666666
2013-09-06,00:34:11,4.2,10.133209228515625,0.4
2013-09-06,00:39:12,4.4,11.733271280924477,0
2013-09-06,00:44:12,4.2,13.133214314778648,0
2013-09-06,00:49:12,4.2,9.999847412109375,0
2013-09-06,00:54:12,4.2,11.533215840657554,0
2013-09-06,00:59:12,4.2,12.599881490071619,0.13333333333333333
2013-09-06,01:04:12,4.4,9.866511027018229,0.2
2013-09-06,01:09:12,4.2,10.13318379720052,0.13333333333333333
2013-09-06,01:14:12,5.866666666666666,14.599863688151038,0.4666666666666667
2013-09-06,01:19:12,4.2,16.799901326497398,0.26666666666666666
2013-09-06,01:24:12,4.266666666666667,11.06653849283854,0.3333333333333333
2013-09-06,01:29:12,4.2,10.666542053222656,0
2013-09-06,01:34:12,4.2,9.86657460530599,0.06666666666666668
2013-09-06,01:39:12,4.4,11.199874877929688,0.6
2013-09-06,01:44:12,4.2,11.333211263020832,0.13333333333333333
2013-09-06,01:49:12,4.2,10.799878438313804,0.06666666666666668
2013-09-06,01:54:12,4.2,8.399937947591146,0.06666666666666668
2013-09-06,01:59:12,4.2,7.999916076660156,0.06666666666666668
2013-09-06,02:04:12,4.266666666666667,9.133199055989584,0.3333333333333333
2013-09-06,02:09:12,4.2,6.666615804036459,0.13333333333333333
2013-09-06,02:14:12,4.2,10.799903869628906,0.26666666666666666
2013-09-06,02:19:12,4.2,13.799896240234375,0.4666666666666667
2013-09-06,02:24:12,4.2,13.599891662597658,0.2
2013-09-06,02:29:12,4.2,10.86653391520182,0.4
2013-09-06,02:34:12,4.2,11.599884033203125,0.5333333333333333
2013-09-06,02:39:12,4.4,11.399879455566406,0
2013-09-06,02:44:13,4.133333333333333,11.999893188476562,0.06666666666666668
2013-09-06,02:49:13,4.133333333333333,9.599876403808594,0
2013-09-06,02:54:13,4.2,10.9332275390625,0.26666666666666666
2013-09-06,02:59:13,4.2,10.066515604654947,0.13333333333333333
2013-09-06,03:04:13,4.333333333333333,10.19989013671875,0.2
2013-09-06,03:09:13,4.2,10.733197530110678,0.4
2013-09-06,03:14:13,4.2,10.9332275390625,0.2
2013-09-06,03:19:13,4.2,9.666544596354166,0.4666666666666667
2013-09-06,03:24:13,4.2,10.199864705403645,0.13333333333333333
2013-09-06,03:29:13,4.2,11.466585795084633,0.2
2013-09-06,03:34:13,4.133333333333333,11.066563924153645,0
2013-09-06,03:39:13,4.4,7.533289591471354,0.13333333333333333
2013-09-06,03:44:13,4.2,11.933224995930992,0.13333333333333333
2013-09-06,03:49:13,4.2,11.533215840657554,0.13333333333333333
2013-09-06,03:54:13,4.2,11.399879455566406,0
2013-09-06,03:59:13,4.2,12.199885050455727,0.06666666666666668
2013-09-06,04:04:13,4.333333333333333,11.599884033203125,0.2
2013-09-06,04:09:13,4.4,9.66650644938151,0.6
2013-09-06,04:14:13,4.2,10.933214823404946,0.3333333333333333
2013-09-06,04:19:13,4.2,10.866597493489586,0.6
2013-09-06,04:24:13,4.2,9.466540018717447,0.06666666666666668
2013-09-06,04:29:13,4.2,12.9998779296875,0.06666666666666668
2013-09-06,04:34:13,4.2,10.733197530110678,0
2013-09-06,04:39:13,4.4,10.533218383789062,0.3333333333333333
2013-09-06,04:44:13,4.2,14.86658732096354,0.06666666666666668
2013-09-06,04:49:13,4.2,9.66650644938151,0.26666666666666666
2013-09-06,04:54:13,4.2,10.999870300292969,0
2013-09-06,04:59:13,4.2,8.99993896484375,0
2013-09-06,05:04:14,4.333333333333333,7.999916076660156,0.3333333333333333
2013-09-06,05:09:14,4.2,10.999908447265625,0.2
2013-09-06,05:14:14,4.333333333333333,10.86653391520182,0.3333333333333333
2013-09-06,05:19:14,4.2,10.799903869628906,0.3333333333333333
2013-09-06,05:24:14,4.2,8.99993896484375,0.26666666666666666
2013-09-06,05:29:14,4.2,11.999893188476562,0.13333333333333333
2013-09-06,05:34:14,4.2,9.399871826171875,0
2013-09-06,05:39:14,4.4,9.799880981445312,0
2013-09-06,05:44:14,4.2,12.333234151204426,0.6
2013-09-06,05:49:14,4.2,9.933179219563803,0.06666666666666668
2013-09-06,05:54:14,4.2,8.799896240234375,0.26666666666666666
2013-09-06,05:59:14,4.333333333333333,9.533195495605469,0.4
2013-09-06,06:04:14,4.4,11.199913024902344,0.26666666666666666
2013-09-06,06:09:14,4.2,9.13323720296224,0.13333333333333333
2013-09-06,06:14:14,4.2,7.266604105631512,0.13333333333333333
2013-09-06,06:19:14,4.2,12.666575113932288,0.7333333333333333
2013-09-06,06:24:14,4.2,8.933219909667969,0.2
2013-09-06,06:29:14,4.2,10.99988301595052,0
2013-09-06,06:34:14,4.2,9.399909973144531,0.26666666666666666
2013-09-06,06:39:14,4.4,11.666552225748696,0.06666666666666668
2013-09-06,06:44:13,4.2,12.066561381022133,0.26666666666666666
2013-09-06,06:49:14,4.2,9.933191935221354,0.06666666666666668
2013-09-06,06:54:14,4.2,13.133214314778648,0
2013-09-06,06:59:14,4.2,11.266543070475258,0.13333333333333333
2013-09-06,07:04:14,4.4,10.666529337565104,0.26666666666666666
2013-09-06,07:09:14,4.2,10.466524759928383,0.13333333333333333
2013-09-06,07:14:14,4.2,10.999870300292969,0.26666666666666666
2013-09-06,07:19:14,4.2,10.266520182291666,0.3333333333333333
2013-09-06,07:24:14,4.2,12.599906921386719,0.26666666666666666
2013-09-06,07:29:14,4.2,10.0665283203125,0.6666666666666666
2013-09-06,07:34:14,4.2,11.06653849283854,0.06666666666666668
2013-09-06,07:39:14,4.466666666666667,10.399894714355469,0.06666666666666668
2013-09-06,07:44:14,4.2,11.599884033203125,0.06666666666666668
2013-09-06,07:49:14,4.133333333333333,10.399856567382812,0.26666666666666666
2013-09-06,07:54:14,4.2,10.999870300292969,0.06666666666666668
2013-09-06,07:59:14,4.2,10.199851989746094,0.13333333333333333
2013-09-06,08:04:14,4.4,10.199851989746094,0.6
2013-09-06,08:09:14,4.2,12.39990234375,0.13333333333333333
2013-09-06,08:14:14,4.2,10.999870300292969,0
2013-09-06,08:19:14,4.2,9.999847412109375,0.2
2013-09-06,08:24:14,4.2,9.999885559082031,0.2
2013-09-06,08:29:14,4.2,10.466524759928383,0.06666666666666668
2013-09-06,08:34:14,4.133333333333333,12.733243306477867,0.06666666666666668
2013-09-06,08:39:14,4.4,11.733220418294273,0.26666666666666666
2013-09-06,08:44:14,4.2,12.533238728841145,0
2013-09-06,08:49:14,4.2,9.666544596354166,0.13333333333333333
2013-09-06,08:54:15,4.2,8.733266194661459,0
2013-09-06,08:59:15,4.2,10.533218383789062,0.26666666666666666
2013-09-06,09:04:15,4.333333333333333,12.46657053629557,0.5333333333333333
2013-09-06,09:09:15,4.333333333333333,12.799911499023436,0.5333333333333333
2013-09-06,09:14:15,4.2,8.999926249186197,0.06666666666666668
2013-09-06,09:19:15,4.2,9.733250935872396,0.4666666666666667
2013-09-06,09:24:15,4.2,12.599906921386719,0.13333333333333333
2013-09-06,09:29:15,4.2,11.533215840657554,0.2
2013-09-06,09:34:15,4.2,8.599929809570312,0
2013-09-06,09:39:15,4.4,10.266532897949219,0
2013-09-06,09:44:15,4.2,14.66658274332682,0.4666666666666667
2013-09-06,09:49:15,4.2,11.333211263020832,0.06666666666666668
2013-09-06,09:54:15,4.133333333333333,12.999839782714846,0
2013-09-06,09:59:15,4.2,9.866511027018229,0
2013-09-06,10:04:15,4.4,7.533276875813801,0.7333333333333333
2013-09-06,10:09:15,4.2,8.999913533528646,0.13333333333333333
2013-09-06,10:14:15,4.2,11.39989217122396,0.4
2013-09-06,10:19:15,4.2,12.866579691569008,0.26666666666666666
2013-09-06,10:24:15,4.2,9.533246358235676,0.13333333333333333
2013-09-06,10:29:15,4.2,10.133260091145834,0.13333333333333333
2013-09-06,10:34:15,4.2,8.999900817871094,0.06666666666666668
2013-09-06,10:39:15,4.4,9.599876403808594,0.06666666666666668
2013-09-06,10:44:15,4.2,10.399894714355469,0.9333333333333332
2013-09-06,10:49:15,4.2,13.199920654296877,0.06666666666666668
2013-09-06,10:54:15,4.2,12.39990234375,0.06666666666666668
2013-09-06,10:59:15,4.2,12.599906921386719,0.5333333333333333
2013-09-06,11:04:15,4.333333333333333,12.799911499023436,0.26666666666666666
2013-09-06,11:09:15,4.2,10.599861145019531,0.2
2013-09-06,11:14:15,4.2,10.599899291992188,0.06666666666666668
2013-09-06,11:19:15,4.2,8.399925231933594,0.26666666666666666
2013-09-06,11:24:15,4.2,11.06653849283854,0.06666666666666668
2013-09-06,11:29:15,4.2,8.599929809570312,0.06666666666666668
2013-09-06,11:34:16,4.2,10.266583760579428,0.26666666666666666
2013-09-06,11:39:16,4.4,9.999860127766926,0
2013-09-06,11:44:16,4.2,10.866546630859375,0.13333333333333333
2013-09-06,11:49:16,4.2,10.533192952473959,0.2
2013-09-06,11:54:16,4.2,8.933245340983072,0.06666666666666668
2013-09-06,11:59:16,4.2,11.666552225748696,0.6
2013-09-06,12:04:16,4.333333333333333,9.399871826171875,0.2
2013-09-06,12:09:16,4.2,10.533231099446615,0.13333333333333333
2013-09-06,12:14:16,4.2,10.199851989746094,0.06666666666666668
2013-09-06,12:19:16,4.2,10.86653391520182,0.3333333333333333
2013-09-06,12:24:16,4.2,11.533215840657554,0.3333333333333333
2013-09-06,12:29:16,4.133333333333333,13.133252461751303,0.06666666666666668
2013-09-06,12:34:16,4.2,11.066551208496094,0.5333333333333333
2013-09-06,12:39:16,4.4,12.799911499023436,0.06666666666666668
2013-09-06,12:44:16,4.2,14.19990539550781,0.4
2013-09-06,12:49:16,4.2,11.333211263020832,0.13333333333333333
2013-09-06,12:54:16,4.2,12.333196004231773,0
2013-09-06,12:59:16,4.2,10.466537475585938,0.06666666666666668
2013-09-06,13:04:16,4.333333333333333,11.066602071126304,0.26666666666666666
2013-09-06,13:09:16,4.2,10.266520182291666,0.4
2013-09-06,13:14:16,4.2,11.133206685384113,0.06666666666666668
2013-09-06,13:19:16,4.2,11.266543070475258,0.2
2013-09-06,13:24:16,4.2,8.333269755045574,0.13333333333333333
2013-09-06,13:29:16,4.2,9.866536458333332,0.4
2013-09-06,13:34:17,4.2,8.199920654296875,0.2
2013-09-06,13:39:17,4.4,11.399879455566406,0
2013-09-06,13:44:17,4.2,10.199928283691406,0.4
2013-09-06,13:49:17,4.2,8.199958801269531,0
2013-09-06,13:54:17,4.2,10.399856567382812,0.4
2013-09-06,13:59:17,4.2,10.799903869628906,0
2013-09-06,14:04:17,4.4,11.199874877929688,0.6666666666666666
2013-09-06,14:09:17,4.333333333333333,10.599861145019531,0.4
2013-09-06,14:14:17,4.2,10.19989013671875,0.26666666666666666
2013-09-06,14:19:17,4.266666666666667,10.866546630859375,0.2
2013-09-06,14:24:17,4.2,13.199920654296877,0.06666666666666668
2013-09-06,14:29:17,4.2,10.066515604654947,0.06666666666666668
2013-09-06,14:34:17,4.2,10.066553751627602,0.06666666666666668
2013-09-06,14:39:17,4.4,9.866549173990885,0.4666666666666667
2013-09-06,14:44:17,4.866666666666667,14.666544596354164,0.2
2013-09-06,14:49:17,5.466666666666666,40.399881998697914,0
2013-09-06,14:54:17,4.2,20.26660919189453,0
2013-09-06,14:59:17,4.2,16.599884033203125,0.3333333333333333
2013-09-06,15:04:17,4.333333333333333,13.666559855143227,0.2
2013-09-06,15:14:17,4.2,9.19989267985026,0.06666666666666668
2013-09-06,15:24:17,4.2,14.333241780598957,0.2
2013-09-06,15:29:17,4.2,11.466547648111977,0.26666666666666666
2013-09-06,15:34:17,4.2,10.86653391520182,0
2013-09-06,15:39:17,4.533333333333333,10.79986572265625,0.4
2013-09-06,15:54:17,4.2,11.933263142903645,0
2013-09-06,16:04:17,4.4,11.666552225748696,0.26666666666666666
2013-09-06,16:09:17,4.266666666666667,8.666572570800781,0.3333333333333333
2013-09-06,16:14:17,4.2,7.799949645996093,0.06666666666666668
2013-09-06,16:19:17,4.2,9.19989267985026,0.2
2013-09-06,16:24:17,4.2,9.266586303710938,0.4
2013-09-06,16:29:17,4.666666666666667,13.466606140136719,0.8
2013-09-06,16:34:17,4.2,9.999885559082031,0.8
2013-09-06,16:39:17,5.2,10.399894714355469,0.3333333333333333
2013-09-06,16:44:17,5.4,12.799911499023436,0.06666666666666668
2013-09-06,16:49:18,4.866666666666667,10.799903869628906,0.2
2013-09-06,16:54:18,4.8,10.399856567382812,0.5333333333333333
2013-09-06,16:59:18,5.066666666666666,9.599952697753906,0.06666666666666668
2013-09-06,17:04:18,4.4,10.399856567382812,0.3333333333333333
2013-09-06,17:09:18,4.666666666666667,10.79986572265625,0.2
2013-09-06,17:14:18,4.2,8.999900817871094,0.2
2013-09-06,17:19:18,4.533333333333333,8.199920654296875,0.9333333333333332
2013-09-06,17:24:18,4.666666666666667,9.999885559082031,0.4
2013-09-06,17:29:18,4.333333333333333,12.466532389322914,0.2
2013-09-06,17:34:18,4.866666666666667,9.866549173990885,0
2013-09-06,17:39:18,4.4,12.39990234375,0.13333333333333333
2013-09-06,17:44:18,4.2,11.933224995930992,0.13333333333333333
2013-09-06,17:49:18,4.133333333333333,10.199851989746094,0.13333333333333333
2013-09-06,17:54:18,4.2,9.199930826822916,0
2013-09-06,17:59:18,4.2,10.399894714355469,0.13333333333333333
2013-09-06,18:04:18,4.266666666666667,9.199905395507812,0.5333333333333333
2013-09-06,18:09:18,4.2,10.266558329264322,0.2
2013-09-06,18:14:18,4.2,9.866511027018229,0.13333333333333333
2013-09-06,18:19:18,4.133333333333333,8.799896240234375,0.2
2013-09-06,18:24:18,4.2,10.13318379720052,0.06666666666666668
2013-09-06,18:29:18,4.2,11.466560363769531,0.06666666666666668
2013-09-06,18:34:18,4.2,11.133232116699219,0.3333333333333333
2013-09-06,18:39:18,4.4,10.19989013671875,0.4
2013-09-06,18:44:18,4.2,14.266573588053383,0.06666666666666668
2013-09-06,18:49:18,4.2,9.266535441080729,0
2013-09-06,18:54:18,4.2,10.666529337565104,0.06666666666666668
2013-09-06,18:59:18,4.2,11.199874877929688,0.13333333333333333
2013-09-06,19:04:19,4.4,11.7999267578125,0.3333333333333333
2013-09-06,19:09:19,4.333333333333333,9.933191935221354,0.8
2013-09-06,19:14:19,4.2,8.8665771484375,1.0
2013-09-06,19:19:19,4.2,13.399925231933594,0.26666666666666666
2013-09-06,19:24:19,4.2,8.46655527750651,0.13333333333333333
2013-09-06,19:29:19,4.2,9.59991455078125,0.26666666666666666
2013-09-06,19:34:19,4.2,9.399909973144531,0.06666666666666668
2013-09-06,19:39:19,4.4,9.59991455078125,0
2013-09-06,19:44:19,4.2,10.79986572265625,0
2013-09-06,19:49:19,4.2,8.199920654296875,0.06666666666666668
2013-09-06,19:54:19,4.266666666666667,11.199913024902344,0.3333333333333333
2013-09-06,19:59:19,4.333333333333333,10.79986572265625,0.06666666666666668
2013-09-06,20:04:19,4.8,12.599906921386719,0.26666666666666666
2013-09-06,20:09:19,4.714285714285714,11.214160919189453,0.14285714285714285
2013-09-06,20:14:19,5.466666666666666,10.466524759928383,0.06666666666666668
2013-09-06,20:19:19,5.333333333333334,10.066566467285156,0.2
2013-09-06,20:24:19,4.4,11.399879455566406,0.2
2013-09-06,20:29:19,4.2,11.666552225748696,0.06666666666666668
2013-09-06,20:34:19,4.2,10.666529337565104,0.26666666666666666
2013-09-06,20:39:19,5.0,9.199905395507812,0.06666666666666668
2013-09-06,20:44:19,5.2,10.599861145019531,0.26666666666666666
2013-09-06,20:49:19,5.066666666666666,11.333211263020832,0.13333333333333333
2013-09-06,20:54:19,5.266666666666667,10.933202107747398,0.06666666666666668
2013-09-06,20:59:19,5.066666666666666,10.933202107747398,0.4
2013-09-06,21:04:19,4.533333333333333,10.133209228515625,0.5333333333333333
2013-09-06,21:09:19,4.2,8.59991709391276,0.26666666666666666
2013-09-06,21:14:19,4.2,10.666529337565104,0.13333333333333333
2013-09-06,21:19:19,4.6,10.266532897949219,0.4
2013-09-06,21:24:19,4.466666666666667,10.399907430013021,0.06666666666666668
2013-09-06,21:29:19,4.6428571428571415,12.357044219970703,0.07142857142857142
2013-09-06,21:34:19,4.333333333333333,11.733220418294273,0.3333333333333333
2013-09-06,21:39:19,4.533333333333333,9.799919128417969,0
2013-09-06,21:44:19,4.2,13.599929809570312,0
2013-09-06,21:49:20,4.266666666666667,9.866511027018229,0
2013-09-06,21:54:20,4.266666666666667,9.133249918619791,0
2013-09-06,21:59:20,4.333333333333333,9.66658274332682,0.06666666666666668
2013-09-06,22:04:20,4.466666666666667,10.199851989746094,0.26666666666666666
2013-09-06,22:09:20,4.266666666666667,11.799888610839844,0.2
2013-09-06,22:14:20,4.333333333333333,9.866511027018229,0.4
2013-09-06,22:19:20,4.2,10.266520182291666,0.3333333333333333
2013-09-06,22:24:20,4.333333333333333,9.399909973144531,0.6
2013-09-06,22:29:20,4.2,10.399856567382812,0.13333333333333333
2013-09-06,22:34:20,4.2,11.733220418294273,0
2013-09-06,22:39:20,4.533333333333333,11.733220418294273,0.3333333333333333
2013-09-06,22:44:20,4.2,15.733235677083332,0.13333333333333333
2013-09-06,22:49:20,4.2,11.666552225748696,0.4
2013-09-06,22:54:20,4.266666666666667,10.399856567382812,0.3333333333333333
2013-09-06,22:59:20,4.2,8.199958801269531,0.06666666666666668
2013-09-06,23:04:20,4.533333333333333,8.799896240234375,0.4
2013-09-06,23:09:20,4.2,8.533236185709635,0.13333333333333333
2013-09-06,23:14:20,4.2,9.999885559082031,0.13333333333333333
2013-09-06,23:19:20,4.4,8.799896240234375,0.26666666666666666
2013-09-06,23:24:20,4.266666666666667,9.59991455078125,0.6
2013-09-06,23:29:20,4.333333333333333,8.799934387207031,0.06666666666666668
2013-09-06,23:34:20,4.2,7.1999359130859375,0.06666666666666668
2013-09-06,23:39:20,4.533333333333333,11.599884033203125,0.06666666666666668
2013-09-06,23:44:20,4.2,11.399879455566406,0
2013-09-06,23:49:20,4.2,11.399879455566406,0.06666666666666668
2013-09-06,23:54:20,4.2,9.933217366536457,0
2013-09-06,23:59:20,4.2,8.733266194661459,0.13333333333333333
2013-09-07,00:04:20,4.4,10.066515604654947,0.4666666666666667
2013-09-07,00:09:20,4.266666666666667,11.266543070475258,0.4666666666666667
2013-09-07,00:14:20,4.333333333333333,10.133221944173178,0.4
2013-09-07,00:19:20,4.2,8.666585286458334,0.3333333333333333
2013-09-07,00:24:20,4.2,12.599881490071619,0.13333333333333333
2013-09-07,00:29:20,4.2,10.666554768880209,0.6666666666666666
2013-09-07,00:34:20,4.2,9.799906412760414,0.06666666666666668
2013-09-07,00:39:20,4.466666666666667,10.799891153971352,0.2
2013-09-07,00:44:20,4.333333333333333,15.799903869628906,0.06666666666666668
2013-09-07,00:49:20,4.2,9.133211771647135,0.06666666666666668
2013-09-07,00:54:20,4.2,8.266576131184895,0
2013-09-07,00:59:20,4.333333333333333,10.066515604654947,0.4
2013-09-07,01:04:20,4.4,8.799934387207031,0.2
2013-09-07,01:09:20,4.2,10.066553751627602,0.26666666666666666
2013-09-07,01:14:20,5.866666666666666,12.466545104980469,0.06666666666666668
2013-09-07,01:19:20,4.2,19.933268229166668,0.26666666666666666
2013-09-07,01:24:20,4.2,13.06658426920573,0.06666666666666668
2013-09-07,01:29:20,4.266666666666667,13.333257039388025,0.13333333333333333
2013-09-07,01:34:20,4.266666666666667,10.599873860677084,0.26666666666666666
2013-09-07,01:39:20,4.4,9.933280944824219,0
2013-09-07,01:44:20,4.2,11.533215840657554,0.3333333333333333
2013-09-07,01:49:21,4.2,11.666552225748696,0
2013-09-07,01:54:21,4.2,8.799896240234375,0.13333333333333333
2013-09-07,01:59:21,4.2,9.599876403808594,0.26666666666666666
2013-09-07,02:04:21,4.4,9.799880981445312,0.7333333333333333
2013-09-07,02:09:21,4.133333333333333,9.399871826171875,0.4
2013-09-07,02:14:21,4.066666666666666,9.399909973144531,0.06666666666666668
2013-09-07,02:19:21,4.2,10.599937438964844,0.26666666666666666
2013-09-07,02:24:21,4.133333333333333,11.533215840657554,0
2013-09-07,02:29:21,4.2,11.599884033203125,0.06666666666666668
2013-09-07,02:34:21,4.2,10.399856567382812,0.06666666666666668
2013-09-07,02:39:21,4.4,12.066535949707031,0.4666666666666667
2013-09-07,02:44:21,4.2,13.133201599121094,0
2013-09-07,02:49:21,4.2,10.86653391520182,0.06666666666666668
2013-09-07,02:54:21,4.2,9.199943542480469,0
2013-09-07,02:59:21,4.2,8.066609700520834,0
2013-09-07,03:04:21,4.333333333333333,7.866579691569011,0.3333333333333333
2013-09-07,03:09:21,4.133333333333333,8.933245340983072,0.13333333333333333
2013-09-07,03:14:21,4.133333333333333,10.666592915852863,0
2013-09-07,03:19:21,4.2,8.333269755045574,0.8
2013-09-07,03:24:21,4.133333333333333,10.066515604654947,0
2013-09-07,03:29:21,4.2,10.999870300292969,0.4
2013-09-07,03:34:21,4.2,9.66657002766927,0
2013-09-07,03:39:21,4.4,7.866617838541666,0.4666666666666667
2013-09-07,03:44:21,4.2,13.26655069986979,0.13333333333333333
2013-09-07,03:49:21,4.133333333333333,13.06658426920573,0.6
2013-09-07,03:54:21,4.2,10.933202107747398,0.3333333333333333
2013-09-07,03:59:21,4.2,10.999870300292969,0.06666666666666668
2013-09-07,04:04:21,4.4,11.466547648111977,0.2
2013-09-07,04:09:21,4.2,10.533231099446615,0.4
2013-09-07,04:14:21,4.2,10.466524759928383,0.2
2013-09-07,04:19:21,4.2,13.333218892415363,0.3333333333333333
2013-09-07,04:24:21,4.2,11.999893188476562,0
2013-09-07,04:29:21,4.133333333333333,9.133211771647135,0.06666666666666668
2013-09-07,04:34:21,4.2,10.333213806152344,0.13333333333333333
2013-09-07,04:39:21,4.4,11.133244832356773,0.06666666666666668
2013-09-07,04:44:21,4.2,13.199920654296877,0.06666666666666668
2013-09-07,04:49:21,4.2,10.19989013671875,0.06666666666666668
2013-09-07,04:54:21,6.2,27.999890645345054,0
2013-09-07,04:59:21,4.2,29.599914550781246,0
2013-09-07,05:04:21,4.4,18.19988250732422,0.5333333333333333
2013-09-07,05:09:21,4.2,15.799903869628906,0.13333333333333333
2013-09-07,05:14:21,4.333333333333333,11.399879455566406,0.13333333333333333
2013-09-07,05:19:21,4.2,10.533192952473959,0.6
2013-09-07,05:24:22,4.133333333333333,10.79986572265625,0.4666666666666667
2013-09-07,05:29:22,4.2,13.79993438720703,0.4
2013-09-07,05:34:22,4.2,10.86653391520182,0
2013-09-07,05:39:22,4.4,8.133252461751301,0.4666666666666667
2013-09-07,05:44:22,4.2,10.933202107747398,0.13333333333333333
2013-09-07,05:49:22,4.133333333333333,11.19990030924479,0
2013-09-07,05:54:22,4.2,9.666557312011719,0.06666666666666668
2013-09-07,05:59:22,4.133333333333333,10.79986572265625,0.06666666666666668
2013-09-07,06:04:22,4.4,9.533233642578125,0.5333333333333333
2013-09-07,06:09:22,4.2,8.799934387207031,0.26666666666666666
2013-09-07,06:14:22,4.2,10.733248392740885,0.3333333333333333
2013-09-07,06:19:22,4.2,8.333282470703125,0.26666666666666666
2013-09-07,06:24:22,4.133333333333333,8.533236185709635,0
2013-09-07,06:29:22,4.2,9.266599019368488,0.13333333333333333
2013-09-07,06:34:22,4.2,8.999913533528646,0
2013-09-07,06:39:22,4.4,11.199874877929688,0
2013-09-07,06:44:22,4.2,11.933224995930992,0.4
2013-09-07,06:49:22,4.133333333333333,9.866549173990885,0
2013-09-07,06:54:22,4.133333333333333,9.066581726074219,0.26666666666666666
2013-09-07,06:59:22,4.2,9.599876403808594,0.06666666666666668
2013-09-07,07:04:22,4.266666666666667,10.066541035970051,0.3333333333333333
2013-09-07,07:24:22,4.2,11.466547648111977,0.06666666666666668
2013-09-07,07:39:22,4.533333333333333,9.599838256835938,0.3333333333333333
2013-09-07,07:44:22,4.2,13.399925231933594,0.06666666666666668
2013-09-07,07:49:22,4.2,10.533192952473959,0.06666666666666668
2013-09-07,07:54:22,4.2,11.199874877929688,0.06666666666666668
2013-09-07,07:59:23,4.2,10.999908447265625,0.13333333333333333
2013-09-07,08:04:23,4.333333333333333,8.799896240234375,0.2
2013-09-07,08:09:23,4.2,9.133249918619791,0.2
2013-09-07,08:14:23,4.2,10.9332275390625,0
2013-09-07,08:19:23,4.2,14.19994354248047,0.3333333333333333
2013-09-07,08:24:23,4.2,10.86653391520182,0.06666666666666668
2013-09-07,08:29:23,4.2,11.799888610839844,0.6
2013-09-07,08:34:23,4.133333333333333,8.399899800618488,0
2013-09-07,08:39:23,4.4,12.733243306477867,0.06666666666666668
2013-09-07,08:44:23,4.2,12.866579691569008,0.13333333333333333
2013-09-07,08:49:23,4.133333333333333,9.199867248535156,0.26666666666666666
2013-09-07,08:54:23,4.2,10.266520182291666,0.06666666666666668
2013-09-07,08:59:23,4.2,11.133206685384113,0.13333333333333333
2013-09-07,09:04:23,4.4,10.06659189860026,0.5333333333333333
2013-09-07,09:09:23,4.133333333333333,12.266565958658852,0.13333333333333333
2013-09-07,09:14:23,4.2,12.799873352050781,0.6666666666666666
2013-09-07,09:19:23,4.133333333333333,9.866511027018229,0.3333333333333333
2013-09-07,09:24:23,4.2,9.399871826171875,0.4
2013-09-07,09:29:23,4.2,10.266545613606771,0.06666666666666668
2013-09-07,09:34:23,4.133333333333333,8.799934387207031,0.06666666666666668
2013-09-07,09:39:23,4.4,8.866539001464844,0
2013-09-07,09:44:23,4.2,10.599912007649738,0.13333333333333333
2013-09-07,09:49:23,4.2,9.999872843424479,0
2013-09-07,09:54:23,4.2,8.533312479654947,0
2013-09-07,09:59:23,4.2,9.866561889648438,0
2013-09-07,10:04:23,4.266666666666667,10.333226521809896,0.7333333333333333
2013-09-07,10:09:23,4.066666666666666,9.999847412109375,0.13333333333333333
2013-09-07,10:14:23,4.133333333333333,11.199913024902344,0.26666666666666666
2013-09-07,10:19:23,4.133333333333333,8.266639709472656,0.3333333333333333
2013-09-07,10:24:23,4.133333333333333,10.133209228515625,0
2013-09-07,10:29:23,4.133333333333333,8.466580708821615,0.2
2013-09-07,10:34:23,4.2,11.999893188476562,0.26666666666666666
2013-09-07,10:39:23,4.4,11.333211263020832,0
2013-09-07,10:44:23,4.2,12.999916076660156,0.06666666666666668
2013-09-07,10:49:23,4.133333333333333,9.999847412109375,0.26666666666666666
2013-09-07,10:54:23,4.2,10.066553751627602,0.4666666666666667
2013-09-07,10:59:23,4.133333333333333,10.79986572265625,0.13333333333333333
2013-09-07,11:04:23,4.266666666666667,10.999870300292969,0.2
2013-09-07,11:09:23,4.133333333333333,11.599884033203125,0.26666666666666666
2013-09-07,11:14:23,4.2,9.66657002766927,0.13333333333333333
2013-09-07,11:19:23,4.2,10.599899291992188,0.5333333333333333
2013-09-07,11:24:23,4.133333333333333,11.399879455566406,0
2013-09-07,11:29:23,4.2,9.799842834472656,0
2013-09-07,11:34:23,4.133333333333333,8.799934387207031,0.06666666666666668
2013-09-07,11:39:23,4.333333333333333,10.599899291992188,0
2013-09-07,11:44:23,4.2,13.399887084960938,0
2013-09-07,11:49:23,4.2,13.599891662597658,0.3333333333333333
2013-09-07,11:54:23,4.2,11.866556803385414,0
2013-09-07,11:59:24,4.133333333333333,9.799842834472656,0.06666666666666668
2013-09-07,12:04:24,4.266666666666667,9.533271789550781,0.4666666666666667
2013-09-07,12:09:24,4.2,6.599960327148438,0.4
2013-09-07,12:14:24,4.2,9.199956258138021,0
2013-09-07,12:19:24,4.133333333333333,9.599901835123697,0.3333333333333333
2013-09-07,12:24:24,4.133333333333333,8.933194478352863,0.5333333333333333
2013-09-07,12:29:24,4.133333333333333,10.133221944173178,0
2013-09-07,12:34:24,4.066666666666666,11.06653849283854,0.4
2013-09-07,12:39:24,4.4,11.799888610839844,0.6666666666666666
2013-09-07,12:44:24,4.2,15.333264668782551,0.13333333333333333
2013-09-07,12:49:24,4.2,11.199874877929688,0.13333333333333333
2013-09-07,12:54:24,4.2,9.199905395507812,0
2013-09-07,12:59:24,4.2,7.999966939290365,0
2013-09-07,13:04:24,4.266666666666667,9.866587320963541,0.6
2013-09-07,13:09:24,4.133333333333333,10.066541035970051,0.2
2013-09-07,13:14:24,4.066666666666666,9.999847412109375,0
2013-09-07,13:19:24,4.2,10.266520182291666,0.6
2013-09-07,13:24:24,4.4,12.333234151204426,0.06666666666666668
2013-09-07,13:29:24,4.2,10.733197530110678,0.13333333333333333
2013-09-07,13:34:24,4.2,9.733187357584635,0
2013-09-07,13:39:24,4.4,10.199940999348957,0
2013-09-07,13:44:24,4.2,13.8665517171224,0.3333333333333333
2013-09-07,13:49:24,4.133333333333333,9.199867248535156,0.06666666666666668
2013-09-07,13:54:24,4.133333333333333,10.466575622558594,0.26666666666666666
2013-09-07,13:59:24,4.2,11.799888610839844,0.3333333333333333
2013-09-07,14:04:24,4.266666666666667,10.999870300292969,0.2
2013-09-07,14:09:24,4.133333333333333,8.999862670898438,0.13333333333333333
2013-09-07,14:14:24,4.2,9.399871826171875,0.2
2013-09-07,14:19:24,4.2,10.19989013671875,0.6666666666666666
2013-09-07,14:24:24,4.2,9.666557312011719,0
2013-09-07,14:29:24,4.2,12.399864196777344,0.13333333333333333
2013-09-07,14:34:24,4.2,11.399879455566406,0.4
2013-09-07,14:39:24,4.333333333333333,9.399871826171875,0.06666666666666668
2013-09-07,14:44:24,4.066666666666666,11.733220418294273,0
2013-09-07,14:49:24,4.133333333333333,8.866551717122396,0
2013-09-07,14:54:25,4.133333333333333,8.733202616373697,0.06666666666666668
2013-09-07,14:59:25,4.2,11.06653849283854,0.26666666666666666
2013-09-07,15:04:25,4.333333333333333,10.733235677083332,0.3333333333333333
2013-09-07,15:09:25,4.2,9.399897257486979,0.13333333333333333
2013-09-07,15:14:25,4.2,9.999885559082031,0.26666666666666666
2013-09-07,15:19:25,4.2,8.933232625325521,0.8
2013-09-07,15:24:25,4.2,10.599912007649738,0.06666666666666668
2013-09-07,15:29:25,4.2,11.799888610839844,0.2
2013-09-07,15:34:25,4.133333333333333,10.666529337565104,0.06666666666666668
2013-09-07,15:39:25,4.333333333333333,9.866549173990885,0
2013-09-07,15:44:25,4.133333333333333,15.66655476888021,0.13333333333333333
2013-09-07,15:49:25,4.2,9.933204650878906,0.26666666666666666
2013-09-07,15:54:25,4.2,10.999870300292969,0.06666666666666668
2013-09-07,15:59:25,4.133333333333333,9.733225504557291,0
2013-09-07,16:04:25,4.266666666666667,11.933186848958336,0.4
2013-09-07,16:09:25,4.133333333333333,8.599904378255209,0.6
2013-09-07,16:14:25,4.133333333333333,8.933194478352863,0.06666666666666668
2013-09-07,16:19:25,4.2,8.79988352457682,0.5333333333333333
2013-09-07,16:24:25,4.2,11.866556803385414,0
2013-09-07,16:29:25,4.2,9.799880981445312,0.13333333333333333
2013-09-07,16:34:25,4.2,9.66650644938151,0.06666666666666668
2013-09-07,16:39:25,4.4,11.333211263020832,0
2013-09-07,16:44:25,4.2,14.7332509358724,0.3333333333333333
2013-09-07,16:49:25,4.2,13.599891662597658,0.6
2013-09-07,16:54:25,4.133333333333333,11.599884033203125,0
2013-09-07,16:59:26,4.133333333333333,11.399879455566406,0
2013-09-07,17:04:26,4.333333333333333,9.999847412109375,0.6666666666666666
2013-09-07,17:09:26,4.2,11.133232116699219,0.13333333333333333
2013-09-07,17:14:26,4.2,10.19989013671875,0.13333333333333333
2013-09-07,17:19:26,4.2,11.466585795084633,0.3333333333333333
2013-09-07,17:24:26,4.2,11.799888610839844,0.3333333333333333
2013-09-07,17:29:26,4.2,11.399879455566406,0.13333333333333333
2013-09-07,17:34:26,4.2,10.599861145019531,0.06666666666666668
2013-09-07,17:39:26,4.4,10.999870300292969,0.13333333333333333
2013-09-07,17:44:26,4.2,11.999893188476562,0.06666666666666668
2013-09-07,17:49:26,4.133333333333333,9.799842834472656,0.26666666666666666
2013-09-07,17:54:26,4.2,11.06653849283854,0
2013-09-07,17:59:26,4.2,9.733250935872396,0.3333333333333333
2013-09-07,18:04:26,4.333333333333333,10.466524759928383,0.5333333333333333
2013-09-07,18:09:26,4.2,9.133224487304688,0.13333333333333333
2013-09-07,18:14:26,4.2,11.133206685384113,0
2013-09-07,18:19:26,4.2,10.79986572265625,0.3333333333333333
2013-09-07,18:24:26,4.2,9.866549173990885,0.3333333333333333
2013-09-07,18:29:26,4.2,12.999916076660156,0.4
2013-09-07,18:34:26,4.133333333333333,10.533192952473959,0
2013-09-07,18:39:26,4.333333333333333,10.999870300292969,0
2013-09-07,18:44:26,4.2,13.933270772298176,0.13333333333333333
2013-09-07,18:49:26,4.133333333333333,10.86653391520182,0.26666666666666666
2013-09-07,18:54:26,4.133333333333333,9.933217366536457,0.13333333333333333
2013-09-07,18:59:26,4.2,10.599861145019531,0
2013-09-07,19:04:26,4.266666666666667,11.73323313395182,0.26666666666666666
2013-09-07,19:09:26,4.2,11.59987131754557,0.2
2013-09-07,19:14:26,4.2,9.866511027018229,0.26666666666666666
2013-09-07,19:19:26,4.2,10.533192952473959,0.3333333333333333
2013-09-07,19:24:26,6.2,31.1999003092448,0.06666666666666668
2013-09-07,19:29:26,4.133333333333333,29.999923706054688,0.06666666666666668
2013-09-07,19:34:26,4.133333333333333,15.466613769531252,0.06666666666666668
2013-09-07,19:39:26,4.4,13.8665517171224,0.3333333333333333
2013-09-07,19:44:26,4.066666666666666,13.799896240234375,0.3333333333333333
2013-09-07,19:49:26,4.133333333333333,9.999847412109375,0.13333333333333333
2013-09-07,19:54:26,4.133333333333333,10.399894714355469,0
2013-09-07,19:59:26,4.2,9.266522725423178,0
2013-09-07,20:04:26,4.333333333333333,8.99993896484375,0.3333333333333333
2013-09-07,20:09:26,4.2,11.06653849283854,0.6666666666666666
2013-09-07,20:14:26,4.2,10.399856567382812,0.3333333333333333
2013-09-07,20:19:27,4.2,9.999885559082031,0.26666666666666666
2013-09-07,20:24:27,4.2,9.66658274332682,0.06666666666666668
2013-09-07,20:29:27,4.2,10.399932861328125,0.06666666666666668
2013-09-07,20:34:27,4.2,10.533231099446615,0.3333333333333333
2013-09-07,20:39:27,4.4,10.66650390625,0.06666666666666668
2013-09-07,20:44:27,4.2,10.866546630859375,0.13333333333333333
2013-09-07,20:49:27,4.2,8.39996337890625,0.06666666666666668
2013-09-07,20:54:27,4.133333333333333,9.199905395507812,0.4
2013-09-07,20:59:27,4.2,9.266548156738281,0
2013-09-07,21:04:27,4.333333333333333,9.733238220214844,0.2
2013-09-07,21:09:27,4.2,8.933245340983072,0.2
2013-09-07,21:14:27,4.2,10.333188374837238,0.3333333333333333
2013-09-07,21:19:27,4.2,11.799888610839844,0.3333333333333333
2013-09-07,21:24:27,4.2,10.79986572265625,0.6666666666666666
2013-09-07,21:29:27,4.2,10.333188374837238,0.13333333333333333
2013-09-07,21:34:27,4.2,12.266565958658852,0
2013-09-07,21:39:27,4.4,9.333241780598957,0.3333333333333333
2013-09-07,21:44:27,4.2,10.066553751627602,0.13333333333333333
2013-09-07,21:49:27,4.333333333333333,10.399907430013021,0
2013-09-07,21:54:27,4.2,11.799888610839844,0
2013-09-07,21:59:27,4.2,9.999847412109375,0
2013-09-07,22:04:27,4.333333333333333,9.199905395507812,0.2
2013-09-07,22:09:27,4.2,10.13318379720052,0.26666666666666666
2013-09-07,22:14:27,4.2,9.799880981445312,0.8
2013-09-07,22:19:27,4.2,8.466606140136719,0.4
2013-09-07,22:24:27,4.2,10.199877421061196,0
2013-09-07,22:29:27,4.2,11.599884033203125,0.13333333333333333
2013-09-07,22:34:27,4.2,9.599876403808594,0.06666666666666668
2013-09-07,22:39:27,4.4,10.999870300292969,0
2013-09-07,22:44:27,4.2,13.999900817871094,0.4666666666666667
2013-09-07,22:49:28,4.2,10.399894714355469,0
2013-09-07,22:54:28,4.2,9.999923706054688,0.3333333333333333
2013-09-07,22:59:28,4.2,10.399894714355469,0
2013-09-07,23:04:28,4.133333333333333,10.666580200195312,0.5333333333333333
2013-09-07,23:09:28,4.133333333333333,9.066581726074219,0.2
2013-09-07,23:14:28,4.2,10.399856567382812,0.13333333333333333
2013-09-07,23:19:28,4.2,8.99993896484375,0.7333333333333333
2013-09-07,23:24:28,4.2,11.06653849283854,0.06666666666666668
2013-09-07,23:29:28,4.2,7.666638692220053,0
2013-09-07,23:34:28,4.2,10.599937438964844,0
2013-09-07,23:39:28,4.533333333333333,11.933224995930992,0
2013-09-07,23:44:28,4.2,15.066553751627602,0.4666666666666667
2013-09-07,23:49:28,4.2,10.199851989746094,0
2013-09-07,23:54:28,4.133333333333333,8.799896240234375,0.06666666666666668
2013-09-07,23:59:28,4.2,8.133277893066406,0.3333333333333333
2013-09-08,00:04:28,4.4,10.866546630859375,0.2
2013-09-08,00:09:28,4.2,10.333226521809896,0.13333333333333333
2013-09-08,00:14:28,4.2,9.266560872395834,0.2
2013-09-08,00:19:28,4.2,10.866546630859375,0.7333333333333333
2013-09-08,00:24:28,4.2,11.333211263020832,0.06666666666666668
2013-09-08,00:29:28,4.2,9.799842834472656,0
2013-09-08,00:34:28,4.066666666666666,9.13323720296224,0.6
2013-09-08,00:39:28,4.333333333333333,10.799903869628906,0
2013-09-08,00:44:28,4.2,16.399917602539062,0.06666666666666668
2013-09-08,00:49:28,4.2,10.266532897949219,0.3333333333333333
2013-09-08,00:54:28,4.2,8.333244323730469,0
2013-09-08,00:59:28,4.2,10.266571044921875,0.26666666666666666
2013-09-08,01:04:28,4.266666666666667,8.799921671549479,0.3333333333333333
2013-09-08,01:09:28,4.2,9.999860127766926,0.2
2013-09-08,01:14:28,4.133333333333333,9.999910990397135,0
2013-09-08,01:19:28,5.8,25.59989929199219,0.26666666666666666
2013-09-08,01:24:28,4.2,13.933245340983069,0.26666666666666666
2013-09-08,01:29:28,4.2,14.533246358235678,0.2
2013-09-08,01:34:29,4.2,9.799880981445312,0
2013-09-08,01:39:29,4.4,11.799888610839844,0
2013-09-08,01:44:29,4.2,13.799896240234375,0.5333333333333333
2013-09-08,01:49:29,4.2,10.599861145019531,0
2013-09-08,01:54:29,4.2,9.999885559082031,0.06666666666666668
2013-09-08,01:59:29,4.2,8.799934387207031,0
2013-09-08,02:04:29,4.333333333333333,9.999847412109375,0.3333333333333333
2013-09-08,02:09:29,4.133333333333333,9.466578165690104,0.5333333333333333
2013-09-08,02:14:29,4.2,12.999916076660156,0.06666666666666668
2013-09-08,02:19:29,4.266666666666667,11.199874877929688,0.26666666666666666
2013-09-08,02:24:29,4.333333333333333,10.79986572265625,0.5333333333333333
2013-09-08,02:29:29,4.2,10.666554768880209,0.4
2013-09-08,02:34:29,4.2,10.599848429361977,0.13333333333333333
2013-09-08,02:39:29,4.4,9.199930826822916,0.13333333333333333
2013-09-08,02:44:29,4.2,10.53320566813151,0.13333333333333333
2013-09-08,02:49:29,4.133333333333333,9.399871826171875,0.06666666666666668
2013-09-08,02:54:29,4.133333333333333,7.9999033610026045,0
2013-09-08,02:59:29,4.2,10.999908447265625,0.3333333333333333
2013-09-08,03:04:29,4.266666666666667,8.8665771484375,0.2
2013-09-08,03:09:29,4.2,11.06653849283854,0.2
2013-09-08,03:14:29,4.2,9.599876403808594,0
2013-09-08,03:19:29,4.2,10.599886576334635,0.26666666666666666
2013-09-08,03:24:29,4.066666666666666,9.799906412760414,0
2013-09-08,03:29:29,4.2,10.266558329264322,0
2013-09-08,03:34:29,4.2,12.333234151204426,0.13333333333333333
2013-09-08,03:39:29,4.333333333333333,14.733200073242186,0.3333333333333333
2013-09-08,03:44:29,4.133333333333333,13.933245340983069,0.06666666666666668
2013-09-08,03:49:29,4.2,9.666557312011719,0.06666666666666668
2013-09-08,03:54:29,4.2,10.466588338216145,0.06666666666666668
2013-09-08,03:59:30,4.2,11.533215840657554,0.6
2013-09-08,04:04:29,4.266666666666667,11.866556803385414,0.2
2013-09-08,04:09:29,4.133333333333333,11.73323313395182,0.13333333333333333
2013-09-08,04:14:29,4.2,9.199905395507812,0
2013-09-08,04:19:29,4.2,10.399856567382812,1.0666666666666669
2013-09-08,04:24:29,4.2,9.999885559082031,0.13333333333333333
2013-09-08,04:29:29,4.133333333333333,8.999900817871094,0.13333333333333333
2013-09-08,04:34:29,4.2,8.999862670898438,0.4
2013-09-08,04:39:29,4.4,11.799888610839844,0.06666666666666668
2013-09-08,04:44:29,4.2,12.799911499023436,0
2013-09-08,04:49:29,4.2,11.799888610839844,0
2013-09-08,04:54:29,4.2,9.199867248535156,0
2013-09-08,04:59:29,4.133333333333333,8.99987538655599,0
2013-09-08,05:04:29,4.2,11.999893188476562,0.26666666666666666
2013-09-08,05:09:29,4.2,10.599861145019531,0.2
2013-09-08,05:14:29,4.2,9.66650644938151,0
2013-09-08,05:19:29,4.2,8.466631571451822,0.26666666666666666
2013-09-08,05:24:29,4.2,9.466565450032551,0.13333333333333333
2013-09-08,05:29:29,4.2,9.066518147786457,0.3333333333333333
2013-09-08,05:34:29,4.2,9.13323720296224,0.13333333333333333
2013-09-08,05:39:30,4.4,11.399917602539062,0
2013-09-08,05:44:30,4.2,16.7999267578125,0.13333333333333333
2013-09-08,05:49:30,4.066666666666666,12.399864196777344,0.8666666666666667
2013-09-08,05:54:30,4.133333333333333,7.3332977294921875,0.5333333333333333
2013-09-08,05:59:30,4.2,7.999916076660156,0.13333333333333333
2013-09-08,06:04:30,4.266666666666667,10.133234659830729,0.4666666666666667
2013-09-08,06:09:30,4.133333333333333,9.86657460530599,0.3333333333333333
2013-09-08,06:14:30,4.2,8.599891662597656,0.13333333333333333
2013-09-08,06:19:30,4.2,11.73323313395182,0.3333333333333333
2013-09-08,06:24:30,4.2,12.733243306477867,0.06666666666666668
2013-09-08,06:29:30,4.2,12.066523234049477,0
2013-09-08,06:34:30,4.2,9.399833679199219,0.3333333333333333
2013-09-08,06:39:30,4.4,11.666552225748696,0.06666666666666668
2013-09-08,06:44:30,4.066666666666666,10.666580200195312,0
2013-09-08,06:49:30,4.133333333333333,8.266576131184895,0.06666666666666668
2013-09-08,06:54:30,4.2,8.933194478352863,0
2013-09-08,06:59:30,4.2,11.199887593587238,0
2013-09-08,07:04:30,4.333333333333333,8.8665771484375,0.2
2013-09-08,07:09:30,4.133333333333333,11.266568501790367,0.2
2013-09-08,07:14:30,4.133333333333333,10.199915568033854,0
2013-09-08,07:19:30,4.133333333333333,9.999847412109375,0.4666666666666667
2013-09-08,07:24:30,4.133333333333333,8.799896240234375,0.8
2013-09-08,07:29:30,4.133333333333333,9.799842834472656,0.4666666666666667
2013-09-08,07:34:30,4.2,10.79986572265625,0
2013-09-08,07:39:30,4.4,11.399879455566406,0.3333333333333333
2013-09-08,07:44:30,4.2,13.799896240234375,0.3333333333333333
2013-09-08,07:49:30,4.2,10.19989013671875,0.13333333333333333
2013-09-08,07:54:30,4.2,10.199851989746094,0.2
2013-09-08,07:59:30,4.2,10.999870300292969,0.2
2013-09-08,08:04:30,4.266666666666667,12.599906921386719,0.4666666666666667
2013-09-08,08:09:30,4.133333333333333,9.999860127766926,0.13333333333333333
2013-09-08,08:14:30,4.133333333333333,10.399856567382812,0.06666666666666668
2013-09-08,08:19:30,4.2,10.599861145019531,0.26666666666666666
2013-09-08,08:24:31,4.2,12.799911499023436,0
2013-09-08,08:29:31,4.2,13.06658426920573,0.06666666666666668
2013-09-08,08:34:31,6.133333333333334,24.266560872395836,0
2013-09-08,08:39:31,4.333333333333333,38.53326161702474,0
2013-09-08,08:44:31,4.2,17.93323516845703,0.06666666666666668
2013-09-08,08:49:31,4.133333333333333,12.799911499023436,0.13333333333333333
2013-09-08,08:54:31,4.133333333333333,12.46657053629557,0
2013-09-08,08:59:31,4.133333333333333,13.533261617024738,0.06666666666666668
2013-09-08,09:04:31,4.333333333333333,12.533238728841145,0.8
2013-09-08,09:09:31,4.2,10.066515604654947,0.26666666666666666
2013-09-08,09:14:31,4.2,12.46657053629557,0.6666666666666666
2013-09-08,09:19:31,4.2,10.933202107747398,0.3333333333333333
2013-09-08,09:24:31,4.2,9.13323720296224,0
2013-09-08,09:29:31,4.133333333333333,9.59991455078125,0.4
2013-09-08,09:34:31,4.2,11.199874877929688,0.06666666666666668
2013-09-08,09:39:31,4.4,11.066525777180992,0.13333333333333333
2013-09-08,09:44:31,4.2,15.466537475585938,0.2
2013-09-08,09:49:31,4.2,10.399856567382812,0.06666666666666668
2013-09-08,09:54:31,4.2,9.933268229166666,0.06666666666666668
2013-09-08,09:59:31,4.2,8.866551717122396,0
2013-09-08,10:04:31,4.333333333333333,8.333257039388021,0.7333333333333333
2013-09-08,10:09:31,4.2,9.799880981445312,0.2
2013-09-08,10:14:32,4.2,10.599873860677084,0.06666666666666668
2013-09-08,10:19:32,4.133333333333333,11.399917602539062,0.26666666666666666
2013-09-08,10:24:32,4.2,10.599861145019531,0.06666666666666668
2013-09-08,10:29:32,4.2,10.399856567382812,0
2013-09-08,10:34:32,4.133333333333333,10.86653391520182,0.13333333333333333
2013-09-08,10:39:32,4.4,11.999931335449219,0.26666666666666666
2013-09-08,10:44:32,4.2,13.199882507324217,0.4
2013-09-08,10:49:32,4.2,9.733174641927084,0.3333333333333333
2013-09-08,10:54:32,4.2,11.999893188476562,0.26666666666666666
2013-09-08,10:59:32,4.2,9.999847412109375,0
2013-09-08,11:04:32,4.4,11.266568501790367,0.26666666666666666
2013-09-08,11:09:32,4.2,12.199897766113281,0.4666666666666667
2013-09-08,11:14:32,4.133333333333333,10.999870300292969,0.26666666666666666
2013-09-08,11:19:32,4.066666666666666,11.86658223470052,0.2
2013-09-08,11:24:32,4.2,11.133206685384113,0.06666666666666668
2013-09-08,11:29:32,4.133333333333333,11.333211263020832,0
2013-09-08,11:34:32,4.133333333333333,9.866511027018229,0.13333333333333333
2013-09-08,11:39:32,4.4,12.199885050455727,0.26666666666666666
2013-09-08,11:44:32,4.133333333333333,13.733215332031252,0.13333333333333333
2013-09-08,11:49:32,4.133333333333333,11.266543070475258,0.13333333333333333
2013-09-08,11:54:32,4.133333333333333,10.199877421061196,0
2013-09-08,11:59:32,4.2,9.799880981445312,0.06666666666666668
2013-09-08,12:04:33,4.266666666666667,11.933224995930992,0.2
2013-09-08,12:09:33,4.133333333333333,10.066515604654947,0.2
2013-09-08,12:14:33,4.2,9.999923706054688,0.13333333333333333
2013-09-08,12:19:33,4.2,11.066551208496094,0.2
2013-09-08,12:24:33,4.2,9.933242797851562,0.5333333333333333
2013-09-08,12:29:33,4.2,9.999885559082031,0.3333333333333333
2013-09-08,12:34:33,4.2,11.999893188476562,0.3333333333333333
2013-09-08,12:39:33,4.4,11.666552225748696,0.26666666666666666
2013-09-08,12:44:33,4.133333333333333,9.933179219563803,0.06666666666666668
2013-09-08,12:49:33,4.066666666666666,9.799880981445312,0.06666666666666668
2013-09-08,12:54:33,4.2,9.733174641927084,0.2
2013-09-08,12:59:33,4.133333333333333,11.666552225748696,0.4
2013-09-08,13:04:33,4.333333333333333,12.999916076660156,0.2
2013-09-08,13:09:33,4.2,12.466532389322914,0.2
2013-09-08,13:14:33,4.2,9.733174641927084,0
2013-09-08,13:19:33,4.2,9.399871826171875,0.26666666666666666
2013-09-08,13:24:33,4.2,10.19989013671875,0.06666666666666668
2013-09-08,13:29:33,4.2,11.999893188476562,0.4
2013-09-08,13:34:33,4.133333333333333,12.399864196777344,0
2013-09-08,13:39:33,4.4,12.599906921386719,0.06666666666666668
2013-09-08,13:44:33,4.133333333333333,14.599914550781252,0.06666666666666668
2013-09-08,13:49:33,4.133333333333333,10.79986572265625,0
2013-09-08,13:54:33,4.2,9.599876403808594,0
2013-09-08,13:59:33,4.2,8.399937947591146,0.13333333333333333
2013-09-08,14:04:33,4.4,10.999870300292969,0.2
2013-09-08,14:09:33,4.2,9.199905395507812,0.4666666666666667
2013-09-08,14:14:33,4.133333333333333,8.733240763346354,0.8
2013-09-08,14:19:33,4.2,9.733212788899738,0.8666666666666667
2013-09-08,14:24:33,4.2,9.933179219563803,0
2013-09-08,14:29:33,4.2,12.133191426595054,0.2
2013-09-08,14:34:33,4.2,10.19989013671875,0.13333333333333333
2013-09-08,14:39:33,4.4,11.666552225748696,0
2013-09-08,14:44:33,4.2,13.333257039388025,0.13333333333333333
2013-09-08,14:49:33,4.2,11.733220418294273,0.4
2013-09-08,14:54:33,4.2,9.79986826578776,0.06666666666666668
2013-09-08,14:59:33,4.2,11.266555786132812,0.06666666666666668
2013-09-08,15:04:33,4.266666666666667,8.733291625976562,0.2
2013-09-08,15:09:33,4.2,9.333241780598957,0.13333333333333333
2013-09-08,15:14:33,4.133333333333333,8.933181762695312,0.4666666666666667
2013-09-08,15:19:34,4.2,8.333231608072916,0.3333333333333333
2013-09-08,15:24:34,4.2,9.799906412760414,0.06666666666666668
2013-09-08,15:29:34,4.2,10.0665283203125,0
2013-09-08,15:34:34,4.2,10.799878438313804,0
2013-09-08,15:39:34,4.333333333333333,9.7332763671875,0
2013-09-08,15:44:34,4.2,13.799896240234375,0.3333333333333333
2013-09-08,15:49:34,4.2,10.466524759928383,0.26666666666666666
2013-09-08,15:54:34,4.2,13.333218892415363,0.06666666666666668
2013-09-08,15:59:34,4.2,11.266543070475258,0.13333333333333333
2013-09-08,16:04:34,4.4,10.533192952473959,0.26666666666666666
2013-09-08,16:09:34,4.2,9.533182779947916,0.4
2013-09-08,16:14:34,4.2,9.199867248535156,0.06666666666666668
2013-09-08,16:19:34,4.2,9.999885559082031,0.6
2013-09-08,16:24:34,4.2,7.666613260904947,0.4
2013-09-08,16:29:34,4.2,11.999855041503906,0.06666666666666668
2013-09-08,16:34:34,4.133333333333333,10.199851989746094,0.06666666666666668
2013-09-08,16:39:34,4.4,9.599901835123697,0.06666666666666668
2013-09-08,16:44:34,4.066666666666666,13.399887084960938,0
2013-09-08,16:49:34,4.2,9.199867248535156,0.13333333333333333
2013-09-08,16:54:34,4.2,8.999862670898438,0
2013-09-08,16:59:34,4.2,12.266565958658852,0
2013-09-08,17:04:34,4.333333333333333,10.79986572265625,0.3333333333333333
2013-09-08,17:09:34,4.2,10.86653391520182,0.4666666666666667
2013-09-08,17:14:34,4.2,11.933224995930992,0.06666666666666668
2013-09-08,17:19:34,4.2,9.399859110514322,0.26666666666666666
2013-09-08,17:24:34,4.2,11.999855041503906,0.06666666666666668
2013-09-08,17:29:34,4.2,11.599884033203125,0.3333333333333333
2013-09-08,17:34:34,4.2,12.199897766113281,0
2013-09-08,17:39:34,4.333333333333333,12.599906921386719,0.3333333333333333
2013-09-08,17:44:34,4.2,13.733228047688806,0.06666666666666668
2013-09-08,17:49:35,4.133333333333333,8.933232625325521,0.06666666666666668
2013-09-08,17:54:35,4.133333333333333,9.333203633626303,0.3333333333333333
2013-09-08,17:59:35,4.2,10.533192952473959,0.4
2013-09-08,18:04:35,4.333333333333333,8.73327891031901,0.26666666666666666
2013-09-08,18:09:35,4.133333333333333,9.399859110514322,0.13333333333333333
2013-09-08,18:14:35,4.2,10.13318379720052,0.06666666666666668
2013-09-08,18:19:35,4.133333333333333,10.599899291992188,0.6
2013-09-08,18:24:35,4.2,10.066566467285156,0.06666666666666668
2013-09-08,18:29:35,4.133333333333333,8.999913533528646,0.06666666666666668
2013-09-08,18:34:35,4.133333333333333,10.666592915852863,0.06666666666666668
2013-09-08,18:39:35,4.4,11.533215840657554,0.06666666666666668
2013-09-08,18:44:35,4.2,11.599884033203125,0
2013-09-08,18:49:35,4.133333333333333,9.266573588053385,0.06666666666666668
2013-09-08,18:54:35,4.2,10.9332275390625,0.3333333333333333
2013-09-08,18:59:35,4.2,10.199851989746094,0.06666666666666668
2013-09-08,19:04:35,4.133333333333333,10.733197530110678,0.2
2013-09-08,19:09:35,4.2,8.599853515625,0.5333333333333333
2013-09-08,19:14:35,4.133333333333333,10.533231099446615,0.3333333333333333
2013-09-08,19:19:35,4.2,11.199874877929688,0.26666666666666666
2013-09-08,19:24:35,4.133333333333333,11.199874877929688,0
2013-09-08,19:29:35,4.2,9.999847412109375,0
2013-09-08,19:34:36,4.2,9.199930826822916,0.5333333333333333
2013-09-08,19:39:36,4.4,9.866549173990885,0.4
2013-09-08,19:44:36,4.2,12.39990234375,0
2013-09-08,19:49:36,4.133333333333333,10.599899291992188,0
2013-09-08,19:54:36,4.2,10.19989013671875,0.06666666666666668
2013-09-08,19:59:36,4.2,8.933270772298176,0.06666666666666668
2013-09-08,20:04:36,4.333333333333333,7.799949645996093,0.2
2013-09-08,20:09:36,4.2,10.133196512858072,0.26666666666666666
2013-09-08,20:14:36,4.2,7.933247884114582,0.4666666666666667
2013-09-08,20:19:36,4.2,10.199851989746094,0.26666666666666666
2013-09-08,20:24:36,4.2,11.866556803385414,0.06666666666666668
2013-09-08,20:29:36,4.2,13.66652170817057,0
2013-09-08,20:34:36,4.2,10.266520182291666,0
2013-09-08,20:39:36,4.4,10.533243815104166,0.06666666666666668
2013-09-08,20:44:36,4.2,14.733238220214846,0.5333333333333333
2013-09-08,20:49:36,4.133333333333333,9.533170064290365,0.4666666666666667
2013-09-08,20:54:36,4.133333333333333,9.866549173990885,0
2013-09-08,20:59:36,4.2,10.733197530110678,0
2013-09-08,21:04:36,4.4,10.399856567382812,0.4666666666666667
2013-09-08,21:09:36,4.2,10.666529337565104,0.2
2013-09-08,21:14:36,4.2,9.999898274739584,0
2013-09-08,21:19:36,4.133333333333333,9.133224487304688,0.26666666666666666
2013-09-08,21:24:36,4.133333333333333,9.533182779947916,0.3333333333333333
2013-09-08,21:29:36,4.2,11.066551208496094,0.06666666666666668
2013-09-08,21:34:36,4.133333333333333,9.866612752278646,0.3333333333333333
2013-09-08,21:39:36,4.4,10.199928283691406,0.13333333333333333
2013-09-08,21:44:36,4.133333333333333,13.399887084960938,0.06666666666666668
2013-09-08,21:49:36,4.2,10.266520182291666,0.06666666666666668
2013-09-08,21:54:36,4.2,9.13323720296224,0
2013-09-08,21:59:36,4.2,9.466540018717447,0
2013-09-08,22:04:36,4.2,9.999885559082031,0.2
2013-09-08,22:09:37,4.133333333333333,11.999931335449219,0.4666666666666667
2013-09-08,22:14:37,4.2,10.79986572265625,0.4
2013-09-08,22:19:36,4.2,10.999870300292969,0.8
2013-09-08,22:24:36,4.133333333333333,11.399879455566406,0.26666666666666666
2013-09-08,22:29:36,4.2,11.399917602539062,0.2
2013-09-08,22:34:36,4.2,9.666595458984375,0
2013-09-08,22:39:36,4.4,12.599906921386719,0.06666666666666668
2013-09-08,22:44:36,4.2,12.799911499023436,0.06666666666666668
2013-09-08,22:49:36,4.2,9.066530863444008,0
2013-09-08,22:54:36,4.2,8.599967956542969,0.26666666666666666
2013-09-08,22:59:36,4.133333333333333,8.999900817871094,0
2013-09-08,23:04:36,4.266666666666667,9.33325449625651,0.2
2013-09-08,23:09:36,4.066666666666666,9.999885559082031,0.13333333333333333
2013-09-08,23:14:36,4.133333333333333,9.999885559082031,0.8666666666666667
2013-09-08,23:19:36,4.2,8.466618855794271,0.3333333333333333
2013-09-08,23:24:36,4.2,10.399869283040365,0.6
2013-09-08,23:29:36,4.2,14.19990539550781,0
2013-09-08,23:34:37,4.133333333333333,10.666554768880209,0
2013-09-08,23:39:37,4.333333333333333,8.99993896484375,0
2013-09-08,23:44:37,4.2,12.933222452799475,0.06666666666666668
2013-09-08,23:49:37,4.133333333333333,9.866536458333332,0.06666666666666668
2013-09-08,23:54:37,6.133333333333334,29.79989369710287,0
2013-09-08,23:59:37,4.2,29.86657460530599,0.3333333333333333
2013-09-09,00:04:37,4.333333333333333,16.13325754801432,0.4
2013-09-09,00:09:37,4.2,13.466542561848957,0.2
2013-09-09,00:14:37,4.2,11.066551208496094,0.3333333333333333
2013-09-09,00:19:37,4.2,10.733197530110678,0.5333333333333333
2013-09-09,00:24:37,4.2,10.733197530110678,0
2013-09-09,00:29:37,4.2,10.399945576985676,0.4666666666666667
2013-09-09,00:34:37,4.066666666666666,8.466542561848957,0
2013-09-09,00:39:37,4.266666666666667,11.533215840657554,0
2013-09-09,00:44:37,4.133333333333333,12.933209737141926,0
2013-09-09,00:49:37,4.133333333333333,9.533220926920572,0.26666666666666666
2013-09-09,00:54:37,4.133333333333333,8.333295186360678,0
2013-09-09,00:59:37,4.2,9.733238220214844,0.3333333333333333
2013-09-09,01:04:37,4.2,9.133160909016926,0.26666666666666666
2013-09-09,01:09:37,4.2,10.599899291992188,0.13333333333333333
2013-09-09,01:14:37,4.2,9.199905395507812,0.3333333333333333
2013-09-09,01:19:37,5.8,17.599894205729164,0.26666666666666666
2013-09-09,01:24:37,4.133333333333333,16.399879455566406,0.13333333333333333
2013-09-09,01:29:37,4.2,12.866541544596352,0.06666666666666668
2013-09-09,01:34:37,4.133333333333333,12.599906921386719,0.06666666666666668
2013-09-09,01:39:37,4.4,10.533218383789062,0.13333333333333333
2013-09-09,01:44:37,4.2,12.39990234375,0.06666666666666668
2013-09-09,01:49:37,4.133333333333333,11.199874877929688,0
2013-09-09,01:54:37,4.2,10.599861145019531,0.4
2013-09-09,01:59:38,4.133333333333333,12.399864196777344,0.26666666666666666
2013-09-09,02:04:38,4.4,10.199851989746094,1.0
2013-09-09,02:09:38,4.133333333333333,11.133206685384113,0.13333333333333333
2013-09-09,02:14:38,4.066666666666666,11.533215840657554,0.26666666666666666
2013-09-09,02:19:38,4.2,9.866536458333332,0.3333333333333333
2013-09-09,02:24:38,4.2,8.799896240234375,0.13333333333333333
2013-09-09,02:29:38,4.2,9.333229064941406,0
2013-09-09,02:34:38,4.2,8.799972534179688,0
2013-09-09,02:39:38,4.4,11.266555786132812,0.06666666666666668
2013-09-09,02:44:38,4.133333333333333,13.06658426920573,0
2013-09-09,02:49:38,4.133333333333333,11.333211263020832,0.4
2013-09-09,02:54:38,4.133333333333333,8.933181762695312,0
2013-09-09,02:59:38,4.2,9.19989267985026,0.26666666666666666
2013-09-09,03:04:38,4.2,9.999923706054688,0.2
2013-09-09,03:09:38,4.2,9.533259073893227,0.26666666666666666
2013-09-09,03:14:38,4.2,11.666577657063804,0
2013-09-09,03:19:38,4.133333333333333,12.33320871988932,0.26666666666666666
2013-09-09,03:24:38,4.2,10.333188374837238,0.13333333333333333
2013-09-09,03:29:38,4.2,11.266543070475258,0.06666666666666668
2013-09-09,03:34:38,4.133333333333333,9.866523742675781,0.13333333333333333
2013-09-09,03:39:38,4.4,9.86657460530599,0.6666666666666666
2013-09-09,03:44:38,4.133333333333333,12.39990234375,0.13333333333333333
2013-09-09,03:49:38,4.133333333333333,11.933186848958336,0.06666666666666668
2013-09-09,03:54:38,4.133333333333333,8.866564432779947,0.6
2013-09-09,03:59:38,4.2,9.999885559082031,0
2013-09-09,04:04:38,4.266666666666667,11.066551208496094,0.2
2013-09-09,04:09:38,4.2,10.399894714355469,0.2
2013-09-09,04:14:38,4.133333333333333,10.199851989746094,0.06666666666666668
2013-09-09,04:19:38,4.133333333333333,11.399879455566406,0.26666666666666666
2013-09-09,04:24:38,4.2,9.799880981445312,0.2
2013-09-09,04:29:38,4.2,8.799896240234375,0
2013-09-09,04:34:38,4.2,9.1998291015625,0
2013-09-09,04:39:38,4.4,9.999923706054688,0.3333333333333333
2013-09-09,04:44:39,4.133333333333333,12.599906921386719,0.3333333333333333
2013-09-09,04:49:39,4.2,8.199882507324219,0
2013-09-09,04:54:39,4.133333333333333,10.399894714355469,0.06666666666666668
2013-09-09,04:59:39,4.2,10.79986572265625,0
2013-09-09,05:04:39,4.333333333333333,9.666531880696615,0.3333333333333333
2013-09-09,05:09:39,4.2,9.866536458333332,0.26666666666666666
2013-09-09,05:14:39,4.133333333333333,10.266558329264322,0.06666666666666668
2013-09-09,05:19:39,4.133333333333333,9.999847412109375,0.26666666666666666
2013-09-09,05:24:39,4.2,8.266588846842447,0.13333333333333333
2013-09-09,05:29:39,4.2,10.599861145019531,0.13333333333333333
2013-09-09,05:34:39,4.2,11.599884033203125,0.26666666666666666
2013-09-09,05:39:39,4.4,9.799842834472656,0.4
2013-09-09,05:44:39,4.2,12.133229573567707,0.8
2013-09-09,05:49:39,4.2,9.599838256835938,0.06666666666666668
2013-09-09,05:54:39,4.133333333333333,8.666559855143227,0
2013-09-09,05:59:39,4.2,10.599899291992188,0.06666666666666668
2013-09-09,06:04:39,4.266666666666667,11.799888610839844,0.26666666666666666
2013-09-09,06:09:39,4.133333333333333,10.666542053222656,0.2
2013-09-09,06:14:39,4.133333333333333,9.333267211914062,0.13333333333333333
2013-09-09,06:19:39,4.2,9.199905395507812,0.5333333333333333
2013-09-09,06:24:39,4.2,12.333234151204426,0.3333333333333333
2013-09-09,06:29:39,4.2,11.06653849283854,0.06666666666666668
2013-09-09,06:34:39,4.133333333333333,9.933217366536457,0
2013-09-09,06:39:39,4.4,12.866579691569008,0.06666666666666668
2013-09-09,06:44:39,4.2,13.133252461751303,0
2013-09-09,06:49:39,4.066666666666666,9.866511027018229,0
2013-09-09,06:54:39,4.133333333333333,9.733187357584635,0.2
2013-09-09,06:59:40,4.2,8.866628011067707,0.13333333333333333
2013-09-09,07:04:40,4.4,9.266573588053385,0.2
2013-09-09,07:09:40,4.2,8.399887084960938,0.2
2013-09-09,07:14:40,4.2,9.59991455078125,0.26666666666666666
2013-09-09,07:19:40,4.2,8.599929809570312,0.26666666666666666
2013-09-09,07:24:39,4.133333333333333,9.466565450032551,0.06666666666666668
2013-09-09,07:29:39,4.2,10.799903869628906,0.06666666666666668
2013-09-09,07:34:39,4.2,10.466537475585938,0.6
2013-09-09,07:39:39,4.4,10.46655019124349,0.6666666666666666
2013-09-09,07:44:39,4.2,11.7999267578125,0
2013-09-09,07:49:39,4.2,10.999870300292969,0.26666666666666666
2013-09-09,07:54:39,4.2,10.86653391520182,0.26666666666666666
2013-09-09,07:59:39,4.2,9.266560872395834,0
2013-09-09,08:04:39,4.266666666666667,8.199920654296875,0.2
2013-09-09,08:09:39,4.2,8.466593424479168,0.13333333333333333
2013-09-09,08:14:40,4.133333333333333,8.799896240234375,0
2013-09-09,08:19:40,4.2,11.266568501790367,0.6
2013-09-09,08:24:40,4.133333333333333,11.399879455566406,0
2013-09-09,08:29:40,4.2,11.999855041503906,0.26666666666666666
2013-09-09,08:34:40,4.2,11.599884033203125,0
2013-09-09,08:39:40,4.4,10.399920145670572,0.13333333333333333
2013-09-09,08:44:40,4.2,12.999916076660156,0.06666666666666668
2013-09-09,08:49:40,4.133333333333333,10.733197530110678,0
2013-09-09,08:54:40,4.066666666666666,12.599868774414064,0.06666666666666668
2013-09-09,08:59:40,4.133333333333333,9.933204650878906,0
2013-09-09,09:04:40,4.333333333333333,9.799919128417969,0.6666666666666666
2013-09-09,09:09:40,4.133333333333333,10.266558329264322,0.4
2013-09-09,09:14:40,4.066666666666666,9.533220926920572,0
2013-09-09,09:19:40,4.2,11.733220418294273,0.3333333333333333
2013-09-09,09:24:40,4.2,12.133229573567707,0.6
2013-09-09,09:29:40,4.2,11.733220418294273,0.4666666666666667
2013-09-09,09:34:40,4.133333333333333,11.399879455566406,0.06666666666666668
2013-09-09,09:39:40,4.4,11.599884033203125,0.06666666666666668
2013-09-09,09:44:40,4.133333333333333,12.333221435546875,0.06666666666666668
2013-09-09,09:49:40,4.2,10.13318379720052,0
2013-09-09,09:54:40,4.133333333333333,11.333211263020832,0.26666666666666666
2013-09-09,09:59:40,4.2,9.399871826171875,0
2013-09-09,10:04:40,4.333333333333333,10.933202107747398,0.3333333333333333
2013-09-09,10:09:40,4.2,11.06653849283854,0.2
2013-09-09,10:14:40,4.133333333333333,11.399879455566406,0
2013-09-09,10:19:40,4.133333333333333,8.933270772298176,0.26666666666666666
2013-09-09,10:24:41,4.2,11.066576639811196,0.13333333333333333
2013-09-09,10:29:41,4.2,11.06653849283854,0.06666666666666668
2013-09-09,10:34:41,4.2,10.13318379720052,0.2
2013-09-09,10:39:41,4.4,12.066561381022133,0
2013-09-09,10:44:41,4.333333333333333,12.39990234375,0.06666666666666668
2013-09-09,10:49:41,4.2,10.933202107747398,0.06666666666666668
2013-09-09,10:54:41,4.2,9.066530863444008,0
2013-09-09,10:59:41,4.2,9.866549173990885,0.26666666666666666
2013-09-09,11:04:41,4.4,10.399881998697916,1.2
2013-09-09,11:09:41,4.2,12.599906921386719,0.2
2013-09-09,11:14:41,4.2,11.399879455566406,0.3333333333333333
2013-09-09,11:19:41,4.266666666666667,12.666536966959633,0.4666666666666667
2013-09-09,11:24:41,4.2,10.199851989746094,0.06666666666666668
2013-09-09,11:29:41,4.2,10.79986572265625,0
2013-09-09,11:34:41,4.2,9.466565450032551,0
2013-09-09,11:39:41,4.4,11.533215840657554,0.2
2013-09-09,11:44:41,4.2,14.599914550781252,0.26666666666666666
2013-09-09,11:49:41,4.2,10.79986572265625,0.06666666666666668
2013-09-09,11:54:41,4.2,10.19989013671875,0
2013-09-09,11:59:41,4.2,10.266532897949219,0.06666666666666668
2013-09-09,12:04:41,4.466666666666667,9.866511027018229,0.6
2013-09-09,12:09:42,4.266666666666667,10.133234659830729,0.13333333333333333
2013-09-09,12:14:42,4.266666666666667,9.666544596354166,0.2
2013-09-09,12:19:42,4.2,10.533218383789062,0.26666666666666666
2013-09-09,12:24:42,4.2,10.599899291992188,0.06666666666666668
2013-09-09,12:29:42,4.133333333333333,7.266642252604166,0.06666666666666668
2013-09-09,12:34:42,4.2,9.733250935872396,0.6666666666666666
2013-09-09,12:39:42,4.4,9.999898274739584,0.13333333333333333
2013-09-09,12:44:42,4.2,13.533223470052084,0.3333333333333333
2013-09-09,12:49:42,4.2,11.533215840657554,0.13333333333333333
2013-09-09,12:54:42,4.2,10.999870300292969,0.7333333333333333
2013-09-09,12:59:42,4.2,8.733253479003906,0
2013-09-09,13:04:42,4.333333333333333,8.933232625325521,0.26666666666666666
2013-09-09,13:09:42,4.2,8.333231608072916,0.2
2013-09-09,13:14:42,4.2,9.733187357584635,0.13333333333333333
2013-09-09,13:19:42,4.2,11.333223978678383,0.26666666666666666
2013-09-09,13:24:42,4.2,12.9998779296875,0.06666666666666668
2013-09-09,13:29:42,4.2,13.866602579752602,0
2013-09-09,13:34:42,4.2,10.266596476236979,0.26666666666666666
2013-09-09,13:39:42,4.4,12.39990234375,0
2013-09-09,13:44:42,4.2,13.93323262532552,0.2
2013-09-09,13:49:42,4.2,10.066515604654947,0.3333333333333333
2013-09-09,13:54:42,4.2,9.733212788899738,0
2013-09-09,13:59:42,6.2666666666666675,37.26654052734375,0.26666666666666666
2013-09-09,14:04:42,4.4,19.99988555908203,0.2
2013-09-09,14:09:42,4.266666666666667,14.19994354248047,0.26666666666666666
2013-09-09,14:14:42,4.2,10.599861145019531,0.6
2013-09-09,14:19:42,4.2,10.399856567382812,0.4
2013-09-09,14:24:42,4.266666666666667,9.199905395507812,0
2013-09-09,14:29:42,4.2,12.533238728841145,1.2666666666666666
2013-09-09,14:34:42,4.266666666666667,10.399856567382812,0.2
2013-09-09,14:39:42,4.4,9.59991455078125,0.13333333333333333
2013-09-09,14:44:42,4.2,14.399909973144531,0.13333333333333333
2013-09-09,14:49:42,4.2,10.399856567382812,0.06666666666666668
2013-09-09,14:54:42,4.2,10.533192952473959,0.3333333333333333
2013-09-09,14:59:43,4.2,9.066518147786457,0.3333333333333333
2013-09-09,15:04:43,4.4,10.399856567382812,0.26666666666666666
2013-09-09,15:09:43,4.2,10.79986572265625,0.13333333333333333
2013-09-09,15:14:43,4.2,9.733174641927084,0.13333333333333333
2013-09-09,15:19:43,4.2,10.86653391520182,0.26666666666666666
2013-09-09,15:24:43,4.2,8.866564432779947,0.8
2013-09-09,15:29:43,4.266666666666667,8.06664784749349,0
2013-09-09,15:34:43,4.2,8.399899800618488,0.2
2013-09-09,15:39:43,4.533333333333333,11.13325754801432,0.3333333333333333
2013-09-09,15:44:43,4.2,14.133262634277344,0.13333333333333333
2013-09-09,15:49:43,4.2,11.933224995930992,0
2013-09-09,15:54:43,4.2,8.466542561848957,0.06666666666666668
2013-09-09,15:59:43,4.2,7.666625976562499,0.3333333333333333
2013-09-09,16:04:43,4.333333333333333,9.666557312011719,0.8666666666666667
2013-09-09,16:09:43,4.2,10.599912007649738,0.6666666666666666
2013-09-09,16:14:43,4.266666666666667,12.133255004882812,0.13333333333333333
2013-09-09,16:19:43,4.266666666666667,10.533192952473959,0.26666666666666666
2013-09-09,16:24:43,4.2,9.466540018717447,0.13333333333333333
2013-09-09,16:29:43,4.333333333333333,11.599884033203125,0
2013-09-09,16:34:43,4.333333333333333,10.733197530110678,0.4
2013-09-09,16:39:43,4.4,11.733220418294273,0
2013-09-09,16:44:43,4.466666666666667,13.066546122233069,0.13333333333333333
2013-09-09,16:49:43,5.066666666666666,12.066561381022133,0
2013-09-09,16:54:43,4.4,11.799888610839844,0.3333333333333333
2013-09-09,16:59:43,4.333333333333333,11.599884033203125,0
2013-09-09,17:04:43,4.466666666666667,9.799842834472656,0.7333333333333333
2013-09-09,17:09:43,4.266666666666667,9.933191935221354,0.6
2013-09-09,17:14:43,4.2,9.399909973144531,0
2013-09-09,17:19:43,4.2,10.599861145019531,0.26666666666666666
2013-09-09,17:24:43,4.2,10.466562906901041,0.06666666666666668
2013-09-09,17:29:43,4.2,10.999870300292969,0.06666666666666668
2013-09-09,17:34:43,4.266666666666667,9.399909973144531,0.06666666666666668
2013-09-09,17:39:43,4.533333333333333,10.599861145019531,1.0666666666666669
2013-09-09,17:44:43,4.2,13.599891662597658,0.13333333333333333
2013-09-09,17:49:43,4.2,11.599884033203125,0.06666666666666668
2013-09-09,17:54:43,4.266666666666667,10.199851989746094,0.6
2013-09-09,17:59:43,4.333333333333333,12.066561381022133,0.26666666666666666
2013-09-09,18:04:43,4.4,9.466578165690104,0.8
2013-09-09,18:09:43,4.4,10.066515604654947,0.2
2013-09-09,18:14:43,4.2,11.399879455566406,0
2013-09-09,18:19:43,4.4,9.799906412760414,0.26666666666666666
2013-09-09,18:24:43,4.2,9.266548156738281,0.06666666666666668
2013-09-09,18:29:43,4.266666666666667,11.999905904134113,0.13333333333333333
2013-09-09,18:34:43,4.2,12.866579691569008,0.06666666666666668
2013-09-09,18:39:43,4.4,12.46657053629557,0.13333333333333333
2013-09-09,18:44:43,4.2,12.9998779296875,0
2013-09-09,18:49:43,4.2,10.199864705403645,0
2013-09-09,18:54:44,4.2,10.9332275390625,0.26666666666666666
2013-09-09,18:59:44,4.2,10.266520182291666,0
2013-09-09,19:04:44,4.266666666666667,12.066561381022133,0.26666666666666666
2013-09-09,19:09:44,4.133333333333333,11.466547648111977,0.4
2013-09-09,19:14:44,4.133333333333333,10.733197530110678,0.26666666666666666
2013-09-09,19:19:44,4.2,9.933217366536457,0.26666666666666666
2013-09-09,19:24:44,4.2,9.19989267985026,0.06666666666666668
2013-09-09,19:29:44,4.2,10.999870300292969,0.6
2013-09-09,19:34:44,4.2,10.533192952473959,0.13333333333333333
2013-09-09,19:39:44,4.4,11.333236694335938,0.4
2013-09-09,19:44:44,4.2,13.133252461751303,0.06666666666666668
2013-09-09,19:49:44,4.2,10.13318379720052,0
2013-09-09,19:54:44,4.133333333333333,9.133211771647135,0.4
2013-09-09,19:59:44,4.2,9.666544596354166,0.06666666666666668
2013-09-09,20:04:44,4.4,10.199851989746094,0.3333333333333333
2013-09-09,20:09:44,4.2,9.999961853027344,0.13333333333333333
2013-09-09,20:14:44,4.133333333333333,12.39990234375,0.06666666666666668
2013-09-09,20:19:44,4.2,12.133229573567707,0.3333333333333333
2013-09-09,20:24:44,4.2,12.999916076660156,0.06666666666666668
2013-09-09,20:29:44,4.2,10.599861145019531,0.06666666666666668
2013-09-09,20:34:44,4.133333333333333,10.066515604654947,0
2013-09-09,20:39:44,4.4,12.866579691569008,0
2013-09-09,20:44:44,4.133333333333333,14.599914550781252,0.26666666666666666
2013-09-09,20:49:44,4.2,8.399887084960938,0.26666666666666666
2013-09-09,20:54:44,4.2,10.333188374837238,0.06666666666666668
2013-09-09,20:59:44,4.2,11.399917602539062,0
2013-09-09,21:04:44,4.6,10.399856567382812,0.8
2013-09-09,21:09:44,4.533333333333333,11.199874877929688,0.26666666666666666
2013-09-09,21:14:44,4.333333333333333,10.399856567382812,0.06666666666666668
2013-09-09,21:19:44,4.533333333333333,9.333203633626303,0.26666666666666666
2013-09-09,21:24:44,4.266666666666667,11.266543070475258,0.3333333333333333
2013-09-09,21:29:44,4.2,10.79986572265625,0.06666666666666668
2013-09-09,21:34:44,4.2,10.199851989746094,0.13333333333333333
2013-09-09,21:39:44,4.6,10.79986572265625,0.06666666666666668
2013-09-09,21:44:44,4.266666666666667,11.466573079427086,0.2
2013-09-09,21:49:45,4.2,8.399912516276041,0.26666666666666666
2013-09-09,21:54:45,4.266666666666667,11.666552225748696,0.06666666666666668
2013-09-09,21:59:45,4.266666666666667,9.533170064290365,0.06666666666666668
2013-09-09,22:04:45,4.4,9.066505432128906,0.2
2013-09-09,22:09:45,4.2,9.19989267985026,0.2
2013-09-09,22:14:45,4.133333333333333,9.199905395507812,0.3333333333333333
2013-09-09,22:19:45,4.266666666666667,9.266573588053385,0.6
2013-09-09,22:24:45,4.2,9.799842834472656,0.26666666666666666
2013-09-09,22:29:45,4.2,11.133219401041664,0
2013-09-09,22:34:45,4.2,9.399909973144531,0
2013-09-09,22:39:45,4.4,10.99989573160807,0.6666666666666666
2013-09-09,22:44:45,4.2,12.199897766113281,0
2013-09-09,22:49:45,4.2,11.133219401041664,0
2013-09-09,22:54:45,4.2,8.599929809570312,0.06666666666666668
2013-09-09,22:59:45,4.266666666666667,9.19989267985026,0.3333333333333333
2013-09-09,23:04:45,4.4,10.599861145019531,0.4
2013-09-09,23:09:45,4.2,8.999900817871094,0.13333333333333333
2013-09-09,23:14:45,4.2,11.39989217122396,0.13333333333333333
2013-09-09,23:19:45,4.2,10.599899291992188,0.6
2013-09-09,23:24:45,4.2,8.733266194661459,0.06666666666666668
2013-09-09,23:29:45,4.2,11.199913024902344,0.13333333333333333
2013-09-09,23:34:45,4.2,11.799888610839844,0.13333333333333333
2013-09-09,23:39:45,4.466666666666667,12.9998779296875,0.06666666666666668
2013-09-09,23:44:45,4.2,13.199920654296877,0
2013-09-09,23:49:45,4.2,11.799888610839844,0.26666666666666666
2013-09-09,23:54:45,4.2,10.399856567382812,0.4
2013-09-09,23:59:45,4.2,9.799842834472656,0.2
2013-09-10,00:04:45,4.4,9.933255513509115,0.2
2013-09-10,00:09:45,4.2,11.333211263020832,0.13333333333333333
2013-09-10,00:14:45,4.2,12.866579691569008,0.6
2013-09-10,00:19:45,4.2,11.799888610839844,0.3333333333333333
2013-09-10,00:24:45,4.2,11.39984130859375,0
2013-09-10,00:29:45,4.2,9.266560872395834,0
2013-09-10,00:34:45,4.2,9.666595458984375,0.3333333333333333
2013-09-10,00:39:45,4.4,12.533238728841145,0
2013-09-10,00:44:46,4.2,15.933240254720053,0.06666666666666668
2013-09-10,00:49:46,4.2,12.333234151204426,0.13333333333333333
2013-09-10,00:54:46,4.2,11.266543070475258,0.6666666666666666
2013-09-10,00:59:46,4.2,9.799919128417969,0.13333333333333333
2013-09-10,01:04:46,4.4,8.599929809570312,0.26666666666666666
2013-09-10,01:09:46,4.2,9.666519165039062,0.2
2013-09-10,01:14:46,4.2,9.999847412109375,0.13333333333333333
2013-09-10,01:19:46,5.8,19.399884541829426,0.26666666666666666
2013-09-10,01:24:46,4.2,21.533241271972656,0.13333333333333333
2013-09-10,01:29:46,4.333333333333333,12.599906921386719,0.06666666666666668
2013-09-10,01:34:46,4.266666666666667,11.199874877929688,0.6666666666666666
2013-09-10,01:39:45,4.4,10.733197530110678,0
2013-09-10,01:44:45,4.2,11.066576639811196,0.13333333333333333
2013-09-10,01:49:45,4.2,8.199920654296875,0
2013-09-10,01:54:45,4.2,9.733187357584635,0.06666666666666668
2013-09-10,01:59:45,4.2,8.799934387207031,0
2013-09-10,02:04:45,4.4,9.799880981445312,0.7333333333333333
2013-09-10,02:09:45,4.2,10.066579182942709,0.13333333333333333
2013-09-10,02:14:46,4.2,8.599891662597656,0.06666666666666668
2013-09-10,02:19:46,4.2,10.399894714355469,0.4
2013-09-10,02:24:46,4.2,11.86659495035807,0.26666666666666666
2013-09-10,02:29:46,4.2,12.799911499023436,0
2013-09-10,02:34:46,4.2,11.599884033203125,0
2013-09-10,02:39:46,4.4,10.866546630859375,0
2013-09-10,02:44:46,4.2,12.999916076660156,0.2
2013-09-10,02:49:46,4.2,9.33319091796875,0
2013-09-10,02:54:46,4.2,11.799888610839844,0.6666666666666666
2013-09-10,02:59:46,4.2,10.666554768880209,0
2013-09-10,03:04:46,4.4,9.333216349283854,0.5333333333333333
2013-09-10,03:09:46,4.266666666666667,10.333226521809896,0.2
2013-09-10,03:14:46,4.2,9.933179219563803,0.26666666666666666
2013-09-10,03:19:46,4.2,8.466580708821615,0.3333333333333333
2013-09-10,03:24:46,4.2,9.533182779947916,0.13333333333333333
2013-09-10,03:29:46,4.133333333333333,8.199920654296875,0
2013-09-10,03:34:46,6.4,40.59991200764974,0
2013-09-10,03:39:46,4.4,24.59991455078125,0
2013-09-10,03:44:46,4.333333333333333,16.86658223470052,0.26666666666666666
2013-09-10,03:49:46,4.2,11.866556803385414,0
2013-09-10,03:54:46,4.2,9.333203633626303,0
2013-09-10,03:59:46,4.2,9.999847412109375,0.4
2013-09-10,04:04:46,4.4,11.799888610839844,0.5333333333333333
2013-09-10,04:09:46,4.333333333333333,10.933202107747398,0.2
2013-09-10,04:14:46,4.2,10.466575622558594,0
2013-09-10,04:19:46,4.2,9.79986826578776,0.3333333333333333
2013-09-10,04:24:46,4.2,11.733220418294273,0.13333333333333333
2013-09-10,04:29:46,4.2,12.066574096679688,0.26666666666666666
2013-09-10,04:34:46,4.133333333333333,8.59991709391276,0.06666666666666668
2013-09-10,04:39:46,4.466666666666667,12.666536966959633,0.13333333333333333
2013-09-10,04:44:46,4.2,13.466593424479164,0.26666666666666666
2013-09-10,04:49:47,4.2,8.933232625325521,0.3333333333333333
2013-09-10,04:54:47,4.2,10.599861145019531,0
2013-09-10,04:59:47,4.266666666666667,9.199905395507812,0.4666666666666667
2013-09-10,05:04:47,4.4,10.666529337565104,0.26666666666666666
2013-09-10,05:09:47,4.2,10.999870300292969,0.2
2013-09-10,05:14:47,4.2,9.999885559082031,0
2013-09-10,05:19:47,4.2,8.799934387207031,0.5333333333333333
2013-09-10,05:24:47,4.2,8.399887084960938,0.13333333333333333
2013-09-10,05:29:47,4.2,7.599945068359375,0
2013-09-10,05:34:47,4.2,8.39996337890625,0
2013-09-10,05:39:47,4.466666666666667,9.599876403808594,0.3333333333333333
2013-09-10,05:44:47,4.133333333333333,12.39990234375,0
2013-09-10,05:49:47,4.2,10.399856567382812,0.26666666666666666
2013-09-10,05:54:47,4.2,7.99994150797526,0.13333333333333333
2013-09-10,05:59:47,4.2,10.199851989746094,0.2
2013-09-10,06:04:47,4.333333333333333,10.533231099446615,0.26666666666666666
2013-09-10,06:09:47,4.2,7.266604105631512,0.2
2013-09-10,06:14:47,4.2,10.733197530110678,0.4
2013-09-10,06:19:47,4.266666666666667,10.599861145019531,0.26666666666666666
2013-09-10,06:24:47,4.2,13.266588846842446,0
2013-09-10,06:29:47,4.2,10.999870300292969,0.26666666666666666
2013-09-10,06:34:47,4.2,11.733220418294273,0.26666666666666666
2013-09-10,06:39:47,4.4,10.999844868977867,0.06666666666666668
2013-09-10,06:44:47,4.2,12.999903361002602,0.5333333333333333
2013-09-10,06:49:47,4.2,9.79986826578776,0.06666666666666668
2013-09-10,06:54:47,4.2,11.93323771158854,0.3333333333333333
2013-09-10,06:59:47,4.2,10.666529337565104,0.13333333333333333
2013-09-10,07:04:47,4.4,10.133196512858072,0.2
2013-09-10,07:09:47,4.2,11.466573079427086,0.2
2013-09-10,07:14:47,4.2,10.333226521809896,0.26666666666666666
2013-09-10,07:19:47,4.2,10.199851989746094,0.26666666666666666
2013-09-10,07:24:48,4.2,10.399856567382812,0
2013-09-10,07:29:48,4.2,12.199897766113281,0.13333333333333333
2013-09-10,07:34:48,4.2,10.799878438313804,0.06666666666666668
2013-09-10,07:39:48,4.466666666666667,13.26655069986979,0.4
2013-09-10,07:44:48,4.2,15.133196512858074,0
2013-09-10,07:49:48,4.2,10.866546630859375,0.06666666666666668
2013-09-10,07:54:48,4.2,9.733250935872396,0.06666666666666668
2013-09-10,07:59:48,4.2,8.733240763346354,0
2013-09-10,08:04:48,4.4,11.599922180175781,0.26666666666666666
2013-09-10,08:09:48,4.2,12.199859619140625,0.26666666666666666
2013-09-10,08:14:48,4.2,10.19989013671875,0
2013-09-10,08:19:48,4.2,10.399894714355469,0.6
2013-09-10,08:24:48,4.2,8.799896240234375,0.5333333333333333
2013-09-10,08:29:48,4.2,9.799880981445312,0
2013-09-10,08:34:48,4.2,8.533248901367188,0.3333333333333333
2013-09-10,08:39:48,4.4,12.39990234375,0.3333333333333333
2013-09-10,08:44:48,4.2,13.399887084960938,0.13333333333333333
2013-09-10,08:49:48,4.2,10.79986572265625,0.3333333333333333
2013-09-10,08:54:48,4.2,10.999908447265625,0.06666666666666668
2013-09-10,08:59:48,4.2,10.933202107747398,0
2013-09-10,09:04:48,4.333333333333333,11.199874877929688,0.3333333333333333
2013-09-10,09:09:48,4.2,11.266543070475258,0.13333333333333333
2013-09-10,09:14:48,4.2,11.733220418294273,0.13333333333333333
2013-09-10,09:19:48,4.2,9.933179219563803,0.26666666666666666
2013-09-10,09:24:48,4.2,11.466547648111977,0.06666666666666668
2013-09-10,09:29:48,4.2,10.599861145019531,0.5333333333333333
2013-09-10,09:34:49,4.2,8.066609700520834,0.2
2013-09-10,09:39:49,4.4,10.99988301595052,0.06666666666666668
2013-09-10,09:44:49,4.2,13.133252461751303,0.13333333333333333
2013-09-10,09:49:49,4.2,11.133206685384113,0.06666666666666668
2013-09-10,09:54:49,4.2,9.933179219563803,0
2013-09-10,09:59:49,4.2,8.333282470703125,0.4
2013-09-10,10:04:49,4.266666666666667,9.399909973144531,0.2
2013-09-10,10:09:49,4.266666666666667,9.06659444173177,0.4666666666666667
2013-09-10,10:14:49,4.2,10.466524759928383,0.3333333333333333
2013-09-10,10:19:49,4.266666666666667,10.79986572265625,0.3333333333333333
2013-09-10,10:24:49,4.2,11.999893188476562,0.4
2013-09-10,10:29:49,4.2,11.599884033203125,0
2013-09-10,10:34:49,4.2,10.599861145019531,0.06666666666666668
2013-09-10,10:39:49,4.4,9.66650644938151,0.3333333333333333
2013-09-10,10:44:49,4.2,9.999885559082031,0.13333333333333333
2013-09-10,10:49:48,4.2,9.866587320963541,0.2
2013-09-10,10:54:48,4.2,11.466547648111977,0.13333333333333333
2013-09-10,10:59:48,4.2,11.199874877929688,0
2013-09-10,11:04:49,4.333333333333333,11.399879455566406,0.5333333333333333
2013-09-10,11:09:49,4.2,9.533182779947916,0.26666666666666666
2013-09-10,11:14:49,4.2,10.46655019124349,0
2013-09-10,11:19:49,4.2,10.19989013671875,0.3333333333333333
2013-09-10,11:24:49,4.2,12.333196004231773,0.06666666666666668
2013-09-10,11:29:49,4.2,12.799873352050781,0.13333333333333333
2013-09-10,11:34:49,4.2,11.466573079427086,0.06666666666666668
2013-09-10,11:39:49,4.6,12.133242289225258,0
2013-09-10,11:44:49,4.333333333333333,14.999961853027344,0.4
2013-09-10,11:49:49,4.2,9.999847412109375,0
2013-09-10,11:54:49,4.2,9.466590881347656,0.06666666666666668
2013-09-10,11:59:49,4.266666666666667,10.133221944173178,0.6
2013-09-10,12:04:49,4.333333333333333,9.066556294759115,0.5333333333333333
2013-09-10,12:09:49,4.333333333333333,9.266586303710938,0.4666666666666667
2013-09-10,12:14:49,4.2,9.13323720296224,0.06666666666666668
2013-09-10,12:19:49,4.2,10.19989013671875,0.4666666666666667
2013-09-10,12:24:49,4.2,11.599884033203125,0
2013-09-10,12:29:49,4.2,10.466562906901041,0.06666666666666668
2013-09-10,12:34:49,4.2,9.799906412760414,0.7333333333333333
2013-09-10,12:39:49,4.4,12.066574096679688,0
2013-09-10,12:44:49,4.2,13.06658426920573,0.06666666666666668
2013-09-10,12:49:49,4.2,10.066515604654947,0.13333333333333333
2013-09-10,12:54:49,4.2,9.999847412109375,0.5333333333333333
2013-09-10,12:59:49,4.2,11.866556803385414,0
2013-09-10,13:04:49,4.333333333333333,11.933224995930992,0.26666666666666666
2013-09-10,13:09:49,4.2,13.199920654296877,0.13333333333333333
2013-09-10,13:14:49,4.2,10.466524759928383,0
2013-09-10,13:19:49,4.266666666666667,10.199851989746094,0.6
2013-09-10,13:24:49,4.2,9.66658274332682,0.13333333333333333
2013-09-10,13:29:50,4.2,9.999860127766926,0.4666666666666667
2013-09-10,13:34:50,4.2,11.466547648111977,0.06666666666666668
2013-09-10,13:39:50,4.4,11.999893188476562,0.06666666666666668
2013-09-10,13:44:50,4.2,12.133229573567707,0.13333333333333333
2013-09-10,13:49:50,4.2,10.666529337565104,0
2013-09-10,13:54:50,4.2,10.86653391520182,0.3333333333333333
2013-09-10,13:59:50,4.2,10.999870300292969,0.13333333333333333
2013-09-10,14:04:50,4.4,9.599838256835938,0.5333333333333333
2013-09-10,14:09:50,4.2,9.59991455078125,0.13333333333333333
2013-09-10,14:14:50,4.2,8.733202616373697,0.2
2013-09-10,14:19:50,4.333333333333333,10.399894714355469,0.6666666666666666
2013-09-10,14:24:50,4.2,9.999885559082031,0.06666666666666668
2013-09-10,14:29:50,4.2,10.399894714355469,0.2
2013-09-10,14:34:50,4.266666666666667,9.999885559082031,0.3333333333333333
2013-09-10,14:39:50,4.533333333333333,9.59991455078125,0.06666666666666668
2013-09-10,14:44:50,4.2,11.799888610839844,0.13333333333333333
2013-09-10,14:49:50,4.2,9.266535441080729,0.2
2013-09-10,14:54:50,4.333333333333333,10.599899291992188,0.6
2013-09-10,14:59:50,4.2,10.33320109049479,0
2013-09-10,15:04:50,4.4,12.066561381022133,0.6
2013-09-10,15:09:50,4.2,12.599906921386719,0.26666666666666666
2013-09-10,15:14:50,4.2,12.333234151204426,0.06666666666666668
2013-09-10,15:19:50,4.2,9.399871826171875,0.4666666666666667
2013-09-10,15:24:50,4.2,12.333196004231773,0
2013-09-10,15:29:50,4.2,10.533192952473959,0
2013-09-10,15:34:50,4.2,10.199851989746094,0
2013-09-10,15:39:50,4.6,9.933179219563803,0.4666666666666667
2013-09-10,15:44:50,4.2,12.466532389322914,0.4
2013-09-10,15:49:50,4.2,9.733174641927084,0
2013-09-10,15:54:50,4.2,10.733222961425781,0
2013-09-10,15:59:50,4.2,10.733248392740885,0.3333333333333333
2013-09-10,16:04:50,4.533333333333333,9.666557312011719,0.4666666666666667
2013-09-10,16:09:50,4.2,8.866640726725258,0.13333333333333333
2013-09-10,16:14:50,4.2,9.999872843424479,0.06666666666666668
2013-09-10,16:19:50,4.333333333333333,12.333234151204426,0.4
2013-09-10,16:24:50,4.333333333333333,10.79986572265625,0.06666666666666668
2013-09-10,16:29:51,4.333333333333333,8.799896240234375,0.26666666666666666
2013-09-10,16:34:51,4.2,10.933202107747398,0.06666666666666668
2013-09-10,16:39:51,4.4,10.999870300292969,0.3333333333333333
2013-09-10,16:44:51,4.266666666666667,11.666552225748696,0.2
2013-09-10,16:49:51,4.2,11.333211263020832,0
2013-09-10,16:54:51,4.2,9.399859110514322,0
2013-09-10,16:59:51,4.266666666666667,10.999870300292969,0.06666666666666668
2013-09-10,17:04:51,4.8,9.799880981445312,0.3333333333333333
2013-09-10,17:09:51,4.2,12.599906921386719,0.2
2013-09-10,17:14:51,4.2,10.199851989746094,0.13333333333333333
2013-09-10,17:19:51,4.2,11.399879455566406,0.26666666666666666
2013-09-10,17:24:51,4.2,11.199913024902344,0.06666666666666668
2013-09-10,17:29:51,4.266666666666667,9.399871826171875,0.26666666666666666
2013-09-10,17:34:51,4.2,10.19989013671875,0.5333333333333333
2013-09-10,17:39:51,4.4,9.599838256835938,0.06666666666666668
2013-09-10,17:44:51,6.333333333333334,33.93321990966797,0.2
2013-09-10,17:49:51,4.266666666666667,26.599922180175785,0
2013-09-10,17:54:51,4.333333333333333,14.399948120117188,0
2013-09-10,17:59:51,4.266666666666667,12.533238728841145,0.3333333333333333
2013-09-10,18:04:51,4.4,12.599906921386719,0.2
2013-09-10,18:09:51,4.2,9.866549173990885,0.26666666666666666
2013-09-10,18:14:51,4.2,10.0665283203125,0.13333333333333333
2013-09-10,18:19:51,4.2,9.866536458333332,0.6666666666666666
2013-09-10,18:24:51,4.2,10.266571044921875,0.2
2013-09-10,18:29:51,4.2,11.733182271321613,0.5333333333333333
2013-09-10,18:34:51,4.2,9.666544596354166,0.06666666666666668
2013-09-10,18:39:51,4.4,12.933209737141926,0
2013-09-10,18:44:51,4.2,15.066553751627602,0
2013-09-10,18:49:51,4.2,10.533192952473959,0.06666666666666668
2013-09-10,18:54:51,4.2,9.399909973144531,0.06666666666666668
2013-09-10,18:59:51,4.2,8.533248901367188,0.13333333333333333
2013-09-10,19:04:51,4.4,8.666598002115885,0.26666666666666666
2013-09-10,19:09:51,4.2,8.999913533528646,0.4666666666666667
2013-09-10,19:14:51,4.2,6.86663309733073,0
2013-09-10,19:19:51,4.266666666666667,8.399899800618488,0.6
2013-09-10,19:24:51,4.2,12.799911499023436,0
2013-09-10,19:29:51,4.2,8.599904378255209,0.26666666666666666
2013-09-10,19:34:52,4.2,11.266581217447914,0.06666666666666668
2013-09-10,19:39:52,4.4,10.533192952473959,0
2013-09-10,19:44:52,4.266666666666667,11.999893188476562,0.13333333333333333
2013-09-10,19:49:51,4.466666666666667,10.933202107747398,0.3333333333333333
2013-09-10,19:54:51,4.2,7.933247884114582,0
2013-09-10,19:59:51,4.2,10.19989013671875,0.2
2013-09-10,20:04:51,4.4,9.999885559082031,0.26666666666666666
2013-09-10,20:09:51,4.2,12.46657053629557,0.5333333333333333
2013-09-10,20:14:51,4.2,13.199882507324217,0.4666666666666667
2013-09-10,20:19:51,4.2,10.999870300292969,0.4
2013-09-10,20:24:51,4.2,8.999900817871094,0
2013-09-10,20:29:51,4.2,11.199874877929688,0
2013-09-10,20:34:52,4.2,9.399871826171875,0.13333333333333333
2013-09-10,20:39:52,4.4,9.733187357584635,0.13333333333333333
2013-09-10,20:44:52,4.266666666666667,13.999900817871094,0.06666666666666668
2013-09-10,20:49:52,4.2,11.666552225748696,0.26666666666666666
2013-09-10,20:54:52,4.133333333333333,11.199874877929688,0.06666666666666668
2013-09-10,20:59:52,4.266666666666667,10.79986572265625,0
2013-09-10,21:04:52,4.466666666666667,10.866572062174477,0.26666666666666666
2013-09-10,21:09:52,4.666666666666667,11.933250427246094,0.4
2013-09-10,21:14:52,4.6,10.33320109049479,0
2013-09-10,21:19:52,4.2,10.133247375488281,0.6666666666666666
2013-09-10,21:24:52,4.466666666666667,9.999847412109375,0.06666666666666668
2013-09-10,21:29:52,4.2,9.199930826822916,0
2013-09-10,21:34:52,4.2,8.999900817871094,0
2013-09-10,21:39:52,4.666666666666667,12.866579691569008,0
2013-09-10,21:44:52,4.466666666666667,12.533238728841145,0.8
2013-09-10,21:49:52,4.333333333333333,8.59991709391276,0.26666666666666666
2013-09-10,21:54:52,4.266666666666667,9.266535441080729,0.13333333333333333
2013-09-10,21:59:52,4.4,9.333203633626303,0.26666666666666666
2013-09-10,22:04:52,4.466666666666667,9.733263651529947,0.2
2013-09-10,22:09:52,4.466666666666667,12.266565958658852,0.13333333333333333
2013-09-10,22:14:52,4.266666666666667,10.333226521809896,0.2
2013-09-10,22:19:52,4.266666666666667,8.266563415527344,0.6666666666666666
2013-09-10,22:24:52,4.2,9.933204650878906,0.06666666666666668
2013-09-10,22:29:52,4.2,11.999893188476562,0
2013-09-10,22:34:52,4.2,9.866587320963541,0.06666666666666668
2013-09-10,22:39:52,4.4,10.266545613606771,0.06666666666666668
2013-09-10,22:44:53,4.2,14.333254496256512,0
2013-09-10,22:49:53,4.2,10.533192952473959,0.5333333333333333
2013-09-10,22:54:53,4.2,9.399871826171875,0.13333333333333333
2013-09-10,22:59:53,4.2,12.599906921386719,0
2013-09-10,23:04:53,4.4,9.933204650878906,0.2
2013-09-10,23:09:53,4.2,10.19989013671875,0.4666666666666667
2013-09-10,23:14:53,4.133333333333333,8.199920654296875,0.06666666666666668
2013-09-10,23:19:53,4.2,13.066546122233069,0.26666666666666666
2013-09-10,23:24:53,4.2,11.599884033203125,0.3333333333333333
2013-09-10,23:29:53,4.2,10.599861145019531,0
2013-09-10,23:34:53,4.2,10.19989013671875,0.8
2013-09-10,23:39:53,4.466666666666667,11.799888610839844,0.06666666666666668
2013-09-10,23:44:53,4.2,13.79993438720703,0
2013-09-10,23:49:53,4.2,9.599838256835938,0.06666666666666668
2013-09-10,23:54:53,4.266666666666667,12.599906921386719,0.13333333333333333
2013-09-10,23:59:53,4.2,9.866536458333332,0.06666666666666668
2013-09-11,00:04:53,4.4,8.333269755045574,0.26666666666666666
2013-09-11,00:09:53,4.2,10.333188374837238,0.13333333333333333
2013-09-11,00:14:53,4.2,11.06653849283854,0.3333333333333333
2013-09-11,00:19:53,4.2,9.533208211263021,0.26666666666666666
2013-09-11,00:24:53,4.2,10.533192952473959,0.13333333333333333
2013-09-11,00:29:53,4.2,11.933224995930992,0.13333333333333333
2013-09-11,00:34:53,4.2,11.533215840657554,0
2013-09-11,00:39:53,4.4,11.666552225748696,0.4
2013-09-11,00:44:53,4.2,9.533220926920572,0
2013-09-11,00:49:53,4.2,8.59991709391276,0.06666666666666668
2013-09-11,00:54:53,4.2,7.733281453450519,0.06666666666666668
2013-09-11,00:59:53,4.266666666666667,9.933230082194008,0.06666666666666668
2013-09-11,01:04:53,4.4,11.199887593587238,0.6
2013-09-11,01:09:53,4.2,8.666547139485676,0.3333333333333333
2013-09-11,01:14:53,4.2,8.399887084960938,0.2
2013-09-11,01:19:53,5.933333333333334,13.199907938639324,0.26666666666666666
2013-09-11,01:24:53,4.866666666666667,24.53324635823568,0.4666666666666667
2013-09-11,01:29:53,4.266666666666667,16.46656036376953,0.06666666666666668
2013-09-11,01:34:53,4.266666666666667,13.73326619466146,0.3333333333333333
2013-09-11,01:39:54,4.4,11.266543070475258,0.06666666666666668
2013-09-11,01:44:54,4.2,10.599861145019531,0.13333333333333333
2013-09-11,01:49:54,4.2,8.799896240234375,0
2013-09-11,01:54:54,4.2,8.799896240234375,0.06666666666666668
2013-09-11,01:59:54,4.2,9.399935404459633,0.6
2013-09-11,02:04:54,4.4,11.466547648111977,0.2
2013-09-11,02:09:54,4.2,10.79986572265625,0.2
2013-09-11,02:14:54,4.2,9.599876403808594,0.06666666666666668
2013-09-11,02:19:54,4.266666666666667,8.199958801269531,0.3333333333333333
2013-09-11,02:24:54,4.2,9.599838256835938,0.06666666666666668
2013-09-11,02:29:54,4.333333333333333,7.999954223632813,0.3333333333333333
2013-09-11,02:34:54,4.2,12.066561381022133,0.06666666666666668
2013-09-11,02:39:54,4.4,9.533208211263021,0
2013-09-11,02:44:54,4.2,11.999893188476562,0
2013-09-11,02:49:54,4.2,12.933247884114582,0
2013-09-11,02:54:54,4.2,8.999926249186197,0.3333333333333333
2013-09-11,02:59:54,4.2,9.066607157389322,0.2
2013-09-11,03:04:54,4.4,10.666592915852863,0.8
2013-09-11,03:09:54,4.2,11.399879455566406,0.13333333333333333
2013-09-11,03:14:54,4.2,12.39990234375,0.4
2013-09-11,03:19:54,4.333333333333333,11.19990030924479,0.5333333333333333
2013-09-11,03:24:54,4.266666666666667,7.666625976562499,0.13333333333333333
2013-09-11,03:29:54,4.2,10.333251953125,0.06666666666666668
2013-09-11,03:34:54,4.2,9.533220926920572,0
2013-09-11,03:39:54,4.4,12.599906921386719,0
2013-09-11,03:44:54,4.333333333333333,10.266520182291666,0.3333333333333333
2013-09-11,03:49:54,4.2,10.933202107747398,0.13333333333333333
2013-09-11,03:54:54,4.2,12.133229573567707,0.06666666666666668
2013-09-11,03:59:54,4.266666666666667,10.599861145019531,0
2013-09-11,04:04:54,4.266666666666667,10.266545613606771,0.3333333333333333
2013-09-11,04:09:54,4.333333333333333,10.13318379720052,0.26666666666666666
2013-09-11,04:14:54,4.2,9.199918111165363,0
2013-09-11,04:19:54,4.2,8.999900817871094,0.6
2013-09-11,04:24:54,4.266666666666667,10.866584777832031,0
2013-09-11,04:29:54,4.266666666666667,10.733235677083332,0
2013-09-11,04:34:54,4.2,11.533215840657554,0.4
2013-09-11,04:39:55,4.4,10.599861145019531,0.06666666666666668
2013-09-11,04:44:55,4.333333333333333,11.399879455566406,0.6
2013-09-11,04:49:55,4.2,9.59991455078125,0
2013-09-11,04:54:54,4.2,9.199905395507812,0.06666666666666668
2013-09-11,04:59:54,4.266666666666667,10.933252970377602,0.3333333333333333
2013-09-11,05:04:54,4.333333333333333,12.199897766113281,0.2
2013-09-11,05:09:54,4.2,10.799903869628906,0.26666666666666666
2013-09-11,05:14:54,4.2,9.599901835123697,0
2013-09-11,05:19:54,4.2,9.399909973144531,0.6
2013-09-11,05:24:54,4.266666666666667,7.866541544596356,0.13333333333333333
2013-09-11,05:29:54,4.2,9.666544596354166,0.13333333333333333
2013-09-11,05:34:54,4.266666666666667,12.999916076660156,0
2013-09-11,05:39:54,4.4,10.86653391520182,0.3333333333333333
2013-09-11,05:44:54,4.266666666666667,15.866533915201819,0.13333333333333333
2013-09-11,05:49:54,4.2,11.199874877929688,0.06666666666666668
2013-09-11,05:54:54,4.266666666666667,9.333229064941406,0.06666666666666668
2013-09-11,05:59:54,4.2,8.999951680501301,0.06666666666666668
2013-09-11,06:04:54,4.333333333333333,11.666552225748696,0.4
2013-09-11,06:09:54,4.333333333333333,11.799888610839844,0.13333333333333333
2013-09-11,06:14:54,4.333333333333333,10.933202107747398,0.4666666666666667
2013-09-11,06:19:54,4.266666666666667,11.333211263020832,0.3333333333333333
2013-09-11,06:24:54,4.2,10.533192952473959,0.26666666666666666
2013-09-11,06:29:54,4.2,10.266583760579428,0.3333333333333333
2013-09-11,06:34:54,4.2,11.133206685384113,0.26666666666666666
2013-09-11,06:39:54,4.4,11.19990030924479,0.06666666666666668
2013-09-11,06:44:54,4.2,14.599876403808592,0.13333333333333333
2013-09-11,06:49:54,6.2,13.399925231933594,0.13333333333333333
2013-09-11,06:54:55,4.2,37.93323516845703,0
2013-09-11,06:59:55,4.266666666666667,15.666580200195312,0.06666666666666668
2013-09-11,07:04:55,4.4,14.19990539550781,0.8
2013-09-11,07:09:55,4.2,11.133206685384113,0.2
2013-09-11,07:14:55,4.2,11.199874877929688,0.26666666666666666
2013-09-11,07:19:55,4.2,10.066553751627602,0.26666666666666666
2013-09-11,07:24:55,4.2,11.199887593587238,0.26666666666666666
2013-09-11,07:29:55,4.2,9.866549173990885,0.26666666666666666
2013-09-11,07:34:55,4.2,10.999870300292969,0
2013-09-11,07:39:55,4.6,10.999870300292969,0.06666666666666668
2013-09-11,07:44:55,4.2,11.799888610839844,0
2013-09-11,07:49:55,4.2,10.733235677083332,0.06666666666666668
2013-09-11,07:54:55,4.333333333333333,9.399909973144531,0
2013-09-11,07:59:55,4.2,9.199867248535156,0
2013-09-11,08:04:55,4.4,8.599853515625,0.8
2013-09-11,08:09:55,4.2,9.999847412109375,0.2
2013-09-11,08:14:55,4.2,8.999900817871094,0.06666666666666668
2013-09-11,08:19:55,4.2,10.466562906901041,0.26666666666666666
2013-09-11,08:24:55,4.266666666666667,17.06658681233724,0.6
2013-09-11,08:29:55,4.2,10.86653391520182,0.06666666666666668
2013-09-11,08:34:55,4.2,9.466527303059896,0.06666666666666668
2013-09-11,08:39:55,4.4,8.799947102864582,0.06666666666666668
2013-09-11,08:44:55,4.2,11.466547648111977,0.06666666666666668
2013-09-11,08:49:55,4.2,10.533256530761719,0
2013-09-11,08:54:55,4.2,11.866569519042969,0.06666666666666668
2013-09-11,08:59:55,4.2,12.599906921386719,0.5333333333333333
2013-09-11,09:04:55,4.4,9.599901835123697,0.3333333333333333
2013-09-11,09:09:55,4.2,8.2666015625,0.2
2013-09-11,09:14:55,4.333333333333333,9.533208211263021,0.13333333333333333
2013-09-11,09:19:56,4.2,8.333257039388021,0.6
2013-09-11,09:24:56,4.2,11.733220418294273,0.13333333333333333
2013-09-11,09:29:56,4.2,9.533208211263021,0
2013-09-11,09:34:56,4.2,8.933245340983072,0
2013-09-11,09:39:56,4.4,10.799929300944008,0.2
2013-09-11,09:44:56,4.2,14.333203633626301,0.06666666666666668
2013-09-11,09:49:56,4.2,9.733212788899738,0
2013-09-11,09:54:56,4.2,10.199902852376303,0.5333333333333333
2013-09-11,09:59:56,4.2,10.199877421061196,0.06666666666666668
2013-09-11,10:04:56,4.4,11.733220418294273,0.2
2013-09-11,10:09:56,4.333333333333333,10.466537475585938,0.26666666666666666
2013-09-11,10:14:56,4.2,8.999977111816406,0.26666666666666666
2013-09-11,10:19:56,4.2,10.46655019124349,0.7333333333333333
2013-09-11,10:24:56,4.2,9.399948120117188,0.06666666666666668
2013-09-11,10:29:56,4.2,11.399879455566406,0.2
2013-09-11,10:34:56,4.2,10.066553751627602,0.06666666666666668
2013-09-11,10:39:56,4.4,12.266604105631508,0.13333333333333333
2013-09-11,10:44:56,4.333333333333333,13.599891662597658,0.5333333333333333
2013-09-11,10:49:56,4.2,11.399879455566406,0
2013-09-11,10:54:56,4.2,10.933202107747398,0
2013-09-11,10:59:56,4.2,10.999870300292969,0.06666666666666668
2013-09-11,11:04:56,4.4,9.599876403808594,0.5333333333333333
2013-09-11,11:09:56,4.2,8.399925231933594,0.13333333333333333
2013-09-11,11:14:56,4.2,10.999908447265625,0.06666666666666668
2013-09-11,11:19:56,4.2,9.599838256835938,0.3333333333333333
2013-09-11,11:24:56,4.266666666666667,10.199851989746094,0.26666666666666666
2013-09-11,11:29:56,4.4,10.599861145019531,0.6
2013-09-11,11:34:56,4.2,9.133262634277344,0.06666666666666668
2013-09-11,11:39:56,4.466666666666667,9.266586303710938,0.13333333333333333
2013-09-11,11:44:56,4.2,10.399894714355469,0.3333333333333333
2013-09-11,11:49:56,8.066666666666666,23.599891662597656,0.26666666666666666
2013-09-11,11:54:56,6.2,23.19988250732422,0.06666666666666668
2013-09-11,11:59:57,6.2,12.333234151204426,0.2
2013-09-11,12:04:57,6.7333333333333325,12.19987233479818,1.0
2013-09-11,12:09:57,6.333333333333334,18.133201599121094,0.13333333333333333
2013-09-11,12:14:57,6.133333333333334,12.733243306477867,0.4666666666666667
2013-09-11,12:19:57,6.466666666666666,12.799898783365881,1.1333333333333333
2013-09-11,12:24:57,4.866666666666667,18.066558837890625,0
2013-09-11,12:29:57,4.2,10.933202107747398,0.3333333333333333
2013-09-11,12:34:57,4.2,7.999916076660156,0
2013-09-11,12:39:57,4.4,11.06653849283854,0.06666666666666668
2013-09-11,12:44:57,4.533333333333333,10.333188374837238,0.06666666666666668
2013-09-11,12:49:57,4.2,8.599891662597656,0
2013-09-11,12:54:57,4.2,10.79986572265625,0.06666666666666668
2013-09-11,12:59:57,5.666666666666666,16.466522216796875,0.4666666666666667
2013-09-11,13:04:57,4.4,20.733261108398438,0.6
2013-09-11,13:09:57,4.266666666666667,13.199920654296877,0.13333333333333333
2013-09-11,13:14:57,4.2,11.333211263020832,0.13333333333333333
2013-09-11,13:19:57,4.333333333333333,10.799903869628906,0.6
2013-09-11,13:24:57,4.333333333333333,12.599868774414064,0.06666666666666668
2013-09-11,13:29:57,4.266666666666667,12.999916076660156,0.06666666666666668
2013-09-11,13:34:57,4.2,10.399856567382812,0
2013-09-11,13:39:57,4.4,11.799888610839844,0
2013-09-11,13:44:57,4.2,12.799911499023436,0
2013-09-11,13:49:57,4.2,9.733200073242188,0.2
2013-09-11,13:54:57,4.2,10.999870300292969,0
2013-09-11,13:59:57,4.2,9.399897257486979,0.4
2013-09-11,14:04:57,4.4,9.66658274332682,0.2
2013-09-11,14:09:57,4.333333333333333,8.533248901367188,0.5333333333333333
2013-09-11,14:14:57,4.2,9.866549173990885,0.2
2013-09-11,14:19:57,4.133333333333333,8.999900817871094,0.6
2013-09-11,14:24:57,4.333333333333333,10.199864705403645,0
2013-09-11,14:29:57,4.2,9.333165486653645,0
2013-09-11,14:34:57,4.2,11.199874877929688,0.06666666666666668
2013-09-11,14:39:57,4.4,10.66656748453776,0.4
2013-09-11,14:44:57,4.2,14.133237202962242,0.06666666666666668
2013-09-11,14:49:57,4.2,12.799911499023436,0.4
2013-09-11,14:54:57,4.2,11.533215840657554,0
2013-09-11,14:59:57,4.666666666666667,11.666552225748696,0.8
2013-09-11,15:04:57,4.6,9.466565450032551,0.2
2013-09-11,15:09:57,4.333333333333333,9.599876403808594,0.2
2013-09-11,15:14:57,4.2,8.666572570800781,0.06666666666666668
2013-09-11,15:19:57,4.333333333333333,8.866589864095053,0.26666666666666666
2013-09-11,15:24:57,4.2,10.666529337565104,0.2
2013-09-11,15:29:58,4.2,10.933202107747398,0.4666666666666667
2013-09-11,15:34:58,4.2,11.39989217122396,0
2013-09-11,15:39:58,4.6,12.799898783365881,0.06666666666666668
2013-09-11,15:44:58,4.266666666666667,14.399909973144531,0
2013-09-11,15:49:58,4.266666666666667,9.866549173990885,0.06666666666666668
2013-09-11,15:54:58,4.2,11.133206685384113,0.06666666666666668
2013-09-11,15:59:58,4.2,10.066515604654947,0.13333333333333333
2013-09-11,16:04:58,4.4,13.666598002115881,0.4666666666666667
2013-09-11,16:09:58,4.6,11.06653849283854,0.13333333333333333
2013-09-11,16:14:58,5.0,9.59991455078125,0.3333333333333333
2013-09-11,16:19:58,4.8,10.79986572265625,0.4
2013-09-11,16:24:58,4.266666666666667,9.999885559082031,0
2013-09-11,16:29:58,4.4,11.466547648111977,1.0
2013-09-11,16:34:58,4.2,10.79986572265625,0.06666666666666668
2013-09-11,16:39:58,4.733333333333333,11.133206685384113,0.06666666666666668
