Date,Time,CPU,RAM,CHANNEL
2013-08-12,16:40:46,4.266666666666667,17.19989776611328,2.8666666666666667
2013-08-12,16:45:46,4.6,19.199905395507812,2.6666666666666665
2013-08-12,16:50:46,4.866666666666667,18.79985809326172,2.466666666666667
2013-08-12,16:55:46,4.2,20.39989471435547,2.466666666666667
2013-08-12,17:00:46,5.2,18.99993896484375,3.733333333333333
2013-08-12,17:05:46,6.133333333333334,16.59992218017578,10.733333333333333
2013-08-12,17:10:46,4.8,16.799888610839844,3.333333333333333
2013-08-12,17:15:46,4.533333333333333,16.59992218017578,3.1333333333333333
2013-08-12,17:20:46,4.266666666666667,18.19988250732422,2.466666666666667
2013-08-12,17:25:46,4.733333333333333,18.79985809326172,2.533333333333333
2013-08-12,17:30:46,4.066666666666666,17.19989776611328,2.8666666666666667
2013-08-12,17:35:46,5.0,16.199913024902344,2.6666666666666665
2013-08-12,17:40:46,4.0,17.199859619140625,3.466666666666667
2013-08-12,17:45:46,4.6,16.199913024902344,3.0
2013-08-12,17:50:46,4.533333333333333,17.39990234375,3.2666666666666666
2013-08-12,17:55:46,4.266666666666667,18.999862670898438,2.6666666666666665
2013-08-12,18:00:46,4.733333333333333,14.799944559733069,3.6666666666666665
2013-08-12,18:05:46,6.0,16.999905904134113,10.0
2013-08-12,18:10:46,5.133333333333334,19.866549173990883,3.066666666666667
2013-08-12,18:15:46,4.066666666666666,18.666598002115887,2.333333333333333
2013-08-12,18:20:46,4.533333333333333,20.799903869628906,2.8666666666666667
2013-08-12,18:25:46,4.133333333333333,18.19988250732422,2.533333333333333
2013-08-12,18:30:46,4.133333333333333,18.399887084960938,2.8666666666666667
2013-08-12,18:35:46,4.6,18.133214314778645,2.8666666666666667
2013-08-12,18:40:46,3.8,17.199885050455727,2.933333333333333
2013-08-12,18:45:46,5.0,18.199895222981773,3.333333333333333
2013-08-12,18:50:47,4.0,18.333206176757812,2.933333333333333
2013-08-12,18:55:47,4.533333333333333,19.199905395507812,2.2666666666666666
2013-08-12,19:00:47,4.333333333333333,16.666590372721352,3.2
2013-08-12,19:05:47,6.533333333333334,16.73323313395182,9.4
2013-08-12,19:10:47,4.666666666666667,18.466555277506508,2.4
2013-08-12,19:15:47,3.933333333333333,18.799896240234375,2.8
2013-08-12,19:20:47,5.066666666666666,20.933240254720047,2.6666666666666665
2013-08-12,19:25:47,3.933333333333333,18.666547139485672,2.8
2013-08-12,19:30:47,4.666666666666667,16.86658223470052,2.533333333333333
2013-08-12,19:35:47,4.266666666666667,17.46657053629557,2.8666666666666667
2013-08-12,19:40:47,4.133333333333333,17.133229573567707,2.6
2013-08-12,19:45:47,4.533333333333333,18.93327077229818,2.7333333333333334
2013-08-12,19:50:47,3.8666666666666663,20.333201090494793,2.533333333333333
2013-08-12,19:55:47,5.066666666666666,15.866610209147133,2.8666666666666667
2013-08-12,20:00:47,3.8666666666666663,17.799911499023438,2.8
2013-08-12,20:05:47,6.8,18.53321075439453,9.466666666666667
2013-08-12,20:10:47,4.333333333333333,17.599881490071613,2.533333333333333
2013-08-12,20:15:47,4.333333333333333,16.399904886881508,2.2666666666666666
2013-08-12,20:20:47,4.8,16.999867757161457,2.6666666666666665
2013-08-12,20:25:47,3.733333333333333,17.066548665364586,2.533333333333333
2013-08-12,20:30:47,5.0,16.46656036376953,3.066666666666667
2013-08-12,20:35:47,3.733333333333333,16.666552225748696,2.466666666666667
2013-08-12,20:40:47,6.066666666666666,20.999933878580727,2.6
2013-08-12,20:45:47,4.2,33.8665517171224,2.6
2013-08-12,20:50:47,4.2,19.93323008219401,2.7333333333333334
2013-08-12,20:55:47,4.666666666666667,18.399925231933594,2.6666666666666665
2013-08-12,21:00:47,4.133333333333333,19.399871826171875,2.8666666666666667
2013-08-12,21:05:47,7.2,19.599876403808594,9.733333333333333
2013-08-12,21:10:47,3.933333333333333,18.999862670898438,2.6
2013-08-12,21:15:47,4.933333333333334,21.666590372721352,2.8
2013-08-12,21:20:47,4.066666666666666,21.199913024902344,2.466666666666667
2013-08-12,21:25:47,4.4,17.19989776611328,2.466666666666667
2013-08-12,21:30:47,4.466666666666667,14.999961853027344,2.6
2013-08-12,21:35:47,3.8666666666666663,16.799888610839844,2.6
2013-08-12,21:40:47,4.866666666666667,17.999916076660156,2.466666666666667
2013-08-12,21:45:47,3.8,15.199928283691404,2.333333333333333
2013-08-12,21:50:47,4.6,16.133270263671875,2.533333333333333
2013-08-12,21:55:47,4.2,18.399925231933594,2.466666666666667
2013-08-12,22:00:47,4.333333333333333,18.39984893798828,2.8
2013-08-12,22:05:47,6.866666666666666,16.59992218017578,9.933333333333334
2013-08-12,22:10:47,4.066666666666666,15.999946594238281,2.6
2013-08-12,22:15:47,5.2,14.799893697102865,2.333333333333333
2013-08-12,22:20:47,3.8666666666666663,16.866544087727863,3.066666666666667
2013-08-12,22:25:47,4.333333333333333,18.333231608072914,2.2
2013-08-12,22:30:47,4.2,17.066548665364586,2.533333333333333
2013-08-12,22:35:47,4.133333333333333,16.933224995930992,2.7333333333333334
2013-08-12,22:40:47,4.4,17.999903361002602,2.4
2013-08-12,22:45:47,4.066666666666666,19.733212788899742,2.933333333333333
2013-08-12,22:50:47,5.2,19.333203633626304,2.8
2013-08-12,22:55:47,3.933333333333333,17.39988962809245,2.6
2013-08-12,23:00:47,4.533333333333333,14.733289082845054,3.2666666666666666
2013-08-12,23:05:47,6.6,17.59991963704427,9.466666666666667
2013-08-12,23:10:48,4.2,18.799896240234375,2.933333333333333
2013-08-12,23:15:48,4.733333333333333,17.9998779296875,2.8
2013-08-12,23:20:48,3.8,19.666544596354164,2.6
2013-08-12,23:25:48,4.866666666666667,17.59990692138672,2.533333333333333
2013-08-12,23:30:48,3.8666666666666663,18.7332280476888,2.6666666666666665
2013-08-12,23:35:48,4.6,16.866531372070312,2.533333333333333
2013-08-12,23:40:48,4.333333333333333,15.866622924804688,2.466666666666667
2013-08-12,23:45:48,4.133333333333333,17.06658681233724,2.8
2013-08-12,23:50:48,4.733333333333333,16.133219401041668,3.0
2013-08-12,23:55:48,3.666666666666667,13.466580708821619,2.4
2013-08-13,00:00:48,5.0,16.73327128092448,2.8
2013-08-13,00:05:48,5.933333333333334,15.5999755859375,9.933333333333334
2013-08-13,00:10:48,4.6,17.999865214029946,2.466666666666667
2013-08-13,00:15:48,4.266666666666667,15.466562906901038,2.6
2013-08-13,00:20:48,4.133333333333333,17.13324228922526,2.7333333333333334
2013-08-13,00:25:48,4.733333333333333,15.666567484537758,3.0
2013-08-13,00:30:48,3.8666666666666663,15.466562906901038,2.7333333333333334
2013-08-13,00:35:48,4.933333333333334,17.799898783365887,2.8
2013-08-13,00:40:48,3.8666666666666663,17.39990234375,2.466666666666667
2013-08-13,00:45:48,4.733333333333333,16.333223978678383,2.6
2013-08-13,00:50:48,4.333333333333333,17.533276875813804,2.8
2013-08-13,00:55:48,4.066666666666666,18.733253479003906,2.533333333333333
2013-08-13,01:00:48,4.8,16.799850463867188,3.2666666666666666
2013-08-13,01:05:48,6.0,17.799835205078125,9.666666666666666
2013-08-13,01:10:48,4.933333333333334,17.33325958251953,2.466666666666667
2013-08-13,01:15:48,3.933333333333333,17.19989776611328,2.6
2013-08-13,01:20:48,4.733333333333333,19.59991455078125,2.533333333333333
2013-08-13,01:25:48,4.0,17.39990234375,2.6
2013-08-13,01:30:48,4.466666666666667,18.399887084960938,3.4
2013-08-13,01:35:48,6.466666666666666,17.599945068359375,10.266666666666667
2013-08-13,01:40:48,4.666666666666667,17.599868774414062,13.933333333333335
2013-08-13,01:45:48,5.2,17.799911499023438,4.733333333333333
2013-08-13,01:50:48,3.8666666666666663,18.399925231933594,2.6
2013-08-13,01:55:48,4.4,18.333206176757812,2.4
2013-08-13,02:00:48,4.133333333333333,18.999900817871094,3.533333333333333
2013-08-13,02:05:49,6.466666666666666,18.399925231933594,10.666666666666666
2013-08-13,02:10:49,4.666666666666667,16.59992218017578,2.7333333333333334
2013-08-13,02:15:49,4.0,17.79987335205078,2.7333333333333334
2013-08-13,02:20:49,4.933333333333334,20.39989471435547,2.7333333333333334
2013-08-13,02:25:49,3.733333333333333,15.73322296142578,2.333333333333333
2013-08-13,02:30:49,4.466666666666667,17.399864196777344,2.6666666666666665
2013-08-13,02:35:49,4.133333333333333,17.19989776611328,2.4
2013-08-13,02:40:49,4.2,15.533294677734375,2.4
2013-08-13,02:45:49,4.4,17.933260599772133,2.2666666666666666
2013-08-13,02:50:49,3.8666666666666663,14.533271789550781,2.533333333333333
2013-08-13,02:55:49,4.8,15.5999501546224,2.6666666666666665
2013-08-13,03:00:49,3.8,18.066546122233074,3.4
2013-08-13,03:05:49,6.7333333333333325,17.133255004882812,9.6
2013-08-13,03:10:49,4.666666666666667,15.533243815104164,5.0
2013-08-13,03:15:49,4.466666666666667,18.66655985514323,3.6666666666666665
2013-08-13,03:20:49,4.933333333333334,16.13323211669922,3.8
2013-08-13,03:25:49,4.066666666666666,17.46654510498047,3.933333333333333
2013-08-13,03:30:49,5.466666666666666,17.599868774414062,5.4
2013-08-13,03:35:49,4.533333333333333,20.733235677083336,5.666666666666668
2013-08-13,03:40:49,5.266666666666667,17.666600545247398,5.666666666666668
2013-08-13,03:45:49,4.666666666666667,18.666534423828125,5.2
2013-08-13,03:50:49,4.6,19.599876403808594,5.0
2013-08-13,03:55:49,4.866666666666667,17.46657053629557,4.6
2013-08-13,04:00:49,4.533333333333333,19.999898274739582,6.066666666666666
2013-08-13,04:05:49,7.7333333333333325,22.866579691569015,11.866666666666667
2013-08-13,04:10:49,4.4,19.53320821126302,4.866666666666666
2013-08-13,04:15:49,5.4,21.7999267578125,5.066666666666666
2013-08-13,04:20:49,4.8,19.13323720296224,5.533333333333332
2013-08-13,04:25:49,4.8,17.666575113932293,5.8
2013-08-13,04:30:49,5.066666666666666,15.666567484537758,5.133333333333334
2013-08-13,04:35:49,4.333333333333333,17.999916076660156,4.466666666666667
2013-08-13,04:40:49,5.333333333333334,19.933217366536454,5.466666666666668
2013-08-13,04:45:49,4.266666666666667,18.266512552897133,5.866666666666666
2013-08-13,04:50:49,4.866666666666667,18.199920654296875,4.133333333333334
2013-08-13,04:55:49,4.666666666666667,16.39995574951172,5.133333333333334
2013-08-13,05:00:50,9.8,15.866584777832033,100.0
2013-08-13,05:05:50,10.6,21.399917602539062,11.333333333333336
2013-08-13,05:10:50,4.066666666666666,16.999893188476562,3.6
2013-08-13,05:15:50,5.533333333333334,18.866564432779946,4.266666666666667
2013-08-13,05:20:50,4.0,19.799880981445312,3.8
2013-08-13,05:25:50,4.866666666666667,19.199867248535156,4.133333333333334
2013-08-13,05:30:50,4.333333333333333,17.799911499023438,3.4
2013-08-13,05:35:50,4.4,17.19989776611328,3.333333333333333
2013-08-13,05:40:50,4.666666666666667,14.599952697753906,3.466666666666667
2013-08-13,05:45:50,3.8666666666666663,18.333218892415367,3.2
2013-08-13,05:50:50,5.266666666666667,17.59990692138672,3.533333333333333
2013-08-13,05:55:50,3.8666666666666663,17.19989776611328,3.533333333333333
2013-08-13,06:00:49,4.8,15.666529337565102,3.8
2013-08-13,06:05:49,6.2,20.399856567382812,10.266666666666667
2013-08-13,06:10:49,4.466666666666667,16.999855041503906,3.1333333333333333
2013-08-13,06:15:49,4.733333333333333,17.59990692138672,3.066666666666667
2013-08-13,06:20:49,3.933333333333333,21.799888610839844,3.466666666666667
2013-08-13,06:25:49,5.2,17.79987335205078,3.333333333333333
2013-08-13,06:30:50,3.933333333333333,16.266606648763023,3.466666666666667
2013-08-13,06:35:50,4.666666666666667,18.66657257080078,3.1333333333333333
2013-08-13,06:40:50,4.066666666666666,21.06656392415364,3.2666666666666666
2013-08-13,06:45:50,4.466666666666667,15.5999501546224,3.2
2013-08-13,06:50:50,4.666666666666667,19.266573588053383,3.333333333333333
2013-08-13,06:55:50,3.8666666666666663,19.266535441080727,2.533333333333333
2013-08-13,07:00:50,4.866666666666667,19.866549173990883,2.7333333333333334
2013-08-13,07:05:50,6.133333333333334,19.733212788899742,9.666666666666666
2013-08-13,07:10:50,4.533333333333333,16.99993133544922,2.4
2013-08-13,07:15:50,4.4,18.39984893798828,2.6666666666666665
2013-08-13,07:20:50,4.2,19.53320821126302,2.6
2013-08-13,07:25:50,4.266666666666667,18.93321990966797,2.2666666666666666
2013-08-13,07:30:50,3.8,18.066558837890625,2.4
2013-08-13,07:35:50,4.8,15.66663106282552,2.8
2013-08-13,07:40:50,3.8666666666666663,16.59987131754557,2.6
2013-08-13,07:45:50,4.4,17.533238728841148,2.533333333333333
2013-08-13,07:50:50,4.133333333333333,17.599894205729164,2.6666666666666665
2013-08-13,07:55:50,4.2,17.666536966959637,2.1333333333333333
2013-08-13,08:00:50,4.6,17.533213297526043,2.8
2013-08-13,08:05:50,6.133333333333334,17.333221435546875,9.8
2013-08-13,08:10:50,4.933333333333334,18.86652628580729,2.466666666666667
2013-08-13,08:15:50,4.0,16.999855041503906,2.333333333333333
2013-08-13,08:20:50,4.466666666666667,18.866564432779946,2.7333333333333334
2013-08-13,08:25:50,4.2,20.933240254720047,2.2666666666666666
2013-08-13,08:30:50,4.066666666666666,21.13324483235677,2.333333333333333
2013-08-13,08:35:50,4.6,17.59991963704427,2.4
2013-08-13,08:40:50,3.8,14.533284505208332,2.466666666666667
2013-08-13,08:45:50,4.933333333333334,16.599884033203125,2.6666666666666665
2013-08-13,08:50:50,4.0,18.26658884684245,3.0
2013-08-13,08:55:50,4.533333333333333,17.999928792317704,2.4
2013-08-13,09:00:51,4.2,16.199925740559895,2.7333333333333334
2013-08-13,09:05:51,6.2666666666666675,16.933250427246094,9.4
2013-08-13,09:10:51,4.733333333333333,16.99993133544922,2.7333333333333334
2013-08-13,09:15:51,4.0,15.799942016601562,3.0
2013-08-13,09:20:51,5.066666666666666,16.99993133544922,2.6
2013-08-13,09:25:51,3.733333333333333,18.19988250732422,2.8
2013-08-13,09:30:51,4.533333333333333,17.39990234375,2.6
2013-08-13,09:35:51,4.133333333333333,17.199859619140625,2.6666666666666665
2013-08-13,09:40:51,4.333333333333333,18.999862670898438,2.466666666666667
2013-08-13,09:45:51,4.533333333333333,17.599868774414062,2.8
2013-08-13,09:50:51,3.933333333333333,16.599909464518227,2.933333333333333
2013-08-13,09:55:51,5.066666666666666,19.799880981445312,2.466666666666667
2013-08-13,10:00:51,3.8,16.59992218017578,2.7333333333333334
2013-08-13,10:05:51,6.866666666666666,17.199935913085938,9.6
2013-08-13,10:10:51,4.333333333333333,16.799888610839844,2.533333333333333
2013-08-13,10:15:51,4.466666666666667,17.799911499023438,2.7333333333333334
2013-08-13,10:20:51,4.533333333333333,17.799949645996094,2.8
2013-08-13,10:25:51,3.8,16.066576639811196,2.7333333333333334
2013-08-13,10:30:51,4.933333333333334,17.533200581868485,2.533333333333333
2013-08-13,10:35:51,3.6,19.666544596354164,2.6
2013-08-13,10:40:51,4.666666666666667,21.133206685384117,2.6666666666666665
2013-08-13,10:45:51,4.133333333333333,17.733205159505207,3.333333333333333
2013-08-13,10:50:51,4.333333333333333,19.999910990397133,2.533333333333333
2013-08-13,10:55:51,4.666666666666667,18.533236185709637,3.1333333333333333
2013-08-13,11:00:51,4.2,17.46657053629557,3.2666666666666666
2013-08-13,11:05:51,6.866666666666666,18.733189900716148,9.6
2013-08-13,11:10:51,5.4,32.93323516845703,2.7333333333333334
2013-08-13,11:15:51,4.666666666666667,32.59988149007162,2.6666666666666665
2013-08-13,11:20:51,4.066666666666666,22.199885050455727,2.533333333333333
2013-08-13,11:25:51,4.266666666666667,21.399879455566406,3.0
2013-08-13,11:30:51,4.6,16.999880472819008,2.6666666666666665
2013-08-13,11:35:51,4.266666666666667,17.39988962809245,2.7333333333333334
2013-08-13,11:40:51,4.666666666666667,18.333231608072914,2.933333333333333
2013-08-13,11:45:51,3.8,19.133224487304688,2.533333333333333
2013-08-13,11:50:51,4.533333333333333,18.399899800618485,2.8666666666666667
2013-08-13,11:55:51,4.2,20.133221944173176,2.8666666666666667
2013-08-13,12:00:51,4.066666666666666,17.266527811686196,3.0
2013-08-13,12:05:52,6.666666666666666,19.199867248535156,10.066666666666666
2013-08-13,12:10:52,4.333333333333333,17.933260599772133,2.4
2013-08-13,12:15:52,4.666666666666667,17.066612243652344,2.6
2013-08-13,12:20:52,3.933333333333333,18.466580708821613,2.466666666666667
2013-08-13,12:25:52,4.6,15.666592915852865,2.7333333333333334
2013-08-13,12:30:52,4.2,14.533259073893227,2.533333333333333
2013-08-13,12:35:52,4.266666666666667,16.266568501790367,2.6666666666666665
2013-08-13,12:40:52,4.6,18.133214314778645,2.2666666666666666
2013-08-13,12:45:52,3.933333333333333,19.866549173990883,2.7333333333333334
2013-08-13,12:50:52,4.533333333333333,18.533185323079426,2.933333333333333
2013-08-13,12:55:52,3.933333333333333,16.533228556315102,2.6666666666666665
2013-08-13,13:00:52,4.666666666666667,17.1331787109375,2.8
2013-08-13,13:05:52,6.4,16.466547648111977,10.333333333333334
2013-08-13,13:10:52,4.333333333333333,16.799888610839844,2.7333333333333334
2013-08-13,13:15:52,4.466666666666667,16.59992218017578,2.6666666666666665
2013-08-13,13:20:52,4.0,18.19988250732422,2.8666666666666667
2013-08-13,13:25:52,4.6,17.733205159505207,2.333333333333333
2013-08-13,13:30:52,4.0,18.399925231933594,2.4
2013-08-13,13:35:52,4.733333333333333,14.999923706054688,2.466666666666667
2013-08-13,13:40:52,3.666666666666667,15.199928283691404,2.8
2013-08-13,13:45:52,4.733333333333333,16.199874877929688,3.2666666666666666
2013-08-13,13:50:52,4.6,15.199928283691404,3.6
2013-08-13,13:55:52,4.4,13.79993438720703,2.533333333333333
2013-08-13,14:00:52,4.8,17.39990234375,3.2666666666666666
2013-08-13,14:05:52,6.4,13.79993438720703,10.2
2013-08-13,14:10:52,5.333333333333334,15.799903869628906,2.7333333333333334
2013-08-13,14:15:52,4.2,18.399925231933594,2.8
2013-08-13,14:20:53,4.866666666666667,17.133267720540367,3.066666666666667
2013-08-13,14:25:53,4.466666666666667,19.599876403808594,2.8666666666666667
2013-08-13,14:30:53,4.466666666666667,18.799896240234375,2.933333333333333
2013-08-13,14:35:53,4.733333333333333,16.666590372721352,3.466666666666667
2013-08-13,14:40:53,4.266666666666667,17.666575113932293,3.4
2013-08-13,14:45:53,5.266666666666667,16.733258565266926,3.6
2013-08-13,14:50:53,4.533333333333333,17.59990692138672,3.466666666666667
2013-08-13,14:55:53,4.666666666666667,17.533238728841148,2.466666666666667
2013-08-13,15:00:53,4.466666666666667,14.733289082845054,3.066666666666667
2013-08-13,15:05:52,6.6,16.266581217447914,9.733333333333333
2013-08-13,15:10:52,4.6,17.13324228922526,2.533333333333333
2013-08-13,15:15:52,4.133333333333333,16.79987589518229,3.533333333333333
2013-08-13,15:20:52,5.133333333333334,19.933217366536454,2.8
2013-08-13,15:25:52,4.2,18.93319447835286,3.2
2013-08-13,15:30:52,5.0,17.133216857910156,2.6666666666666665
2013-08-13,15:35:52,4.4,18.933245340983074,2.8
2013-08-13,15:40:52,4.533333333333333,18.933232625325523,2.8
2013-08-13,15:45:52,4.8,17.06659952799479,2.466666666666667
2013-08-13,15:50:52,4.2,17.46657053629557,2.933333333333333
2013-08-13,15:55:52,5.333333333333334,18.133252461751297,2.466666666666667
2013-08-13,16:00:53,4.0,15.66663106282552,3.733333333333333
2013-08-13,16:05:53,7.0,15.799916585286459,9.6
2013-08-13,16:10:53,4.4,18.799896240234375,2.8
2013-08-13,16:15:53,4.666666666666667,17.533238728841148,3.0
2013-08-13,16:20:53,5.133333333333334,18.133214314778645,3.466666666666667
2013-08-13,16:25:53,4.2,16.266581217447914,3.1333333333333333
2013-08-13,16:30:53,5.266666666666667,19.199867248535156,3.6666666666666665
2013-08-13,16:35:53,4.066666666666666,18.93319447835286,3.333333333333333
2013-08-13,16:40:53,4.6,16.39989217122396,2.7333333333333334
2013-08-13,16:45:53,4.6,17.066574096679688,3.2666666666666666
2013-08-13,16:50:53,4.533333333333333,18.79990895589193,2.6
2013-08-13,16:55:53,5.133333333333334,17.33325958251953,4.0
2013-08-13,17:00:53,4.6,18.26655069986979,4.4
2013-08-13,17:05:53,8.466666666666667,17.399915059407554,33.2
2013-08-13,17:10:53,4.2,17.93323516845703,3.333333333333333
2013-08-13,17:15:53,5.4,16.59992218017578,4.0
2013-08-13,17:20:53,8.666666666666666,17.533238728841148,93.06666666666666
2013-08-13,17:25:53,4.666666666666667,20.066553751627605,3.6666666666666665
2013-08-13,17:30:53,4.933333333333334,17.933260599772133,3.1333333333333333
2013-08-13,17:35:53,4.533333333333333,17.399927775065105,3.466666666666667
2013-08-13,17:40:53,5.6,18.199920654296875,3.333333333333333
2013-08-13,17:45:53,4.266666666666667,19.333203633626304,3.8
2013-08-13,17:50:53,5.266666666666667,18.466517130533855,3.533333333333333
2013-08-13,17:55:53,4.8,16.33326212565104,3.933333333333333
2013-08-13,18:00:53,4.666666666666667,17.06659952799479,3.466666666666667
2013-08-13,18:05:53,7.133333333333334,17.133267720540367,11.0
2013-08-13,18:10:53,4.333333333333333,18.26655069986979,3.466666666666667
2013-08-13,18:15:54,5.4,17.466608683268227,3.733333333333333
2013-08-13,18:20:54,4.066666666666666,18.599853515625,3.1333333333333333
2013-08-13,18:25:54,4.533333333333333,18.533198038736977,2.533333333333333
2013-08-13,18:30:54,4.4,19.399871826171875,3.466666666666667
2013-08-13,18:35:54,4.333333333333333,17.599868774414062,3.066666666666667
2013-08-13,18:40:54,4.8,17.199935913085938,2.933333333333333
2013-08-13,18:45:54,4.133333333333333,18.199844360351562,3.6666666666666665
2013-08-13,18:50:54,5.266666666666667,17.933197021484375,3.066666666666667
2013-08-13,18:55:54,4.0,19.799880981445312,2.8666666666666667
2013-08-13,19:00:54,4.8,16.599884033203125,3.1333333333333333
2013-08-13,19:05:54,6.333333333333334,18.399925231933594,10.0
2013-08-13,19:10:54,4.6,17.26659138997396,2.8666666666666667
2013-08-13,19:15:54,5.0,17.999916076660156,3.2666666666666666
2013-08-13,19:20:54,4.066666666666666,18.199920654296875,2.6666666666666665
2013-08-13,19:25:54,5.066666666666666,18.599891662597656,3.2
2013-08-13,19:30:54,4.533333333333333,20.19989013671875,2.8
2013-08-13,19:35:54,4.866666666666667,16.399917602539062,3.466666666666667
2013-08-13,19:40:54,4.4,16.266581217447914,2.8
2013-08-13,19:45:54,4.466666666666667,17.19989776611328,3.4
2013-08-13,19:50:54,5.266666666666667,14.333279927571619,3.2
2013-08-13,19:55:54,4.266666666666667,15.19991556803385,2.8666666666666667
2013-08-13,20:00:55,5.2,16.133219401041668,3.0
2013-08-13,20:05:55,6.2666666666666675,16.599884033203125,9.8
2013-08-13,20:10:55,4.8,17.33325958251953,2.7333333333333334
2013-08-13,20:15:55,4.666666666666667,19.26654815673828,3.2
2013-08-13,20:20:55,4.466666666666667,18.533236185709637,2.8666666666666667
2013-08-13,20:25:55,4.733333333333333,19.133211771647133,2.8666666666666667
2013-08-13,20:30:55,4.133333333333333,20.666567484537758,2.933333333333333
2013-08-13,20:35:55,5.333333333333334,19.599876403808594,3.1333333333333333
2013-08-13,20:40:55,3.933333333333333,16.266606648763023,2.466666666666667
2013-08-13,20:45:55,4.733333333333333,18.599904378255207,2.7333333333333334
2013-08-13,20:50:55,4.733333333333333,18.933232625325523,3.0
2013-08-13,20:55:55,4.4,22.066599527994796,2.7333333333333334
2013-08-13,21:00:55,5.0,17.733205159505207,2.8
2013-08-13,21:05:55,6.2666666666666675,16.866544087727863,9.866666666666667
2013-08-13,21:10:55,5.066666666666666,19.26654815673828,2.6
2013-08-13,21:15:55,4.133333333333333,18.933232625325523,2.8
2013-08-13,21:20:55,4.933333333333334,18.93319447835286,2.8
2013-08-13,21:25:55,4.4,16.399904886881508,3.0
2013-08-13,21:30:55,4.533333333333333,17.866554260253906,2.7333333333333334
2013-08-13,21:35:55,4.666666666666667,16.133270263671875,3.1333333333333333
2013-08-13,21:40:55,4.066666666666666,16.799914042154946,2.533333333333333
2013-08-13,21:45:55,5.0,18.199895222981773,2.7333333333333334
2013-08-13,21:50:55,4.2,18.866602579752602,2.533333333333333
2013-08-13,21:55:55,4.733333333333333,18.39984893798828,3.0
2013-08-13,22:00:55,4.533333333333333,15.066566467285156,3.1333333333333333
2013-08-13,22:05:55,6.7333333333333325,16.466534932454426,10.4
2013-08-13,22:10:55,4.866666666666667,16.399930318196617,3.1333333333333333
2013-08-13,22:15:55,4.266666666666667,15.466550191243488,3.1333333333333333
2013-08-13,22:20:55,5.4,16.866518656412758,3.066666666666667
2013-08-13,22:25:55,4.133333333333333,20.866572062174477,3.0
2013-08-13,22:30:55,4.8,18.066507975260418,2.6666666666666665
2013-08-13,22:35:55,4.466666666666667,16.59992218017578,3.2
2013-08-13,22:40:56,4.2,18.533236185709637,2.7333333333333334
2013-08-13,22:45:56,4.733333333333333,16.933250427246094,2.7333333333333334
2013-08-13,22:50:56,4.0,19.06653086344401,2.8
2013-08-13,22:55:56,5.133333333333334,19.866549173990883,2.533333333333333
2013-08-13,23:00:56,4.066666666666666,17.39988962809245,2.8666666666666667
2013-08-13,23:05:56,7.533333333333334,17.866554260253906,10.066666666666666
2013-08-13,23:10:56,4.466666666666667,14.999961853027344,2.6
2013-08-13,23:15:56,4.6,17.666562398274742,2.8666666666666667
2013-08-13,23:20:56,4.866666666666667,19.39990997314453,3.333333333333333
2013-08-13,23:25:56,3.8666666666666663,18.799896240234375,2.8666666666666667
2013-08-13,23:30:56,5.2,17.999916076660156,2.6666666666666665
2013-08-13,23:35:56,3.8666666666666663,15.19989013671875,3.0
2013-08-13,23:40:56,4.8,14.799919128417969,2.7333333333333334
2013-08-13,23:45:56,4.4,15.999908447265627,3.2
2013-08-13,23:50:56,4.533333333333333,16.199874877929688,3.0
2013-08-13,23:55:56,4.866666666666667,16.599884033203125,2.6
2013-08-14,00:00:56,4.133333333333333,16.39984130859375,3.2666666666666666
2013-08-14,00:05:56,7.4,21.59992218017578,9.6
2013-08-14,00:10:56,4.266666666666667,17.999839782714844,2.6666666666666665
2013-08-14,00:15:56,4.933333333333334,16.7999267578125,2.7333333333333334
2013-08-14,00:20:56,4.6,17.799911499023438,2.8666666666666667
2013-08-14,00:25:56,4.466666666666667,16.799888610839844,2.6
2013-08-14,00:30:56,4.866666666666667,17.799911499023438,2.7333333333333334
2013-08-14,00:35:56,4.0,17.199859619140625,2.6
2013-08-14,00:40:56,4.933333333333334,18.199844360351562,2.533333333333333
2013-08-14,00:45:56,4.0,18.59996795654297,3.2
2013-08-14,00:50:56,4.6,16.999893188476562,3.0
2013-08-14,00:55:56,5.7333333333333325,20.866597493489582,2.6
2013-08-14,01:00:56,4.6,35.99987030029297,3.0
2013-08-14,01:05:56,6.933333333333334,22.866605122884117,9.8
2013-08-14,01:10:56,4.266666666666667,18.79985809326172,2.533333333333333
2013-08-14,01:15:56,5.133333333333334,19.199905395507812,2.7333333333333334
2013-08-14,01:20:56,4.2,18.79985809326172,3.0
2013-08-14,01:25:56,4.733333333333333,17.933171590169266,2.933333333333333
2013-08-14,01:30:56,4.666666666666667,16.066576639811196,2.6
2013-08-14,01:35:56,5.4,16.933263142903645,9.066666666666666
2013-08-14,01:40:56,5.8,17.9998779296875,15.266666666666667
2013-08-14,01:45:56,4.4,18.19990793863932,3.066666666666667
2013-08-14,01:50:56,5.066666666666666,17.666613260904946,2.6666666666666665
2013-08-14,01:55:56,4.133333333333333,17.999916076660156,2.8
2013-08-14,02:00:56,4.933333333333334,17.866554260253906,3.466666666666667
2013-08-14,02:05:56,6.0,17.19989776611328,3.066666666666667
2013-08-14,02:10:56,4.533333333333333,14.333279927571619,2.533333333333333
2013-08-14,02:15:56,4.466666666666667,19.999961853027344,2.7333333333333334
2013-08-14,02:20:56,4.2,16.799914042154946,2.533333333333333
2013-08-14,02:25:56,4.8,15.666542053222656,2.933333333333333
2013-08-14,02:30:56,4.4,16.59992218017578,2.6666666666666665
2013-08-14,02:35:56,4.533333333333333,17.9998779296875,2.8666666666666667
2013-08-14,02:40:56,4.466666666666667,16.466585795084633,2.6
2013-08-14,02:45:56,4.266666666666667,16.066576639811196,2.7333333333333334
2013-08-14,02:50:56,4.866666666666667,20.733248392740883,2.7333333333333334
2013-08-14,02:55:56,4.333333333333333,15.399971008300781,2.533333333333333
2013-08-14,03:00:56,4.733333333333333,18.199869791666668,3.2666666666666666
2013-08-14,03:05:56,6.2,20.39989471435547,10.2
2013-08-14,03:10:56,5.133333333333334,17.466506958007812,4.666666666666667
2013-08-14,03:15:56,4.666666666666667,17.799898783365887,3.2666666666666666
2013-08-14,03:20:56,4.666666666666667,19.333203633626304,3.933333333333333
2013-08-14,03:25:56,5.266666666666667,17.533213297526043,5.2
2013-08-14,03:30:56,4.866666666666667,19.53327178955078,5.133333333333334
2013-08-14,03:35:57,5.2,19.99988555908203,5.333333333333333
2013-08-14,03:40:57,4.4,17.933171590169266,4.8
2013-08-14,03:45:57,5.2,17.866541544596352,5.4
2013-08-14,03:50:57,4.866666666666667,17.13319142659505,5.6
2013-08-14,03:55:57,4.733333333333333,18.933232625325523,4.866666666666666
2013-08-14,04:00:57,4.933333333333334,17.333246866861977,5.4
2013-08-14,04:05:57,7.0,16.533241271972656,11.6
2013-08-14,04:10:57,5.2,16.933263142903645,4.4
2013-08-14,04:15:57,4.666666666666667,20.466562906901043,5.133333333333334
2013-08-14,04:20:57,5.133333333333334,19.733212788899742,4.933333333333334
2013-08-14,04:25:57,4.933333333333334,15.533243815104164,5.4
2013-08-14,04:30:57,4.733333333333333,14.7332509358724,4.2
2013-08-14,04:35:57,4.8,18.26658884684245,4.133333333333334
2013-08-14,04:40:57,4.733333333333333,17.266527811686196,4.466666666666667
2013-08-14,04:45:57,5.133333333333334,17.79987335205078,3.733333333333333
2013-08-14,04:50:57,4.6,15.599937438964846,5.533333333333332
2013-08-14,04:55:57,5.266666666666667,14.999923706054688,5.666666666666668
2013-08-14,05:00:57,10.133333333333333,15.599899291992186,100.0
2013-08-14,05:05:57,11.4,25.866572062174487,13.333333333333336
2013-08-14,05:10:57,5.333333333333334,19.99988555908203,4.933333333333334
2013-08-14,05:15:57,5.333333333333334,19.799880981445312,7.2
2013-08-14,05:20:57,5.533333333333334,19.799880981445312,7.2
2013-08-14,05:25:57,4.4,18.599853515625,4.133333333333334
2013-08-14,05:30:57,5.333333333333334,17.39990234375,6.2666666666666675
2013-08-14,05:35:57,4.666666666666667,15.13329823811849,3.466666666666667
2013-08-14,05:40:57,4.333333333333333,15.599899291992186,3.8
2013-08-14,05:45:57,4.466666666666667,16.06653849283854,3.733333333333333
2013-08-14,05:50:57,4.4,16.7999267578125,3.733333333333333
2013-08-14,05:55:57,4.6,17.133229573567707,3.2666666666666666
2013-08-14,06:00:57,3.933333333333333,19.199867248535156,3.6
2013-08-14,06:05:58,7.0,17.79986063639323,10.6
2013-08-14,06:10:58,4.4,16.399904886881508,3.1333333333333333
2013-08-14,06:15:58,4.4,19.06653086344401,3.6666666666666665
2013-08-14,06:20:58,4.733333333333333,17.599868774414062,3.733333333333333
2013-08-14,06:25:58,4.333333333333333,17.466595967610676,3.6
2013-08-14,06:30:58,4.533333333333333,16.866594950358074,3.1333333333333333
2013-08-14,06:35:58,4.0,18.7332280476888,3.733333333333333
2013-08-14,06:40:58,4.733333333333333,17.466583251953125,3.6
2013-08-14,06:45:58,4.266666666666667,16.13323211669922,3.4
2013-08-14,06:50:58,4.8,17.266578674316406,3.2
2013-08-14,06:55:58,4.333333333333333,17.53326416015625,2.4
2013-08-14,07:00:58,4.133333333333333,18.06659698486328,2.933333333333333
2013-08-14,07:05:58,6.7333333333333325,18.93319447835286,9.533333333333333
2013-08-14,07:10:58,3.8,18.333218892415367,2.466666666666667
2013-08-14,07:15:58,4.933333333333334,16.73323313395182,3.0
2013-08-14,07:20:58,4.0,17.799911499023438,2.6666666666666665
2013-08-14,07:25:58,4.333333333333333,17.19987233479818,2.8
2013-08-14,07:30:58,4.4,16.06658935546875,2.6666666666666665
2013-08-14,07:35:58,4.0,18.26653798421224,2.466666666666667
2013-08-14,07:40:58,5.0,17.533213297526043,2.533333333333333
2013-08-14,07:45:58,3.6,16.46661122639974,2.4
2013-08-14,07:50:58,5.0,17.199859619140625,2.533333333333333
2013-08-14,07:55:58,3.6,17.399915059407554,2.466666666666667
2013-08-14,08:00:58,4.533333333333333,16.53325398763021,2.933333333333333
2013-08-14,08:05:58,6.333333333333334,18.666585286458336,9.733333333333333
2013-08-14,08:10:58,4.4,16.399879455566406,2.7333333333333334
2013-08-14,08:15:59,4.866666666666667,17.9998779296875,2.7333333333333334
2013-08-14,08:20:59,3.666666666666667,19.933217366536454,2.466666666666667
2013-08-14,08:25:59,5.0,17.599881490071613,2.533333333333333
2013-08-14,08:30:59,3.533333333333333,15.666592915852865,2.466666666666667
2013-08-14,08:35:59,4.666666666666667,17.066612243652344,2.6666666666666665
2013-08-14,08:40:59,3.933333333333333,15.866597493489587,2.4
2013-08-14,08:45:59,4.2,15.799903869628906,2.6666666666666665
2013-08-14,08:50:59,4.733333333333333,16.733245849609375,2.6
2013-08-14,08:55:59,3.733333333333333,17.999903361002602,2.333333333333333
2013-08-14,09:00:59,5.133333333333334,16.59992218017578,3.2666666666666666
2013-08-14,09:05:59,5.866666666666666,19.59991455078125,9.733333333333333
2013-08-14,09:10:59,4.666666666666667,16.39989217122396,2.7333333333333334
2013-08-14,09:15:59,4.266666666666667,19.999923706054688,2.6
2013-08-14,09:20:58,4.266666666666667,19.199867248535156,2.6666666666666665
2013-08-14,09:25:58,4.4,17.799911499023438,2.333333333333333
2013-08-14,09:30:58,3.8,18.799896240234375,2.533333333333333
2013-08-14,09:35:58,5.0,18.199844360351562,2.6
2013-08-14,09:40:58,4.133333333333333,18.599878946940102,2.533333333333333
2013-08-14,09:45:58,4.666666666666667,21.59992218017578,2.7333333333333334
2013-08-14,09:50:59,4.266666666666667,19.99988555908203,2.7333333333333334
2013-08-14,09:55:59,4.066666666666666,16.466598510742188,2.533333333333333
2013-08-14,10:00:59,4.533333333333333,18.799896240234375,2.7333333333333334
2013-08-14,10:05:59,6.2666666666666675,17.333285013834633,9.666666666666666
2013-08-14,10:10:59,5.0,17.333234151204426,2.7333333333333334
2013-08-14,10:15:59,4.066666666666666,18.533261617024742,2.6
2013-08-14,10:20:59,4.666666666666667,17.999916076660156,2.8
2013-08-14,10:25:59,4.2,17.39987691243489,2.8
2013-08-14,10:30:59,4.2,17.866579691569008,2.6
2013-08-14,10:35:59,4.466666666666667,17.39987691243489,2.6
2013-08-14,10:40:59,4.066666666666666,19.733212788899742,2.8
2013-08-14,10:45:59,4.8,15.933265686035156,3.1333333333333333
2013-08-14,10:50:59,4.0,17.799886067708336,2.933333333333333
2013-08-14,10:55:59,4.533333333333333,16.666514078776043,2.8
2013-08-14,11:00:59,4.2,16.866594950358074,2.8
2013-08-14,11:05:59,6.2666666666666675,17.19996134440104,9.666666666666666
2013-08-14,11:10:59,4.533333333333333,16.266581217447914,2.4
2013-08-14,11:15:59,4.214285714285714,18.857124873570033,2.357142857142857
2013-08-14,11:20:59,5.4,20.39989471435547,3.333333333333333
2013-08-14,11:25:59,4.357142857142858,17.71415982927595,3.2857142857142856
2013-08-14,11:30:59,4.8,18.599878946940102,2.6666666666666665
2013-08-14,11:35:59,4.4,16.93323771158854,2.6
2013-08-14,11:40:59,4.333333333333333,17.39990234375,2.6666666666666665
2013-08-14,11:45:59,5.0,17.866554260253906,3.1333333333333333
2013-08-14,11:50:59,4.266666666666667,19.733200073242188,2.8666666666666667
2013-08-14,11:55:59,5.066666666666666,18.999862670898438,2.6
2013-08-14,12:00:59,4.2,18.266512552897133,2.8
2013-08-14,12:05:59,6.866666666666666,16.866633097330727,9.733333333333333
2013-08-14,12:10:59,4.533333333333333,17.13324228922526,2.933333333333333
2013-08-14,12:15:59,4.533333333333333,18.866539001464844,2.8666666666666667
2013-08-14,12:20:59,4.733333333333333,21.86656951904297,2.533333333333333
2013-08-14,12:25:59,3.933333333333333,15.533243815104164,2.6
2013-08-14,12:30:59,5.133333333333334,17.533238728841148,2.6
2013-08-14,12:35:59,3.8,17.866541544596352,2.8
2013-08-14,12:41:00,4.785714285714286,16.14279065813337,2.4285714285714284
2013-08-14,12:46:00,4.266666666666667,17.199935913085938,2.6
2013-08-14,12:51:00,4.333333333333333,17.199910481770832,2.7333333333333334
2013-08-14,12:56:00,4.666666666666667,15.066579182942707,3.2666666666666666
2013-08-14,13:01:00,3.733333333333333,18.066558837890625,2.8666666666666667
2013-08-14,13:06:00,7.333333333333334,16.99993133544922,9.733333333333333
2013-08-14,13:11:00,3.933333333333333,17.26659138997396,2.6666666666666665
2013-08-14,13:16:00,4.933333333333334,17.399915059407554,2.933333333333333
2013-08-14,13:21:00,4.133333333333333,18.199920654296875,2.533333333333333
2013-08-14,13:26:00,4.214285714285714,14.642783573695592,2.4285714285714284
2013-08-14,13:31:00,4.333333333333333,16.933224995930992,2.933333333333333
2013-08-14,13:36:00,4.214285714285714,17.071328844342908,2.642857142857143
2013-08-14,13:41:00,5.2,18.26658884684245,2.6
2013-08-14,13:46:00,4.0,17.19989776611328,2.6
2013-08-14,13:51:00,4.866666666666667,14.999923706054688,2.6666666666666665
2013-08-14,13:56:00,4.333333333333333,18.599891662597656,2.466666666666667
2013-08-14,14:01:00,4.785714285714286,19.57127707345145,2.642857142857143
2013-08-14,14:06:00,6.642857142857142,16.785608019147595,2.7142857142857144
2013-08-14,14:11:00,4.4,15.799942016601562,2.466666666666667
2013-08-14,14:16:00,5.266666666666667,18.999900817871094,2.8
2013-08-14,14:21:00,4.2,18.999900817871094,2.8666666666666667
2013-08-14,14:26:00,4.666666666666667,17.599881490071613,2.7333333333333334
2013-08-14,14:31:00,4.133333333333333,19.199905395507812,3.0
2013-08-14,14:36:00,4.571428571428573,16.142763410295757,2.642857142857143
2013-08-14,14:41:00,4.214285714285714,18.356990814208984,2.5
2013-08-14,14:46:00,4.142857142857142,22.999954223632812,2.9285714285714284
2013-08-14,14:51:00,4.6,19.06653086344401,2.6666666666666665
2013-08-14,14:56:00,4.285714285714286,18.92843246459961,2.571428571428572
2013-08-14,15:01:00,4.933333333333334,17.066561381022133,3.2666666666666666
2013-08-14,15:06:00,10.142857142857146,23.142773764474054,24.357142857142854
2013-08-14,15:11:01,4.5,35.857037135532934,2.7857142857142856
2013-08-14,15:16:01,4.733333333333333,22.599932352701828,2.7333333333333334
2013-08-14,15:21:01,4.333333333333333,19.399871826171875,2.7333333333333334
2013-08-14,15:26:01,4.6,17.9998779296875,3.066666666666667
2013-08-14,15:31:01,4.466666666666667,16.73322041829427,3.333333333333333
2013-08-14,15:36:01,4.6428571428571415,16.35709490094866,2.5
2013-08-14,15:41:01,4.4,16.59985860188802,3.333333333333333
2013-08-14,15:46:01,4.266666666666667,19.399871826171875,2.933333333333333
2013-08-14,15:51:01,4.466666666666667,16.399917602539062,3.2666666666666666
2013-08-14,15:56:01,3.933333333333333,17.733243306477863,3.333333333333333
2013-08-14,16:01:01,4.6428571428571415,15.142795017787389,3.2857142857142856
2013-08-14,16:06:01,6.571428571428571,21.071338653564453,3.5
2013-08-14,16:11:01,5.0,18.49985122680664,2.7857142857142856
2013-08-14,16:16:01,4.6,18.7332280476888,3.2
2013-08-14,16:21:01,4.785714285714286,19.357013702392578,3.2142857142857144
2013-08-14,16:26:01,4.866666666666667,18.666534423828125,3.2
2013-08-14,16:31:01,4.071428571428572,20.42848042079381,2.9285714285714284
2013-08-14,16:36:01,4.733333333333333,18.466555277506508,3.2
2013-08-14,16:41:01,4.071428571428572,16.785594395228795,2.571428571428572
2013-08-14,16:46:01,5.214285714285714,20.85704803466797,2.8571428571428568
2013-08-14,16:51:01,4.142857142857142,18.92843246459961,2.357142857142857
2013-08-14,16:56:01,4.4,19.733212788899742,3.1333333333333333
2013-08-14,17:01:01,4.533333333333333,17.733167012532554,9.933333333333334
2013-08-14,17:06:01,6.357142857142858,16.499928065708705,2.5
2013-08-14,17:11:01,4.866666666666667,18.933207194010418,3.2
2013-08-14,17:16:01,4.285714285714286,23.64278520856585,3.2142857142857144
2013-08-14,17:21:01,5.071428571428573,19.857025146484375,2.7142857142857144
2013-08-14,17:26:02,3.8666666666666663,18.066546122233074,3.0
2013-08-14,17:31:02,4.571428571428573,18.142754690987726,2.642857142857143
2013-08-14,17:36:02,4.6,16.466585795084633,3.2
2013-08-14,17:41:02,4.4,17.19989776611328,2.533333333333333
2013-08-14,17:46:02,4.733333333333333,16.533228556315102,3.2
2013-08-14,17:51:02,4.142857142857142,17.928450448172434,2.642857142857143
2013-08-14,17:56:02,4.8571428571428585,17.78554916381836,2.4285714285714284
2013-08-14,18:01:02,4.214285714285714,20.214176177978516,3.2857142857142856
2013-08-14,18:06:02,6.857142857142858,20.357063838413783,3.0
2013-08-14,18:11:02,4.466666666666667,17.59984334309896,3.2
2013-08-14,18:16:02,4.285714285714286,20.785604204450337,2.8571428571428568
2013-08-14,18:21:02,5.066666666666666,18.7332280476888,3.2666666666666666
2013-08-14,18:26:02,4.2,16.799888610839844,6.933333333333334
2013-08-14,18:31:01,5.142857142857143,18.428421020507812,2.571428571428572
2013-08-14,18:36:01,4.357142857142858,16.571317400251115,2.5
2013-08-14,18:41:01,4.571428571428573,17.64272962297712,2.2857142857142856
2013-08-14,18:46:01,4.333333333333333,17.266629536946617,2.466666666666667
2013-08-14,18:51:01,4.285714285714286,17.857020241873606,2.7142857142857144
2013-08-14,18:56:01,4.6,18.533248901367188,2.933333333333333
2013-08-14,19:01:01,4.133333333333333,18.19988250732422,9.866666666666667
2013-08-14,19:06:02,7.2666666666666675,17.13324228922526,2.933333333333333
2013-08-14,19:11:02,4.133333333333333,17.199923197428383,3.066666666666667
2013-08-14,19:16:02,5.0,21.13324483235677,3.0
2013-08-14,19:21:02,4.4,16.933224995930992,3.0
2013-08-14,19:26:02,4.214285714285714,15.92848641531808,3.2142857142857144
2013-08-14,19:31:02,4.866666666666667,17.533238728841148,2.533333333333333
2013-08-14,19:36:02,4.133333333333333,18.399887084960938,3.1333333333333333
2013-08-14,19:41:02,5.066666666666666,18.66655985514323,2.333333333333333
2013-08-14,19:46:02,4.266666666666667,17.19989776611328,3.466666666666667
2013-08-14,19:51:02,4.785714285714286,18.785640171595983,2.357142857142857
2013-08-14,19:56:02,4.266666666666667,16.199913024902344,2.7333333333333334
2013-08-14,20:01:02,4.733333333333333,15.999946594238281,9.533333333333333
2013-08-14,20:06:02,6.6,19.199905395507812,2.466666666666667
2013-08-14,20:11:02,4.133333333333333,19.599876403808594,2.466666666666667
2013-08-14,20:16:02,5.266666666666667,19.799880981445312,2.8
2013-08-14,20:21:02,3.933333333333333,18.79985809326172,2.533333333333333
2013-08-14,20:26:02,4.866666666666667,17.599868774414062,2.533333333333333
2013-08-14,20:31:02,4.333333333333333,16.59992218017578,2.466666666666667
2013-08-14,20:36:02,4.133333333333333,15.399894714355469,2.6666666666666665
2013-08-14,20:41:02,4.8,15.599899291992186,2.333333333333333
2013-08-14,20:46:02,4.066666666666666,17.39990234375,3.0
2013-08-14,20:51:02,4.866666666666667,16.399930318196617,2.6666666666666665
2013-08-14,20:56:02,4.533333333333333,16.599909464518227,2.4
2013-08-14,21:01:03,5.2,20.266571044921875,10.133333333333333
2013-08-14,21:06:03,6.533333333333334,17.93320973714193,2.4
2013-08-14,21:11:03,4.466666666666667,18.133277893066406,2.533333333333333
2013-08-14,21:16:03,5.066666666666666,17.866592407226562,2.7333333333333334
2013-08-14,21:21:03,4.0,18.79985809326172,3.066666666666667
2013-08-14,21:26:03,4.733333333333333,17.666562398274742,2.6666666666666665
2013-08-14,21:31:03,4.6,16.533215840657554,2.6
2013-08-14,21:36:03,4.733333333333333,15.199902852376301,2.6
2013-08-14,21:41:03,4.2,15.73326110839844,2.333333333333333
2013-08-14,21:46:03,4.2,15.533231099446617,2.6
2013-08-14,21:51:03,4.8,17.06659952799479,2.933333333333333
2013-08-14,21:56:03,4.0,15.999943869454519,2.2857142857142856
2013-08-14,22:01:03,4.8,15.599912007649738,9.533333333333333
2013-08-14,22:06:03,6.333333333333334,18.799896240234375,2.8666666666666667
2013-08-14,22:11:03,4.666666666666667,20.066553751627605,2.933333333333333
2013-08-14,22:16:03,4.333333333333333,17.733192443847656,2.7333333333333334
2013-08-14,22:21:03,4.2,17.39987691243489,3.1333333333333333
2013-08-14,22:26:03,4.533333333333333,16.666552225748696,2.6666666666666665
2013-08-14,22:31:03,3.8,17.133229573567707,3.066666666666667
2013-08-14,22:36:03,4.733333333333333,17.999852498372395,2.8666666666666667
2013-08-14,22:41:03,3.8666666666666663,20.26655832926432,2.6666666666666665
2013-08-14,22:46:03,4.6,18.199920654296875,3.0
2013-08-14,22:51:03,4.2,21.199874877929688,3.0
2013-08-14,22:56:03,4.4,18.666534423828125,2.4
2013-08-14,23:01:03,5.0,16.866556803385414,10.266666666666667
2013-08-14,23:06:03,5.8,20.33323923746745,2.6666666666666665
2013-08-14,23:11:04,4.533333333333333,16.666577657063804,2.8666666666666667
2013-08-14,23:16:04,4.466666666666667,19.99988555908203,2.933333333333333
2013-08-14,23:21:04,4.666666666666667,19.399871826171875,3.066666666666667
2013-08-14,23:26:04,4.2,17.5332514444987,2.333333333333333
2013-08-14,23:31:04,4.266666666666667,16.799914042154946,2.933333333333333
2013-08-14,23:36:04,4.733333333333333,18.79985809326172,2.8
2013-08-14,23:41:04,3.933333333333333,19.999923706054688,2.466666666666667
2013-08-14,23:46:04,4.533333333333333,14.599914550781252,2.8666666666666667
2013-08-14,23:51:04,4.133333333333333,15.399932861328125,2.4
2013-08-14,23:56:04,4.466666666666667,16.799888610839844,2.6
2013-08-15,00:01:04,4.733333333333333,15.999870300292967,10.0
2013-08-15,00:06:04,6.0,21.999969482421875,2.8
2013-08-15,00:11:04,4.466666666666667,18.599853515625,3.0
2013-08-15,00:16:04,4.133333333333333,19.399871826171875,2.8
2013-08-15,00:21:04,4.6,18.799896240234375,2.8666666666666667
2013-08-15,00:26:04,4.333333333333333,16.59992218017578,2.4
2013-08-15,00:31:04,4.466666666666667,16.666577657063804,2.933333333333333
2013-08-15,00:36:04,4.333333333333333,19.199905395507812,2.8
2013-08-15,00:41:04,4.266666666666667,19.399871826171875,2.8
2013-08-15,00:46:04,4.466666666666667,18.399887084960938,3.1333333333333333
2013-08-15,00:51:04,3.933333333333333,17.9998779296875,2.8666666666666667
2013-08-15,00:56:05,4.6,18.33326975504557,2.466666666666667
2013-08-15,01:01:05,4.666666666666667,16.666603088378906,10.533333333333333
2013-08-15,01:06:05,6.533333333333334,16.599934895833332,2.533333333333333
2013-08-15,01:11:05,4.466666666666667,16.79987589518229,2.8
2013-08-15,01:16:05,4.733333333333333,19.199905395507812,2.8
2013-08-15,01:21:05,4.933333333333334,18.533185323079426,2.8666666666666667
2013-08-15,01:26:05,3.733333333333333,18.599891662597656,3.066666666666667
2013-08-15,01:31:05,5.066666666666666,17.933197021484375,3.2
2013-08-15,01:36:05,5.8,18.533274332682293,13.6
2013-08-15,01:41:05,5.6,17.06659952799479,16.333333333333332
2013-08-15,01:46:05,4.266666666666667,19.333203633626304,3.466666666666667
2013-08-15,01:51:05,4.133333333333333,20.26655832926432,3.1333333333333333
2013-08-15,01:56:05,4.733333333333333,18.066507975260418,2.533333333333333
2013-08-15,02:01:05,4.333333333333333,15.599924723307293,10.8
2013-08-15,02:06:05,6.866666666666666,19.26654815673828,3.066666666666667
2013-08-15,02:11:05,3.733333333333333,19.399871826171875,2.6
2013-08-15,02:16:05,4.933333333333334,19.933217366536454,2.533333333333333
2013-08-15,02:21:05,4.266666666666667,18.93319447835286,2.8
2013-08-15,02:26:05,4.333333333333333,16.266606648763023,2.533333333333333
2013-08-15,02:31:05,4.666666666666667,18.133227030436196,2.8
2013-08-15,02:36:05,3.933333333333333,18.733189900716148,2.8
2013-08-15,02:41:05,5.066666666666666,16.999867757161457,2.6666666666666665
2013-08-15,02:46:05,3.733333333333333,16.799888610839844,2.8
2013-08-15,02:51:05,4.733333333333333,17.19989776611328,2.8
2013-08-15,02:56:05,4.2,19.066594441731773,2.7333333333333334
2013-08-15,03:01:05,4.866666666666667,17.79987335205078,10.133333333333333
2013-08-15,03:06:05,6.533333333333334,18.066546122233074,3.4
2013-08-15,03:11:05,4.066666666666666,17.466583251953125,4.0
2013-08-15,03:16:05,5.333333333333334,16.59992218017578,3.066666666666667
2013-08-15,03:21:05,3.8666666666666663,17.33325958251953,3.1333333333333333
2013-08-15,03:26:05,5.0,17.39990234375,5.0
2013-08-15,03:31:05,5.0,20.133221944173176,6.666666666666668
2013-08-15,03:36:05,4.933333333333334,19.866549173990883,5.933333333333334
2013-08-15,03:41:05,5.2,19.99988555908203,6.066666666666666
2013-08-15,03:46:05,4.4,17.19982147216797,4.8
2013-08-15,03:51:05,5.466666666666666,16.533228556315102,4.933333333333334
2013-08-15,03:56:05,4.4,17.46655782063802,4.666666666666667
2013-08-15,04:01:05,5.7333333333333325,15.933252970377602,12.4
2013-08-15,04:06:05,6.7333333333333325,16.26659393310547,5.333333333333333
2013-08-15,04:11:05,4.8,19.666595458984375,4.4
2013-08-15,04:16:05,5.466666666666666,18.133227030436196,5.933333333333334
2013-08-15,04:21:06,4.6,18.199920654296875,5.466666666666668
2013-08-15,04:26:06,5.6,18.79985809326172,5.133333333333334
2013-08-15,04:31:06,4.266666666666667,17.19989776611328,5.7333333333333325
2013-08-15,04:36:06,5.2,17.199935913085938,5.133333333333334
2013-08-15,04:41:06,4.6,15.999895731608074,4.6
2013-08-15,04:46:06,4.8,18.799896240234375,5.8
2013-08-15,04:51:06,4.866666666666667,18.199920654296875,3.533333333333333
2013-08-15,04:56:06,3.933333333333333,16.59992218017578,3.6
2013-08-15,05:01:06,14.133333333333333,14.799919128417969,100.0
2013-08-15,05:06:06,7.533333333333334,20.799903869628906,5.0
2013-08-15,05:11:06,4.733333333333333,16.999893188476562,4.666666666666667
2013-08-15,05:16:06,5.333333333333334,18.599929809570312,5.0
2013-08-15,05:21:06,4.333333333333333,15.799942016601562,3.933333333333333
2013-08-15,05:26:06,5.266666666666667,19.933255513509117,4.0
2013-08-15,05:31:06,4.266666666666667,17.266565958658855,3.8666666666666663
2013-08-15,05:36:06,4.933333333333334,20.733235677083336,3.533333333333333
2013-08-15,05:41:06,4.466666666666667,18.39984893798828,3.6666666666666665
2013-08-15,05:46:06,4.866666666666667,14.799944559733069,3.8666666666666663
2013-08-15,05:51:06,5.0,16.93323771158854,3.8666666666666663
2013-08-15,05:56:06,4.133333333333333,18.79993438720703,3.466666666666667
2013-08-15,06:01:06,5.7333333333333325,18.93327077229818,10.933333333333335
2013-08-15,06:06:06,5.533333333333334,19.86657460530599,3.533333333333333
2013-08-15,06:11:06,10.733333333333333,26.133244832356773,100.0
2013-08-15,06:16:06,17.2,45.93324025472006,9.066666666666666
2013-08-15,06:21:06,4.8,30.666605631510425,4.333333333333333
2013-08-15,06:26:06,4.866666666666667,20.533231099446613,3.2
2013-08-15,06:31:06,5.066666666666666,18.399874369303383,3.466666666666667
2013-08-15,06:36:06,4.533333333333333,18.46654256184896,3.733333333333333
2013-08-15,06:41:06,4.933333333333334,20.39989471435547,3.466666666666667
2013-08-15,06:46:06,4.066666666666666,18.39984893798828,2.8
2013-08-15,06:51:06,4.8,15.333290100097658,2.8
2013-08-15,06:56:07,4.066666666666666,16.866544087727863,2.333333333333333
2013-08-15,07:01:07,4.933333333333334,17.333221435546875,9.8
2013-08-15,07:06:07,6.0,19.666570027669266,2.7333333333333334
2013-08-15,07:11:07,4.4,15.266621907552084,2.533333333333333
2013-08-15,07:16:07,5.066666666666666,19.533284505208336,2.8
2013-08-15,07:21:06,3.8666666666666663,20.533231099446613,2.7333333333333334
2013-08-15,07:26:06,4.733333333333333,18.39984893798828,2.6
2013-08-15,07:31:06,4.466666666666667,19.199867248535156,2.466666666666667
2013-08-15,07:36:06,4.2,19.599876403808594,2.6
2013-08-15,07:41:06,4.666666666666667,18.66655985514323,2.466666666666667
2013-08-15,07:46:06,4.4,21.666590372721352,2.466666666666667
2013-08-15,07:51:07,4.8,19.53320821126302,2.933333333333333
2013-08-15,07:56:07,3.933333333333333,17.86651611328125,2.533333333333333
2013-08-15,08:01:07,5.333333333333334,18.266563415527344,10.266666666666667
2013-08-15,08:06:07,5.8,18.599853515625,2.533333333333333
2013-08-15,08:11:07,4.266666666666667,18.93319447835286,2.6666666666666665
2013-08-15,08:16:07,4.866666666666667,16.999893188476562,2.6
2013-08-15,08:21:07,4.466666666666667,17.999916076660156,2.8
2013-08-15,08:26:07,4.733333333333333,16.999893188476562,2.7333333333333334
2013-08-15,08:31:07,3.933333333333333,18.999862670898438,3.0
2013-08-15,08:36:07,4.666666666666667,17.399864196777344,2.466666666666667
2013-08-15,08:41:07,4.266666666666667,17.39990234375,2.933333333333333
2013-08-15,08:46:07,4.266666666666667,18.799896240234375,2.466666666666667
2013-08-15,08:51:07,4.8,16.7999267578125,2.933333333333333
2013-08-15,08:56:07,4.4,18.399887084960938,2.466666666666667
2013-08-15,09:01:07,5.133333333333334,18.199844360351562,10.333333333333334
2013-08-15,09:06:07,5.466666666666666,19.199905395507812,2.8
2013-08-15,09:11:07,4.733333333333333,17.733192443847656,2.533333333333333
2013-08-15,09:16:07,4.666666666666667,19.399871826171875,2.6
2013-08-15,09:21:07,4.533333333333333,19.99988555908203,2.6666666666666665
2013-08-15,09:26:07,4.733333333333333,21.999893188476562,2.6
2013-08-15,09:31:07,4.066666666666666,17.9998779296875,2.8666666666666667
2013-08-15,09:36:07,5.333333333333334,19.799880981445312,3.0
2013-08-15,09:41:07,4.133333333333333,18.599853515625,2.533333333333333
2013-08-15,09:46:07,4.866666666666667,19.19989267985026,2.933333333333333
2013-08-15,09:51:07,4.4,15.799942016601562,2.533333333333333
2013-08-15,09:56:07,5.0,17.666536966959637,3.333333333333333
2013-08-15,10:01:07,4.866666666666667,18.599891662597656,9.733333333333333
2013-08-15,10:06:07,6.2666666666666675,15.466601053873699,3.533333333333333
2013-08-15,10:11:07,5.066666666666666,19.53320821126302,2.933333333333333
2013-08-15,10:16:08,4.4,18.26653798421224,2.466666666666667
2013-08-15,10:21:08,4.866666666666667,19.933242797851562,2.533333333333333
2013-08-15,10:26:08,4.533333333333333,16.199925740559895,2.533333333333333
2013-08-15,10:31:08,4.733333333333333,17.799898783365887,2.8
2013-08-15,10:36:08,4.8,17.866592407226562,2.6666666666666665
2013-08-15,10:41:08,3.933333333333333,19.533246358235672,3.2
2013-08-15,10:46:08,5.2,18.866564432779946,3.733333333333333
2013-08-15,10:51:08,4.066666666666666,21.199913024902344,2.8
2013-08-15,10:56:08,4.866666666666667,18.999862670898438,3.4
2013-08-15,11:01:08,4.4,18.999862670898438,9.866666666666667
2013-08-15,11:06:08,6.6,19.99988555908203,2.6
2013-08-15,11:11:08,4.733333333333333,18.33319346110026,2.8
2013-08-15,11:16:08,4.266666666666667,19.133211771647133,2.533333333333333
2013-08-15,11:21:08,5.266666666666667,18.599853515625,3.2666666666666666
2013-08-15,11:26:08,4.333333333333333,20.466562906901043,4.066666666666666
2013-08-15,11:31:08,5.0,18.93319447835286,3.466666666666667
2013-08-15,11:36:08,4.533333333333333,16.999944051106773,3.533333333333333
2013-08-15,11:41:08,4.6,16.466573079427082,3.1333333333333333
2013-08-15,11:46:08,4.866666666666667,19.06653086344401,3.1333333333333333
2013-08-15,11:51:08,4.466666666666667,19.133199055989582,3.2666666666666666
2013-08-15,11:56:08,5.133333333333334,19.266573588053383,2.8666666666666667
2013-08-15,12:01:08,4.6,19.266535441080727,11.066666666666665
2013-08-15,12:06:08,7.2666666666666675,16.466547648111977,2.933333333333333
2013-08-15,12:11:08,4.533333333333333,16.79993947347005,3.1333333333333333
2013-08-15,12:16:08,4.866666666666667,18.199895222981773,2.8666666666666667
2013-08-15,12:21:08,4.8,20.73321024576823,3.0
2013-08-15,12:26:08,4.666666666666667,17.599868774414062,3.066666666666667
2013-08-15,12:31:08,5.0,19.99988555908203,2.7333333333333334
2013-08-15,12:36:08,4.133333333333333,18.66655985514323,2.8666666666666667
2013-08-15,12:41:08,5.0,17.59984334309896,3.066666666666667
2013-08-15,12:46:08,4.4,15.933265686035156,3.466666666666667
2013-08-15,12:51:08,4.8,18.599853515625,3.0
2013-08-15,12:56:08,4.733333333333333,20.466562906901043,3.6
2013-08-15,13:01:08,4.266666666666667,20.466562906901043,10.333333333333334
2013-08-15,13:06:08,7.4,20.999908447265625,3.2
2013-08-15,13:11:08,4.066666666666666,18.799896240234375,2.8666666666666667
2013-08-15,13:16:08,5.066666666666666,18.599929809570312,2.8
2013-08-15,13:21:08,4.533333333333333,18.399887084960938,2.533333333333333
2013-08-15,13:26:08,4.4,19.999847412109375,3.2
2013-08-15,13:31:08,4.933333333333334,18.999862670898438,2.6
2013-08-15,13:36:08,4.2,17.39990234375,2.533333333333333
2013-08-15,13:41:09,5.2,16.7999267578125,2.8
2013-08-15,13:46:09,4.0,16.7999267578125,2.466666666666667
2013-08-15,13:51:09,4.933333333333334,19.199867248535156,2.7333333333333334
2013-08-15,13:56:09,4.466666666666667,17.19989776611328,2.6
2013-08-15,14:01:09,4.733333333333333,17.399927775065105,9.733333333333333
2013-08-15,14:06:09,7.066666666666666,20.799903869628906,3.8666666666666663
2013-08-15,14:11:09,4.333333333333333,20.799903869628906,3.1333333333333333
2013-08-15,14:16:09,5.666666666666666,19.199867248535156,3.8
2013-08-15,14:21:09,4.4,17.666575113932293,2.7333333333333334
2013-08-15,14:26:09,4.866666666666667,17.79987335205078,3.4
2013-08-15,14:31:09,4.266666666666667,16.399943033854164,2.8
2013-08-15,14:36:09,4.466666666666667,21.86659495035807,2.6
2013-08-15,14:41:09,4.8,21.86655680338542,2.7333333333333334
2013-08-15,14:46:09,4.2,17.199859619140625,3.333333333333333
2013-08-15,14:51:09,5.133333333333334,18.999862670898438,2.8
2013-08-15,14:56:09,4.2,16.666577657063804,2.7333333333333334
2013-08-15,15:01:09,4.866666666666667,15.733248392740887,9.8
2013-08-15,15:06:09,6.4,19.399871826171875,3.066666666666667
2013-08-15,15:11:09,4.466666666666667,17.133229573567707,2.6666666666666665
2013-08-15,15:16:09,5.266666666666667,22.733243306477867,3.8
2013-08-15,15:21:09,4.266666666666667,19.53320821126302,2.8
2013-08-15,15:26:09,5.2,20.066553751627605,3.333333333333333
2013-08-15,15:31:09,3.933333333333333,17.93320973714193,2.7333333333333334
2013-08-15,15:36:09,4.733333333333333,17.733243306477863,2.8
2013-08-15,15:41:09,4.4,18.866564432779946,3.1333333333333333
2013-08-15,15:46:09,4.6,16.399904886881508,3.4
2013-08-15,15:51:09,5.0,18.999913533528645,2.933333333333333
2013-08-15,15:56:09,4.4,19.999898274739582,3.466666666666667
2013-08-15,16:01:09,5.6,19.933217366536454,9.866666666666667
2013-08-15,16:06:09,6.2666666666666675,18.26655069986979,2.933333333333333
2013-08-15,16:11:09,5.0,17.666575113932293,2.7333333333333334
2013-08-15,16:16:09,4.6,20.1998774210612,2.4
2013-08-15,16:21:09,4.666666666666667,20.399881998697914,3.333333333333333
2013-08-15,16:26:09,4.8,17.333246866861977,2.6666666666666665
2013-08-15,16:31:09,4.133333333333333,17.399940490722656,2.8
2013-08-15,16:36:09,5.2,17.666562398274742,2.533333333333333
2013-08-15,16:41:09,4.066666666666666,20.466562906901043,2.6
2013-08-15,16:46:09,5.0,18.39984893798828,3.1333333333333333
2013-08-15,16:51:09,4.533333333333333,17.79987335205078,2.8666666666666667
2013-08-15,16:56:09,4.4,18.666547139485672,2.6
2013-08-15,17:01:09,5.133333333333334,17.066574096679688,10.666666666666666
2013-08-15,17:06:09,6.066666666666666,18.999926249186196,3.066666666666667
2013-08-15,17:11:09,5.466666666666666,17.799911499023438,3.533333333333333
2013-08-15,17:16:09,4.2,19.53320821126302,2.8
2013-08-15,17:21:09,5.066666666666666,19.53320821126302,3.533333333333333
2013-08-15,17:26:09,4.4,18.399899800618485,2.933333333333333
2013-08-15,17:31:09,4.8,16.133270263671875,2.933333333333333
2013-08-15,17:36:09,4.866666666666667,20.26655832926432,3.0
2013-08-15,17:41:09,4.466666666666667,19.866549173990883,3.0
2013-08-15,17:46:10,5.266666666666667,17.133229573567707,2.8666666666666667
2013-08-15,17:51:10,4.533333333333333,19.799880981445312,2.933333333333333
2013-08-15,17:56:10,5.0,17.9998779296875,2.933333333333333
2013-08-15,18:01:10,5.2,18.799896240234375,10.2
2013-08-15,18:06:10,6.6,17.19989776611328,3.0
2013-08-15,18:11:10,4.666666666666667,17.06659952799479,2.7333333333333334
2013-08-15,18:16:10,4.333333333333333,19.79991912841797,2.6666666666666665
2013-08-15,18:21:10,5.0,18.399925231933594,2.933333333333333
2013-08-15,18:26:10,3.933333333333333,18.99993896484375,3.0
2013-08-15,18:31:10,4.866666666666667,17.599868774414062,2.8666666666666667
2013-08-15,18:36:10,4.6,16.399917602539062,3.6666666666666665
2013-08-15,18:41:10,4.466666666666667,16.999893188476562,2.8666666666666667
2013-08-15,18:46:10,4.733333333333333,19.199867248535156,2.466666666666667
2013-08-15,18:51:10,4.0,18.933258056640625,2.466666666666667
2013-08-15,18:56:10,5.0,20.19989013671875,2.8666666666666667
2013-08-15,19:01:10,4.533333333333333,22.199935913085938,9.933333333333334
2013-08-15,19:06:10,6.666666666666666,21.7999267578125,3.533333333333333
2013-08-15,19:11:10,4.133333333333333,18.199844360351562,2.466666666666667
2013-08-15,19:16:10,4.733333333333333,17.79987335205078,3.4
2013-08-15,19:21:10,4.666666666666667,19.266535441080727,2.6666666666666665
2013-08-15,19:26:10,4.2,18.79985809326172,2.8666666666666667
2013-08-15,19:31:10,4.8,18.99988810221354,3.0
2013-08-15,19:36:10,4.2,20.066566467285156,2.6
2013-08-15,19:41:10,4.533333333333333,16.799914042154946,2.6666666666666665
2013-08-15,19:46:10,4.6,16.199913024902344,3.0
2013-08-15,19:51:10,4.533333333333333,19.266586303710938,2.6
2013-08-15,19:56:10,4.533333333333333,17.533200581868485,2.466666666666667
2013-08-15,20:01:10,4.333333333333333,15.866635640462242,9.666666666666666
2013-08-15,20:06:10,6.933333333333334,19.93323008219401,3.066666666666667
2013-08-15,20:11:10,4.066666666666666,18.79985809326172,2.533333333333333
2013-08-15,20:16:10,4.8,20.866572062174477,2.7333333333333334
2013-08-15,20:21:10,4.4,22.13326772054036,2.466666666666667
2013-08-15,20:26:11,4.466666666666667,19.266535441080727,2.8
2013-08-15,20:31:11,4.4,18.33318074544271,2.533333333333333
2013-08-15,20:36:11,4.266666666666667,18.066533406575523,2.466666666666667
2013-08-15,20:41:11,4.733333333333333,17.399864196777344,2.4
2013-08-15,20:46:11,3.933333333333333,17.199885050455727,2.933333333333333
2013-08-15,20:51:11,4.8,18.533248901367188,2.7333333333333334
2013-08-15,20:56:11,4.266666666666667,18.66657257080078,2.6
2013-08-15,21:01:10,4.866666666666667,16.333236694335938,9.733333333333333
2013-08-15,21:06:10,6.133333333333334,18.466555277506508,2.533333333333333
2013-08-15,21:11:10,4.133333333333333,18.333218892415367,2.6
2013-08-15,21:16:10,5.2,19.73322550455729,2.6
2013-08-15,21:21:10,4.0,23.133290608723954,2.7333333333333334
2013-08-15,21:26:10,11.733333333333333,27.733217875162758,2.6
2013-08-15,21:31:10,4.333333333333333,42.79989878336588,2.6666666666666665
2013-08-15,21:36:11,4.266666666666667,22.666587829589844,2.7333333333333334
2013-08-15,21:41:11,4.6,20.533218383789062,2.466666666666667
2013-08-15,21:46:11,3.8666666666666663,19.599863688151043,3.533333333333333
2013-08-15,21:51:11,5.133333333333334,18.26653798421224,2.8666666666666667
2013-08-15,21:56:11,3.8666666666666663,18.93319447835286,2.7333333333333334
2013-08-15,22:01:11,5.333333333333334,19.266560872395832,10.066666666666666
2013-08-15,22:06:11,5.933333333333334,19.266586303710938,2.6666666666666665
2013-08-15,22:11:11,4.266666666666667,15.999908447265627,2.2666666666666666
2013-08-15,22:16:11,5.133333333333334,16.999855041503906,2.8
2013-08-15,22:21:11,4.066666666666666,18.19988250732422,2.7333333333333334
2013-08-15,22:26:11,4.933333333333334,19.199905395507812,2.933333333333333
2013-08-15,22:31:11,3.6,17.599830627441406,2.533333333333333
2013-08-15,22:36:11,4.8,17.79987335205078,2.6666666666666665
2013-08-15,22:41:11,4.266666666666667,17.9998779296875,3.1333333333333333
2013-08-15,22:46:11,4.333333333333333,18.399925231933594,2.7333333333333334
2013-08-15,22:51:11,4.8,18.99993896484375,2.8666666666666667
2013-08-15,22:56:11,4.066666666666666,16.533279418945312,3.066666666666667
2013-08-15,23:01:11,5.466666666666666,19.39990997314453,10.066666666666666
2013-08-15,23:06:11,5.533333333333334,16.59992218017578,3.066666666666667
2013-08-15,23:11:11,4.733333333333333,17.39990234375,2.6666666666666665
2013-08-15,23:16:11,4.4,21.399917602539062,3.2
2013-08-15,23:21:11,4.466666666666667,20.39989471435547,2.933333333333333
2013-08-15,23:26:11,4.466666666666667,18.39984893798828,3.2666666666666666
2013-08-15,23:31:11,4.2,19.933242797851562,3.6
2013-08-15,23:36:11,4.733333333333333,18.13317616780599,3.066666666666667
2013-08-15,23:41:11,4.0,18.666547139485672,3.2
2013-08-15,23:46:11,4.533333333333333,20.733235677083336,3.066666666666667
2013-08-15,23:51:11,4.4,17.933247884114586,2.8666666666666667
2013-08-15,23:56:11,4.733333333333333,16.133206685384113,2.8666666666666667
2013-08-16,00:01:11,5.133333333333334,18.19988250732422,10.466666666666667
2013-08-16,00:06:11,5.866666666666666,16.7999267578125,2.8666666666666667
2013-08-16,00:11:12,4.6,16.066576639811196,2.933333333333333
2013-08-16,00:16:12,4.2,18.199869791666668,3.2
2013-08-16,00:21:12,4.4,21.13324483235677,3.066666666666667
2013-08-16,00:26:12,4.266666666666667,21.399917602539062,3.2
2013-08-16,00:31:12,4.133333333333333,17.266553243001297,2.7333333333333334
2013-08-16,00:36:12,4.666666666666667,15.333239237467444,2.7333333333333334
2013-08-16,00:41:12,4.266666666666667,17.733230590820312,2.6666666666666665
2013-08-16,00:46:12,4.6,16.399917602539062,3.0
2013-08-16,00:51:12,4.066666666666666,13.666598002115881,3.1333333333333333
2013-08-16,00:56:12,4.6,17.5332514444987,2.4
2013-08-16,01:01:12,5.0,17.666536966959637,9.866666666666667
2013-08-16,01:06:12,6.4,21.13324483235677,2.8
2013-08-16,01:11:12,4.733333333333333,17.733167012532554,2.8666666666666667
2013-08-16,01:16:12,4.6,17.266565958658855,3.1333333333333333
2013-08-16,01:21:12,5.2,19.533246358235672,2.466666666666667
2013-08-16,01:26:12,3.933333333333333,19.46654001871745,2.933333333333333
2013-08-16,01:31:12,6.666666666666666,19.066543579101562,9.8
2013-08-16,01:36:12,4.266666666666667,18.133227030436196,2.7333333333333334
2013-08-16,01:41:12,5.066666666666666,19.799880981445312,14.466666666666667
2013-08-16,01:46:12,4.733333333333333,19.199867248535156,3.0
2013-08-16,01:51:12,4.266666666666667,21.266581217447914,2.4
2013-08-16,01:56:12,4.866666666666667,19.133199055989582,3.2666666666666666
2013-08-16,02:01:12,4.6,16.53325398763021,10.733333333333333
2013-08-16,02:06:12,6.466666666666666,18.866564432779946,3.0
2013-08-16,02:11:12,4.133333333333333,16.399879455566406,2.4
2013-08-16,02:16:12,4.333333333333333,20.999908447265625,2.6
2013-08-16,02:21:12,4.733333333333333,17.799886067708336,2.533333333333333
2013-08-16,02:26:12,4.0,19.733250935872395,2.6666666666666665
2013-08-16,02:31:12,4.733333333333333,16.86658223470052,2.533333333333333
2013-08-16,02:36:12,3.733333333333333,18.73321533203125,2.6666666666666665
2013-08-16,02:41:12,4.533333333333333,19.599876403808594,2.6
2013-08-16,02:46:12,4.066666666666666,15.799980163574217,2.933333333333333
2013-08-16,02:51:12,4.066666666666666,17.19989776611328,2.933333333333333
2013-08-16,02:56:12,4.466666666666667,16.99993133544922,2.6
2013-08-16,03:01:12,4.4,18.066609700520832,10.4
2013-08-16,03:06:12,6.7333333333333325,20.39989471435547,3.6
2013-08-16,03:11:12,3.8,17.266565958658855,4.0
2013-08-16,03:16:12,4.733333333333333,21.799888610839844,3.333333333333333
2013-08-16,03:21:12,4.333333333333333,20.39989471435547,4.266666666666667
2013-08-16,03:26:12,4.533333333333333,17.199935913085938,4.933333333333334
2013-08-16,03:31:12,5.2,20.399856567382812,5.133333333333334
2013-08-16,03:36:12,4.8,19.799880981445312,5.133333333333334
2013-08-16,03:41:12,4.933333333333334,17.999839782714844,4.533333333333333
2013-08-16,03:46:12,4.2,16.999893188476562,4.133333333333334
2013-08-16,03:51:12,4.866666666666667,14.599952697753906,4.733333333333333
2013-08-16,03:56:12,4.266666666666667,16.86656951904297,3.1333333333333333
2013-08-16,04:01:12,5.066666666666666,16.666577657063804,11.0
2013-08-16,04:06:12,6.8,17.9998779296875,4.733333333333333
2013-08-16,04:11:12,4.733333333333333,15.199953715006512,4.933333333333334
2013-08-16,04:16:12,5.466666666666666,20.466562906901043,5.0
2013-08-16,04:21:12,4.4,19.266535441080727,4.533333333333333
2013-08-16,04:26:12,5.0,18.999862670898438,5.533333333333332
2013-08-16,04:31:12,4.6,17.533226013183594,5.4
2013-08-16,04:36:13,4.133333333333333,18.466555277506508,2.7333333333333334
2013-08-16,04:41:13,4.866666666666667,15.866610209147133,5.0
2013-08-16,04:46:13,3.933333333333333,15.466626485188806,2.6666666666666665
2013-08-16,04:51:13,5.2,18.66655985514323,2.7333333333333334
2013-08-16,04:56:13,3.8666666666666663,18.333282470703125,2.533333333333333
2013-08-16,05:01:13,13.066666666666668,19.39992268880208,100.0
2013-08-16,05:06:13,7.4,21.13324483235677,3.2666666666666666
2013-08-16,05:11:13,4.466666666666667,17.9998779296875,3.333333333333333
2013-08-16,05:16:13,4.933333333333334,18.599891662597656,3.066666666666667
2013-08-16,05:21:13,4.066666666666666,21.13324483235677,3.2
2013-08-16,05:26:13,5.133333333333334,18.33319346110026,3.533333333333333
2013-08-16,05:31:13,3.6,19.133262634277344,2.8666666666666667
2013-08-16,05:36:13,4.466666666666667,17.866554260253906,2.466666666666667
2013-08-16,05:41:13,4.266666666666667,15.866610209147133,2.533333333333333
2013-08-16,05:46:13,4.0,18.933232625325523,2.6666666666666665
2013-08-16,05:51:13,4.666666666666667,16.266568501790367,2.533333333333333
2013-08-16,05:56:13,3.666666666666667,18.133214314778645,2.6
2013-08-16,06:01:13,5.0,20.133221944173176,9.666666666666666
2013-08-16,06:06:13,5.8,17.13319142659505,2.6666666666666665
2013-08-16,06:11:13,4.6,17.866579691569008,2.466666666666667
2013-08-16,06:16:13,4.4,19.13323720296224,2.6
2013-08-16,06:21:13,4.066666666666666,17.999865214029946,2.6666666666666665
2013-08-16,06:26:13,4.666666666666667,18.86652628580729,2.533333333333333
2013-08-16,06:31:13,3.6,18.79993438720703,2.6
2013-08-16,06:36:13,5.133333333333334,15.399894714355469,3.0
2013-08-16,06:41:13,3.733333333333333,16.99993133544922,2.533333333333333
2013-08-16,06:46:13,4.6,14.599952697753906,2.933333333333333
2013-08-16,06:51:13,4.333333333333333,17.599945068359375,2.6
2013-08-16,06:56:13,4.2,16.13323211669922,2.533333333333333
2013-08-16,07:01:13,4.933333333333334,17.39985148111979,9.8
2013-08-16,07:06:13,6.066666666666666,18.79993438720703,2.8666666666666667
2013-08-16,07:11:13,5.133333333333334,16.99993133544922,2.6666666666666665
2013-08-16,07:16:13,3.8666666666666663,19.799957275390625,2.6666666666666665
2013-08-16,07:21:13,4.733333333333333,17.199859619140625,2.6
2013-08-16,07:26:13,4.133333333333333,17.199859619140625,2.6
2013-08-16,07:31:13,4.2,17.39990234375,2.533333333333333
2013-08-16,07:36:13,4.6,17.79987335205078,2.6
2013-08-16,07:41:13,3.6,18.399887084960938,2.466666666666667
2013-08-16,07:46:13,4.933333333333334,16.799888610839844,2.7333333333333334
2013-08-16,07:51:13,3.8,18.533185323079426,2.8666666666666667
2013-08-16,07:56:13,4.6,17.133255004882812,2.6
2013-08-16,08:01:13,4.2,17.06658681233724,9.866666666666667
2013-08-16,08:06:13,6.333333333333334,20.133221944173176,2.6
2013-08-16,08:11:13,4.666666666666667,18.66652170817057,2.6666666666666665
2013-08-16,08:16:13,4.0,19.999898274739582,2.6
2013-08-16,08:21:14,5.0,20.533192952473957,2.6
2013-08-16,08:26:14,3.8,20.066553751627605,2.8666666666666667
2013-08-16,08:31:14,4.533333333333333,15.73326110839844,2.6
2013-08-16,08:36:14,4.133333333333333,18.99987538655599,2.6666666666666665
2013-08-16,08:41:14,4.133333333333333,17.666536966959637,2.466666666666667
2013-08-16,08:46:14,4.4,17.333221435546875,2.533333333333333
2013-08-16,08:51:14,4.066666666666666,17.533276875813804,2.533333333333333
2013-08-16,08:56:14,4.866666666666667,16.466623942057293,2.533333333333333
2013-08-16,09:01:14,4.0,15.466601053873699,9.933333333333334
2013-08-16,09:06:14,6.466666666666666,18.733240763346352,2.8666666666666667
2013-08-16,09:11:14,4.266666666666667,16.933224995930992,2.333333333333333
2013-08-16,09:16:14,4.466666666666667,17.266565958658855,2.6
2013-08-16,09:21:14,4.6,20.799903869628906,2.6
2013-08-16,09:26:14,3.8666666666666663,19.399871826171875,2.6666666666666665
2013-08-16,09:31:14,4.8,18.39984893798828,2.6
2013-08-16,09:36:14,3.933333333333333,19.399871826171875,2.6666666666666665
2013-08-16,09:41:14,4.466666666666667,16.26659393310547,2.6
2013-08-16,09:46:14,4.133333333333333,14.466603597005212,2.6
2013-08-16,09:51:14,4.2,16.999905904134113,2.6666666666666665
2013-08-16,09:56:14,4.6,16.13323211669922,3.0
2013-08-16,10:01:14,4.0,17.79987335205078,10.2
2013-08-16,10:06:14,6.933333333333334,20.933240254720047,2.8666666666666667
2013-08-16,10:11:14,3.733333333333333,19.46654001871745,2.466666666666667
2013-08-16,10:16:14,4.8,16.93323771158854,2.6
2013-08-16,10:21:14,4.4,17.93323516845703,2.6
2013-08-16,10:26:14,3.933333333333333,18.666610717773438,2.466666666666667
2013-08-16,10:31:14,4.6,18.99987538655599,2.533333333333333
2013-08-16,10:36:14,4.133333333333333,15.66663106282552,2.7333333333333334
2013-08-16,10:41:14,4.933333333333334,19.799880981445312,2.6
2013-08-16,10:46:14,3.8666666666666663,18.799896240234375,2.8
2013-08-16,10:51:14,5.8,20.799853006998696,2.6
2013-08-16,10:56:14,5.133333333333334,41.39991760253906,2.7333333333333334
2013-08-16,11:01:14,4.666666666666667,23.99993896484375,10.133333333333333
2013-08-16,11:06:14,6.533333333333334,18.999862670898438,2.8
2013-08-16,11:11:14,3.8,18.599853515625,2.333333333333333
2013-08-16,11:16:14,5.133333333333334,17.59990692138672,2.6666666666666665
2013-08-16,11:21:15,3.733333333333333,18.199844360351562,2.6
2013-08-16,11:26:15,4.666666666666667,19.199867248535156,2.8666666666666667
2013-08-16,11:31:15,4.2,15.599899291992186,2.533333333333333
2013-08-16,11:36:15,4.333333333333333,16.599884033203125,2.8666666666666667
2013-08-16,11:41:15,4.466666666666667,19.799880981445312,3.0
2013-08-16,11:46:15,3.8,22.39990234375,3.4
2013-08-16,11:51:15,5.0,17.599868774414062,2.6666666666666665
2013-08-16,11:56:15,3.733333333333333,15.333277384440105,2.7333333333333334
2013-08-16,12:01:15,5.533333333333334,17.9998779296875,10.333333333333334
2013-08-16,12:06:15,6.2666666666666675,18.199844360351562,2.7333333333333334
2013-08-16,12:11:15,4.533333333333333,16.933212280273438,2.7333333333333334
2013-08-16,12:16:15,4.733333333333333,18.533236185709637,2.8
2013-08-16,12:21:15,4.333333333333333,18.26653798421224,2.6666666666666665
2013-08-16,12:26:15,4.733333333333333,15.733273824055994,2.466666666666667
2013-08-16,12:31:15,3.8,15.466562906901038,2.8
2013-08-16,12:36:15,4.933333333333334,15.533269246419271,3.0
2013-08-16,12:41:15,4.266666666666667,19.39990997314453,2.533333333333333
2013-08-16,12:46:15,4.733333333333333,16.999905904134113,3.066666666666667
2013-08-16,12:51:15,4.666666666666667,20.533192952473957,2.933333333333333
2013-08-16,12:56:15,4.666666666666667,18.733202616373696,3.2
2013-08-16,13:01:15,5.4,16.999893188476562,10.4
2013-08-16,13:06:15,6.066666666666666,18.133227030436196,3.0
2013-08-16,13:11:15,5.2,18.466567993164062,10.866666666666667
2013-08-16,13:16:15,4.933333333333334,19.06653086344401,6.866666666666666
2013-08-16,13:21:15,4.866666666666667,18.26653798421224,2.7333333333333334
2013-08-16,13:26:15,4.533333333333333,21.13324483235677,3.2666666666666666
2013-08-16,13:31:15,4.6,20.39989471435547,6.8
2013-08-16,13:36:15,4.8,17.199910481770832,3.333333333333333
2013-08-16,13:41:15,4.333333333333333,21.13324483235677,2.8666666666666667
2013-08-16,13:46:15,4.8,18.33318074544271,2.6
2013-08-16,13:51:16,4.266666666666667,18.7332280476888,2.933333333333333
2013-08-16,13:56:16,5.066666666666666,18.999913533528645,2.8
2013-08-16,14:01:16,4.733333333333333,16.266568501790367,10.266666666666667
2013-08-16,14:06:16,6.0,15.733248392740887,2.6
2013-08-16,14:11:16,4.6,15.533256530761719,3.1333333333333333
2013-08-16,14:16:16,4.133333333333333,18.333218892415367,3.2
2013-08-16,14:21:16,4.733333333333333,21.13324483235677,2.6666666666666665
2013-08-16,14:26:16,4.466666666666667,17.866554260253906,2.7333333333333334
2013-08-16,14:31:16,4.6,17.666575113932293,2.933333333333333
2013-08-16,14:36:16,4.214285714285714,16.99991226196289,2.7857142857142856
2013-08-16,14:41:16,4.133333333333333,18.53322347005208,2.7333333333333334
2013-08-16,14:46:16,4.533333333333333,17.99989064534505,2.333333333333333
2013-08-16,14:51:16,4.0,15.333251953124998,2.933333333333333
2013-08-16,14:56:16,4.666666666666667,16.333223978678383,2.8
2013-08-16,15:01:16,4.866666666666667,16.399879455566406,10.266666666666667
2013-08-16,15:06:16,6.333333333333334,17.59990692138672,2.933333333333333
2013-08-16,15:11:16,4.333333333333333,15.866559346516926,2.7333333333333334
2013-08-16,15:16:16,4.4,17.599945068359375,3.2
2013-08-16,15:21:16,4.733333333333333,18.599891662597656,2.8
2013-08-16,15:26:16,3.8666666666666663,18.199844360351562,2.533333333333333
2013-08-16,15:31:16,4.666666666666667,17.99989064534505,2.6
2013-08-16,15:36:16,4.8,17.399940490722656,2.933333333333333
2013-08-16,15:41:16,4.866666666666667,18.19988250732422,2.8666666666666667
2013-08-16,15:46:16,4.6,16.59992218017578,7.133333333333334
2013-08-16,15:51:16,4.333333333333333,17.59993235270182,2.8666666666666667
2013-08-16,15:56:16,4.866666666666667,18.799896240234375,2.8
2013-08-16,16:01:16,4.466666666666667,17.999916076660156,10.0
2013-08-16,16:06:16,6.333333333333334,16.333274841308594,3.1333333333333333
2013-08-16,16:11:16,4.533333333333333,19.199867248535156,2.6666666666666665
2013-08-16,16:16:16,4.933333333333334,14.599952697753906,2.533333333333333
2013-08-16,16:21:16,4.533333333333333,18.99993896484375,2.6666666666666665
2013-08-16,16:26:16,4.4,17.799911499023438,3.2
2013-08-16,16:31:16,4.733333333333333,17.59991963704427,2.533333333333333
2013-08-16,16:36:16,3.933333333333333,17.599957784016922,3.1333333333333333
2013-08-16,16:41:16,4.6,17.133204142252602,3.6666666666666665
2013-08-16,16:46:16,4.266666666666667,19.13323720296224,3.1333333333333333
2013-08-16,16:51:16,4.8,20.19989013671875,3.333333333333333
2013-08-16,16:56:16,4.2,17.999916076660156,2.7333333333333334
2013-08-16,17:01:16,4.866666666666667,20.19989013671875,10.266666666666667
2013-08-16,17:06:16,6.4,19.266535441080727,2.6
2013-08-16,17:11:16,3.8666666666666663,17.799835205078125,2.7333333333333334
2013-08-16,17:16:16,4.933333333333334,17.599868774414062,2.7333333333333334
2013-08-16,17:21:16,4.466666666666667,20.066553751627605,3.066666666666667
2013-08-16,17:26:16,4.466666666666667,18.33318074544271,3.466666666666667
2013-08-16,17:31:16,4.8,16.666577657063804,2.6
2013-08-16,17:36:17,4.533333333333333,16.599884033203125,2.8
2013-08-16,17:41:17,5.133333333333334,20.666567484537758,3.733333333333333
2013-08-16,17:46:17,4.333333333333333,19.133173624674477,7.0
2013-08-16,17:51:17,4.733333333333333,19.199854532877605,3.1333333333333333
2013-08-16,17:56:17,4.333333333333333,17.33325958251953,2.7333333333333334
2013-08-16,18:01:17,5.133333333333334,19.066543579101562,10.533333333333333
2013-08-16,18:06:17,6.466666666666666,18.466567993164062,2.933333333333333
2013-08-16,18:11:17,4.466666666666667,18.799896240234375,2.6666666666666665
2013-08-16,18:16:17,5.133333333333334,20.599899291992188,3.466666666666667
2013-08-16,18:21:17,3.933333333333333,20.733235677083336,3.333333333333333
2013-08-16,18:26:17,4.666666666666667,18.733189900716148,2.8666666666666667
2013-08-16,18:31:17,4.266666666666667,19.799880981445312,2.8666666666666667
2013-08-16,18:36:17,4.4,19.466590881347656,3.0
2013-08-16,18:41:17,4.533333333333333,15.666592915852865,2.8666666666666667
2013-08-16,18:46:17,4.2,17.93322245279948,2.466666666666667
2013-08-16,18:51:17,4.666666666666667,17.199923197428383,3.2666666666666666
2013-08-16,18:56:17,3.933333333333333,16.533215840657554,2.6
2013-08-16,19:01:17,5.4,16.333211263020832,10.666666666666666
2013-08-16,19:06:17,5.7333333333333325,16.466522216796875,2.6666666666666665
2013-08-16,19:11:17,4.333333333333333,13.79993438720703,2.7333333333333334
2013-08-16,19:16:17,4.8,20.133285522460938,3.4
2013-08-16,19:21:17,4.2,18.599853515625,2.6666666666666665
2013-08-16,19:26:17,4.6,19.06658172607422,2.6
2013-08-16,19:31:17,3.733333333333333,17.266553243001297,2.6666666666666665
2013-08-16,19:36:17,4.733333333333333,17.133255004882812,2.6666666666666665
2013-08-16,19:41:17,3.933333333333333,17.799911499023438,2.6
2013-08-16,19:46:17,4.333333333333333,16.333287556966145,2.533333333333333
2013-08-16,19:51:18,4.6,17.666498819986977,2.8666666666666667
2013-08-16,19:56:18,4.2,18.19988250732422,2.7333333333333334
2013-08-16,20:01:18,5.266666666666667,15.86657206217448,9.8
2013-08-16,20:06:18,5.466666666666666,16.999893188476562,3.066666666666667
2013-08-16,20:11:18,4.866666666666667,16.99993133544922,2.466666666666667
2013-08-16,20:16:18,4.133333333333333,18.86652628580729,3.2666666666666666
2013-08-16,20:21:18,4.4,20.39989471435547,2.7333333333333334
2013-08-16,20:26:18,4.333333333333333,19.399871826171875,2.4
2013-08-16,20:31:18,4.133333333333333,17.9998779296875,2.4
2013-08-16,20:36:18,4.6,15.799903869628906,2.533333333333333
2013-08-16,20:41:18,3.8,15.399932861328125,2.333333333333333
2013-08-16,20:46:18,4.733333333333333,16.59992218017578,2.6666666666666665
2013-08-16,20:51:18,3.8666666666666663,15.066591898600256,2.8666666666666667
2013-08-16,20:56:18,4.333333333333333,16.599884033203125,2.4
2013-08-16,21:01:18,4.714285714285714,20.07131576538086,10.928571428571427
2013-08-16,21:06:18,5.866666666666666,16.733258565266926,2.8666666666666667
2013-08-16,21:11:18,4.6,18.133201599121094,2.333333333333333
2013-08-16,21:16:18,3.933333333333333,20.466562906901043,2.7333333333333334
2013-08-16,21:21:18,4.933333333333334,18.86652628580729,2.8666666666666667
2013-08-16,21:26:18,3.8,17.666575113932293,2.6
2013-08-16,21:31:18,4.4,18.999900817871094,2.466666666666667
2013-08-16,21:36:18,4.133333333333333,17.199923197428383,2.6666666666666665
2013-08-16,21:41:18,4.333333333333333,18.133265177408855,2.7333333333333334
2013-08-16,21:46:18,4.533333333333333,18.133252461751297,3.0
2013-08-16,21:51:18,3.8,15.99988301595052,2.8
2013-08-16,21:56:18,4.866666666666667,16.733258565266926,2.933333333333333
2013-08-16,22:01:19,4.533333333333333,17.399940490722656,9.8
2013-08-16,22:06:19,6.133333333333334,17.866617838541668,2.933333333333333
2013-08-16,22:11:19,4.333333333333333,17.733256022135414,2.4
2013-08-16,22:16:19,4.4,19.26654815673828,2.933333333333333
2013-08-16,22:21:19,4.6,21.266581217447914,3.1333333333333333
2013-08-16,22:26:19,3.8666666666666663,16.533266703287758,2.6666666666666665
2013-08-16,22:31:19,4.733333333333333,19.666544596354164,2.933333333333333
2013-08-16,22:36:19,4.133333333333333,18.066507975260418,3.066666666666667
2013-08-16,22:41:19,4.466666666666667,18.666547139485672,3.0
2013-08-16,22:46:19,4.266666666666667,19.399871826171875,3.2666666666666666
2013-08-16,22:51:19,4.333333333333333,17.59990692138672,3.066666666666667
2013-08-16,22:56:19,4.4,18.7332280476888,2.933333333333333
2013-08-16,23:01:19,4.533333333333333,17.266527811686196,10.2
2013-08-16,23:06:19,6.133333333333334,17.733179728190102,2.933333333333333
2013-08-16,23:11:19,4.0,18.214171273367747,2.8571428571428568
2013-08-16,23:16:19,4.6,20.733235677083336,3.0
2013-08-16,23:21:19,4.4,19.06653086344401,3.2
2013-08-16,23:26:19,4.0,18.999862670898438,3.066666666666667
2013-08-16,23:31:19,4.6,16.599896748860676,2.933333333333333
2013-08-16,23:36:19,3.666666666666667,16.799888610839844,3.2666666666666666
2013-08-16,23:41:19,4.933333333333334,19.666544596354164,3.2666666666666666
2013-08-16,23:46:19,3.733333333333333,21.399917602539062,2.933333333333333
2013-08-16,23:51:19,4.533333333333333,15.999908447265627,3.533333333333333
2013-08-16,23:56:19,4.266666666666667,17.933197021484375,2.6666666666666665
2013-08-17,00:01:19,4.357142857142858,20.214176177978516,10.857142857142858
2013-08-17,00:06:19,6.933333333333334,18.399887084960938,3.2
2013-08-17,00:11:19,3.733333333333333,18.599891662597656,3.0
2013-08-17,00:16:19,5.066666666666666,17.599868774414062,3.1333333333333333
2013-08-17,00:21:19,4.0,20.599899291992188,3.1333333333333333
2013-08-17,00:26:19,4.6,21.399917602539062,3.1333333333333333
2013-08-17,00:31:19,4.066666666666666,16.59992218017578,3.0
2013-08-17,00:36:19,4.133333333333333,15.399932861328125,2.8
2013-08-17,00:41:19,4.8,16.59992218017578,3.0
2013-08-17,00:46:19,3.6,15.999870300292967,3.0
2013-08-17,00:51:19,4.714285714285714,13.928508758544922,2.642857142857143
2013-08-17,00:56:19,3.733333333333333,17.26660410563151,2.8666666666666667
2013-08-17,01:01:19,4.666666666666667,14.733238220214846,10.0
2013-08-17,01:06:19,6.2666666666666675,17.86651611328125,2.7333333333333334
2013-08-17,01:11:19,5.933333333333334,22.53323872884114,2.4
2013-08-17,01:16:19,4.8,43.06657155354819,2.8
2013-08-17,01:21:19,3.8666666666666663,25.133285522460934,2.466666666666667
2013-08-17,01:26:19,5.0,20.39989471435547,3.2
2013-08-17,01:31:19,4.133333333333333,17.8665288289388,4.066666666666666
2013-08-17,01:36:19,5.4,18.199869791666668,8.733333333333333
2013-08-17,01:41:19,4.928571428571427,19.857025146484375,13.928571428571427
2013-08-17,01:46:19,4.266666666666667,16.13323211669922,2.8
2013-08-17,01:51:20,4.666666666666667,16.26661936442057,2.8
2013-08-17,01:56:20,3.933333333333333,15.866610209147133,2.6
2013-08-17,02:01:20,5.4,17.733217875162758,10.6
2013-08-17,02:06:20,5.642857142857142,18.49989209856306,3.7857142857142856
2013-08-17,02:11:20,4.6,19.066556294759117,2.533333333333333
2013-08-17,02:16:20,4.333333333333333,18.133227030436196,2.533333333333333
2013-08-17,02:21:20,4.266666666666667,17.999865214029946,2.533333333333333
2013-08-17,02:26:20,4.4,13.933270772298176,2.1333333333333333
2013-08-17,02:31:20,3.8666666666666663,16.86658223470052,2.6666666666666665
2013-08-17,02:36:20,4.6428571428571415,19.142763955252512,2.5
2013-08-17,02:41:20,3.666666666666667,17.933260599772133,2.4
2013-08-17,02:46:20,4.4,15.399932861328125,2.7333333333333334
2013-08-17,02:51:20,4.2,14.866574605305994,2.6666666666666665
2013-08-17,02:56:20,4.6,18.333218892415367,2.533333333333333
2013-08-17,03:01:20,4.714285714285714,17.428439004080637,11.0
2013-08-17,03:06:20,5.866666666666666,19.733250935872395,3.1333333333333333
2013-08-17,03:11:20,5.133333333333334,22.13326772054036,3.933333333333333
2013-08-17,03:16:20,4.2,18.066546122233074,3.4
2013-08-17,03:21:20,5.4,18.133201599121094,3.6666666666666665
2013-08-17,03:26:20,4.133333333333333,17.06659952799479,5.0
2013-08-17,03:31:20,4.733333333333333,20.39992014567057,5.2
2013-08-17,03:36:20,5.2,16.799888610839844,5.133333333333334
2013-08-17,03:41:20,4.4,18.99987538655599,5.133333333333334
2013-08-17,03:46:20,5.0,18.33325703938802,5.466666666666668
2013-08-17,03:51:20,4.357142857142858,17.071356092180523,4.857142857142857
2013-08-17,03:56:20,5.533333333333334,17.666562398274742,4.8
2013-08-17,04:01:20,4.8571428571428585,16.428497859409877,13.0
2013-08-17,04:06:21,6.428571428571429,18.214130401611328,5.5
2013-08-17,04:11:21,5.0,18.714182717459543,5.357142857142857
2013-08-17,04:16:21,4.6,15.399971008300781,4.6
2013-08-17,04:21:21,5.666666666666666,17.199974060058594,5.466666666666668
2013-08-17,04:26:21,4.466666666666667,18.466555277506508,5.533333333333332
2013-08-17,04:31:21,5.0,18.714169093540736,4.428571428571429
2013-08-17,04:36:21,4.266666666666667,17.06659952799479,5.533333333333332
2013-08-17,04:41:21,4.466666666666667,16.333236694335938,4.933333333333334
2013-08-17,04:46:21,4.714285714285714,18.642793382917134,4.0
2013-08-17,04:51:21,4.066666666666666,16.799850463867188,3.4
2013-08-17,04:56:21,5.133333333333334,16.999893188476562,3.1333333333333333
2013-08-17,05:01:21,13.133333333333333,17.733217875162758,100.0
2013-08-17,05:06:21,6.357142857142858,20.499897003173828,4.5
2013-08-17,05:11:21,4.428571428571427,16.857038225446423,4.285714285714286
2013-08-17,05:16:21,4.928571428571427,19.28562436785017,3.928571428571429
2013-08-17,05:21:21,4.933333333333334,17.866541544596352,4.733333333333333
2013-08-17,05:26:21,4.214285714285714,18.785599299839564,4.214285714285714
2013-08-17,05:31:21,5.142857142857143,17.999880654471262,3.928571428571429
2013-08-17,05:36:21,3.933333333333333,18.399887084960938,3.6666666666666665
2013-08-17,05:41:21,4.928571428571427,21.14276885986328,3.571428571428572
2013-08-17,05:46:21,4.133333333333333,17.9998779296875,3.2666666666666666
2013-08-17,05:51:21,4.733333333333333,17.19989776611328,3.333333333333333
2013-08-17,05:56:21,4.428571428571427,15.92848641531808,3.2142857142857144
2013-08-17,06:01:21,4.428571428571427,15.92848641531808,11.285714285714285
2013-08-17,06:06:21,5.928571428571429,16.499928065708705,3.928571428571429
2013-08-17,06:11:21,4.0,18.14274106706892,3.3571428571428568
2013-08-17,06:16:21,4.933333333333334,21.93323771158854,3.733333333333333
2013-08-17,06:21:21,4.142857142857142,17.07134246826172,3.571428571428572
2013-08-17,06:26:21,4.733333333333333,17.799911499023438,3.1333333333333333
2013-08-17,06:31:21,4.6,17.266578674316406,3.6666666666666665
2013-08-17,06:36:21,4.333333333333333,18.93319447835286,3.2666666666666666
2013-08-17,06:41:21,4.5,19.071292877197266,3.6428571428571432
2013-08-17,06:46:21,3.8666666666666663,16.73328399658203,2.6
2013-08-17,06:51:21,4.933333333333334,21.666590372721352,2.933333333333333
2013-08-17,06:56:21,3.733333333333333,16.266568501790367,2.333333333333333
2013-08-17,07:01:22,5.6,18.066584269205727,9.933333333333334
2013-08-17,07:06:22,5.4,17.06653594970703,2.7333333333333334
2013-08-17,07:11:22,4.4,17.533238728841148,2.8
2013-08-17,07:16:22,4.666666666666667,17.533238728841148,2.6666666666666665
2013-08-17,07:21:22,3.933333333333333,14.799906412760414,2.6666666666666665
2013-08-17,07:26:22,4.785714285714286,15.428502219063894,2.4285714285714284
2013-08-17,07:31:22,3.928571428571429,16.285651070731028,2.7142857142857144
2013-08-17,07:36:22,4.4,16.666552225748696,2.533333333333333
2013-08-17,07:41:22,4.5,17.714173453194757,2.5
2013-08-17,07:46:22,4.133333333333333,17.599868774414062,2.8
2013-08-17,07:51:22,5.0,17.39990234375,2.6666666666666665
2013-08-17,07:56:22,4.071428571428572,15.57136263166155,2.8571428571428568
2013-08-17,08:01:22,6.0,18.19988250732422,9.466666666666667
2013-08-17,08:06:22,4.933333333333334,18.7332280476888,2.2
2013-08-17,08:11:22,4.357142857142858,16.714205060686382,2.642857142857143
2013-08-17,08:16:22,4.571428571428573,20.928478240966797,2.4285714285714284
2013-08-17,08:21:22,4.266666666666667,17.533213297526043,2.533333333333333
2013-08-17,08:26:22,4.6428571428571415,17.928477696010045,2.2857142857142856
2013-08-17,08:31:22,4.066666666666666,20.7998784383138,2.7333333333333334
2013-08-17,08:36:22,4.866666666666667,19.666544596354164,3.066666666666667
2013-08-17,08:41:22,3.8666666666666663,17.533213297526043,2.6
2013-08-17,08:46:22,4.533333333333333,17.933197021484375,2.7333333333333334
2013-08-17,08:51:22,4.571428571428573,19.571304321289062,2.8571428571428568
2013-08-17,08:56:22,4.2,15.533294677734375,2.6666666666666665
2013-08-17,09:01:22,5.866666666666666,21.86659495035807,10.066666666666666
2013-08-17,09:06:22,4.8,19.46654001871745,2.333333333333333
2013-08-17,09:11:22,5.0,19.266560872395832,2.466666666666667
2013-08-17,09:16:22,4.142857142857142,18.14276831490653,2.571428571428572
2013-08-17,09:21:22,4.733333333333333,18.79993438720703,2.6666666666666665
2013-08-17,09:26:22,4.266666666666667,17.999954223632812,2.7333333333333334
2013-08-17,09:31:22,4.066666666666666,17.19989776611328,2.7333333333333334
2013-08-17,09:36:22,4.533333333333333,17.399864196777344,2.333333333333333
2013-08-17,09:41:22,3.733333333333333,17.19989776611328,2.4
2013-08-17,09:46:22,4.8,16.59992218017578,2.333333333333333
2013-08-17,09:51:22,3.933333333333333,18.799896240234375,2.7333333333333334
2013-08-17,09:56:22,4.466666666666667,16.799888610839844,2.533333333333333
2013-08-17,10:01:22,4.785714285714286,17.928477696010045,10.214285714285714
2013-08-17,10:06:22,5.333333333333334,15.999908447265627,2.4
2013-08-17,10:11:22,4.533333333333333,16.999893188476562,3.2
2013-08-17,10:16:22,4.0,17.46657053629557,2.4
2013-08-17,10:21:22,5.0,15.866584777832033,2.7333333333333334
2013-08-17,10:26:22,3.6,16.999893188476562,2.466666666666667
2013-08-17,10:31:22,4.357142857142858,17.571353912353516,2.642857142857143
2013-08-17,10:36:22,4.066666666666666,17.93322245279948,2.4
2013-08-17,10:41:22,4.333333333333333,18.79985809326172,2.533333333333333
2013-08-17,10:46:22,4.533333333333333,19.199867248535156,2.533333333333333
2013-08-17,10:51:22,3.8,16.333236694335938,2.4
2013-08-17,10:56:22,4.866666666666667,22.53323872884114,2.2666666666666666
2013-08-17,11:01:22,4.357142857142858,19.28558349609375,10.357142857142858
2013-08-17,11:06:22,5.466666666666666,14.99994913736979,2.466666666666667
2013-08-17,11:11:22,4.133333333333333,17.199834187825523,2.6
2013-08-17,11:16:22,4.266666666666667,18.933232625325523,2.6666666666666665
2013-08-17,11:21:22,4.666666666666667,16.399904886881508,2.6
2013-08-17,11:26:22,3.533333333333333,17.39990234375,2.2666666666666666
2013-08-17,11:31:22,4.8,14.93329366048177,2.4
2013-08-17,11:36:23,3.8,15.266596476236977,2.333333333333333
2013-08-17,11:41:23,4.466666666666667,15.933202107747398,2.533333333333333
2013-08-17,11:46:23,4.2,15.533205668131508,2.533333333333333
2013-08-17,11:51:23,4.266666666666667,17.99989064534505,2.466666666666667
2013-08-17,11:56:23,4.6,19.59991455078125,2.8666666666666667
2013-08-17,12:01:23,5.066666666666666,20.733248392740883,9.666666666666666
2013-08-17,12:06:23,5.8,14.999961853027344,2.6
2013-08-17,12:11:23,3.8,16.73322041829427,2.466666666666667
2013-08-17,12:16:23,4.666666666666667,18.133277893066406,2.466666666666667
2013-08-17,12:21:23,4.266666666666667,17.39988962809245,2.8666666666666667
2013-08-17,12:26:23,4.2,19.333203633626304,2.533333333333333
2013-08-17,12:31:23,4.533333333333333,17.733205159505207,2.466666666666667
2013-08-17,12:36:23,3.6,15.999921162923181,2.533333333333333
2013-08-17,12:41:23,5.066666666666666,16.86658223470052,2.533333333333333
2013-08-17,12:46:23,3.8,17.199910481770832,2.8666666666666667
2013-08-17,12:51:23,4.6,16.266581217447914,2.6
2013-08-17,12:56:23,4.2,15.799903869628906,2.533333333333333
2013-08-17,13:01:23,5.333333333333334,16.733245849609375,10.0
2013-08-17,13:06:23,5.466666666666666,19.399884541829426,2.2
2013-08-17,13:11:23,3.8666666666666663,17.93320973714193,2.533333333333333
2013-08-17,13:16:23,5.133333333333334,19.533233642578125,2.4
2013-08-17,13:21:23,3.8666666666666663,17.399826049804688,2.333333333333333
2013-08-17,13:26:24,4.266666666666667,16.466598510742188,2.333333333333333
2013-08-17,13:31:24,4.4,15.333239237467444,2.8
2013-08-17,13:36:24,4.133333333333333,17.19989776611328,2.6
2013-08-17,13:41:24,4.6,17.799911499023438,2.6666666666666665
2013-08-17,13:46:24,4.0,19.799880981445312,2.8666666666666667
2013-08-17,13:51:24,4.8,18.199844360351562,2.466666666666667
2013-08-17,13:56:24,3.733333333333333,16.666577657063804,2.466666666666667
2013-08-17,14:01:24,5.933333333333334,18.999862670898438,9.666666666666666
2013-08-17,14:06:24,5.0,16.99993133544922,2.466666666666667
2013-08-17,14:11:24,4.2,20.19989013671875,2.533333333333333
2013-08-17,14:16:24,4.6,19.99988555908203,2.533333333333333
2013-08-17,14:21:24,4.066666666666666,19.399871826171875,2.8666666666666667
2013-08-17,14:26:24,4.866666666666667,20.39989471435547,2.533333333333333
2013-08-17,14:31:24,3.733333333333333,18.999900817871094,2.533333333333333
2013-08-17,14:36:24,4.6,16.59992218017578,2.6666666666666665
2013-08-17,14:41:24,4.066666666666666,15.799903869628906,2.466666666666667
2013-08-17,14:46:24,4.0,15.999908447265627,2.4
2013-08-17,14:51:24,4.466666666666667,18.13323974609375,2.6
2013-08-17,14:56:24,3.733333333333333,17.39990234375,2.333333333333333
2013-08-17,15:01:24,6.333333333333334,15.333251953124998,9.666666666666666
2013-08-17,15:06:24,4.6,17.533238728841148,2.4
2013-08-17,15:11:24,4.533333333333333,19.266535441080727,2.2666666666666666
2013-08-17,15:16:24,4.333333333333333,17.39987691243489,2.466666666666667
2013-08-17,15:21:24,4.266666666666667,19.53320821126302,2.6666666666666665
2013-08-17,15:26:24,4.466666666666667,18.66655985514323,2.466666666666667
2013-08-17,15:31:24,3.8,15.799929300944008,3.066666666666667
2013-08-17,15:36:24,4.8,18.66655985514323,2.4
2013-08-17,15:41:24,3.8,19.666544596354164,2.4
2013-08-17,15:46:24,4.4,20.933202107747395,2.333333333333333
2013-08-17,15:51:25,4.133333333333333,16.59987131754557,2.333333333333333
2013-08-17,15:56:25,4.2,18.66657257080078,2.2666666666666666
2013-08-17,16:01:25,7.466666666666666,37.19987233479818,9.8
2013-08-17,16:06:25,4.666666666666667,21.533241271972656,2.7333333333333334
2013-08-17,16:11:25,4.933333333333334,18.26655069986979,2.6666666666666665
2013-08-17,16:16:25,4.333333333333333,19.666544596354164,2.533333333333333
2013-08-17,16:21:25,4.6,16.13325754801432,2.466666666666667
2013-08-17,16:26:25,4.133333333333333,15.266634623209633,2.2666666666666666
2013-08-17,16:31:25,4.533333333333333,19.799880981445312,2.7333333333333334
2013-08-17,16:36:25,4.533333333333333,17.333246866861977,2.2666666666666666
2013-08-17,16:41:25,3.666666666666667,18.866551717122395,2.333333333333333
2013-08-17,16:46:25,4.866666666666667,18.066546122233074,2.4
2013-08-17,16:51:25,3.8,18.66655985514323,2.333333333333333
2013-08-17,16:56:25,4.4,17.46657053629557,2.2666666666666666
2013-08-17,17:01:25,5.933333333333334,20.466562906901043,9.6
2013-08-17,17:06:25,4.933333333333334,19.133199055989582,2.8666666666666667
2013-08-17,17:11:25,4.666666666666667,18.266512552897133,2.466666666666667
2013-08-17,17:16:25,4.066666666666666,19.99988555908203,2.533333333333333
2013-08-17,17:21:25,5.133333333333334,17.39990234375,2.6666666666666665
2013-08-17,17:26:25,3.8,18.66655985514323,2.1333333333333333
2013-08-17,17:31:25,4.466666666666667,17.59993235270182,2.333333333333333
2013-08-17,17:36:25,4.133333333333333,20.26653289794922,2.466666666666667
2013-08-17,17:41:25,4.266666666666667,18.733189900716148,2.2666666666666666
2013-08-17,17:46:25,4.733333333333333,14.399948120117188,2.8666666666666667
2013-08-17,17:51:25,3.666666666666667,16.399917602539062,2.333333333333333
2013-08-17,17:56:25,4.933333333333334,16.199913024902344,2.4
2013-08-17,18:01:25,5.466666666666666,18.86652628580729,9.733333333333333
2013-08-17,18:06:25,5.266666666666667,18.399925231933594,2.4
2013-08-17,18:11:25,4.133333333333333,19.599876403808594,2.8
2013-08-17,18:16:26,4.266666666666667,18.999862670898438,2.533333333333333
2013-08-17,18:21:26,4.666666666666667,20.19989013671875,2.6666666666666665
2013-08-17,18:26:26,3.666666666666667,20.19989013671875,2.333333333333333
2013-08-17,18:31:25,5.066666666666666,17.9998779296875,2.6
2013-08-17,18:36:25,3.6,14.799957275390623,2.4
2013-08-17,18:41:25,4.6,19.799880981445312,3.2
2013-08-17,18:46:25,4.066666666666666,16.399917602539062,2.6
2013-08-17,18:51:25,4.266666666666667,18.599891662597656,2.6
2013-08-17,18:56:25,4.466666666666667,18.733240763346352,2.466666666666667
2013-08-17,19:01:25,4.666666666666667,18.33318074544271,9.866666666666667
2013-08-17,19:06:25,6.4,19.53320821126302,2.333333333333333
2013-08-17,19:11:25,3.666666666666667,16.999893188476562,2.2666666666666666
2013-08-17,19:16:25,4.666666666666667,20.933202107747395,2.1333333333333333
2013-08-17,19:21:25,4.2,19.46654001871745,2.6666666666666665
2013-08-17,19:26:25,4.133333333333333,18.066546122233074,2.466666666666667
2013-08-17,19:31:25,4.4,19.39990997314453,2.466666666666667
2013-08-17,19:36:25,3.8666666666666663,18.466580708821613,2.7333333333333334
2013-08-17,19:41:25,5.0,16.066614786783852,2.2666666666666666
2013-08-17,19:46:25,3.8666666666666663,18.399861653645832,2.6666666666666665
2013-08-17,19:51:25,4.8,17.9998779296875,2.7333333333333334
2013-08-17,19:56:25,4.2,17.533226013183594,2.4
2013-08-17,20:01:25,4.933333333333334,17.333196004231773,9.666666666666666
2013-08-17,20:06:26,5.8,17.93323516845703,2.4
2013-08-17,20:11:26,4.0,19.266535441080727,2.6
2013-08-17,20:16:26,4.933333333333334,18.53322347005208,2.4
2013-08-17,20:21:26,4.0,16.0666020711263,2.4
2013-08-17,20:26:26,4.533333333333333,17.33320871988932,2.4
2013-08-17,20:31:26,4.333333333333333,19.46654001871745,3.0
2013-08-17,20:36:26,4.2,18.933245340983074,2.533333333333333
2013-08-17,20:41:26,4.666666666666667,19.399871826171875,2.7333333333333334
2013-08-17,20:46:26,3.8,18.999862670898438,2.333333333333333
2013-08-17,20:51:26,5.0,17.066561381022133,2.533333333333333
2013-08-17,20:56:26,3.8,19.93323008219401,2.466666666666667
2013-08-17,21:01:26,5.4,15.266596476236977,9.666666666666666
2013-08-17,21:06:26,5.7333333333333325,16.599909464518227,2.533333333333333
2013-08-17,21:11:26,4.466666666666667,17.93322245279948,2.8666666666666667
2013-08-17,21:16:26,4.8,17.26660410563151,2.6
2013-08-17,21:21:26,4.066666666666666,16.73322041829427,2.533333333333333
2013-08-17,21:26:26,4.866666666666667,18.666534423828125,2.466666666666667
2013-08-17,21:31:26,3.8,19.39992268880208,2.6666666666666665
2013-08-17,21:36:26,4.533333333333333,18.46654256184896,2.466666666666667
2013-08-17,21:41:26,4.2,20.19989013671875,2.333333333333333
2013-08-17,21:46:26,4.2,17.79987335205078,2.466666666666667
2013-08-17,21:51:26,4.666666666666667,16.06658935546875,2.6666666666666665
2013-08-17,21:56:26,3.8,16.866594950358074,2.2666666666666666
2013-08-17,22:01:26,5.8,18.399874369303383,9.733333333333333
2013-08-17,22:06:26,5.0,18.999862670898438,2.4
2013-08-17,22:11:26,4.733333333333333,17.199923197428383,2.6666666666666665
2013-08-17,22:16:26,4.4,19.399871826171875,2.7333333333333334
2013-08-17,22:21:26,4.6,16.999893188476562,3.0
2013-08-17,22:26:26,4.466666666666667,17.999839782714844,2.1333333333333333
2013-08-17,22:31:26,3.8666666666666663,17.599868774414062,2.333333333333333
2013-08-17,22:36:27,4.866666666666667,17.19989776611328,2.466666666666667
2013-08-17,22:41:27,3.733333333333333,16.599884033203125,2.466666666666667
2013-08-17,22:46:27,4.6,17.799911499023438,2.533333333333333
2013-08-17,22:51:27,4.266666666666667,19.79991912841797,2.466666666666667
2013-08-17,22:56:27,4.133333333333333,14.799919128417969,2.466666666666667
2013-08-17,23:01:27,5.466666666666666,18.19988250732422,9.8
2013-08-17,23:06:27,5.333333333333334,17.599868774414062,2.333333333333333
2013-08-17,23:11:27,4.933333333333334,17.199885050455727,2.533333333333333
2013-08-17,23:16:27,4.066666666666666,17.199885050455727,2.8
2013-08-17,23:21:27,4.6,18.599891662597656,2.466666666666667
2013-08-17,23:26:27,4.266666666666667,15.333239237467444,2.333333333333333
2013-08-17,23:31:27,4.133333333333333,19.133199055989582,2.533333333333333
2013-08-17,23:36:27,4.466666666666667,19.53327178955078,2.533333333333333
2013-08-17,23:41:27,4.133333333333333,17.066574096679688,2.8
2013-08-17,23:46:27,4.666666666666667,19.133262634277344,2.6
2013-08-17,23:51:27,3.8666666666666663,16.266581217447914,2.466666666666667
2013-08-17,23:56:27,4.6,15.866584777832033,2.2666666666666666
2013-08-18,00:01:27,5.266666666666667,17.799911499023438,9.8
2013-08-18,00:06:27,5.266666666666667,20.599899291992188,2.8
2013-08-18,00:11:27,4.466666666666667,17.06658681233724,2.4
2013-08-18,00:16:27,4.266666666666667,18.99987538655599,2.333333333333333
2013-08-18,00:21:27,4.8,18.399912516276043,2.466666666666667
2013-08-18,00:26:27,3.933333333333333,17.13324228922526,2.6666666666666665
2013-08-18,00:31:27,4.533333333333333,15.666592915852865,2.466666666666667
2013-08-18,00:36:27,4.266666666666667,20.599912007649742,2.4
2013-08-18,00:41:27,4.2,18.199895222981773,2.4
2013-08-18,00:46:28,4.533333333333333,17.799911499023438,2.333333333333333
2013-08-18,00:51:28,4.333333333333333,17.666536966959637,2.6
2013-08-18,00:56:28,4.8,15.599937438964846,2.333333333333333
2013-08-18,01:01:31,4.8,17.66652425130208,9.666666666666666
2013-08-18,01:06:31,6.466666666666666,18.933245340983074,2.6
2013-08-18,01:11:31,4.6,16.399943033854164,2.8666666666666667
2013-08-18,01:16:31,4.866666666666667,18.066584269205727,2.533333333333333
2013-08-18,01:21:31,5.266666666666667,16.999880472819008,2.8
2013-08-18,01:26:31,4.266666666666667,17.39987691243489,3.0
2013-08-18,01:31:31,5.533333333333334,18.133201599121094,2.6666666666666665
2013-08-18,01:36:31,6.4,17.133204142252602,15.266666666666667
2013-08-18,01:41:31,5.933333333333334,17.79986063639323,13.2
2013-08-18,01:46:31,4.6,18.933232625325523,2.333333333333333
2013-08-18,01:51:31,4.866666666666667,17.266578674316406,2.6666666666666665
2013-08-18,01:56:31,4.933333333333334,17.799898783365887,2.533333333333333
2013-08-18,02:01:31,5.466666666666666,19.533246358235672,10.6
2013-08-18,02:06:31,6.666666666666666,18.53322347005208,3.066666666666667
2013-08-18,02:11:31,4.466666666666667,17.866541544596352,3.0
2013-08-18,02:16:31,5.2,19.999872843424477,2.6666666666666665
2013-08-18,02:21:31,4.8,18.599828084309898,2.333333333333333
2013-08-18,02:26:31,4.733333333333333,14.799919128417969,2.2
2013-08-18,02:31:31,5.066666666666666,16.59992218017578,2.8
2013-08-18,02:36:31,4.333333333333333,16.999893188476562,2.6
2013-08-18,02:41:31,5.533333333333334,16.999855041503906,2.2666666666666666
2013-08-18,02:46:31,4.4,16.7999267578125,2.6
2013-08-18,02:51:31,5.066666666666666,15.799942016601562,2.6
2013-08-18,02:56:31,4.6,16.999893188476562,2.4
2013-08-18,03:01:31,5.933333333333334,18.19988250732422,10.4
2013-08-18,03:06:32,6.333333333333334,18.799896240234375,2.7333333333333334
2013-08-18,03:11:32,4.733333333333333,15.799903869628906,5.133333333333334
2013-08-18,03:16:32,5.8,19.199867248535156,3.066666666666667
2013-08-18,03:21:32,4.4,18.599853515625,2.7333333333333334
2013-08-18,03:26:32,5.0,19.599876403808594,3.1333333333333333
2013-08-18,03:31:32,4.866666666666667,18.599853515625,3.0
2013-08-18,03:36:31,4.933333333333334,17.799835205078125,5.066666666666666
2013-08-18,03:41:31,5.2,19.399871826171875,3.2666666666666666
2013-08-18,03:46:31,4.6,16.799888610839844,4.266666666666667
2013-08-18,03:51:31,5.6,17.333221435546875,3.8
2013-08-18,03:56:31,4.533333333333333,16.13325754801432,3.8666666666666663
2013-08-18,04:01:31,6.6,15.86657206217448,12.0
2013-08-18,04:06:31,6.066666666666666,18.199895222981773,4.333333333333333
2013-08-18,04:11:31,5.0,17.266553243001297,4.333333333333333
2013-08-18,04:16:31,5.6,17.266553243001297,4.533333333333333
2013-08-18,04:21:31,4.733333333333333,16.266555786132812,5.133333333333334
2013-08-18,04:26:31,5.8,16.266581217447914,4.133333333333334
2013-08-18,04:31:31,4.733333333333333,18.7332280476888,5.666666666666668
2013-08-18,04:36:31,5.333333333333334,19.266560872395832,3.0
2013-08-18,04:41:32,5.0,17.399940490722656,5.133333333333334
2013-08-18,04:46:32,4.8,16.33324940999349,3.4
2013-08-18,04:51:32,5.133333333333334,14.666620890299475,3.0
2013-08-18,04:56:32,4.466666666666667,18.933207194010418,2.8
2013-08-18,05:01:32,16.666666666666668,18.599917093912758,100.0
2013-08-18,05:06:32,5.466666666666666,23.86660257975261,3.6666666666666665
2013-08-18,05:11:32,5.2,19.333203633626304,3.466666666666667
2013-08-18,05:16:32,5.2,19.066556294759117,3.466666666666667
2013-08-18,05:21:32,5.0,22.266565958658852,4.266666666666667
2013-08-18,05:26:32,5.333333333333334,18.39984893798828,4.0
2013-08-18,05:31:32,4.533333333333333,21.13324483235677,3.0
2013-08-18,05:36:32,5.6,17.199910481770832,3.0
2013-08-18,05:41:32,4.533333333333333,17.666575113932293,2.8666666666666667
2013-08-18,05:46:32,5.2,19.466578165690102,2.6
2013-08-18,05:51:32,4.666666666666667,16.399904886881508,3.1333333333333333
2013-08-18,05:56:32,4.866666666666667,17.066574096679688,2.8666666666666667
2013-08-18,06:01:32,6.333333333333334,16.599909464518227,10.0
2013-08-18,06:06:32,5.466666666666666,17.533289591471352,2.8
2013-08-18,06:11:32,5.533333333333334,15.266596476236977,2.933333333333333
2013-08-18,06:16:32,6.2666666666666675,41.066602071126304,2.8666666666666667
2013-08-18,06:21:32,5.266666666666667,25.53324381510416,3.0
2013-08-18,06:26:32,4.8,19.53320821126302,2.8666666666666667
2013-08-18,06:31:32,4.933333333333334,18.06652069091797,2.933333333333333
2013-08-18,06:36:32,5.333333333333334,15.466639200846352,2.7333333333333334
2013-08-18,06:41:32,4.4,16.666615804036457,2.466666666666667
2013-08-18,06:46:32,5.4,15.399894714355469,2.466666666666667
2013-08-18,06:51:32,4.466666666666667,16.866531372070312,2.6
2013-08-18,06:56:33,5.133333333333334,14.999923706054688,2.4
2013-08-18,07:01:33,6.133333333333334,16.266555786132812,10.0
2013-08-18,07:06:33,5.7333333333333325,20.19989013671875,2.6666666666666665
2013-08-18,07:11:33,5.266666666666667,17.59990692138672,2.7333333333333334
2013-08-18,07:16:33,4.6,20.19989013671875,2.8666666666666667
2013-08-18,07:21:33,5.133333333333334,18.79985809326172,2.6
2013-08-18,07:26:33,4.8,16.7999267578125,2.2
2013-08-18,07:31:33,4.933333333333334,16.7999267578125,2.466666666666667
2013-08-18,07:36:33,4.866666666666667,17.39990234375,2.533333333333333
2013-08-18,07:41:33,4.733333333333333,19.666570027669266,2.333333333333333
2013-08-18,07:46:33,5.333333333333334,16.599884033203125,2.6666666666666665
2013-08-18,07:51:33,4.333333333333333,17.59990692138672,2.6
2013-08-18,07:56:33,5.2,14.799919128417969,2.533333333333333
2013-08-18,08:01:33,5.933333333333334,14.799957275390623,9.733333333333333
2013-08-18,08:06:33,6.066666666666666,17.39990234375,2.6
2013-08-18,08:11:33,5.066666666666666,17.39990234375,2.333333333333333
2013-08-18,08:16:33,4.933333333333334,18.79990895589193,2.7333333333333334
2013-08-18,08:21:33,5.466666666666666,18.999862670898438,2.6666666666666665
2013-08-18,08:26:33,4.4,18.79985809326172,2.6666666666666665
2013-08-18,08:31:33,5.066666666666666,17.999916076660156,2.333333333333333
2013-08-18,08:36:33,4.8,15.19991556803385,2.4
2013-08-18,08:41:33,5.0,14.466578165690105,2.4
2013-08-18,08:46:33,5.0,15.333239237467444,2.7333333333333334
2013-08-18,08:51:33,4.733333333333333,21.13324483235677,2.533333333333333
2013-08-18,08:56:33,5.466666666666666,19.266535441080727,2.6
2013-08-18,09:01:33,5.8,17.599868774414062,9.933333333333334
2013-08-18,09:06:33,6.066666666666666,18.599853515625,2.333333333333333
2013-08-18,09:11:33,4.666666666666667,17.399864196777344,2.7333333333333334
2013-08-18,09:16:33,5.066666666666666,20.733235677083336,2.2666666666666666
2013-08-18,09:21:33,5.133333333333334,22.399940490722656,2.7333333333333334
2013-08-18,09:26:33,4.333333333333333,18.33325703938802,2.2666666666666666
2013-08-18,09:31:33,5.4,18.599891662597656,2.7333333333333334
2013-08-18,09:36:33,4.533333333333333,15.733235677083332,2.6666666666666665
2013-08-18,09:41:33,5.333333333333334,18.466517130533855,2.6666666666666665
2013-08-18,09:46:33,4.933333333333334,17.266565958658855,2.8666666666666667
2013-08-18,09:51:33,4.933333333333334,16.666615804036457,2.4
2013-08-18,09:56:33,5.133333333333334,15.333302815755212,2.2666666666666666
2013-08-18,10:01:33,5.7333333333333325,16.466534932454426,10.066666666666666
2013-08-18,10:06:33,6.466666666666666,18.999900817871094,2.333333333333333
2013-08-18,10:11:34,4.333333333333333,19.53320821126302,2.8
2013-08-18,10:16:34,5.4,19.533284505208336,2.466666666666667
2013-08-18,10:21:34,4.866666666666667,19.599876403808594,2.7333333333333334
2013-08-18,10:26:34,4.8,18.999862670898438,2.533333333333333
2013-08-18,10:31:34,5.2,18.66655985514323,2.466666666666667
2013-08-18,10:36:34,4.4,17.466583251953125,2.6666666666666665
2013-08-18,10:41:34,5.8,15.333251953124998,2.6666666666666665
2013-08-18,10:46:34,4.333333333333333,17.799911499023438,2.466666666666667
2013-08-18,10:51:34,5.066666666666666,19.466514587402344,2.466666666666667
2013-08-18,10:56:34,4.8,16.59984588623047,2.533333333333333
2013-08-18,11:01:34,6.333333333333334,17.266578674316406,10.0
2013-08-18,11:06:34,6.0,20.533205668131508,2.6666666666666665
2013-08-18,11:11:34,4.4,16.66656494140625,2.8
2013-08-18,11:16:34,5.866666666666666,17.06658681233724,2.6666666666666665
2013-08-18,11:21:34,4.4,17.266578674316406,2.466666666666667
2013-08-18,11:26:34,5.0,17.199885050455727,2.6666666666666665
2013-08-18,11:31:34,4.8,18.266525268554688,2.7333333333333334
2013-08-18,11:36:34,4.866666666666667,15.533269246419271,2.533333333333333
2013-08-18,11:41:34,5.333333333333334,14.599952697753906,2.6
2013-08-18,11:46:34,4.4,17.59990692138672,2.466666666666667
2013-08-18,11:51:34,5.533333333333334,18.199920654296875,3.0
2013-08-18,11:56:34,4.333333333333333,17.999916076660156,2.7333333333333334
2013-08-18,12:01:34,6.533333333333334,15.533256530761719,9.8
2013-08-18,12:06:34,5.6,19.99988555908203,2.8
2013-08-18,12:11:34,4.866666666666667,16.59992218017578,2.466666666666667
2013-08-18,12:16:34,5.466666666666666,18.19988250732422,2.6666666666666665
2013-08-18,12:21:34,4.533333333333333,17.59990692138672,2.6666666666666665
2013-08-18,12:26:34,5.466666666666666,16.999893188476562,2.1333333333333333
2013-08-18,12:31:34,4.333333333333333,18.999900817871094,2.6666666666666665
2013-08-18,12:36:34,5.2,16.999893188476562,2.533333333333333
2013-08-18,12:41:34,4.8,18.666547139485672,2.333333333333333
2013-08-18,12:46:34,4.733333333333333,17.79986063639323,2.6666666666666665
2013-08-18,12:51:34,5.133333333333334,18.533248901367188,3.1333333333333333
2013-08-18,12:56:34,4.4,15.999908447265627,2.333333333333333
2013-08-18,13:01:34,6.4,15.999908447265627,9.8
2013-08-18,13:06:34,5.8,15.866584777832033,2.466666666666667
2013-08-18,13:11:34,5.2,16.86656951904297,2.4
2013-08-18,13:16:34,4.866666666666667,16.199862162272133,2.6666666666666665
2013-08-18,13:21:34,4.8,16.86658223470052,2.8
2013-08-18,13:26:34,4.933333333333334,17.533238728841148,2.066666666666667
2013-08-18,13:31:34,4.466666666666667,14.799957275390623,2.2666666666666666
2013-08-18,13:36:34,5.533333333333334,15.199928283691404,2.466666666666667
2013-08-18,13:41:34,4.4,18.333218892415367,2.8666666666666667
2013-08-18,13:46:34,5.133333333333334,17.866566975911457,2.533333333333333
2013-08-18,13:51:34,4.733333333333333,17.533213297526043,2.466666666666667
2013-08-18,13:56:34,4.8,17.99994150797526,2.533333333333333
2013-08-18,14:01:34,5.933333333333334,16.866556803385414,9.666666666666666
2013-08-18,14:06:35,5.133333333333334,16.933263142903645,2.4
2013-08-18,14:11:35,5.2,16.066614786783852,2.466666666666667
2013-08-18,14:16:35,4.666666666666667,18.599942525227863,2.333333333333333
2013-08-18,14:21:35,5.133333333333334,19.06653086344401,2.6666666666666665
2013-08-18,14:26:35,4.466666666666667,18.999862670898438,2.466666666666667
2013-08-18,14:31:35,4.733333333333333,19.599876403808594,2.6
2013-08-18,14:36:35,5.2,16.33326212565104,2.6666666666666665
2013-08-18,14:41:35,4.333333333333333,15.533256530761719,2.466666666666667
2013-08-18,14:46:35,5.2,15.666580200195312,2.8
2013-08-18,14:51:35,4.533333333333333,18.66657257080078,2.4
2013-08-18,14:56:35,4.8,18.599853515625,2.533333333333333
2013-08-18,15:01:35,5.8,18.79985809326172,10.133333333333333
2013-08-18,15:06:35,6.066666666666666,18.39984893798828,2.6
2013-08-18,15:11:35,5.2,17.13324228922526,2.533333333333333
2013-08-18,15:16:35,4.466666666666667,18.13323974609375,2.333333333333333
2013-08-18,15:21:35,5.133333333333334,17.666536966959637,2.533333333333333
2013-08-18,15:26:35,4.4,18.533198038736977,2.7333333333333334
2013-08-18,15:31:35,4.8,18.666585286458336,2.466666666666667
2013-08-18,15:36:35,4.933333333333334,16.399917602539062,2.6
2013-08-18,15:41:35,4.6,17.666575113932293,2.466666666666667
2013-08-18,15:46:35,5.0,15.933252970377602,2.4
2013-08-18,15:51:35,4.2,16.666552225748696,2.6666666666666665
2013-08-18,15:56:35,5.133333333333334,16.399904886881508,2.333333333333333
2013-08-18,16:01:35,5.333333333333334,17.466583251953125,9.733333333333333
2013-08-18,16:06:35,6.2666666666666675,16.26654307047526,2.6666666666666665
2013-08-18,16:11:35,4.933333333333334,16.066563924153645,2.4
2013-08-18,16:16:35,4.866666666666667,19.99988555908203,2.8
2013-08-18,16:21:36,5.2,17.866503397623696,2.466666666666667
2013-08-18,16:26:36,4.133333333333333,17.19989776611328,2.6
2013-08-18,16:31:36,5.0,18.39984893798828,2.333333333333333
2013-08-18,16:36:36,4.6,17.399864196777344,2.8
2013-08-18,16:41:36,4.666666666666667,17.19989776611328,2.333333333333333
2013-08-18,16:46:36,5.066666666666666,17.799911499023438,2.6
2013-08-18,16:51:36,4.866666666666667,18.199920654296875,2.6
2013-08-18,16:56:36,4.933333333333334,19.99988555908203,2.2666666666666666
2013-08-18,17:01:35,5.266666666666667,15.066591898600256,9.933333333333334
2013-08-18,17:06:35,6.533333333333334,16.133244832356773,2.6666666666666665
2013-08-18,17:11:35,4.6,17.9998779296875,2.6
2013-08-18,17:16:35,5.133333333333334,18.599853515625,2.933333333333333
2013-08-18,17:21:35,4.933333333333334,14.799919128417969,2.4
2013-08-18,17:26:35,4.533333333333333,20.19989013671875,2.6
2013-08-18,17:31:35,4.866666666666667,17.79987335205078,2.7333333333333334
2013-08-18,17:36:35,4.4,16.399879455566406,2.6
2013-08-18,17:41:35,5.133333333333334,18.199920654296875,2.4
2013-08-18,17:46:35,4.333333333333333,16.999893188476562,2.466666666666667
2013-08-18,17:51:35,4.8,16.266581217447914,2.533333333333333
2013-08-18,17:56:35,5.0,16.799888610839844,2.6666666666666665
2013-08-18,18:01:36,5.666666666666666,17.066561381022133,9.8
2013-08-18,18:06:36,6.333333333333334,17.666536966959637,2.7333333333333334
2013-08-18,18:11:36,4.333333333333333,19.733212788899742,2.466666666666667
2013-08-18,18:16:36,5.4,20.19989013671875,2.333333333333333
2013-08-18,18:21:36,4.666666666666667,21.466585795084637,2.466666666666667
2013-08-18,18:26:36,4.666666666666667,18.733189900716148,2.333333333333333
2013-08-18,18:31:36,4.933333333333334,18.133252461751297,2.4
2013-08-18,18:36:36,4.733333333333333,17.533276875813804,2.6666666666666665
2013-08-18,18:41:36,5.066666666666666,18.93319447835286,2.533333333333333
2013-08-18,18:46:36,4.333333333333333,16.333274841308594,2.8666666666666667
2013-08-18,18:51:36,5.0,17.066561381022133,2.6
2013-08-18,18:56:36,4.666666666666667,19.599838256835938,2.6666666666666665
2013-08-18,19:01:36,5.6,15.999959309895836,9.6
2013-08-18,19:06:36,6.333333333333334,18.466555277506508,2.4
2013-08-18,19:11:36,4.333333333333333,18.19988250732422,2.8666666666666667
2013-08-18,19:16:36,5.4,17.733281453450516,2.466666666666667
2013-08-18,19:21:36,4.466666666666667,15.999946594238281,2.2
2013-08-18,19:26:36,4.933333333333334,16.599960327148438,2.466666666666667
2013-08-18,19:31:36,4.666666666666667,15.53328196207682,2.533333333333333
2013-08-18,19:36:36,4.6,20.933202107747395,2.6
2013-08-18,19:41:36,4.8571428571428585,16.071360451834543,2.7142857142857144
2013-08-18,19:46:36,4.266666666666667,17.999865214029946,2.8666666666666667
2013-08-18,19:51:36,5.4,17.26659138997396,2.466666666666667
2013-08-18,19:56:36,4.2,16.19996388753255,2.466666666666667
2013-08-18,20:01:36,6.2,17.39990234375,9.666666666666666
2013-08-18,20:06:36,5.266666666666667,16.399943033854164,2.333333333333333
2013-08-18,20:11:36,4.533333333333333,17.666536966959637,2.2
2013-08-18,20:16:36,5.133333333333334,19.799880981445312,2.2666666666666666
2013-08-18,20:21:36,4.2,18.33326975504557,2.333333333333333
2013-08-18,20:26:36,5.466666666666666,17.133216857910156,2.7333333333333334
2013-08-18,20:31:36,4.333333333333333,18.53322347005208,2.466666666666667
2013-08-18,20:36:36,5.133333333333334,16.93323771158854,2.8666666666666667
2013-08-18,20:41:36,4.666666666666667,18.66655985514323,2.4
2013-08-18,20:46:36,4.666666666666667,17.866566975911457,2.466666666666667
2013-08-18,20:51:36,5.0,16.06658935546875,2.4
2013-08-18,20:56:36,4.266666666666667,14.933255513509113,2.4
2013-08-18,21:01:36,7.933333333333334,34.19987996419271,9.733333333333333
2013-08-18,21:06:36,5.6,27.133267720540367,3.333333333333333
2013-08-18,21:11:36,4.8,18.266563415527344,2.333333333333333
2013-08-18,21:16:36,4.866666666666667,17.599868774414062,2.4
2013-08-18,21:21:36,4.866666666666667,15.333264668782551,2.333333333333333
2013-08-18,21:26:36,4.866666666666667,15.533231099446617,2.6
2013-08-18,21:31:36,4.0,17.133216857910156,2.4
2013-08-18,21:36:36,5.266666666666667,17.93320973714193,2.8666666666666667
2013-08-18,21:41:36,3.933333333333333,15.599937438964846,2.466666666666667
2013-08-18,21:46:36,5.133333333333334,16.999893188476562,2.466666666666667
2013-08-18,21:51:36,4.4,16.39984130859375,2.2
2013-08-18,21:56:36,4.533333333333333,18.999862670898438,2.333333333333333
2013-08-18,22:01:36,6.0,18.199844360351562,9.6
2013-08-18,22:06:36,5.4,19.799880981445312,2.8666666666666667
2013-08-18,22:11:36,5.133333333333334,16.199913024902344,2.2
2013-08-18,22:16:36,4.466666666666667,15.599937438964846,2.6
2013-08-18,22:21:37,5.066666666666666,15.399932861328125,2.6
2013-08-18,22:26:36,4.4,16.59992218017578,2.333333333333333
2013-08-18,22:31:37,4.533333333333333,16.7999267578125,2.2
2013-08-18,22:36:37,4.733333333333333,16.39995574951172,2.533333333333333
2013-08-18,22:41:37,4.266666666666667,19.59991455078125,2.2666666666666666
2013-08-18,22:46:37,4.866666666666667,15.799942016601562,2.4
2013-08-18,22:51:37,4.333333333333333,15.999946594238281,2.4
2013-08-18,22:56:37,5.066666666666666,14.399948120117188,2.533333333333333
2013-08-18,23:01:37,5.666666666666666,18.79993438720703,10.0
2013-08-18,23:06:37,5.933333333333334,19.599876403808594,2.6
2013-08-18,23:11:37,4.866666666666667,18.79985809326172,2.7333333333333334
2013-08-18,23:16:37,4.6,19.933242797851562,2.6
2013-08-18,23:21:37,5.066666666666666,19.59991455078125,2.533333333333333
2013-08-18,23:26:37,4.0,18.93319447835286,2.2666666666666666
2013-08-18,23:31:37,5.133333333333334,19.266573588053383,2.333333333333333
2013-08-18,23:36:37,4.2,17.599856058756508,2.466666666666667
2013-08-18,23:41:37,4.8,15.399932861328125,2.333333333333333
2013-08-18,23:46:37,4.6,17.999852498372395,2.8
2013-08-18,23:51:37,4.466666666666667,16.533241271972656,2.4
2013-08-18,23:56:37,4.733333333333333,15.933252970377602,2.533333333333333
2013-08-19,00:01:37,5.266666666666667,17.9998779296875,9.666666666666666
2013-08-19,00:06:37,6.0,18.93319447835286,2.2666666666666666
2013-08-19,00:11:37,4.266666666666667,15.999933878580727,2.4
2013-08-19,00:16:37,5.066666666666666,16.733258565266926,2.7333333333333334
2013-08-19,00:21:37,4.666666666666667,19.933217366536454,2.466666666666667
2013-08-19,00:26:37,4.533333333333333,18.19990793863932,2.533333333333333
2013-08-19,00:31:37,4.933333333333334,17.666587829589844,2.933333333333333
2013-08-19,00:36:37,4.133333333333333,16.86656951904297,2.6
2013-08-19,00:41:37,5.4,15.599861145019531,2.333333333333333
2013-08-19,00:46:37,4.333333333333333,19.266573588053383,2.8666666666666667
2013-08-19,00:51:37,5.0,19.33324178059896,2.466666666666667
2013-08-19,00:56:37,4.466666666666667,17.199935913085938,2.6666666666666665
2013-08-19,01:01:38,6.2857142857142865,17.857047489711217,10.285714285714286
2013-08-19,01:06:38,5.933333333333334,18.799870808919266,2.466666666666667
2013-08-19,01:11:38,4.2,18.33319346110026,2.466666666666667
2013-08-19,01:16:38,5.066666666666666,21.13323211669922,2.7333333333333334
2013-08-19,01:21:38,4.666666666666667,20.666567484537758,2.6666666666666665
2013-08-19,01:26:38,5.0,18.599878946940102,2.8666666666666667
2013-08-19,01:31:38,4.733333333333333,20.599899291992188,3.066666666666667
2013-08-19,01:36:38,6.066666666666666,20.333226521809898,10.133333333333333
2013-08-19,01:41:38,5.7333333333333325,17.733167012532554,14.4
2013-08-19,01:46:38,4.357142857142858,19.785594940185547,4.142857142857143
2013-08-19,01:51:38,4.866666666666667,16.59992218017578,2.7333333333333334
2013-08-19,01:56:39,4.6,17.9998779296875,2.466666666666667
2013-08-19,02:01:39,6.357142857142858,19.499874114990234,11.071428571428573
2013-08-19,02:06:39,6.0,19.066569010416668,2.933333333333333
2013-08-19,02:11:40,5.066666666666666,16.533241271972656,2.466666666666667
2013-08-19,02:16:41,5.071428571428573,17.5713130405971,2.571428571428572
2013-08-19,02:21:41,4.285714285714286,18.428421020507812,3.1428571428571432
2013-08-19,02:26:41,4.666666666666667,21.266581217447914,2.8
2013-08-19,02:31:41,4.0,17.93320973714193,2.4
2013-08-19,02:36:41,4.933333333333334,15.799903869628906,2.6666666666666665
2013-08-19,02:41:41,4.214285714285714,17.357076917375842,2.7857142857142856
2013-08-19,02:46:41,4.357142857142858,16.35702678135463,2.7142857142857144
2013-08-19,02:51:41,4.666666666666667,15.599899291992186,2.2
2013-08-19,02:56:41,3.666666666666667,16.999855041503906,2.6
2013-08-19,03:01:41,6.0,16.199913024902344,10.333333333333334
2013-08-19,03:06:41,4.0,17.266553243001297,4.133333333333334
2013-08-19,03:11:41,5.066666666666666,17.59990692138672,3.8
2013-08-19,03:16:41,4.571428571428573,17.857020241873606,3.7857142857142856
2013-08-19,03:21:41,4.2,17.999916076660156,3.0
2013-08-19,03:26:41,4.933333333333334,17.39990234375,4.733333333333333
2013-08-19,03:31:41,4.733333333333333,20.599899291992188,5.333333333333333
2013-08-19,03:36:41,5.2,20.599899291992188,5.0
2013-08-19,03:41:41,4.733333333333333,16.799888610839844,5.0
2013-08-19,03:46:41,5.285714285714286,15.857083456856863,5.428571428571429
2013-08-19,03:51:41,4.4,17.93322245279948,5.133333333333334
2013-08-19,03:56:41,5.133333333333334,14.599939982096352,5.133333333333334
2013-08-19,04:01:41,6.428571428571429,17.999880654471262,12.857142857142858
2013-08-19,04:06:41,4.933333333333334,17.399978637695312,4.266666666666667
2013-08-19,04:11:41,5.066666666666666,17.799911499023438,4.666666666666667
2013-08-19,04:16:41,4.333333333333333,18.399925231933594,4.466666666666667
2013-08-19,04:21:41,5.214285714285714,19.571304321289062,5.357142857142857
2013-08-19,04:26:41,4.333333333333333,17.399864196777344,4.666666666666667
2013-08-19,04:31:41,4.8571428571428585,15.49994604928153,4.785714285714286
2013-08-19,04:36:41,4.733333333333333,18.399925231933594,5.266666666666667
2013-08-19,04:41:41,4.266666666666667,18.799896240234375,4.266666666666667
2013-08-19,04:46:41,5.2,18.79985809326172,6.066666666666666
2013-08-19,04:51:41,4.333333333333333,17.999916076660156,5.4
2013-08-19,04:56:41,5.466666666666666,18.599891662597656,4.933333333333334
2013-08-19,05:01:41,15.933333333333332,19.599876403808594,100.0
2013-08-19,05:06:41,4.466666666666667,22.53326416015625,6.4
2013-08-19,05:11:42,5.214285714285714,21.14276885986328,5.142857142857143
2013-08-19,05:16:42,4.666666666666667,17.066561381022133,6.333333333333332
2013-08-19,05:21:42,4.714285714285714,19.928455352783203,4.0
2013-08-19,05:26:42,4.333333333333333,17.799898783365887,3.8666666666666663
2013-08-19,05:31:42,4.285714285714286,17.14278629847935,3.5
2013-08-19,05:36:42,4.8,18.733189900716148,3.466666666666667
2013-08-19,05:41:42,4.0,17.93320973714193,3.333333333333333
2013-08-19,05:46:42,5.066666666666666,16.399904886881508,4.266666666666667
2013-08-19,05:51:42,4.133333333333333,17.866579691569008,3.466666666666667
2013-08-19,05:56:42,4.733333333333333,18.26655069986979,3.733333333333333
2013-08-19,06:01:42,6.357142857142858,17.785590035574778,11.214285714285712
2013-08-19,06:06:42,4.333333333333333,19.733212788899742,3.333333333333333
2013-08-19,06:11:42,4.666666666666667,18.39984893798828,3.2666666666666666
2013-08-19,06:16:42,4.266666666666667,18.066507975260418,3.333333333333333
2013-08-19,06:21:42,5.071428571428573,15.571349007742747,3.571428571428572
2013-08-19,06:26:42,4.066666666666666,16.33324940999349,3.4
2013-08-19,06:31:42,4.533333333333333,17.46655782063802,3.2666666666666666
2013-08-19,06:36:42,4.2,17.466583251953125,3.6
2013-08-19,06:41:42,4.214285714285714,16.499914441789898,3.571428571428572
2013-08-19,06:46:42,4.466666666666667,19.066556294759117,3.2666666666666666
2013-08-19,06:51:42,4.133333333333333,16.13325754801432,2.4
2013-08-19,06:56:42,4.5,17.714173453194757,2.642857142857143
2013-08-19,07:01:42,6.2,17.599894205729164,9.8
2013-08-19,07:06:42,4.733333333333333,17.39990234375,2.8
2013-08-19,07:11:42,4.066666666666666,19.46654001871745,2.6
2013-08-19,07:16:42,4.733333333333333,18.99993896484375,2.533333333333333
2013-08-19,07:21:42,4.428571428571427,18.999903542654856,2.642857142857143
2013-08-19,07:26:42,3.928571428571429,17.214148385184153,2.7142857142857144
2013-08-19,07:31:42,4.533333333333333,16.066627502441406,2.466666666666667
2013-08-19,07:36:42,3.8666666666666663,16.066614786783852,2.4
2013-08-19,07:41:42,4.4,17.133229573567707,2.533333333333333
2013-08-19,07:46:42,4.2,15.399945576985678,2.8
2013-08-19,07:51:42,4.466666666666667,17.26659138997396,2.333333333333333
2013-08-19,07:56:42,4.333333333333333,18.93319447835286,2.533333333333333
2013-08-19,08:01:42,5.7333333333333325,18.19988250732422,9.933333333333334
2013-08-19,08:06:42,5.4,18.199844360351562,2.6666666666666665
2013-08-19,08:11:42,3.8666666666666663,16.199913024902344,2.7333333333333334
2013-08-19,08:16:43,4.666666666666667,18.19988250732422,2.6
2013-08-19,08:21:43,4.428571428571427,18.571322304861887,2.571428571428572
2013-08-19,08:26:43,4.466666666666667,16.866594950358074,2.533333333333333
2013-08-19,08:31:43,4.266666666666667,17.59990692138672,2.6
2013-08-19,08:36:43,4.266666666666667,16.599884033203125,2.466666666666667
2013-08-19,08:41:43,4.4,15.399932861328125,2.333333333333333
2013-08-19,08:46:43,3.733333333333333,15.199928283691404,2.6666666666666665
2013-08-19,08:51:43,4.666666666666667,16.466547648111977,2.4
2013-08-19,08:56:43,4.0,18.79992167154948,2.933333333333333
2013-08-19,09:01:43,5.866666666666666,18.33325703938802,9.733333333333333
2013-08-19,09:06:43,5.0,18.799896240234375,2.6666666666666665
2013-08-19,09:11:43,4.0,15.199928283691404,2.6666666666666665
2013-08-19,09:16:43,4.8,17.399864196777344,2.6
2013-08-19,09:21:43,3.8,16.866556803385414,2.7333333333333334
2013-08-19,09:26:43,4.6,18.466567993164062,2.2666666666666666
2013-08-19,09:31:43,4.066666666666666,16.46661122639974,2.4
2013-08-19,09:36:43,4.466666666666667,15.799942016601562,2.7333333333333334
2013-08-19,09:41:43,4.333333333333333,14.7332509358724,3.1333333333333333
2013-08-19,09:46:43,4.133333333333333,17.933184305826824,3.0
2013-08-19,09:51:43,4.733333333333333,19.06653086344401,2.6
2013-08-19,09:56:43,3.666666666666667,17.33318328857422,2.6
2013-08-19,10:01:43,6.2,17.39990234375,9.666666666666666
2013-08-19,10:06:43,4.666666666666667,16.399943033854164,2.466666666666667
2013-08-19,10:11:44,4.666666666666667,17.133229573567707,2.8666666666666667
2013-08-19,10:16:44,4.2,17.99989064534505,2.533333333333333
2013-08-19,10:21:44,4.4,16.399866739908855,2.8666666666666667
2013-08-19,10:26:44,4.533333333333333,16.666526794433594,2.6
2013-08-19,10:31:44,3.8666666666666663,18.93319447835286,2.533333333333333
2013-08-19,10:36:44,4.6,17.399864196777344,3.2
2013-08-19,10:41:44,4.533333333333333,15.666592915852865,11.133333333333333
2013-08-19,10:46:44,5.0,18.33319346110026,3.0
2013-08-19,10:51:44,4.866666666666667,18.19990793863932,2.8
2013-08-19,10:56:44,4.733333333333333,18.333218892415367,2.7333333333333334
2013-08-19,11:01:44,6.6,17.333234151204426,10.066666666666666
2013-08-19,11:06:44,5.0,17.466583251953125,2.466666666666667
2013-08-19,11:11:44,5.266666666666667,16.599909464518227,3.1333333333333333
2013-08-19,11:16:44,5.0,22.59989420572917,2.8
2013-08-19,11:21:44,5.266666666666667,20.73322296142578,3.0
2013-08-19,11:26:44,4.733333333333333,20.466588338216148,2.7333333333333334
2013-08-19,11:31:44,4.733333333333333,17.666575113932293,2.8666666666666667
2013-08-19,11:36:44,5.333333333333334,16.466547648111977,3.0
2013-08-19,11:41:44,4.4,16.199925740559895,2.6
2013-08-19,11:46:44,5.2,19.133262634277344,2.7333333333333334
2013-08-19,11:51:44,4.733333333333333,17.866503397623696,2.8
2013-08-19,11:56:44,5.2,15.333277384440105,3.466666666666667
2013-08-19,12:01:44,6.4,17.333196004231773,9.933333333333334
2013-08-19,12:06:44,5.4,17.666562398274742,3.2
2013-08-19,12:11:44,5.133333333333334,17.666536966959637,2.8666666666666667
2013-08-19,12:16:44,4.4,19.799880981445312,2.8666666666666667
2013-08-19,12:21:44,4.666666666666667,18.666547139485672,2.8
2013-08-19,12:26:44,5.933333333333334,41.26659393310547,3.0
2013-08-19,12:31:44,4.466666666666667,25.19992828369141,2.533333333333333
2013-08-19,12:36:44,4.333333333333333,20.99987030029297,3.066666666666667
2013-08-19,12:41:44,4.4,17.19989776611328,2.933333333333333
2013-08-19,12:46:44,4.666666666666667,19.199867248535156,3.066666666666667
2013-08-19,12:51:44,3.8666666666666663,16.7999267578125,2.6666666666666665
2013-08-19,12:56:44,4.866666666666667,18.19988250732422,2.8
2013-08-19,13:01:44,6.2666666666666675,17.799911499023438,10.866666666666667
2013-08-19,13:06:44,5.4,20.19989013671875,3.4
2013-08-19,13:11:44,4.533333333333333,16.399917602539062,2.7333333333333334
2013-08-19,13:16:44,4.666666666666667,17.799898783365887,3.1333333333333333
2013-08-19,13:21:44,5.0,18.999900817871094,3.2666666666666666
2013-08-19,13:26:44,3.8,21.399917602539062,2.466666666666667
2013-08-19,13:31:44,5.266666666666667,14.599952697753906,2.533333333333333
2013-08-19,13:36:44,4.266666666666667,15.399971008300781,2.6
2013-08-19,13:41:44,4.6,17.799911499023438,2.7333333333333334
2013-08-19,13:46:44,4.733333333333333,17.59990692138672,7.466666666666668
2013-08-19,13:51:44,4.133333333333333,16.333211263020832,2.8666666666666667
2013-08-19,13:56:44,4.8,19.19987996419271,2.8
2013-08-19,14:01:44,5.533333333333334,18.26658884684245,9.933333333333334
2013-08-19,14:06:44,5.6,21.533253987630204,2.6666666666666665
2013-08-19,14:11:45,3.933333333333333,19.466578165690102,2.8666666666666667
2013-08-19,14:16:45,5.066666666666666,19.06653086344401,3.466666666666667
2013-08-19,14:21:45,4.571428571428573,19.35702732631139,3.5
2013-08-19,14:26:45,4.6,18.533198038736977,2.466666666666667
2013-08-19,14:31:45,4.733333333333333,16.399904886881508,2.8666666666666667
2013-08-19,14:36:45,4.066666666666666,18.933245340983074,3.333333333333333
2013-08-19,14:41:45,5.133333333333334,17.133229573567707,3.4
2013-08-19,14:46:45,4.133333333333333,20.19989013671875,3.6
2013-08-19,14:51:45,4.933333333333334,17.866579691569008,3.533333333333333
2013-08-19,14:56:45,4.333333333333333,17.66652425130208,3.1333333333333333
2013-08-19,15:01:45,6.2,16.466534932454426,9.6
2013-08-19,15:06:45,5.0,15.133272806803383,2.4
2013-08-19,15:11:45,3.8,17.26659138997396,2.533333333333333
2013-08-19,15:16:45,5.2,18.66657257080078,2.466666666666667
2013-08-19,15:21:45,3.8666666666666663,18.333218892415367,2.333333333333333
2013-08-19,15:26:45,4.8,18.733189900716148,2.4
2013-08-19,15:31:45,4.133333333333333,17.59991963704427,2.1333333333333333
2013-08-19,15:36:45,4.2,16.933263142903645,2.2666666666666666
2013-08-19,15:41:45,4.533333333333333,19.999898274739582,2.4
2013-08-19,15:46:45,3.933333333333333,20.19989013671875,2.533333333333333
2013-08-19,15:51:45,5.2,15.799954732259113,2.533333333333333
2013-08-19,15:56:45,3.8666666666666663,16.999918619791668,3.1333333333333333
2013-08-19,16:01:45,6.466666666666666,18.466529846191406,9.333333333333334
2013-08-19,16:06:45,4.666666666666667,15.133247375488281,2.333333333333333
2013-08-19,16:11:45,4.666666666666667,16.93323771158854,2.333333333333333
2013-08-19,16:16:45,4.933333333333334,16.999918619791668,2.1333333333333333
2013-08-19,16:21:45,4.266666666666667,17.39987691243489,2.466666666666667
2013-08-19,16:26:45,5.666666666666666,17.199935913085938,2.466666666666667
2013-08-19,16:31:45,4.266666666666667,18.33325703938802,2.8
2013-08-19,16:36:45,4.933333333333334,17.466519673665367,2.7333333333333334
2013-08-19,16:41:45,4.4,18.133227030436196,2.533333333333333
2013-08-19,16:46:45,4.333333333333333,18.066584269205727,2.1333333333333333
2013-08-19,16:51:46,5.066666666666666,18.399874369303383,2.7333333333333334
2013-08-19,16:56:46,4.066666666666666,19.133199055989582,2.533333333333333
2013-08-19,17:01:46,7.2,18.266512552897133,10.2
2013-08-19,17:06:46,4.466666666666667,17.999839782714844,3.066666666666667
2013-08-19,17:11:46,4.733333333333333,17.19989776611328,3.1333333333333333
2013-08-19,17:16:46,4.733333333333333,20.599899291992188,3.2
2013-08-19,17:21:46,4.666666666666667,20.19989013671875,2.533333333333333
2013-08-19,17:26:46,5.133333333333334,17.799911499023438,3.2
2013-08-19,17:31:46,3.933333333333333,18.39984893798828,2.533333333333333
2013-08-19,17:36:46,5.333333333333334,17.999916076660156,2.6
2013-08-19,17:41:46,4.0,17.59990692138672,3.1333333333333333
2013-08-19,17:46:46,4.666666666666667,16.733258565266926,2.1333333333333333
2013-08-19,17:51:46,4.533333333333333,18.199920654296875,3.2666666666666666
2013-08-19,17:56:46,3.733333333333333,13.399925231933594,2.466666666666667
2013-08-19,18:01:46,6.533333333333334,17.599868774414062,9.533333333333333
2013-08-19,18:06:46,4.2,18.599891662597656,3.0
2013-08-19,18:11:46,4.933333333333334,15.399932861328125,2.466666666666667
2013-08-19,18:16:46,4.266666666666667,16.399917602539062,3.2
2013-08-19,18:21:46,4.733333333333333,19.799880981445312,2.2666666666666666
2013-08-19,18:26:46,4.466666666666667,17.999954223632812,2.2
2013-08-19,18:31:46,4.466666666666667,20.599937438964844,2.4
2013-08-19,18:36:46,4.8,19.199905395507812,2.6
2013-08-19,18:41:46,3.933333333333333,15.533256530761719,2.533333333333333
2013-08-19,18:46:46,5.133333333333334,16.666603088378906,2.333333333333333
2013-08-19,18:51:46,3.933333333333333,16.59987131754557,2.7333333333333334
2013-08-19,18:56:46,4.8,17.266578674316406,2.4
2013-08-19,19:01:46,6.333333333333334,17.59993235270182,9.6
2013-08-19,19:06:46,4.8,15.666605631510414,2.6666666666666665
2013-08-19,19:11:46,4.733333333333333,15.666580200195312,2.2666666666666666
2013-08-19,19:16:46,4.2,20.799903869628906,3.066666666666667
2013-08-19,19:21:46,5.0,16.799914042154946,2.4
2013-08-19,19:26:46,3.733333333333333,18.33319346110026,2.066666666666667
2013-08-19,19:31:46,4.6,15.599962870279946,2.066666666666667
2013-08-19,19:36:47,4.0,16.333185831705727,2.4
2013-08-19,19:41:47,4.333333333333333,19.666544596354164,2.2
2013-08-19,19:46:47,4.466666666666667,16.46661122639974,2.4
2013-08-19,19:51:47,3.933333333333333,17.06659952799479,2.2
2013-08-19,19:56:47,4.733333333333333,16.73323313395182,2.6
2013-08-19,20:01:47,5.7333333333333325,18.99988810221354,9.266666666666667
2013-08-19,20:06:47,4.733333333333333,18.26653798421224,2.1333333333333333
2013-08-19,20:11:47,4.133333333333333,18.26655069986979,2.7333333333333334
2013-08-19,20:16:47,4.466666666666667,18.26657613118489,2.2666666666666666
2013-08-19,20:21:47,4.4,18.066546122233074,2.466666666666667
2013-08-19,20:26:47,3.8,21.666590372721352,2.2666666666666666
2013-08-19,20:31:47,4.866666666666667,18.39984893798828,2.7333333333333334
2013-08-19,20:36:47,3.8666666666666663,17.9998779296875,2.466666666666667
2013-08-19,20:41:47,4.4,16.599896748860676,2.333333333333333
2013-08-19,20:46:47,4.133333333333333,17.133229573567707,2.7333333333333334
2013-08-19,20:51:47,4.266666666666667,17.599868774414062,2.2
2013-08-19,20:56:47,4.466666666666667,19.266560872395832,2.6
2013-08-19,21:01:47,5.866666666666666,19.199867248535156,9.866666666666667
2013-08-19,21:06:47,5.133333333333334,17.066548665364586,2.2666666666666666
2013-08-19,21:11:47,3.733333333333333,18.799896240234375,2.2666666666666666
2013-08-19,21:16:47,4.666666666666667,18.13323974609375,2.333333333333333
2013-08-19,21:21:47,4.266666666666667,15.999921162923181,2.533333333333333
2013-08-19,21:26:47,4.066666666666666,18.46654256184896,2.333333333333333
2013-08-19,21:31:47,4.466666666666667,17.799911499023438,2.1333333333333333
2013-08-19,21:36:47,3.733333333333333,18.999862670898438,2.533333333333333
2013-08-19,21:41:47,4.933333333333334,17.59990692138672,2.2
2013-08-19,21:46:47,3.933333333333333,16.59992218017578,2.066666666666667
2013-08-19,21:51:47,4.6,16.59992218017578,2.2
2013-08-19,21:56:47,4.4,18.199920654296875,2.533333333333333
2013-08-19,22:01:47,6.2,18.19988250732422,9.4
2013-08-19,22:06:48,4.8,17.399940490722656,2.466666666666667
2013-08-19,22:11:48,3.666666666666667,17.39990234375,2.2666666666666666
2013-08-19,22:16:48,5.133333333333334,19.399871826171875,2.466666666666667
2013-08-19,22:21:48,3.8,17.19989776611328,2.466666666666667
2013-08-19,22:26:48,4.4,18.999862670898438,2.7333333333333334
2013-08-19,22:31:48,4.4,17.9998779296875,2.2
2013-08-19,22:36:48,4.133333333333333,15.733273824055994,2.7333333333333334
2013-08-19,22:41:48,4.8,17.799924214680992,2.6666666666666665
2013-08-19,22:46:48,3.8,18.999862670898438,2.8
2013-08-19,22:51:48,5.066666666666666,18.66652170817057,2.6666666666666665
2013-08-19,22:56:48,3.8,16.999867757161457,2.533333333333333
2013-08-19,23:01:48,6.7333333333333325,19.5999272664388,10.133333333333333
2013-08-19,23:06:48,4.266666666666667,20.533231099446613,2.533333333333333
2013-08-19,23:11:48,4.2,15.93330383300781,2.7333333333333334
2013-08-19,23:16:48,4.866666666666667,17.533213297526043,2.8666666666666667
2013-08-19,23:21:48,3.8,18.53322347005208,2.6666666666666665
2013-08-19,23:26:48,4.8,18.46654256184896,2.6
2013-08-19,23:31:48,3.8,16.399930318196617,2.466666666666667
2013-08-19,23:36:48,4.666666666666667,16.86662038167318,2.933333333333333
2013-08-19,23:41:48,4.066666666666666,14.666557312011719,2.4
2013-08-19,23:46:48,4.333333333333333,18.533198038736977,2.6
2013-08-19,23:51:48,4.6,18.533185323079426,3.066666666666667
2013-08-19,23:56:48,3.8666666666666663,17.199923197428383,2.6
2013-08-20,00:01:48,7.0,17.13324228922526,9.866666666666667
2013-08-20,00:06:48,3.8,19.999923706054688,2.7333333333333334
2013-08-20,00:11:48,4.666666666666667,17.933197021484375,2.6666666666666665
2013-08-20,00:16:48,4.2,21.199874877929688,2.6
2013-08-20,00:21:49,4.333333333333333,16.866531372070312,2.8666666666666667
2013-08-20,00:26:49,4.466666666666667,17.733192443847656,2.466666666666667
2013-08-20,00:31:49,3.8,17.866541544596352,2.7333333333333334
2013-08-20,00:36:49,4.866666666666667,18.599853515625,2.7333333333333334
2013-08-20,00:41:49,3.8,16.266568501790367,2.8666666666666667
2013-08-20,00:46:49,4.6,18.7332280476888,2.7333333333333334
2013-08-20,00:51:49,4.266666666666667,17.066561381022133,2.4
2013-08-20,00:56:48,4.2,15.866584777832033,2.4
2013-08-20,01:01:49,6.666666666666666,18.333206176757812,9.933333333333334
2013-08-20,01:06:49,4.066666666666666,17.866554260253906,2.0
2013-08-20,01:11:49,4.8,16.933263142903645,2.466666666666667
2013-08-20,01:16:49,4.133333333333333,17.399927775065105,2.4
2013-08-20,01:21:49,4.6,19.133199055989582,2.333333333333333
2013-08-20,01:26:49,4.466666666666667,16.266555786132812,2.466666666666667
2013-08-20,01:31:49,4.533333333333333,17.26660410563151,3.8
2013-08-20,01:36:49,5.866666666666666,18.26657613118489,9.466666666666667
2013-08-20,01:41:49,4.6,17.066561381022133,13.0
2013-08-20,01:46:49,5.266666666666667,16.99993133544922,4.066666666666666
2013-08-20,01:51:49,3.933333333333333,17.06653594970703,2.466666666666667
2013-08-20,01:56:49,4.866666666666667,18.199920654296875,3.333333333333333
2013-08-20,02:01:49,6.466666666666666,18.599891662597656,10.266666666666667
2013-08-20,02:06:50,4.266666666666667,15.599937438964846,2.6
2013-08-20,02:11:50,4.6,15.133260091145836,2.2666666666666666
2013-08-20,02:16:50,4.0,16.59992218017578,2.066666666666667
2013-08-20,02:21:50,4.933333333333334,18.19988250732422,2.466666666666667
2013-08-20,02:26:50,3.8,18.39984893798828,2.333333333333333
2013-08-20,02:31:50,4.466666666666667,20.19989013671875,2.6666666666666665
2013-08-20,02:36:50,4.333333333333333,15.199928283691404,2.533333333333333
2013-08-20,02:41:50,4.066666666666666,16.999893188476562,2.466666666666667
2013-08-20,02:46:50,4.666666666666667,18.79985809326172,2.1333333333333333
2013-08-20,02:51:50,5.4,37.466583251953125,2.2
2013-08-20,02:56:50,5.066666666666666,21.599884033203125,2.1333333333333333
2013-08-20,03:01:50,5.466666666666666,17.733205159505207,10.2
2013-08-20,03:06:50,5.533333333333334,17.93322245279948,3.0
2013-08-20,03:11:50,4.533333333333333,15.599962870279946,4.466666666666667
2013-08-20,03:16:50,4.6,17.266527811686196,2.6
2013-08-20,03:21:50,5.066666666666666,16.7999267578125,4.133333333333334
2013-08-20,03:26:50,4.8,18.26655069986979,5.066666666666666
2013-08-20,03:31:50,5.333333333333334,19.199867248535156,4.666666666666667
2013-08-20,03:36:50,4.266666666666667,18.93319447835286,4.0
2013-08-20,03:41:50,5.066666666666666,15.999908447265627,5.0
2013-08-20,03:46:50,4.866666666666667,18.133214314778645,4.6
2013-08-20,03:51:50,4.8,18.46654256184896,4.4
2013-08-20,03:56:50,5.066666666666666,16.933199564615883,4.466666666666667
2013-08-20,04:01:50,5.933333333333334,17.399927775065105,11.933333333333335
2013-08-20,04:06:50,6.066666666666666,18.8665771484375,4.466666666666667
2013-08-20,04:11:50,4.333333333333333,17.53326416015625,4.733333333333333
2013-08-20,04:16:50,5.0,15.799903869628906,3.733333333333333
2013-08-20,04:21:50,4.466666666666667,18.13318888346354,4.733333333333333
2013-08-20,04:26:50,4.8,16.466585795084633,4.333333333333333
2013-08-20,04:31:51,5.2,21.866544087727867,6.133333333333334
2013-08-20,04:36:51,4.4,19.53322092692057,5.866666666666666
2013-08-20,04:41:51,5.533333333333334,18.399899800618485,4.0
2013-08-20,04:46:51,4.466666666666667,17.599894205729164,6.0
2013-08-20,04:51:51,4.933333333333334,18.666534423828125,3.6
2013-08-20,04:56:51,4.266666666666667,16.333274841308594,2.933333333333333
2013-08-20,05:01:51,15.466666666666667,19.333229064941406,100.0
2013-08-20,05:06:51,5.666666666666666,21.333223978678387,4.066666666666666
2013-08-20,05:11:51,4.0,19.866549173990883,3.333333333333333
2013-08-20,05:16:51,5.666666666666666,17.866541544596352,4.133333333333334
2013-08-20,05:21:51,4.266666666666667,17.533238728841148,4.4
2013-08-20,05:26:51,4.866666666666667,20.133260091145832,3.1333333333333333
2013-08-20,05:31:51,4.4,20.333226521809898,3.066666666666667
2013-08-20,05:36:51,4.466666666666667,16.333211263020832,2.8666666666666667
2013-08-20,05:41:51,4.8,17.46657053629557,3.4
2013-08-20,05:46:51,4.133333333333333,17.266553243001297,3.333333333333333
2013-08-20,05:51:51,5.133333333333334,17.59990692138672,3.2
2013-08-20,05:56:51,3.933333333333333,16.399917602539062,3.2666666666666666
2013-08-20,06:01:51,6.533333333333334,16.866544087727863,10.2
2013-08-20,06:06:51,5.2,19.999923706054688,2.933333333333333
2013-08-20,06:11:51,4.466666666666667,18.999862670898438,3.533333333333333
2013-08-20,06:16:51,4.933333333333334,20.999908447265625,2.8666666666666667
2013-08-20,06:21:51,4.2,20.19989013671875,3.066666666666667
2013-08-20,06:26:51,5.066666666666666,18.79985809326172,2.7333333333333334
2013-08-20,06:31:51,4.133333333333333,17.999839782714844,3.0
2013-08-20,06:36:51,4.866666666666667,18.999862670898438,3.1333333333333333
2013-08-20,06:41:51,4.666666666666667,17.199885050455727,3.4
2013-08-20,06:46:51,4.666666666666667,19.999923706054688,3.6666666666666665
2013-08-20,06:51:51,4.733333333333333,15.399932861328125,3.0
2013-08-20,06:56:51,4.133333333333333,16.999893188476562,2.933333333333333
2013-08-20,07:01:51,6.466666666666666,19.199867248535156,9.733333333333333
2013-08-20,07:06:51,4.4,19.933217366536454,2.066666666666667
2013-08-20,07:11:51,4.466666666666667,17.19989776611328,2.466666666666667
2013-08-20,07:16:51,4.6,21.666590372721352,2.1333333333333333
2013-08-20,07:21:52,4.4,16.733258565266926,2.6
2013-08-20,07:26:52,4.466666666666667,17.533187866210938,2.333333333333333
2013-08-20,07:31:52,4.133333333333333,15.53328196207682,2.2
2013-08-20,07:36:52,4.666666666666667,16.466585795084633,2.466666666666667
2013-08-20,07:41:52,3.8666666666666663,15.066579182942707,2.466666666666667
2013-08-20,07:46:52,4.6,18.266563415527344,2.2666666666666666
2013-08-20,07:51:52,4.4,16.53325398763021,2.466666666666667
2013-08-20,07:56:52,4.533333333333333,19.333203633626304,2.2
2013-08-20,08:01:52,6.066666666666666,19.666544596354164,9.533333333333333
2013-08-20,08:06:52,4.533333333333333,19.333203633626304,2.1333333333333333
2013-08-20,08:11:52,4.533333333333333,18.599853515625,2.2666666666666666
2013-08-20,08:16:52,3.8666666666666663,18.66655985514323,2.066666666666667
2013-08-20,08:21:52,4.666666666666667,14.866612752278648,2.2666666666666666
2013-08-20,08:26:52,4.266666666666667,15.399869283040369,2.2666666666666666
2013-08-20,08:31:52,4.133333333333333,18.26655069986979,2.533333333333333
2013-08-20,08:36:52,4.6,18.399887084960938,2.4
2013-08-20,08:41:52,4.066666666666666,19.133199055989582,2.4
2013-08-20,08:46:52,4.6,17.733205159505207,2.4
2013-08-20,08:51:52,3.8,18.599904378255207,2.333333333333333
2013-08-20,08:56:52,4.466666666666667,15.266596476236977,2.066666666666667
2013-08-20,09:01:52,5.933333333333334,15.866597493489587,9.666666666666666
2013-08-20,09:06:52,4.733333333333333,18.866539001464844,2.2
2013-08-20,09:11:52,4.466666666666667,15.9332275390625,2.4
2013-08-20,09:16:52,4.333333333333333,18.86652628580729,2.4
2013-08-20,09:21:52,4.733333333333333,19.733212788899742,2.466666666666667
2013-08-20,09:26:52,3.8,15.999946594238281,2.066666666666667
2013-08-20,09:31:52,4.466666666666667,18.399887084960938,2.466666666666667
2013-08-20,09:36:52,4.0,18.26655069986979,2.333333333333333
2013-08-20,09:41:52,4.266666666666667,16.666603088378906,2.1333333333333333
2013-08-20,09:46:52,4.333333333333333,18.26653798421224,2.2
2013-08-20,09:51:52,4.4,16.999905904134113,2.4
2013-08-20,09:56:52,4.533333333333333,14.599901835123699,2.2
2013-08-20,10:01:52,5.6,15.933214823404946,9.4
2013-08-20,10:06:52,5.066666666666666,16.399879455566406,2.6
2013-08-20,10:11:52,4.133333333333333,17.59990692138672,2.933333333333333
2013-08-20,10:16:52,4.6,22.199935913085938,2.1333333333333333
2013-08-20,10:21:52,4.666666666666667,17.39990234375,3.4
2013-08-20,10:26:52,4.466666666666667,18.999900817871094,2.333333333333333
2013-08-20,10:31:52,4.466666666666667,19.39990997314453,2.1333333333333333
2013-08-20,10:36:52,4.066666666666666,20.999908447265625,2.533333333333333
2013-08-20,10:41:52,4.733333333333333,15.599899291992186,2.533333333333333
2013-08-20,10:46:52,4.266666666666667,16.999855041503906,3.1333333333333333
2013-08-20,10:51:52,4.466666666666667,15.5999755859375,2.2
2013-08-20,10:56:52,4.466666666666667,14.799919128417969,2.6
2013-08-20,11:01:52,6.133333333333334,17.59990692138672,10.0
2013-08-20,11:06:52,5.0,17.93323516845703,2.6
2013-08-20,11:11:52,4.0,18.999900817871094,2.333333333333333
2013-08-20,11:16:52,5.0,18.133227030436196,2.933333333333333
2013-08-20,11:21:52,4.2,17.46654510498047,2.333333333333333
2013-08-20,11:26:52,4.466666666666667,18.733266194661457,2.2
2013-08-20,11:31:52,4.533333333333333,18.066584269205727,2.8666666666666667
2013-08-20,11:36:52,4.333333333333333,16.866544087727863,2.6666666666666665
2013-08-20,11:41:52,4.466666666666667,15.866584777832033,2.2
2013-08-20,11:46:52,4.0,17.9998779296875,2.7333333333333334
2013-08-20,11:51:52,4.933333333333334,16.799952189127602,2.6
2013-08-20,11:56:52,4.133333333333333,16.533266703287758,2.6666666666666665
2013-08-20,12:01:52,6.2666666666666675,18.933258056640625,9.733333333333333
2013-08-20,12:06:52,4.666666666666667,19.26654815673828,2.933333333333333
2013-08-20,12:11:52,4.133333333333333,16.733245849609375,2.6666666666666665
2013-08-20,12:16:52,4.933333333333334,18.466529846191406,2.6
2013-08-20,12:21:52,4.0,18.999862670898438,2.6
2013-08-20,12:26:52,5.266666666666667,17.999903361002602,3.066666666666667
2013-08-20,12:31:52,4.0,16.199925740559895,2.7333333333333334
2013-08-20,12:36:52,4.733333333333333,18.733266194661457,2.7333333333333334
2013-08-20,12:41:52,4.4,18.199920654296875,2.7333333333333334
2013-08-20,12:46:52,4.066666666666666,16.999893188476562,2.466666666666667
2013-08-20,12:51:52,4.933333333333334,17.79987335205078,2.533333333333333
2013-08-20,12:56:52,3.8,17.533238728841148,2.4
2013-08-20,13:01:53,7.066666666666666,19.266535441080727,9.733333333333333
2013-08-20,13:06:53,3.8666666666666663,18.599891662597656,2.6666666666666665
2013-08-20,13:11:53,5.133333333333334,20.466562906901043,2.2
2013-08-20,13:16:53,4.066666666666666,19.333203633626304,2.333333333333333
2013-08-20,13:22:03,4.533333333333333,17.466532389322914,2.8
2013-08-20,13:27:03,4.333333333333333,19.199867248535156,2.4
2013-08-20,13:32:04,4.266666666666667,17.666562398274742,2.4
2013-08-20,13:37:04,4.733333333333333,17.5332514444987,2.533333333333333
2013-08-20,13:42:04,3.666666666666667,17.466519673665367,2.333333333333333
2013-08-20,13:47:04,5.133333333333334,18.06659698486328,3.333333333333333
2013-08-20,13:52:04,3.666666666666667,15.599962870279946,2.8
2013-08-20,13:57:04,5.0,17.466506958007812,2.933333333333333
2013-08-20,14:02:04,6.466666666666666,17.333234151204426,10.0
2013-08-20,14:07:04,4.666666666666667,19.599876403808594,3.066666666666667
2013-08-20,14:12:04,4.8,17.466532389322914,3.066666666666667
2013-08-20,14:17:04,4.0,17.933184305826824,2.333333333333333
2013-08-20,14:22:04,5.066666666666666,16.199862162272133,3.1333333333333333
2013-08-20,14:27:04,3.733333333333333,16.79987589518229,2.533333333333333
2013-08-20,14:32:04,4.533333333333333,16.266568501790367,2.333333333333333
2013-08-20,14:37:04,4.066666666666666,16.999867757161457,2.466666666666667
2013-08-20,14:42:04,4.2,16.533215840657554,2.1333333333333333
2013-08-20,14:47:04,4.933333333333334,18.73321533203125,2.6666666666666665
2013-08-20,14:52:04,4.133333333333333,17.59991963704427,2.466666666666667
2013-08-20,14:57:04,5.2,15.666592915852865,2.466666666666667
2013-08-20,15:02:04,6.142857142857142,20.142745971679688,10.214285714285714
2013-08-20,15:07:04,4.866666666666667,16.866607666015625,2.333333333333333
2013-08-20,15:12:04,4.466666666666667,18.799959818522133,2.466666666666667
2013-08-20,15:17:04,4.666666666666667,21.933224995930985,2.2
2013-08-20,15:22:04,4.8,18.2666015625,2.466666666666667
2013-08-20,15:27:04,4.066666666666666,17.59990692138672,2.2
2013-08-20,15:32:04,5.0,17.133267720540367,2.466666666666667
2013-08-20,15:37:04,4.066666666666666,16.533241271972656,2.533333333333333
2013-08-20,15:42:04,5.0,16.26659393310547,2.8
2013-08-20,15:47:04,4.666666666666667,14.7332763671875,2.8
2013-08-20,15:52:05,4.466666666666667,17.19989776611328,2.933333333333333
2013-08-20,15:57:05,5.0,17.399940490722656,2.533333333333333
2013-08-20,16:02:05,6.466666666666666,17.799898783365887,10.4
2013-08-20,16:07:05,5.4,18.79985809326172,2.333333333333333
2013-08-20,16:12:05,4.0,16.999893188476562,2.533333333333333
2013-08-20,16:17:05,5.0,16.199938456217446,2.6
2013-08-20,16:22:05,4.6,16.7999267578125,2.933333333333333
2013-08-20,16:27:05,4.466666666666667,19.399871826171875,2.6
2013-08-20,16:32:05,4.6,18.999862670898438,2.4
2013-08-20,16:37:05,4.066666666666666,16.399917602539062,2.7333333333333334
2013-08-20,16:42:05,4.866666666666667,17.999916076660156,2.333333333333333
2013-08-20,16:47:05,4.133333333333333,18.999900817871094,3.2666666666666666
2013-08-20,16:52:05,4.8,18.999862670898438,2.466666666666667
2013-08-20,16:57:05,4.6,16.999893188476562,2.533333333333333
2013-08-20,17:02:05,6.7333333333333325,20.799903869628906,9.866666666666667
2013-08-20,17:07:05,4.666666666666667,18.39984893798828,2.4
2013-08-20,17:12:05,3.933333333333333,17.9998779296875,2.8666666666666667
2013-08-20,17:17:05,5.266666666666667,19.99988555908203,2.933333333333333
2013-08-20,17:22:05,4.066666666666666,19.599876403808594,2.8
2013-08-20,17:27:05,4.666666666666667,16.799888610839844,2.6
2013-08-20,17:32:05,4.666666666666667,19.333203633626304,2.933333333333333
2013-08-20,17:37:05,4.266666666666667,19.599876403808594,2.933333333333333
2013-08-20,17:42:05,4.8,19.06653086344401,2.2666666666666666
2013-08-20,17:47:05,3.733333333333333,16.199913024902344,2.8666666666666667
2013-08-20,17:52:05,5.066666666666666,19.599901835123696,2.2666666666666666
2013-08-20,17:57:05,3.8,18.99988810221354,2.4
2013-08-20,18:02:05,7.0,16.61531008206881,11.153846153846152
2013-08-20,18:07:06,5.8,31.26655578613281,2.933333333333333
2013-08-20,18:12:06,4.266666666666667,29.73321278889973,2.333333333333333
2013-08-20,18:17:06,5.0,21.93326314290364,2.6666666666666665
2013-08-20,18:22:06,3.8666666666666663,19.933217366536454,2.333333333333333
2013-08-20,18:27:06,5.133333333333334,18.199844360351562,2.533333333333333
2013-08-20,18:32:06,3.8,17.266629536946617,2.533333333333333
2013-08-20,18:37:06,4.533333333333333,17.133267720540367,2.2
2013-08-20,18:42:06,4.266666666666667,17.266553243001297,2.533333333333333
2013-08-20,18:47:06,4.466666666666667,17.666536966959637,2.466666666666667
2013-08-20,18:52:06,4.8,18.266563415527344,1.9333333333333331
2013-08-20,18:57:06,3.8666666666666663,18.199920654296875,2.333333333333333
2013-08-20,19:02:06,7.2,16.066576639811196,9.8
2013-08-20,19:07:05,4.0,16.533241271972656,3.0
2013-08-20,19:12:05,4.733333333333333,20.533231099446613,2.333333333333333
2013-08-20,19:17:05,4.466666666666667,19.799868265787758,2.7333333333333334
2013-08-20,19:22:05,4.533333333333333,20.666542053222656,2.533333333333333
2013-08-20,19:27:05,4.6,17.399915059407554,1.8666666666666667
2013-08-20,19:32:05,3.8,19.933242797851562,2.533333333333333
2013-08-20,19:37:05,5.0,17.599868774414062,2.1333333333333333
2013-08-20,19:42:05,3.933333333333333,17.533238728841148,2.7333333333333334
2013-08-20,19:47:05,4.533333333333333,19.53322092692057,2.7333333333333334
2013-08-20,19:52:06,4.4,15.66655476888021,2.2666666666666666
2013-08-20,19:57:06,4.333333333333333,16.799888610839844,2.7333333333333334
2013-08-20,20:02:06,6.6,19.799880981445312,9.6
2013-08-20,20:07:06,4.0,20.866572062174477,2.6666666666666665
2013-08-20,20:12:06,5.266666666666667,22.266604105631508,2.8
2013-08-20,20:17:06,4.533333333333333,20.066553751627605,2.6666666666666665
2013-08-20,20:22:06,4.466666666666667,16.999893188476562,2.4
2013-08-20,20:27:06,4.4,17.39990234375,2.2666666666666666
2013-08-20,20:32:06,4.2,18.999900817871094,2.1333333333333333
2013-08-20,20:37:06,4.533333333333333,15.799903869628906,2.333333333333333
2013-08-20,20:42:06,3.933333333333333,16.199874877929688,2.466666666666667
2013-08-20,20:47:06,5.2,18.599891662597656,2.6666666666666665
2013-08-20,20:52:06,3.933333333333333,18.799896240234375,2.6
2013-08-20,20:57:06,4.4,19.266535441080727,2.466666666666667
2013-08-20,21:02:06,6.6,20.39989471435547,9.733333333333333
2013-08-20,21:07:06,4.333333333333333,18.39984893798828,2.533333333333333
2013-08-20,21:12:06,4.6,17.199859619140625,2.6
2013-08-20,21:17:06,4.066666666666666,20.399932861328125,2.333333333333333
2013-08-20,21:22:06,4.8,18.199844360351562,2.4
2013-08-20,21:27:06,4.0,17.199935913085938,2.333333333333333
2013-08-20,21:32:06,4.533333333333333,16.199913024902344,2.4
2013-08-20,21:37:06,4.333333333333333,17.59993235270182,2.466666666666667
2013-08-20,21:42:06,4.0,14.333279927571619,2.466666666666667
2013-08-20,21:47:06,4.733333333333333,15.866584777832033,2.6
2013-08-20,21:52:06,3.8666666666666663,16.533241271972656,2.2666666666666666
2013-08-20,21:57:06,4.933333333333334,18.133265177408855,2.2
2013-08-20,22:02:06,6.133333333333334,18.466555277506508,9.533333333333333
2013-08-20,22:07:07,5.0,19.599876403808594,2.2666666666666666
2013-08-20,22:12:07,4.266666666666667,19.599901835123696,2.2666666666666666
2013-08-20,22:17:07,4.266666666666667,17.59991963704427,2.333333333333333
2013-08-20,22:22:07,4.6,17.399927775065105,2.2666666666666666
2013-08-20,22:27:07,3.8666666666666663,17.666549682617188,2.4
2013-08-20,22:32:07,5.133333333333334,16.799888610839844,2.333333333333333
2013-08-20,22:37:07,3.666666666666667,17.399927775065105,2.4
2013-08-20,22:42:07,4.666666666666667,14.466616312662758,2.4
2013-08-20,22:47:07,4.333333333333333,17.666536966959637,2.933333333333333
2013-08-20,22:52:07,4.333333333333333,17.799924214680992,2.066666666666667
2013-08-20,22:57:07,4.6,16.133219401041668,2.2666666666666666
2013-08-20,23:02:07,5.933333333333334,18.399899800618485,9.6
2013-08-20,23:07:07,5.066666666666666,17.19989776611328,2.2
2013-08-20,23:12:07,3.8,18.733202616373696,2.2666666666666666
2013-08-20,23:17:07,4.933333333333334,17.533226013183594,2.4
2013-08-20,23:22:07,4.2,18.999862670898438,2.2
2013-08-20,23:27:07,4.133333333333333,17.599868774414062,2.466666666666667
2013-08-20,23:32:07,4.533333333333333,18.133214314778645,2.333333333333333
2013-08-20,23:37:07,3.666666666666667,17.133204142252602,2.2
2013-08-20,23:42:07,4.933333333333334,17.199935913085938,2.333333333333333
2013-08-20,23:47:07,4.0,18.399912516276043,2.1333333333333333
2013-08-20,23:52:07,4.6,16.933199564615883,2.066666666666667
2013-08-20,23:57:07,4.133333333333333,15.19991556803385,2.466666666666667
2013-08-21,00:02:07,6.333333333333334,18.33319346110026,9.6
2013-08-21,00:07:07,4.533333333333333,18.199920654296875,2.4
2013-08-21,00:12:07,3.8,18.466580708821613,2.466666666666667
2013-08-21,00:17:07,5.066666666666666,18.866564432779946,2.6666666666666665
2013-08-21,00:22:07,3.8666666666666663,18.399887084960938,2.466666666666667
2013-08-21,00:27:07,4.533333333333333,18.53321075439453,2.0
2013-08-21,00:32:07,4.133333333333333,17.79987335205078,2.8
2013-08-21,00:37:07,4.333333333333333,18.999862670898438,2.333333333333333
2013-08-21,00:42:08,4.466666666666667,17.59990692138672,2.2666666666666666
2013-08-21,00:47:08,3.733333333333333,17.799911499023438,2.4
2013-08-21,00:52:08,4.866666666666667,19.39990997314453,2.1333333333333333
2013-08-21,00:57:08,4.0,17.799911499023438,2.2
2013-08-21,01:02:08,6.666666666666666,19.199905395507812,9.666666666666666
2013-08-21,01:07:08,4.266666666666667,18.39984893798828,2.7333333333333334
2013-08-21,01:12:08,4.133333333333333,18.266563415527344,2.466666666666667
2013-08-21,01:17:08,4.866666666666667,18.999900817871094,2.333333333333333
2013-08-21,01:22:08,3.8,19.199867248535156,2.333333333333333
2013-08-21,01:27:08,5.066666666666666,19.799880981445312,2.7333333333333334
2013-08-21,01:32:08,5.7333333333333325,20.799903869628906,12.666666666666664
2013-08-21,01:37:09,4.8,21.199913024902344,5.6
2013-08-21,01:42:09,5.066666666666666,18.599853515625,13.0
2013-08-21,01:47:09,4.133333333333333,18.79992167154948,2.533333333333333
2013-08-21,01:52:09,4.466666666666667,19.133199055989582,2.1333333333333333
2013-08-21,01:57:09,3.933333333333333,22.066561381022133,3.4
2013-08-21,02:02:09,7.2666666666666675,17.533162434895832,10.533333333333333
2013-08-21,02:07:09,3.933333333333333,18.999862670898438,2.6666666666666665
2013-08-21,02:12:09,4.533333333333333,15.466626485188806,2.7333333333333334
2013-08-21,02:17:09,4.266666666666667,18.533274332682293,2.4
2013-08-21,02:22:09,4.133333333333333,18.66655985514323,2.4
2013-08-21,02:27:09,4.733333333333333,20.666567484537758,2.533333333333333
2013-08-21,02:32:09,3.733333333333333,16.199913024902344,2.2666666666666666
2013-08-21,02:37:09,5.0,17.39988962809245,2.2
2013-08-21,02:42:09,3.666666666666667,16.066614786783852,2.1333333333333333
2013-08-21,02:47:09,4.533333333333333,17.5332514444987,2.6666666666666665
2013-08-21,02:52:09,4.066666666666666,19.133199055989582,2.333333333333333
2013-08-21,02:57:09,4.2,16.399879455566406,2.2
2013-08-21,03:02:09,7.0,16.866556803385414,10.066666666666666
2013-08-21,03:07:09,4.066666666666666,16.73322041829427,3.733333333333333
2013-08-21,03:12:09,5.133333333333334,17.199910481770832,2.933333333333333
2013-08-21,03:17:09,4.066666666666666,18.53321075439453,3.2
2013-08-21,03:22:09,4.933333333333334,17.466583251953125,3.6666666666666665
2013-08-21,03:27:09,4.8,17.59990692138672,4.933333333333334
2013-08-21,03:32:09,4.666666666666667,17.39990234375,4.933333333333334
2013-08-21,03:37:09,5.066666666666666,16.133270263671875,4.866666666666666
2013-08-21,03:42:09,4.133333333333333,17.46654510498047,4.733333333333333
2013-08-21,03:47:09,5.4,18.73321533203125,5.133333333333334
2013-08-21,03:52:09,4.133333333333333,16.599896748860676,4.2
2013-08-21,03:57:09,5.0,17.866566975911457,4.4
2013-08-21,04:02:09,7.066666666666666,18.199933369954426,11.933333333333335
2013-08-21,04:07:10,4.933333333333334,18.46654256184896,5.066666666666666
2013-08-21,04:12:09,5.066666666666666,19.99988555908203,4.2
2013-08-21,04:17:09,4.6,19.133211771647133,5.066666666666666
2013-08-21,04:22:09,5.6,22.866554260253906,4.666666666666667
2013-08-21,04:27:09,4.866666666666667,18.333218892415367,6.0
2013-08-21,04:32:09,4.933333333333334,16.733245849609375,4.066666666666666
2013-08-21,04:37:09,4.466666666666667,18.799896240234375,4.8
2013-08-21,04:42:09,4.733333333333333,16.999893188476562,5.2
2013-08-21,04:47:09,4.533333333333333,17.066612243652344,3.333333333333333
2013-08-21,04:52:09,4.2,17.799898783365887,2.6666666666666665
2013-08-21,04:57:09,5.0,16.133244832356773,3.066666666666667
2013-08-21,05:02:09,15.6,22.999916076660156,100.0
2013-08-21,05:07:09,4.466666666666667,24.59991455078125,3.733333333333333
2013-08-21,05:12:09,4.8,19.599876403808594,4.133333333333334
2013-08-21,05:17:09,4.666666666666667,20.39989471435547,3.733333333333333
2013-08-21,05:22:09,5.0,20.19989013671875,4.266666666666667
2013-08-21,05:27:09,3.933333333333333,19.199867248535156,3.1333333333333333
2013-08-21,05:32:09,4.666666666666667,16.7999267578125,3.1333333333333333
2013-08-21,05:37:09,4.4,16.399879455566406,2.8
2013-08-21,05:42:09,4.2,17.133229573567707,2.933333333333333
2013-08-21,05:47:09,4.733333333333333,17.999865214029946,3.533333333333333
2013-08-21,05:52:09,4.333333333333333,19.066569010416668,2.933333333333333
2013-08-21,05:57:10,4.866666666666667,16.466585795084633,3.1333333333333333
2013-08-21,06:02:10,6.2666666666666675,15.466588338216145,10.666666666666666
2013-08-21,06:07:10,4.666666666666667,17.866554260253906,3.4
2013-08-21,06:12:10,4.266666666666667,17.666562398274742,3.0
2013-08-21,06:17:10,4.8,17.066561381022133,3.2666666666666666
2013-08-21,06:22:10,4.4,16.399904886881508,3.0
2013-08-21,06:27:10,4.266666666666667,15.066630045572918,2.8
2013-08-21,06:32:10,4.8,14.599927266438806,3.1333333333333333
2013-08-21,06:37:10,3.933333333333333,16.199938456217446,2.8
2013-08-21,06:42:10,4.666666666666667,18.333218892415367,2.6666666666666665
2013-08-21,06:47:10,4.133333333333333,15.733248392740887,2.6666666666666665
2013-08-21,06:52:10,4.733333333333333,18.199844360351562,2.333333333333333
2013-08-21,06:57:10,4.0,18.733189900716148,2.2666666666666666
2013-08-21,07:02:10,6.4,19.333203633626304,9.6
2013-08-21,07:07:10,4.533333333333333,17.93322245279948,2.2666666666666666
2013-08-21,07:12:10,3.8,15.933278401692707,2.8
2013-08-21,07:17:10,5.066666666666666,17.39985148111979,2.333333333333333
2013-08-21,07:22:10,4.066666666666666,20.39989471435547,2.4
2013-08-21,07:27:10,4.733333333333333,18.39984893798828,2.066666666666667
2013-08-21,07:32:10,4.066666666666666,20.666567484537758,2.2
2013-08-21,07:37:10,4.333333333333333,17.266565958658855,2.466666666666667
2013-08-21,07:42:10,4.6,19.53320821126302,2.533333333333333
2013-08-21,07:47:10,3.8,18.066546122233074,2.533333333333333
2013-08-21,07:52:10,4.533333333333333,16.799888610839844,2.333333333333333
2013-08-21,07:57:10,4.133333333333333,16.66656494140625,2.2
2013-08-21,08:02:10,6.8,17.1331787109375,9.266666666666667
2013-08-21,08:07:11,4.133333333333333,16.93323771158854,2.2
2013-08-21,08:12:11,4.0,16.599947611490887,1.9333333333333331
2013-08-21,08:17:11,4.666666666666667,22.066561381022133,2.2666666666666666
2013-08-21,08:22:11,4.0,19.266535441080727,2.2666666666666666
2013-08-21,08:27:11,4.6,17.333221435546875,2.466666666666667
2013-08-21,08:32:11,4.066666666666666,18.599853515625,2.2
2013-08-21,08:37:11,4.466666666666667,16.59992218017578,2.2666666666666666
2013-08-21,08:42:11,4.2,17.799911499023438,2.2
2013-08-21,08:47:11,4.133333333333333,16.199913024902344,2.1333333333333333
2013-08-21,08:52:11,4.533333333333333,19.799880981445312,2.0
2013-08-21,08:57:11,3.666666666666667,17.599868774414062,2.8666666666666667
2013-08-21,09:02:11,7.066666666666666,18.39984893798828,9.666666666666666
2013-08-21,09:07:11,4.0,18.599891662597656,2.333333333333333
2013-08-21,09:12:11,4.4,17.79986063639323,2.1333333333333333
2013-08-21,09:17:11,4.533333333333333,21.533228556315102,2.533333333333333
2013-08-21,09:22:11,4.266666666666667,19.799880981445312,2.6
2013-08-21,09:27:11,4.6,16.59992218017578,2.333333333333333
2013-08-21,09:32:11,3.733333333333333,16.7999267578125,2.2
2013-08-21,09:37:11,6.066666666666666,20.13324737548828,2.466666666666667
2013-08-21,09:42:11,4.266666666666667,42.59998321533203,2.2666666666666666
2013-08-21,09:47:11,4.6,23.399925231933594,2.2
2013-08-21,09:52:11,4.2,15.999908447265627,2.066666666666667
2013-08-21,09:57:11,4.133333333333333,15.866559346516926,2.1333333333333333
2013-08-21,10:02:11,6.8,14.733263651529946,9.533333333333333
2013-08-21,10:07:11,3.8666666666666663,16.06653849283854,2.6
2013-08-21,10:12:11,4.866666666666667,16.33324940999349,2.2666666666666666
2013-08-21,10:17:12,4.066666666666666,18.26658884684245,2.8
2013-08-21,10:22:12,4.6,16.399879455566406,2.2
2013-08-21,10:27:12,3.933333333333333,14.533246358235678,2.6666666666666665
2013-08-21,10:32:12,4.2,15.999908447265627,2.466666666666667
2013-08-21,10:37:12,4.666666666666667,19.733238220214844,2.533333333333333
2013-08-21,10:42:12,4.0,17.46657053629557,2.2
2013-08-21,10:47:12,5.2,16.999867757161457,2.533333333333333
2013-08-21,10:52:12,4.066666666666666,17.9998779296875,2.0
2013-08-21,10:57:12,4.733333333333333,17.599868774414062,2.933333333333333
2013-08-21,11:02:12,6.7333333333333325,19.333203633626304,9.8
2013-08-21,11:07:12,4.466666666666667,18.93319447835286,2.6666666666666665
2013-08-21,11:12:12,4.6,17.333221435546875,2.466666666666667
2013-08-21,11:17:12,4.133333333333333,18.79993438720703,2.533333333333333
2013-08-21,11:22:12,4.866666666666667,18.066558837890625,2.0
2013-08-21,11:27:12,3.8,17.999916076660156,2.533333333333333
2013-08-21,11:32:12,4.533333333333333,20.733235677083336,2.333333333333333
2013-08-21,11:37:12,4.533333333333333,16.866594950358074,7.2666666666666675
2013-08-21,11:42:12,4.466666666666667,18.999862670898438,2.6
2013-08-21,11:47:12,5.2,18.86652628580729,5.0
2013-08-21,11:52:12,4.333333333333333,17.666536966959637,5.466666666666668
2013-08-21,11:57:12,5.6,16.26659393310547,5.666666666666668
2013-08-21,12:02:12,6.2,17.19989776611328,9.8
2013-08-21,12:07:12,4.733333333333333,17.93323516845703,2.8666666666666667
2013-08-21,12:12:12,4.266666666666667,16.599896748860676,2.1333333333333333
2013-08-21,12:17:12,4.6,18.466580708821613,2.466666666666667
2013-08-21,12:22:12,4.533333333333333,18.999862670898438,2.4
2013-08-21,12:27:12,4.133333333333333,19.79991912841797,2.533333333333333
2013-08-21,12:32:12,5.133333333333334,18.799870808919266,2.1333333333333333
2013-08-21,12:37:12,3.933333333333333,15.866597493489587,2.466666666666667
2013-08-21,12:42:12,4.666666666666667,17.733281453450516,2.6
2013-08-21,12:47:12,4.333333333333333,14.86658732096354,2.8666666666666667
2013-08-21,12:52:12,4.266666666666667,15.599937438964846,2.466666666666667
2013-08-21,12:57:12,5.0,18.199844360351562,2.333333333333333
2013-08-21,13:02:12,6.133333333333334,18.199844360351562,9.8
2013-08-21,13:07:12,5.133333333333334,19.199867248535156,2.466666666666667
2013-08-21,13:12:12,3.8,16.799888610839844,2.2666666666666666
2013-08-21,13:17:12,4.8,17.599868774414062,2.466666666666667
2013-08-21,13:22:12,4.266666666666667,16.59992218017578,2.2
2013-08-21,13:27:12,4.133333333333333,18.79985809326172,2.4
2013-08-21,13:32:12,4.666666666666667,16.599884033203125,2.2666666666666666
2013-08-21,13:37:12,3.933333333333333,17.199935913085938,2.4
2013-08-21,13:42:12,5.066666666666666,16.799888610839844,2.333333333333333
2013-08-21,13:47:12,3.8666666666666663,13.99993896484375,2.2
2013-08-21,13:52:12,4.666666666666667,18.199920654296875,2.333333333333333
2013-08-21,13:57:12,4.333333333333333,18.999900817871094,2.2666666666666666
2013-08-21,14:02:12,6.466666666666666,15.399894714355469,9.6
2013-08-21,14:07:12,4.6,17.399940490722656,2.6
2013-08-21,14:12:12,3.933333333333333,16.199913024902344,2.6
2013-08-21,14:17:12,5.533333333333334,19.799880981445312,2.2
2013-08-21,14:22:12,4.266666666666667,17.9998779296875,2.6
2013-08-21,14:27:12,4.933333333333334,17.39990234375,2.466666666666667
2013-08-21,14:32:12,4.466666666666667,16.533228556315102,2.333333333333333
2013-08-21,14:37:12,4.666666666666667,15.73322296142578,2.6
2013-08-21,14:42:12,4.733333333333333,13.799908955891926,2.333333333333333
2013-08-21,14:47:12,4.2,20.533231099446613,2.933333333333333
2013-08-21,14:52:12,5.066666666666666,18.999862670898438,2.4
2013-08-21,14:57:12,4.2,19.399871826171875,4.066666666666666
2013-08-21,15:02:12,7.066666666666666,16.799901326497398,11.0
2013-08-21,15:07:12,4.8,18.933258056640625,5.4
2013-08-21,15:12:12,4.933333333333334,18.933207194010418,5.666666666666668
2013-08-21,15:17:12,5.2,18.666585286458336,3.6
2013-08-21,15:22:12,3.8666666666666663,15.533243815104164,2.333333333333333
2013-08-21,15:27:12,5.2,16.066576639811196,2.7333333333333334
2013-08-21,15:32:12,4.333333333333333,15.79986572265625,4.866666666666666
2013-08-21,15:37:13,5.333333333333334,16.999893188476562,5.266666666666667
2013-08-21,15:42:13,4.533333333333333,17.266565958658855,4.8
2013-08-21,15:47:13,4.466666666666667,17.9998779296875,2.6666666666666665
2013-08-21,15:52:13,4.933333333333334,18.066533406575523,2.6
2013-08-21,15:57:13,3.733333333333333,18.066558837890625,2.2
2013-08-21,16:02:13,7.2666666666666675,16.399943033854164,9.666666666666666
2013-08-21,16:07:13,4.2,19.599939982096352,4.2
2013-08-21,16:12:13,5.266666666666667,16.999880472819008,5.0
2013-08-21,16:17:13,5.2,19.53320821126302,6.0
2013-08-21,16:22:13,4.466666666666667,17.733256022135414,3.066666666666667
2013-08-21,16:27:13,4.866666666666667,17.399927775065105,2.2
2013-08-21,16:32:13,4.0,15.933240254720053,2.4
2013-08-21,16:37:13,5.466666666666666,15.933265686035156,2.8
2013-08-21,16:42:13,4.133333333333333,17.199834187825523,2.2666666666666666
2013-08-21,16:47:13,5.0,16.466573079427082,2.7333333333333334
2013-08-21,16:52:13,4.333333333333333,19.666544596354164,2.333333333333333
2013-08-21,16:57:13,4.333333333333333,16.666526794433594,2.333333333333333
2013-08-21,17:02:13,7.2666666666666675,16.199913024902344,9.6
2013-08-21,17:07:13,4.0,17.266565958658855,2.533333333333333
2013-08-21,17:12:13,5.066666666666666,17.199935913085938,2.466666666666667
2013-08-21,17:17:13,4.066666666666666,20.999933878580727,2.6666666666666665
2013-08-21,17:22:13,4.733333333333333,19.733212788899742,2.933333333333333
2013-08-21,17:27:13,4.4,18.33318074544271,2.7333333333333334
2013-08-21,17:32:13,4.466666666666667,19.133211771647133,2.4
2013-08-21,17:37:13,4.933333333333334,17.133267720540367,3.0
2013-08-21,17:42:13,3.733333333333333,18.999862670898438,2.4
2013-08-21,17:47:13,5.0,17.79987335205078,3.6
2013-08-21,17:52:13,3.8666666666666663,17.39990234375,2.533333333333333
2013-08-21,17:57:13,4.6,17.9998779296875,2.333333333333333
2013-08-21,18:02:13,6.466666666666666,18.99993896484375,10.266666666666667
2013-08-21,18:07:13,4.4,17.199859619140625,2.2666666666666666
2013-08-21,18:12:13,4.666666666666667,16.7999267578125,2.333333333333333
2013-08-21,18:17:14,4.2,17.599868774414062,2.466666666666667
2013-08-21,18:22:14,5.066666666666666,18.599853515625,2.2666666666666666
2013-08-21,18:27:14,4.066666666666666,17.999916076660156,2.6666666666666665
2013-08-21,18:32:14,4.888888888888889,17.88872612847222,4.0
2013-08-21,18:37:14,4.333333333333333,19.199867248535156,3.1333333333333333
2013-08-21,18:42:14,4.2,15.399932861328125,2.1333333333333333
2013-08-21,18:47:14,4.866666666666667,17.799911499023438,2.466666666666667
2013-08-21,18:52:14,3.733333333333333,19.399871826171875,2.2
2013-08-21,18:57:14,5.133333333333334,17.19989776611328,2.2666666666666666
2013-08-21,19:02:14,6.133333333333334,20.799942016601562,9.733333333333333
2013-08-21,19:07:14,4.8,16.666577657063804,2.6
2013-08-21,19:12:14,4.066666666666666,18.39984893798828,2.2
2013-08-21,19:17:14,4.466666666666667,18.999862670898438,2.7333333333333334
2013-08-21,19:22:14,4.6,18.66652170817057,2.2666666666666666
2013-08-21,19:27:14,3.8666666666666663,18.599853515625,2.6
2013-08-21,19:32:14,5.0,18.333218892415367,2.333333333333333
2013-08-21,19:37:14,3.733333333333333,18.066546122233074,2.533333333333333
2013-08-21,19:42:14,4.666666666666667,18.333218892415367,2.2666666666666666
2013-08-21,19:47:14,4.2,18.999900817871094,2.4
2013-08-21,19:52:14,4.466666666666667,18.199857076009117,2.066666666666667
2013-08-21,19:57:14,4.533333333333333,17.666575113932293,2.333333333333333
2013-08-21,20:02:14,6.2666666666666675,17.599894205729164,9.4
2013-08-21,20:07:14,5.0,17.66651153564453,2.4
2013-08-21,20:12:14,3.8666666666666663,19.13323720296224,2.333333333333333
2013-08-21,20:17:14,4.866666666666667,19.46654001871745,2.933333333333333
2013-08-21,20:22:15,4.466666666666667,20.59986114501953,2.2
2013-08-21,20:27:15,4.4,17.46655782063802,2.066666666666667
2013-08-21,20:32:15,4.866666666666667,18.533236185709637,2.333333333333333
2013-08-21,20:37:15,3.933333333333333,17.133229573567707,2.2666666666666666
2013-08-21,20:42:15,4.933333333333334,15.39992014567057,2.2666666666666666
2013-08-21,20:47:15,4.0,16.599896748860676,2.533333333333333
2013-08-21,20:52:15,4.6,19.06658172607422,1.9333333333333331
2013-08-21,20:57:15,4.266666666666667,17.133229573567707,2.4
2013-08-21,21:02:15,6.2666666666666675,17.999865214029946,10.066666666666666
2013-08-21,21:07:15,4.6,17.066574096679688,2.6666666666666665
2013-08-21,21:12:15,4.0,17.06658681233724,2.466666666666667
2013-08-21,21:17:15,5.133333333333334,17.39990234375,2.533333333333333
2013-08-21,21:22:15,3.8666666666666663,18.599904378255207,2.533333333333333
2013-08-21,21:27:15,4.466666666666667,17.199885050455727,2.4
2013-08-21,21:32:15,4.333333333333333,19.06653086344401,2.2666666666666666
2013-08-21,21:37:15,4.133333333333333,17.66651153564453,2.6666666666666665
2013-08-21,21:42:15,4.8,14.19990539550781,2.466666666666667
2013-08-21,21:47:15,3.8,18.86658986409505,2.6
2013-08-21,21:52:15,5.133333333333334,18.999862670898438,2.2
2013-08-21,21:57:15,3.8,18.333218892415367,2.533333333333333
2013-08-21,22:02:15,6.2666666666666675,18.06657155354818,9.8
2013-08-21,22:07:16,4.333333333333333,15.799903869628906,2.466666666666667
2013-08-21,22:12:16,4.133333333333333,17.733205159505207,2.2
2013-08-21,22:17:16,4.666666666666667,21.399879455566406,2.333333333333333
2013-08-21,22:22:15,3.666666666666667,17.399864196777344,2.1333333333333333
2013-08-21,22:27:15,5.133333333333334,20.39989471435547,2.2666666666666666
2013-08-21,22:32:15,3.8,17.199935913085938,2.333333333333333
2013-08-21,22:37:15,4.733333333333333,16.199913024902344,2.6666666666666665
2013-08-21,22:42:15,4.066666666666666,17.79987335205078,2.533333333333333
2013-08-21,22:47:15,4.2,17.06658681233724,2.8
2013-08-21,22:52:15,4.733333333333333,17.9998779296875,2.6
2013-08-21,22:57:15,3.8,17.39990234375,2.2666666666666666
2013-08-21,23:02:15,7.2,17.599945068359375,9.533333333333333
2013-08-21,23:07:15,4.0,17.399940490722656,2.4
2013-08-21,23:12:15,4.6,16.99993133544922,2.4
2013-08-21,23:17:15,5.933333333333334,36.399879455566406,2.4
2013-08-21,23:22:15,4.133333333333333,21.999893188476562,2.333333333333333
2013-08-21,23:27:15,4.6,20.599899291992188,2.333333333333333
2013-08-21,23:32:15,4.066666666666666,15.799929300944008,2.2666666666666666
2013-08-21,23:37:15,4.866666666666667,15.599899291992186,2.466666666666667
2013-08-21,23:42:15,3.8666666666666663,15.399932861328125,2.066666666666667
2013-08-21,23:47:16,4.6,15.933278401692707,2.333333333333333
2013-08-21,23:52:16,4.2,17.066561381022133,2.1333333333333333
2013-08-21,23:57:16,4.333333333333333,14.933255513509113,2.1333333333333333
2013-08-22,00:02:16,6.6,18.266525268554688,9.4
2013-08-22,00:07:16,3.933333333333333,17.26659138997396,2.4
2013-08-22,00:12:16,4.866666666666667,17.399915059407554,2.0
2013-08-22,00:17:16,4.2,20.333226521809898,2.6666666666666665
2013-08-22,00:22:16,4.533333333333333,16.999880472819008,2.2666666666666666
2013-08-22,00:27:16,4.133333333333333,16.06658935546875,2.8666666666666667
2013-08-22,00:32:16,4.2,19.666544596354164,2.4
2013-08-22,00:37:16,4.4,18.199844360351562,2.4
2013-08-22,00:42:16,3.8,15.333226521809895,2.2666666666666666
2013-08-22,00:47:16,4.8,17.533238728841148,2.6
2013-08-22,00:52:16,3.933333333333333,18.733189900716148,2.1333333333333333
2013-08-22,00:57:16,4.4,18.133227030436196,2.2666666666666666
2013-08-22,01:02:17,6.333333333333334,16.666577657063804,9.533333333333333
2013-08-22,01:07:17,4.133333333333333,18.533236185709637,2.6
2013-08-22,01:12:17,4.6,16.133270263671875,2.333333333333333
2013-08-22,01:17:17,4.933333333333334,18.399925231933594,2.466666666666667
2013-08-22,01:22:17,5.2,25.866572062174487,2.066666666666667
2013-08-22,01:27:17,4.0,18.866564432779946,3.4
2013-08-22,01:32:17,6.133333333333334,20.599899291992188,8.4
2013-08-22,01:37:17,4.4,18.13318888346354,3.2666666666666666
2013-08-22,01:42:17,4.933333333333334,16.399943033854164,13.2
2013-08-22,01:47:17,4.733333333333333,18.79990895589193,4.6
2013-08-22,01:52:17,3.733333333333333,17.466583251953125,2.0
2013-08-22,01:57:17,5.0,17.733230590820312,2.333333333333333
2013-08-22,02:02:17,6.333333333333334,15.799929300944008,10.866666666666667
2013-08-22,02:07:17,9.533333333333333,19.99988555908203,2.6666666666666665
2013-08-22,02:12:17,4.2,19.066569010416668,2.533333333333333
2013-08-22,02:17:17,4.333333333333333,19.99988555908203,2.533333333333333
2013-08-22,02:22:17,4.466666666666667,17.199935913085938,2.2666666666666666
2013-08-22,02:27:17,3.6,13.399925231933594,2.4
2013-08-22,02:32:17,4.8,16.399917602539062,2.466666666666667
2013-08-22,02:37:17,3.6,16.999893188476562,2.333333333333333
2013-08-22,02:42:17,4.466666666666667,19.199867248535156,2.333333333333333
2013-08-22,02:47:17,4.133333333333333,18.19988250732422,2.6666666666666665
2013-08-22,02:52:17,4.133333333333333,17.9998779296875,2.2666666666666666
2013-08-22,02:57:17,4.4,17.799911499023438,2.2666666666666666
2013-08-22,03:02:17,5.933333333333334,16.399879455566406,10.066666666666666
2013-08-22,03:07:17,4.8,17.199935913085938,3.2
2013-08-22,03:12:17,3.8666666666666663,19.599876403808594,3.1333333333333333
2013-08-22,03:17:17,4.8,19.599876403808594,2.8
2013-08-22,03:22:17,4.533333333333333,19.599876403808594,4.866666666666666
2013-08-22,03:27:17,4.466666666666667,19.799880981445312,4.8
2013-08-22,03:32:17,4.933333333333334,17.333221435546875,4.866666666666666
2013-08-22,03:37:17,4.066666666666666,15.999908447265627,4.933333333333334
2013-08-22,03:42:18,5.2,16.666526794433594,4.533333333333333
2013-08-22,03:47:18,4.133333333333333,18.26657613118489,5.2
2013-08-22,03:52:18,4.8,17.999852498372395,4.733333333333333
2013-08-22,03:57:18,4.466666666666667,17.06658681233724,4.933333333333334
2013-08-22,04:02:18,7.133333333333334,20.733235677083336,12.0
2013-08-22,04:07:18,5.533333333333334,18.66652170817057,4.866666666666666
2013-08-22,04:12:18,4.533333333333333,17.53326416015625,4.733333333333333
2013-08-22,04:17:18,5.666666666666666,18.8665771484375,3.8666666666666663
2013-08-22,04:22:18,4.6,17.26659138997396,5.7333333333333325
2013-08-22,04:27:18,5.066666666666666,17.933260599772133,5.466666666666668
2013-08-22,04:32:18,4.466666666666667,20.26655832926432,3.4
2013-08-22,04:37:18,4.866666666666667,16.866556803385414,6.466666666666668
2013-08-22,04:42:18,4.866666666666667,17.66652425130208,4.866666666666666
2013-08-22,04:47:18,4.133333333333333,17.733217875162758,3.6666666666666665
2013-08-22,04:52:18,5.066666666666666,17.733243306477863,2.8666666666666667
2013-08-22,04:57:18,3.8666666666666663,18.333218892415367,3.1333333333333333
2013-08-22,05:02:18,16.133333333333333,19.199867248535156,100.0
2013-08-22,05:07:18,4.733333333333333,24.59991455078125,4.266666666666667
2013-08-22,05:12:18,4.466666666666667,21.199913024902344,3.2666666666666666
2013-08-22,05:17:18,5.4,20.599899291992188,3.533333333333333
2013-08-22,05:22:18,4.266666666666667,17.99989064534505,4.2
2013-08-22,05:27:18,5.466666666666666,17.799911499023438,4.466666666666667
2013-08-22,05:32:18,4.0,16.666577657063804,3.2666666666666666
2013-08-22,05:37:18,4.8,17.999916076660156,3.1333333333333333
2013-08-22,05:42:18,4.266666666666667,18.999862670898438,2.8666666666666667
2013-08-22,05:47:18,4.333333333333333,19.99988555908203,3.2666666666666666
2013-08-22,05:52:18,4.666666666666667,16.59992218017578,2.8
2013-08-22,05:57:18,4.0,16.99993133544922,3.0
2013-08-22,06:02:18,7.333333333333334,15.399971008300781,10.4
2013-08-22,06:07:18,4.2,17.733243306477863,3.333333333333333
2013-08-22,06:12:18,5.066666666666666,19.799880981445312,3.2666666666666666
2013-08-22,06:17:18,4.6,19.79991912841797,3.066666666666667
2013-08-22,06:22:18,4.266666666666667,17.799911499023438,2.8666666666666667
2013-08-22,06:27:18,4.733333333333333,18.999900817871094,2.8666666666666667
2013-08-22,06:32:18,4.0,18.399925231933594,3.1333333333333333
2013-08-22,06:37:18,5.066666666666666,17.39990234375,3.066666666666667
2013-08-22,06:42:18,3.933333333333333,19.399871826171875,2.2666666666666666
2013-08-22,06:47:18,4.6,17.06659952799479,2.533333333333333
2013-08-22,06:52:18,4.4,19.399871826171875,2.066666666666667
2013-08-22,06:57:18,4.066666666666666,16.933275858561196,2.1333333333333333
2013-08-22,07:02:18,6.933333333333334,17.59990692138672,9.6
2013-08-22,07:07:18,3.8,17.666562398274742,2.333333333333333
2013-08-22,07:12:18,5.066666666666666,17.199910481770832,2.2666666666666666
2013-08-22,07:17:19,4.266666666666667,19.933217366536454,2.333333333333333
2013-08-22,07:22:19,4.666666666666667,18.79985809326172,2.6
2013-08-22,07:27:18,4.333333333333333,17.79987335205078,2.2666666666666666
2013-08-22,07:32:18,4.4,19.06653086344401,2.1333333333333333
2013-08-22,07:37:18,4.666666666666667,17.866566975911457,2.333333333333333
2013-08-22,07:42:18,3.733333333333333,18.733278910319008,2.333333333333333
2013-08-22,07:47:18,4.933333333333334,20.799903869628906,2.6666666666666665
2013-08-22,07:52:18,3.8666666666666663,19.199867248535156,2.2
2013-08-22,07:57:18,4.733333333333333,17.399864196777344,2.333333333333333
2013-08-22,08:02:18,6.2666666666666675,19.266611735026043,9.6
2013-08-22,08:07:18,4.333333333333333,17.866566975911457,2.2
2013-08-22,08:12:18,4.666666666666667,16.333223978678383,2.1333333333333333
2013-08-22,08:17:18,4.066666666666666,18.333231608072914,2.2666666666666666
2013-08-22,08:22:18,4.733333333333333,17.799911499023438,2.2
2013-08-22,08:27:18,3.933333333333333,17.266553243001297,2.333333333333333
2013-08-22,08:32:18,4.6,18.93319447835286,2.333333333333333
2013-08-22,08:37:19,4.2,19.933217366536454,2.533333333333333
2013-08-22,08:42:19,4.4,18.866539001464844,2.2666666666666666
2013-08-22,08:47:19,4.533333333333333,17.199935913085938,2.6666666666666665
2013-08-22,08:52:19,4.2,17.466595967610676,2.2666666666666666
2013-08-22,08:57:19,4.6,21.733220418294273,2.2666666666666666
2013-08-22,09:02:19,5.933333333333334,17.26654052734375,10.0
2013-08-22,09:07:19,4.6,20.333226521809898,2.333333333333333
2013-08-22,09:12:19,4.066666666666666,18.533236185709637,2.1333333333333333
2013-08-22,09:17:19,4.4,17.333221435546875,2.2666666666666666
2013-08-22,09:22:19,4.733333333333333,17.466583251953125,2.466666666666667
2013-08-22,09:27:19,4.266666666666667,16.06658935546875,2.6
2013-08-22,09:32:19,4.733333333333333,16.933263142903645,2.533333333333333
2013-08-22,09:37:19,3.933333333333333,18.199844360351562,2.466666666666667
2013-08-22,09:42:19,4.666666666666667,16.7999267578125,2.6
2013-08-22,09:47:19,4.6,16.999969482421875,2.533333333333333
2013-08-22,09:52:19,4.266666666666667,17.799911499023438,2.2666666666666666
2013-08-22,09:57:19,4.466666666666667,16.999893188476562,2.2
2013-08-22,10:02:19,6.466666666666666,18.399887084960938,9.666666666666666
2013-08-22,10:07:19,4.666666666666667,18.399887084960938,2.333333333333333
2013-08-22,10:12:19,4.266666666666667,19.199867248535156,2.2
2013-08-22,10:17:19,4.8,17.79987335205078,2.333333333333333
2013-08-22,10:22:19,4.6,19.599876403808594,3.1333333333333333
2013-08-22,10:27:19,4.266666666666667,17.79987335205078,2.533333333333333
2013-08-22,10:32:19,4.8,15.399971008300781,2.466666666666667
2013-08-22,10:37:19,4.333333333333333,15.399932861328125,2.333333333333333
2013-08-22,10:42:19,4.666666666666667,15.999908447265627,2.1333333333333333
2013-08-22,10:47:19,4.0,13.99993896484375,2.4
2013-08-22,10:52:19,4.733333333333333,19.399871826171875,2.333333333333333
2013-08-22,10:57:19,4.266666666666667,18.933232625325523,2.8
2013-08-22,11:02:19,6.466666666666666,16.93323771158854,9.866666666666667
2013-08-22,11:07:19,4.666666666666667,20.19989013671875,2.333333333333333
2013-08-22,11:12:20,4.133333333333333,16.266568501790367,2.333333333333333
2013-08-22,11:17:20,5.066666666666666,22.66660054524739,2.7333333333333334
2013-08-22,11:22:20,3.933333333333333,22.33325958251953,2.533333333333333
2013-08-22,11:27:20,4.666666666666667,18.866551717122395,1.9333333333333331
2013-08-22,11:32:20,4.0,15.533269246419271,2.533333333333333
2013-08-22,11:37:20,4.533333333333333,14.799919128417969,2.4
2013-08-22,11:42:20,4.533333333333333,16.733194986979164,2.533333333333333
2013-08-22,11:47:20,4.133333333333333,17.666562398274742,2.466666666666667
2013-08-22,11:52:20,4.866666666666667,18.26658884684245,2.4
2013-08-22,11:57:20,4.133333333333333,17.59990692138672,2.2666666666666666
2013-08-22,12:02:20,7.2,18.066558837890625,10.0
2013-08-22,12:07:19,4.066666666666666,17.733205159505207,2.6
2013-08-22,12:12:19,4.866666666666667,18.7332280476888,2.066666666666667
2013-08-22,12:17:19,4.733333333333333,18.399925231933594,2.4
2013-08-22,12:22:19,4.066666666666666,19.39983367919922,2.1333333333333333
2013-08-22,12:27:19,4.8,18.79992167154948,2.1333333333333333
2013-08-22,12:32:19,4.333333333333333,19.79989369710286,4.533333333333333
2013-08-22,12:37:19,5.333333333333334,18.199869791666668,5.066666666666666
2013-08-22,12:42:19,4.6,17.733243306477863,4.666666666666667
2013-08-22,12:47:20,5.0,20.066553751627605,3.333333333333333
2013-08-22,12:52:20,4.6,18.533185323079426,2.1333333333333333
2013-08-22,12:57:20,4.666666666666667,16.399917602539062,2.2666666666666666
2013-08-22,13:02:20,7.4,18.33318074544271,11.666666666666664
2013-08-22,13:07:20,4.6428571428571415,18.714155469621936,5.428571428571429
2013-08-22,13:12:20,5.533333333333334,18.733266194661457,4.4
2013-08-22,13:17:20,4.6,19.199930826822914,4.533333333333333
2013-08-22,13:22:20,5.133333333333334,19.666544596354164,2.8666666666666667
2013-08-22,13:27:20,4.733333333333333,17.999852498372395,2.6
2013-08-22,13:32:20,4.8,18.399887084960938,2.333333333333333
2013-08-22,13:37:20,5.2,16.799914042154946,2.8
2013-08-22,13:42:20,4.333333333333333,17.99989064534505,2.6
2013-08-22,13:47:20,5.466666666666666,18.13323974609375,2.8
2013-08-22,13:52:20,4.333333333333333,18.53322347005208,2.4
2013-08-22,13:57:20,4.866666666666667,15.533243815104164,2.4
2013-08-22,14:02:20,6.666666666666666,17.79993693033854,9.6
2013-08-22,14:07:20,4.533333333333333,16.39989217122396,2.466666666666667
2013-08-22,14:12:20,5.0,16.86658223470052,2.6
2013-08-22,14:17:20,4.533333333333333,17.9998779296875,3.066666666666667
2013-08-22,14:22:20,5.266666666666667,16.7999267578125,2.8666666666666667
2013-08-22,14:27:20,3.8666666666666663,18.199920654296875,3.066666666666667
2013-08-22,14:32:20,4.733333333333333,19.39990997314453,2.7333333333333334
2013-08-22,14:37:20,4.333333333333333,18.333231608072914,2.6666666666666665
2013-08-22,14:42:20,4.466666666666667,18.999862670898438,2.8
2013-08-22,14:47:21,4.466666666666667,16.19990030924479,2.466666666666667
2013-08-22,14:52:21,4.066666666666666,17.79987335205078,2.8666666666666667
2013-08-22,14:57:21,4.785714285714286,17.928450448172434,2.4285714285714284
2013-08-22,15:02:21,7.2142857142857135,18.49991934640067,10.5
2013-08-22,15:07:21,5.7333333333333325,36.39991760253906,2.933333333333333
2013-08-22,15:12:21,4.0,22.066599527994796,2.466666666666667
2013-08-22,15:17:21,4.533333333333333,21.399879455566406,2.6
2013-08-22,15:22:21,4.666666666666667,19.399871826171875,2.6666666666666665
2013-08-22,15:27:21,4.0,17.714200701032368,2.642857142857143
2013-08-22,15:32:21,5.533333333333334,17.799911499023438,4.733333333333333
2013-08-22,15:37:21,4.4,16.933250427246094,4.533333333333333
2013-08-22,15:42:21,5.0,14.999936421712242,4.266666666666667
2013-08-22,15:47:21,4.071428571428572,19.71416473388672,2.571428571428572
2013-08-22,15:52:21,4.533333333333333,17.199859619140625,2.333333333333333
2013-08-22,15:57:21,4.666666666666667,16.46656036376953,2.333333333333333
2013-08-22,16:02:21,6.466666666666666,20.066553751627605,9.866666666666667
2013-08-22,16:07:21,4.928571428571427,21.428489685058594,2.4285714285714284
2013-08-22,16:12:21,3.8,16.866518656412758,2.333333333333333
2013-08-22,16:17:21,5.133333333333334,17.79987335205078,2.6
2013-08-22,16:22:21,4.333333333333333,18.93319447835286,2.7333333333333334
2013-08-22,16:27:21,4.933333333333334,19.599876403808594,2.6666666666666665
2013-08-22,16:32:21,4.4,17.19989776611328,2.1333333333333333
2013-08-22,16:37:21,4.133333333333333,17.79987335205078,2.466666666666667
2013-08-22,16:42:21,4.733333333333333,18.466555277506508,2.466666666666667
2013-08-22,16:47:21,3.8,19.399871826171875,2.533333333333333
2013-08-22,16:52:21,5.214285714285714,17.285605839320592,2.5
2013-08-22,16:57:21,3.933333333333333,18.39984893798828,2.533333333333333
2013-08-22,17:02:21,6.8,17.19989776611328,9.6
2013-08-22,17:07:21,4.357142857142858,21.57135009765625,2.7857142857142856
2013-08-22,17:12:21,4.133333333333333,15.933278401692707,2.333333333333333
2013-08-22,17:17:21,5.4,19.066556294759117,2.533333333333333
2013-08-22,17:22:21,3.733333333333333,18.86652628580729,2.466666666666667
2013-08-22,17:27:21,5.2,17.53326416015625,1.9333333333333331
2013-08-22,17:32:21,4.071428571428572,17.642784118652344,2.571428571428572
2013-08-22,17:37:21,4.666666666666667,16.999867757161457,2.466666666666667
2013-08-22,17:42:22,4.428571428571427,17.928491319928852,2.4285714285714284
2013-08-22,17:47:22,4.333333333333333,20.599899291992188,2.6666666666666665
2013-08-22,17:52:22,4.8,18.666534423828125,2.533333333333333
2013-08-22,17:57:22,4.071428571428572,19.857038770403186,2.8571428571428568
2013-08-22,18:02:22,7.2,18.866564432779946,10.066666666666666
2013-08-22,18:07:22,4.0,18.92843246459961,2.2857142857142856
2013-08-22,18:12:22,4.666666666666667,15.866597493489587,2.4
2013-08-22,18:17:22,4.4,17.39987691243489,3.1333333333333333
2013-08-22,18:22:22,4.533333333333333,19.46654001871745,3.333333333333333
2013-08-22,18:27:22,4.533333333333333,18.999862670898438,3.2
2013-08-22,18:32:22,4.066666666666666,20.333226521809898,3.2
2013-08-22,18:37:22,5.066666666666666,19.53320821126302,3.2
2013-08-22,18:42:22,4.142857142857142,18.071269989013672,3.8571428571428568
2013-08-22,18:47:22,4.666666666666667,16.199951171875,3.6
2013-08-22,18:52:22,4.466666666666667,17.199885050455727,3.533333333333333
2013-08-22,18:57:22,4.333333333333333,16.666590372721352,3.2666666666666666
2013-08-22,19:02:22,6.866666666666666,16.733245849609375,9.933333333333334
2013-08-22,19:07:22,4.0,20.39990743001302,3.2
2013-08-22,19:12:22,4.933333333333334,16.799888610839844,2.1333333333333333
2013-08-22,19:17:22,4.066666666666666,18.93327077229818,2.7333333333333334
2013-08-22,19:22:22,4.357142857142858,17.214148385184153,2.357142857142857
2013-08-22,19:27:22,4.266666666666667,20.0665283203125,2.2666666666666666
2013-08-22,19:32:22,4.266666666666667,19.733212788899742,3.066666666666667
2013-08-22,19:37:22,4.533333333333333,18.666534423828125,2.533333333333333
2013-08-22,19:42:22,3.933333333333333,17.59990692138672,2.0
2013-08-22,19:47:22,4.866666666666667,17.799911499023438,2.2
2013-08-22,19:52:22,3.8,16.733296712239586,2.4
2013-08-22,19:57:23,4.4,16.066563924153645,2.4
2013-08-22,20:02:23,6.533333333333334,17.733205159505207,9.6
2013-08-22,20:07:23,4.2,19.199867248535156,2.533333333333333
2013-08-22,20:12:23,4.533333333333333,18.999900817871094,2.2666666666666666
2013-08-22,20:17:23,3.8666666666666663,18.79985809326172,2.333333333333333
2013-08-22,20:22:23,4.6428571428571415,19.357013702392578,2.571428571428572
2013-08-22,20:27:23,3.8,18.66652170817057,2.4
2013-08-22,20:32:23,4.666666666666667,18.799896240234375,2.2666666666666666
2013-08-22,20:37:23,4.2,16.199951171875,2.1333333333333333
2013-08-22,20:42:23,4.0,16.399917602539062,2.4
2013-08-22,20:47:23,4.6,16.99993133544922,2.1333333333333333
2013-08-22,20:52:23,3.733333333333333,17.799911499023438,2.1333333333333333
2013-08-22,20:57:23,5.0,16.999893188476562,2.533333333333333
2013-08-22,21:02:23,6.133333333333334,16.399917602539062,9.8
2013-08-22,21:07:23,4.666666666666667,17.79987335205078,2.2
2013-08-22,21:12:23,4.2,18.399887084960938,2.2666666666666666
2013-08-22,21:17:23,4.333333333333333,18.399925231933594,2.8666666666666667
2013-08-22,21:22:23,4.6,16.59992218017578,2.2666666666666666
2013-08-22,21:27:23,3.6,16.866607666015625,2.1333333333333333
2013-08-22,21:32:23,5.0,16.666514078776043,2.4
2013-08-22,21:37:23,3.6,15.666592915852865,2.4
2013-08-22,21:42:23,4.6,16.599896748860676,2.533333333333333
2013-08-22,21:47:23,4.266666666666667,18.13323974609375,2.533333333333333
2013-08-22,21:52:23,4.2,19.266573588053383,2.333333333333333
2013-08-22,21:57:23,4.533333333333333,16.733258565266926,2.333333333333333
2013-08-22,22:02:23,6.428571428571429,19.21422140938895,10.5
2013-08-22,22:07:23,5.266666666666667,18.7332280476888,2.466666666666667
2013-08-22,22:12:23,3.666666666666667,21.133206685384117,2.466666666666667
2013-08-22,22:17:23,4.866666666666667,20.133221944173176,2.333333333333333
2013-08-22,22:22:23,4.133333333333333,16.33324940999349,2.466666666666667
2013-08-22,22:27:23,4.133333333333333,18.333282470703125,1.9333333333333331
2013-08-22,22:32:23,4.533333333333333,18.06652069091797,2.533333333333333
2013-08-22,22:37:23,3.733333333333333,16.33326212565104,2.4
2013-08-22,22:42:23,4.933333333333334,19.066556294759117,2.6
2013-08-22,22:47:23,3.733333333333333,20.39989471435547,2.533333333333333
2013-08-22,22:52:23,4.666666666666667,17.333170572916668,2.6666666666666665
2013-08-22,22:57:23,4.133333333333333,16.99993133544922,2.2666666666666666
2013-08-22,23:02:23,6.533333333333334,17.26659138997396,9.466666666666667
2013-08-22,23:07:23,4.533333333333333,17.93322245279948,2.4
2013-08-22,23:12:23,4.0,17.8665288289388,2.8
2013-08-22,23:17:23,5.333333333333334,18.333231608072914,2.533333333333333
2013-08-22,23:22:23,3.8,17.46655782063802,2.4
2013-08-22,23:27:23,4.666666666666667,17.13319142659505,2.466666666666667
2013-08-22,23:32:23,4.2,19.199918111165367,2.4
2013-08-22,23:37:24,4.333333333333333,18.333218892415367,2.7333333333333334
2013-08-22,23:42:24,4.3,15.599937438964846,2.2
2013-08-22,23:47:24,3.555555555555556,16.888788011338978,2.7777777777777777
2013-08-22,23:52:24,4.866666666666667,20.06659189860026,2.533333333333333
2013-08-22,23:57:24,3.933333333333333,18.33318074544271,2.066666666666667
2013-08-23,00:02:24,6.666666666666666,17.93322245279948,9.4
2013-08-23,00:07:24,4.5,16.928495679582866,2.5
2013-08-23,00:12:24,4.2,19.666544596354164,2.066666666666667
2013-08-23,00:17:24,4.4,18.599866231282554,2.6666666666666665
2013-08-23,00:27:24,5.0,16.799888610839844,2.4
2013-08-23,00:32:24,4.066666666666666,17.066548665364586,2.6
2013-08-23,00:37:24,4.733333333333333,19.799880981445312,3.0
2013-08-23,00:47:24,3.933333333333333,18.199844360351562,2.466666666666667
2013-08-23,00:52:24,4.866666666666667,17.19989776611328,2.4
2013-08-23,00:57:24,3.8666666666666663,15.199928283691404,2.2666666666666666
2013-08-23,01:02:24,7.133333333333334,13.99993896484375,9.933333333333334
2013-08-23,01:07:25,4.866666666666667,19.599901835123696,2.6666666666666665
2013-08-23,01:17:25,4.733333333333333,19.999847412109375,2.2666666666666666
2013-08-23,01:22:25,4.6,17.39990234375,2.466666666666667
2013-08-23,01:27:25,5.066666666666666,18.599853515625,3.6
2013-08-23,01:32:25,5.0,18.999862670898438,5.7333333333333325
2013-08-23,01:37:25,5.533333333333334,17.533200581868485,4.866666666666666
2013-08-23,01:42:25,4.666666666666667,17.399915059407554,13.266666666666667
2013-08-23,01:47:25,4.866666666666667,19.266535441080727,3.333333333333333
2013-08-23,01:52:25,4.466666666666667,17.133216857910156,2.4
2013-08-23,01:57:25,4.466666666666667,18.399899800618485,2.333333333333333
2013-08-23,02:02:25,7.066666666666666,15.599899291992186,10.333333333333334
2013-08-23,02:07:25,4.066666666666666,19.199905395507812,2.8
2013-08-23,02:12:25,5.133333333333334,18.19988250732422,2.6
2013-08-23,02:17:25,4.4,17.866579691569008,3.0
2013-08-23,02:22:25,4.866666666666667,17.266629536946617,2.333333333333333
2013-08-23,02:27:25,4.466666666666667,15.533269246419271,2.6666666666666665
2013-08-23,02:32:25,4.2,16.533266703287758,2.2
2013-08-23,02:37:25,4.666666666666667,17.39990234375,2.333333333333333
2013-08-23,02:42:25,4.066666666666666,19.06653086344401,2.2666666666666666
2013-08-23,02:47:25,5.133333333333334,19.199867248535156,2.533333333333333
2013-08-23,02:52:25,4.133333333333333,19.33324178059896,2.2
2013-08-23,02:57:25,4.8,19.46654001871745,2.333333333333333
2013-08-23,03:02:25,6.8,19.133199055989582,10.333333333333334
2013-08-23,03:07:25,4.466666666666667,20.39989471435547,4.066666666666666
2013-08-23,03:12:25,5.066666666666666,19.266560872395832,3.466666666666667
2013-08-23,03:17:25,4.133333333333333,20.39990743001302,2.7333333333333334
2013-08-23,03:22:25,5.266666666666667,20.066553751627605,3.2666666666666666
2013-08-23,03:27:25,4.2,17.666562398274742,3.2
2013-08-23,03:32:25,5.066666666666666,19.53320821126302,3.6
2013-08-23,03:37:25,4.8,17.733205159505207,4.0
2013-08-23,03:42:25,4.8,17.33320871988932,4.6
2013-08-23,03:47:25,5.2,19.19989267985026,4.2
2013-08-23,03:52:25,4.466666666666667,19.599876403808594,4.933333333333334
2013-08-23,03:57:25,5.6,17.666536966959637,4.266666666666667
2013-08-23,04:02:25,6.866666666666666,17.199935913085938,13.066666666666665
2013-08-23,04:07:25,5.2,17.133229573567707,5.4
2013-08-23,04:12:25,4.6,18.26655069986979,3.933333333333333
2013-08-23,04:17:26,5.933333333333334,23.33324432373047,4.266666666666667
2013-08-23,04:22:26,5.4,41.53326670328776,3.066666666666667
2013-08-23,04:27:26,4.066666666666666,21.46656036376953,2.2
2013-08-23,04:32:26,5.2,18.66655985514323,2.4
2013-08-23,04:37:26,4.133333333333333,17.266578674316406,2.6
2013-08-23,04:42:26,4.6,18.066609700520832,2.466666666666667
2013-08-23,04:47:26,4.533333333333333,17.46654510498047,2.8
2013-08-23,04:52:26,4.6,17.266527811686196,2.4
2013-08-23,04:57:26,4.733333333333333,16.133244832356773,2.333333333333333
2013-08-23,05:02:26,15.6,18.799896240234375,100.0
2013-08-23,05:07:26,4.666666666666667,20.999908447265625,2.6
2013-08-23,05:12:26,4.466666666666667,17.9998779296875,2.466666666666667
2013-08-23,05:17:26,5.533333333333334,18.999900817871094,3.466666666666667
2013-08-23,05:22:26,4.466666666666667,17.266553243001297,3.333333333333333
2013-08-23,05:27:26,4.466666666666667,17.39990234375,3.1333333333333333
2013-08-23,05:32:26,4.666666666666667,19.199867248535156,2.333333333333333
2013-08-23,05:37:26,3.8666666666666663,17.999916076660156,2.4
2013-08-23,05:42:26,4.733333333333333,14.799957275390623,2.333333333333333
2013-08-23,05:47:26,4.0,15.19989013671875,2.1333333333333333
2013-08-23,05:52:26,4.466666666666667,17.46655782063802,2.1333333333333333
2013-08-23,05:57:26,4.133333333333333,16.59992218017578,2.2
2013-08-23,06:02:26,6.333333333333334,19.733212788899742,9.666666666666666
2013-08-23,06:07:26,4.8,18.799883524576824,2.933333333333333
2013-08-23,06:12:26,3.8666666666666663,15.666580200195312,2.1333333333333333
2013-08-23,06:17:26,5.133333333333334,21.199874877929688,2.466666666666667
2013-08-23,06:22:26,3.8666666666666663,17.599868774414062,2.466666666666667
2013-08-23,06:27:26,4.666666666666667,17.999916076660156,2.6
2013-08-23,06:32:26,4.266666666666667,20.466562906901043,2.1333333333333333
2013-08-23,06:37:26,4.333333333333333,16.199913024902344,2.2
2013-08-23,06:42:26,4.466666666666667,19.266560872395832,2.2
2013-08-23,06:47:26,3.8,15.599912007649738,2.333333333333333
2013-08-23,06:52:26,4.933333333333334,18.599878946940102,2.2
2013-08-23,06:57:26,3.666666666666667,16.133219401041668,2.2666666666666666
2013-08-23,07:02:26,6.8,17.733167012532554,9.933333333333334
2013-08-23,07:07:26,4.266666666666667,18.26655069986979,2.333333333333333
2013-08-23,07:12:26,4.266666666666667,16.533279418945312,2.4
2013-08-23,07:17:26,4.866666666666667,18.13323974609375,2.4
2013-08-23,07:22:26,3.933333333333333,17.19987233479818,2.2666666666666666
2013-08-23,07:27:26,4.8,16.59985860188802,2.1333333333333333
2013-08-23,07:32:26,3.8,17.06659952799479,2.333333333333333
2013-08-23,07:37:26,4.6,17.733230590820312,2.4
2013-08-23,07:42:26,4.066666666666666,18.999900817871094,2.466666666666667
2013-08-23,07:47:26,4.266666666666667,15.466575622558592,2.6
2013-08-23,07:52:27,4.6,18.66655985514323,2.333333333333333
2013-08-23,07:57:27,3.8666666666666663,18.799896240234375,2.1333333333333333
2013-08-23,08:02:27,7.333333333333334,17.79987335205078,9.8
2013-08-23,08:07:27,3.8,17.399864196777344,2.533333333333333
2013-08-23,08:12:27,4.666666666666667,18.133252461751297,2.2
2013-08-23,08:17:27,4.533333333333333,19.133224487304688,2.8666666666666667
2013-08-23,08:22:27,4.266666666666667,18.79985809326172,2.2666666666666666
2013-08-23,08:27:27,4.333333333333333,17.399915059407554,1.9333333333333331
2013-08-23,08:32:27,3.8,15.333302815755212,2.466666666666667
2013-08-23,08:37:27,4.933333333333334,16.866544087727863,2.466666666666667
2013-08-23,08:42:27,3.8,18.666585286458336,2.2666666666666666
2013-08-23,08:47:27,4.6,17.599945068359375,2.7333333333333334
2013-08-23,08:52:27,4.266666666666667,18.599891662597656,2.066666666666667
2013-08-23,08:57:27,4.133333333333333,16.799888610839844,2.4
2013-08-23,09:02:27,6.8,17.399940490722656,9.6
2013-08-23,09:07:27,3.733333333333333,17.19989776611328,2.333333333333333
2013-08-23,09:12:27,4.933333333333334,16.59992218017578,2.466666666666667
2013-08-23,09:17:27,4.066666666666666,18.599891662597656,2.8666666666666667
2013-08-23,09:22:27,4.666666666666667,17.399940490722656,2.2666666666666666
2013-08-23,09:27:27,4.333333333333333,18.399887084960938,2.333333333333333
2013-08-23,09:32:27,4.266666666666667,18.999900817871094,2.2
2013-08-23,09:37:27,4.6,16.866594950358074,2.2
2013-08-23,09:42:27,3.933333333333333,17.799911499023438,2.533333333333333
2013-08-23,09:47:27,4.933333333333334,18.39984893798828,3.066666666666667
2013-08-23,09:52:27,3.8666666666666663,18.799896240234375,2.466666666666667
2013-08-23,09:57:27,4.533333333333333,17.59990692138672,2.066666666666667
2013-08-23,10:02:27,6.8,18.399925231933594,9.733333333333333
2013-08-23,10:07:27,4.4,19.599876403808594,2.533333333333333
2013-08-23,10:12:27,4.666666666666667,19.199867248535156,2.6666666666666665
2013-08-23,10:17:27,4.133333333333333,18.99988810221354,2.533333333333333
2013-08-23,10:22:27,5.2,17.199935913085938,3.0
2013-08-23,10:27:28,3.933333333333333,19.13323720296224,2.6
2013-08-23,10:32:28,4.733333333333333,19.53322092692057,2.4
2013-08-23,10:37:28,4.466666666666667,17.39990234375,2.466666666666667
2013-08-23,10:42:28,4.266666666666667,20.533231099446613,2.066666666666667
2013-08-23,10:47:28,4.8,18.533185323079426,2.6
2013-08-23,10:52:27,4.066666666666666,18.399912516276043,2.466666666666667
2013-08-23,10:57:27,5.133333333333334,19.066543579101562,2.7333333333333334
2013-08-23,11:02:27,6.133333333333334,17.133229573567707,9.8
2013-08-23,11:07:27,4.733333333333333,19.199867248535156,2.2666666666666666
2013-08-23,11:12:27,4.4,17.59990692138672,2.7333333333333334
2013-08-23,11:17:27,4.466666666666667,17.46657053629557,2.6666666666666665
2013-08-23,11:22:27,4.533333333333333,17.33325958251953,2.466666666666667
2013-08-23,11:27:27,3.666666666666667,19.199867248535156,2.466666666666667
2013-08-23,11:32:28,5.066666666666666,16.466573079427082,3.2666666666666666
2013-08-23,11:37:28,3.8666666666666663,18.933283487955727,2.7333333333333334
2013-08-23,11:42:28,4.8,18.599917093912758,2.8
2013-08-23,11:47:28,4.666666666666667,18.33325703938802,2.4
2013-08-23,11:52:28,4.533333333333333,19.333216349283855,3.2666666666666666
2013-08-23,11:57:28,4.6,16.466573079427082,2.6666666666666665
2013-08-23,12:02:28,6.133333333333334,14.866600036621094,9.8
2013-08-23,12:07:28,5.133333333333334,18.26657613118489,2.7333333333333334
2013-08-23,12:12:28,4.0,17.533213297526043,2.933333333333333
2013-08-23,12:17:28,4.733333333333333,19.19989267985026,2.466666666666667
2013-08-23,12:22:28,4.2,17.466583251953125,2.4
2013-08-23,12:27:28,4.333333333333333,16.733245849609375,3.1333333333333333
2013-08-23,12:32:28,4.466666666666667,16.39989217122396,2.4
2013-08-23,12:37:28,3.933333333333333,17.999865214029946,2.1333333333333333
2013-08-23,12:42:28,5.066666666666666,16.199913024902344,3.2666666666666666
2013-08-23,12:47:28,3.933333333333333,15.933240254720053,3.1333333333333333
2013-08-23,12:52:28,4.666666666666667,18.999862670898438,2.2666666666666666
2013-08-23,12:57:28,4.2,19.333216349283855,2.8666666666666667
2013-08-23,13:02:28,6.466666666666666,16.866594950358074,9.933333333333334
2013-08-23,13:07:28,4.533333333333333,20.733184814453125,2.6666666666666665
2013-08-23,13:12:28,4.0,17.46654510498047,2.7333333333333334
2013-08-23,13:17:28,5.133333333333334,20.39989471435547,2.466666666666667
2013-08-23,13:22:28,4.0,18.19988250732422,2.4
2013-08-23,13:27:28,4.466666666666667,14.599952697753906,2.2666666666666666
2013-08-23,13:32:28,4.4,16.799850463867188,2.4
2013-08-23,13:37:28,4.133333333333333,16.799888610839844,2.533333333333333
2013-08-23,13:42:28,4.533333333333333,17.79987335205078,2.2666666666666666
2013-08-23,13:47:28,3.666666666666667,19.199905395507812,2.4
2013-08-23,13:52:28,4.933333333333334,18.599891662597656,2.533333333333333
2013-08-23,13:57:28,4.0,16.799888610839844,2.2
2013-08-23,14:02:28,6.7333333333333325,19.199867248535156,9.8
2013-08-23,14:07:28,4.2,21.59992218017578,2.333333333333333
2013-08-23,14:12:28,4.133333333333333,16.999855041503906,2.2
2013-08-23,14:17:28,4.933333333333334,17.199935913085938,2.4
2013-08-23,14:22:28,3.8666666666666663,15.999908447265627,2.8
2013-08-23,14:27:29,5.466666666666666,18.599853515625,7.6
2013-08-23,14:32:29,3.933333333333333,15.999984741210938,3.066666666666667
2013-08-23,14:37:29,4.666666666666667,16.73322041829427,3.2
2013-08-23,14:42:29,4.333333333333333,19.13323720296224,2.533333333333333
2013-08-23,14:47:29,4.333333333333333,18.066546122233074,3.2666666666666666
2013-08-23,14:52:29,4.733333333333333,17.666562398274742,2.7333333333333334
2013-08-23,14:57:29,4.266666666666667,17.599868774414062,3.4
2013-08-23,15:02:29,7.2666666666666675,17.46657053629557,9.866666666666667
2013-08-23,15:07:29,3.8,15.466601053873699,2.6666666666666665
2013-08-23,15:12:29,4.6,17.5332514444987,2.2666666666666666
2013-08-23,15:17:29,4.333333333333333,18.533198038736977,2.8
2013-08-23,15:22:29,4.2,20.933240254720047,2.4
2013-08-23,15:27:29,4.533333333333333,16.199913024902344,2.2
2013-08-23,15:32:29,3.733333333333333,16.46661122639974,2.6666666666666665
2013-08-23,15:37:29,5.0,17.066574096679688,2.333333333333333
2013-08-23,15:42:29,3.6,16.533279418945312,2.2666666666666666
2013-08-23,15:47:29,4.733333333333333,16.333223978678383,2.6666666666666665
2013-08-23,15:52:29,4.4,19.33324178059896,2.2666666666666666
2013-08-23,15:57:29,4.333333333333333,17.39987691243489,2.2666666666666666
2013-08-23,16:02:29,6.933333333333334,17.733167012532554,9.6
2013-08-23,16:07:29,3.8666666666666663,17.46654510498047,2.466666666666667
2013-08-23,16:12:29,5.0,16.266581217447914,2.2
2013-08-23,16:17:29,4.066666666666666,20.59992472330729,2.466666666666667
2013-08-23,16:22:29,4.733333333333333,21.266581217447914,2.466666666666667
2013-08-23,16:27:29,4.2,17.999839782714844,2.933333333333333
2013-08-23,16:32:29,4.2,16.666590372721352,2.4
2013-08-23,16:37:29,4.533333333333333,18.466567993164062,2.4
2013-08-23,16:42:29,3.933333333333333,17.733192443847656,2.333333333333333
2013-08-23,16:47:29,5.133333333333334,19.333203633626304,2.7333333333333334
2013-08-23,16:52:29,4.133333333333333,18.466555277506508,2.6
2013-08-23,16:57:29,4.533333333333333,17.46657053629557,2.6
2013-08-23,17:02:29,6.466666666666666,16.73322041829427,10.266666666666667
2013-08-23,17:07:29,4.333333333333333,18.199920654296875,2.466666666666667
2013-08-23,17:12:29,4.6,19.73322550455729,2.4
2013-08-23,17:17:29,4.333333333333333,19.19989267985026,7.2666666666666675
2013-08-23,17:22:29,5.266666666666667,19.066543579101562,6.666666666666668
2013-08-23,17:27:29,4.066666666666666,16.599934895833332,6.333333333333332
2013-08-23,17:32:29,4.533333333333333,15.399932861328125,2.533333333333333
2013-08-23,17:37:29,4.4,16.999893188476562,10.866666666666667
2013-08-23,17:42:29,4.6,16.133244832356773,7.2
2013-08-23,17:47:29,6.0,20.133209228515625,6.8
2013-08-23,17:52:29,4.333333333333333,43.79993438720703,2.2
2013-08-23,17:57:29,5.0,24.39990997314453,2.2666666666666666
2013-08-23,18:02:29,6.0,17.599868774414062,9.466666666666667
2013-08-23,18:07:29,4.6,18.133214314778645,3.1333333333333333
2013-08-23,18:12:29,4.466666666666667,19.199867248535156,2.6666666666666665
2013-08-23,18:17:29,4.6,19.199867248535156,2.7333333333333334
2013-08-23,18:22:29,4.733333333333333,21.999893188476562,3.2666666666666666
2013-08-23,18:27:29,4.066666666666666,16.799888610839844,2.1333333333333333
2013-08-23,18:32:30,5.0,17.19989776611328,2.4
2013-08-23,18:37:30,3.8,17.39990234375,2.466666666666667
2013-08-23,18:42:30,4.6,18.733253479003906,2.4
2013-08-23,18:47:30,4.266666666666667,17.93322245279948,2.4
2013-08-23,18:52:30,4.266666666666667,18.33324432373047,2.466666666666667
2013-08-23,18:57:30,4.733333333333333,17.466583251953125,2.466666666666667
2013-08-23,19:02:30,6.066666666666666,18.73321533203125,9.333333333333334
2013-08-23,19:07:30,4.933333333333334,18.733240763346352,2.2666666666666666
2013-08-23,19:12:30,3.8666666666666663,17.9998779296875,2.2
2013-08-23,19:17:30,4.8,19.666544596354164,2.2666666666666666
2013-08-23,19:22:30,4.133333333333333,21.399917602539062,2.1333333333333333
2013-08-23,19:27:30,4.2,18.26655069986979,2.066666666666667
2013-08-23,19:32:30,4.533333333333333,19.733212788899742,2.1333333333333333
2013-08-23,19:37:30,3.8,18.19990793863932,2.6
2013-08-23,19:42:30,4.933333333333334,19.199918111165367,2.4
2013-08-23,19:47:30,3.733333333333333,20.533231099446613,2.6666666666666665
2013-08-23,19:52:30,4.6,18.86658986409505,2.466666666666667
2013-08-23,19:57:30,4.2,17.599868774414062,2.333333333333333
2013-08-23,20:02:30,6.2666666666666675,16.86656951904297,9.6
2013-08-23,20:07:30,4.466666666666667,18.93319447835286,2.333333333333333
2013-08-23,20:12:30,3.933333333333333,19.466578165690102,2.2666666666666666
2013-08-23,20:17:30,5.0,18.79985809326172,2.533333333333333
2013-08-23,20:22:30,3.733333333333333,17.333246866861977,2.466666666666667
2013-08-23,20:27:30,4.533333333333333,18.199857076009117,2.6
2013-08-23,20:32:30,4.266666666666667,18.93319447835286,2.2666666666666666
2013-08-23,20:37:30,4.333333333333333,18.999862670898438,2.466666666666667
2013-08-23,20:42:30,4.466666666666667,16.799901326497398,2.2
2013-08-23,20:47:30,3.8,19.533233642578125,2.466666666666667
2013-08-23,20:52:30,5.0,18.533198038736977,2.333333333333333
2013-08-23,20:57:30,3.8666666666666663,16.66656494140625,2.333333333333333
2013-08-23,21:02:30,6.8,18.7332280476888,9.733333333333333
2013-08-23,21:07:30,4.066666666666666,16.99993133544922,2.466666666666667
2013-08-23,21:12:31,4.0,18.733189900716148,2.2
2013-08-23,21:17:31,4.8,17.866554260253906,2.4
2013-08-23,21:22:31,3.8666666666666663,17.19989776611328,2.533333333333333
2013-08-23,21:27:31,4.933333333333334,15.799929300944008,2.6
2013-08-23,21:32:31,4.0,16.733169555664062,2.466666666666667
2013-08-23,21:37:31,4.466666666666667,16.199913024902344,2.2666666666666666
2013-08-23,21:42:31,4.066666666666666,19.599876403808594,2.2
2013-08-23,21:47:31,4.066666666666666,18.19988250732422,2.2666666666666666
2013-08-23,21:52:31,4.666666666666667,15.799942016601562,2.1333333333333333
2013-08-23,21:57:31,3.8666666666666663,18.26653798421224,3.2666666666666666
2013-08-23,22:02:31,7.333333333333334,18.199920654296875,9.933333333333334
2013-08-23,22:07:31,4.066666666666666,17.79987335205078,2.533333333333333
2013-08-23,22:12:31,4.466666666666667,16.7999267578125,2.466666666666667
2013-08-23,22:17:31,4.466666666666667,17.59990692138672,2.533333333333333
2013-08-23,22:22:31,3.933333333333333,18.399925231933594,2.2666666666666666
2013-08-23,22:27:31,4.533333333333333,16.99993133544922,2.466666666666667
2013-08-23,22:32:31,3.8,18.199920654296875,2.2666666666666666
2013-08-23,22:37:31,5.0,16.599884033203125,2.333333333333333
2013-08-23,22:42:31,3.533333333333333,16.999893188476562,1.9333333333333331
2013-08-23,22:47:31,4.6,13.599929809570312,2.6666666666666665
2013-08-23,22:52:31,4.333333333333333,15.599899291992186,1.8666666666666667
2013-08-23,22:57:31,4.133333333333333,19.133199055989582,2.2666666666666666
2013-08-23,23:02:31,6.8,17.79987335205078,9.733333333333333
2013-08-23,23:07:31,3.933333333333333,17.066548665364586,2.6
2013-08-23,23:12:31,5.0,14.7332509358724,2.2666666666666666
2013-08-23,23:17:31,3.8666666666666663,19.933255513509117,2.6666666666666665
2013-08-23,23:22:31,4.6,18.66652170817057,2.2
2013-08-23,23:27:31,4.066666666666666,18.599942525227863,2.1333333333333333
2013-08-23,23:32:31,4.133333333333333,18.39984893798828,3.0
2013-08-23,23:37:31,4.666666666666667,17.199846903483074,2.6
2013-08-23,23:42:31,3.8666666666666663,17.199935913085938,2.8
2013-08-23,23:47:32,5.066666666666666,16.86656951904297,2.7333333333333334
2013-08-23,23:52:32,4.0,17.799911499023438,2.066666666666667
2013-08-23,23:57:32,4.733333333333333,16.333236694335938,2.466666666666667
2013-08-24,00:02:32,6.6,17.133280436197914,9.466666666666667
2013-08-24,00:07:32,4.333333333333333,20.19989013671875,2.6
2013-08-24,00:12:32,4.6,18.93319447835286,2.4
2013-08-24,00:17:32,4.066666666666666,23.799921671549477,2.333333333333333
2013-08-24,00:22:32,4.933333333333334,17.39990234375,2.533333333333333
2013-08-24,00:27:31,4.2,17.13324228922526,2.333333333333333
2013-08-24,00:32:31,4.466666666666667,16.53325398763021,2.333333333333333
2013-08-24,00:37:31,4.266666666666667,13.333257039388025,2.333333333333333
2013-08-24,00:42:31,4.266666666666667,15.199928283691404,2.533333333333333
2013-08-24,00:47:31,4.6,16.466598510742188,2.8666666666666667
2013-08-24,00:52:31,3.933333333333333,20.0665283203125,2.4
2013-08-24,00:57:31,4.8,20.533231099446613,2.4
2013-08-24,01:02:32,5.866666666666666,20.666567484537758,9.4
2013-08-24,01:07:32,4.6,17.133229573567707,2.1333333333333333
2013-08-24,01:12:32,4.2,19.799880981445312,2.533333333333333
2013-08-24,01:17:32,4.333333333333333,19.06653086344401,2.333333333333333
2013-08-24,01:22:32,4.533333333333333,16.466547648111977,2.066666666666667
2013-08-24,01:27:32,4.066666666666666,18.79985809326172,2.8666666666666667
2013-08-24,01:32:32,5.266666666666667,17.066561381022133,3.466666666666667
2013-08-24,01:37:32,6.0,20.266596476236977,16.933333333333334
2013-08-24,01:42:32,5.333333333333334,18.199844360351562,9.8
2013-08-24,01:47:32,4.2,19.199867248535156,2.2666666666666666
2013-08-24,01:52:32,4.333333333333333,15.799903869628906,2.066666666666667
2013-08-24,01:57:32,4.6,16.73320770263672,2.2
2013-08-24,02:02:32,6.533333333333334,19.199905395507812,11.333333333333336
2013-08-24,02:07:32,5.266666666666667,18.19988250732422,3.1333333333333333
2013-08-24,02:12:32,3.8,14.533284505208332,2.333333333333333
2013-08-24,02:17:32,4.8,18.999900817871094,2.2666666666666666
2013-08-24,02:22:32,4.266666666666667,19.199867248535156,2.2
2013-08-24,02:27:32,4.2,19.199905395507812,2.533333333333333
2013-08-24,02:32:32,4.8,16.46661122639974,2.333333333333333
2013-08-24,02:37:32,3.733333333333333,20.999908447265625,2.2666666666666666
2013-08-24,02:42:32,4.866666666666667,17.399864196777344,2.2666666666666666
2013-08-24,02:47:32,3.8,19.999923706054688,2.466666666666667
2013-08-24,02:52:32,4.466666666666667,17.19989776611328,1.9333333333333331
2013-08-24,02:57:32,4.133333333333333,19.199905395507812,2.4
2013-08-24,03:02:32,6.533333333333334,17.733205159505207,10.0
2013-08-24,03:07:32,4.8,18.199933369954426,3.0
2013-08-24,03:12:32,4.133333333333333,19.999923706054688,4.4
2013-08-24,03:17:32,5.4,19.53320821126302,2.933333333333333
2013-08-24,03:22:32,4.266666666666667,19.133199055989582,4.0
2013-08-24,03:27:32,5.133333333333334,16.266581217447914,4.333333333333333
2013-08-24,03:32:32,4.866666666666667,17.266553243001297,4.666666666666667
2013-08-24,03:37:32,4.666666666666667,20.86658477783203,3.933333333333333
2013-08-24,03:42:33,4.933333333333334,18.79985809326172,4.733333333333333
2013-08-24,03:47:33,4.4,18.53321075439453,4.933333333333334
2013-08-24,03:52:33,5.6,16.333274841308594,4.333333333333333
2013-08-24,03:57:33,4.466666666666667,20.599912007649742,5.4
2013-08-24,04:02:33,7.2666666666666675,18.66652170817057,11.733333333333333
2013-08-24,04:07:33,4.8,19.799880981445312,4.866666666666666
2013-08-24,04:12:33,4.733333333333333,19.06653086344401,4.333333333333333
2013-08-24,04:17:33,5.466666666666666,17.06658681233724,4.333333333333333
2013-08-24,04:22:33,4.4,16.599934895833332,5.0
2013-08-24,04:27:33,5.6,19.333203633626304,4.2
2013-08-24,04:32:33,4.466666666666667,16.26661936442057,5.933333333333334
2013-08-24,04:37:33,5.066666666666666,17.333246866861977,5.133333333333334
2013-08-24,04:42:33,4.733333333333333,17.266553243001297,5.2
2013-08-24,04:47:33,4.666666666666667,18.93321990966797,4.733333333333333
2013-08-24,04:52:33,4.733333333333333,18.599929809570312,2.8666666666666667
2013-08-24,04:57:33,4.0,15.866610209147133,3.4
2013-08-24,05:02:33,16.8,19.333267211914062,100.0
2013-08-24,05:07:33,4.333333333333333,25.999883015950527,4.4
2013-08-24,05:12:33,4.866666666666667,19.199867248535156,3.6666666666666665
2013-08-24,05:17:33,4.933333333333334,18.666534423828125,4.133333333333334
2013-08-24,05:22:33,4.466666666666667,18.73321533203125,3.733333333333333
2013-08-24,05:27:33,4.933333333333334,16.599896748860676,3.1333333333333333
2013-08-24,05:32:33,4.0,16.599884033203125,2.8666666666666667
2013-08-24,05:37:33,5.333333333333334,16.999905904134113,3.2666666666666666
2013-08-24,05:42:33,4.066666666666666,18.533185323079426,3.2
2013-08-24,05:47:33,5.066666666666666,16.13325754801432,3.733333333333333
2013-08-24,05:52:33,4.4,16.399930318196617,3.0
2013-08-24,05:57:33,4.4,19.466565450032554,2.8666666666666667
2013-08-24,06:02:33,6.866666666666666,17.79987335205078,10.333333333333334
2013-08-24,06:07:33,3.933333333333333,19.266573588053383,3.1333333333333333
2013-08-24,06:12:33,5.266666666666667,18.199844360351562,3.0
2013-08-24,06:17:33,4.133333333333333,19.199867248535156,3.066666666666667
2013-08-24,06:22:33,4.933333333333334,18.533274332682293,3.2666666666666666
2013-08-24,06:27:33,4.533333333333333,17.199859619140625,3.1333333333333333
2013-08-24,06:32:34,4.533333333333333,16.199913024902344,2.933333333333333
2013-08-24,06:37:34,4.8,18.199844360351562,3.333333333333333
2013-08-24,06:42:34,4.0,17.59990692138672,2.7333333333333334
2013-08-24,06:47:34,5.066666666666666,19.99988555908203,2.2666666666666666
2013-08-24,06:52:34,4.0,18.599853515625,2.0
2013-08-24,06:57:34,4.6,17.799911499023438,2.6
2013-08-24,07:02:34,6.133333333333334,16.39995574951172,9.533333333333333
2013-08-24,07:07:34,4.133333333333333,15.999908447265627,2.4
2013-08-24,07:12:34,6.066666666666666,34.399871826171875,2.1333333333333333
2013-08-24,07:17:34,4.133333333333333,23.199920654296875,2.533333333333333
2013-08-24,07:22:34,4.933333333333334,17.79986063639323,2.4
2013-08-24,07:27:34,3.8,15.999959309895836,2.2666666666666666
2013-08-24,07:32:34,4.666666666666667,19.333203633626304,2.2
2013-08-24,07:37:34,4.2,18.26657613118489,2.2
2013-08-24,07:42:34,4.133333333333333,18.399899800618485,2.2
2013-08-24,07:47:34,4.6,16.399943033854164,2.2666666666666666
2013-08-24,07:52:34,3.8666666666666663,19.866561889648438,2.1333333333333333
2013-08-24,07:57:34,4.866666666666667,16.599909464518227,2.2666666666666666
2013-08-24,08:02:34,6.133333333333334,17.533213297526043,9.533333333333333
2013-08-24,08:07:34,4.6,19.866549173990883,2.2
2013-08-24,08:12:34,4.266666666666667,16.533241271972656,2.1333333333333333
2013-08-24,08:17:34,4.333333333333333,19.866561889648438,2.2
2013-08-24,08:22:34,4.8,18.199869791666668,2.0
2013-08-24,08:27:34,3.733333333333333,17.13324228922526,1.8666666666666667
2013-08-24,08:32:34,4.933333333333334,17.26659138997396,2.6666666666666665
2013-08-24,08:37:35,3.8,17.39987691243489,2.333333333333333
2013-08-24,08:42:35,4.533333333333333,16.399943033854164,2.066666666666667
2013-08-24,08:47:35,4.266666666666667,16.666577657063804,2.533333333333333
2013-08-24,08:52:35,4.266666666666667,17.99989064534505,2.1333333333333333
2013-08-24,08:57:35,4.466666666666667,16.933263142903645,2.2
2013-08-24,09:02:35,5.866666666666666,17.133229573567707,9.666666666666666
2013-08-24,09:07:35,5.066666666666666,16.466573079427082,2.466666666666667
2013-08-24,09:12:35,3.8,15.666567484537758,2.1333333333333333
2013-08-24,09:17:35,4.8,20.799942016601562,2.2666666666666666
2013-08-24,09:22:35,4.066666666666666,19.399871826171875,2.1333333333333333
2013-08-24,09:27:35,4.266666666666667,15.799903869628906,2.2666666666666666
2013-08-24,09:32:35,4.533333333333333,15.333239237467444,2.1333333333333333
2013-08-24,09:37:35,3.933333333333333,16.99993133544922,2.2
2013-08-24,09:42:34,4.8,17.599945068359375,2.2666666666666666
2013-08-24,09:47:34,3.8,15.933265686035156,4.0
2013-08-24,09:52:34,5.2,20.666567484537758,6.533333333333332
2013-08-24,09:57:34,4.2,17.26654052734375,2.7333333333333334
2013-08-24,10:02:35,6.466666666666666,15.533218383789062,9.466666666666667
2013-08-24,10:07:35,4.8,18.333231608072914,2.4
2013-08-24,10:12:35,3.933333333333333,16.399917602539062,2.6666666666666665
2013-08-24,10:17:35,5.2,18.33319346110026,2.333333333333333
2013-08-24,10:22:35,4.0,18.399887084960938,2.333333333333333
2013-08-24,10:27:35,4.6,16.066576639811196,2.6
2013-08-24,10:32:35,4.2,19.599876403808594,2.6
2013-08-24,10:37:35,4.133333333333333,19.399871826171875,2.1333333333333333
2013-08-24,10:42:35,4.733333333333333,16.999893188476562,2.533333333333333
2013-08-24,10:47:35,3.8666666666666663,20.799903869628906,2.8666666666666667
2013-08-24,10:52:35,5.0,19.799880981445312,2.533333333333333
2013-08-24,10:57:35,4.066666666666666,17.9998779296875,2.333333333333333
2013-08-24,11:02:35,7.133333333333334,15.799942016601562,9.466666666666667
2013-08-24,11:07:35,4.333333333333333,18.199920654296875,2.1333333333333333
2013-08-24,11:12:35,4.2,15.19991556803385,2.1333333333333333
2013-08-24,11:17:35,4.866666666666667,21.999893188476562,2.6
2013-08-24,11:22:35,3.666666666666667,17.39990234375,2.333333333333333
2013-08-24,11:27:35,5.2,17.799911499023438,2.466666666666667
2013-08-24,11:32:35,3.8,17.933247884114586,2.066666666666667
2013-08-24,11:37:35,4.666666666666667,16.666603088378906,2.4
2013-08-24,11:42:35,4.333333333333333,15.999959309895836,2.066666666666667
2013-08-24,11:47:35,4.2,17.39990234375,2.2666666666666666
2013-08-24,11:52:35,4.8,18.93321990966797,2.4
2013-08-24,11:57:35,3.733333333333333,18.399887084960938,2.1333333333333333
2013-08-24,12:02:35,7.333333333333334,17.133204142252602,9.6
2013-08-24,12:07:35,3.8,17.133216857910156,2.466666666666667
2013-08-24,12:12:35,4.733333333333333,19.19987996419271,2.533333333333333
2013-08-24,12:17:35,4.4,22.266604105631508,2.4
2013-08-24,12:22:35,4.266666666666667,19.799880981445312,2.2666666666666666
2013-08-24,12:27:35,4.666666666666667,17.19989776611328,2.2
2013-08-24,12:32:35,3.733333333333333,16.399917602539062,2.333333333333333
2013-08-24,12:37:35,5.133333333333334,17.199885050455727,2.333333333333333
2013-08-24,12:42:35,3.733333333333333,17.399915059407554,2.1333333333333333
2013-08-24,12:47:35,4.666666666666667,17.9998779296875,2.2
2013-08-24,12:52:35,4.2,17.733167012532554,2.2
2013-08-24,12:57:35,4.333333333333333,15.199928283691404,2.1333333333333333
2013-08-24,13:02:35,6.8,16.266530354817707,9.533333333333333
2013-08-24,13:07:35,3.8,19.799880981445312,2.533333333333333
2013-08-24,13:12:36,4.933333333333334,17.733217875162758,2.066666666666667
2013-08-24,13:17:36,4.133333333333333,18.866539001464844,2.2
2013-08-24,13:22:36,4.6,19.799880981445312,2.1333333333333333
2013-08-24,13:27:36,4.2,19.133211771647133,2.2
2013-08-24,13:32:36,4.533333333333333,16.533241271972656,2.2
2013-08-24,13:37:36,4.6,19.06653086344401,2.066666666666667
2013-08-24,13:42:36,3.933333333333333,19.266535441080727,2.2
2013-08-24,13:47:36,4.866666666666667,17.266527811686196,2.6
2013-08-24,13:52:36,3.8666666666666663,15.599912007649738,1.8
2013-08-24,13:57:36,4.6,17.59990692138672,2.333333333333333
2013-08-24,14:02:36,6.2666666666666675,16.666590372721352,9.533333333333333
2013-08-24,14:07:36,4.266666666666667,15.999946594238281,2.6666666666666665
2013-08-24,14:12:36,4.6,17.333221435546875,2.2666666666666666
2013-08-24,14:17:36,4.2,20.533231099446613,2.466666666666667
2013-08-24,14:22:36,5.0,17.46657053629557,2.2666666666666666
2013-08-24,14:27:36,4.0,18.266512552897133,2.0
2013-08-24,14:32:36,4.466666666666667,15.533269246419271,2.333333333333333
2013-08-24,14:37:36,4.333333333333333,16.666590372721352,2.2
2013-08-24,14:42:36,4.133333333333333,18.399887084960938,2.2
2013-08-24,14:47:36,4.533333333333333,19.799880981445312,2.466666666666667
2013-08-24,14:52:36,3.8666666666666663,15.599937438964846,2.066666666666667
2013-08-24,14:57:36,5.133333333333334,18.599891662597656,2.1333333333333333
2013-08-24,15:02:36,5.933333333333334,17.79987335205078,9.6
2013-08-24,15:07:36,4.533333333333333,18.399887084960938,2.2666666666666666
2013-08-24,15:12:36,4.2,15.799942016601562,2.2
2013-08-24,15:17:36,4.466666666666667,18.399887084960938,2.2666666666666666
2013-08-24,15:22:36,4.6,16.999893188476562,2.2666666666666666
2013-08-24,15:27:36,3.933333333333333,15.599899291992186,2.2666666666666666
2013-08-24,15:32:36,4.866666666666667,15.599899291992186,2.1333333333333333
2013-08-24,15:37:36,3.8666666666666663,19.199867248535156,3.0
2013-08-24,15:42:36,4.6,18.399887084960938,2.8
2013-08-24,15:47:36,4.4,15.999946594238281,3.2
2013-08-24,15:52:37,4.333333333333333,16.39995574951172,3.4
2013-08-24,15:57:37,4.733333333333333,16.59992218017578,2.4
2013-08-24,16:02:37,6.2,17.59990692138672,9.533333333333333
2013-08-24,16:07:37,5.066666666666666,19.666544596354164,2.066666666666667
2013-08-24,16:12:37,3.8666666666666663,17.9998779296875,2.533333333333333
2013-08-24,16:17:37,5.533333333333334,19.46654001871745,2.333333333333333
2013-08-24,16:22:37,4.4,19.666544596354164,2.333333333333333
2013-08-24,16:27:37,4.133333333333333,17.933171590169266,2.333333333333333
2013-08-24,16:32:37,4.6,18.533185323079426,2.4
2013-08-24,16:37:37,4.0,16.066576639811196,2.466666666666667
2013-08-24,16:42:37,4.933333333333334,17.199885050455727,2.2
2013-08-24,16:47:37,4.0,20.133221944173176,2.2666666666666666
2013-08-24,16:52:37,4.866666666666667,16.799888610839844,2.4
2013-08-24,16:57:37,4.333333333333333,17.93323516845703,2.2
2013-08-24,17:02:37,6.4,16.799888610839844,9.466666666666667
2013-08-24,17:07:37,4.733333333333333,15.866597493489587,2.466666666666667
2013-08-24,17:12:37,3.733333333333333,17.066561381022133,2.4
2013-08-24,17:17:37,5.266666666666667,21.266581217447914,2.466666666666667
2013-08-24,17:22:37,4.133333333333333,18.399887084960938,2.8
2013-08-24,17:27:37,4.666666666666667,19.333203633626304,2.4
2013-08-24,17:32:37,3.8,21.533253987630204,2.2666666666666666
2013-08-24,17:37:37,4.266666666666667,19.733212788899742,2.2666666666666666
2013-08-24,17:42:37,4.733333333333333,20.333226521809898,2.2666666666666666
2013-08-24,17:47:37,3.666666666666667,18.733189900716148,2.2666666666666666
2013-08-24,17:52:37,5.066666666666666,18.399899800618485,2.466666666666667
2013-08-24,17:57:37,3.933333333333333,18.13323974609375,2.2
2013-08-24,18:02:37,6.8,18.199844360351562,9.466666666666667
2013-08-24,18:07:37,4.333333333333333,16.866594950358074,2.6
2013-08-24,18:12:37,4.333333333333333,19.133199055989582,2.333333333333333
2013-08-24,18:17:37,4.8,21.599884033203125,2.333333333333333
2013-08-24,18:22:37,3.8,20.666567484537758,2.4
2013-08-24,18:27:37,4.933333333333334,17.066523234049477,2.1333333333333333
2013-08-24,18:32:37,3.733333333333333,18.2666015625,2.4
2013-08-24,18:37:38,4.6,18.999900817871094,2.066666666666667
2013-08-24,18:42:37,4.266666666666667,16.73323313395182,1.8666666666666667
2013-08-24,18:47:37,4.333333333333333,16.199938456217446,2.6666666666666665
2013-08-24,18:52:37,4.666666666666667,17.59990692138672,2.333333333333333
2013-08-24,18:57:37,4.0,19.599876403808594,1.9333333333333331
2013-08-24,19:02:37,7.2,16.73323313395182,9.6
2013-08-24,19:07:37,4.2,17.599868774414062,2.2666666666666666
2013-08-24,19:12:37,4.533333333333333,15.066579182942707,2.2666666666666666
2013-08-24,19:17:37,4.466666666666667,20.19989013671875,2.2666666666666666
2013-08-24,19:22:37,4.333333333333333,18.799896240234375,2.466666666666667
2013-08-24,19:27:37,4.533333333333333,16.399879455566406,2.066666666666667
2013-08-24,19:32:37,3.933333333333333,17.19989776611328,2.2666666666666666
2013-08-24,19:37:37,5.0,18.399887084960938,2.2666666666666666
2013-08-24,19:42:37,3.8666666666666663,17.599945068359375,2.333333333333333
2013-08-24,19:47:37,4.733333333333333,17.466506958007812,2.933333333333333
2013-08-24,19:52:37,4.466666666666667,18.599853515625,2.2
2013-08-24,19:57:37,4.2,16.199913024902344,2.2
2013-08-24,20:02:37,7.066666666666666,17.33325958251953,9.666666666666666
2013-08-24,20:07:37,3.8,17.59990692138672,2.1333333333333333
2013-08-24,20:12:37,5.133333333333334,14.86658732096354,2.2666666666666666
2013-08-24,20:17:37,4.2,16.39995574951172,2.2666666666666666
2013-08-24,20:22:37,4.6,17.799886067708336,2.2
2013-08-24,20:27:37,5.4,18.26657613118489,2.2
2013-08-24,20:32:38,4.733333333333333,35.86657206217448,2.333333333333333
2013-08-24,20:37:38,4.866666666666667,24.466641743977867,2.2666666666666666
2013-08-24,20:42:38,3.733333333333333,19.933217366536454,2.6666666666666665
2013-08-24,20:47:38,5.133333333333334,17.266527811686196,2.6
2013-08-24,20:52:38,3.8666666666666663,15.999933878580727,2.333333333333333
2013-08-24,20:57:38,4.8,18.666534423828125,2.4
2013-08-24,21:02:38,6.666666666666666,20.866572062174477,9.533333333333333
2013-08-24,21:07:38,4.6,20.399932861328125,2.2666666666666666
2013-08-24,21:12:38,4.6,18.79985809326172,2.2
2013-08-24,21:17:38,4.2,20.133221944173176,2.533333333333333
2013-08-24,21:22:38,5.0,18.599878946940102,2.466666666666667
2013-08-24,21:27:38,4.0,16.199951171875,2.2
2013-08-24,21:32:38,4.533333333333333,15.999946594238281,2.2666666666666666
2013-08-24,21:37:38,4.4,15.133234659830727,2.4
2013-08-24,21:42:38,4.466666666666667,15.39992014567057,2.1333333333333333
2013-08-24,21:47:38,4.666666666666667,16.799901326497398,2.466666666666667
2013-08-24,21:52:38,3.933333333333333,17.66651153564453,2.2666666666666666
2013-08-24,21:57:38,5.066666666666666,17.46654510498047,2.0
2013-08-24,22:02:38,6.2666666666666675,17.59990692138672,9.6
2013-08-24,22:07:38,4.733333333333333,18.26655069986979,2.2
2013-08-24,22:12:38,4.266666666666667,17.199859619140625,2.1333333333333333
2013-08-24,22:17:38,4.733333333333333,17.533238728841148,2.933333333333333
2013-08-24,22:22:38,4.8,17.666575113932293,2.1333333333333333
2013-08-24,22:27:38,3.733333333333333,18.599853515625,2.066666666666667
2013-08-24,22:32:38,5.0,17.599868774414062,2.333333333333333
2013-08-24,22:37:38,4.066666666666666,16.199874877929688,2.2666666666666666
2013-08-24,22:42:38,4.866666666666667,19.399897257486977,2.2666666666666666
2013-08-24,22:47:38,4.133333333333333,16.93323771158854,2.2666666666666666
2013-08-24,22:52:38,4.266666666666667,16.199951171875,2.066666666666667
2013-08-24,22:57:39,4.6,17.666536966959637,2.066666666666667
2013-08-24,23:02:39,5.866666666666666,16.599934895833332,9.733333333333333
2013-08-24,23:07:39,4.933333333333334,17.06658681233724,2.2
2013-08-24,23:12:39,3.8,18.999862670898438,2.2
2013-08-24,23:17:39,4.866666666666667,18.399887084960938,2.6
2013-08-24,23:22:39,4.2,18.466593424479164,2.4
2013-08-24,23:27:39,4.2,18.199920654296875,1.6666666666666667
2013-08-24,23:32:39,4.6,15.199928283691404,2.333333333333333
2013-08-24,23:37:39,3.8,14.599914550781252,1.9333333333333331
2013-08-24,23:42:39,5.0,17.19989776611328,2.066666666666667
2013-08-24,23:47:39,3.733333333333333,18.999900817871094,2.2
2013-08-24,23:52:39,4.666666666666667,18.999900817871094,2.4
2013-08-24,23:57:39,4.0,19.199905395507812,2.1333333333333333
2013-08-25,00:02:39,5.7333333333333325,17.199859619140625,9.733333333333333
2013-08-25,00:07:39,4.466666666666667,19.599876403808594,2.2
2013-08-25,00:12:39,3.733333333333333,18.599853515625,2.333333333333333
2013-08-25,00:17:39,5.133333333333334,20.19989013671875,2.1333333333333333
2013-08-25,00:22:39,3.8666666666666663,19.199867248535156,2.066666666666667
2013-08-25,00:27:39,4.533333333333333,17.733256022135414,1.8666666666666667
2013-08-25,00:32:39,4.2,16.266581217447914,2.466666666666667
2013-08-25,00:37:39,4.666666666666667,15.599899291992186,2.2666666666666666
2013-08-25,00:42:39,4.8,16.59987131754557,2.2
2013-08-25,00:47:39,3.8,15.53328196207682,2.6
2013-08-25,00:52:39,5.133333333333334,14.599901835123699,2.2666666666666666
2013-08-25,00:57:39,4.0,16.66656494140625,2.2
2013-08-25,01:02:39,6.8,14.666608174641926,9.866666666666667
2013-08-25,01:07:39,4.0,15.133272806803383,2.2
2013-08-25,01:12:39,4.0,16.533215840657554,2.2666666666666666
2013-08-25,01:17:39,4.866666666666667,21.333249409993492,2.2666666666666666
2013-08-25,01:22:39,4.0,18.66652170817057,2.2666666666666666
2013-08-25,01:27:39,5.066666666666666,18.466555277506508,2.6666666666666665
2013-08-25,01:32:39,4.466666666666667,17.33318328857422,5.266666666666667
2013-08-25,01:37:39,5.333333333333334,17.59991963704427,9.0
2013-08-25,01:42:39,5.266666666666667,19.266535441080727,12.0
2013-08-25,01:47:39,4.2,17.133216857910156,3.1333333333333333
2013-08-25,01:52:39,4.733333333333333,15.5999755859375,2.1333333333333333
2013-08-25,01:57:39,4.133333333333333,17.799886067708336,2.933333333333333
2013-08-25,02:02:40,7.071428571428571,19.571304321289062,10.928571428571427
2013-08-25,02:07:40,3.8666666666666663,16.33326212565104,2.6666666666666665
2013-08-25,02:12:40,4.866666666666667,14.599952697753906,1.8666666666666667
2013-08-25,02:17:40,4.4,15.999857584635413,2.333333333333333
2013-08-25,02:22:40,4.266666666666667,17.999852498372395,2.6
2013-08-25,02:27:40,4.5,16.214193616594585,2.4285714285714284
2013-08-25,02:32:40,4.133333333333333,15.133260091145836,2.2666666666666666
2013-08-25,02:37:40,4.8,16.999918619791668,2.1333333333333333
2013-08-25,02:42:40,3.933333333333333,18.066546122233074,2.2666666666666666
2013-08-25,02:47:40,4.466666666666667,19.866561889648438,2.066666666666667
2013-08-25,02:52:40,4.266666666666667,17.26659138997396,2.1333333333333333
2013-08-25,02:57:40,4.2,18.533236185709637,1.8666666666666667
2013-08-25,03:02:40,7.066666666666666,16.86658223470052,10.4
2013-08-25,03:07:40,4.133333333333333,19.266560872395832,3.466666666666667
2013-08-25,03:12:40,5.266666666666667,16.733245849609375,3.333333333333333
2013-08-25,03:17:40,4.466666666666667,18.866564432779946,3.1333333333333333
2013-08-25,03:22:40,5.0,21.399917602539062,3.4
2013-08-25,03:27:40,4.466666666666667,19.866549173990883,4.066666666666666
2013-08-25,03:32:40,5.333333333333334,18.533185323079426,4.466666666666667
2013-08-25,03:37:40,4.8,19.866549173990883,4.266666666666667
2013-08-25,03:42:40,5.066666666666666,19.53320821126302,4.4
2013-08-25,03:47:40,5.466666666666666,17.79987335205078,4.733333333333333
2013-08-25,03:52:41,4.4,16.733245849609375,3.733333333333333
2013-08-25,03:57:41,5.4,19.933217366536454,4.2
2013-08-25,04:02:41,7.0,18.49989209856306,12.857142857142858
2013-08-25,04:07:41,5.466666666666666,20.866572062174477,5.4
2013-08-25,04:12:41,5.071428571428573,19.28558349609375,4.785714285714286
2013-08-25,04:17:41,4.866666666666667,19.666544596354164,4.066666666666666
2013-08-25,04:22:41,5.2,18.066584269205727,3.8666666666666663
2013-08-25,04:27:41,4.8,17.266578674316406,3.6666666666666665
2013-08-25,04:32:41,4.933333333333334,20.66659291585286,3.2
2013-08-25,04:37:41,4.533333333333333,18.19988250732422,4.733333333333333
2013-08-25,04:42:41,5.2,15.999908447265627,4.2
2013-08-25,04:47:41,5.266666666666667,17.19989776611328,4.466666666666667
2013-08-25,04:52:41,4.866666666666667,17.933273315429688,5.533333333333332
2013-08-25,04:57:41,5.4,19.39990997314453,5.266666666666667
2013-08-25,05:02:41,15.933333333333332,18.599904378255207,100.0
2013-08-25,05:07:41,5.266666666666667,20.866572062174477,4.066666666666666
2013-08-25,05:12:41,4.733333333333333,15.933265686035156,3.333333333333333
2013-08-25,05:17:41,5.133333333333334,18.799883524576824,3.933333333333333
2013-08-25,05:22:41,5.133333333333334,17.86651611328125,3.333333333333333
2013-08-25,05:27:41,4.266666666666667,18.26658884684245,2.6
2013-08-25,05:32:41,5.133333333333334,16.7999267578125,2.533333333333333
2013-08-25,05:37:41,4.066666666666666,17.533276875813804,2.466666666666667
2013-08-25,05:42:41,5.066666666666666,14.599952697753906,2.533333333333333
2013-08-25,05:47:41,4.533333333333333,16.33326212565104,2.8666666666666667
2013-08-25,05:52:41,4.571428571428573,17.285633087158203,2.7857142857142856
2013-08-25,05:57:41,5.066666666666666,19.06653086344401,2.8
2013-08-25,06:02:41,6.466666666666666,18.066507975260418,10.066666666666666
2013-08-25,06:07:41,5.4,19.46654001871745,2.466666666666667
2013-08-25,06:12:42,4.266666666666667,19.53322092692057,2.6
2013-08-25,06:17:42,5.333333333333334,20.73322296142578,2.8
2013-08-25,06:22:42,4.142857142857142,18.42847551618304,2.7142857142857144
2013-08-25,06:27:42,4.666666666666667,18.799959818522133,2.6666666666666665
2013-08-25,06:32:42,4.6428571428571415,17.285660334995814,2.571428571428572
2013-08-25,06:37:42,4.733333333333333,18.66652170817057,2.7333333333333334
2013-08-25,06:42:42,5.533333333333334,21.466585795084637,2.933333333333333
2013-08-25,06:47:42,4.6428571428571415,16.928400312151226,3.6428571428571432
2013-08-25,06:52:42,5.2,14.933280944824217,2.933333333333333
2013-08-25,06:57:42,4.133333333333333,17.733192443847656,2.7333333333333334
2013-08-25,07:02:42,6.928571428571429,19.64273452758789,11.214285714285712
2013-08-25,07:07:42,4.5,21.714210510253906,2.9285714285714284
2013-08-25,07:12:42,3.7857142857142856,19.571304321289062,2.2857142857142856
2013-08-25,07:17:42,5.266666666666667,17.533200581868485,2.2666666666666666
2013-08-25,07:22:42,4.066666666666666,17.53326416015625,2.533333333333333
2013-08-25,07:27:42,4.6,16.666590372721352,2.1333333333333333
2013-08-25,07:32:42,3.8,15.333264668782551,2.466666666666667
2013-08-25,07:37:42,4.266666666666667,17.733205159505207,2.4
2013-08-25,07:42:42,4.066666666666666,13.866564432779946,2.2666666666666666
2013-08-25,07:47:42,4.2,16.333211263020832,2.2666666666666666
2013-08-25,07:52:42,4.533333333333333,17.26659138997396,2.333333333333333
2013-08-25,07:57:42,4.333333333333333,17.133229573567707,2.1333333333333333
2013-08-25,08:02:42,6.6,17.866579691569008,9.6
2013-08-25,08:07:42,3.8571428571428568,16.71417781284877,2.4285714285714284
2013-08-25,08:12:42,4.428571428571427,16.785608019147595,2.5
2013-08-25,08:17:42,4.466666666666667,16.533279418945312,2.2
2013-08-25,08:22:42,4.071428571428572,18.14276831490653,2.357142857142857
2013-08-25,08:27:42,5.0,15.999908447265627,2.8
2013-08-25,08:32:42,4.2,14.399948120117188,2.6
2013-08-25,08:37:42,4.466666666666667,17.866566975911457,2.1333333333333333
2013-08-25,08:42:42,3.733333333333333,16.399930318196617,2.2666666666666666
2013-08-25,08:47:42,4.428571428571427,17.142745426722936,2.357142857142857
2013-08-25,08:52:42,4.357142857142858,16.571317400251115,2.2142857142857144
2013-08-25,08:57:42,4.133333333333333,17.06659952799479,2.1333333333333333
2013-08-25,09:02:42,6.8,17.866579691569008,9.6
2013-08-25,09:07:42,4.0,18.999903542654856,2.2857142857142856
2013-08-25,09:12:42,4.666666666666667,16.999893188476562,2.7333333333333334
2013-08-25,09:17:42,4.066666666666666,19.33324178059896,2.466666666666667
2013-08-25,09:22:43,4.533333333333333,19.99988555908203,2.066666666666667
2013-08-25,09:27:43,6.066666666666666,27.799860636393237,2.2
2013-08-25,09:32:43,3.928571428571429,35.14277594430105,2.357142857142857
2013-08-25,09:37:43,4.4,23.599929809570312,2.0
2013-08-25,09:42:43,4.266666666666667,18.599891662597656,2.2666666666666666
2013-08-25,09:47:43,4.6,15.599899291992186,2.333333333333333
2013-08-25,09:52:43,4.066666666666666,17.19989776611328,2.333333333333333
2013-08-25,09:57:43,4.428571428571427,14.642783573695592,2.142857142857143
2013-08-25,10:02:43,7.0,17.666536966959637,9.6
2013-08-25,10:07:43,4.2,19.99988555908203,2.7333333333333334
2013-08-25,10:12:43,4.533333333333333,18.39984893798828,2.6
2013-08-25,10:17:43,4.285714285714286,20.571327209472656,2.4285714285714284
2013-08-25,10:22:43,4.6,18.999862670898438,2.533333333333333
2013-08-25,10:27:43,3.8666666666666663,16.999893188476562,2.2666666666666666
2013-08-25,10:32:43,4.357142857142858,15.428529466901505,2.357142857142857
2013-08-25,10:37:43,4.333333333333333,17.59991963704427,2.4
2013-08-25,10:42:43,4.133333333333333,17.333234151204426,2.4
2013-08-25,10:47:43,4.666666666666667,17.666575113932293,2.6
2013-08-25,10:52:43,4.2,17.799911499023438,2.1333333333333333
2013-08-25,10:57:43,4.733333333333333,17.266553243001297,2.2
2013-08-25,11:02:43,6.0,18.133227030436196,9.666666666666666
2013-08-25,11:07:43,4.466666666666667,17.93320973714193,2.066666666666667
2013-08-25,11:12:43,4.2,15.599924723307293,2.333333333333333
2013-08-25,11:17:43,4.4,22.866592407226562,2.2
2013-08-25,11:22:43,4.666666666666667,16.399917602539062,2.333333333333333
2013-08-25,11:27:43,3.8666666666666663,17.39990234375,2.1333333333333333
2013-08-25,11:32:44,5.0,19.06653086344401,2.4
2013-08-25,11:37:44,3.8666666666666663,18.533236185709637,2.2
2013-08-25,11:42:44,4.533333333333333,17.26659138997396,2.4
2013-08-25,11:47:44,4.266666666666667,14.19994354248047,2.933333333333333
2013-08-25,11:52:44,4.333333333333333,14.866625467936196,2.466666666666667
2013-08-25,11:57:44,4.733333333333333,18.999913533528645,2.2
2013-08-25,12:02:44,6.133333333333334,18.066546122233074,9.6
2013-08-25,12:07:44,4.933333333333334,15.86657206217448,2.533333333333333
2013-08-25,12:12:44,3.733333333333333,18.866564432779946,2.066666666666667
2013-08-25,12:17:44,4.866666666666667,20.26655832926432,2.533333333333333
2013-08-25,12:22:44,4.266666666666667,19.733212788899742,2.4
2013-08-25,12:27:44,4.266666666666667,18.466517130533855,2.466666666666667
2013-08-25,12:32:44,4.6,17.399915059407554,2.2
2013-08-25,12:37:44,3.933333333333333,17.999903361002602,2.4
2013-08-25,12:47:44,4.6,15.466601053873699,2.1333333333333333
2013-08-25,12:52:44,4.8,17.399965922037758,2.333333333333333
2013-08-25,12:57:43,4.2,19.133211771647133,2.1333333333333333
2013-08-25,13:02:43,6.533333333333334,17.599894205729164,9.6
2013-08-25,13:07:43,4.666666666666667,17.599881490071613,2.4
2013-08-25,13:12:43,3.933333333333333,14.599952697753906,2.2666666666666666
2013-08-25,13:17:43,5.066666666666666,22.199935913085938,2.333333333333333
2013-08-25,13:22:43,3.733333333333333,18.533185323079426,2.2666666666666666
2013-08-25,13:27:43,4.866666666666667,18.733189900716148,2.4
2013-08-25,13:32:43,4.357142857142858,18.357099805559436,2.571428571428572
2013-08-25,13:37:43,4.4,17.599868774414062,2.333333333333333
2013-08-25,13:42:43,4.4,17.799911499023438,2.1333333333333333
2013-08-25,13:47:43,4.2,17.59990692138672,2.6666666666666665
2013-08-25,13:52:43,4.8,15.799903869628906,2.2
2013-08-25,13:57:43,3.8666666666666663,17.79987335205078,2.2666666666666666
2013-08-25,14:02:43,7.0,18.933245340983074,9.666666666666666
2013-08-25,14:07:43,4.0,17.399864196777344,2.533333333333333
2013-08-25,14:12:43,4.466666666666667,15.666580200195312,2.6
2013-08-25,14:17:43,4.666666666666667,19.199905395507812,2.466666666666667
2013-08-25,14:22:43,4.266666666666667,15.733273824055994,2.4
2013-08-25,14:27:43,4.666666666666667,17.733192443847656,2.0
2013-08-25,14:32:43,3.933333333333333,18.599891662597656,2.2
2013-08-25,14:37:44,4.866666666666667,20.933240254720047,1.9333333333333331
2013-08-25,14:42:44,3.8666666666666663,19.399871826171875,1.8
2013-08-25,14:47:44,4.533333333333333,15.599899291992186,2.466666666666667
2013-08-25,14:52:44,4.4,16.933212280273438,2.333333333333333
2013-08-25,14:57:44,4.266666666666667,16.466585795084633,2.066666666666667
2013-08-25,15:02:44,6.8,16.466598510742188,9.6
2013-08-25,15:07:44,3.8666666666666663,16.93328857421875,2.533333333333333
2013-08-25,15:12:44,4.733333333333333,17.333234151204426,2.066666666666667
2013-08-25,15:17:44,4.333333333333333,19.86652374267578,2.6
2013-08-25,15:22:44,4.466666666666667,18.53322347005208,2.466666666666667
2013-08-25,15:27:44,4.333333333333333,19.266535441080727,1.8666666666666667
2013-08-25,15:32:44,4.066666666666666,18.66652170817057,2.4
2013-08-25,15:37:44,4.733333333333333,16.93328857421875,2.4
2013-08-25,15:42:44,3.8,15.533269246419271,2.466666666666667
2013-08-25,15:47:44,4.8,17.266578674316406,2.8
2013-08-25,15:52:44,4.066666666666666,15.733299255371094,2.1333333333333333
2013-08-25,15:57:44,4.733333333333333,16.53325398763021,2.333333333333333
2013-08-25,16:02:44,6.7333333333333325,15.666618347167969,9.666666666666666
2013-08-25,16:07:44,4.066666666666666,18.733240763346352,2.333333333333333
2013-08-25,16:12:44,4.666666666666667,17.999916076660156,2.2
2013-08-25,16:17:44,4.133333333333333,19.866549173990883,2.2666666666666666
2013-08-25,16:22:44,4.933333333333334,19.53320821126302,2.2666666666666666
2013-08-25,16:27:44,3.8666666666666663,18.79985809326172,2.1333333333333333
2013-08-25,16:32:44,4.466666666666667,19.799880981445312,2.066666666666667
2013-08-25,16:37:44,4.266666666666667,18.533198038736977,2.1333333333333333
2013-08-25,16:42:44,4.066666666666666,17.933273315429688,2.466666666666667
2013-08-25,16:47:44,4.666666666666667,18.79985809326172,2.8
2013-08-25,16:52:44,3.733333333333333,18.53322347005208,2.1333333333333333
2013-08-25,16:57:44,5.0,18.599891662597656,2.6
2013-08-25,17:02:44,6.066666666666666,18.599878946940102,9.666666666666666
2013-08-25,17:07:44,4.733333333333333,18.46660614013672,2.2666666666666666
2013-08-25,17:12:44,4.6,17.066561381022133,6.7333333333333325
2013-08-25,17:17:44,4.666666666666667,21.266568501790363,3.0
2013-08-25,17:22:44,4.8,18.79985809326172,2.466666666666667
2013-08-25,17:27:44,3.8666666666666663,17.93322245279948,2.6666666666666665
2013-08-25,17:32:44,5.2,17.666498819986977,5.7333333333333325
2013-08-25,17:37:44,3.8666666666666663,18.79985809326172,2.466666666666667
2013-08-25,17:42:44,4.666666666666667,18.599891662597656,2.1333333333333333
2013-08-25,17:47:44,4.133333333333333,14.999961853027344,2.4
2013-08-25,17:52:44,4.333333333333333,15.399894714355469,2.333333333333333
2013-08-25,17:57:45,4.533333333333333,15.599937438964846,2.333333333333333
2013-08-25,18:02:45,6.066666666666666,18.399925231933594,9.6
2013-08-25,18:07:45,4.466666666666667,18.399887084960938,2.1333333333333333
2013-08-25,18:12:45,4.333333333333333,16.7999267578125,2.333333333333333
2013-08-25,18:17:45,4.8,18.733266194661457,2.2666666666666666
2013-08-25,18:22:45,4.266666666666667,17.999916076660156,2.333333333333333
2013-08-25,18:27:45,4.266666666666667,16.7999267578125,2.4
2013-08-25,18:32:45,4.466666666666667,15.399932861328125,2.466666666666667
2013-08-25,18:37:45,4.0,15.599937438964846,2.333333333333333
2013-08-25,18:42:45,5.0,16.999893188476562,2.2666666666666666
2013-08-25,18:47:45,4.333333333333333,16.999855041503906,2.7333333333333334
2013-08-25,18:52:45,4.666666666666667,19.333229064941406,2.8
2013-08-25,18:57:45,4.2,16.999944051106773,2.6666666666666665
2013-08-25,19:02:45,6.466666666666666,18.333218892415367,9.733333333333333
2013-08-25,19:07:45,4.666666666666667,17.666562398274742,2.533333333333333
2013-08-25,19:12:45,3.8666666666666663,17.999966939290367,2.8
2013-08-25,19:17:45,5.0,20.666529337565102,2.4
2013-08-25,19:22:45,4.4,17.133229573567707,2.2
2013-08-25,19:27:45,4.6,17.933247884114586,2.0
2013-08-25,19:32:45,4.266666666666667,17.46654510498047,2.933333333333333
2013-08-25,19:37:45,4.333333333333333,18.333218892415367,2.1333333333333333
2013-08-25,19:42:45,4.533333333333333,14.933280944824217,2.1333333333333333
2013-08-25,19:47:45,3.8,18.666534423828125,2.4
2013-08-25,19:52:45,4.733333333333333,19.266599019368485,2.1333333333333333
2013-08-25,19:57:45,4.2,15.666580200195312,1.9333333333333331
2013-08-25,20:02:45,6.933333333333334,17.333221435546875,9.733333333333333
2013-08-25,20:07:45,4.2,15.133260091145836,2.6
2013-08-25,20:12:45,4.333333333333333,16.333223978678383,2.2666666666666666
2013-08-25,20:17:45,4.8,17.79987335205078,2.2
2013-08-25,20:22:45,4.066666666666666,17.799911499023438,2.333333333333333
2013-08-25,20:27:45,4.666666666666667,18.599904378255207,2.1333333333333333
2013-08-25,20:32:45,4.4,16.666552225748696,3.1333333333333333
2013-08-25,20:37:45,4.533333333333333,17.066523234049477,2.4
2013-08-25,20:42:46,4.266666666666667,20.26655832926432,2.333333333333333
2013-08-25,20:47:46,4.333333333333333,18.333218892415367,2.533333333333333
2013-08-25,20:52:46,4.733333333333333,18.86652628580729,2.333333333333333
2013-08-25,20:57:46,4.066666666666666,18.33319346110026,2.6
2013-08-25,21:02:46,7.0,20.066553751627605,9.733333333333333
2013-08-25,21:07:46,4.4,19.666544596354164,2.6
2013-08-25,21:12:46,4.666666666666667,16.199913024902344,2.2666666666666666
2013-08-25,21:17:46,4.466666666666667,17.333196004231773,3.0
2013-08-25,21:22:46,4.333333333333333,17.333234151204426,2.2666666666666666
2013-08-25,21:27:46,4.6,18.33318074544271,2.333333333333333
2013-08-25,21:32:46,4.066666666666666,15.666605631510414,2.4
2013-08-25,21:37:46,4.733333333333333,17.999916076660156,2.533333333333333
2013-08-25,21:42:46,4.4,16.199913024902344,2.4
2013-08-25,21:47:46,4.8,18.599891662597656,2.8
2013-08-25,21:52:46,4.4,22.866579691569015,2.333333333333333
2013-08-25,21:57:46,4.266666666666667,19.199867248535156,2.066666666666667
2013-08-25,22:02:46,7.066666666666666,18.19988250732422,9.933333333333334
2013-08-25,22:07:46,4.0,18.599853515625,2.2666666666666666
2013-08-25,22:12:46,4.6,15.999908447265627,2.333333333333333
2013-08-25,22:17:46,4.266666666666667,15.933278401692707,2.466666666666667
2013-08-25,22:22:46,4.533333333333333,18.19988250732422,2.4
2013-08-25,22:27:46,4.4,19.799906412760418,2.4
2013-08-25,22:32:46,4.4,20.59986114501953,2.6
2013-08-25,22:37:46,4.666666666666667,19.399871826171875,2.4
2013-08-25,22:42:46,3.933333333333333,19.19994354248047,2.1333333333333333
2013-08-25,22:47:46,4.6,18.799896240234375,2.333333333333333
2013-08-25,22:52:46,4.333333333333333,18.26653798421224,2.2
2013-08-25,22:57:46,4.466666666666667,20.19989013671875,2.2666666666666666
2013-08-25,23:02:46,6.6,18.599891662597656,9.733333333333333
2013-08-25,23:07:46,4.2,20.53325653076172,2.933333333333333
2013-08-25,23:12:46,4.6,18.133201599121094,2.066666666666667
2013-08-25,23:17:46,4.266666666666667,20.19989013671875,2.6666666666666665
2013-08-25,23:22:46,4.8,18.19988250732422,2.533333333333333
2013-08-25,23:27:46,4.266666666666667,17.999916076660156,2.333333333333333
2013-08-25,23:32:46,6.0,25.666542053222656,2.533333333333333
2013-08-25,23:37:46,4.466666666666667,33.2666015625,2.533333333333333
2013-08-25,23:42:46,4.266666666666667,19.99988555908203,2.6
2013-08-25,23:47:46,4.8,16.7999267578125,2.533333333333333
2013-08-25,23:52:46,3.933333333333333,19.666544596354164,2.2
2013-08-25,23:57:46,4.866666666666667,19.13323720296224,2.2
2013-08-26,00:02:46,6.466666666666666,16.999880472819008,9.533333333333333
2013-08-26,00:07:46,4.733333333333333,17.06653594970703,2.8666666666666667
2013-08-26,00:12:47,4.4,16.733182271321613,2.333333333333333
2013-08-26,00:17:47,4.666666666666667,18.733189900716148,2.533333333333333
2013-08-26,00:22:47,4.733333333333333,16.466585795084633,2.333333333333333
2013-08-26,00:27:47,3.6,17.066561381022133,1.9333333333333331
2013-08-26,00:32:47,4.866666666666667,15.466626485188806,2.466666666666667
2013-08-26,00:37:47,4.066666666666666,16.933224995930992,2.2666666666666666
2013-08-26,00:42:47,4.733333333333333,14.666620890299475,2.2666666666666666
2013-08-26,00:47:47,4.333333333333333,16.933250427246094,2.533333333333333
2013-08-26,00:52:47,4.4,18.33319346110026,2.2666666666666666
2013-08-26,00:57:47,4.733333333333333,17.933247884114586,2.1333333333333333
2013-08-26,01:02:47,6.2666666666666675,17.799886067708336,10.0
2013-08-26,01:07:47,4.866666666666667,18.2666015625,3.466666666666667
2013-08-26,01:12:47,4.133333333333333,16.533266703287758,2.533333333333333
2013-08-26,01:17:47,4.866666666666667,20.066566467285156,2.6
2013-08-26,01:22:47,4.666666666666667,20.733235677083336,2.2666666666666666
2013-08-26,01:27:47,4.733333333333333,16.599884033203125,5.266666666666667
2013-08-26,01:32:47,5.0,19.79991912841797,3.6666666666666665
2013-08-26,01:37:47,4.266666666666667,17.666536966959637,7.2
2013-08-26,01:42:47,6.0,18.999862670898438,13.533333333333333
2013-08-26,01:47:47,4.466666666666667,18.733189900716148,3.333333333333333
2013-08-26,01:52:47,4.6,17.66651153564453,2.466666666666667
2013-08-26,01:57:47,4.6,16.266581217447914,3.2
2013-08-26,02:02:47,6.466666666666666,16.199913024902344,10.4
2013-08-26,02:07:47,4.866666666666667,16.866544087727863,2.8
2013-08-26,02:12:47,4.066666666666666,16.466547648111977,2.533333333333333
2013-08-26,02:17:47,5.066666666666666,17.666575113932293,2.333333333333333
2013-08-26,02:22:47,4.2,18.133214314778645,2.533333333333333
2013-08-26,02:27:47,4.933333333333334,17.199935913085938,2.533333333333333
2013-08-26,02:32:47,4.333333333333333,15.399971008300781,2.6
2013-08-26,02:37:47,4.533333333333333,15.733273824055994,2.6
2013-08-26,02:42:47,4.666666666666667,18.999900817871094,2.8
2013-08-26,02:47:47,4.066666666666666,16.399917602539062,3.466666666666667
2013-08-26,02:52:47,4.933333333333334,18.333218892415367,2.466666666666667
2013-08-26,02:57:47,4.266666666666667,18.19988250732422,2.533333333333333
2013-08-26,03:02:47,6.7333333333333325,16.199913024902344,10.333333333333334
2013-08-26,03:07:47,4.533333333333333,17.399864196777344,4.066666666666666
2013-08-26,03:12:47,4.733333333333333,17.9998779296875,4.066666666666666
2013-08-26,03:17:47,5.066666666666666,18.19988250732422,3.2
2013-08-26,03:22:47,3.933333333333333,17.39990234375,2.533333333333333
2013-08-26,03:27:47,5.133333333333334,16.799888610839844,3.933333333333333
2013-08-26,03:32:48,4.466666666666667,16.199951171875,4.8
2013-08-26,03:37:48,5.2,18.599891662597656,5.133333333333334
2013-08-26,03:42:48,4.866666666666667,18.466555277506508,4.933333333333334
2013-08-26,03:47:48,4.733333333333333,18.399925231933594,4.2
2013-08-26,03:52:48,5.0,17.93320973714193,4.733333333333333
2013-08-26,03:57:48,4.266666666666667,18.066609700520832,3.6
2013-08-26,04:02:48,7.933333333333334,17.133267720540367,12.733333333333333
2013-08-26,04:07:48,4.6,16.86656951904297,5.533333333333332
2013-08-26,04:12:48,5.266666666666667,16.999918619791668,5.8
2013-08-26,04:17:48,5.0,20.866546630859375,4.866666666666666
2013-08-26,04:22:48,4.933333333333334,17.13319142659505,6.6
2013-08-26,04:27:48,5.066666666666666,17.866541544596352,4.133333333333334
2013-08-26,04:32:48,4.0,18.19988250732422,3.6
2013-08-26,04:37:48,5.4,16.999880472819008,3.466666666666667
2013-08-26,04:42:48,4.2,13.599929809570312,3.2
2013-08-26,04:47:48,4.733333333333333,15.666567484537758,3.466666666666667
2013-08-26,04:52:48,4.733333333333333,16.133244832356773,3.2666666666666666
2013-08-26,04:57:48,4.533333333333333,15.86657206217448,3.4
2013-08-26,05:02:48,16.4,20.733261108398438,100.0
2013-08-26,05:07:48,4.266666666666667,22.533276875813797,4.2
2013-08-26,05:12:48,5.4,20.39989471435547,3.8
2013-08-26,05:17:48,4.733333333333333,20.39989471435547,4.4
2013-08-26,05:22:48,5.0,20.999908447265625,4.0
2013-08-26,05:27:48,4.6,17.199859619140625,3.533333333333333
2013-08-26,05:32:48,4.6,19.266573588053383,3.533333333333333
2013-08-26,05:37:48,5.0,20.39989471435547,3.2666666666666666
2013-08-26,05:42:48,4.066666666666666,19.599876403808594,2.8666666666666667
2013-08-26,05:47:48,5.2,17.333196004231773,3.466666666666667
2013-08-26,05:52:48,4.066666666666666,16.19988759358724,3.066666666666667
2013-08-26,05:57:48,4.8,17.399915059407554,3.4
2013-08-26,06:02:48,7.0,16.39989217122396,10.733333333333333
2013-08-26,06:07:48,4.6,16.53325398763021,3.466666666666667
2013-08-26,06:12:48,4.933333333333334,16.99993133544922,3.333333333333333
2013-08-26,06:17:48,4.4,19.266560872395832,3.333333333333333
2013-08-26,06:22:48,5.266666666666667,17.333246866861977,3.2
2013-08-26,06:27:48,4.133333333333333,17.93323516845703,2.7333333333333334
2013-08-26,06:32:48,4.6,17.46654510498047,2.533333333333333
2013-08-26,06:37:49,4.133333333333333,19.06658172607422,2.466666666666667
2013-08-26,06:42:49,4.4,21.533215840657547,2.6666666666666665
2013-08-26,06:47:49,4.466666666666667,17.19989776611328,2.7333333333333334
2013-08-26,06:52:49,4.066666666666666,17.19989776611328,2.2
2013-08-26,06:57:49,5.133333333333334,17.39990234375,2.7333333333333334
2013-08-26,07:02:49,6.133333333333334,18.799896240234375,9.733333333333333
2013-08-26,07:07:48,4.666666666666667,17.866566975911457,2.466666666666667
2013-08-26,07:12:48,4.333333333333333,17.199859619140625,2.1333333333333333
2013-08-26,07:17:48,4.4,19.133224487304688,2.6
2013-08-26,07:22:48,4.6,18.399887084960938,2.4
2013-08-26,07:27:48,4.066666666666666,17.9998779296875,2.466666666666667
2013-08-26,07:32:48,4.866666666666667,15.599861145019531,2.4
2013-08-26,07:37:48,3.933333333333333,18.06652069091797,2.8666666666666667
2013-08-26,07:42:48,4.466666666666667,17.999916076660156,2.2666666666666666
2013-08-26,07:47:48,4.4,16.399917602539062,2.933333333333333
2013-08-26,07:52:48,4.266666666666667,20.19989013671875,2.2666666666666666
2013-08-26,07:57:48,4.666666666666667,17.599868774414062,2.466666666666667
2013-08-26,08:02:48,6.333333333333334,15.999946594238281,9.6
2013-08-26,08:07:48,5.066666666666666,16.79987589518229,2.533333333333333
2013-08-26,08:12:48,4.0,19.13323720296224,2.4
2013-08-26,08:17:48,4.733333333333333,18.93319447835286,2.4
2013-08-26,08:22:49,4.4,18.199844360351562,2.6
2013-08-26,08:27:49,4.133333333333333,17.133229573567707,2.466666666666667
2013-08-26,08:32:49,4.666666666666667,20.999908447265625,2.466666666666667
2013-08-26,08:37:49,4.0,16.666552225748696,2.7333333333333334
2013-08-26,08:42:49,5.133333333333334,19.86658732096354,2.533333333333333
2013-08-26,08:47:49,3.8666666666666663,17.866579691569008,2.6
2013-08-26,08:52:49,5.0,16.0666020711263,2.066666666666667
2013-08-26,08:57:49,4.4,16.26659393310547,2.2666666666666666
2013-08-26,09:02:49,7.066666666666666,19.866549173990883,9.666666666666666
2013-08-26,09:07:49,4.733333333333333,17.93320973714193,2.8
2013-08-26,09:12:49,3.8666666666666663,19.599876403808594,2.2666666666666666
2013-08-26,09:17:49,5.466666666666666,18.466517130533855,2.7333333333333334
2013-08-26,09:22:49,4.0,20.666567484537758,2.6666666666666665
2013-08-26,09:27:49,4.733333333333333,17.999865214029946,2.466666666666667
2013-08-26,09:32:49,4.333333333333333,15.866559346516926,2.6
2013-08-26,09:37:49,4.266666666666667,16.599896748860676,2.4
2013-08-26,09:42:49,4.733333333333333,18.866564432779946,2.6
2013-08-26,09:47:49,3.933333333333333,15.866584777832033,2.6
2013-08-26,09:52:49,5.066666666666666,16.666615804036457,2.333333333333333
2013-08-26,09:57:49,3.8666666666666663,14.13324991861979,2.533333333333333
2013-08-26,10:02:49,6.866666666666666,16.533215840657554,9.6
2013-08-26,10:07:49,4.333333333333333,16.533203125,2.8
2013-08-26,10:12:49,4.266666666666667,18.933245340983074,2.7333333333333334
2013-08-26,10:17:50,5.066666666666666,18.333282470703125,2.6
2013-08-26,10:22:50,3.933333333333333,17.799886067708336,2.466666666666667
2013-08-26,10:27:50,4.933333333333334,16.999855041503906,2.2666666666666666
2013-08-26,10:32:50,4.0,15.333264668782551,2.4
2013-08-26,10:37:50,4.8,15.066566467285156,2.8666666666666667
2013-08-26,10:42:50,4.333333333333333,21.59992218017578,2.6666666666666665
2013-08-26,10:47:50,4.4,18.06652069091797,2.8
2013-08-26,10:52:50,4.666666666666667,17.19989776611328,2.8
2013-08-26,10:57:50,3.933333333333333,18.73321533203125,2.2666666666666666
2013-08-26,11:02:50,7.2,16.199925740559895,9.533333333333333
2013-08-26,11:07:50,3.933333333333333,17.199910481770832,2.8
2013-08-26,11:12:50,4.6,16.59992218017578,2.6
2013-08-26,11:17:50,4.4,19.866549173990883,2.466666666666667
2013-08-26,11:22:50,4.4,18.19988250732422,2.6
2013-08-26,11:27:50,4.466666666666667,18.39984893798828,2.6666666666666665
2013-08-26,11:32:50,4.0,16.799888610839844,2.333333333333333
2013-08-26,11:37:50,5.066666666666666,18.599929809570312,2.6
2013-08-26,11:42:50,4.133333333333333,17.59990692138672,3.333333333333333
2013-08-26,11:47:50,5.2,19.799880981445312,5.466666666666668
2013-08-26,11:52:50,4.6,19.199867248535156,4.266666666666667
2013-08-26,11:57:50,4.8,17.79987335205078,5.333333333333333
2013-08-26,12:02:50,7.133333333333334,17.466519673665367,11.266666666666667
2013-08-26,12:07:50,3.8666666666666663,15.466575622558592,2.2666666666666666
2013-08-26,12:12:50,5.0,16.399879455566406,2.4
2013-08-26,12:17:50,4.4,21.7999267578125,2.6
2013-08-26,12:22:50,4.866666666666667,17.9998779296875,2.533333333333333
2013-08-26,12:27:50,4.333333333333333,19.59991455078125,2.2
2013-08-26,12:32:50,4.4,18.199844360351562,2.6666666666666665
2013-08-26,12:37:50,4.733333333333333,18.066558837890625,2.466666666666667
2013-08-26,12:42:50,4.133333333333333,18.99987538655599,2.6
2013-08-26,12:47:50,5.133333333333334,18.133277893066406,3.2666666666666666
2013-08-26,12:52:51,4.2,14.333279927571619,2.2
2013-08-26,12:57:51,4.8,16.466598510742188,2.933333333333333
2013-08-26,13:02:51,6.666666666666666,16.866556803385414,9.733333333333333
2013-08-26,13:07:51,4.4,16.933263142903645,3.0
2013-08-26,13:12:51,4.733333333333333,18.19988250732422,2.066666666666667
2013-08-26,13:17:51,4.333333333333333,20.466562906901043,2.8666666666666667
2013-08-26,13:22:51,5.266666666666667,19.599876403808594,3.4
2013-08-26,13:27:51,4.333333333333333,19.799880981445312,4.066666666666666
2013-08-26,13:32:51,5.2,18.53322347005208,3.533333333333333
2013-08-26,13:37:51,4.666666666666667,19.733212788899742,3.1333333333333333
2013-08-26,13:42:51,4.6,14.866574605305994,2.4
2013-08-26,13:57:51,4.6,14.866574605305994,2.4
2013-08-26,14:12:51,7.533333333333334,18.199920654296875,81.33333333333333
2013-08-26,14:17:51,7.2666666666666675,21.333249409993492,48.46666666666667
2013-08-26,14:22:51,5.2,17.46654510498047,14.733333333333333
2013-08-26,14:27:51,4.933333333333334,18.26657613118489,15.2
2013-08-26,14:32:51,5.2,18.266525268554688,2.466666666666667
2013-08-26,14:37:51,4.066666666666666,18.666547139485672,6.466666666666668
2013-08-26,14:42:51,5.2,18.99987538655599,10.133333333333333
2013-08-26,14:47:51,4.733333333333333,18.99988810221354,6.6
2013-08-26,14:52:51,5.133333333333334,18.066507975260418,14.533333333333333
2013-08-26,14:57:51,4.533333333333333,17.933247884114586,3.0
2013-08-26,15:02:51,6.666666666666666,17.333285013834633,10.066666666666666
2013-08-26,15:07:51,4.866666666666667,18.333231608072914,2.533333333333333
2013-08-26,15:12:51,4.0,18.933232625325523,2.8
2013-08-26,15:17:52,5.066666666666666,18.533198038736977,6.8
2013-08-26,15:22:52,4.666666666666667,15.866610209147133,10.4
2013-08-26,15:27:52,4.6,16.266581217447914,2.2666666666666666
2013-08-26,15:32:52,4.4,17.46655782063802,4.2
2013-08-26,15:37:52,4.666666666666667,18.533198038736977,12.533333333333333
2013-08-26,15:42:52,4.733333333333333,17.066561381022133,2.333333333333333
2013-08-26,15:47:52,4.0,18.26657613118489,3.066666666666667
2013-08-26,15:52:52,4.666666666666667,16.999893188476562,2.466666666666667
2013-08-26,15:57:52,4.533333333333333,15.866584777832033,6.333333333333332
2013-08-26,16:02:52,6.933333333333334,18.26653798421224,9.8
2013-08-26,16:07:52,4.733333333333333,17.39990234375,10.466666666666667
2013-08-26,16:12:51,4.533333333333333,17.79987335205078,6.4
2013-08-26,16:17:51,5.133333333333334,17.999954223632812,3.2
2013-08-26,16:22:51,4.066666666666666,18.39984893798828,2.7333333333333334
2013-08-26,16:27:51,4.733333333333333,17.9998779296875,2.8666666666666667
2013-08-26,16:32:51,4.466666666666667,18.066546122233074,2.466666666666667
2013-08-26,16:37:51,4.733333333333333,18.599853515625,3.2
2013-08-26,16:42:51,4.4,19.99988555908203,2.4
2013-08-26,16:47:51,4.333333333333333,21.399917602539062,2.933333333333333
2013-08-26,16:52:51,4.733333333333333,19.59991455078125,2.2666666666666666
2013-08-26,16:57:51,3.933333333333333,14.999961853027344,2.533333333333333
2013-08-26,17:02:51,7.066666666666666,18.799896240234375,9.6
2013-08-26,17:07:51,4.466666666666667,19.799880981445312,3.0
2013-08-26,17:12:51,4.6,16.399917602539062,2.533333333333333
2013-08-26,17:17:51,4.466666666666667,18.999862670898438,2.6
2013-08-26,17:22:51,4.466666666666667,17.266515096028645,2.2666666666666666
2013-08-26,17:27:51,4.866666666666667,17.93322245279948,2.533333333333333
2013-08-26,17:32:51,3.933333333333333,16.26661936442057,2.2666666666666666
2013-08-26,17:37:51,4.466666666666667,18.133227030436196,2.7333333333333334
2013-08-26,17:42:51,4.533333333333333,16.73323313395182,2.333333333333333
2013-08-26,17:47:52,4.866666666666667,17.799924214680992,2.8666666666666667
2013-08-26,17:52:52,4.4,17.93323516845703,2.6
2013-08-26,17:57:52,4.266666666666667,15.999921162923181,2.333333333333333
2013-08-26,18:02:52,6.866666666666666,19.199867248535156,9.933333333333334
2013-08-26,18:07:52,3.666666666666667,17.133255004882812,2.533333333333333
2013-08-26,18:12:52,4.733333333333333,17.866592407226562,2.333333333333333
2013-08-26,18:17:52,4.666666666666667,20.533231099446613,3.2
2013-08-26,18:22:52,5.0,19.733238220214844,2.933333333333333
2013-08-26,18:27:52,4.466666666666667,17.866554260253906,3.066666666666667
2013-08-26,18:32:52,4.266666666666667,18.46654256184896,2.466666666666667
2013-08-26,18:37:52,4.866666666666667,16.666552225748696,2.6666666666666665
2013-08-26,18:42:52,3.8,16.399930318196617,2.4
2013-08-26,18:47:52,4.733333333333333,16.666539510091148,2.466666666666667
2013-08-26,18:52:52,4.2,19.933242797851562,2.333333333333333
2013-08-26,18:57:52,4.8,16.666590372721352,2.2
2013-08-26,19:02:52,7.4,17.999903361002602,9.733333333333333
2013-08-26,19:07:52,4.333333333333333,18.79985809326172,2.533333333333333
2013-08-26,19:12:52,4.666666666666667,19.466578165690102,2.2
2013-08-26,19:17:52,4.066666666666666,19.399871826171875,2.8
2013-08-26,19:22:52,4.866666666666667,15.999946594238281,2.4
2013-08-26,19:27:52,4.266666666666667,17.666562398274742,2.466666666666667
2013-08-26,19:32:52,4.8,21.13324483235677,2.333333333333333
2013-08-26,19:37:52,4.133333333333333,18.19988250732422,2.333333333333333
2013-08-26,19:42:52,4.466666666666667,18.133214314778645,2.0
2013-08-26,19:47:52,4.466666666666667,20.79986572265625,2.466666666666667
2013-08-26,19:52:52,3.933333333333333,20.066553751627605,2.066666666666667
2013-08-26,19:57:52,4.733333333333333,17.39987691243489,2.4
2013-08-26,20:02:52,6.666666666666666,16.46661122639974,9.866666666666667
2013-08-26,20:07:52,4.6,17.733205159505207,2.8
2013-08-26,20:12:52,4.133333333333333,17.46657053629557,2.333333333333333
2013-08-26,20:17:52,4.533333333333333,20.933240254720047,2.533333333333333
2013-08-26,20:22:52,4.733333333333333,19.46654001871745,2.533333333333333
2013-08-26,20:27:52,4.066666666666666,18.86652628580729,2.1333333333333333
2013-08-26,20:32:52,4.666666666666667,21.86659495035807,2.333333333333333
2013-08-26,20:37:52,4.333333333333333,18.93319447835286,2.333333333333333
2013-08-26,20:42:52,4.466666666666667,20.799903869628906,2.066666666666667
2013-08-26,20:47:52,4.266666666666667,19.399871826171875,2.6
2013-08-26,20:52:52,4.2,17.79987335205078,2.2
2013-08-26,20:57:53,4.533333333333333,14.999961853027344,2.333333333333333
2013-08-26,21:02:53,6.133333333333334,18.79985809326172,9.733333333333333
2013-08-26,21:07:53,4.666666666666667,18.19988250732422,2.6666666666666665
2013-08-26,21:12:53,3.933333333333333,15.199928283691404,2.4
2013-08-26,21:17:53,4.666666666666667,19.199867248535156,2.6666666666666665
2013-08-26,21:22:53,4.4,18.199920654296875,2.533333333333333
2013-08-26,21:27:53,4.133333333333333,18.39984893798828,2.2
2013-08-26,21:32:53,4.733333333333333,18.599853515625,2.4
2013-08-26,21:37:53,3.8,18.399925231933594,2.533333333333333
2013-08-26,21:42:53,5.0,17.79987335205078,2.466666666666667
2013-08-26,21:47:53,4.2,19.599838256835938,2.7333333333333334
2013-08-26,21:52:53,4.533333333333333,17.533213297526043,2.2666666666666666
2013-08-26,21:57:53,4.4,20.266583760579426,2.2
2013-08-26,22:02:53,6.6,22.866528828938797,9.866666666666667
2013-08-26,22:07:53,4.733333333333333,18.39984893798828,3.0
2013-08-26,22:12:53,3.8,17.666549682617188,2.2
2013-08-26,22:17:53,5.066666666666666,22.266565958658852,2.7333333333333334
2013-08-26,22:22:53,4.133333333333333,19.599876403808594,2.8
2013-08-26,22:27:53,4.466666666666667,18.53322347005208,2.466666666666667
2013-08-26,22:32:53,4.4,21.666577657063797,2.533333333333333
2013-08-26,22:37:53,4.466666666666667,18.266525268554688,2.8
2013-08-26,22:42:53,4.666666666666667,15.666605631510414,2.7333333333333334
2013-08-26,22:47:53,4.066666666666666,18.466567993164062,3.2666666666666666
2013-08-26,22:52:53,4.933333333333334,16.333274841308594,2.8
2013-08-26,22:57:53,4.266666666666667,18.533185323079426,2.1333333333333333
2013-08-26,23:02:53,6.666666666666666,15.466588338216145,10.133333333333333
2013-08-26,23:07:53,4.4,15.533231099446617,2.533333333333333
2013-08-26,23:12:53,4.266666666666667,17.46654510498047,2.8
2013-08-26,23:17:53,4.733333333333333,20.26655832926432,2.8
2013-08-26,23:22:53,4.066666666666666,18.133201599121094,2.466666666666667
2013-08-26,23:27:53,4.733333333333333,17.999928792317704,2.8666666666666667
2013-08-26,23:32:53,4.266666666666667,16.199925740559895,2.466666666666667
2013-08-26,23:37:53,4.533333333333333,17.39987691243489,3.066666666666667
2013-08-26,23:42:54,4.533333333333333,20.866572062174477,2.533333333333333
2013-08-26,23:47:54,4.266666666666667,19.733212788899742,2.4
2013-08-26,23:52:54,4.6,16.799863179524742,2.7333333333333334
2013-08-26,23:57:54,3.933333333333333,16.733245849609375,2.7333333333333334
2013-08-27,00:02:54,7.133333333333334,16.46656036376953,10.333333333333334
2013-08-27,00:07:54,4.0,16.33326212565104,2.6
2013-08-27,00:12:54,4.266666666666667,15.86657206217448,2.8
2013-08-27,00:17:54,4.666666666666667,18.533248901367188,2.7333333333333334
2013-08-27,00:22:54,4.266666666666667,17.93320973714193,2.6
2013-08-27,00:27:54,4.733333333333333,16.13325754801432,2.933333333333333
2013-08-27,00:32:54,3.933333333333333,15.666592915852865,2.6
2013-08-27,00:37:54,4.666666666666667,18.66652170817057,2.8666666666666667
2013-08-27,00:42:54,4.2,19.333203633626304,2.6666666666666665
2013-08-27,00:47:54,4.533333333333333,20.533231099446613,2.8
2013-08-27,00:52:54,4.533333333333333,18.26655069986979,2.6666666666666665
2013-08-27,00:57:54,4.133333333333333,16.13325754801432,2.6
2013-08-27,01:02:54,7.0,18.7332280476888,9.8
2013-08-27,01:07:54,3.8666666666666663,18.19988250732422,2.8666666666666667
2013-08-27,01:12:54,4.866666666666667,19.06658172607422,2.8666666666666667
2013-08-27,01:17:54,4.4,18.66652170817057,2.8
2013-08-27,01:22:54,4.866666666666667,18.599891662597656,2.4
2013-08-27,01:27:54,4.666666666666667,18.999900817871094,4.6
2013-08-27,01:32:54,5.333333333333334,18.799896240234375,6.333333333333332
2013-08-27,01:37:54,5.6,17.19989776611328,8.666666666666666
2013-08-27,01:42:54,4.866666666666667,18.599891662597656,12.6
2013-08-27,01:47:54,5.0,17.59990692138672,2.7333333333333334
2013-08-27,01:52:54,4.066666666666666,18.06652069091797,2.333333333333333
2013-08-27,01:57:54,4.733333333333333,19.533246358235672,3.333333333333333
2013-08-27,02:02:54,6.866666666666666,16.533241271972656,10.8
2013-08-27,02:07:54,4.2,18.999900817871094,2.933333333333333
2013-08-27,02:12:54,4.6,16.999893188476562,2.466666666666667
2013-08-27,02:17:54,4.066666666666666,19.733212788899742,2.6666666666666665
2013-08-27,02:22:54,4.933333333333334,18.19988250732422,2.533333333333333
2013-08-27,02:27:54,4.066666666666666,17.333196004231773,2.333333333333333
2013-08-27,02:32:54,4.6,18.733240763346352,2.333333333333333
2013-08-27,02:37:54,4.2,18.533185323079426,2.4
2013-08-27,02:42:54,4.333333333333333,18.39984893798828,2.2666666666666666
2013-08-27,02:47:54,4.666666666666667,18.73321533203125,2.8666666666666667
2013-08-27,02:52:54,3.933333333333333,19.399897257486977,2.466666666666667
2013-08-27,02:57:54,4.866666666666667,18.999862670898438,2.533333333333333
2013-08-27,03:02:54,6.333333333333334,17.733205159505207,10.4
2013-08-27,03:07:54,6.333333333333334,35.73322296142578,2.8
2013-08-27,03:12:54,4.466666666666667,27.46657053629557,3.733333333333333
2013-08-27,03:17:54,4.666666666666667,19.799880981445312,4.133333333333334
2013-08-27,03:22:54,4.866666666666667,17.46657053629557,3.0
2013-08-27,03:27:54,4.0,17.866579691569008,2.8666666666666667
2013-08-27,03:32:54,5.4,17.666575113932293,3.8
2013-08-27,03:37:54,4.4,18.13323974609375,5.266666666666667
2013-08-27,03:42:54,5.266666666666667,16.53325398763021,4.866666666666666
2013-08-27,03:47:54,5.0,18.06657155354818,5.466666666666668
2013-08-27,03:52:54,4.8,23.33329518636068,4.8
2013-08-27,03:57:54,5.133333333333334,18.733189900716148,4.666666666666667
2013-08-27,04:02:54,6.8,18.999900817871094,11.866666666666667
2013-08-27,04:07:54,5.533333333333334,17.533238728841148,4.666666666666667
2013-08-27,04:12:54,4.466666666666667,16.199925740559895,5.333333333333333
2013-08-27,04:17:54,5.533333333333334,17.33325958251953,5.6
2013-08-27,04:22:54,4.933333333333334,21.733220418294273,5.133333333333334
2013-08-27,04:27:54,4.8,18.13317616780599,5.266666666666667
2013-08-27,04:32:55,5.4,17.733205159505207,4.333333333333333
2013-08-27,04:37:55,4.466666666666667,16.59992218017578,6.133333333333334
2013-08-27,04:42:55,5.533333333333334,18.333218892415367,4.533333333333333
2013-08-27,04:47:55,4.4,18.466517130533855,4.4
2013-08-27,04:52:55,5.2,20.133221944173176,6.066666666666666
2013-08-27,04:57:55,4.466666666666667,18.33318074544271,3.066666666666667
2013-08-27,05:02:55,16.0,21.999893188476562,100.0
2013-08-27,05:07:55,5.0,24.39990997314453,4.266666666666667
2013-08-27,05:12:55,4.2,20.19989013671875,3.333333333333333
2013-08-27,05:17:55,5.7333333333333325,18.599853515625,4.4
2013-08-27,05:22:55,4.4,19.799880981445312,4.466666666666667
2013-08-27,05:27:55,5.2,20.19989013671875,4.666666666666667
2013-08-27,05:32:55,4.533333333333333,18.999862670898438,3.533333333333333
2013-08-27,05:37:55,4.533333333333333,16.46661122639974,3.2666666666666666
2013-08-27,05:42:55,4.733333333333333,20.19989013671875,2.933333333333333
2013-08-27,05:47:55,4.2,17.399864196777344,3.4
2013-08-27,05:52:55,5.266666666666667,17.799911499023438,2.8666666666666667
2013-08-27,05:57:55,4.133333333333333,17.266578674316406,3.466666666666667
2013-08-27,06:02:55,7.133333333333334,19.599876403808594,10.666666666666666
2013-08-27,06:07:55,4.6,18.999862670898438,3.2
2013-08-27,06:12:55,4.266666666666667,16.533292134602863,3.466666666666667
2013-08-27,06:17:55,5.0,21.199913024902344,3.533333333333333
2013-08-27,06:22:56,4.333333333333333,20.19989013671875,3.4
2013-08-27,06:27:56,5.2,16.799888610839844,3.1333333333333333
2013-08-27,06:32:56,4.2,19.199867248535156,3.4
2013-08-27,06:37:56,4.666666666666667,17.999903361002602,3.2
2013-08-27,06:42:56,4.6,19.466578165690102,3.2666666666666666
2013-08-27,06:47:56,4.6,18.466555277506508,3.6666666666666665
2013-08-27,06:52:56,5.0,18.79985809326172,4.0
2013-08-27,06:57:56,3.6,16.866556803385414,2.533333333333333
2013-08-27,07:02:56,7.4,15.466601053873699,10.266666666666667
2013-08-27,07:07:56,3.933333333333333,17.13319142659505,3.2
2013-08-27,07:12:56,4.866666666666667,14.866574605305994,2.933333333333333
2013-08-27,07:17:56,4.466666666666667,16.733245849609375,3.066666666666667
2013-08-27,07:22:56,4.533333333333333,16.533266703287758,3.4
2013-08-27,07:27:56,4.8,16.533279418945312,2.7333333333333334
2013-08-27,07:32:56,3.933333333333333,14.999898274739587,2.933333333333333
2013-08-27,07:37:56,5.2,17.599894205729164,2.933333333333333
2013-08-27,07:42:56,3.933333333333333,19.59991455078125,2.933333333333333
2013-08-27,07:47:56,4.866666666666667,20.466562906901043,3.466666666666667
2013-08-27,07:52:56,4.266666666666667,18.999862670898438,3.0
2013-08-27,07:57:56,4.4,16.33326212565104,2.6666666666666665
2013-08-27,08:02:56,6.933333333333334,19.466552734375,9.533333333333333
2013-08-27,08:07:56,3.933333333333333,17.933184305826824,2.2666666666666666
2013-08-27,08:12:56,5.0,18.999900817871094,2.333333333333333
2013-08-27,08:17:56,4.066666666666666,19.733212788899742,2.6666666666666665
2013-08-27,08:22:56,4.8,18.599891662597656,2.7333333333333334
2013-08-27,08:27:56,4.2,17.13324228922526,2.1333333333333333
2013-08-27,08:32:56,4.333333333333333,17.199885050455727,2.533333333333333
2013-08-27,08:37:56,4.733333333333333,17.799924214680992,2.466666666666667
2013-08-27,08:42:56,3.933333333333333,14.866625467936196,2.6666666666666665
2013-08-27,08:47:56,5.0,17.266565958658855,2.7333333333333334
2013-08-27,08:52:56,4.066666666666666,20.39989471435547,2.4
2013-08-27,08:57:57,4.6,19.53320821126302,2.2666666666666666
2013-08-27,09:02:57,6.533333333333334,18.79985809326172,9.8
2013-08-27,09:07:57,4.466666666666667,19.333203633626304,2.2
2013-08-27,09:12:57,4.466666666666667,17.599868774414062,2.6666666666666665
2013-08-27,09:17:57,4.2,22.133191426595054,2.0
2013-08-27,09:22:57,5.333333333333334,21.933250427246094,2.6
2013-08-27,09:27:57,4.066666666666666,20.59986114501953,2.333333333333333
2013-08-27,09:32:57,4.466666666666667,16.799888610839844,2.466666666666667
2013-08-27,09:37:57,4.466666666666667,17.39990234375,2.333333333333333
2013-08-27,09:42:57,4.266666666666667,17.999916076660156,2.1333333333333333
2013-08-27,09:47:57,4.6,16.666577657063804,2.333333333333333
2013-08-27,09:52:57,3.733333333333333,21.59992218017578,2.333333333333333
2013-08-27,09:57:57,5.0,17.79987335205078,2.2666666666666666
2013-08-27,10:02:57,6.2,19.599876403808594,10.0
2013-08-27,10:07:57,4.466666666666667,17.599868774414062,2.533333333333333
2013-08-27,10:12:57,4.6,18.79985809326172,2.466666666666667
2013-08-27,10:17:57,4.4,18.19988250732422,2.533333333333333
2013-08-27,10:22:57,4.933333333333334,19.599838256835938,2.533333333333333
2013-08-27,10:27:57,3.8666666666666663,19.199867248535156,2.533333333333333
2013-08-27,10:32:56,5.133333333333334,16.199951171875,2.8
2013-08-27,10:37:56,3.933333333333333,14.999885559082033,2.4
2013-08-27,10:42:56,4.8,15.999908447265627,3.1333333333333333
2013-08-27,10:47:56,4.4,18.999900817871094,2.466666666666667
2013-08-27,10:52:56,4.4,19.46654001871745,2.2
2013-08-27,10:57:57,4.8,19.599876403808594,2.4
2013-08-27,11:02:57,6.2666666666666675,18.999862670898438,9.666666666666666
2013-08-27,11:07:57,5.133333333333334,19.266535441080727,2.466666666666667
2013-08-27,11:12:57,3.8,17.19989776611328,2.533333333333333
2013-08-27,11:17:57,5.0,18.066546122233074,2.4
2013-08-27,11:22:57,4.533333333333333,19.666544596354164,3.0
2013-08-27,11:27:57,4.466666666666667,18.333206176757812,2.333333333333333
2013-08-27,11:32:57,4.866666666666667,16.466585795084633,3.0
2013-08-27,11:37:57,4.133333333333333,15.733273824055994,2.8666666666666667
2013-08-27,11:42:57,5.2,17.866554260253906,2.6666666666666665
2013-08-27,11:47:57,4.0,19.06653086344401,2.6666666666666665
2013-08-27,11:52:57,4.933333333333334,15.399932861328125,3.333333333333333
2013-08-27,11:57:57,4.6,18.533248901367188,3.0
2013-08-27,12:02:57,6.7333333333333325,18.199895222981773,10.133333333333333
2013-08-27,12:07:57,5.066666666666666,19.66655731201172,2.933333333333333
2013-08-27,12:12:57,4.2,19.133224487304688,2.533333333333333
2013-08-27,12:17:57,5.466666666666666,17.933260599772133,4.066666666666666
2013-08-27,12:22:57,4.2,19.266535441080727,2.6666666666666665
2013-08-27,12:27:57,4.733333333333333,17.666536966959637,2.6666666666666665
2013-08-27,12:32:57,4.466666666666667,17.933197021484375,2.8
2013-08-27,12:37:57,4.333333333333333,20.79986572265625,2.8
2013-08-27,12:42:57,5.0,16.933224995930992,2.8666666666666667
2013-08-27,12:47:57,4.0,20.133221944173176,3.933333333333333
2013-08-27,12:52:57,5.466666666666666,18.599866231282554,3.4
2013-08-27,12:57:57,4.266666666666667,17.133255004882812,3.2666666666666666
2013-08-27,13:02:57,7.066666666666666,19.399871826171875,10.266666666666667
2013-08-27,13:07:57,4.4,18.26655069986979,2.533333333333333
2013-08-27,13:12:57,4.4,15.333277384440105,2.6
2013-08-27,13:17:57,4.933333333333334,17.866579691569008,2.7333333333333334
2013-08-27,13:22:57,4.0,16.666615804036457,2.466666666666667
2013-08-27,13:27:57,5.133333333333334,19.399871826171875,2.2
2013-08-27,13:32:57,4.0,20.399932861328125,2.6666666666666665
2013-08-27,13:37:57,4.8,19.266535441080727,2.8
2013-08-27,13:42:57,4.333333333333333,19.933255513509117,2.8666666666666667
2013-08-27,13:47:57,4.466666666666667,19.866549173990883,3.0
2013-08-27,13:52:57,4.8,18.266525268554688,2.6
2013-08-27,13:57:57,3.933333333333333,16.733245849609375,2.533333333333333
2013-08-27,14:02:57,7.066666666666666,16.399917602539062,9.6
2013-08-27,14:07:57,4.066666666666666,18.733266194661457,2.4
2013-08-27,14:12:57,4.8,19.73322550455729,2.933333333333333
2013-08-27,14:17:58,4.533333333333333,16.999893188476562,2.6666666666666665
2013-08-27,14:22:58,4.666666666666667,18.39984893798828,2.7333333333333334
2013-08-27,14:27:58,4.8,16.999893188476562,2.533333333333333
2013-08-27,14:32:58,3.8666666666666663,18.333206176757812,2.466666666666667
2013-08-27,14:37:58,5.2,16.199951171875,2.8666666666666667
2013-08-27,14:42:58,3.933333333333333,18.39984893798828,2.4
2013-08-27,14:47:58,4.866666666666667,17.9998779296875,2.4
2013-08-27,14:52:58,4.266666666666667,15.999908447265627,2.4
2013-08-27,14:57:58,4.333333333333333,16.866556803385414,2.6666666666666665
2013-08-27,15:02:58,7.133333333333334,17.799835205078125,10.333333333333334
2013-08-27,15:07:58,4.466666666666667,17.93323516845703,3.1333333333333333
2013-08-27,15:12:58,5.2,20.599899291992188,2.6666666666666665
2013-08-27,15:17:58,4.466666666666667,16.199913024902344,2.933333333333333
2013-08-27,15:22:58,4.933333333333334,16.866594950358074,3.733333333333333
2013-08-27,15:27:58,4.4,15.999870300292967,4.0
2013-08-27,15:32:58,4.466666666666667,15.399894714355469,3.2
2013-08-27,15:37:58,4.6,18.599891662597656,2.466666666666667
2013-08-27,15:42:58,4.066666666666666,22.59990692138672,2.7333333333333334
2013-08-27,15:47:58,5.066666666666666,19.799880981445312,2.6666666666666665
2013-08-27,15:52:58,4.133333333333333,18.599853515625,3.4
2013-08-27,15:57:58,4.733333333333333,18.066533406575523,2.6666666666666665
2013-08-27,16:02:58,6.666666666666666,19.733212788899742,10.2
2013-08-27,16:07:58,4.4,17.333221435546875,2.7333333333333334
2013-08-27,16:12:58,5.0,17.26659138997396,2.933333333333333
2013-08-27,16:17:58,4.2,20.466575622558594,2.533333333333333
2013-08-27,16:22:58,5.266666666666667,18.199869791666668,2.8666666666666667
2013-08-27,16:27:58,4.066666666666666,17.533238728841148,2.466666666666667
2013-08-27,16:32:58,4.666666666666667,17.13324228922526,2.6
2013-08-27,16:37:58,4.266666666666667,18.999900817871094,2.533333333333333
2013-08-27,16:42:58,4.466666666666667,18.733189900716148,2.7333333333333334
2013-08-27,16:47:58,4.866666666666667,17.733230590820312,2.7333333333333334
2013-08-27,16:52:58,4.133333333333333,16.33326212565104,3.2
2013-08-27,16:57:58,5.066666666666666,16.933250427246094,3.1333333333333333
2013-08-27,17:02:58,7.866666666666666,23.733278910319015,10.2
2013-08-27,17:07:58,4.866666666666667,33.19993336995443,2.6666666666666665
2013-08-27,17:17:58,4.8,20.19989013671875,2.6666666666666665
2013-08-27,17:22:58,5.0,18.599891662597656,2.533333333333333
2013-08-27,17:27:58,4.2,15.666592915852865,2.2666666666666666
2013-08-27,17:32:58,5.133333333333334,19.133211771647133,2.7333333333333334
2013-08-27,17:37:59,4.0,19.19987996419271,2.466666666666667
2013-08-27,17:42:59,5.0,19.999910990397133,3.2
2013-08-27,17:47:59,4.333333333333333,17.666549682617188,2.6666666666666665
2013-08-27,17:52:59,4.4,17.666600545247398,2.8666666666666667
2013-08-27,17:57:59,4.866666666666667,17.666575113932293,2.333333333333333
2013-08-27,18:02:59,6.4,18.066558837890625,10.866666666666667
2013-08-27,18:07:59,5.066666666666666,16.666552225748696,2.4
2013-08-27,18:12:59,4.2,17.33320871988932,2.4
2013-08-27,18:17:59,5.333333333333334,18.799883524576824,2.7333333333333334
2013-08-27,18:22:59,4.466666666666667,19.06653086344401,2.466666666666667
2013-08-27,18:27:59,4.266666666666667,18.133214314778645,2.1333333333333333
2013-08-27,18:32:59,4.6,18.199857076009117,2.2
2013-08-27,18:37:59,3.8666666666666663,18.46654256184896,2.466666666666667
2013-08-27,18:42:59,5.066666666666666,16.33324940999349,2.8
2013-08-27,18:47:59,4.066666666666666,17.933260599772133,2.8666666666666667
2013-08-27,18:52:59,4.733333333333333,16.266568501790367,2.7333333333333334
2013-08-27,18:57:59,4.4,17.266565958658855,2.4
2013-08-27,19:02:59,6.8,17.333272298177082,9.6
2013-08-27,19:07:59,4.733333333333333,16.26661936442057,2.4
2013-08-27,19:12:59,3.933333333333333,15.399932861328125,2.4
2013-08-27,19:17:59,5.266666666666667,15.399932861328125,2.466666666666667
2013-08-27,19:22:59,4.133333333333333,17.46655782063802,2.7333333333333334
2013-08-27,19:27:59,4.6,20.39989471435547,3.0
2013-08-27,19:32:59,4.2,16.7999267578125,2.8666666666666667
2013-08-27,19:37:59,4.2,17.39990234375,2.4
2013-08-27,19:42:59,4.866666666666667,17.39990234375,2.466666666666667
2013-08-27,19:47:59,3.666666666666667,17.066548665364586,2.466666666666667
2013-08-27,19:52:59,5.0,18.599891662597656,2.6
2013-08-27,19:57:59,3.733333333333333,18.79985809326172,2.2666666666666666
2013-08-27,20:02:59,6.866666666666666,16.799888610839844,9.666666666666666
2013-08-27,20:07:59,4.2,19.59991455078125,2.466666666666667
2013-08-27,20:12:59,4.2,17.133229573567707,2.2
2013-08-27,20:17:59,4.8,21.999893188476562,2.4
2013-08-27,20:22:59,4.066666666666666,17.066574096679688,2.466666666666667
2013-08-27,20:27:59,4.933333333333334,19.199905395507812,2.466666666666667
2013-08-27,20:32:59,3.8,19.06653086344401,2.6
2013-08-27,20:37:59,4.6,18.399874369303383,2.6666666666666665
2013-08-27,20:42:59,4.2,17.066561381022133,2.066666666666667
2013-08-27,20:47:59,4.466666666666667,16.999918619791668,2.4
2013-08-27,20:52:59,4.466666666666667,19.066569010416668,2.2
2013-08-27,20:57:59,4.066666666666666,18.46661885579427,2.333333333333333
2013-08-27,21:02:59,7.2857142857142865,18.214212145124165,10.214285714285714
2013-08-27,21:07:59,4.0,17.39988962809245,2.6
2013-08-27,21:12:59,4.733333333333333,18.199857076009117,2.8
2013-08-27,21:17:59,4.466666666666667,22.066599527994796,2.2666666666666666
2013-08-27,21:22:59,4.4,20.39989471435547,2.4
2013-08-27,21:27:59,4.6,19.266535441080727,2.2666666666666666
2013-08-27,21:32:59,4.133333333333333,19.333203633626304,2.6
2013-08-27,21:37:59,4.733333333333333,19.266535441080727,2.4
2013-08-27,21:42:59,3.933333333333333,15.999908447265627,2.533333333333333
2013-08-27,21:47:59,4.666666666666667,17.666587829589844,2.533333333333333
2013-08-27,21:53:00,4.4,17.13324228922526,2.4
2013-08-27,21:58:00,4.066666666666666,16.7999267578125,2.2
2013-08-27,22:03:00,7.0,18.466555277506508,9.8
2013-08-27,22:08:00,4.333333333333333,18.599866231282554,2.7333333333333334
2013-08-27,22:13:00,4.866666666666667,15.466639200846352,2.933333333333333
2013-08-27,22:18:00,4.2,19.86657460530599,2.6666666666666665
2013-08-27,22:23:00,4.8,17.5332514444987,2.8666666666666667
2013-08-27,22:28:00,4.266666666666667,16.13328297932943,2.466666666666667
2013-08-27,22:33:00,4.2,16.199862162272133,2.466666666666667
2013-08-27,22:38:00,4.6,18.533236185709637,2.6
2013-08-27,22:43:00,4.2,18.333282470703125,2.4
2013-08-27,22:48:00,4.733333333333333,15.999959309895836,3.2
2013-08-27,22:53:00,4.0,17.39985148111979,2.8666666666666667
2013-08-27,22:58:00,4.6,17.333234151204426,2.333333333333333
2013-08-27,23:03:00,6.666666666666666,18.799870808919266,10.133333333333333
2013-08-27,23:08:00,4.266666666666667,19.933268229166668,3.066666666666667
2013-08-27,23:13:00,4.866666666666667,17.066574096679688,2.533333333333333
2013-08-27,23:18:00,4.4,20.39989471435547,2.6666666666666665
2013-08-27,23:23:00,4.8,17.9998779296875,3.0
2013-08-27,23:28:00,3.8571428571428568,18.57139042445592,2.2142857142857144
2013-08-27,23:33:00,4.733333333333333,18.399887084960938,2.533333333333333
2013-08-27,23:38:00,4.2,18.19988250732422,2.7333333333333334
2013-08-27,23:43:00,4.266666666666667,15.999908447265627,2.7333333333333334
2013-08-27,23:48:00,4.8,16.999893188476562,2.933333333333333
2013-08-27,23:53:00,4.266666666666667,17.399864196777344,2.8
2013-08-27,23:58:00,4.8,14.599952697753906,2.6
2013-08-28,00:03:00,6.2,15.066553751627602,10.266666666666667
2013-08-28,00:08:00,4.8,18.866602579752602,2.4
2013-08-28,00:13:00,4.066666666666666,18.399887084960938,2.7333333333333334
2013-08-28,00:18:00,4.6,19.199905395507812,2.933333333333333
2013-08-28,00:23:01,4.571428571428573,16.35702678135463,2.4285714285714284
2013-08-28,00:28:01,4.0,19.13323720296224,2.7333333333333334
2013-08-28,00:33:01,5.2,17.599868774414062,3.2
2013-08-28,00:38:01,3.8666666666666663,18.79993438720703,2.8666666666666667
2013-08-28,00:48:01,4.133333333333333,15.933240254720053,2.8
2013-08-28,00:53:01,4.4,18.466517130533855,2.8
2013-08-28,00:58:01,4.6,19.666544596354164,2.1333333333333333
2013-08-28,01:03:01,6.2666666666666675,17.799898783365887,10.066666666666666
2013-08-28,01:08:01,4.933333333333334,21.666590372721352,2.7333333333333334
2013-08-28,01:13:01,4.0,16.666539510091148,2.6666666666666665
2013-08-28,01:18:01,4.866666666666667,18.13318888346354,2.7333333333333334
2013-08-28,01:23:01,4.333333333333333,19.46654001871745,2.7333333333333334
2013-08-28,01:28:01,4.866666666666667,19.666570027669266,6.333333333333332
2013-08-28,01:33:01,5.333333333333334,20.39989471435547,4.866666666666666
2013-08-28,01:38:01,4.266666666666667,19.866549173990883,7.4
2013-08-28,01:43:01,5.7333333333333325,17.79987335205078,10.666666666666666
2013-08-28,01:48:01,3.933333333333333,16.399917602539062,2.6
2013-08-28,01:53:01,4.666666666666667,16.399917602539062,2.2666666666666666
2013-08-28,01:58:01,4.133333333333333,17.39990234375,2.533333333333333
2013-08-28,02:03:01,6.857142857142858,19.28558349609375,10.785714285714288
2013-08-28,02:08:01,4.466666666666667,19.333203633626304,3.0
2013-08-28,02:13:01,4.071428571428572,18.714141845703125,2.357142857142857
2013-08-28,02:18:01,4.666666666666667,17.999839782714844,2.533333333333333
2013-08-28,02:23:01,4.266666666666667,20.599899291992188,2.533333333333333
2013-08-28,02:28:01,4.666666666666667,19.399871826171875,2.066666666666667
2013-08-28,02:33:01,4.133333333333333,19.933217366536454,3.6666666666666665
2013-08-28,02:38:01,4.533333333333333,18.399874369303383,2.6
2013-08-28,02:43:01,4.333333333333333,15.999908447265627,2.2666666666666666
2013-08-28,02:48:01,4.066666666666666,15.399932861328125,2.6
2013-08-28,02:53:01,5.2,15.199928283691404,2.466666666666667
2013-08-28,02:58:01,3.933333333333333,17.133229573567707,2.333333333333333
2013-08-28,03:03:01,7.066666666666666,18.399887084960938,10.333333333333334
2013-08-28,03:08:01,4.133333333333333,20.599899291992188,3.466666666666667
2013-08-28,03:13:01,4.2,18.466555277506508,2.8
2013-08-28,03:18:01,5.2,23.599929809570312,4.0
2013-08-28,03:23:01,4.733333333333333,17.46657053629557,3.733333333333333
2013-08-28,03:28:01,5.285714285714286,17.28559221540179,4.571428571428571
2013-08-28,03:33:02,4.533333333333333,16.066614786783852,5.0
2013-08-28,03:38:02,5.071428571428573,18.78561292375837,4.642857142857143
2013-08-28,03:43:02,4.866666666666667,19.466552734375,4.6
2013-08-28,03:48:02,5.0,21.266581217447914,4.733333333333333
2013-08-28,03:53:02,4.933333333333334,17.733205159505207,4.933333333333334
2013-08-28,03:58:02,4.8,18.533236185709637,5.466666666666668
2013-08-28,04:03:02,7.533333333333334,19.53327178955078,12.933333333333335
2013-08-28,04:08:02,4.733333333333333,18.866539001464844,4.733333333333333
2013-08-28,04:13:02,4.8,15.866610209147133,4.4
2013-08-28,04:18:02,4.533333333333333,19.93323008219401,4.666666666666667
2013-08-28,04:23:02,5.0,17.99989064534505,4.266666666666667
2013-08-28,04:28:02,4.4,15.666592915852865,3.933333333333333
2013-08-28,04:33:02,4.866666666666667,15.733235677083332,4.266666666666667
2013-08-28,04:38:02,5.266666666666667,18.533236185709637,5.866666666666666
2013-08-28,04:43:02,4.733333333333333,18.19988250732422,5.333333333333333
2013-08-28,04:48:02,5.266666666666667,16.59992218017578,5.266666666666667
2013-08-28,04:53:02,4.466666666666667,16.733245849609375,5.2
2013-08-28,04:58:02,5.0,16.142736162458146,4.642857142857143
2013-08-28,05:03:02,16.4,22.39990234375,100.0
2013-08-28,05:08:02,4.333333333333333,24.266560872395836,5.066666666666666
2013-08-28,05:13:02,5.266666666666667,19.599876403808594,6.2666666666666675
2013-08-28,05:18:02,4.785714285714286,20.214176177978516,3.5
2013-08-28,05:23:02,4.785714285714286,18.071269989013672,3.4285714285714284
2013-08-28,05:28:02,4.2,18.999862670898438,4.266666666666667
2013-08-28,05:33:02,4.6,21.199913024902344,3.533333333333333
2013-08-28,05:38:02,4.533333333333333,17.79987335205078,3.533333333333333
2013-08-28,05:43:02,4.666666666666667,16.599884033203125,3.0
2013-08-28,05:48:02,5.2,18.866564432779946,3.2666666666666666
2013-08-28,05:53:02,4.285714285714286,20.214176177978516,3.3571428571428568
2013-08-28,05:58:02,4.6428571428571415,17.642688751220703,2.571428571428572
2013-08-28,06:03:02,6.6,17.999916076660156,10.933333333333335
2013-08-28,06:08:02,4.533333333333333,17.46655782063802,3.2666666666666666
2013-08-28,06:13:02,4.6,17.39990234375,3.2
2013-08-28,06:18:02,4.733333333333333,19.39990997314453,2.933333333333333
2013-08-28,06:23:02,6.7142857142857135,34.142766680036274,3.6428571428571432
2013-08-28,06:28:02,4.214285714285714,25.214208875383648,3.4285714285714284
2013-08-28,06:33:02,4.933333333333334,21.399917602539062,3.1333333333333333
2013-08-28,06:38:02,4.133333333333333,17.866541544596352,3.466666666666667
2013-08-28,06:43:02,4.8571428571428585,19.28558349609375,3.1428571428571432
2013-08-28,06:48:02,4.6,17.733192443847656,3.8
2013-08-28,06:53:02,4.733333333333333,17.066548665364586,3.533333333333333
2013-08-28,06:58:02,4.8,18.133201599121094,3.6666666666666665
2013-08-28,07:03:02,6.6,19.26654815673828,10.8
2013-08-28,07:08:02,4.6428571428571415,18.57128143310547,3.5
2013-08-28,07:13:02,4.4,16.066563924153645,4.066666666666666
2013-08-28,07:18:02,5.6,18.999862670898438,3.2222222222222223
2013-08-28,07:23:02,4.6,16.599896748860676,2.933333333333333
2013-08-28,07:28:02,4.066666666666666,16.199951171875,2.6666666666666665
2013-08-28,07:33:02,4.666666666666667,17.066574096679688,2.7333333333333334
2013-08-28,07:38:03,3.6,17.39987691243489,2.2666666666666666
2013-08-28,07:43:03,4.866666666666667,18.533236185709637,2.2666666666666666
2013-08-28,07:48:03,3.933333333333333,20.866546630859375,2.6
2013-08-28,07:53:03,4.4,18.733189900716148,2.333333333333333
2013-08-28,07:58:03,4.266666666666667,17.066574096679688,2.8
2013-08-28,08:03:03,6.4,16.99993133544922,9.533333333333333
2013-08-28,08:08:03,4.733333333333333,20.39992014567057,2.466666666666667
2013-08-28,08:13:03,3.8,17.266616821289062,2.4
2013-08-28,08:18:03,5.0,20.333226521809898,2.4
2013-08-28,08:23:03,3.733333333333333,16.999855041503906,2.4
2013-08-28,08:28:03,4.466666666666667,17.9998779296875,2.2
2013-08-28,08:33:03,4.133333333333333,16.999893188476562,2.2666666666666666
2013-08-28,08:38:03,4.133333333333333,16.399917602539062,2.466666666666667
2013-08-28,08:43:03,4.4,16.7999267578125,2.333333333333333
2013-08-28,08:48:03,3.6,17.19989776611328,2.466666666666667
2013-08-28,08:53:03,4.933333333333334,15.199928283691404,2.466666666666667
2013-08-28,08:58:03,3.6,18.399925231933594,2.2666666666666666
2013-08-28,09:03:03,6.666666666666666,19.799880981445312,9.666666666666666
2013-08-28,09:08:03,4.066666666666666,18.79985809326172,2.6
2013-08-28,09:13:03,4.133333333333333,15.599937438964846,2.4
2013-08-28,09:18:03,4.6,19.39990997314453,2.4
2013-08-28,09:23:03,3.733333333333333,20.39989471435547,2.466666666666667
2013-08-28,09:28:03,4.8,18.799896240234375,2.2666666666666666
2013-08-28,09:33:03,3.666666666666667,18.866539001464844,2.7333333333333334
2013-08-28,09:38:03,4.466666666666667,20.133221944173176,2.4
2013-08-28,09:43:03,3.933333333333333,14.066569010416663,2.2666666666666666
2013-08-28,09:48:03,4.2,14.266573588053383,2.7333333333333334
2013-08-28,09:53:03,4.466666666666667,14.86658732096354,2.333333333333333
2013-08-28,09:58:03,3.733333333333333,16.599934895833332,2.4
2013-08-28,10:03:03,7.0,17.866566975911457,9.333333333333334
2013-08-28,10:08:03,3.6,18.466580708821613,2.2
2013-08-28,10:13:03,4.4,15.599873860677082,2.466666666666667
2013-08-28,10:18:03,4.2,18.066507975260418,2.466666666666667
2013-08-28,10:23:03,4.333333333333333,15.999908447265627,3.6
2013-08-28,10:28:03,4.466666666666667,17.93320973714193,2.466666666666667
2013-08-28,10:33:03,3.8666666666666663,19.599901835123696,3.333333333333333
2013-08-28,10:38:03,4.866666666666667,15.533205668131508,2.333333333333333
2013-08-28,10:43:03,3.933333333333333,18.199844360351562,2.2
2013-08-28,10:48:03,4.533333333333333,19.599876403808594,2.6666666666666665
2013-08-28,10:53:03,4.2,18.999862670898438,2.6666666666666665
2013-08-28,10:58:04,4.133333333333333,16.599909464518227,2.1333333333333333
2013-08-28,11:03:04,6.7333333333333325,18.266525268554688,9.866666666666667
2013-08-28,11:08:04,3.6,20.799942016601562,2.6
2013-08-28,11:13:04,4.933333333333334,18.266525268554688,2.533333333333333
2013-08-28,11:18:04,3.8,20.53325653076172,2.533333333333333
2013-08-28,11:23:04,4.466666666666667,16.933186848958336,2.933333333333333
2013-08-28,11:28:04,4.133333333333333,18.599891662597656,3.1333333333333333
2013-08-28,11:33:04,4.066666666666666,17.999916076660156,2.333333333333333
2013-08-28,11:38:04,4.533333333333333,16.466547648111977,2.4
2013-08-28,11:43:04,3.666666666666667,18.333218892415367,2.7333333333333334
2013-08-28,11:48:04,4.866666666666667,18.466517130533855,3.066666666666667
2013-08-28,11:53:04,3.933333333333333,18.39984893798828,3.6666666666666665
2013-08-28,11:58:04,4.6,19.133199055989582,2.6
2013-08-28,12:03:04,6.533333333333334,19.466578165690102,11.266666666666667
2013-08-28,12:08:04,4.466666666666667,18.133214314778645,3.0
2013-08-28,12:13:04,4.466666666666667,17.59991963704427,2.6666666666666665
2013-08-28,12:18:04,3.933333333333333,19.399897257486977,2.4
2013-08-28,12:23:04,5.0,17.333170572916668,2.533333333333333
2013-08-28,12:28:04,3.666666666666667,18.133227030436196,2.333333333333333
2013-08-28,12:33:04,4.666666666666667,15.933278401692707,2.466666666666667
2013-08-28,12:38:04,4.066666666666666,15.999946594238281,2.6666666666666665
2013-08-28,12:43:04,4.266666666666667,16.199913024902344,3.066666666666667
2013-08-28,12:48:04,4.533333333333333,17.399864196777344,2.6
2013-08-28,12:53:04,3.933333333333333,17.26659138997396,2.1333333333333333
2013-08-28,12:58:04,4.6,18.799896240234375,2.4
2013-08-28,13:03:04,5.933333333333334,19.59991455078125,10.066666666666666
2013-08-28,13:08:04,4.466666666666667,16.199874877929688,3.066666666666667
2013-08-28,13:13:04,4.133333333333333,14.799919128417969,2.6
2013-08-28,13:18:04,4.333333333333333,18.599853515625,2.4
2013-08-28,13:23:04,4.6,18.79985809326172,2.1333333333333333
2013-08-28,13:28:04,3.8666666666666663,20.799903869628906,2.2
2013-08-28,13:33:04,4.6,18.19988250732422,2.2
2013-08-28,13:38:04,3.666666666666667,16.399879455566406,2.8666666666666667
2013-08-28,13:43:04,4.666666666666667,15.199928283691404,2.333333333333333
2013-08-28,13:48:04,4.066666666666666,15.533231099446617,2.6666666666666665
2013-08-28,13:53:04,4.266666666666667,15.733210245768225,2.6666666666666665
2013-08-28,13:58:04,4.4,15.866546630859373,2.6
2013-08-28,14:03:04,6.333333333333334,17.866554260253906,9.733333333333333
2013-08-28,14:08:04,4.6,19.399871826171875,2.6666666666666665
2013-08-28,14:13:04,3.733333333333333,20.06659189860026,2.933333333333333
2013-08-28,14:18:04,4.733333333333333,21.333249409993492,2.7333333333333334
2013-08-28,14:23:04,4.2,19.199867248535156,2.8666666666666667
2013-08-28,14:28:04,4.133333333333333,16.533215840657554,2.333333333333333
2013-08-28,14:33:04,4.4,17.59990692138672,2.533333333333333
2013-08-28,14:38:04,4.4,17.733230590820312,3.466666666666667
2013-08-28,14:43:04,4.533333333333333,17.733217875162758,3.4
2013-08-28,14:48:04,3.933333333333333,18.066584269205727,3.1333333333333333
2013-08-28,14:53:04,4.466666666666667,16.399943033854164,2.6666666666666665
2013-08-28,14:58:04,4.266666666666667,17.99989064534505,3.066666666666667
2013-08-28,15:03:04,6.333333333333334,18.133214314778645,9.8
2013-08-28,15:08:04,4.466666666666667,18.93319447835286,2.2666666666666666
2013-08-28,15:13:04,4.066666666666666,18.733189900716148,2.066666666666667
2013-08-28,15:18:04,4.6,19.733212788899742,2.4
2013-08-28,15:23:04,3.8,20.19989013671875,2.533333333333333
2013-08-28,15:28:04,4.466666666666667,20.866572062174477,2.533333333333333
2013-08-28,15:33:04,4.4,17.133229573567707,2.533333333333333
2013-08-28,15:38:04,4.133333333333333,16.533228556315102,2.466666666666667
2013-08-28,15:43:04,4.533333333333333,17.799911499023438,3.066666666666667
2013-08-28,15:48:04,4.133333333333333,17.79987335205078,2.2
2013-08-28,15:53:04,4.666666666666667,17.399927775065105,2.933333333333333
2013-08-28,15:58:04,3.933333333333333,17.533213297526043,2.6666666666666665
2013-08-28,16:03:04,6.666666666666666,17.26659138997396,9.533333333333333
2013-08-28,16:08:04,4.266666666666667,18.533198038736977,2.933333333333333
2013-08-28,16:13:04,4.066666666666666,16.866544087727863,2.2666666666666666
2013-08-28,16:18:04,4.866666666666667,17.333272298177082,2.6666666666666665
2013-08-28,16:23:04,4.066666666666666,15.999908447265627,2.6
2013-08-28,16:28:04,4.533333333333333,18.399925231933594,2.333333333333333
2013-08-28,16:33:05,3.666666666666667,17.333196004231773,2.6
2013-08-28,16:38:05,4.733333333333333,17.866579691569008,2.466666666666667
2013-08-28,16:43:05,3.933333333333333,18.26655069986979,2.2666666666666666
2013-08-28,16:48:05,4.266666666666667,15.599937438964846,2.7333333333333334
2013-08-28,16:53:05,4.4,15.799942016601562,2.466666666666667
2013-08-28,16:58:05,4.0,15.933265686035156,2.6
2013-08-28,17:03:05,6.7333333333333325,16.99993133544922,10.2
2013-08-28,17:08:05,3.8,16.999969482421875,2.333333333333333
2013-08-28,17:13:05,4.733333333333333,17.799835205078125,2.8
2013-08-28,17:18:05,4.133333333333333,18.399887084960938,2.7333333333333334
2013-08-28,17:23:05,4.6,19.399871826171875,2.533333333333333
2013-08-28,17:28:05,4.2,17.866541544596352,2.466666666666667
2013-08-28,17:33:05,4.2,18.799896240234375,2.333333333333333
2013-08-28,17:38:05,4.666666666666667,17.46657053629557,2.466666666666667
2013-08-28,17:43:05,3.733333333333333,19.79991912841797,2.533333333333333
2013-08-28,17:48:05,5.133333333333334,18.799896240234375,3.0
2013-08-28,17:53:05,3.8,17.933197021484375,2.933333333333333
2013-08-28,17:58:05,4.6,14.466616312662758,2.333333333333333
2013-08-28,18:03:05,6.333333333333334,17.999839782714844,9.666666666666666
2013-08-28,18:08:05,4.133333333333333,19.13323720296224,2.6
2013-08-28,18:13:05,4.4,20.39989471435547,2.533333333333333
2013-08-28,18:18:05,3.933333333333333,22.666613260904946,2.8
2013-08-28,18:23:05,4.866666666666667,20.066553751627605,2.8
2013-08-28,18:28:05,3.733333333333333,17.533226013183594,2.6666666666666665
2013-08-28,18:33:05,4.533333333333333,16.99993133544922,2.6
2013-08-28,18:38:05,4.066666666666666,16.333223978678383,3.1333333333333333
2013-08-28,18:43:05,4.133333333333333,16.466573079427082,2.6666666666666665
2013-08-28,18:48:05,4.466666666666667,16.533228556315102,2.4
2013-08-28,18:53:05,3.933333333333333,18.19988250732422,2.6
2013-08-28,18:58:05,4.8,15.26658376057943,2.2666666666666666
2013-08-28,19:03:05,6.0,19.533182779947914,9.333333333333334
2013-08-28,19:08:05,4.466666666666667,22.333234151204422,2.6666666666666665
2013-08-28,19:13:05,4.0,19.199854532877605,2.333333333333333
2013-08-28,19:18:05,4.266666666666667,20.066553751627605,2.4
2013-08-28,19:23:06,4.466666666666667,17.46654510498047,2.2666666666666666
2013-08-28,19:28:06,3.8,19.06653086344401,2.466666666666667
2013-08-28,19:33:06,4.8,16.866556803385414,2.2666666666666666
2013-08-28,19:38:06,3.8666666666666663,16.933224995930992,2.4
2013-08-28,19:43:06,4.4,20.866572062174477,2.4
2013-08-28,19:48:06,4.2,18.66652170817057,2.933333333333333
2013-08-28,19:53:06,5.7333333333333325,21.06658935546875,2.6666666666666665
2013-08-28,19:58:06,4.466666666666667,40.33323923746745,2.4
2013-08-28,20:03:06,6.0,23.533236185709633,9.533333333333333
2013-08-28,20:08:06,4.866666666666667,19.399884541829426,2.4
2013-08-28,20:13:06,3.6,16.73322041829427,2.0
2013-08-28,20:18:06,4.666666666666667,16.666552225748696,2.333333333333333
2013-08-28,20:23:06,4.266666666666667,17.399927775065105,2.8
2013-08-28,20:28:06,4.066666666666666,21.33321126302083,2.533333333333333
2013-08-28,20:33:06,4.4,17.26660410563151,2.2
2013-08-28,20:38:06,3.666666666666667,17.866541544596352,2.333333333333333
2013-08-28,20:43:06,4.933333333333334,14.733289082845054,2.6
2013-08-28,20:48:06,3.733333333333333,16.199913024902344,2.2666666666666666
2013-08-28,20:53:06,4.4,19.599876403808594,2.066666666666667
2013-08-28,20:58:06,4.066666666666666,17.399864196777344,2.333333333333333
2013-08-28,21:03:06,6.2,17.599868774414062,9.533333333333333
2013-08-28,21:08:06,4.6,16.199913024902344,2.466666666666667
2013-08-28,21:13:06,3.666666666666667,15.399932861328125,2.333333333333333
2013-08-28,21:18:06,5.133333333333334,14.866625467936196,2.8
2013-08-28,21:23:06,4.0,17.9998779296875,2.4
2013-08-28,21:28:06,4.466666666666667,17.066561381022133,2.6
2013-08-28,21:33:06,4.133333333333333,18.399925231933594,2.333333333333333
2013-08-28,21:38:06,4.066666666666666,15.19991556803385,2.4
2013-08-28,21:43:06,4.466666666666667,19.599876403808594,2.333333333333333
2013-08-28,21:48:06,3.733333333333333,19.39990997314453,2.4
2013-08-28,21:53:07,4.866666666666667,17.199859619140625,2.1333333333333333
2013-08-28,21:58:07,3.6,15.199966430664064,2.333333333333333
2013-08-28,22:03:07,6.7333333333333325,14.799919128417969,10.0
2013-08-28,22:08:07,4.333333333333333,16.59992218017578,2.6666666666666665
2013-08-28,22:13:07,4.2,18.799896240234375,2.6666666666666665
2013-08-28,22:18:07,4.733333333333333,20.666580200195312,2.4
2013-08-28,22:23:07,3.8,17.999839782714844,2.2
2013-08-28,22:28:07,4.933333333333334,21.199913024902344,2.6
2013-08-28,22:33:07,3.6,16.533279418945312,2.6
2013-08-28,22:38:07,4.6,14.999961853027344,2.2666666666666666
2013-08-28,22:43:07,4.0,17.533226013183594,2.4
2013-08-28,22:48:06,4.266666666666667,15.666580200195312,2.6
2013-08-28,22:53:06,4.6,20.866572062174477,2.533333333333333
2013-08-28,22:58:06,3.666666666666667,16.599884033203125,2.6
2013-08-28,23:03:06,7.066666666666666,14.466578165690105,10.0
2013-08-28,23:08:06,3.8666666666666663,19.533233642578125,2.933333333333333
2013-08-28,23:13:06,4.466666666666667,19.53322092692057,2.533333333333333
2013-08-28,23:18:06,4.2,21.59992218017578,2.6
2013-08-28,23:23:06,4.2,19.599876403808594,2.6
2013-08-28,23:28:06,4.466666666666667,17.79987335205078,2.0
2013-08-28,23:33:06,3.733333333333333,17.066574096679688,2.6666666666666665
2013-08-28,23:38:06,4.866666666666667,17.799898783365887,2.6
2013-08-28,23:43:06,3.666666666666667,18.266525268554688,2.533333333333333
2013-08-28,23:48:06,4.333333333333333,16.399904886881508,3.0
2013-08-28,23:53:06,4.2,16.333211263020832,2.1333333333333333
2013-08-28,23:58:06,4.066666666666666,16.19988759358724,2.7333333333333334
2013-08-29,00:03:07,6.666666666666666,16.199874877929688,9.866666666666667
2013-08-29,00:08:07,3.666666666666667,17.93320973714193,2.6666666666666665
2013-08-29,00:13:07,4.8,16.199913024902344,2.333333333333333
2013-08-29,00:18:07,3.933333333333333,16.7999267578125,2.533333333333333
2013-08-29,00:23:07,4.4,16.933263142903645,2.533333333333333
2013-08-29,00:28:07,4.266666666666667,14.799919128417969,2.533333333333333
2013-08-29,00:33:07,4.066666666666666,15.599937438964846,2.7333333333333334
2013-08-29,00:38:07,4.466666666666667,16.266555786132812,2.466666666666667
2013-08-29,00:43:07,3.6,17.99989064534505,2.8
2013-08-29,00:48:07,4.866666666666667,16.666552225748696,3.2666666666666666
2013-08-29,00:53:07,3.8666666666666663,18.199920654296875,2.6
2013-08-29,00:58:07,4.466666666666667,15.999908447265627,2.6
2013-08-29,01:03:07,6.466666666666666,17.799911499023438,9.4
2013-08-29,01:08:07,4.2,17.999839782714844,2.6666666666666665
2013-08-29,01:13:07,4.533333333333333,16.59992218017578,2.533333333333333
2013-08-29,01:18:07,3.8,20.79986572265625,2.7333333333333334
2013-08-29,01:23:07,5.066666666666666,15.799942016601562,2.6
2013-08-29,01:28:07,3.733333333333333,20.199851989746094,2.7333333333333334
2013-08-29,01:33:07,4.933333333333334,17.999916076660156,5.066666666666666
2013-08-29,01:38:07,5.8,16.999893188476562,11.733333333333333
2013-08-29,01:43:07,5.333333333333334,17.39990234375,13.533333333333333
2013-08-29,01:48:07,4.666666666666667,16.39995574951172,2.6
2013-08-29,01:53:07,3.8,16.599960327148438,2.533333333333333
2013-08-29,01:58:07,5.0,18.19988250732422,2.7333333333333334
2013-08-29,02:03:07,6.0,18.73321533203125,10.266666666666667
2013-08-29,02:08:08,4.6,17.133204142252602,3.0
2013-08-29,02:13:08,3.733333333333333,15.399932861328125,2.4
2013-08-29,02:18:08,4.333333333333333,18.799883524576824,2.533333333333333
2013-08-29,02:23:08,4.4,18.133214314778645,2.466666666666667
2013-08-29,02:28:08,3.8,16.46661122639974,2.6
2013-08-29,02:33:08,4.933333333333334,16.199913024902344,2.466666666666667
2013-08-29,02:38:08,3.733333333333333,18.73321533203125,2.466666666666667
2013-08-29,02:43:08,4.6,17.199910481770832,2.2666666666666666
2013-08-29,02:48:08,3.733333333333333,17.19982147216797,2.6666666666666665
2013-08-29,02:53:08,4.066666666666666,17.33325958251953,2.4
2013-08-29,02:58:08,4.533333333333333,18.99988810221354,2.2666666666666666
2013-08-29,03:03:08,5.933333333333334,16.666603088378906,10.266666666666667
2013-08-29,03:08:08,5.133333333333334,20.799891153971352,2.7333333333333334
2013-08-29,03:13:08,3.666666666666667,18.199869791666668,3.6
2013-08-29,03:18:08,4.8,16.866607666015625,2.8666666666666667
2013-08-29,03:23:08,4.066666666666666,18.7332280476888,3.066666666666667
2013-08-29,03:28:08,4.2,18.799896240234375,2.6666666666666665
2013-08-29,03:33:08,4.666666666666667,16.933224995930992,3.533333333333333
2013-08-29,03:38:08,3.8,16.533279418945312,3.733333333333333
2013-08-29,03:43:08,5.133333333333334,15.533243815104164,4.133333333333334
2013-08-29,03:48:08,4.0,14.599914550781252,4.266666666666667
2013-08-29,03:53:08,4.8,17.066548665364586,4.933333333333334
2013-08-29,03:58:08,4.2,16.333223978678383,4.133333333333334
2013-08-29,04:03:08,6.666666666666666,16.733245849609375,11.733333333333333
2013-08-29,04:08:09,5.0,18.266512552897133,5.133333333333334
2013-08-29,04:13:09,4.0,17.266578674316406,3.066666666666667
2013-08-29,04:18:09,5.533333333333334,20.066553751627605,5.8
2013-08-29,04:23:09,4.066666666666666,17.06653594970703,4.533333333333333
2013-08-29,04:28:09,4.733333333333333,18.933207194010418,4.333333333333333
2013-08-29,04:33:09,4.266666666666667,18.199933369954426,4.333333333333333
2013-08-29,04:38:09,4.4,15.066630045572918,5.133333333333334
2013-08-29,04:43:09,4.6,16.86656951904297,5.6
2013-08-29,04:48:09,4.066666666666666,20.599899291992188,5.0
2013-08-29,04:53:09,5.333333333333334,19.399871826171875,4.866666666666666
2013-08-29,04:58:09,3.933333333333333,18.599891662597656,4.333333333333333
2013-08-29,05:03:09,16.933333333333334,20.599899291992188,100.0
2013-08-29,05:08:09,4.8,21.399879455566406,3.466666666666667
2013-08-29,05:13:09,4.2,16.599884033203125,3.2
2013-08-29,05:18:09,5.066666666666666,19.39990997314453,4.0
2013-08-29,05:23:09,4.0,17.399826049804688,3.6
2013-08-29,05:28:09,4.6,18.19988250732422,2.8666666666666667
2013-08-29,05:33:09,4.2,16.199913024902344,3.333333333333333
2013-08-29,05:38:09,4.066666666666666,15.599937438964846,2.8666666666666667
2013-08-29,05:43:09,4.666666666666667,16.666552225748696,3.2
2013-08-29,05:48:09,4.066666666666666,18.599853515625,3.733333333333333
2013-08-29,05:53:09,4.866666666666667,16.133244832356773,3.333333333333333
2013-08-29,05:58:09,3.8666666666666663,17.533200581868485,2.8666666666666667
2013-08-29,06:03:09,6.666666666666666,18.333218892415367,10.266666666666667
2013-08-29,06:08:09,4.266666666666667,21.7999267578125,3.466666666666667
2013-08-29,06:13:09,4.133333333333333,19.399871826171875,2.7333333333333334
2013-08-29,06:18:09,4.733333333333333,18.533185323079426,3.333333333333333
2013-08-29,06:23:09,4.066666666666666,17.199885050455727,2.933333333333333
2013-08-29,06:28:09,4.666666666666667,16.39989217122396,3.066666666666667
2013-08-29,06:33:09,3.6,18.66652170817057,3.2
2013-08-29,06:38:09,4.666666666666667,19.133199055989582,3.066666666666667
2013-08-29,06:43:09,4.0,17.666562398274742,2.8
2013-08-29,06:48:09,4.333333333333333,16.933275858561196,2.933333333333333
2013-08-29,06:53:09,4.466666666666667,15.866584777832033,2.6666666666666665
2013-08-29,06:58:10,4.0,20.066553751627605,3.2666666666666666
2013-08-29,07:03:10,6.7333333333333325,19.799880981445312,10.466666666666667
2013-08-29,07:08:10,3.733333333333333,18.733189900716148,2.6666666666666665
2013-08-29,07:13:10,4.666666666666667,16.999905904134113,2.4
2013-08-29,07:18:10,3.933333333333333,20.33323923746745,3.0
2013-08-29,07:23:10,4.266666666666667,17.733256022135414,3.0
2013-08-29,07:28:10,4.266666666666667,15.266634623209633,3.6666666666666665
2013-08-29,07:33:10,4.2,18.599917093912758,3.0
2013-08-29,07:38:10,4.066666666666666,16.79987589518229,3.333333333333333
2013-08-29,07:43:10,3.733333333333333,15.533269246419271,3.1333333333333333
2013-08-29,07:48:10,4.866666666666667,16.466573079427082,3.2666666666666666
2013-08-29,07:53:10,3.8666666666666663,17.933171590169266,2.933333333333333
2013-08-29,07:58:09,4.533333333333333,19.46654001871745,3.066666666666667
2013-08-29,08:03:09,5.866666666666666,18.799896240234375,10.333333333333334
2013-08-29,08:08:09,4.333333333333333,17.999916076660156,3.1333333333333333
2013-08-29,08:13:09,4.533333333333333,17.799886067708336,2.6666666666666665
2013-08-29,08:18:09,4.066666666666666,15.533269246419271,2.7333333333333334
2013-08-29,08:23:09,4.866666666666667,17.39988962809245,2.1333333333333333
2013-08-29,08:28:09,3.666666666666667,20.39989471435547,2.4
2013-08-29,08:33:09,4.466666666666667,17.79987335205078,2.4
2013-08-29,08:38:09,4.066666666666666,16.39995574951172,2.2666666666666666
2013-08-29,08:43:09,4.066666666666666,15.999870300292967,1.8666666666666667
2013-08-29,08:48:09,4.466666666666667,17.9998779296875,2.466666666666667
2013-08-29,08:53:09,3.733333333333333,16.999893188476562,2.4
2013-08-29,08:58:10,6.333333333333334,34.999898274739586,2.066666666666667
2013-08-29,09:03:10,6.066666666666666,29.199905395507812,10.066666666666666
2013-08-29,09:08:10,4.466666666666667,21.199913024902344,2.8
2013-08-29,09:13:10,4.066666666666666,18.79985809326172,2.4
2013-08-29,09:18:10,4.4,17.199859619140625,2.6
2013-08-29,09:23:10,4.4,17.599868774414062,2.333333333333333
2013-08-29,09:28:10,3.733333333333333,18.26655069986979,2.2
2013-08-29,09:33:10,4.8,18.933245340983074,2.4
2013-08-29,09:38:10,3.8666666666666663,17.39990234375,2.6
2013-08-29,09:43:10,4.466666666666667,18.399887084960938,2.2666666666666666
2013-08-29,09:48:10,3.8,18.13317616780599,2.7333333333333334
2013-08-29,09:53:10,4.266666666666667,18.26658884684245,2.333333333333333
2013-08-29,09:58:10,4.6,17.599868774414062,2.8
2013-08-29,10:03:10,5.8,16.0666020711263,9.6
2013-08-29,10:08:10,5.0,15.86657206217448,2.4
2013-08-29,10:13:10,3.666666666666667,19.466578165690102,2.533333333333333
2013-08-29,10:18:10,4.666666666666667,20.26655832926432,2.8
2013-08-29,10:23:10,3.8,18.599853515625,2.6666666666666665
2013-08-29,10:28:10,4.133333333333333,17.93320973714193,2.6666666666666665
2013-08-29,10:33:10,4.133333333333333,16.599884033203125,2.6666666666666665
2013-08-29,10:38:10,4.0,16.599884033203125,2.4
2013-08-29,10:43:10,4.533333333333333,18.999862670898438,2.933333333333333
2013-08-29,10:48:10,3.8666666666666663,17.999839782714844,3.2
2013-08-29,10:53:10,4.6,17.866541544596352,2.2666666666666666
2013-08-29,10:58:10,3.8666666666666663,18.533185323079426,2.6666666666666665
2013-08-29,11:03:10,6.6,18.133214314778645,9.533333333333333
2013-08-29,11:08:10,4.533333333333333,16.999905904134113,2.6
2013-08-29,11:13:10,3.6,17.266642252604164,2.2
2013-08-29,11:18:10,5.133333333333334,16.99993133544922,2.4
2013-08-29,11:23:10,3.8,17.333170572916668,2.933333333333333
2013-08-29,11:28:10,4.666666666666667,15.733273824055994,3.0
2013-08-29,11:33:11,3.8,15.799942016601562,2.8
2013-08-29,11:38:11,4.466666666666667,16.933224995930992,2.6
2013-08-29,11:43:11,4.333333333333333,17.799911499023438,2.4
2013-08-29,11:48:11,3.733333333333333,18.133227030436196,2.6666666666666665
2013-08-29,11:53:11,5.0,18.46654256184896,2.333333333333333
2013-08-29,11:58:11,3.666666666666667,18.86652628580729,3.333333333333333
2013-08-29,12:03:11,7.2,18.86652628580729,10.733333333333333
2013-08-29,12:08:11,3.666666666666667,18.06652069091797,2.8666666666666667
2013-08-29,12:13:11,4.6,16.266606648763023,2.8
2013-08-29,12:18:11,4.2,21.133270263671875,2.933333333333333
2013-08-29,12:23:11,4.466666666666667,18.533198038736977,3.466666666666667
2013-08-29,12:28:11,4.666666666666667,16.13323211669922,2.7333333333333334
2013-08-29,12:33:11,3.666666666666667,16.933224995930992,3.2
2013-08-29,12:38:11,5.0,20.39989471435547,2.333333333333333
2013-08-29,12:43:11,4.0,16.999855041503906,2.533333333333333
2013-08-29,12:48:11,4.733333333333333,16.733245849609375,3.4
2013-08-29,12:53:11,4.0,18.066546122233074,2.2666666666666666
2013-08-29,12:58:11,4.2,16.533266703287758,2.533333333333333
2013-08-29,13:03:11,6.8,16.599909464518227,10.333333333333334
2013-08-29,13:08:11,3.8,17.93320973714193,2.533333333333333
2013-08-29,13:13:11,4.866666666666667,19.333203633626304,2.6666666666666665
2013-08-29,13:18:11,3.8666666666666663,21.533253987630204,2.6666666666666665
2013-08-29,13:23:11,4.666666666666667,18.199844360351562,2.466666666666667
2013-08-29,13:28:11,4.066666666666666,17.999903361002602,2.1333333333333333
2013-08-29,13:33:11,4.266666666666667,19.666544596354164,2.333333333333333
2013-08-29,13:38:11,4.333333333333333,15.933252970377602,2.2
2013-08-29,13:43:11,3.733333333333333,16.399879455566406,2.066666666666667
2013-08-29,13:48:11,4.8,16.59992218017578,2.6
2013-08-29,13:53:11,3.8,17.59990692138672,2.466666666666667
2013-08-29,13:58:11,4.466666666666667,17.9998779296875,2.466666666666667
2013-08-29,14:03:11,6.333333333333334,20.599899291992188,10.6
2013-08-29,14:08:11,4.0,19.399871826171875,2.933333333333333
2013-08-29,14:13:11,4.6,15.999908447265627,2.6666666666666665
2013-08-29,14:18:11,4.333333333333333,18.19988250732422,2.533333333333333
2013-08-29,14:23:11,4.6,15.799942016601562,2.6
2013-08-29,14:28:11,3.666666666666667,17.59990692138672,2.4
2013-08-29,14:33:11,4.466666666666667,17.399864196777344,2.333333333333333
2013-08-29,14:38:11,4.2,19.599876403808594,2.7333333333333334
2013-08-29,14:43:11,4.133333333333333,16.86658223470052,2.8
2013-08-29,14:48:12,4.733333333333333,16.999893188476562,2.6666666666666665
2013-08-29,14:53:12,3.8,17.866554260253906,2.6
2013-08-29,14:58:12,5.066666666666666,18.133227030436196,2.7333333333333334
2013-08-29,15:03:12,6.066666666666666,19.533233642578125,9.933333333333334
2013-08-29,15:08:12,4.533333333333333,17.199923197428383,3.1333333333333333
2013-08-29,15:13:12,4.266666666666667,18.399899800618485,2.7333333333333334
2013-08-29,15:18:12,4.4,21.333249409993492,2.933333333333333
2013-08-29,15:23:12,4.666666666666667,18.46654256184896,4.533333333333333
2013-08-29,15:28:12,4.2,19.266586303710938,6.2666666666666675
2013-08-29,15:33:12,5.133333333333334,18.399887084960938,3.466666666666667
2013-08-29,15:38:12,4.066666666666666,18.599891662597656,3.333333333333333
2013-08-29,15:43:12,4.466666666666667,21.199913024902344,2.466666666666667
2013-08-29,15:48:12,4.333333333333333,20.733235677083336,3.333333333333333
2013-08-29,15:53:12,4.266666666666667,21.59992218017578,3.333333333333333
2013-08-29,15:58:12,4.533333333333333,18.33318074544271,3.0
2013-08-29,16:03:12,6.2857142857142865,16.857038225446423,10.285714285714286
2013-08-29,16:08:12,4.933333333333334,18.133201599121094,3.066666666666667
2013-08-29,16:13:12,3.733333333333333,18.333231608072914,2.4
2013-08-29,16:18:12,4.733333333333333,20.19989013671875,3.0
2013-08-29,16:23:12,4.066666666666666,16.533228556315102,2.466666666666667
2013-08-29,16:28:12,4.0,14.26659901936849,2.2
2013-08-29,16:33:12,4.533333333333333,17.999852498372395,2.4
2013-08-29,16:38:12,3.8,17.533226013183594,2.6666666666666665
2013-08-29,16:43:12,4.866666666666667,18.26655069986979,3.0
2013-08-29,16:53:12,4.466666666666667,17.199885050455727,2.933333333333333
2013-08-29,16:58:12,4.066666666666666,19.533284505208336,3.0
2013-08-29,17:03:12,6.2,16.933224995930992,10.133333333333333
2013-08-29,17:08:12,4.533333333333333,17.799924214680992,3.066666666666667
2013-08-29,17:13:11,3.733333333333333,17.199846903483074,3.2666666666666666
2013-08-29,17:18:11,5.266666666666667,20.599899291992188,3.0
2013-08-29,17:23:12,4.266666666666667,20.19989013671875,3.533333333333333
2013-08-29,17:28:12,4.533333333333333,19.53320821126302,2.6
2013-08-29,17:33:12,4.0,18.799896240234375,2.466666666666667
2013-08-29,17:38:12,4.266666666666667,18.066546122233074,2.8
2013-08-29,17:43:12,4.4,16.933275858561196,2.0
2013-08-29,17:48:12,3.8,18.066533406575523,2.7333333333333334
2013-08-29,17:53:12,4.866666666666667,18.599891662597656,2.466666666666667
2013-08-29,17:58:12,3.733333333333333,18.19988250732422,2.6
2013-08-29,18:03:12,6.866666666666666,18.999862670898438,10.6
2013-08-29,18:08:12,4.266666666666667,20.599899291992188,2.6666666666666665
2013-08-29,18:13:12,4.2,18.79985809326172,2.466666666666667
2013-08-29,18:18:12,4.666666666666667,18.999862670898438,3.333333333333333
2013-08-29,18:23:12,4.0,15.999908447265627,2.6666666666666665
2013-08-29,18:28:12,4.8,14.399948120117188,2.1333333333333333
2013-08-29,18:33:12,3.666666666666667,16.199951171875,2.6
2013-08-29,18:38:12,4.533333333333333,17.79987335205078,2.533333333333333
2013-08-29,18:43:12,4.066666666666666,15.799942016601562,2.2
2013-08-29,18:48:12,4.2,16.399879455566406,2.6666666666666665
2013-08-29,18:53:12,4.333333333333333,17.199935913085938,2.333333333333333
2013-08-29,18:58:12,3.933333333333333,17.199935913085938,2.2666666666666666
2013-08-29,19:03:12,7.133333333333334,17.999916076660156,9.733333333333333
2013-08-29,19:08:12,3.8666666666666663,17.199935913085938,2.533333333333333
2013-08-29,19:13:12,4.533333333333333,16.7999267578125,2.4
2013-08-29,19:18:12,4.333333333333333,20.33323923746745,2.6666666666666665
2013-08-29,19:23:12,4.333333333333333,18.866551717122395,2.466666666666667
2013-08-29,19:28:12,4.466666666666667,17.93322245279948,1.9333333333333331
2013-08-29,19:33:12,3.933333333333333,19.599876403808594,2.533333333333333
2013-08-29,19:38:12,4.666666666666667,16.53325398763021,2.333333333333333
2013-08-29,19:43:12,3.8666666666666663,15.399932861328125,2.4
2013-08-29,19:48:12,4.733333333333333,19.133199055989582,2.333333333333333
2013-08-29,19:53:12,4.066666666666666,16.86658223470052,2.2
2013-08-29,19:58:12,4.266666666666667,18.8665771484375,2.8
2013-08-29,20:03:13,6.466666666666666,19.333203633626304,9.466666666666667
2013-08-29,20:08:13,4.066666666666666,19.46654001871745,2.333333333333333
2013-08-29,20:13:13,4.533333333333333,16.866594950358074,2.333333333333333
2013-08-29,20:18:13,3.8,17.866566975911457,2.466666666666667
2013-08-29,20:23:13,4.6,15.133260091145836,2.2666666666666666
2013-08-29,20:28:13,4.0,19.133224487304688,2.4
2013-08-29,20:33:13,4.6,19.79989369710286,2.2
2013-08-29,20:38:13,4.133333333333333,18.26657613118489,2.466666666666667
2013-08-29,20:43:13,3.933333333333333,16.93323771158854,2.333333333333333
2013-08-29,20:48:13,4.8,15.533256530761719,2.533333333333333
2013-08-29,20:53:13,3.533333333333333,20.333226521809898,2.2666666666666666
2013-08-29,20:58:13,4.666666666666667,18.66652170817057,2.6666666666666665
2013-08-29,21:03:13,6.2,18.79985809326172,9.4
2013-08-29,21:08:13,4.666666666666667,19.933217366536454,2.466666666666667
2013-08-29,21:13:13,4.133333333333333,18.53322347005208,2.2
2013-08-29,21:18:13,4.2,20.133221944173176,2.333333333333333
2013-08-29,21:23:13,4.6,17.8665288289388,2.533333333333333
2013-08-29,21:28:13,3.733333333333333,19.46654001871745,2.2666666666666666
2013-08-29,21:33:13,4.533333333333333,19.599876403808594,2.4
2013-08-29,21:38:13,4.066666666666666,19.999898274739582,2.4
2013-08-29,21:43:13,4.666666666666667,17.599945068359375,2.2
2013-08-29,21:48:13,4.133333333333333,17.266565958658855,2.533333333333333
2013-08-29,21:53:13,4.266666666666667,15.933278401692707,2.7333333333333334
2013-08-29,21:58:13,4.4,17.399940490722656,2.1333333333333333
2013-08-29,22:03:13,6.2,15.799903869628906,9.466666666666667
2013-08-29,22:08:13,4.866666666666667,18.933258056640625,2.6
2013-08-29,22:13:13,4.533333333333333,17.9998779296875,2.533333333333333
2013-08-29,22:18:13,4.8,21.7999267578125,2.7333333333333334
2013-08-29,22:23:14,4.066666666666666,17.799835205078125,2.6666666666666665
2013-08-29,22:28:14,4.4,19.399871826171875,2.7333333333333334
2013-08-29,22:33:14,4.4,19.399871826171875,2.2666666666666666
2013-08-29,22:38:14,3.733333333333333,17.799835205078125,2.333333333333333
2013-08-29,22:43:14,4.466666666666667,17.39990234375,2.333333333333333
2013-08-29,22:48:14,4.4,16.199913024902344,2.466666666666667
2013-08-29,22:53:14,4.466666666666667,17.599868774414062,2.2
2013-08-29,22:58:14,4.0,17.9998779296875,2.6
2013-08-29,23:03:14,6.4,17.999916076660156,9.733333333333333
2013-08-29,23:08:14,4.666666666666667,16.99993133544922,2.466666666666667
2013-08-29,23:13:14,3.733333333333333,18.999900817871094,2.333333333333333
2013-08-29,23:18:14,4.666666666666667,19.666544596354164,2.466666666666667
2013-08-29,23:23:14,4.266666666666667,17.59990692138672,2.2666666666666666
2013-08-29,23:28:14,4.4,18.866602579752602,2.2666666666666666
2013-08-29,23:33:14,4.133333333333333,18.466593424479164,2.6666666666666665
2013-08-29,23:38:14,4.0,17.19989776611328,2.7333333333333334
2013-08-29,23:43:14,4.466666666666667,17.333221435546875,2.466666666666667
2013-08-29,23:48:14,3.733333333333333,16.73323313395182,2.6
2013-08-29,23:53:14,4.533333333333333,16.799914042154946,2.2666666666666666
2013-08-29,23:58:14,4.2,17.133280436197914,2.2666666666666666
2013-08-30,00:03:14,6.6,18.066609700520832,9.466666666666667
2013-08-30,00:08:14,4.133333333333333,17.533238728841148,2.2666666666666666
2013-08-30,00:13:14,4.266666666666667,17.533289591471352,2.2
2013-08-30,00:18:14,4.733333333333333,20.866572062174477,2.066666666666667
2013-08-30,00:23:14,5.0,20.733261108398438,2.8666666666666667
2013-08-30,00:28:14,5.066666666666666,36.06656392415364,1.9333333333333331
2013-08-30,00:33:14,4.133333333333333,23.666623433430985,2.533333333333333
2013-08-30,00:38:14,4.466666666666667,19.199867248535156,2.333333333333333
2013-08-30,00:43:14,4.2,21.266543070475258,2.2666666666666666
2013-08-30,00:48:14,4.2,18.93319447835286,2.466666666666667
2013-08-30,00:53:14,4.466666666666667,17.33320871988932,2.2
2013-08-30,00:58:14,3.666666666666667,16.066614786783852,2.066666666666667
2013-08-30,01:03:14,6.7333333333333325,15.533256530761719,9.733333333333333
2013-08-30,01:08:14,4.0,17.46657053629557,2.2666666666666666
2013-08-30,01:13:15,4.6,18.26655069986979,2.4
2013-08-30,01:18:15,4.466666666666667,19.333216349283855,2.333333333333333
2013-08-30,01:23:15,4.333333333333333,17.93323516845703,2.4
2013-08-30,01:28:15,4.666666666666667,17.333272298177082,2.533333333333333
2013-08-30,01:33:15,4.066666666666666,19.46654001871745,4.533333333333333
2013-08-30,01:38:15,5.933333333333334,17.266578674316406,8.466666666666667
2013-08-30,01:43:15,5.0,16.13328297932943,13.666666666666664
2013-08-30,01:48:15,4.6,16.599909464518227,3.4
2013-08-30,01:53:15,4.466666666666667,16.866556803385414,2.933333333333333
2013-08-30,01:58:15,4.133333333333333,21.7999267578125,2.2
2013-08-30,02:03:15,6.866666666666666,17.133229573567707,10.133333333333333
2013-08-30,02:08:14,3.8,19.13323720296224,2.4
2013-08-30,02:13:14,4.733333333333333,17.399927775065105,2.2666666666666666
2013-08-30,02:18:14,4.133333333333333,19.99988555908203,2.1333333333333333
2013-08-30,02:23:14,4.466666666666667,17.79987335205078,2.4
2013-08-30,02:28:14,4.466666666666667,20.799903869628906,2.533333333333333
2013-08-30,02:33:14,4.266666666666667,17.199935913085938,2.1333333333333333
2013-08-30,02:38:14,4.533333333333333,16.799914042154946,2.4
2013-08-30,02:43:14,3.6,17.399940490722656,2.066666666666667
2013-08-30,02:48:14,4.6,18.799896240234375,2.2666666666666666
2013-08-30,02:53:14,3.8,18.999862670898438,2.333333333333333
2013-08-30,02:58:14,4.4,18.19988250732422,2.333333333333333
2013-08-30,03:03:14,6.333333333333334,16.933250427246094,10.066666666666666
2013-08-30,03:08:14,4.066666666666666,18.79985809326172,2.333333333333333
2013-08-30,03:13:14,4.733333333333333,19.99988555908203,3.8
2013-08-30,03:18:14,4.133333333333333,16.99993133544922,3.1333333333333333
2013-08-30,03:23:14,4.8,18.533185323079426,2.7333333333333334
2013-08-30,03:28:14,4.0,17.39987691243489,2.8
2013-08-30,03:33:14,4.866666666666667,18.26655069986979,4.6
2013-08-30,03:38:14,4.333333333333333,15.533269246419271,3.6
2013-08-30,03:43:14,4.333333333333333,20.866597493489582,4.0
2013-08-30,03:48:14,4.6,19.333229064941406,3.933333333333333
2013-08-30,03:53:14,4.133333333333333,19.53319549560547,4.066666666666666
2013-08-30,03:58:14,5.066666666666666,18.86652628580729,4.0
2013-08-30,04:03:15,6.4,18.199844360351562,11.533333333333333
2013-08-30,04:08:15,4.666666666666667,19.733212788899742,3.4
2013-08-30,04:13:15,4.533333333333333,21.46656036376953,4.666666666666667
2013-08-30,04:18:15,4.733333333333333,22.266591389973954,4.333333333333333
2013-08-30,04:23:15,4.8,18.33318074544271,4.066666666666666
2013-08-30,04:28:15,4.0,17.79987335205078,4.0
2013-08-30,04:33:15,5.333333333333334,16.399879455566406,4.6
2013-08-30,04:38:15,4.133333333333333,16.599884033203125,4.0
2013-08-30,04:43:15,4.666666666666667,16.13325754801432,4.466666666666667
2013-08-30,04:48:15,4.4,17.599881490071613,4.733333333333333
2013-08-30,04:53:15,4.2,18.333282470703125,3.1333333333333333
2013-08-30,04:58:15,4.733333333333333,18.66655985514323,4.666666666666667
2013-08-30,05:03:15,16.6,17.399864196777344,100.0
2013-08-30,05:08:15,5.533333333333334,18.133214314778645,5.266666666666667
2013-08-30,05:13:15,4.266666666666667,17.133229573567707,4.6
2013-08-30,05:18:15,5.066666666666666,20.466562906901043,4.2
2013-08-30,05:23:15,4.6,18.13317616780599,5.466666666666668
2013-08-30,05:28:15,4.666666666666667,16.666590372721352,5.4
2013-08-30,05:33:15,4.733333333333333,18.13317616780599,3.933333333333333
2013-08-30,05:38:15,3.933333333333333,17.933197021484375,4.666666666666667
2013-08-30,05:43:15,5.266666666666667,16.799888610839844,4.533333333333333
2013-08-30,05:48:15,4.133333333333333,18.39984893798828,3.533333333333333
2013-08-30,05:53:15,4.866666666666667,17.19989776611328,3.2666666666666666
2013-08-30,05:58:15,4.466666666666667,16.799850463867188,3.533333333333333
2013-08-30,06:03:15,6.466666666666666,21.7999267578125,10.2
2013-08-30,06:08:15,4.866666666666667,19.799880981445312,3.1333333333333333
2013-08-30,06:13:15,3.8,16.599884033203125,3.2666666666666666
2013-08-30,06:18:15,5.266666666666667,21.99993133544922,3.466666666666667
2013-08-30,06:23:15,3.933333333333333,16.999893188476562,3.1333333333333333
2013-08-30,06:28:15,4.8,19.199867248535156,3.2
2013-08-30,06:33:15,4.4,18.39984893798828,3.6
2013-08-30,06:38:15,4.2,17.199935913085938,3.066666666666667
2013-08-30,06:43:15,4.733333333333333,17.599868774414062,3.6
2013-08-30,06:48:15,4.2,17.93322245279948,3.8
2013-08-30,06:53:15,5.066666666666666,19.99988555908203,3.066666666666667
2013-08-30,06:58:15,3.8666666666666663,17.39988962809245,2.8
2013-08-30,07:03:15,7.066666666666666,16.73322041829427,9.933333333333334
2013-08-30,07:08:15,4.333333333333333,21.666590372721352,2.466666666666667
2013-08-30,07:13:16,4.333333333333333,18.199869791666668,2.6666666666666665
2013-08-30,07:18:16,4.8,17.59990692138672,3.533333333333333
2013-08-30,07:23:16,4.066666666666666,22.333234151204422,3.2666666666666666
2013-08-30,07:28:16,4.933333333333334,17.733243306477863,2.8
2013-08-30,07:33:16,3.8,17.866579691569008,3.0
2013-08-30,07:38:16,4.666666666666667,20.99987030029297,2.7333333333333334
2013-08-30,07:43:16,4.066666666666666,19.133199055989582,2.6666666666666665
2013-08-30,07:48:16,4.333333333333333,20.866572062174477,2.6
2013-08-30,07:53:16,4.466666666666667,19.599876403808594,2.6
2013-08-30,07:58:16,3.8,20.733235677083336,2.466666666666667
2013-08-30,08:03:16,7.133333333333334,20.999908447265625,9.4
2013-08-30,08:08:16,3.733333333333333,17.799898783365887,2.333333333333333
2013-08-30,08:13:16,4.6,18.933245340983074,2.2
2013-08-30,08:18:16,4.2,19.066543579101562,2.1333333333333333
2013-08-30,08:23:16,4.266666666666667,15.133247375488281,2.333333333333333
2013-08-30,08:28:16,4.466666666666667,19.933217366536454,2.2
2013-08-30,08:33:16,3.8666666666666663,17.799886067708336,2.333333333333333
2013-08-30,08:38:16,4.8,15.866597493489587,2.333333333333333
2013-08-30,08:43:16,3.666666666666667,18.399937947591148,2.1333333333333333
2013-08-30,08:48:16,4.466666666666667,16.933250427246094,2.0
2013-08-30,08:53:16,4.066666666666666,18.933245340983074,1.8666666666666667
2013-08-30,08:58:16,4.133333333333333,16.59992218017578,2.066666666666667
2013-08-30,09:03:16,6.7333333333333325,19.066556294759117,9.733333333333333
2013-08-30,09:08:16,3.733333333333333,16.666603088378906,2.2666666666666666
2013-08-30,09:13:16,4.8,13.99993896484375,2.466666666666667
2013-08-30,09:18:16,4.0,16.866594950358074,2.333333333333333
2013-08-30,09:23:16,4.666666666666667,16.666577657063804,2.2666666666666666
2013-08-30,09:28:16,4.066666666666666,16.39989217122396,1.8
2013-08-30,09:33:16,4.066666666666666,16.666539510091148,2.533333333333333
2013-08-30,09:38:16,4.466666666666667,18.733202616373696,2.1333333333333333
2013-08-30,09:43:17,3.8,18.53321075439453,2.2
2013-08-30,09:48:17,5.066666666666666,21.999893188476562,2.4
2013-08-30,09:53:17,3.933333333333333,19.933217366536454,2.1333333333333333
2013-08-30,09:58:17,4.466666666666667,16.7999267578125,2.1333333333333333
2013-08-30,10:03:17,6.533333333333334,17.59990692138672,9.6
2013-08-30,10:08:17,4.0,19.466552734375,2.533333333333333
2013-08-30,10:13:17,4.733333333333333,17.799835205078125,2.066666666666667
2013-08-30,10:18:17,3.733333333333333,21.59992218017578,2.4
2013-08-30,10:23:17,5.066666666666666,16.399917602539062,2.466666666666667
2013-08-30,10:28:17,3.733333333333333,19.733250935872395,2.333333333333333
2013-08-30,10:33:17,4.666666666666667,23.86660257975261,2.533333333333333
2013-08-30,10:38:17,4.133333333333333,19.799880981445312,2.2666666666666666
2013-08-30,10:43:17,4.2,18.199844360351562,2.066666666666667
2013-08-30,10:48:17,4.8,17.866566975911457,3.0
2013-08-30,10:53:17,3.733333333333333,19.799880981445312,2.1333333333333333
2013-08-30,10:58:17,4.933333333333334,19.399871826171875,2.2
2013-08-30,11:03:17,6.0,16.199951171875,9.333333333333334
2013-08-30,11:08:17,4.6,17.19989776611328,2.4
2013-08-30,11:13:17,4.133333333333333,15.799916585286459,2.333333333333333
2013-08-30,11:18:16,4.266666666666667,17.733230590820312,2.1333333333333333
2013-08-30,11:23:16,4.6,17.066574096679688,2.533333333333333
2013-08-30,11:28:16,3.8,18.53322347005208,2.4
2013-08-30,11:33:16,4.933333333333334,18.266512552897133,2.6
2013-08-30,11:38:16,3.733333333333333,18.66652170817057,2.4
2013-08-30,11:43:16,4.533333333333333,18.466593424479164,3.1333333333333333
2013-08-30,11:48:16,4.6,17.93322245279948,3.1333333333333333
2013-08-30,11:53:16,4.333333333333333,18.799883524576824,2.6666666666666665
2013-08-30,11:58:16,4.8,16.199913024902344,6.8
2013-08-30,12:03:16,6.2666666666666675,19.466578165690102,10.0
2013-08-30,12:08:16,4.933333333333334,16.266606648763023,2.2666666666666666
2013-08-30,12:13:16,3.8666666666666663,16.46656036376953,2.2666666666666666
2013-08-30,12:18:17,4.8,18.93321990966797,3.0
2013-08-30,12:23:17,4.0,20.666542053222656,2.8
2013-08-30,12:28:17,4.4,18.53321075439453,2.6
2013-08-30,12:33:17,4.266666666666667,17.666562398274742,2.2666666666666666
2013-08-30,12:38:17,4.133333333333333,16.266555786132812,2.2666666666666666
2013-08-30,12:43:17,4.533333333333333,17.399927775065105,2.2666666666666666
2013-08-30,12:48:17,3.8666666666666663,18.13318888346354,2.4
2013-08-30,12:53:17,4.533333333333333,16.999918619791668,2.2
2013-08-30,12:58:17,4.133333333333333,17.866579691569008,2.333333333333333
2013-08-30,13:03:17,6.7333333333333325,17.199910481770832,10.0
2013-08-30,13:08:17,4.2,15.333264668782551,2.6
2013-08-30,13:13:17,4.466666666666667,17.5332514444987,6.533333333333332
2013-08-30,13:18:17,4.733333333333333,21.93326314290364,2.466666666666667
2013-08-30,13:23:17,3.8666666666666663,19.53320821126302,2.6
2013-08-30,13:28:17,4.733333333333333,18.466529846191406,2.1333333333333333
2013-08-30,13:33:17,4.133333333333333,17.06658681233724,2.2
2013-08-30,13:38:17,4.4,15.466537475585938,2.2
2013-08-30,13:43:17,4.133333333333333,17.333297729492188,2.6
2013-08-30,13:48:17,4.2,16.73322041829427,2.066666666666667
2013-08-30,13:53:17,4.6,17.733243306477863,2.6
2013-08-30,13:58:17,3.933333333333333,17.19989776611328,2.2666666666666666
2013-08-30,14:03:17,6.7333333333333325,19.733212788899742,9.533333333333333
2013-08-30,14:08:17,4.266666666666667,19.399871826171875,2.2666666666666666
2013-08-30,14:13:17,4.466666666666667,16.399917602539062,2.1333333333333333
2013-08-30,14:18:17,4.333333333333333,16.199951171875,2.533333333333333
2013-08-30,14:23:17,4.2,15.999908447265627,2.4
2013-08-30,14:28:17,4.533333333333333,17.59990692138672,1.8666666666666667
2013-08-30,14:33:17,3.8666666666666663,18.599853515625,2.533333333333333
2013-08-30,14:38:18,4.466666666666667,17.79987335205078,2.1333333333333333
2013-08-30,14:43:18,4.133333333333333,18.79985809326172,2.1333333333333333
2013-08-30,14:48:18,6.133333333333334,34.33321634928385,2.2
2013-08-30,14:53:18,4.266666666666667,31.599884033203125,2.1333333333333333
2013-08-30,14:58:18,4.066666666666666,20.799903869628906,2.2666666666666666
2013-08-30,15:03:18,6.6,19.799880981445312,9.533333333333333
2013-08-30,15:08:18,3.666666666666667,18.199844360351562,2.466666666666667
2013-08-30,15:13:18,4.866666666666667,17.799911499023438,2.2
2013-08-30,15:18:18,4.066666666666666,20.599899291992188,2.066666666666667
2013-08-30,15:23:18,4.533333333333333,20.19989013671875,2.0
2013-08-30,15:28:18,4.2,18.266512552897133,2.6
2013-08-30,15:33:18,4.066666666666666,17.266565958658855,2.2666666666666666
2013-08-30,15:38:18,4.6,16.466585795084633,2.2
2013-08-30,15:43:18,3.8,18.533185323079426,2.466666666666667
2013-08-30,15:48:18,5.066666666666666,17.79987335205078,2.8
2013-08-30,15:53:18,3.8666666666666663,19.933217366536454,2.2666666666666666
2013-08-30,15:58:18,4.733333333333333,18.26653798421224,2.7333333333333334
2013-08-30,16:03:18,6.533333333333334,17.933260599772133,9.4
2013-08-30,16:08:18,4.266666666666667,18.666585286458336,2.466666666666667
2013-08-30,16:13:18,4.6,16.199925740559895,2.1333333333333333
2013-08-30,16:18:18,3.733333333333333,19.733212788899742,2.1333333333333333
2013-08-30,16:23:18,5.0,19.53320821126302,2.2
2013-08-30,16:28:18,3.8,17.066561381022133,2.1333333333333333
2013-08-30,16:33:18,4.666666666666667,19.59991455078125,2.466666666666667
2013-08-30,16:38:18,4.0,17.799911499023438,2.333333333333333
2013-08-30,16:43:18,4.266666666666667,17.933171590169266,2.466666666666667
2013-08-30,16:48:18,4.666666666666667,18.999900817871094,2.8
2013-08-30,16:53:18,3.666666666666667,19.26654815673828,2.4
2013-08-30,16:58:18,5.133333333333334,16.133270263671875,2.466666666666667
2013-08-30,17:03:18,5.933333333333334,15.266609191894531,9.4
2013-08-30,17:08:18,4.733333333333333,17.999865214029946,2.066666666666667
2013-08-30,17:13:18,4.133333333333333,18.86652628580729,2.333333333333333
2013-08-30,17:18:19,4.466666666666667,22.53323872884114,2.533333333333333
2013-08-30,17:23:19,4.533333333333333,17.733217875162758,2.2
2013-08-30,17:28:19,3.8,15.466639200846352,2.4
2013-08-30,17:33:19,5.066666666666666,20.333213806152344,2.333333333333333
2013-08-30,17:38:19,3.8666666666666663,19.199905395507812,2.4
2013-08-30,17:43:19,4.533333333333333,17.46655782063802,2.466666666666667
2013-08-30,17:48:19,4.333333333333333,17.666549682617188,2.2
2013-08-30,17:53:19,4.133333333333333,18.066546122233074,2.1333333333333333
2013-08-30,17:58:19,4.466666666666667,18.999926249186196,2.2
2013-08-30,18:03:19,6.133333333333334,21.199913024902344,9.6
2013-08-30,18:08:19,4.8,16.866556803385414,2.4
2013-08-30,18:13:19,3.8,16.99993133544922,2.6
2013-08-30,18:18:19,4.6,19.99988555908203,2.4
2013-08-30,18:23:19,4.2,18.599853515625,2.466666666666667
2013-08-30,18:28:19,4.2,18.999862670898438,2.2
2013-08-30,18:33:19,4.4,17.199859619140625,2.333333333333333
2013-08-30,18:38:19,3.8666666666666663,15.199966430664064,2.7333333333333334
2013-08-30,18:43:19,4.8,18.599891662597656,2.2666666666666666
2013-08-30,18:48:19,4.066666666666666,17.599945068359375,2.2666666666666666
2013-08-30,18:53:19,4.466666666666667,16.799888610839844,2.0
2013-08-30,18:58:19,4.333333333333333,16.26661936442057,2.6666666666666665
2013-08-30,19:03:19,6.066666666666666,18.599891662597656,9.533333333333333
2013-08-30,19:08:19,4.533333333333333,17.19989776611328,2.466666666666667
2013-08-30,19:13:19,3.733333333333333,17.59990692138672,2.066666666666667
2013-08-30,19:18:19,5.066666666666666,16.7999267578125,2.2
2013-08-30,19:23:19,3.8666666666666663,18.333218892415367,2.333333333333333
2013-08-30,19:28:20,4.6,14.933268229166663,1.7333333333333334
2013-08-30,19:33:20,4.2,18.866564432779946,2.533333333333333
2013-08-30,19:38:20,4.066666666666666,16.86658223470052,2.2
2013-08-30,19:43:20,4.533333333333333,17.46654510498047,2.066666666666667
2013-08-30,19:48:20,3.733333333333333,16.73322041829427,2.333333333333333
2013-08-30,19:53:20,5.0,18.13323974609375,2.2666666666666666
2013-08-30,19:58:20,3.733333333333333,16.799964904785156,2.333333333333333
2013-08-30,20:03:20,6.666666666666666,17.733217875162758,9.666666666666666
2013-08-30,20:08:20,4.266666666666667,17.866579691569008,2.333333333333333
2013-08-30,20:13:20,4.2,18.133214314778645,2.2
2013-08-30,20:18:20,4.666666666666667,16.066614786783852,2.2
2013-08-30,20:23:19,3.8666666666666663,14.933242797851562,2.6666666666666665
2013-08-30,20:28:19,4.8,17.13319142659505,2.2
2013-08-30,20:33:19,3.6,15.533269246419271,2.2
2013-08-30,20:38:19,4.666666666666667,16.933224995930992,2.333333333333333
2013-08-30,20:43:19,4.066666666666666,18.466580708821613,2.466666666666667
2013-08-30,20:48:19,4.333333333333333,18.399912516276043,2.6
2013-08-30,20:53:19,4.6,17.333272298177082,2.066666666666667
2013-08-30,20:58:19,3.733333333333333,17.93320973714193,2.4
2013-08-30,21:03:19,7.2,15.266596476236977,9.266666666666667
2013-08-30,21:08:19,3.8666666666666663,15.599912007649738,2.066666666666667
2013-08-30,21:13:20,4.6,16.466573079427082,2.066666666666667
2013-08-30,21:18:20,4.133333333333333,19.06653086344401,2.1333333333333333
2013-08-30,21:23:20,4.4,20.133260091145832,2.2666666666666666
2013-08-30,21:28:20,4.466666666666667,16.799888610839844,2.0
2013-08-30,21:33:20,3.8,16.066576639811196,2.533333333333333
2013-08-30,21:38:20,4.866666666666667,17.333272298177082,2.2666666666666666
2013-08-30,21:43:20,3.8,18.266563415527344,2.8
2013-08-30,21:48:20,4.533333333333333,18.866564432779946,2.6666666666666665
2013-08-30,21:53:20,4.2,16.533241271972656,2.533333333333333
2013-08-30,21:58:20,4.133333333333333,21.86655680338542,2.2
2013-08-30,22:03:20,7.0,17.99989064534505,9.666666666666666
2013-08-30,22:08:20,4.333333333333333,15.999946594238281,2.466666666666667
2013-08-30,22:13:20,5.266666666666667,15.733273824055994,2.2666666666666666
2013-08-30,22:18:20,3.933333333333333,20.19989013671875,2.8
2013-08-30,22:23:20,4.6,17.599868774414062,2.8666666666666667
2013-08-30,22:28:20,4.066666666666666,19.199867248535156,2.533333333333333
2013-08-30,22:33:20,4.266666666666667,18.999900817871094,2.4
2013-08-30,22:38:20,4.466666666666667,16.59992218017578,2.6666666666666665
2013-08-30,22:43:20,3.8666666666666663,15.599937438964846,3.2
2013-08-30,22:48:20,4.933333333333334,17.199935913085938,2.4
2013-08-30,22:53:20,3.8666666666666663,17.39990234375,2.4
2013-08-30,22:58:20,4.4,17.59990692138672,2.466666666666667
2013-08-30,23:03:20,6.2666666666666675,15.199928283691404,9.533333333333333
2013-08-30,23:08:20,4.066666666666666,15.999908447265627,3.2
2013-08-30,23:13:20,4.6,16.7999267578125,2.533333333333333
2013-08-30,23:18:20,3.8666666666666663,17.19989776611328,2.533333333333333
2013-08-30,23:23:20,5.0,19.59991455078125,2.7333333333333334
2013-08-30,23:28:20,4.0,22.733243306477867,2.933333333333333
2013-08-30,23:33:20,4.6,20.066553751627605,2.933333333333333
2013-08-30,23:38:20,4.266666666666667,20.19989013671875,2.2
2013-08-30,23:43:20,4.0,17.39985148111979,3.333333333333333
2013-08-30,23:48:20,4.6,16.466585795084633,3.333333333333333
2013-08-30,23:53:20,3.8,16.06658935546875,2.333333333333333
2013-08-30,23:58:20,5.0,18.26658884684245,2.7333333333333334
2013-08-31,00:03:20,6.0,19.733212788899742,9.933333333333334
2013-08-31,00:08:21,4.6,20.333226521809898,2.6
2013-08-31,00:13:21,4.266666666666667,16.666552225748696,2.2
2013-08-31,00:18:21,4.333333333333333,20.999908447265625,2.7333333333333334
2013-08-31,00:23:21,4.733333333333333,19.46654001871745,2.333333333333333
2013-08-31,00:28:21,3.666666666666667,18.93319447835286,2.1333333333333333
2013-08-31,00:33:21,5.0,16.86658223470052,2.2666666666666666
2013-08-31,00:38:21,3.8,17.46654510498047,2.6666666666666665
2013-08-31,00:43:21,4.4,16.666577657063804,2.0
2013-08-31,00:48:21,4.266666666666667,17.733230590820312,2.466666666666667
2013-08-31,00:53:21,4.266666666666667,19.733212788899742,2.533333333333333
2013-08-31,00:58:21,4.4,17.79986063639323,2.066666666666667
2013-08-31,01:03:21,5.933333333333334,18.733189900716148,9.733333333333333
2013-08-31,01:08:21,4.866666666666667,18.53322347005208,2.4
2013-08-31,01:13:21,3.8666666666666663,19.06653086344401,2.466666666666667
2013-08-31,01:18:21,4.733333333333333,21.99993133544922,3.0
2013-08-31,01:23:21,4.333333333333333,20.533231099446613,2.2
2013-08-31,01:28:21,5.8,18.133214314778645,11.666666666666664
2013-08-31,01:33:21,4.733333333333333,20.19989013671875,3.0
2013-08-31,01:38:21,4.4,18.26655069986979,9.6
2013-08-31,01:43:21,5.533333333333334,19.733250935872395,10.533333333333333
2013-08-31,01:48:21,3.8,16.199874877929688,2.466666666666667
2013-08-31,01:53:21,4.6,16.933224995930992,2.2666666666666666
2013-08-31,01:58:22,4.066666666666666,16.333287556966145,2.466666666666667
2013-08-31,02:03:22,6.4,16.999905904134113,10.333333333333334
2013-08-31,02:08:22,4.466666666666667,17.26659138997396,2.466666666666667
2013-08-31,02:13:22,3.733333333333333,16.999893188476562,2.466666666666667
2013-08-31,02:18:22,5.133333333333334,17.333196004231773,2.533333333333333
2013-08-31,02:23:22,3.8,17.066561381022133,2.4
2013-08-31,02:28:22,4.533333333333333,18.599891662597656,2.1333333333333333
2013-08-31,02:33:22,4.2,16.599884033203125,2.1333333333333333
2013-08-31,02:38:22,4.2,17.59990692138672,2.2666666666666666
2013-08-31,02:43:22,4.4,17.199935913085938,2.4
2013-08-31,02:48:22,3.8,17.133255004882812,2.7333333333333334
2013-08-31,02:53:22,4.933333333333334,21.39984130859375,2.466666666666667
2013-08-31,02:58:22,3.733333333333333,17.59990692138672,2.2666666666666666
2013-08-31,03:03:22,6.8,19.39990997314453,10.0
2013-08-31,03:08:22,4.2,17.599881490071613,2.533333333333333
2013-08-31,03:13:22,4.266666666666667,21.399917602539062,3.333333333333333
2013-08-31,03:18:22,4.666666666666667,19.99988555908203,3.4
2013-08-31,03:23:22,3.8,18.79985809326172,2.7333333333333334
2013-08-31,03:28:22,5.2,20.599899291992188,4.8
2013-08-31,03:33:22,4.266666666666667,16.733258565266926,4.2
2013-08-31,03:38:22,5.0,18.26653798421224,4.533333333333333
2013-08-31,03:43:22,4.333333333333333,16.933199564615883,3.933333333333333
2013-08-31,03:48:22,4.6,17.39988962809245,5.333333333333333
2013-08-31,03:53:22,4.933333333333334,14.999923706054688,5.0
2013-08-31,03:58:22,5.8,24.39990997314453,5.133333333333334
2013-08-31,04:03:22,7.666666666666666,30.933240254720058,12.6
2013-08-31,04:08:22,4.266666666666667,19.46654001871745,5.333333333333333
2013-08-31,04:13:22,4.933333333333334,18.466517130533855,5.066666666666666
2013-08-31,04:18:22,4.6,19.466578165690102,4.6
2013-08-31,04:23:22,4.666666666666667,16.666615804036457,6.2
2013-08-31,04:28:22,4.866666666666667,18.999913533528645,4.533333333333333
2013-08-31,04:33:22,4.266666666666667,18.73321533203125,5.4
2013-08-31,04:38:22,5.4,20.066553751627605,6.2666666666666675
2013-08-31,04:43:22,4.0,16.79987589518229,4.333333333333333
2013-08-31,04:48:22,5.0,19.399884541829426,4.866666666666666
2013-08-31,04:53:23,4.666666666666667,16.599909464518227,4.933333333333334
2013-08-31,04:58:23,4.333333333333333,17.999916076660156,4.133333333333334
2013-08-31,05:03:23,16.46666666666667,18.466580708821613,100.0
2013-08-31,05:08:23,4.533333333333333,17.399864196777344,4.666666666666667
2013-08-31,05:13:23,4.8,17.333221435546875,4.133333333333334
2013-08-31,05:18:23,5.0,20.33323923746745,4.466666666666667
2013-08-31,05:23:23,4.533333333333333,17.866566975911457,4.2
2013-08-31,05:28:22,4.866666666666667,16.199874877929688,3.466666666666667
2013-08-31,05:33:22,4.0,17.199859619140625,3.4
2013-08-31,05:38:22,4.866666666666667,18.33318074544271,3.466666666666667
2013-08-31,05:43:22,4.333333333333333,19.06653086344401,3.533333333333333
2013-08-31,05:48:22,4.733333333333333,17.13324228922526,3.6
2013-08-31,05:53:22,4.4,17.9998779296875,3.4
2013-08-31,05:58:22,4.2,17.19989776611328,3.533333333333333
2013-08-31,06:03:22,7.0,17.999954223632812,10.866666666666667
2013-08-31,06:08:22,3.933333333333333,18.399887084960938,3.933333333333333
2013-08-31,06:13:22,4.8,18.19988250732422,3.6666666666666665
2013-08-31,06:18:22,4.533333333333333,19.799880981445312,3.466666666666667
2013-08-31,06:23:22,4.6,15.399932861328125,3.1333333333333333
2013-08-31,06:28:22,4.333333333333333,16.7999267578125,2.533333333333333
2013-08-31,06:33:22,4.133333333333333,17.73326873779297,2.8
2013-08-31,06:38:22,4.533333333333333,17.39990234375,2.7333333333333334
2013-08-31,06:43:22,3.733333333333333,17.79987335205078,3.1333333333333333
2013-08-31,06:48:23,4.6,18.999862670898438,3.066666666666667
2013-08-31,06:53:23,4.266666666666667,16.599884033203125,3.0
2013-08-31,06:58:23,4.733333333333333,17.19989776611328,3.2666666666666666
2013-08-31,07:03:23,6.2666666666666675,18.999862670898438,9.866666666666667
2013-08-31,07:08:23,4.066666666666666,15.733273824055994,2.8
2013-08-31,07:13:23,4.733333333333333,19.86658732096354,2.6666666666666665
2013-08-31,07:18:23,3.933333333333333,18.46654256184896,2.8
2013-08-31,07:23:23,4.666666666666667,16.13325754801432,2.933333333333333
2013-08-31,07:28:23,4.0,19.266535441080727,2.533333333333333
2013-08-31,07:33:23,4.733333333333333,16.99993133544922,2.933333333333333
2013-08-31,07:38:23,4.133333333333333,19.733250935872395,2.6
2013-08-31,07:43:23,4.066666666666666,15.799929300944008,2.4
2013-08-31,07:48:23,4.6,15.866584777832033,2.7333333333333334
2013-08-31,07:53:23,4.0,17.199885050455727,2.2666666666666666
2013-08-31,07:58:23,4.666666666666667,16.93323771158854,2.333333333333333
2013-08-31,08:03:23,6.2,17.9998779296875,9.466666666666667
2013-08-31,08:08:23,4.466666666666667,17.333234151204426,2.2666666666666666
2013-08-31,08:13:23,4.333333333333333,18.599853515625,2.2
2013-08-31,08:18:23,4.4,18.93319447835286,2.4
2013-08-31,08:23:23,4.666666666666667,20.666567484537758,2.4
2013-08-31,08:28:23,3.733333333333333,20.26655832926432,2.4
2013-08-31,08:33:23,4.866666666666667,17.133229573567707,2.2
2013-08-31,08:38:23,3.8,17.933197021484375,2.4
2013-08-31,08:43:23,4.533333333333333,18.26655069986979,2.066666666666667
2013-08-31,08:48:23,4.133333333333333,18.399937947591148,2.2
2013-08-31,08:53:23,4.266666666666667,18.133201599121094,2.466666666666667
2013-08-31,08:58:23,4.533333333333333,18.999862670898438,2.2666666666666666
2013-08-31,09:03:23,5.933333333333334,20.666567484537758,9.333333333333334
2013-08-31,09:08:23,4.866666666666667,17.933247884114586,2.466666666666667
2013-08-31,09:13:24,4.0,18.933245340983074,2.2666666666666666
2013-08-31,09:18:24,4.6,18.599878946940102,2.466666666666667
2013-08-31,09:23:24,4.2,18.466593424479164,2.4
2013-08-31,09:28:24,4.2,18.933232625325523,2.333333333333333
2013-08-31,09:33:24,4.466666666666667,15.733273824055994,2.333333333333333
2013-08-31,09:38:24,3.733333333333333,16.199925740559895,2.333333333333333
2013-08-31,09:43:24,4.8,16.533177693684895,2.1333333333333333
2013-08-31,09:48:24,3.6,18.466555277506508,2.466666666666667
2013-08-31,09:53:24,4.533333333333333,15.666605631510414,2.2666666666666666
2013-08-31,09:58:24,4.066666666666666,14.999923706054688,2.2666666666666666
2013-08-31,10:03:24,6.2,17.19989776611328,9.6
2013-08-31,10:08:24,4.4,15.799929300944008,2.4
2013-08-31,10:13:24,3.933333333333333,16.7999267578125,2.066666666666667
2013-08-31,10:18:24,5.0,20.399932861328125,2.4
2013-08-31,10:23:24,3.933333333333333,20.599899291992188,2.2
2013-08-31,10:28:24,4.466666666666667,17.599868774414062,2.0
2013-08-31,10:33:24,4.2,17.59990692138672,2.6666666666666665
2013-08-31,10:38:24,4.0,18.599891662597656,2.066666666666667
2013-08-31,10:43:24,4.533333333333333,17.199859619140625,2.066666666666667
2013-08-31,10:48:24,3.733333333333333,17.799949645996094,2.4
2013-08-31,10:53:24,5.133333333333334,16.59992218017578,2.2
2013-08-31,10:58:24,3.733333333333333,16.199913024902344,2.333333333333333
2013-08-31,11:03:24,6.666666666666666,18.19988250732422,9.533333333333333
2013-08-31,11:08:24,4.4,19.599876403808594,2.8
2013-08-31,11:13:24,4.2,21.199874877929688,2.1333333333333333
2013-08-31,11:18:24,4.866666666666667,20.19989013671875,2.4
2013-08-31,11:23:24,3.8666666666666663,19.733212788899742,2.4
2013-08-31,11:28:24,4.866666666666667,19.133199055989582,2.2
2013-08-31,11:33:24,3.733333333333333,18.533185323079426,2.466666666666667
2013-08-31,11:38:24,4.533333333333333,17.79986063639323,2.6
2013-08-31,11:43:24,4.2,17.66651153564453,2.333333333333333
2013-08-31,11:48:25,4.0,17.133255004882812,2.7333333333333334
2013-08-31,11:53:25,4.666666666666667,17.666549682617188,2.2666666666666666
2013-08-31,11:58:25,3.666666666666667,19.06653086344401,2.466666666666667
2013-08-31,12:03:25,7.0,17.266553243001297,9.866666666666667
2013-08-31,12:08:25,3.6,17.06659952799479,2.333333333333333
2013-08-31,12:13:25,4.6,19.53325907389323,2.2
2013-08-31,12:18:25,4.2,19.133199055989582,2.2666666666666666
2013-08-31,12:23:25,4.333333333333333,16.933212280273438,2.1333333333333333
2013-08-31,12:28:25,4.533333333333333,20.19989013671875,2.333333333333333
2013-08-31,12:33:25,3.733333333333333,16.7999267578125,2.2666666666666666
2013-08-31,12:38:25,5.133333333333334,17.866554260253906,2.4
2013-08-31,12:43:25,3.666666666666667,15.599937438964846,2.466666666666667
2013-08-31,12:48:25,4.6,18.133214314778645,3.0
2013-08-31,12:53:25,4.2,17.533226013183594,2.2
2013-08-31,12:58:25,4.2,15.866610209147133,2.6666666666666665
2013-08-31,13:03:25,6.933333333333334,20.79986572265625,9.466666666666667
2013-08-31,13:08:25,3.8,19.866549173990883,2.2666666666666666
2013-08-31,13:13:25,4.933333333333334,19.333203633626304,2.066666666666667
2013-08-31,13:18:25,3.8666666666666663,18.199844360351562,2.6
2013-08-31,13:23:25,4.6,17.199910481770832,2.7333333333333334
2013-08-31,13:28:25,4.0,19.066556294759117,2.2666666666666666
2013-08-31,13:33:25,4.333333333333333,19.199867248535156,2.466666666666667
2013-08-31,13:38:25,4.533333333333333,15.466575622558592,2.8
2013-08-31,13:43:25,3.733333333333333,13.533223470052084,2.0
2013-08-31,13:48:25,4.8,16.999918619791668,2.466666666666667
2013-08-31,13:53:25,3.8,17.999928792317704,2.2
2013-08-31,13:58:26,4.4,16.333236694335938,2.533333333333333
2013-08-31,14:03:26,6.2,16.199913024902344,9.333333333333334
2013-08-31,14:08:26,4.066666666666666,17.39988962809245,2.6
2013-08-31,14:13:26,4.533333333333333,17.799911499023438,2.066666666666667
2013-08-31,14:18:26,4.0,21.59992218017578,2.2666666666666666
2013-08-31,14:23:26,4.866666666666667,17.39990234375,2.6
2013-08-31,14:28:26,3.8666666666666663,18.599891662597656,3.0
2013-08-31,14:33:25,4.6,17.399826049804688,2.4
2013-08-31,14:38:25,4.133333333333333,17.39990234375,2.333333333333333
2013-08-31,14:43:25,4.0,16.39995574951172,2.1333333333333333
2013-08-31,14:48:25,4.533333333333333,15.999908447265627,2.533333333333333
2013-08-31,14:53:25,3.8666666666666663,18.599891662597656,2.2
2013-08-31,14:58:25,4.733333333333333,16.399879455566406,2.533333333333333
2013-08-31,15:03:25,6.0,17.799911499023438,9.333333333333334
2013-08-31,15:08:25,4.466666666666667,16.99993133544922,2.466666666666667
2013-08-31,15:13:25,4.4,15.799903869628906,2.333333333333333
2013-08-31,15:18:25,4.2,17.399940490722656,2.2666666666666666
2013-08-31,15:23:25,4.733333333333333,17.199935913085938,2.6666666666666665
2013-08-31,15:28:25,3.8666666666666663,16.799914042154946,2.0
2013-08-31,15:33:25,4.733333333333333,21.999893188476562,2.2
2013-08-31,15:38:25,3.666666666666667,17.599856058756508,2.4
2013-08-31,15:43:25,4.533333333333333,16.466598510742188,2.466666666666667
2013-08-31,15:48:26,4.133333333333333,15.666605631510414,2.4
2013-08-31,15:53:26,4.066666666666666,17.999903361002602,2.333333333333333
2013-08-31,15:58:26,4.533333333333333,16.199925740559895,2.4
2013-08-31,16:03:26,6.0,16.866556803385414,9.533333333333333
2013-08-31,16:08:26,4.933333333333334,17.39988962809245,2.6
2013-08-31,16:13:26,4.0,16.599896748860676,2.2666666666666666
2013-08-31,16:18:26,5.266666666666667,19.399871826171875,2.466666666666667
2013-08-31,16:23:26,4.2,16.933250427246094,2.533333333333333
2013-08-31,16:28:26,4.066666666666666,17.199859619140625,2.2
2013-08-31,16:33:26,4.666666666666667,17.799886067708336,2.066666666666667
2013-08-31,16:38:26,3.666666666666667,18.599891662597656,2.533333333333333
2013-08-31,16:43:26,4.866666666666667,18.399874369303383,2.333333333333333
2013-08-31,16:48:26,3.8,18.933232625325523,2.7333333333333334
2013-08-31,16:53:26,4.733333333333333,17.399965922037758,2.2666666666666666
2013-08-31,16:58:26,4.133333333333333,14.866612752278648,2.466666666666667
2013-08-31,17:03:26,6.533333333333334,19.06653086344401,9.533333333333333
2013-08-31,17:08:26,4.533333333333333,17.066561381022133,2.2666666666666666
2013-08-31,17:13:26,3.933333333333333,16.33324940999349,2.333333333333333
2013-08-31,17:18:26,5.0,19.733212788899742,3.066666666666667
2013-08-31,17:23:26,3.8666666666666663,14.266586303710938,2.333333333333333
2013-08-31,17:28:26,4.533333333333333,15.066591898600256,2.2666666666666666
2013-08-31,17:33:26,4.066666666666666,15.666567484537758,2.1333333333333333
2013-08-31,17:38:26,4.2,15.666592915852865,2.333333333333333
2013-08-31,17:43:26,4.4,18.399925231933594,2.333333333333333
2013-08-31,17:48:26,3.8,19.933217366536454,2.933333333333333
2013-08-31,17:53:26,5.2,13.999900817871094,2.466666666666667
2013-08-31,17:58:26,3.733333333333333,15.533243815104164,2.466666666666667
2013-08-31,18:03:26,6.7333333333333325,18.999900817871094,9.533333333333333
2013-08-31,18:08:26,4.066666666666666,17.799924214680992,2.2666666666666666
2013-08-31,18:13:26,4.266666666666667,17.933247884114586,2.1333333333333333
2013-08-31,18:18:27,4.666666666666667,19.99988555908203,2.6
2013-08-31,18:23:27,3.933333333333333,18.066507975260418,2.466666666666667
2013-08-31,18:28:27,4.8,16.399917602539062,2.2
2013-08-31,18:33:27,5.333333333333334,34.59991455078125,2.466666666666667
2013-08-31,18:38:27,4.6,22.799911499023438,2.333333333333333
2013-08-31,18:43:27,4.133333333333333,17.999916076660156,2.066666666666667
2013-08-31,18:48:27,4.066666666666666,16.466585795084633,2.6666666666666665
2013-08-31,18:53:27,4.6,17.39990234375,2.333333333333333
2013-08-31,18:58:27,3.733333333333333,16.599884033203125,2.2666666666666666
2013-08-31,19:03:27,7.133333333333334,17.599945068359375,9.466666666666667
2013-08-31,19:08:27,3.733333333333333,18.199844360351562,2.4
2013-08-31,19:13:27,4.533333333333333,17.86651611328125,2.2
2013-08-31,19:18:27,4.4,20.39989471435547,2.333333333333333
2013-08-31,19:23:27,4.133333333333333,16.39995574951172,2.4
2013-08-31,19:28:27,4.666666666666667,15.399971008300781,2.466666666666667
2013-08-31,19:33:27,3.8,17.46657053629557,2.466666666666667
2013-08-31,19:38:27,4.866666666666667,16.599947611490887,2.2666666666666666
2013-08-31,19:43:27,3.8,18.199895222981773,2.4
2013-08-31,19:48:27,4.533333333333333,19.799880981445312,2.4
2013-08-31,19:53:27,4.133333333333333,18.999862670898438,2.2
2013-08-31,19:58:27,4.133333333333333,19.599876403808594,2.4
2013-08-31,20:03:27,6.7333333333333325,19.133199055989582,9.533333333333333
2013-08-31,20:08:27,3.8,17.733230590820312,2.466666666666667
2013-08-31,20:13:27,5.066666666666666,18.266563415527344,2.066666666666667
2013-08-31,20:18:27,3.8,17.86660512288411,2.533333333333333
2013-08-31,20:23:27,4.6,18.66657257080078,2.2
2013-08-31,20:28:27,4.0,17.93323516845703,2.7333333333333334
2013-08-31,20:33:27,4.333333333333333,17.533238728841148,2.466666666666667
2013-08-31,20:38:27,4.2,17.39990234375,2.2666666666666666
2013-08-31,20:43:27,3.8,16.13325754801432,2.2
2013-08-31,20:48:27,4.666666666666667,17.399915059407554,2.533333333333333
2013-08-31,20:53:27,3.8,16.533228556315102,2.333333333333333
2013-08-31,20:58:27,4.8,17.666549682617188,2.7333333333333334
2013-08-31,21:03:27,6.4,21.93326314290364,9.533333333333333
2013-08-31,21:08:27,4.4,17.799886067708336,2.466666666666667
2013-08-31,21:13:27,4.4,15.933265686035156,2.333333333333333
2013-08-31,21:18:27,4.2,19.99988555908203,2.6
2013-08-31,21:23:27,4.733333333333333,19.53320821126302,2.333333333333333
2013-08-31,21:28:27,3.8,17.666575113932293,2.066666666666667
2013-08-31,21:33:28,4.6,19.266535441080727,2.333333333333333
2013-08-31,21:38:28,4.0,16.7999267578125,2.6
2013-08-31,21:43:28,4.333333333333333,19.99988555908203,2.2666666666666666
2013-08-31,21:48:28,4.333333333333333,18.06652069091797,2.6
2013-08-31,21:53:28,4.2,18.399912516276043,2.6
2013-08-31,21:58:28,4.6,18.533261617024742,2.466666666666667
2013-08-31,22:03:28,5.866666666666666,19.066569010416668,9.4
2013-08-31,22:08:28,4.533333333333333,22.533276875813797,2.533333333333333
2013-08-31,22:13:28,4.066666666666666,20.066553751627605,2.333333333333333
2013-08-31,22:18:28,4.666666666666667,17.399864196777344,2.4
2013-08-31,22:23:28,4.266666666666667,16.999893188476562,2.4
2013-08-31,22:28:28,4.0,17.266565958658855,2.533333333333333
2013-08-31,22:33:28,4.733333333333333,21.399917602539062,2.4
2013-08-31,22:38:28,4.066666666666666,18.466529846191406,2.333333333333333
2013-08-31,22:43:28,4.533333333333333,18.066546122233074,2.6666666666666665
2013-08-31,22:48:28,4.2,20.599899291992188,2.7333333333333334
2013-08-31,22:53:28,4.666666666666667,18.999862670898438,2.6666666666666665
2013-08-31,22:58:28,4.2,19.666506449381508,2.2666666666666666
2013-08-31,23:03:28,6.533333333333334,18.599853515625,9.6
2013-08-31,23:08:28,4.533333333333333,19.59991455078125,2.4
2013-08-31,23:13:28,3.8666666666666663,16.799888610839844,2.2666666666666666
2013-08-31,23:18:28,4.666666666666667,18.399887084960938,2.4
2013-08-31,23:23:28,4.266666666666667,17.46655782063802,2.333333333333333
2013-08-31,23:28:28,4.466666666666667,16.466573079427082,2.466666666666667
2013-08-31,23:33:28,4.2,16.399930318196617,2.1333333333333333
2013-08-31,23:38:28,4.133333333333333,17.9998779296875,2.6666666666666665
2013-08-31,23:43:28,4.466666666666667,18.33318074544271,2.0
2013-08-31,23:48:28,3.8666666666666663,17.933171590169266,2.533333333333333
2013-08-31,23:53:28,4.666666666666667,17.79987335205078,2.333333333333333
2013-08-31,23:58:28,4.266666666666667,19.133199055989582,2.6666666666666665
2013-09-01,00:03:28,6.6,17.19989776611328,9.666666666666666
2013-09-01,00:08:28,4.2,17.466608683268227,2.466666666666667
2013-09-01,00:13:28,4.2,21.333249409993492,2.1333333333333333
2013-09-01,00:18:28,4.666666666666667,20.333226521809898,2.466666666666667
2013-09-01,00:23:28,3.666666666666667,20.533205668131508,2.8666666666666667
2013-09-01,00:28:28,4.533333333333333,20.333213806152344,2.533333333333333
2013-09-01,00:33:28,4.2,19.46654001871745,2.533333333333333
2013-09-01,00:38:28,4.4,20.066553751627605,2.4
2013-09-01,00:43:28,4.2,15.533269246419271,2.466666666666667
2013-09-01,00:48:28,4.6,16.666552225748696,2.533333333333333
2013-09-01,00:53:28,4.666666666666667,17.666536966959637,2.1333333333333333
2013-09-01,00:58:28,3.733333333333333,17.599868774414062,2.2666666666666666
2013-09-01,01:03:28,6.866666666666666,21.13324483235677,9.733333333333333
2013-09-01,01:08:28,4.266666666666667,19.99988555908203,2.533333333333333
2013-09-01,01:13:28,4.666666666666667,16.73322041829427,2.4
2013-09-01,01:18:28,4.2,18.66652170817057,2.6
2013-09-01,01:23:28,4.133333333333333,17.533200581868485,2.2
2013-09-01,01:28:28,6.333333333333334,20.06659189860026,13.066666666666665
2013-09-01,01:33:28,4.266666666666667,20.533231099446613,4.933333333333334
2013-09-01,01:38:28,5.333333333333334,21.666590372721352,12.133333333333333
2013-09-01,01:43:28,4.533333333333333,17.733179728190102,7.6
2013-09-01,01:48:29,4.666666666666667,16.933250427246094,2.6
2013-09-01,01:53:29,4.266666666666667,21.266581217447914,2.466666666666667
2013-09-01,01:58:29,4.733333333333333,25.26655832926432,2.7333333333333334
2013-09-01,02:03:29,6.8,20.266571044921875,11.666666666666664
2013-09-01,02:08:29,4.4,18.53321075439453,3.2
2013-09-01,02:13:29,4.6,18.599853515625,2.2
2013-09-01,02:18:29,4.2,17.79987335205078,2.2666666666666666
2013-09-01,02:23:29,4.533333333333333,19.266573588053383,2.466666666666667
2013-09-01,02:28:29,4.4,17.466608683268227,2.066666666666667
2013-09-01,02:33:29,4.428571428571427,18.928514208112446,2.5
2013-09-01,02:38:29,4.4,16.99993133544922,2.4
2013-09-01,02:43:29,3.933333333333333,17.199859619140625,2.333333333333333
2013-09-01,02:48:29,4.6,15.999946594238281,2.533333333333333
2013-09-01,02:53:29,4.266666666666667,16.399917602539062,2.2666666666666666
2013-09-01,02:58:29,4.133333333333333,18.199844360351562,2.2666666666666666
2013-09-01,03:03:29,7.4,20.066553751627605,10.0
2013-09-01,03:08:29,5.4,20.866572062174477,3.066666666666667
2013-09-01,03:13:29,5.533333333333334,18.19988250732422,3.4
2013-09-01,03:18:29,5.133333333333334,19.46654001871745,4.0
2013-09-01,03:23:29,6.2,21.399879455566406,4.266666666666667
2013-09-01,03:28:29,6.0,18.466517130533855,4.266666666666667
2013-09-01,03:33:29,6.0,16.46656036376953,4.866666666666666
2013-09-01,03:38:29,6.4,16.733258565266926,4.0
2013-09-01,03:43:29,6.333333333333334,16.19988759358724,4.6
2013-09-01,03:48:29,6.466666666666666,17.39990234375,4.733333333333333
2013-09-01,03:53:29,5.7333333333333325,17.9998779296875,4.933333333333334
2013-09-01,03:58:29,6.533333333333334,16.7999267578125,4.0
2013-09-01,04:03:29,8.6,17.59991963704427,12.333333333333336
2013-09-01,04:08:29,6.333333333333334,17.866566975911457,4.666666666666667
2013-09-01,04:13:29,6.866666666666666,19.066543579101562,4.4
2013-09-01,04:18:30,6.4,20.733235677083336,4.733333333333333
2013-09-01,04:23:30,6.6,20.133234659830727,4.266666666666667
2013-09-01,04:28:30,5.933333333333334,20.39989471435547,4.266666666666667
2013-09-01,04:33:30,6.666666666666666,18.39984893798828,3.2666666666666666
2013-09-01,04:38:30,5.933333333333334,17.93322245279948,4.4
2013-09-01,04:43:30,6.2,18.799896240234375,4.266666666666667
2013-09-01,04:48:30,6.333333333333334,15.733273824055994,3.1333333333333333
2013-09-01,04:53:30,6.2,17.799911499023438,2.7333333333333334
2013-09-01,04:58:30,6.533333333333334,18.466567993164062,2.8666666666666667
2013-09-01,05:03:30,17.8,19.999910990397133,100.0
2013-09-01,05:08:30,6.7333333333333325,23.599904378255204,4.533333333333333
2013-09-01,05:13:30,5.933333333333334,16.399917602539062,3.466666666666667
2013-09-01,05:18:30,6.6,18.19988250732422,3.6666666666666665
2013-09-01,05:23:30,6.8,20.59986114501953,3.8666666666666663
2013-09-01,05:28:30,6.0,16.59992218017578,3.2
2013-09-01,05:33:30,7.2,16.59992218017578,3.0
2013-09-01,05:38:30,5.066666666666666,18.39984893798828,3.066666666666667
2013-09-01,05:43:30,5.533333333333334,18.33325703938802,3.933333333333333
2013-09-01,05:48:30,6.133333333333334,18.13317616780599,13.466666666666667
2013-09-01,05:53:30,5.666666666666666,18.399925231933594,3.1333333333333333
2013-09-01,05:58:30,5.666666666666666,17.266553243001297,3.1333333333333333
2013-09-01,06:03:30,7.857142857142858,18.928514208112446,11.0
2013-09-01,06:08:30,6.2,18.2666015625,3.1333333333333333
2013-09-01,06:13:30,5.642857142857142,17.42850712367467,3.2142857142857144
2013-09-01,06:18:30,6.0,20.33323923746745,3.1333333333333333
2013-09-01,06:23:30,5.666666666666666,16.53325398763021,2.8666666666666667
2013-09-01,06:28:30,5.333333333333334,18.599853515625,2.533333333333333
2013-09-01,06:33:30,6.2666666666666675,16.466623942057293,3.066666666666667
2013-09-01,06:38:31,5.8,18.66652170817057,2.6666666666666665
2013-09-01,06:43:31,5.933333333333334,19.33324178059896,2.0
2013-09-01,06:48:31,5.4,18.399912516276043,2.466666666666667
2013-09-01,06:53:31,6.428571428571429,16.285582951137,2.571428571428572
2013-09-01,06:58:31,5.4,18.799896240234375,2.466666666666667
2013-09-01,07:03:31,8.0,16.19988759358724,9.8
2013-09-01,07:08:31,5.7333333333333325,19.866549173990883,2.466666666666667
2013-09-01,07:13:31,6.066666666666666,18.33318074544271,2.333333333333333
2013-09-01,07:18:31,6.466666666666666,18.46654256184896,2.466666666666667
2013-09-01,07:23:31,5.533333333333334,16.53325398763021,2.4
2013-09-01,07:28:31,6.4,19.199905395507812,2.0
2013-09-01,07:33:31,5.466666666666666,16.59984588623047,2.466666666666667
2013-09-01,07:38:31,6.2666666666666675,19.199905395507812,2.8
2013-09-01,07:43:31,5.866666666666666,15.799903869628906,2.466666666666667
2013-09-01,07:48:31,5.6,17.39983876546224,2.6666666666666665
2013-09-01,07:53:31,6.333333333333334,18.19988250732422,2.333333333333333
2013-09-01,07:58:31,5.642857142857142,17.2856194632394,2.4285714285714284
2013-09-01,08:03:31,8.6,17.39990234375,9.533333333333333
2013-09-01,08:08:31,5.933333333333334,17.46654510498047,2.1333333333333333
2013-09-01,08:13:31,6.066666666666666,19.133224487304688,2.4
2013-09-01,08:18:31,6.6,20.19989013671875,2.2666666666666666
2013-09-01,08:23:31,5.666666666666666,17.799924214680992,2.4
2013-09-01,08:28:31,6.571428571428571,17.142745426722936,2.2142857142857144
2013-09-01,08:33:31,6.0,16.39984130859375,2.4
2013-09-01,08:38:32,6.866666666666666,14.533259073893227,2.4
2013-09-01,08:43:31,5.8,17.533200581868485,3.066666666666667
2013-09-01,08:48:31,6.466666666666666,18.13323974609375,2.533333333333333
2013-09-01,08:53:31,6.066666666666666,20.799916585286454,2.466666666666667
2013-09-01,08:58:31,6.2,17.9998779296875,2.2
2013-09-01,09:03:31,9.133333333333333,20.26654561360677,9.666666666666666
2013-09-01,09:08:31,6.666666666666666,39.33325449625651,2.333333333333333
2013-09-01,09:13:31,6.857142857142858,25.07134846278599,2.2857142857142856
2013-09-01,09:18:31,5.933333333333334,20.19989013671875,2.6666666666666665
2013-09-01,09:23:31,6.933333333333334,18.19988250732422,2.933333333333333
2013-09-01,09:28:31,6.333333333333334,17.133216857910156,2.2666666666666666
2013-09-01,09:33:31,6.4,16.266555786132812,2.466666666666667
2013-09-01,09:38:31,6.8,15.333239237467444,2.933333333333333
2013-09-01,09:43:31,5.7333333333333325,16.199951171875,2.466666666666667
2013-09-01,09:48:31,6.8,15.399971008300781,2.2666666666666666
2013-09-01,09:53:31,6.2142857142857135,15.785626002720424,2.2857142857142856
2013-09-01,09:58:31,6.7333333333333325,19.99988555908203,2.466666666666667
2013-09-01,10:03:31,8.533333333333333,16.799901326497398,9.666666666666666
2013-09-01,10:08:32,6.2,18.466555277506508,2.4
2013-09-01,10:13:32,6.8,15.399932861328125,2.2
2013-09-01,10:18:32,6.0,22.599868774414062,2.333333333333333
2013-09-01,10:23:32,7.0,17.933184305826824,2.8
2013-09-01,10:28:32,6.066666666666666,18.19990793863932,2.333333333333333
2013-09-01,10:33:32,6.7333333333333325,15.999946594238281,2.6666666666666665
2013-09-01,10:38:32,6.6,17.066523234049477,2.1333333333333333
2013-09-01,10:43:32,6.533333333333334,18.7332280476888,2.2
2013-09-01,10:48:32,6.933333333333334,17.733243306477863,2.2666666666666666
2013-09-01,10:53:32,6.2,18.7332280476888,2.333333333333333
2013-09-01,10:58:32,6.7333333333333325,19.599876403808594,2.2666666666666666
2013-09-01,11:03:32,8.666666666666666,18.66655985514323,9.733333333333333
2013-09-01,11:08:32,6.533333333333334,18.599853515625,2.6
2013-09-01,11:13:32,7.0,19.799880981445312,2.333333333333333
2013-09-01,11:18:32,6.466666666666666,16.866556803385414,2.333333333333333
2013-09-01,11:23:32,6.8,18.733189900716148,2.533333333333333
2013-09-01,11:28:32,6.133333333333334,16.46661122639974,2.066666666666667
2013-09-01,11:33:32,7.0,18.466580708821613,2.533333333333333
2013-09-01,11:38:32,6.066666666666666,16.79993947347005,2.4
2013-09-01,11:43:32,6.333333333333334,14.733289082845054,2.2
2013-09-01,11:48:32,7.0,16.399917602539062,2.6
2013-09-01,11:53:32,6.466666666666666,15.799942016601562,2.1333333333333333
2013-09-01,11:58:32,6.933333333333334,18.33318074544271,2.4
2013-09-01,12:03:32,8.2,17.33325958251953,9.866666666666667
2013-09-01,12:08:32,6.7333333333333325,17.533213297526043,2.2
2013-09-01,12:13:32,6.666666666666666,19.199867248535156,2.333333333333333
2013-09-01,12:18:32,6.8,20.666567484537758,2.4
2013-09-01,12:23:32,6.933333333333334,19.333203633626304,2.4
2013-09-01,12:28:33,6.2,18.799896240234375,2.066666666666667
2013-09-01,12:33:33,7.333333333333334,18.79985809326172,2.466666666666667
2013-09-01,12:38:33,6.2,16.533241271972656,2.533333333333333
2013-09-01,12:43:33,5.666666666666666,16.266581217447914,2.466666666666667
2013-09-01,12:48:33,5.666666666666666,16.33326212565104,2.7333333333333334
2013-09-01,12:53:33,4.2,18.33324432373047,2.333333333333333
2013-09-01,12:58:33,4.466666666666667,18.733240763346352,2.6
2013-09-01,13:03:33,6.0,19.86658732096354,9.333333333333334
2013-09-01,13:08:33,5.266666666666667,17.666562398274742,2.333333333333333
2013-09-01,13:13:33,4.2,16.199925740559895,2.466666666666667
2013-09-01,13:18:33,4.866666666666667,19.733212788899742,2.4
2013-09-01,13:23:33,4.533333333333333,18.7332280476888,2.333333333333333
2013-09-01,13:28:33,4.466666666666667,16.53325398763021,2.466666666666667
2013-09-01,13:33:33,4.933333333333334,18.866564432779946,2.466666666666667
2013-09-01,13:38:33,4.266666666666667,17.666575113932293,2.333333333333333
2013-09-01,13:43:33,5.2,19.333203633626304,2.533333333333333
2013-09-01,13:48:33,4.333333333333333,18.999862670898438,2.7333333333333334
2013-09-01,13:53:33,5.133333333333334,17.19989776611328,2.333333333333333
2013-09-01,13:58:33,4.666666666666667,18.266512552897133,2.2666666666666666
2013-09-01,14:03:33,6.933333333333334,19.53320821126302,9.866666666666667
2013-09-01,14:08:33,5.133333333333334,18.86652628580729,2.2666666666666666
2013-09-01,14:13:33,4.533333333333333,17.733205159505207,2.2666666666666666
2013-09-01,14:18:33,5.6,18.66657257080078,2.6666666666666665
2013-09-01,14:23:33,4.533333333333333,16.599884033203125,2.4
2013-09-01,14:28:33,5.133333333333334,18.133227030436196,2.333333333333333
2013-09-01,14:33:34,4.8,16.7999267578125,2.6
2013-09-01,14:38:34,4.866666666666667,19.199905395507812,2.466666666666667
2013-09-01,14:43:34,5.2,17.399864196777344,2.2666666666666666
2013-09-01,14:48:34,4.6,17.799911499023438,2.533333333333333
2013-09-01,14:53:34,5.8,17.19989776611328,2.4
2013-09-01,14:58:34,4.6,16.7999267578125,2.8
2013-09-01,15:03:34,7.466666666666666,18.19995880126953,9.666666666666666
2013-09-01,15:08:34,4.933333333333334,18.066507975260418,2.4
2013-09-01,15:13:34,5.0,17.533187866210938,2.066666666666667
2013-09-01,15:18:34,5.333333333333334,17.666575113932293,2.4
2013-09-01,15:23:34,4.666666666666667,19.933242797851562,2.533333333333333
2013-09-01,15:28:34,5.933333333333334,16.133219401041668,2.4
2013-09-01,15:33:34,4.933333333333334,19.466565450032554,2.4
2013-09-01,15:38:34,5.466666666666666,18.199920654296875,2.1333333333333333
2013-09-01,15:43:34,5.333333333333334,17.599830627441406,2.333333333333333
2013-09-01,15:48:34,5.2,15.933240254720053,2.6
2013-09-01,15:53:34,5.666666666666666,18.79993438720703,2.2666666666666666
2013-09-01,15:58:34,4.866666666666667,17.133165995279946,2.466666666666667
2013-09-01,16:03:34,8.266666666666666,15.666605631510414,9.733333333333333
2013-09-01,16:08:34,5.066666666666666,17.59990692138672,2.466666666666667
2013-09-01,16:13:34,5.866666666666666,16.399917602539062,2.533333333333333
2013-09-01,16:18:34,5.666666666666666,16.199913024902344,2.7333333333333334
2013-09-01,16:23:34,5.8,18.999900817871094,2.466666666666667
2013-09-01,16:28:34,5.8,16.999969482421875,2.1333333333333333
2013-09-01,16:33:34,5.4,16.466573079427082,2.466666666666667
2013-09-01,16:38:35,6.2666666666666675,18.66657257080078,2.2
2013-09-01,16:43:35,5.133333333333334,19.599901835123696,2.066666666666667
2013-09-01,16:48:35,6.066666666666666,17.266578674316406,2.6666666666666665
2013-09-01,16:53:35,5.466666666666666,18.733189900716148,3.0
2013-09-01,16:58:35,5.533333333333334,17.66651153564453,2.1333333333333333
2013-09-01,17:03:35,8.4,17.59991963704427,10.133333333333333
2013-09-01,17:08:35,5.4,16.866594950358074,2.2666666666666666
2013-09-01,17:13:35,6.533333333333334,19.466578165690102,2.533333333333333
2013-09-01,17:18:35,5.4,17.799835205078125,2.2666666666666666
2013-09-01,17:23:35,6.066666666666666,16.999855041503906,2.2666666666666666
2013-09-01,17:28:35,5.6,17.999839782714844,2.2
2013-09-01,17:33:35,5.8,16.933263142903645,2.2666666666666666
2013-09-01,17:38:35,6.133333333333334,19.933268229166668,2.6
2013-09-01,17:43:35,5.4,19.79991912841797,2.4
2013-09-01,17:48:35,6.2666666666666675,17.866541544596352,2.6
2013-09-01,17:53:35,5.866666666666666,15.999908447265627,2.066666666666667
2013-09-01,17:58:35,6.4,17.066523234049477,2.4
2013-09-01,18:03:35,8.066666666666666,18.133214314778645,9.733333333333333
2013-09-01,18:08:35,5.8,18.933232625325523,2.2666666666666666
2013-09-01,18:13:35,6.333333333333334,16.466573079427082,2.333333333333333
2013-09-01,18:18:35,5.466666666666666,19.59991455078125,2.466666666666667
2013-09-01,18:23:35,6.333333333333334,18.599929809570312,2.2
2013-09-01,18:28:35,5.666666666666666,17.133216857910156,2.533333333333333
2013-09-01,18:33:35,6.2,17.599881490071613,2.466666666666667
2013-09-01,18:38:35,5.866666666666666,15.799967447916663,2.4
2013-09-01,18:43:35,5.933333333333334,14.533271789550781,2.8
2013-09-01,18:48:35,6.4,17.13324228922526,2.533333333333333
2013-09-01,18:53:35,5.6,16.999918619791668,2.533333333333333
2013-09-01,18:58:35,6.2666666666666675,17.533200581868485,2.2666666666666666
2013-09-01,19:03:35,8.266666666666666,19.39990997314453,9.8
2013-09-01,19:08:35,6.2,20.999908447265625,2.533333333333333
2013-09-01,19:13:35,6.066666666666666,16.933263142903645,2.2
2013-09-01,19:18:35,5.866666666666666,19.133199055989582,2.4
2013-09-01,19:23:35,6.2666666666666675,16.933212280273438,2.7333333333333334
2013-09-01,19:28:35,5.533333333333334,17.599945068359375,2.466666666666667
2013-09-01,19:33:35,6.2666666666666675,15.9332275390625,2.466666666666667
2013-09-01,19:38:35,6.0,18.26653798421224,2.2666666666666666
2013-09-01,19:43:35,6.333333333333334,18.7332280476888,2.2
2013-09-01,19:48:35,6.0,17.93320973714193,2.466666666666667
2013-09-01,19:53:35,5.866666666666666,16.7999267578125,2.333333333333333
2013-09-01,19:58:35,6.2666666666666675,19.999923706054688,2.6666666666666665
2013-09-01,20:03:35,7.8,19.73328908284505,9.333333333333334
2013-09-01,20:08:35,6.333333333333334,20.799853006998696,2.333333333333333
2013-09-01,20:13:35,6.0,18.733189900716148,2.7333333333333334
2013-09-01,20:18:36,6.2666666666666675,16.7999267578125,2.466666666666667
2013-09-01,20:23:36,6.133333333333334,17.99989064534505,2.7333333333333334
2013-09-01,20:28:36,5.6,16.999893188476562,2.2
2013-09-01,20:33:36,6.533333333333334,15.73326110839844,2.466666666666667
2013-09-01,20:38:36,5.6,16.666590372721352,2.1333333333333333
2013-09-01,20:43:36,6.4,17.39990234375,2.333333333333333
2013-09-01,20:48:36,5.933333333333334,17.799911499023438,2.533333333333333
2013-09-01,20:53:36,6.066666666666666,18.86652628580729,2.466666666666667
2013-09-01,20:58:36,6.2,19.066556294759117,2.533333333333333
2013-09-01,21:03:36,7.866666666666666,20.066566467285156,9.8
2013-09-01,21:08:36,6.666666666666666,17.999903361002602,2.4
2013-09-01,21:13:36,5.7333333333333325,17.066574096679688,2.533333333333333
2013-09-01,21:18:36,6.333333333333334,19.39992268880208,2.333333333333333
2013-09-01,21:23:36,4.8,15.066617329915363,2.333333333333333
2013-09-01,21:28:36,4.533333333333333,17.866579691569008,1.8666666666666667
2013-09-01,21:33:36,5.2,19.06653086344401,2.7333333333333334
2013-09-01,21:38:36,4.133333333333333,18.066584269205727,2.1333333333333333
2013-09-01,21:43:36,5.466666666666666,18.33324432373047,2.4
2013-09-01,21:48:36,4.6,20.599899291992188,2.6
2013-09-01,21:53:36,5.0,17.39990234375,2.1333333333333333
2013-09-01,21:58:36,4.733333333333333,19.599876403808594,2.466666666666667
2013-09-01,22:03:36,6.933333333333334,16.799888610839844,9.933333333333334
2013-09-01,22:08:36,5.4,16.599884033203125,2.333333333333333
2013-09-01,22:13:36,5.266666666666667,18.999900817871094,2.466666666666667
2013-09-01,22:18:36,6.666666666666666,20.999908447265625,2.2666666666666666
2013-09-01,22:23:36,5.133333333333334,14.733289082845054,2.4
2013-09-01,22:28:36,6.0,16.13325754801432,2.1333333333333333
2013-09-01,22:33:37,5.6,16.133244832356773,2.6666666666666665
2013-09-01,22:38:37,5.533333333333334,18.866551717122395,2.533333333333333
2013-09-01,22:43:37,5.333333333333334,17.066574096679688,2.533333333333333
2013-09-01,22:48:37,4.8,17.866579691569008,2.6666666666666665
2013-09-01,22:53:37,5.866666666666666,17.46654510498047,2.533333333333333
2013-09-01,22:58:37,4.466666666666667,16.733258565266926,2.333333333333333
2013-09-01,23:03:37,6.7333333333333325,15.533256530761719,9.8
2013-09-01,23:08:37,4.2,20.599886576334637,2.1333333333333333
2013-09-01,23:13:37,4.2,18.199844360351562,2.333333333333333
2013-09-01,23:18:37,4.733333333333333,18.533185323079426,2.2
2013-09-01,23:23:37,4.0,18.99987538655599,2.4
2013-09-01,23:28:37,4.933333333333334,17.46655782063802,2.2666666666666666
2013-09-01,23:33:37,4.0,19.599876403808594,2.6
2013-09-01,23:38:37,4.733333333333333,19.933217366536454,2.8
2013-09-01,23:43:37,4.333333333333333,17.466532389322914,3.0
2013-09-01,23:48:37,4.466666666666667,21.13324483235677,2.8
2013-09-01,23:53:37,4.733333333333333,17.133204142252602,2.333333333333333
2013-09-01,23:58:37,4.133333333333333,18.599929809570312,2.2666666666666666
2013-09-02,00:03:37,7.4,19.266573588053383,9.533333333333333
2013-09-02,00:08:37,4.0,19.199905395507812,2.2666666666666666
2013-09-02,00:13:37,5.133333333333334,18.599853515625,2.2
2013-09-02,00:18:37,4.6,18.999862670898438,2.6
2013-09-02,00:23:37,4.6,17.399940490722656,2.933333333333333
2013-09-02,00:28:37,4.733333333333333,19.599952697753906,2.333333333333333
2013-09-02,00:33:37,4.2,18.399887084960938,2.6
2013-09-02,00:38:37,5.0,14.999923706054688,2.2666666666666666
2013-09-02,00:43:37,4.0,19.19994354248047,2.1333333333333333
2013-09-02,00:48:37,4.933333333333334,17.399864196777344,2.4
2013-09-02,00:53:38,4.6,18.599929809570312,2.4
2013-09-02,00:58:38,4.6,17.799911499023438,2.2666666666666666
2013-09-02,01:03:38,8.733333333333334,35.46653747558594,9.666666666666666
2013-09-02,01:08:38,4.2,24.199905395507812,2.466666666666667
2013-09-02,01:13:38,5.6,18.999900817871094,2.4
2013-09-02,01:18:38,4.333333333333333,21.199874877929688,2.466666666666667
2013-09-02,01:23:38,5.133333333333334,19.999847412109375,3.0
2013-09-02,01:28:38,4.8,19.06653086344401,2.933333333333333
2013-09-02,01:33:38,4.466666666666667,17.733230590820312,2.8
2013-09-02,01:38:38,6.8,16.666590372721352,15.133333333333333
2013-09-02,01:43:38,5.0,17.39987691243489,12.733333333333333
2013-09-02,01:48:38,5.6,18.666547139485672,2.6
2013-09-02,01:53:38,4.533333333333333,18.399937947591148,3.2666666666666666
2013-09-02,01:58:38,4.933333333333334,18.13317616780599,2.533333333333333
2013-09-02,02:03:38,7.0,20.466562906901043,10.6
2013-09-02,02:08:38,4.666666666666667,18.666547139485672,2.8666666666666667
2013-09-02,02:13:38,5.266666666666667,20.999908447265625,2.333333333333333
2013-09-02,02:18:38,4.333333333333333,20.599899291992188,2.4
2013-09-02,02:23:38,5.466666666666666,19.666544596354164,2.4
2013-09-02,02:28:38,4.2,17.066574096679688,1.9333333333333331
2013-09-02,02:33:38,5.133333333333334,16.86658223470052,2.6666666666666665
2013-09-02,02:38:38,4.933333333333334,15.733248392740887,2.466666666666667
2013-09-02,02:43:38,4.666666666666667,17.8665288289388,2.2
2013-09-02,02:48:38,5.4,18.266512552897133,2.533333333333333
2013-09-02,02:53:38,4.333333333333333,17.733167012532554,2.466666666666667
2013-09-02,02:58:38,5.6,17.866554260253906,2.4
2013-09-02,03:03:38,6.8,17.46657053629557,11.066666666666665
2013-09-02,03:08:38,5.333333333333334,20.19989013671875,4.266666666666667
2013-09-02,03:13:38,4.933333333333334,16.199913024902344,2.933333333333333
2013-09-02,03:18:38,4.933333333333334,19.199905395507812,2.7333333333333334
2013-09-02,03:23:38,5.266666666666667,17.799911499023438,2.7333333333333334
2013-09-02,03:28:38,4.6,17.59990692138672,4.133333333333334
2013-09-02,03:33:38,5.866666666666666,17.79987335205078,5.866666666666666
2013-09-02,03:38:38,4.6,16.19988759358724,6.0
2013-09-02,03:43:38,5.4,17.999916076660156,5.866666666666666
2013-09-02,03:48:38,5.0,16.73320770263672,4.866666666666666
2013-09-02,03:53:38,5.133333333333334,17.333234151204426,4.533333333333333
2013-09-02,03:58:38,5.333333333333334,16.399917602539062,3.733333333333333
2013-09-02,04:03:38,7.0,17.733217875162758,12.266666666666667
2013-09-02,04:08:38,5.7333333333333325,18.666585286458336,4.466666666666667
2013-09-02,04:13:38,4.933333333333334,18.466567993164062,4.8
2013-09-02,04:18:38,5.4,18.13323974609375,4.666666666666667
2013-09-02,04:23:38,5.066666666666666,18.999900817871094,4.8
2013-09-02,04:28:38,4.933333333333334,19.86657460530599,4.266666666666667
2013-09-02,04:33:38,5.533333333333334,17.133204142252602,5.266666666666667
2013-09-02,04:38:38,4.6,17.9998779296875,4.533333333333333
2013-09-02,04:43:38,5.6,16.066627502441406,5.266666666666667
2013-09-02,04:48:38,4.933333333333334,16.999905904134113,5.333333333333333
2013-09-02,04:53:38,5.266666666666667,17.5332514444987,4.533333333333333
2013-09-02,04:58:38,5.266666666666667,16.133244832356773,4.4
2013-09-02,05:03:38,17.066666666666666,19.266560872395832,100.0
2013-09-02,05:08:38,6.066666666666666,21.199874877929688,6.466666666666668
2013-09-02,05:13:38,4.733333333333333,18.399887084960938,3.8666666666666663
2013-09-02,05:18:39,6.133333333333334,19.333203633626304,6.933333333333334
2013-09-02,05:23:39,4.933333333333334,20.999908447265625,4.8
2013-09-02,05:28:39,5.266666666666667,17.59990692138672,5.133333333333334
2013-09-02,05:33:39,5.4,15.599937438964846,3.8666666666666663
2013-09-02,05:38:39,4.733333333333333,20.13324737548828,3.466666666666667
2013-09-02,05:43:39,5.6,18.66652170817057,3.4
2013-09-02,05:48:39,4.8,17.066561381022133,3.533333333333333
2013-09-02,05:53:39,5.333333333333334,16.73320770263672,3.733333333333333
2013-09-02,05:58:39,5.066666666666666,19.5999272664388,3.733333333333333
2013-09-02,06:03:39,7.2666666666666675,20.733235677083336,11.0
2013-09-02,06:08:39,5.333333333333334,18.066533406575523,3.6666666666666665
2013-09-02,06:13:39,4.933333333333334,19.599889119466148,3.8666666666666663
2013-09-02,06:18:39,5.8,22.866592407226562,3.733333333333333
2013-09-02,06:23:39,4.8,17.599881490071613,4.066666666666666
2013-09-02,06:28:39,5.4,17.933197021484375,3.933333333333333
2013-09-02,06:33:39,5.133333333333334,17.666549682617188,3.6666666666666665
2013-09-02,06:38:39,5.0,17.333221435546875,3.466666666666667
2013-09-02,06:43:39,5.4,16.933199564615883,3.6
2013-09-02,06:48:39,4.8,16.666577657063804,3.733333333333333
2013-09-02,06:53:39,5.8,19.733212788899742,3.2
2013-09-02,06:58:39,4.466666666666667,20.733235677083336,3.0
2013-09-02,07:03:39,7.666666666666666,18.39984893798828,10.4
2013-09-02,07:08:39,5.0,19.799880981445312,2.8666666666666667
2013-09-02,07:13:39,5.2,18.866539001464844,3.0
2013-09-02,07:18:39,5.466666666666666,21.99993133544922,2.8
2013-09-02,07:23:39,4.6,16.7999267578125,2.8666666666666667
2013-09-02,07:28:39,5.8,16.999893188476562,2.6
2013-09-02,07:33:39,4.666666666666667,17.999916076660156,3.0
2013-09-02,07:38:39,5.4,16.533266703287758,2.933333333333333
2013-09-02,07:43:39,5.066666666666666,16.866544087727863,3.2
2013-09-02,07:48:39,5.0,16.46656036376953,2.8
2013-09-02,07:53:39,5.2,14.933280944824217,2.2
2013-09-02,07:58:39,4.6,19.26654815673828,2.2666666666666666
2013-09-02,08:03:39,7.933333333333334,18.86652628580729,9.933333333333334
2013-09-02,08:08:39,4.666666666666667,17.46655782063802,2.7333333333333334
2013-09-02,08:13:39,5.466666666666666,17.666549682617188,2.4
2013-09-02,08:18:39,5.133333333333334,17.133255004882812,2.6
2013-09-02,08:23:39,5.0,15.999933878580727,2.2666666666666666
2013-09-02,08:28:39,5.4,17.066574096679688,2.333333333333333
2013-09-02,08:33:39,4.6,15.399971008300781,2.7333333333333334
2013-09-02,08:38:39,5.7333333333333325,16.466547648111977,2.4
2013-09-02,08:43:40,4.6,17.199935913085938,2.2666666666666666
2013-09-02,08:48:40,5.333333333333334,16.933250427246094,2.533333333333333
2013-09-02,08:53:40,5.133333333333334,18.799896240234375,2.2666666666666666
2013-09-02,08:58:40,5.133333333333334,17.399864196777344,2.4
2013-09-02,09:03:40,7.7333333333333325,17.9998779296875,9.466666666666667
2013-09-02,09:08:40,4.6,17.19989776611328,2.333333333333333
2013-09-02,09:13:40,6.0,17.799911499023438,2.4
2013-09-02,09:18:40,4.666666666666667,21.599960327148438,2.333333333333333
2013-09-02,09:23:40,5.6,20.799903869628906,2.6
2013-09-02,09:28:40,5.0,18.93319447835286,2.6666666666666665
2013-09-02,09:33:40,5.066666666666666,16.599884033203125,2.533333333333333
2013-09-02,09:38:40,5.4,16.866556803385414,2.533333333333333
2013-09-02,09:43:40,4.666666666666667,17.266527811686196,2.8
2013-09-02,09:48:40,5.866666666666666,16.599909464518227,2.6666666666666665
2013-09-02,09:53:40,4.8,16.53325398763021,2.533333333333333
2013-09-02,09:58:40,5.6,17.466608683268227,2.533333333333333
2013-09-02,10:03:40,7.4,16.666539510091148,9.866666666666667
2013-09-02,10:08:40,5.0,15.39992014567057,2.333333333333333
2013-09-02,10:13:40,5.533333333333334,15.26655832926432,2.2
2013-09-02,10:18:40,4.666666666666667,18.866539001464844,2.533333333333333
2013-09-02,10:23:40,5.8,16.999905904134113,2.6
2013-09-02,10:28:40,4.8,19.133211771647133,2.333333333333333
2013-09-02,10:33:40,5.466666666666666,18.19990793863932,2.8
2013-09-02,10:38:40,5.266666666666667,18.79985809326172,2.7333333333333334
2013-09-02,10:43:40,5.066666666666666,17.1331787109375,2.2666666666666666
2013-09-02,10:48:40,5.533333333333334,21.7999267578125,2.4
2013-09-02,10:53:40,4.8,19.99988555908203,2.533333333333333
2013-09-02,10:58:40,5.933333333333334,18.199844360351562,2.8666666666666667
2013-09-02,11:03:40,7.066666666666666,20.599899291992188,10.066666666666666
2013-09-02,11:08:40,5.4,18.33324432373047,2.933333333333333
2013-09-02,11:13:40,5.2,19.399884541829426,2.7333333333333334
2013-09-02,11:18:41,5.133333333333334,21.266543070475258,2.4
2013-09-02,11:23:41,5.533333333333334,16.999880472819008,2.6666666666666665
2013-09-02,11:28:41,4.733333333333333,16.133244832356773,2.6
2013-09-02,11:33:40,6.0,16.33326212565104,2.933333333333333
2013-09-02,11:38:40,4.8,15.933278401692707,2.4
2013-09-02,11:43:40,5.4,18.599878946940102,6.666666666666668
2013-09-02,11:48:40,5.133333333333334,17.733179728190102,2.6
2013-09-02,11:53:40,4.933333333333334,15.466588338216145,2.4
2013-09-02,11:58:40,5.666666666666666,17.466532389322914,2.6
2013-09-02,12:03:41,7.066666666666666,19.599889119466148,10.133333333333333
2013-09-02,12:08:41,5.933333333333334,18.26653798421224,2.933333333333333
2013-09-02,12:13:41,5.0,18.199920654296875,6.6
2013-09-02,12:18:41,5.6,15.999908447265627,3.066666666666667
2013-09-02,12:23:41,5.4,16.799888610839844,3.6
2013-09-02,12:28:41,5.466666666666666,16.199913024902344,7.2666666666666675
2013-09-02,12:33:41,5.666666666666666,16.266581217447914,3.1333333333333333
2013-09-02,12:38:41,4.8,20.99987030029297,3.0
2013-09-02,12:43:41,6.333333333333334,18.13323974609375,11.933333333333335
2013-09-02,12:48:41,5.0,18.866564432779946,3.733333333333333
2013-09-02,12:53:41,6.666666666666666,18.33318074544271,14.066666666666665
2013-09-02,12:58:41,5.2,17.866617838541668,3.1333333333333333
2013-09-02,13:03:41,7.666666666666666,19.199867248535156,10.733333333333333
2013-09-02,13:08:41,5.933333333333334,19.06653086344401,7.133333333333334
2013-09-02,13:13:41,4.933333333333334,20.933214823404946,2.933333333333333
2013-09-02,13:18:41,6.0,21.266568501790363,3.2666666666666666
2013-09-02,13:23:41,4.8,18.13317616780599,3.466666666666667
2013-09-02,13:28:41,5.533333333333334,17.66652425130208,2.8
2013-09-02,13:33:41,5.4,19.399871826171875,2.933333333333333
2013-09-02,13:38:41,5.133333333333334,18.39984893798828,3.066666666666667
2013-09-02,13:43:41,5.533333333333334,17.666575113932293,3.466666666666667
2013-09-02,13:48:41,4.866666666666667,16.466585795084633,3.2666666666666666
2013-09-02,13:53:41,5.8,17.799911499023438,2.8666666666666667
2013-09-02,13:58:41,5.133333333333334,18.599929809570312,3.2
2013-09-02,14:03:41,7.8,18.999862670898438,10.066666666666666
2013-09-02,14:08:41,5.133333333333334,17.599945068359375,3.0
2013-09-02,14:13:41,5.2,16.59992218017578,2.8666666666666667
2013-09-02,14:18:41,6.6,18.599929809570312,14.6
2013-09-02,14:23:41,4.666666666666667,16.33326212565104,3.066666666666667
2013-09-02,14:28:41,5.866666666666666,19.799880981445312,3.0
2013-09-02,14:33:42,4.866666666666667,18.599853515625,3.2
2013-09-02,14:38:42,5.6,18.66655985514323,3.466666666666667
2013-09-02,14:43:42,5.333333333333334,17.06659952799479,3.4
2013-09-02,14:48:42,5.333333333333334,17.666613260904946,3.4
2013-09-02,14:53:42,5.4,18.599904378255207,3.333333333333333
2013-09-02,14:58:42,4.866666666666667,18.7332280476888,3.1333333333333333
2013-09-02,15:03:42,8.466666666666667,18.599904378255207,11.466666666666667
2013-09-02,15:08:42,4.733333333333333,15.933278401692707,2.7333333333333334
2013-09-02,15:13:42,5.6,15.066591898600256,2.7333333333333334
2013-09-02,15:18:42,5.333333333333334,16.399879455566406,3.6666666666666665
2013-09-02,15:23:42,5.133333333333334,18.066533406575523,3.933333333333333
2013-09-02,15:28:42,5.4,17.599868774414062,2.6666666666666665
2013-09-02,15:33:42,4.666666666666667,16.799888610839844,2.933333333333333
2013-09-02,15:38:42,6.133333333333334,17.93322245279948,3.6
2013-09-02,15:43:42,5.2,20.19989013671875,6.8
2013-09-02,15:48:42,5.7333333333333325,18.533248901367188,3.4
2013-09-02,15:53:42,5.066666666666666,20.533231099446613,3.333333333333333
2013-09-02,15:58:42,5.666666666666666,16.933224995930992,7.333333333333332
2013-09-02,16:03:42,7.866666666666666,19.733212788899742,10.266666666666667
2013-09-02,16:08:42,4.733333333333333,19.13323720296224,3.4
2013-09-02,16:13:42,6.066666666666666,20.733235677083336,2.6666666666666665
2013-09-02,16:18:42,4.866666666666667,19.799880981445312,3.4
2013-09-02,16:23:42,5.7333333333333325,16.7999267578125,3.466666666666667
2013-09-02,16:28:42,5.2,18.19988250732422,2.8666666666666667
2013-09-02,16:33:42,5.266666666666667,16.73323313395182,3.1333333333333333
2013-09-02,16:38:42,6.4,21.399930318196613,6.533333333333332
2013-09-02,16:43:42,6.133333333333334,42.46662139892578,6.6
2013-09-02,16:48:42,7.2,23.133265177408852,6.866666666666666
2013-09-02,16:53:42,4.933333333333334,18.599853515625,2.8666666666666667
2013-09-02,16:58:42,5.6,19.399871826171875,4.4
2013-09-02,17:03:42,7.866666666666666,19.599876403808594,11.133333333333333
2013-09-02,17:08:42,5.2,19.99988555908203,2.8666666666666667
2013-09-02,17:13:42,5.8,17.59990692138672,3.2
2013-09-02,17:18:42,5.0,19.99988555908203,3.066666666666667
2013-09-02,17:23:42,5.7333333333333325,18.533185323079426,2.8
2013-09-02,17:28:42,5.2,17.733205159505207,2.8
2013-09-02,17:33:42,5.4,16.199913024902344,3.066666666666667
2013-09-02,17:38:42,5.4,19.199867248535156,2.8666666666666667
2013-09-02,17:43:43,5.133333333333334,20.799903869628906,3.066666666666667
2013-09-02,17:48:43,5.666666666666666,18.466517130533855,3.333333333333333
2013-09-02,17:53:43,4.8,20.333226521809898,2.466666666666667
2013-09-02,17:58:43,5.7333333333333325,17.599868774414062,3.066666666666667
2013-09-02,18:03:43,7.333333333333334,17.733256022135414,10.4
2013-09-02,18:08:43,5.0,17.799898783365887,3.2
2013-09-02,18:13:43,5.7333333333333325,19.133199055989582,2.933333333333333
2013-09-02,18:18:43,5.266666666666667,21.73325856526693,2.933333333333333
2013-09-02,18:23:43,5.6,17.799835205078125,2.8
2013-09-02,18:28:43,4.933333333333334,16.999893188476562,3.2
2013-09-02,18:33:43,5.533333333333334,15.733273824055994,2.8
2013-09-02,18:38:43,5.4,19.466552734375,3.066666666666667
2013-09-02,18:43:43,5.933333333333334,20.19989013671875,8.333333333333334
2013-09-02,18:48:43,6.4,18.599853515625,11.0
2013-09-02,18:53:43,4.466666666666667,17.066561381022133,4.4
2013-09-02,18:58:43,4.733333333333333,19.933217366536454,3.2666666666666666
2013-09-02,19:03:43,6.2666666666666675,19.53320821126302,10.0
2013-09-02,19:08:43,4.533333333333333,18.93319447835286,3.1333333333333333
2013-09-02,19:13:43,4.333333333333333,18.599891662597656,2.466666666666667
2013-09-02,19:18:43,4.4,19.933217366536454,2.6
2013-09-02,19:23:43,4.733333333333333,17.53326416015625,2.6666666666666665
2013-09-02,19:28:43,3.733333333333333,17.799949645996094,2.533333333333333
2013-09-02,19:33:43,5.066666666666666,16.39995574951172,2.6666666666666665
2013-09-02,19:38:43,3.933333333333333,17.9998779296875,2.6
2013-09-02,19:43:43,4.733333333333333,17.066574096679688,2.933333333333333
2013-09-02,19:48:43,4.466666666666667,19.53320821126302,2.8
2013-09-02,19:53:44,4.266666666666667,20.39992014567057,2.6
2013-09-02,19:58:44,4.6,17.26654052734375,2.6666666666666665
2013-09-02,20:03:44,6.2,17.86651611328125,9.866666666666667
2013-09-02,20:08:44,4.933333333333334,18.66655985514323,2.6
2013-09-02,20:13:44,3.8,17.866592407226562,2.4
2013-09-02,20:18:44,4.8,18.66655985514323,3.533333333333333
2013-09-02,20:23:44,4.533333333333333,19.199918111165367,3.0
2013-09-02,20:28:44,4.266666666666667,17.133255004882812,2.6
2013-09-02,20:33:44,4.8,19.866561889648438,3.0
2013-09-02,20:38:44,3.933333333333333,16.666590372721352,2.6
2013-09-02,20:43:44,5.066666666666666,16.666577657063804,2.533333333333333
2013-09-02,20:48:44,3.933333333333333,17.93320973714193,2.7333333333333334
2013-09-02,20:53:44,5.066666666666666,19.266535441080727,2.933333333333333
2013-09-02,20:58:44,4.8,18.199857076009117,2.466666666666667
2013-09-02,21:03:44,7.0,16.466573079427082,9.866666666666667
2013-09-02,21:08:44,5.2,18.66655985514323,2.8666666666666667
2013-09-02,21:13:44,4.466666666666667,17.799911499023438,2.533333333333333
2013-09-02,21:18:44,5.666666666666666,18.33319346110026,2.6
2013-09-02,21:23:44,4.466666666666667,17.933197021484375,2.8666666666666667
2013-09-02,21:28:44,5.066666666666666,17.999839782714844,2.6666666666666665
2013-09-02,21:33:44,4.8,18.79985809326172,2.7333333333333334
2013-09-02,21:38:44,4.733333333333333,18.333231608072914,2.533333333333333
2013-09-02,21:43:44,5.2,16.599884033203125,2.6666666666666665
2013-09-02,21:48:44,4.333333333333333,19.399871826171875,2.533333333333333
2013-09-02,21:53:44,5.466666666666666,16.999893188476562,2.6666666666666665
2013-09-02,21:58:44,4.533333333333333,19.599876403808594,2.533333333333333
2013-09-02,22:03:44,7.6,17.79987335205078,10.4
2013-09-02,22:08:44,4.733333333333333,20.39989471435547,3.0
2013-09-02,22:13:44,4.866666666666667,17.466519673665367,3.066666666666667
2013-09-02,22:18:44,4.733333333333333,21.7999267578125,2.933333333333333
2013-09-02,22:23:44,4.133333333333333,20.19989013671875,2.933333333333333
2013-09-02,22:28:44,5.133333333333334,19.199867248535156,2.333333333333333
2013-09-02,22:33:44,4.066666666666666,17.79987335205078,3.0
2013-09-02,22:38:44,4.8,16.73320770263672,3.1333333333333333
2013-09-02,22:43:44,4.4,16.466585795084633,2.6
2013-09-02,22:48:44,4.466666666666667,14.999910990397133,3.2666666666666666
2013-09-02,22:53:44,4.6,16.59992218017578,2.7333333333333334
2013-09-02,22:58:44,3.8,18.86652628580729,2.6666666666666665
2013-09-02,23:03:44,7.2666666666666675,20.133221944173176,10.333333333333334
2013-09-02,23:08:45,3.8,19.599876403808594,2.333333333333333
2013-09-02,23:13:45,4.6,16.73322041829427,2.6666666666666665
2013-09-02,23:18:45,4.6,18.933232625325523,2.933333333333333
2013-09-02,23:23:45,4.266666666666667,20.066553751627605,2.8
2013-09-02,23:28:45,4.6,16.733245849609375,2.466666666666667
2013-09-02,23:33:45,3.933333333333333,18.333231608072914,2.6666666666666665
2013-09-02,23:38:45,5.2,16.933224995930992,3.4
2013-09-02,23:43:45,3.8,16.666514078776043,3.066666666666667
2013-09-02,23:48:45,4.733333333333333,15.06660461425781,3.2
2013-09-02,23:53:45,4.266666666666667,17.5332514444987,2.8
2013-09-02,23:58:45,4.333333333333333,17.266527811686196,2.8666666666666667
2013-09-03,00:03:45,6.8,18.79985809326172,9.666666666666666
2013-09-03,00:08:45,3.8,19.13323720296224,2.8666666666666667
2013-09-03,00:13:45,5.2,18.199844360351562,2.533333333333333
2013-09-03,00:18:45,4.2,19.733250935872395,3.2666666666666666
2013-09-03,00:23:45,4.8,16.999944051106773,3.0
2013-09-03,00:28:45,4.333333333333333,16.066576639811196,2.7333333333333334
2013-09-03,00:33:45,4.333333333333333,17.066548665364586,2.933333333333333
2013-09-03,00:38:45,4.8,18.599853515625,2.6666666666666665
2013-09-03,00:43:45,3.8666666666666663,18.266525268554688,3.2
2013-09-03,00:48:45,5.0,18.399874369303383,2.8666666666666667
2013-09-03,00:53:45,4.0,20.466524759928387,2.6666666666666665
2013-09-03,00:58:45,4.6,19.333203633626304,2.4
2013-09-03,01:03:45,6.7333333333333325,19.333216349283855,10.2
2013-09-03,01:08:45,4.733333333333333,19.333229064941406,2.7333333333333334
2013-09-03,01:13:45,5.133333333333334,19.06658172607422,2.8666666666666667
2013-09-03,01:18:45,4.2,18.7332280476888,3.1333333333333333
2013-09-03,01:23:45,5.133333333333334,16.399917602539062,3.533333333333333
2013-09-03,01:28:45,5.266666666666667,18.19988250732422,6.933333333333334
2013-09-03,01:33:45,5.2,19.39990997314453,3.6666666666666665
2013-09-03,01:38:45,5.866666666666666,17.9998779296875,14.666666666666664
2013-09-03,01:43:45,4.933333333333334,15.999908447265627,9.733333333333333
2013-09-03,01:48:45,5.266666666666667,14.19990539550781,3.466666666666667
2013-09-03,01:53:45,4.133333333333333,19.733238220214844,2.8666666666666667
2013-09-03,01:58:45,5.133333333333334,18.599853515625,2.4
2013-09-03,02:03:45,6.7333333333333325,19.199867248535156,11.4
2013-09-03,02:08:45,5.133333333333334,19.39990997314453,3.4
2013-09-03,02:13:45,4.866666666666667,15.799903869628906,2.7333333333333334
2013-09-03,02:18:46,4.666666666666667,19.599876403808594,2.6666666666666665
2013-09-03,02:23:46,4.666666666666667,18.066507975260418,3.1333333333333333
2013-09-03,02:28:46,4.333333333333333,16.799888610839844,2.6
2013-09-03,02:33:46,5.266666666666667,17.599868774414062,2.333333333333333
2013-09-03,02:38:46,4.6,19.399871826171875,2.6
2013-09-03,02:43:46,5.133333333333334,17.399864196777344,2.4
2013-09-03,02:48:46,4.6,19.933217366536454,2.6666666666666665
2013-09-03,02:53:46,4.733333333333333,17.39990234375,2.333333333333333
2013-09-03,02:58:46,5.0,19.199867248535156,2.466666666666667
2013-09-03,03:03:46,6.7333333333333325,16.533241271972656,11.0
2013-09-03,03:08:46,5.466666666666666,17.133267720540367,4.933333333333334
2013-09-03,03:13:46,4.933333333333334,16.99993133544922,3.466666666666667
2013-09-03,03:18:46,5.4,19.666595458984375,3.933333333333333
2013-09-03,03:23:46,4.733333333333333,19.999847412109375,2.8
2013-09-03,03:28:46,4.733333333333333,18.86652628580729,3.466666666666667
2013-09-03,03:33:46,5.266666666666667,16.733258565266926,3.6666666666666665
2013-09-03,03:38:46,4.466666666666667,17.466595967610676,3.6666666666666665
2013-09-03,03:43:46,5.4,17.26654052734375,4.2
2013-09-03,03:48:46,4.866666666666667,20.933240254720047,5.2
2013-09-03,03:53:47,5.4,18.66652170817057,4.066666666666666
2013-09-03,03:58:47,4.933333333333334,20.066553751627605,4.266666666666667
2013-09-03,04:03:47,7.133333333333334,18.86652628580729,11.733333333333333
2013-09-03,04:08:47,5.4,20.933240254720047,4.933333333333334
2013-09-03,04:13:47,4.533333333333333,18.733189900716148,2.8
2013-09-03,04:18:47,5.6,20.733235677083336,5.933333333333334
2013-09-03,04:23:47,4.933333333333334,18.999862670898438,4.133333333333334
2013-09-03,04:28:47,5.4,17.93320973714193,4.266666666666667
2013-09-03,04:33:47,4.933333333333334,19.33324178059896,4.333333333333333
2013-09-03,04:38:47,4.933333333333334,20.39989471435547,5.266666666666667
2013-09-03,04:43:47,5.466666666666666,18.26658884684245,5.266666666666667
2013-09-03,04:48:47,4.6,20.599899291992188,5.866666666666666
2013-09-03,04:53:47,5.133333333333334,19.333203633626304,3.533333333333333
2013-09-03,04:58:47,5.133333333333334,20.733235677083336,5.0
2013-09-03,05:03:47,16.4,22.533200581868492,100.0
2013-09-03,05:08:47,5.266666666666667,20.666567484537758,3.933333333333333
2013-09-03,05:13:47,4.933333333333334,18.066584269205727,3.066666666666667
2013-09-03,05:18:47,5.6,21.466585795084637,3.933333333333333
2013-09-03,05:23:47,4.4,16.59992218017578,4.2
2013-09-03,05:28:47,5.266666666666667,19.333203633626304,3.6
2013-09-03,05:33:47,4.866666666666667,19.333203633626304,3.6
2013-09-03,05:38:47,4.866666666666667,18.66652170817057,3.533333333333333
2013-09-03,05:43:47,5.4,16.73323313395182,3.2666666666666666
2013-09-03,05:48:47,4.933333333333334,18.133201599121094,3.6
2013-09-03,05:53:47,5.2,18.799896240234375,2.933333333333333
2013-09-03,05:58:47,4.4,17.799911499023438,3.1333333333333333
2013-09-03,06:03:47,7.4,16.599884033203125,10.133333333333333
2013-09-03,06:08:47,4.866666666666667,16.199874877929688,2.933333333333333
2013-09-03,06:13:47,4.933333333333334,19.39990997314453,3.2666666666666666
2013-09-03,06:18:47,5.2,19.99988555908203,3.066666666666667
2013-09-03,06:23:47,4.866666666666667,18.79985809326172,3.2666666666666666
2013-09-03,06:28:47,5.2,19.599876403808594,3.733333333333333
2013-09-03,06:33:47,4.533333333333333,17.59990692138672,2.933333333333333
2013-09-03,06:38:47,5.2,18.79985809326172,3.0
2013-09-03,06:43:48,4.733333333333333,17.19989776611328,2.466666666666667
2013-09-03,06:48:48,5.0,18.79985809326172,3.0
2013-09-03,06:53:48,5.266666666666667,17.19989776611328,3.6
2013-09-03,06:58:48,4.8,17.799911499023438,2.533333333333333
2013-09-03,07:03:48,7.4,18.599929809570312,9.866666666666667
2013-09-03,07:08:48,4.4,17.39990234375,3.333333333333333
2013-09-03,07:13:48,5.333333333333334,18.599891662597656,2.533333333333333
2013-09-03,07:18:48,4.866666666666667,18.599929809570312,3.066666666666667
2013-09-03,07:23:48,4.8,18.799896240234375,3.2
2013-09-03,07:28:48,5.2,20.26655832926432,2.8666666666666667
2013-09-03,07:33:48,4.866666666666667,17.93320973714193,2.8
2013-09-03,07:38:48,5.266666666666667,18.999926249186196,2.933333333333333
2013-09-03,07:43:48,4.4,17.733217875162758,2.333333333333333
2013-09-03,07:48:48,5.333333333333334,18.53322347005208,3.1333333333333333
2013-09-03,07:53:48,4.933333333333334,17.533226013183594,2.4
2013-09-03,07:58:48,4.866666666666667,16.33324940999349,3.1333333333333333
2013-09-03,08:03:48,7.4,17.93322245279948,9.733333333333333
2013-09-03,08:08:48,4.8,19.066569010416668,2.6666666666666665
2013-09-03,08:13:48,6.866666666666666,23.666521708170578,3.2666666666666666
2013-09-03,08:18:48,4.533333333333333,40.39990743001302,2.6666666666666665
2013-09-03,08:23:48,5.2,25.533256530761715,3.0
2013-09-03,08:28:48,4.733333333333333,19.733212788899742,2.533333333333333
2013-09-03,08:33:48,4.8,17.666562398274742,2.6666666666666665
2013-09-03,08:38:48,5.2,17.733217875162758,2.6
2013-09-03,08:43:48,4.666666666666667,21.466585795084637,2.6
2013-09-03,08:48:48,5.2,18.799883524576824,2.8
2013-09-03,08:53:48,4.466666666666667,16.933199564615883,2.4
2013-09-03,08:58:48,5.266666666666667,19.866549173990883,2.533333333333333
2013-09-03,09:03:48,7.0,14.333267211914064,10.066666666666666
2013-09-03,09:08:49,4.933333333333334,18.133227030436196,2.8
2013-09-03,09:13:49,5.2,20.333226521809898,2.6666666666666665
2013-09-03,09:18:49,4.866666666666667,22.799911499023438,2.6
2013-09-03,09:23:49,5.2,17.59984334309896,2.4
2013-09-03,09:28:49,4.533333333333333,16.86658223470052,2.6
2013-09-03,09:33:49,5.333333333333334,17.866541544596352,2.533333333333333
2013-09-03,09:38:49,4.8,19.46654001871745,2.8666666666666667
2013-09-03,09:43:49,4.866666666666667,15.999946594238281,2.6
2013-09-03,09:48:49,5.133333333333334,18.733189900716148,2.333333333333333
2013-09-03,09:53:49,4.733333333333333,18.199857076009117,2.6666666666666665
2013-09-03,09:58:49,5.2,18.19990793863932,3.066666666666667
2013-09-03,10:03:49,6.666666666666666,20.933240254720047,10.066666666666666
2013-09-03,10:08:49,5.2,21.533253987630204,2.933333333333333
2013-09-03,10:13:49,4.933333333333334,19.333203633626304,3.333333333333333
2013-09-03,10:18:49,5.0,18.86652628580729,3.1333333333333333
2013-09-03,10:23:49,5.133333333333334,16.999905904134113,2.6666666666666665
2013-09-03,10:28:49,4.6,17.33325958251953,3.2666666666666666
2013-09-03,10:33:49,5.666666666666666,18.26658884684245,3.6666666666666665
2013-09-03,10:38:49,4.6,19.53320821126302,3.6666666666666665
2013-09-03,10:43:49,5.2,17.866566975911457,3.066666666666667
2013-09-03,10:48:49,4.933333333333334,19.066632588704426,3.466666666666667
2013-09-03,10:53:49,5.0,16.999893188476562,3.1333333333333333
2013-09-03,10:58:49,5.2,16.799888610839844,2.466666666666667
2013-09-03,11:03:49,6.6,17.066548665364586,10.4
2013-09-03,11:08:49,5.533333333333334,18.399887084960938,2.8666666666666667
2013-09-03,11:13:49,4.733333333333333,16.999893188476562,2.6666666666666665
2013-09-03,11:18:49,5.333333333333334,20.399856567382812,2.6666666666666665
2013-09-03,11:23:49,4.933333333333334,17.199935913085938,3.1333333333333333
2013-09-03,11:28:49,4.866666666666667,15.399932861328125,3.066666666666667
2013-09-03,11:33:49,5.6,15.799903869628906,7.333333333333332
2013-09-03,11:38:49,4.666666666666667,17.733243306477863,3.1333333333333333
2013-09-03,11:43:49,5.533333333333334,20.599899291992188,2.933333333333333
2013-09-03,11:48:49,4.466666666666667,16.999893188476562,2.8
2013-09-03,11:53:49,5.2,19.599876403808594,2.4
2013-09-03,11:58:50,4.866666666666667,15.999908447265627,2.8
2013-09-03,12:03:50,7.428571428571429,16.857065473284038,10.5
2013-09-03,12:08:50,5.133333333333334,15.599899291992186,3.066666666666667
2013-09-03,12:13:50,4.666666666666667,16.399904886881508,3.066666666666667
2013-09-03,12:18:50,5.666666666666666,19.79991912841797,3.2666666666666666
2013-09-03,12:23:50,4.866666666666667,20.599899291992188,4.066666666666666
2013-09-03,12:28:50,5.4,18.33318074544271,3.333333333333333
2013-09-03,12:33:50,4.866666666666667,17.39990234375,3.0
2013-09-03,12:38:50,4.933333333333334,19.933242797851562,3.0
2013-09-03,12:43:50,4.733333333333333,19.399871826171875,2.8
2013-09-03,12:48:50,4.666666666666667,18.06652069091797,2.466666666666667
2013-09-03,12:53:50,5.066666666666666,17.9998779296875,2.333333333333333
2013-09-03,12:58:50,4.6428571428571415,16.35706765311105,2.7142857142857144
2013-09-03,13:03:50,7.333333333333334,19.333203633626304,10.266666666666667
2013-09-03,13:08:50,4.733333333333333,18.93321990966797,2.533333333333333
2013-09-03,13:13:50,5.066666666666666,19.19987996419271,2.4
2013-09-03,13:18:50,5.266666666666667,20.333226521809898,2.1333333333333333
2013-09-03,13:23:50,5.066666666666666,21.799888610839844,2.333333333333333
2013-09-03,13:28:50,5.533333333333334,17.999839782714844,2.0
2013-09-03,13:33:50,4.6,16.59992218017578,2.2666666666666666
2013-09-03,13:38:50,5.866666666666666,20.39989471435547,2.333333333333333
2013-09-03,13:43:50,4.8,19.066556294759117,2.2666666666666666
2013-09-03,13:48:50,4.933333333333334,17.999916076660156,2.8
2013-09-03,13:53:50,5.133333333333334,16.999969482421875,2.4
2013-09-03,13:58:50,4.6,16.199925740559895,2.466666666666667
2013-09-03,14:03:50,7.2666666666666675,17.133255004882812,11.066666666666665
2013-09-03,14:08:50,4.466666666666667,18.399899800618485,2.6
2013-09-03,14:13:51,5.4,17.133229573567707,2.6
2013-09-03,14:18:51,4.866666666666667,18.53322347005208,2.6
2013-09-03,14:23:51,5.4,16.866594950358074,2.7333333333333334
2013-09-03,14:28:51,4.733333333333333,17.26659138997396,2.1333333333333333
2013-09-03,14:33:51,5.0,18.99987538655599,2.333333333333333
2013-09-03,14:38:51,5.133333333333334,17.26659138997396,2.6666666666666665
2013-09-03,14:43:51,4.866666666666667,18.06652069091797,2.2666666666666666
2013-09-03,14:48:51,5.333333333333334,20.933240254720047,2.6
2013-09-03,14:53:51,4.466666666666667,17.66652425130208,2.333333333333333
2013-09-03,14:58:51,5.333333333333334,16.999893188476562,2.6666666666666665
2013-09-03,15:03:51,7.333333333333334,19.19989267985026,9.2
2013-09-03,15:08:51,5.0,18.599853515625,2.2666666666666666
2013-09-03,15:13:51,4.933333333333334,16.79987589518229,2.2
2013-09-03,15:18:51,4.666666666666667,17.93322245279948,2.466666666666667
2013-09-03,15:23:51,5.266666666666667,19.399871826171875,2.2666666666666666
2013-09-03,15:28:51,4.333333333333333,18.199920654296875,3.333333333333333
2013-09-03,15:33:51,5.333333333333334,16.399917602539062,2.8
2013-09-03,15:38:51,4.8,17.399864196777344,4.6
2013-09-03,15:43:51,4.933333333333334,16.533215840657554,3.533333333333333
2013-09-03,15:48:51,5.0,20.933240254720047,2.533333333333333
2013-09-03,15:53:51,4.6,17.799911499023438,5.866666666666666
2013-09-03,15:58:51,5.0,16.39995574951172,3.8
2013-09-03,16:03:51,6.466666666666666,16.99993133544922,10.533333333333333
2013-09-03,16:08:51,5.4,18.066558837890625,10.333333333333334
2013-09-03,16:13:51,5.4,18.79985809326172,2.533333333333333
2013-09-03,16:18:51,4.733333333333333,22.799911499023438,2.6
2013-09-03,16:23:51,5.133333333333334,21.199913024902344,2.8
2013-09-03,16:28:51,4.333333333333333,18.66652170817057,3.0
2013-09-03,16:33:51,5.4,15.733248392740887,3.333333333333333
2013-09-03,16:38:51,4.533333333333333,18.399887084960938,2.6
2013-09-03,16:43:51,5.0,19.399871826171875,2.466666666666667
2013-09-03,16:48:51,4.8,20.19989013671875,2.333333333333333
2013-09-03,16:53:51,4.533333333333333,17.9998779296875,2.4
2013-09-03,16:58:51,5.533333333333334,18.199920654296875,2.1333333333333333
2013-09-03,17:03:51,6.4,18.199920654296875,9.466666666666667
2013-09-03,17:08:51,5.8,18.19988250732422,7.4
2013-09-03,17:13:51,4.6,16.399917602539062,2.466666666666667
2013-09-03,17:18:52,5.266666666666667,18.79985809326172,3.933333333333333
2013-09-03,17:23:52,4.933333333333334,18.599891662597656,2.8
2013-09-03,17:28:52,4.666666666666667,17.39990234375,2.2666666666666666
2013-09-03,17:33:52,5.2,17.799911499023438,2.7333333333333334
2013-09-03,17:38:52,4.4,18.79985809326172,2.6666666666666665
2013-09-03,17:43:52,5.466666666666666,18.399887084960938,2.4
2013-09-03,17:48:52,4.266666666666667,18.19988250732422,2.4
2013-09-03,17:53:52,4.666666666666667,17.133216857910156,2.2666666666666666
2013-09-03,17:58:52,4.8,18.399874369303383,2.4
2013-09-03,18:03:52,7.0,18.466517130533855,10.0
2013-09-03,18:08:52,5.4,17.799835205078125,6.6
2013-09-03,18:13:52,12.0,19.666531880696613,100.0
2013-09-03,18:18:52,5.933333333333334,20.333213806152344,3.466666666666667
2013-09-03,18:23:52,4.533333333333333,18.866564432779946,2.2666666666666666
2013-09-03,18:28:52,5.133333333333334,20.133221944173176,2.2
2013-09-03,18:33:52,4.933333333333334,18.466517130533855,2.466666666666667
2013-09-03,18:38:52,4.866666666666667,20.666567484537758,2.6666666666666665
2013-09-03,18:43:52,5.266666666666667,20.666567484537758,2.466666666666667
2013-09-03,18:48:52,4.4,17.999852498372395,2.7333333333333334
2013-09-03,18:53:52,5.6,20.333226521809898,2.533333333333333
2013-09-03,18:58:52,4.533333333333333,15.133285522460938,2.533333333333333
2013-09-03,19:03:52,7.333333333333334,18.199895222981773,10.266666666666667
2013-09-03,19:08:52,5.0,17.533226013183594,4.733333333333333
2013-09-03,19:13:52,5.266666666666667,17.799924214680992,5.0
2013-09-03,19:18:52,5.4,19.066569010416668,3.466666666666667
2013-09-03,19:23:52,4.533333333333333,19.666544596354164,2.6
2013-09-03,19:28:52,5.666666666666666,17.39987691243489,2.6666666666666665
2013-09-03,19:33:52,4.4,17.533200581868485,2.466666666666667
2013-09-03,19:38:52,5.133333333333334,17.666575113932293,2.4
2013-09-03,19:43:52,4.8,15.999946594238281,2.6
2013-09-03,19:48:52,5.2,18.26658884684245,5.466666666666668
2013-09-03,19:53:52,5.4,17.93322245279948,5.0
2013-09-03,19:58:53,4.6,16.99993133544922,4.066666666666666
2013-09-03,20:03:53,8.0,20.533231099446613,11.533333333333333
2013-09-03,20:08:53,4.466666666666667,20.799903869628906,2.4
2013-09-03,20:13:53,5.066666666666666,20.666567484537758,2.333333333333333
2013-09-03,20:18:53,4.733333333333333,20.933240254720047,2.7333333333333334
2013-09-03,20:23:53,4.6,20.933240254720047,2.533333333333333
2013-09-03,20:28:53,4.933333333333334,17.9998779296875,2.466666666666667
2013-09-03,20:33:53,4.266666666666667,19.866549173990883,2.7333333333333334
2013-09-03,20:38:53,5.4,18.266512552897133,2.533333333333333
2013-09-03,20:43:53,4.2,18.46660614013672,2.7333333333333334
2013-09-03,20:48:53,4.866666666666667,16.399917602539062,2.533333333333333
2013-09-03,20:53:53,4.8,17.799911499023438,2.466666666666667
2013-09-03,20:58:53,4.533333333333333,20.333226521809898,2.466666666666667
2013-09-03,21:03:53,7.4,20.26655832926432,11.2
2013-09-03,21:08:53,4.133333333333333,21.59992218017578,2.8666666666666667
2013-09-03,21:13:53,5.666666666666666,17.9998779296875,2.8
2013-09-03,21:18:53,4.266666666666667,21.99993133544922,2.7333333333333334
2013-09-03,21:23:53,5.0,18.39984893798828,2.6666666666666665
2013-09-03,21:28:53,4.666666666666667,18.999900817871094,2.2
2013-09-03,21:33:53,4.6,18.999900817871094,2.6
2013-09-03,21:38:53,4.933333333333334,17.399864196777344,2.333333333333333
2013-09-03,21:43:53,4.066666666666666,18.39984893798828,2.4
2013-09-03,21:48:53,5.533333333333334,22.799911499023438,2.533333333333333
2013-09-03,21:53:53,4.0,17.266553243001297,2.6
2013-09-03,21:58:53,5.2,17.333234151204426,2.6
2013-09-03,22:03:53,6.933333333333334,18.533248901367188,10.4
2013-09-03,22:08:53,4.933333333333334,19.73322550455729,2.533333333333333
2013-09-03,22:13:53,5.533333333333334,21.86655680338542,2.7333333333333334
2013-09-03,22:18:53,4.533333333333333,19.799906412760418,2.8666666666666667
2013-09-03,22:23:53,5.533333333333334,16.66656494140625,2.8
2013-09-03,22:28:53,4.333333333333333,19.599876403808594,2.2666666666666666
2013-09-03,22:33:54,5.066666666666666,18.199920654296875,2.6666666666666665
2013-09-03,22:38:54,4.2,19.53320821126302,2.533333333333333
2013-09-03,22:43:54,4.2,19.06653086344401,2.8
2013-09-03,22:48:54,5.666666666666666,19.39985911051432,2.6666666666666665
2013-09-03,22:53:54,4.666666666666667,43.333307902018234,2.466666666666667
2013-09-03,22:58:54,5.066666666666666,26.59990946451823,2.8
2013-09-03,23:03:54,6.2666666666666675,21.93326314290364,9.933333333333334
2013-09-03,23:08:54,4.6,19.799880981445312,2.6666666666666665
2013-09-03,23:13:54,4.466666666666667,19.13318634033203,2.2666666666666666
2013-09-03,23:18:54,4.2,18.13323974609375,2.4
2013-09-03,23:23:54,4.666666666666667,18.399912516276043,2.533333333333333
2013-09-03,23:28:54,3.733333333333333,19.199867248535156,2.4
2013-09-03,23:33:54,4.933333333333334,16.33324940999349,2.7333333333333334
2013-09-03,23:38:54,3.8666666666666663,16.59992218017578,2.2
2013-09-03,23:43:54,4.6,17.866592407226562,2.2666666666666666
2013-09-03,23:48:54,4.466666666666667,18.19990793863932,2.8
2013-09-03,23:53:54,4.2,15.999959309895836,2.533333333333333
2013-09-03,23:58:54,4.666666666666667,19.733263651529946,2.4
2013-09-04,00:03:54,6.2,19.266510009765625,10.266666666666667
2013-09-04,00:08:54,5.4,18.066584269205727,2.6666666666666665
2013-09-04,00:13:54,3.933333333333333,18.93319447835286,2.4
2013-09-04,00:18:54,4.666666666666667,17.799924214680992,2.6666666666666665
2013-09-04,00:23:54,4.4,15.599899291992186,2.2666666666666666
2013-09-04,00:28:54,4.133333333333333,18.999900817871094,2.2
2013-09-04,00:33:54,4.8,14.999923706054688,2.6
2013-09-04,00:38:54,4.066666666666666,16.599884033203125,2.6
2013-09-04,00:43:54,5.066666666666666,19.399871826171875,2.8666666666666667
2013-09-04,00:48:54,4.066666666666666,16.399879455566406,2.533333333333333
2013-09-04,00:53:54,4.733333333333333,16.199913024902344,2.4
2013-09-04,00:58:54,4.266666666666667,17.399864196777344,2.6
2013-09-04,01:03:54,6.7333333333333325,20.19989013671875,9.6
2013-09-04,01:08:54,4.533333333333333,18.399887084960938,2.4
2013-09-04,01:13:54,3.933333333333333,18.199920654296875,2.2
2013-09-04,01:18:54,5.2,21.399879455566406,2.8666666666666667
2013-09-04,01:23:54,4.066666666666666,23.79993438720703,2.2666666666666666
2013-09-04,01:28:54,5.466666666666666,20.39989471435547,5.0
2013-09-04,01:33:54,5.6,18.39984893798828,6.666666666666668
2013-09-04,01:38:55,4.733333333333333,20.933240254720047,7.333333333333332
2013-09-04,01:43:55,6.0,17.733243306477863,13.666666666666664
2013-09-04,01:48:55,4.2,18.93319447835286,3.6
2013-09-04,01:53:55,5.266666666666667,17.333234151204426,2.7333333333333334
2013-09-04,01:58:55,4.0,19.06653086344401,2.333333333333333
2013-09-04,02:03:55,6.866666666666666,20.133221944173176,10.4
2013-09-04,02:08:55,4.266666666666667,20.26655832926432,2.6666666666666665
2013-09-04,02:13:55,4.466666666666667,18.266525268554688,2.2
2013-09-04,02:18:55,4.533333333333333,20.066553751627605,2.8
2013-09-04,02:23:55,4.0,19.666544596354164,2.533333333333333
2013-09-04,02:28:55,5.066666666666666,16.533241271972656,2.2666666666666666
2013-09-04,02:33:55,3.933333333333333,18.599904378255207,2.533333333333333
2013-09-04,02:38:56,4.533333333333333,15.999972025553383,2.466666666666667
2013-09-04,02:43:56,4.333333333333333,18.66657257080078,2.2666666666666666
2013-09-04,02:48:56,4.4,18.466529846191406,2.6
2013-09-04,02:53:56,4.733333333333333,20.066553751627605,2.1333333333333333
2013-09-04,02:58:56,4.266666666666667,17.466532389322914,2.466666666666667
2013-09-04,03:03:56,7.533333333333334,17.733281453450516,10.0
2013-09-04,03:08:56,3.933333333333333,18.999900817871094,4.2
2013-09-04,03:13:56,4.866666666666667,16.999893188476562,3.2
2013-09-04,03:18:56,4.533333333333333,17.733179728190102,3.1333333333333333
2013-09-04,03:23:56,4.4,16.733245849609375,3.533333333333333
2013-09-04,03:28:56,4.733333333333333,17.666575113932293,3.933333333333333
2013-09-04,03:33:56,4.2,16.66656494140625,3.6666666666666665
2013-09-04,03:38:56,5.533333333333334,15.333277384440105,4.2
2013-09-04,03:43:56,4.266666666666667,18.86652628580729,4.0
2013-09-04,03:48:56,5.133333333333334,17.46654510498047,4.333333333333333
2013-09-04,03:53:56,4.533333333333333,15.466588338216145,3.8
2013-09-04,03:58:56,4.8,21.266581217447914,4.4
2013-09-04,04:03:56,7.4,17.99989064534505,11.133333333333333
2013-09-04,04:08:56,4.266666666666667,16.399930318196617,4.2
2013-09-04,04:13:56,5.533333333333334,16.799863179524742,4.733333333333333
2013-09-04,04:18:56,4.266666666666667,18.999900817871094,3.533333333333333
2013-09-04,04:23:56,5.066666666666666,16.799850463867188,5.533333333333332
2013-09-04,04:28:56,4.6,18.599917093912758,3.6666666666666665
2013-09-04,04:33:56,4.8,18.799896240234375,5.866666666666666
2013-09-04,04:38:56,5.133333333333334,18.19990793863932,5.4
2013-09-04,04:43:56,4.4,23.199920654296875,5.333333333333333
2013-09-04,04:48:56,5.466666666666666,16.599884033203125,4.933333333333334
2013-09-04,04:53:56,4.2,18.79985809326172,3.333333333333333
2013-09-04,04:58:56,5.0,17.9998779296875,2.7333333333333334
2013-09-04,05:03:56,17.066666666666666,23.599929809570312,100.0
2013-09-04,05:08:57,4.466666666666667,21.666590372721352,3.6
2013-09-04,05:13:57,5.2,22.933209737141922,4.266666666666667
2013-09-04,05:18:57,4.2,20.9332275390625,3.2666666666666666
2013-09-04,05:23:57,5.266666666666667,16.266581217447914,3.4
2013-09-04,05:28:57,4.0,18.33325703938802,2.7333333333333334
2013-09-04,05:33:57,4.933333333333334,18.799870808919266,2.933333333333333
2013-09-04,05:38:57,4.466666666666667,17.8665288289388,2.8666666666666667
2013-09-04,05:43:57,4.4,20.733248392740883,2.8
2013-09-04,05:48:57,4.866666666666667,19.199867248535156,3.2
2013-09-04,05:53:57,4.066666666666666,17.06659952799479,2.6
2013-09-04,05:58:57,5.266666666666667,19.866549173990883,2.6666666666666665
2013-09-04,06:03:57,6.2,18.733189900716148,10.066666666666666
2013-09-04,06:08:57,4.6,18.79985809326172,2.533333333333333
2013-09-04,06:13:57,4.533333333333333,17.399927775065105,2.933333333333333
2013-09-04,06:18:57,4.4,20.666529337565102,2.8666666666666667
2013-09-04,06:23:57,4.733333333333333,16.533215840657554,2.6
2013-09-04,06:28:57,4.133333333333333,14.7332763671875,2.8666666666666667
2013-09-04,06:33:57,5.2,16.399917602539062,3.0
2013-09-04,06:38:57,4.2,21.93318684895833,2.8
2013-09-04,06:43:57,4.533333333333333,17.733243306477863,3.0
2013-09-04,06:48:57,4.666666666666667,20.533231099446613,3.066666666666667
2013-09-04,06:53:57,4.266666666666667,17.866554260253906,2.533333333333333
2013-09-04,06:58:57,4.866666666666667,17.5332514444987,3.1333333333333333
2013-09-04,07:03:57,6.2,18.666623433430992,9.6
2013-09-04,07:08:57,5.0,19.799880981445312,2.2666666666666666
2013-09-04,07:13:57,4.2,18.999862670898438,2.066666666666667
2013-09-04,07:18:58,4.8,18.266563415527344,2.8666666666666667
2013-09-04,07:23:58,4.466666666666667,17.199910481770832,2.6666666666666665
2013-09-04,07:28:58,4.266666666666667,19.46654001871745,2.333333333333333
2013-09-04,07:33:58,4.733333333333333,19.46654001871745,2.1333333333333333
2013-09-04,07:38:58,3.933333333333333,18.86652628580729,2.6
2013-09-04,07:43:58,5.066666666666666,19.799880981445312,2.333333333333333
2013-09-04,07:48:58,4.066666666666666,17.19989776611328,2.533333333333333
2013-09-04,07:53:58,4.733333333333333,15.399894714355469,2.333333333333333
2013-09-04,07:58:58,4.2,15.466601053873699,2.6
2013-09-04,08:03:58,6.466666666666666,19.799880981445312,9.333333333333334
2013-09-04,08:08:58,4.6,18.399925231933594,2.4
2013-09-04,08:13:58,4.0,18.79985809326172,2.466666666666667
2013-09-04,08:18:58,5.133333333333334,15.799903869628906,2.333333333333333
2013-09-04,08:23:58,4.0,13.79993438720703,2.8
2013-09-04,08:28:58,4.733333333333333,16.59992218017578,2.333333333333333
2013-09-04,08:33:58,4.333333333333333,15.799903869628906,2.333333333333333
2013-09-04,08:38:58,4.533333333333333,18.399925231933594,2.466666666666667
2013-09-04,08:43:58,4.733333333333333,19.799880981445312,2.2
2013-09-04,08:48:58,4.333333333333333,18.199844360351562,3.1333333333333333
2013-09-04,08:53:58,4.933333333333334,22.199935913085938,2.066666666666667
2013-09-04,08:58:58,3.8666666666666663,19.599876403808594,2.466666666666667
2013-09-04,09:03:58,6.8,17.19989776611328,9.666666666666666
2013-09-04,09:08:58,4.333333333333333,17.866579691569008,2.8
2013-09-04,09:13:58,4.533333333333333,18.066507975260418,2.466666666666667
2013-09-04,09:18:58,4.866666666666667,19.86651102701823,2.466666666666667
2013-09-04,09:23:58,4.133333333333333,17.93320973714193,2.2
2013-09-04,09:28:58,5.066666666666666,18.333282470703125,2.0
2013-09-04,09:33:58,3.8666666666666663,17.066561381022133,2.466666666666667
2013-09-04,09:38:58,4.6,17.46654510498047,2.333333333333333
2013-09-04,09:43:58,4.266666666666667,17.19989776611328,2.066666666666667
2013-09-04,09:48:58,4.333333333333333,17.733230590820312,2.6666666666666665
2013-09-04,09:53:58,4.533333333333333,17.46654510498047,2.0
2013-09-04,09:58:58,4.0,18.999862670898438,2.466666666666667
2013-09-04,10:03:58,7.4,20.19989013671875,10.2
2013-09-04,10:08:58,3.8,19.399871826171875,2.6
2013-09-04,10:13:58,5.0,15.666605631510414,2.6
2013-09-04,10:18:58,4.266666666666667,19.53320821126302,2.6
2013-09-04,10:23:58,4.4,17.466595967610676,2.333333333333333
2013-09-04,10:28:58,4.733333333333333,17.59990692138672,2.7333333333333334
2013-09-04,10:33:58,4.0,15.466626485188806,2.7333333333333334
2013-09-04,10:38:58,5.266666666666667,17.133229573567707,3.066666666666667
2013-09-04,10:43:58,4.0,18.533261617024742,3.2
2013-09-04,10:48:58,4.866666666666667,17.9998779296875,3.1333333333333333
2013-09-04,10:53:58,4.266666666666667,18.599891662597656,2.6
2013-09-04,10:58:58,4.466666666666667,18.066558837890625,3.2
2013-09-04,11:03:58,7.2,16.599909464518227,13.4
2013-09-04,11:08:58,3.8,16.666552225748696,2.6
2013-09-04,11:13:58,5.466666666666666,15.333277384440105,2.4
2013-09-04,11:18:59,4.0,17.9998779296875,2.6666666666666665
2013-09-04,11:23:59,4.666666666666667,16.59992218017578,2.4
2013-09-04,11:28:59,4.333333333333333,18.866551717122395,2.7333333333333334
2013-09-04,11:33:59,4.4,15.733273824055994,2.8
2013-09-04,11:38:59,4.866666666666667,18.19988250732422,3.0
2013-09-04,11:43:59,4.2,18.599929809570312,3.2
2013-09-04,11:48:59,5.066666666666666,16.999893188476562,6.7333333333333325
2013-09-04,11:53:59,4.333333333333333,20.39989471435547,4.0
2013-09-04,11:58:59,5.0,18.999862670898438,3.8
2013-09-04,12:03:59,6.6,18.39984893798828,14.666666666666664
2013-09-04,12:08:59,4.133333333333333,20.19989013671875,2.8666666666666667
2013-09-04,12:13:59,5.7333333333333325,19.399871826171875,19.266666666666666
2013-09-04,12:18:59,4.333333333333333,19.99988555908203,3.466666666666667
2013-09-04,12:23:59,5.0,18.999900817871094,3.1333333333333333
2013-09-04,12:28:59,4.266666666666667,17.9998779296875,3.0
2013-09-04,12:33:59,5.0,16.999893188476562,2.933333333333333
2013-09-04,12:38:59,4.6,19.399871826171875,4.533333333333333
2013-09-04,12:43:59,4.6,17.79987335205078,9.666666666666666
2013-09-04,12:48:59,5.2,18.999926249186196,7.2
2013-09-04,12:53:59,4.133333333333333,22.399940490722656,3.2
2013-09-04,12:58:59,4.666666666666667,16.73320770263672,2.933333333333333
2013-09-04,13:03:59,6.466666666666666,16.86656951904297,10.2
2013-09-04,13:09:00,4.8,15.799903869628906,2.533333333333333
2013-09-04,13:14:00,4.4,16.799850463867188,2.066666666666667
2013-09-04,13:19:00,4.466666666666667,21.06653849283854,3.6
2013-09-04,13:24:00,4.8,21.199913024902344,2.6666666666666665
2013-09-04,13:29:00,4.0,17.333234151204426,2.6
2013-09-04,13:34:00,4.866666666666667,18.13323974609375,2.6
2013-09-04,13:39:00,4.333333333333333,18.7332280476888,3.1333333333333333
2013-09-04,13:44:00,4.733333333333333,19.866561889648438,2.4
2013-09-04,13:49:00,4.6,19.06653086344401,3.6666666666666665
2013-09-04,13:54:00,7.2666666666666675,18.466555277506508,66.46666666666667
2013-09-04,13:59:00,5.666666666666666,17.999916076660156,35.266666666666666
2013-09-04,14:04:00,7.066666666666666,17.866579691569008,37.13333333333333
2013-09-04,14:09:00,5.0,18.199895222981773,2.7333333333333334
2013-09-04,14:14:00,5.6,18.06657155354818,2.8
2013-09-04,14:19:00,5.466666666666666,41.86659495035807,2.8666666666666667
2013-09-04,14:24:00,4.533333333333333,23.999951680501304,3.1333333333333333
2013-09-04,14:29:00,4.4,19.999898274739582,3.0
2013-09-04,14:34:00,5.0,17.5332514444987,8.733333333333333
2013-09-04,14:39:00,4.666666666666667,15.933252970377602,30.66666666666667
2013-09-04,14:44:00,5.333333333333334,18.599878946940102,24.86666666666667
2013-09-04,14:49:00,4.533333333333333,19.599876403808594,3.2666666666666666
2013-09-04,14:54:00,7.066666666666666,18.733189900716148,53.73333333333333
2013-09-04,14:59:00,8.4,19.99988555908203,96.46666666666668
2013-09-04,15:04:00,6.8,19.733212788899742,14.666666666666664
2013-09-04,15:09:00,4.933333333333334,20.733235677083336,7.0
2013-09-04,15:14:00,5.6,19.799880981445312,39.53333333333333
2013-09-04,15:19:00,5.933333333333334,21.13324483235677,36.266666666666666
2013-09-04,15:24:01,5.2,18.999862670898438,31.466666666666665
2013-09-04,15:29:01,5.333333333333334,18.599891662597656,32.46666666666667
2013-09-04,15:34:01,5.066666666666666,15.399932861328125,30.0
2013-09-04,15:39:01,4.933333333333334,18.399887084960938,29.466666666666665
2013-09-04,15:44:01,5.466666666666666,16.599960327148438,28.33333333333333
2013-09-04,15:49:01,4.733333333333333,19.599876403808594,30.86666666666667
2013-09-04,15:54:01,5.466666666666666,19.199867248535156,30.0
2013-09-04,15:59:01,5.0,18.79985809326172,28.73333333333333
2013-09-04,16:04:01,7.666666666666666,16.799888610839844,37.93333333333333
2013-09-04,16:09:01,5.133333333333334,19.399871826171875,28.6
2013-09-04,16:14:01,5.266666666666667,17.199885050455727,32.93333333333333
2013-09-04,16:19:01,5.533333333333334,22.799911499023438,23.13333333333333
2013-09-04,16:24:01,4.266666666666667,17.599868774414062,4.2
2013-09-04,16:29:01,5.333333333333334,19.99988555908203,15.533333333333333
2013-09-04,16:34:01,5.8,18.66652170817057,26.8
2013-09-04,16:39:01,4.933333333333334,19.46654001871745,11.2
2013-09-04,16:44:01,4.666666666666667,18.19988250732422,3.1333333333333333
2013-09-04,16:49:01,4.4,16.666552225748696,3.2
2013-09-04,16:54:01,4.933333333333334,18.799896240234375,3.2
2013-09-04,16:59:01,4.066666666666666,16.66656494140625,2.6
2013-09-04,17:04:01,7.2666666666666675,19.39990997314453,10.066666666666666
2013-09-04,17:09:01,4.4,18.133214314778645,2.6666666666666665
2013-09-04,17:14:01,4.666666666666667,18.666534423828125,3.8666666666666663
2013-09-04,17:19:01,4.933333333333334,19.799868265787758,2.8
2013-09-04,17:24:02,4.4,19.73322550455729,2.4
2013-09-04,17:29:02,4.933333333333334,18.466555277506508,2.4
2013-09-04,17:34:02,4.066666666666666,17.799835205078125,2.6
2013-09-04,17:39:02,4.8,20.19989013671875,3.0
2013-09-04,17:44:02,4.6,15.999933878580727,3.2
2013-09-04,17:49:02,4.533333333333333,17.333246866861977,3.1333333333333333
2013-09-04,17:54:02,4.8,17.199935913085938,2.466666666666667
2013-09-04,17:59:02,4.066666666666666,17.599945068359375,3.0
2013-09-04,18:04:02,7.333333333333334,17.46657053629557,10.866666666666667
2013-09-04,18:09:02,4.133333333333333,19.39990997314453,3.4
2013-09-04,18:14:01,5.4,16.933263142903645,3.6
2013-09-04,18:19:01,4.733333333333333,18.86652628580729,4.8
2013-09-04,18:24:01,4.666666666666667,18.333218892415367,2.7333333333333334
2013-09-04,18:29:01,4.8,18.533185323079426,3.0
2013-09-04,18:34:01,4.066666666666666,18.99987538655599,2.4
2013-09-04,18:39:01,5.133333333333334,17.733243306477863,2.6666666666666665
2013-09-04,18:44:01,4.0,17.199923197428383,2.066666666666667
2013-09-04,18:49:01,4.8,17.533238728841148,2.6
2013-09-04,18:54:01,4.133333333333333,17.599894205729164,2.8
2013-09-04,18:59:01,4.466666666666667,19.53320821126302,2.8666666666666667
2013-09-04,19:04:01,7.0,16.86656951904297,10.133333333333333
2013-09-04,19:09:01,4.0,19.99988555908203,2.7333333333333334
2013-09-04,19:14:01,5.266666666666667,18.266512552897133,2.4
2013-09-04,19:19:01,3.933333333333333,18.399887084960938,2.8666666666666667
2013-09-04,19:24:02,5.0,18.199920654296875,3.8
2013-09-04,19:29:02,4.266666666666667,17.799911499023438,2.333333333333333
2013-09-04,19:34:02,4.466666666666667,17.799911499023438,2.533333333333333
2013-09-04,19:39:02,4.8,19.599876403808594,2.8
2013-09-04,19:44:02,3.933333333333333,19.533233642578125,2.533333333333333
2013-09-04,19:49:02,5.0,19.399871826171875,3.2
2013-09-04,19:54:02,4.0,15.599937438964846,2.2
2013-09-04,19:59:02,4.733333333333333,15.599899291992186,2.6
2013-09-04,20:04:02,6.6,17.79987335205078,10.0
2013-09-04,20:09:02,4.4,20.599899291992188,2.533333333333333
2013-09-04,20:14:02,4.8,19.199905395507812,2.466666666666667
2013-09-04,20:19:02,3.933333333333333,20.599899291992188,2.466666666666667
2013-09-04,20:24:02,5.2,16.199913024902344,2.6
2013-09-04,20:29:02,4.0,18.933232625325523,2.533333333333333
2013-09-04,20:34:02,4.733333333333333,16.59987131754557,2.7333333333333334
2013-09-04,20:39:02,4.333333333333333,18.399874369303383,2.8
2013-09-04,20:44:02,4.333333333333333,15.866610209147133,2.7333333333333334
2013-09-04,20:49:02,5.0,16.666552225748696,3.066666666666667
2013-09-04,20:54:02,4.066666666666666,16.799901326497398,2.6
2013-09-04,20:59:02,5.133333333333334,17.19989776611328,2.8666666666666667
2013-09-04,21:04:02,6.4,16.666590372721352,11.066666666666665
2013-09-04,21:09:02,4.666666666666667,16.399879455566406,2.533333333333333
2013-09-04,21:14:02,4.466666666666667,19.33324178059896,2.933333333333333
2013-09-04,21:19:02,4.4,21.73325856526693,3.0
2013-09-04,21:24:02,4.933333333333334,17.46655782063802,2.6
2013-09-04,21:29:02,4.0,18.399887084960938,2.6
2013-09-04,21:34:02,5.2,15.866584777832033,2.6666666666666665
2013-09-04,21:39:02,4.066666666666666,19.733212788899742,2.933333333333333
2013-09-04,21:44:03,4.8,16.266581217447914,2.6666666666666665
2013-09-04,21:49:03,4.4,17.9998779296875,2.8666666666666667
2013-09-04,21:54:03,4.266666666666667,17.933197021484375,2.466666666666667
2013-09-04,21:59:03,4.6,18.66655985514323,3.4
2013-09-04,22:04:03,6.466666666666666,20.26655832926432,9.666666666666666
2013-09-04,22:09:03,5.7333333333333325,20.26655832926432,2.8666666666666667
2013-09-04,22:14:03,4.466666666666667,21.0665766398112,2.4
2013-09-04,22:19:03,4.533333333333333,21.13324483235677,2.8
2013-09-04,22:24:03,4.333333333333333,17.999916076660156,2.7333333333333334
2013-09-04,22:29:03,4.4,17.399915059407554,2.8666666666666667
2013-09-04,22:34:03,4.533333333333333,14.866612752278648,2.8666666666666667
2013-09-04,22:39:03,4.133333333333333,18.466555277506508,3.2
2013-09-04,22:44:03,5.133333333333334,16.266581217447914,2.6666666666666665
2013-09-04,22:49:03,4.0,17.733243306477863,2.533333333333333
2013-09-04,22:54:03,4.866666666666667,17.39990234375,2.533333333333333
2013-09-04,22:59:03,4.466666666666667,17.9998779296875,2.333333333333333
2013-09-04,23:04:03,6.533333333333334,20.73322296142578,9.933333333333334
2013-09-04,23:09:03,4.733333333333333,18.399925231933594,2.6
2013-09-04,23:14:03,4.066666666666666,20.79986572265625,2.533333333333333
2013-09-04,23:19:03,5.066666666666666,19.399871826171875,2.7333333333333334
2013-09-04,23:24:03,3.933333333333333,17.799911499023438,3.0
2013-09-04,23:29:03,4.8,20.266571044921875,2.466666666666667
2013-09-04,23:34:03,4.4,17.39990234375,2.4
2013-09-04,23:39:03,4.4,16.599960327148438,2.533333333333333
2013-09-04,23:44:03,4.866666666666667,19.599876403808594,3.2
2013-09-04,23:49:03,3.733333333333333,19.599876403808594,2.533333333333333
2013-09-04,23:54:03,5.066666666666666,20.799903869628906,2.6
2013-09-04,23:59:03,3.8666666666666663,16.866556803385414,2.7333333333333334
2013-09-05,00:04:03,7.133333333333334,17.133216857910156,9.8
2013-09-05,00:09:03,4.2,20.599899291992188,2.7333333333333334
2013-09-05,00:14:04,4.733333333333333,18.66652170817057,2.533333333333333
2013-09-05,00:19:04,4.733333333333333,20.066553751627605,2.8
2013-09-05,00:24:04,4.133333333333333,16.599909464518227,2.8
2013-09-05,00:29:04,4.8,18.399887084960938,2.466666666666667
2013-09-05,00:34:04,3.8666666666666663,18.93319447835286,2.533333333333333
2013-09-05,00:39:04,4.666666666666667,20.466562906901043,2.333333333333333
2013-09-05,00:44:04,4.2,18.39984893798828,2.466666666666667
2013-09-05,00:49:04,4.4,17.133216857910156,2.6
2013-09-05,00:54:04,4.533333333333333,19.066556294759117,2.8
2013-09-05,00:59:04,4.0,16.666628519694008,2.2
2013-09-05,01:04:04,7.533333333333334,16.06658935546875,10.2
2013-09-05,01:09:04,3.8666666666666663,17.799898783365887,2.6
2013-09-05,01:14:04,4.933333333333334,17.86651611328125,2.533333333333333
2013-09-05,01:19:04,4.4,18.466580708821613,2.7333333333333334
2013-09-05,01:24:04,4.333333333333333,19.66655731201172,2.533333333333333
2013-09-05,01:29:04,6.2666666666666675,19.06653086344401,9.533333333333333
2013-09-05,01:34:04,4.466666666666667,19.199867248535156,5.2
2013-09-05,01:39:04,5.533333333333334,18.533261617024742,8.133333333333333
2013-09-05,01:44:04,4.666666666666667,16.933199564615883,10.533333333333333
2013-09-05,01:49:04,4.866666666666667,18.399925231933594,2.7333333333333334
2013-09-05,01:54:04,4.333333333333333,16.59992218017578,2.6666666666666665
2013-09-05,01:59:04,4.466666666666667,21.533279418945312,2.6666666666666665
2013-09-05,02:04:04,7.0,20.799903869628906,10.466666666666667
2013-09-05,02:09:04,4.0,20.133221944173176,3.0
2013-09-05,02:14:04,5.066666666666666,20.666567484537758,2.7333333333333334
2013-09-05,02:19:04,4.133333333333333,19.46654001871745,2.7333333333333334
2013-09-05,02:24:05,4.533333333333333,19.799880981445312,2.6
2013-09-05,02:29:05,4.466666666666667,18.533185323079426,3.6666666666666665
2013-09-05,02:34:05,4.4,17.13324228922526,2.7333333333333334
2013-09-05,02:39:05,4.733333333333333,15.799942016601562,3.0
2013-09-05,02:44:05,3.933333333333333,15.999921162923181,3.1333333333333333
2013-09-05,02:49:05,5.2,16.199951171875,3.0
2013-09-05,02:54:05,4.0,18.399887084960938,2.8
2013-09-05,02:59:05,4.8,18.733202616373696,3.2
2013-09-05,03:04:05,7.066666666666666,19.199867248535156,10.466666666666667
2013-09-05,03:09:05,4.733333333333333,19.799880981445312,4.333333333333333
2013-09-05,03:14:05,5.133333333333334,18.599891662597656,2.6666666666666665
2013-09-05,03:19:05,4.4,18.599853515625,3.333333333333333
2013-09-05,03:24:05,5.2,18.199844360351562,3.2
2013-09-05,03:29:05,4.733333333333333,16.999893188476562,4.266666666666667
2013-09-05,03:34:05,5.333333333333334,16.199951171875,4.4
2013-09-05,03:39:05,4.866666666666667,16.799850463867188,4.4
2013-09-05,03:44:05,4.866666666666667,17.79987335205078,3.2666666666666666
2013-09-05,03:49:05,5.333333333333334,17.399864196777344,4.933333333333334
2013-09-05,03:54:05,4.466666666666667,17.9998779296875,4.133333333333334
2013-09-05,03:59:05,5.266666666666667,14.799919128417969,4.133333333333334
2013-09-05,04:04:05,7.066666666666666,16.86658223470052,10.933333333333335
2013-09-05,04:09:05,5.2,15.266596476236977,4.266666666666667
2013-09-05,04:14:05,5.133333333333334,19.266535441080727,4.8
2013-09-05,04:19:05,4.866666666666667,22.199935913085938,4.066666666666666
2013-09-05,04:24:05,5.333333333333334,19.266535441080727,4.466666666666667
2013-09-05,04:29:05,4.533333333333333,19.199867248535156,4.066666666666666
2013-09-05,04:34:05,5.4,18.79985809326172,5.066666666666666
2013-09-05,04:39:05,5.133333333333334,20.19989013671875,5.066666666666666
2013-09-05,04:44:05,5.266666666666667,18.06657155354818,4.866666666666666
2013-09-05,04:49:05,4.866666666666667,16.466573079427082,4.4
2013-09-05,04:54:05,4.933333333333334,19.466552734375,5.0
2013-09-05,04:59:05,5.333333333333334,18.466517130533855,4.133333333333334
2013-09-05,05:04:05,15.866666666666667,25.399907430013013,100.0
2013-09-05,05:09:05,5.066666666666666,19.199854532877605,3.1333333333333333
2013-09-05,05:14:05,5.133333333333334,18.26655069986979,3.8666666666666663
2013-09-05,05:19:05,6.4,27.599881490071613,3.6
2013-09-05,05:24:05,5.4,35.39988199869792,3.6
2013-09-05,05:29:05,4.466666666666667,22.999954223632812,2.6666666666666665
2013-09-05,05:34:05,5.333333333333334,16.999880472819008,3.0
2013-09-05,05:39:05,4.8,18.333231608072914,3.066666666666667
2013-09-05,05:44:05,5.0,20.133221944173176,2.8666666666666667
2013-09-05,05:49:05,5.0,19.799880981445312,2.933333333333333
2013-09-05,05:54:05,4.866666666666667,18.066558837890625,3.2666666666666666
2013-09-05,05:59:05,5.133333333333334,18.26657613118489,2.8666666666666667
2013-09-05,06:04:05,6.6,19.399871826171875,10.6
2013-09-05,06:09:05,5.133333333333334,16.533266703287758,2.933333333333333
2013-09-05,06:14:05,4.733333333333333,18.599904378255207,3.066666666666667
2013-09-05,06:19:05,5.133333333333334,22.13322957356771,3.1333333333333333
2013-09-05,06:24:05,4.933333333333334,19.599876403808594,2.933333333333333
2013-09-05,06:29:05,4.8,17.999852498372395,2.333333333333333
2013-09-05,06:34:06,5.4,19.733212788899742,3.0
2013-09-05,06:39:06,4.466666666666667,22.19989776611328,3.0
2013-09-05,06:44:06,5.0,18.733189900716148,2.8
2013-09-05,06:49:06,4.8,19.199867248535156,3.0
2013-09-05,06:54:06,4.866666666666667,18.93319447835286,2.8
2013-09-05,06:59:06,5.0,17.933260599772133,2.6666666666666665
2013-09-05,07:04:06,6.933333333333334,18.73321533203125,9.733333333333333
2013-09-05,07:09:06,5.266666666666667,18.066546122233074,2.2666666666666666
2013-09-05,07:14:06,4.6,17.19989776611328,2.533333333333333
2013-09-05,07:19:06,5.066666666666666,23.399925231933594,2.6
2013-09-05,07:24:06,4.866666666666667,16.799888610839844,3.1333333333333333
2013-09-05,07:29:06,4.933333333333334,17.599868774414062,2.7333333333333334
2013-09-05,07:34:06,4.933333333333334,18.999862670898438,2.466666666666667
2013-09-05,07:39:06,4.533333333333333,18.399887084960938,3.0
2013-09-05,07:44:06,5.4,19.399871826171875,3.2666666666666666
2013-09-05,07:49:06,4.4,19.399871826171875,2.6
2013-09-05,07:54:06,5.2,14.19994354248047,2.6666666666666665
2013-09-05,07:59:06,4.666666666666667,17.066574096679688,2.6666666666666665
2013-09-05,08:04:06,7.2,20.199966430664062,10.2
2013-09-05,08:09:06,4.733333333333333,21.799888610839844,2.533333333333333
2013-09-05,08:14:06,4.8,20.19989013671875,2.6666666666666665
2013-09-05,08:19:06,5.2,18.19988250732422,2.933333333333333
2013-09-05,08:24:06,4.466666666666667,17.59990692138672,2.4
2013-09-05,08:29:07,5.2,19.99988555908203,2.7333333333333334
2013-09-05,08:34:07,4.666666666666667,17.9998779296875,2.6
2013-09-05,08:39:07,4.933333333333334,19.599876403808594,2.8
2013-09-05,08:44:07,5.0,17.9998779296875,2.6
2013-09-05,08:49:07,4.6,16.199913024902344,2.6666666666666665
2013-09-05,08:54:07,5.266666666666667,17.666498819986977,3.4
2013-09-05,08:59:07,4.4,18.39984893798828,3.2
2013-09-05,09:04:07,7.333333333333334,17.799898783365887,10.533333333333333
2013-09-05,09:09:07,4.8,17.79993693033854,3.2666666666666666
2013-09-05,09:14:07,4.933333333333334,14.466616312662758,3.533333333333333
2013-09-05,09:19:07,5.333333333333334,17.066574096679688,3.6666666666666665
2013-09-05,09:24:07,4.866666666666667,17.33320871988932,4.133333333333334
2013-09-05,09:29:07,5.266666666666667,21.59992218017578,3.2
2013-09-05,09:34:07,4.533333333333333,18.133201599121094,3.2
2013-09-05,09:39:07,5.2,19.39990997314453,2.6666666666666665
2013-09-05,09:44:07,4.8,18.133227030436196,2.333333333333333
2013-09-05,09:49:07,4.933333333333334,18.93319447835286,3.1333333333333333
2013-09-05,09:54:07,5.066666666666666,18.466517130533855,2.7333333333333334
2013-09-05,09:59:07,4.733333333333333,18.39984893798828,2.6
2013-09-05,10:04:07,7.533333333333334,17.266553243001297,10.066666666666666
2013-09-05,10:09:07,4.333333333333333,16.266581217447914,2.6
2013-09-05,10:14:07,5.333333333333334,17.33320871988932,2.8
2013-09-05,10:19:07,4.866666666666667,16.999918619791668,3.1333333333333333
2013-09-05,10:24:07,4.733333333333333,17.066574096679688,2.6
2013-09-05,10:29:07,5.4,20.19989013671875,2.7333333333333334
2013-09-05,10:34:07,4.466666666666667,17.133216857910156,3.6
2013-09-05,10:39:07,5.6,17.666587829589844,2.933333333333333
2013-09-05,10:44:07,4.533333333333333,18.399887084960938,2.7333333333333334
2013-09-05,10:49:07,5.266666666666667,18.999900817871094,3.1333333333333333
2013-09-05,10:54:07,4.866666666666667,19.99988555908203,2.6666666666666665
2013-09-05,10:59:07,4.733333333333333,20.733235677083336,2.8666666666666667
2013-09-05,11:04:07,7.666666666666666,21.86659495035807,15.266666666666667
2013-09-05,11:09:07,4.466666666666667,20.466562906901043,6.6
2013-09-05,11:14:08,5.866666666666666,18.33318074544271,7.0
2013-09-05,11:19:08,4.733333333333333,18.466555277506508,7.333333333333332
2013-09-05,11:24:08,5.2,19.599876403808594,2.6666666666666665
2013-09-05,11:29:08,5.7333333333333325,16.933263142903645,22.73333333333333
2013-09-05,11:34:08,5.0,18.06657155354818,8.333333333333334
2013-09-05,11:39:08,5.333333333333334,17.399864196777344,3.733333333333333
2013-09-05,11:44:08,4.666666666666667,19.466552734375,7.533333333333332
2013-09-05,11:49:08,6.6,19.799880981445312,25.2
2013-09-05,11:54:08,4.333333333333333,19.199867248535156,2.6666666666666665
2013-09-05,11:59:08,6.6,16.399917602539062,62.53333333333333
2013-09-05,12:04:08,9.4,19.666544596354164,27.73333333333333
2013-09-05,12:09:08,5.0,19.866549173990883,7.066666666666666
2013-09-05,12:14:08,5.333333333333334,17.79986063639323,2.8666666666666667
2013-09-05,12:19:08,4.533333333333333,20.39989471435547,2.8666666666666667
2013-09-05,12:24:07,5.933333333333334,17.999839782714844,19.4
2013-09-05,12:29:07,5.7333333333333325,17.599868774414062,42.6
2013-09-05,12:34:07,5.6,15.533256530761719,28.66666666666667
2013-09-05,12:39:07,5.466666666666666,17.799911499023438,33.53333333333333
2013-09-05,12:44:07,5.866666666666666,16.799850463867188,38.86666666666667
2013-09-05,12:49:07,6.4,18.79985809326172,42.66666666666666
2013-09-05,12:54:07,5.666666666666666,18.19988250732422,49.0
2013-09-05,12:59:07,6.533333333333334,17.79987335205078,34.0
2013-09-05,13:04:07,7.533333333333334,18.19988250732422,44.33333333333334
2013-09-05,13:09:07,5.666666666666666,18.999862670898438,32.8
2013-09-05,13:14:07,5.466666666666666,19.99988555908203,30.2
2013-09-05,13:19:07,5.2,16.99993133544922,30.4
2013-09-05,13:24:08,5.466666666666666,17.59990692138672,30.4
2013-09-05,13:29:08,4.666666666666667,15.999908447265627,31.0
2013-09-05,13:34:08,6.615384615384616,17.384499769944412,33.92307692307692
2013-09-05,13:39:08,5.066666666666666,19.199867248535156,34.266666666666666
2013-09-05,13:44:08,5.866666666666666,23.933258056640625,36.2
2013-09-05,13:49:08,5.7333333333333325,20.39989471435547,37.93333333333333
2013-09-05,13:54:08,5.6,16.999880472819008,38.266666666666666
2013-09-05,13:59:08,8.933333333333334,16.933275858561196,100.0
2013-09-05,14:04:08,7.2666666666666675,19.53320821126302,38.66666666666666
2013-09-05,14:09:08,6.533333333333334,19.133199055989582,38.4
2013-09-05,14:14:08,5.2,19.06653086344401,35.666666666666664
2013-09-05,14:19:08,6.466666666666666,19.399871826171875,35.93333333333333
2013-09-05,14:24:08,5.866666666666666,19.799880981445312,35.86666666666667
2013-09-05,14:29:08,4.933333333333334,16.466534932454426,27.4
2013-09-05,14:34:08,5.0,18.466529846191406,28.4
2013-09-05,14:39:08,4.866666666666667,21.93326314290364,30.6
2013-09-05,14:44:08,6.0,19.53320821126302,31.66666666666667
2013-09-05,14:49:08,4.866666666666667,17.133229573567707,28.4
2013-09-05,14:54:08,6.466666666666666,18.26657613118489,51.93333333333333
2013-09-05,14:59:08,5.8,15.799903869628906,36.2
2013-09-05,15:04:08,7.6,18.33325703938802,25.66666666666667
2013-09-05,15:09:08,5.266666666666667,15.533269246419271,4.333333333333333
2013-09-05,15:14:08,4.666666666666667,18.46654256184896,11.333333333333336
2013-09-05,15:19:08,5.933333333333334,17.06653594970703,31.466666666666665
2013-09-05,15:24:08,4.866666666666667,18.26657613118489,31.6
2013-09-05,15:29:09,5.533333333333334,18.533185323079426,30.86666666666667
2013-09-05,15:34:09,5.266666666666667,18.866539001464844,32.266666666666666
2013-09-05,15:39:09,5.7333333333333325,17.533213297526043,32.333333333333336
2013-09-05,15:44:09,5.866666666666666,18.66652170817057,32.73333333333333
2013-09-05,15:49:09,5.066666666666666,18.533261617024742,32.53333333333333
2013-09-05,15:54:09,6.2666666666666675,20.733235677083336,36.8
2013-09-05,15:59:09,5.0,17.666536966959637,36.86666666666667
2013-09-05,16:04:09,8.066666666666666,18.33325703938802,51.8
2013-09-05,16:09:09,5.7333333333333325,19.266611735026043,36.93333333333333
2013-09-05,16:14:09,5.466666666666666,18.66655985514323,37.13333333333333
2013-09-05,16:19:09,6.2,22.866592407226562,44.46666666666667
2013-09-05,16:24:09,4.866666666666667,18.199895222981773,33.06666666666667
2013-09-05,16:29:09,5.533333333333334,19.666544596354164,33.06666666666667
2013-09-05,16:34:09,5.533333333333334,21.93326314290364,48.73333333333333
2013-09-05,16:39:09,6.2666666666666675,18.199844360351562,48.33333333333334
2013-09-05,16:44:09,5.4,19.799880981445312,32.53333333333333
2013-09-05,16:49:09,5.266666666666667,17.999839782714844,33.2
2013-09-05,16:54:09,6.333333333333334,18.19988250732422,49.4
2013-09-05,16:59:09,4.933333333333334,16.999893188476562,41.6
2013-09-05,17:04:09,8.466666666666667,19.199867248535156,44.86666666666667
2013-09-05,17:09:09,7.2,16.799888610839844,85.93333333333334
2013-09-05,17:14:09,6.0,19.799880981445312,36.53333333333333
2013-09-05,17:19:09,5.333333333333334,17.9998779296875,33.73333333333333
2013-09-05,17:24:09,5.8,20.19989013671875,34.4
2013-09-05,17:39:09,6.0,18.599853515625,31.93333333333333
2013-09-05,17:44:09,4.866666666666667,19.39990997314453,32.266666666666666
2013-09-05,17:49:09,5.666666666666666,18.26655069986979,33.86666666666667
2013-09-05,17:54:09,5.0,18.066584269205727,33.666666666666664
2013-09-05,17:59:09,5.428571428571429,16.785567147391184,34.214285714285715
2013-09-05,18:04:09,7.866666666666666,16.333274841308594,41.13333333333333
2013-09-05,18:09:09,4.733333333333333,21.266568501790363,34.0
2013-09-05,18:14:10,5.857142857142858,17.64272962297712,31.642857142857146
2013-09-05,18:19:10,4.666666666666667,18.066546122233074,31.93333333333333
2013-09-05,18:24:10,5.6,17.399927775065105,32.666666666666664
2013-09-05,18:29:10,5.066666666666666,18.533236185709637,31.8
2013-09-05,18:34:10,7.2,22.666549682617188,32.53333333333333
2013-09-05,18:39:10,6.4,41.33323669433594,31.53333333333333
2013-09-05,18:44:10,5.133333333333334,26.066602071126304,33.46666666666667
2013-09-05,18:49:10,5.866666666666666,16.933224995930992,32.666666666666664
2013-09-05,18:54:10,5.214285714285714,17.428439004080637,34.214285714285715
2013-09-05,18:59:10,6.0,15.39992014567057,34.0
2013-09-05,19:04:10,8.2,16.599896748860676,43.53333333333333
2013-09-05,19:09:10,5.933333333333334,17.39990234375,32.8
2013-09-05,19:14:10,5.8,17.066497802734375,33.4
2013-09-05,19:19:10,4.866666666666667,21.06653849283854,33.06666666666667
2013-09-05,19:24:10,5.533333333333334,19.46654001871745,34.73333333333333
2013-09-05,19:29:10,5.333333333333334,19.99988555908203,33.86666666666667
2013-09-05,19:34:10,5.7333333333333325,15.866584777832033,34.0
2013-09-05,19:39:10,4.933333333333334,19.799931844075523,32.93333333333333
2013-09-05,19:44:10,5.4,18.86652628580729,18.2
2013-09-05,19:49:10,5.266666666666667,19.46654001871745,2.4
2013-09-05,19:54:10,4.4,17.933247884114586,2.7333333333333334
2013-09-05,19:59:10,5.066666666666666,16.399917602539062,2.466666666666667
2013-09-05,20:04:10,6.933333333333334,18.199844360351562,9.933333333333334
2013-09-05,20:09:10,5.266666666666667,19.133211771647133,2.7333333333333334
2013-09-05,20:14:10,4.866666666666667,16.133270263671875,2.7333333333333334
2013-09-05,20:19:10,4.666666666666667,18.399937947591148,2.6
2013-09-05,20:24:10,5.066666666666666,15.933278401692707,2.8666666666666667
2013-09-05,20:29:10,4.266666666666667,15.933265686035156,2.2
2013-09-05,20:34:10,5.2,18.066558837890625,3.0
2013-09-05,20:39:10,4.733333333333333,15.399907430013023,2.2
2013-09-05,20:44:10,5.466666666666666,19.19987996419271,2.533333333333333
2013-09-05,20:49:10,4.4,17.799898783365887,2.6
2013-09-05,20:54:10,4.733333333333333,17.9998779296875,2.8
2013-09-05,20:59:11,4.733333333333333,17.79987335205078,2.533333333333333
2013-09-05,21:04:11,6.4,18.599891662597656,11.4
2013-09-05,21:09:11,4.8,18.799883524576824,2.333333333333333
2013-09-05,21:14:11,4.733333333333333,20.19989013671875,3.333333333333333
2013-09-05,21:19:11,4.866666666666667,21.399917602539062,2.7333333333333334
2013-09-05,21:24:11,4.0,16.733258565266926,2.533333333333333
2013-09-05,21:29:10,4.666666666666667,18.599929809570312,2.1333333333333333
2013-09-05,21:34:10,4.533333333333333,18.133214314778645,2.466666666666667
2013-09-05,21:39:10,4.666666666666667,16.99993133544922,2.7333333333333334
2013-09-05,21:44:10,5.2,16.66656494140625,3.066666666666667
2013-09-05,21:49:10,4.733333333333333,16.199913024902344,2.6666666666666665
2013-09-05,21:54:10,4.933333333333334,16.0666020711263,2.8
2013-09-05,21:59:10,4.333333333333333,19.866549173990883,3.0
2013-09-05,22:04:10,7.533333333333334,18.399887084960938,9.8
2013-09-05,22:09:10,5.066666666666666,18.86652628580729,2.466666666666667
2013-09-05,22:14:10,4.533333333333333,16.999880472819008,2.933333333333333
2013-09-05,22:19:11,4.733333333333333,19.799880981445312,2.6
2013-09-05,22:24:11,4.2,18.599853515625,2.6
2013-09-05,22:29:11,4.866666666666667,18.06657155354818,2.2
2013-09-05,22:34:11,4.0,16.999855041503906,2.4
2013-09-05,22:39:11,5.066666666666666,17.79987335205078,2.7333333333333334
2013-09-05,22:44:11,4.4,22.9998779296875,3.0
2013-09-05,22:49:11,4.2,20.99989573160807,2.7333333333333334
2013-09-05,22:54:11,4.866666666666667,20.79986572265625,2.8
2013-09-05,22:59:11,4.2,16.199913024902344,2.6666666666666665
2013-09-05,23:04:11,7.666666666666666,16.199874877929688,9.733333333333333
2013-09-05,23:09:11,4.533333333333333,18.133214314778645,2.4
2013-09-05,23:14:11,5.0,20.19989013671875,2.6666666666666665
2013-09-05,23:19:11,4.533333333333333,22.59990692138672,2.6666666666666665
2013-09-05,23:24:11,4.733333333333333,18.199844360351562,3.4
2013-09-05,23:29:11,4.866666666666667,18.399925231933594,2.2666666666666666
2013-09-05,23:34:11,4.266666666666667,16.59992218017578,3.066666666666667
2013-09-05,23:39:11,5.0,19.19994354248047,2.533333333333333
2013-09-05,23:44:11,4.666666666666667,16.99993133544922,3.1333333333333333
2013-09-05,23:49:11,5.066666666666666,18.266563415527344,2.466666666666667
2013-09-05,23:54:11,4.533333333333333,20.933240254720047,2.533333333333333
2013-09-05,23:59:11,4.4,19.866549173990883,2.4
2013-09-06,00:04:11,7.133333333333334,21.133219401041664,9.533333333333333
2013-09-06,00:09:11,4.133333333333333,20.666567484537758,2.7333333333333334
2013-09-06,00:14:11,5.066666666666666,20.133221944173176,2.466666666666667
2013-09-06,00:19:11,4.6428571428571415,21.714210510253906,2.642857142857143
2013-09-06,00:24:11,5.066666666666666,20.466524759928387,2.6
2013-09-06,00:29:11,4.785714285714286,18.642711639404297,2.571428571428572
2013-09-06,00:34:11,4.533333333333333,17.13319142659505,2.533333333333333
2013-09-06,00:39:12,4.866666666666667,20.066566467285156,2.6666666666666665
2013-09-06,00:44:12,4.0,14.333267211914064,2.8
2013-09-06,00:49:12,4.933333333333334,17.266578674316406,2.533333333333333
2013-09-06,00:54:12,4.0,16.86658223470052,2.466666666666667
2013-09-06,00:59:12,4.6,14.399909973144531,3.066666666666667
2013-09-06,01:04:12,6.6,16.866594950358074,9.733333333333333
2013-09-06,01:09:12,4.466666666666667,18.06652069091797,2.533333333333333
2013-09-06,01:14:12,4.666666666666667,20.466562906901043,3.066666666666667
2013-09-06,01:19:12,4.133333333333333,17.66652425130208,2.333333333333333
2013-09-06,01:24:12,4.933333333333334,16.933250427246094,2.8666666666666667
2013-09-06,01:29:12,4.8,19.533246358235672,4.4
2013-09-06,01:34:12,5.7333333333333325,21.79987589518229,7.933333333333334
2013-09-06,01:39:12,5.333333333333334,20.466537475585938,9.066666666666666
2013-09-06,01:44:12,5.333333333333334,18.999862670898438,12.466666666666667
2013-09-06,01:49:12,4.733333333333333,16.133244832356773,3.0
2013-09-06,01:54:12,3.8,16.533266703287758,2.6666666666666665
2013-09-06,01:59:12,4.8,17.133216857910156,2.8666666666666667
2013-09-06,02:04:12,6.466666666666666,19.86658732096354,11.2
2013-09-06,02:09:12,4.666666666666667,17.19987233479818,2.8
2013-09-06,02:14:12,4.533333333333333,17.066624959309895,2.6
2013-09-06,02:19:12,4.133333333333333,16.39995574951172,2.8
2013-09-06,02:24:12,4.6,19.599876403808594,2.533333333333333
2013-09-06,02:29:12,3.8,20.866572062174477,2.4
2013-09-06,02:34:12,4.6,19.733212788899742,2.933333333333333
2013-09-06,02:39:12,4.133333333333333,18.7332280476888,2.8666666666666667
2013-09-06,02:44:13,4.6,17.599868774414062,2.933333333333333
2013-09-06,02:49:13,4.333333333333333,16.99993133544922,2.8
2013-09-06,02:54:13,4.133333333333333,15.999908447265627,2.7333333333333334
2013-09-06,02:59:13,4.666666666666667,17.79987335205078,2.8666666666666667
2013-09-06,03:04:13,6.333333333333334,15.999946594238281,11.066666666666665
2013-09-06,03:09:13,4.933333333333334,19.399871826171875,4.133333333333334
2013-09-06,03:14:13,4.2,16.599884033203125,2.933333333333333
2013-09-06,03:19:13,4.733333333333333,18.599891662597656,3.1333333333333333
2013-09-06,03:24:13,4.266666666666667,17.9998779296875,3.933333333333333
2013-09-06,03:29:13,4.4,16.866556803385414,4.333333333333333
2013-09-06,03:34:13,4.933333333333334,17.399864196777344,3.733333333333333
2013-09-06,03:39:13,4.266666666666667,16.7999267578125,4.866666666666666
2013-09-06,03:44:13,5.133333333333334,16.39995574951172,5.666666666666668
2013-09-06,03:49:13,4.866666666666667,19.199867248535156,5.533333333333332
2013-09-06,03:54:13,4.933333333333334,18.06652069091797,5.533333333333332
2013-09-06,03:59:13,4.6,20.799903869628906,4.866666666666666
2013-09-06,04:04:13,6.7333333333333325,19.133199055989582,11.533333333333333
2013-09-06,04:09:13,4.933333333333334,19.799880981445312,5.2
2013-09-06,04:14:13,4.133333333333333,18.26653798421224,3.2
2013-09-06,04:19:13,5.0,19.599876403808594,5.333333333333333
2013-09-06,04:24:13,4.466666666666667,16.73328399658203,4.466666666666667
2013-09-06,04:29:13,5.066666666666666,16.466598510742188,5.8
2013-09-06,04:34:13,4.533333333333333,15.26655832926432,5.6
2013-09-06,04:39:13,4.6,17.666549682617188,4.933333333333334
2013-09-06,04:44:13,5.0,19.266560872395832,5.7333333333333325
2013-09-06,04:49:13,3.933333333333333,18.399861653645832,3.333333333333333
2013-09-06,04:54:13,4.6,17.666536966959637,3.6
2013-09-06,04:59:13,4.2,18.26658884684245,3.2
2013-09-06,05:04:14,18.266666666666666,22.799898783365883,100.0
2013-09-06,05:09:14,5.4,20.599873860677086,3.466666666666667
2013-09-06,05:14:14,5.266666666666667,19.133199055989582,4.133333333333334
2013-09-06,05:19:14,5.266666666666667,16.66656494140625,3.8
2013-09-06,05:24:14,4.533333333333333,16.999880472819008,4.4
2013-09-06,05:29:14,5.4,19.53320821126302,2.933333333333333
2013-09-06,05:34:14,4.733333333333333,19.93323008219401,3.466666666666667
2013-09-06,05:39:14,5.2,17.39987691243489,3.066666666666667
2013-09-06,05:44:14,4.8,20.133221944173176,3.4
2013-09-06,05:49:14,4.8,16.999893188476562,3.2
2013-09-06,05:54:14,5.066666666666666,17.666536966959637,2.7333333333333334
2013-09-06,05:59:14,4.133333333333333,18.399887084960938,3.533333333333333
2013-09-06,06:04:14,7.0,17.93320973714193,10.4
2013-09-06,06:09:14,4.533333333333333,20.933240254720047,3.466666666666667
2013-09-06,06:14:14,5.333333333333334,18.86652628580729,3.2
2013-09-06,06:19:14,4.6,17.399864196777344,3.1333333333333333
2013-09-06,06:24:14,4.266666666666667,15.53328196207682,3.1333333333333333
2013-09-06,06:29:14,4.733333333333333,17.39990234375,3.0
2013-09-06,06:34:14,4.133333333333333,19.199905395507812,3.4
2013-09-06,06:39:14,5.333333333333334,19.599876403808594,3.2
2013-09-06,06:44:13,4.6,16.199951171875,3.466666666666667
2013-09-06,06:49:14,5.2,15.999908447265627,2.6666666666666665
2013-09-06,06:54:14,4.533333333333333,19.39990997314453,2.6
2013-09-06,06:59:14,4.6,15.999908447265627,2.8666666666666667
2013-09-06,07:04:14,7.333333333333334,17.999903361002602,10.266666666666667
2013-09-06,07:09:14,4.4,22.999916076660156,2.6666666666666665
2013-09-06,07:14:14,5.466666666666666,19.199867248535156,2.7333333333333334
2013-09-06,07:19:14,4.466666666666667,18.79985809326172,3.2
2013-09-06,07:24:14,4.933333333333334,17.39990234375,2.6666666666666665
2013-09-06,07:29:14,4.533333333333333,18.599891662597656,2.4
2013-09-06,07:34:14,4.4,18.999862670898438,2.8
2013-09-06,07:39:14,4.866666666666667,17.39990234375,3.066666666666667
2013-09-06,07:44:14,4.266666666666667,18.99993896484375,3.0
2013-09-06,07:49:14,5.066666666666666,20.39989471435547,3.1333333333333333
2013-09-06,07:54:14,3.933333333333333,17.599894205729164,2.7333333333333334
2013-09-06,07:59:14,4.933333333333334,17.13324228922526,2.7333333333333334
2013-09-06,08:04:14,6.6,17.666575113932293,9.666666666666666
2013-09-06,08:09:14,4.4,19.13323720296224,2.6
2013-09-06,08:14:14,4.866666666666667,17.9998779296875,2.8666666666666667
2013-09-06,08:19:14,4.0,18.26657613118489,2.466666666666667
2013-09-06,08:24:14,5.066666666666666,17.866554260253906,2.7333333333333334
2013-09-06,08:29:14,5.466666666666666,25.533218383789062,2.8666666666666667
2013-09-06,08:34:14,4.8,34.66658274332682,2.933333333333333
2013-09-06,08:39:14,4.333333333333333,20.599899291992188,2.6
2013-09-06,08:44:14,4.533333333333333,18.066507975260418,3.066666666666667
2013-09-06,08:49:14,4.866666666666667,19.066569010416668,2.7333333333333334
2013-09-06,08:54:15,4.0,18.066507975260418,2.8
2013-09-06,08:59:15,5.133333333333334,17.999903361002602,2.8666666666666667
2013-09-06,09:04:15,6.333333333333334,18.93319447835286,9.8
2013-09-06,09:09:15,4.866666666666667,19.06653086344401,2.7333333333333334
2013-09-06,09:14:15,4.8,18.999862670898438,2.933333333333333
2013-09-06,09:19:15,4.4,19.39990997314453,3.1333333333333333
2013-09-06,09:24:15,5.0,17.13324228922526,3.0
2013-09-06,09:29:15,4.2,16.533266703287758,3.0
2013-09-06,09:34:15,5.333333333333334,18.399925231933594,3.0
2013-09-06,09:39:15,4.133333333333333,19.733212788899742,2.4
2013-09-06,09:44:15,5.0,20.799903869628906,3.066666666666667
2013-09-06,09:49:15,4.6,18.733189900716148,2.8
2013-09-06,09:54:15,4.6,19.333203633626304,3.066666666666667
2013-09-06,09:59:15,5.066666666666666,17.666587829589844,2.6666666666666665
2013-09-06,10:04:15,6.4,20.466550191243492,9.866666666666667
2013-09-06,10:09:15,5.466666666666666,19.26654815673828,2.8
2013-09-06,10:14:15,4.266666666666667,18.333218892415367,2.8
2013-09-06,10:19:15,5.133333333333334,20.933240254720047,3.466666666666667
2013-09-06,10:24:15,4.666666666666667,19.53320821126302,4.133333333333334
2013-09-06,10:29:15,4.533333333333333,19.99988555908203,3.466666666666667
2013-09-06,10:34:15,5.133333333333334,19.333203633626304,3.6
2013-09-06,10:39:15,4.133333333333333,19.06653086344401,2.8666666666666667
2013-09-06,10:44:15,5.533333333333334,18.79985809326172,3.066666666666667
2013-09-06,10:49:15,4.266666666666667,19.399871826171875,2.933333333333333
2013-09-06,10:54:15,4.733333333333333,17.466532389322914,2.933333333333333
2013-09-06,10:59:15,4.6,16.866594950358074,2.933333333333333
2013-09-06,11:04:15,7.0,18.066546122233074,10.266666666666667
2013-09-06,11:09:15,4.933333333333334,17.5332514444987,3.1333333333333333
2013-09-06,11:14:15,4.466666666666667,16.266568501790367,7.066666666666666
2013-09-06,11:19:15,5.533333333333334,22.19989776611328,7.066666666666666
2013-09-06,11:24:15,4.666666666666667,19.199867248535156,26.066666666666666
2013-09-06,11:29:15,5.6,20.199851989746094,31.86666666666667
2013-09-06,11:34:16,5.066666666666666,20.19989013671875,35.86666666666667
2013-09-06,11:39:16,5.533333333333334,17.39990234375,34.0
2013-09-06,11:44:16,5.466666666666666,17.599868774414062,29.0
2013-09-06,11:49:16,5.266666666666667,17.599868774414062,37.53333333333333
2013-09-06,11:54:16,6.4,18.399925231933594,43.13333333333333
2013-09-06,11:59:16,5.2,16.666590372721352,37.333333333333336
2013-09-06,12:04:16,8.133333333333333,16.399917602539062,42.8
2013-09-06,12:09:16,5.4,19.599876403808594,37.2
2013-09-06,12:14:16,5.6,19.599876403808594,33.0
2013-09-06,12:19:16,5.8,19.399871826171875,37.0
2013-09-06,12:24:16,4.933333333333334,20.799903869628906,34.46666666666667
2013-09-06,12:34:16,5.0,18.599891662597656,36.6
2013-09-06,12:39:16,5.7333333333333325,18.19988250732422,32.86666666666667
2013-09-06,12:44:16,5.333333333333334,17.399940490722656,32.8
2013-09-06,12:49:16,5.666666666666666,16.599884033203125,35.4
2013-09-06,12:54:16,5.666666666666666,17.266578674316406,36.6
2013-09-06,12:59:16,5.333333333333334,20.19989013671875,43.0
2013-09-06,13:04:16,8.266666666666666,16.266581217447914,40.66666666666666
2013-09-06,13:09:16,5.066666666666666,16.399917602539062,34.4
2013-09-06,13:14:16,5.6,16.466573079427082,33.73333333333333
2013-09-06,13:19:16,5.533333333333334,19.999898274739582,31.66666666666667
2013-09-06,13:24:16,5.6,19.46654001871745,32.4
2013-09-06,13:29:16,6.066666666666666,18.066584269205727,33.6
2013-09-06,13:34:17,5.466666666666666,19.066569010416668,35.13333333333333
2013-09-06,13:39:17,6.066666666666666,17.266565958658855,33.93333333333333
2013-09-06,13:44:17,5.866666666666666,18.533185323079426,33.93333333333333
2013-09-06,13:49:17,5.8,19.133199055989582,33.06666666666667
2013-09-06,13:54:17,6.133333333333334,18.466517130533855,38.8
2013-09-06,13:59:17,5.666666666666666,17.199935913085938,39.266666666666666
2013-09-06,14:04:17,7.333333333333334,18.399887084960938,18.8
2013-09-06,14:09:17,4.0,18.93319447835286,3.066666666666667
2013-09-06,14:14:17,4.733333333333333,18.866564432779946,2.8666666666666667
2013-09-06,14:19:17,4.333333333333333,18.93319447835286,3.1333333333333333
2013-09-06,14:24:17,4.533333333333333,18.333231608072914,3.733333333333333
2013-09-06,14:29:17,5.133333333333334,19.533233642578125,11.133333333333333
2013-09-06,14:34:17,4.8,18.599853515625,7.466666666666668
2013-09-06,14:39:17,5.066666666666666,18.466555277506508,11.733333333333333
2013-09-06,14:44:17,4.266666666666667,20.26655832926432,7.133333333333334
2013-09-06,14:49:17,4.933333333333334,19.666544596354164,2.8666666666666667
2013-09-06,14:54:17,4.666666666666667,17.199910481770832,11.466666666666667
2013-09-06,14:59:17,4.266666666666667,18.066533406575523,2.8
2013-09-06,15:04:17,6.866666666666666,21.199913024902344,10.533333333333333
2013-09-06,15:14:17,4.933333333333334,16.933224995930992,3.2
2013-09-06,15:24:17,4.733333333333333,19.199867248535156,3.1333333333333333
2013-09-06,15:29:17,4.6,17.79986063639323,7.0
2013-09-06,15:34:17,4.8,17.59990692138672,11.133333333333333
2013-09-06,15:39:17,4.8,19.59991455078125,15.2
2013-09-06,15:54:17,4.2,17.79987335205078,11.266666666666667
2013-09-06,16:04:17,4.2,17.79987335205078,11.266666666666667
2013-09-06,16:09:17,4.2,17.79987335205078,11.266666666666667
2013-09-06,16:14:17,5.666666666666666,19.599876403808594,4.8
2013-09-06,16:19:17,4.333333333333333,22.399940490722656,3.1333333333333333
2013-09-06,16:24:17,4.933333333333334,20.133221944173176,2.7333333333333334
2013-09-06,16:29:17,4.666666666666667,18.599853515625,2.7333333333333334
2013-09-06,16:34:17,4.533333333333333,18.199844360351562,3.533333333333333
2013-09-06,16:39:17,4.933333333333334,18.13317616780599,6.7333333333333325
2013-09-06,16:44:17,4.2,17.19989776611328,3.1333333333333333
2013-09-06,16:49:18,5.6,22.399940490722656,2.933333333333333
2013-09-06,16:54:18,4.266666666666667,19.399871826171875,7.0
2013-09-06,16:59:18,4.933333333333334,20.599899291992188,3.066666666666667
2013-09-06,17:04:18,6.7333333333333325,19.799880981445312,10.133333333333333
2013-09-06,17:09:18,4.733333333333333,17.19989776611328,2.8666666666666667
2013-09-06,17:14:18,4.866666666666667,16.999918619791668,2.933333333333333
2013-09-06,17:19:18,4.133333333333333,21.999893188476562,2.8666666666666667
2013-09-06,17:24:18,5.4,19.399871826171875,2.7333333333333334
2013-09-06,17:29:18,4.133333333333333,19.199867248535156,2.6666666666666665
2013-09-06,17:34:18,5.133333333333334,21.59992218017578,2.8
2013-09-06,17:39:18,4.533333333333333,19.39990997314453,3.8
2013-09-06,17:44:18,4.8,18.19988250732422,3.1333333333333333
2013-09-06,17:49:18,5.0,20.19989013671875,3.333333333333333
2013-09-06,17:54:18,4.2,19.59991455078125,3.2666666666666666
2013-09-06,17:59:18,5.266666666666667,15.799942016601562,2.6666666666666665
2013-09-06,18:04:18,6.533333333333334,17.79987335205078,13.933333333333335
2013-09-06,18:09:18,4.866666666666667,19.933217366536454,3.066666666666667
2013-09-06,18:14:18,4.733333333333333,19.46654001871745,4.266666666666667
2013-09-06,18:19:18,4.533333333333333,18.86658986409505,3.0
2013-09-06,18:24:18,4.866666666666667,18.599904378255207,2.8666666666666667
2013-09-06,18:29:18,4.133333333333333,20.533231099446613,4.0
2013-09-06,18:34:18,5.333333333333334,18.39984893798828,3.0
2013-09-06,18:39:18,4.0,20.19989013671875,3.066666666666667
2013-09-06,18:44:18,4.933333333333334,17.733243306477863,3.2666666666666666
2013-09-06,18:49:18,4.733333333333333,17.733243306477863,3.0
2013-09-06,18:54:18,4.6,16.933224995930992,3.1333333333333333
2013-09-06,18:59:18,4.8,18.133201599121094,2.4
2013-09-06,19:04:19,6.666666666666666,16.13325754801432,10.066666666666666
2013-09-06,19:09:19,5.4,20.799942016601562,3.066666666666667
2013-09-06,19:14:19,4.333333333333333,18.733189900716148,2.8
2013-09-06,19:19:19,4.866666666666667,21.933275858561203,3.066666666666667
2013-09-06,19:24:19,4.266666666666667,15.599937438964846,2.8666666666666667
2013-09-06,19:29:19,4.6,21.599947611490883,2.933333333333333
2013-09-06,19:34:19,4.866666666666667,18.399861653645832,2.933333333333333
2013-09-06,19:39:19,4.133333333333333,17.599881490071613,3.066666666666667
2013-09-06,19:44:19,5.133333333333334,18.13318888346354,3.066666666666667
2013-09-06,19:49:19,4.333333333333333,15.533269246419271,2.8
2013-09-06,19:54:19,4.866666666666667,18.13323974609375,2.7333333333333334
2013-09-06,19:59:19,4.533333333333333,17.93320973714193,2.933333333333333
2013-09-06,20:04:19,6.666666666666666,17.733217875162758,10.066666666666666
2013-09-06,20:09:19,4.933333333333334,15.799942016601562,2.8666666666666667
2013-09-06,20:14:19,4.266666666666667,18.133252461751297,2.4
2013-09-06,20:19:19,5.133333333333334,17.93320973714193,2.8666666666666667
2013-09-06,20:24:19,4.2,14.866625467936196,2.8666666666666667
2013-09-06,20:29:19,4.933333333333334,16.933212280273438,2.333333333333333
2013-09-06,20:34:19,4.4,21.666552225748696,2.7333333333333334
2013-09-06,20:39:19,4.933333333333334,18.999862670898438,2.933333333333333
2013-09-06,20:44:19,4.866666666666667,19.199867248535156,2.933333333333333
2013-09-06,20:49:19,4.6,16.399917602539062,3.4
2013-09-06,20:54:19,5.0,18.39984893798828,2.8666666666666667
2013-09-06,20:59:19,4.133333333333333,20.19989013671875,2.8666666666666667
2013-09-06,21:04:19,7.357142857142858,16.99989863804408,11.428571428571427
2013-09-06,21:09:19,4.466666666666667,18.19988250732422,2.6666666666666665
2013-09-06,21:14:19,4.666666666666667,19.799880981445312,3.933333333333333
2013-09-06,21:19:19,4.8,22.39990234375,3.1333333333333333
2013-09-06,21:24:19,4.533333333333333,17.466532389322914,2.7333333333333334
2013-09-06,21:29:19,4.866666666666667,16.99993133544922,2.8
2013-09-06,21:34:19,4.214285714285714,16.92846843174525,2.7142857142857144
2013-09-06,21:39:19,4.714285714285714,16.857024601527623,2.357142857142857
2013-09-06,21:44:19,4.285714285714286,16.78563526698521,2.4285714285714284
2013-09-06,21:49:20,4.785714285714286,17.428479875837056,2.7857142857142856
2013-09-06,21:54:20,4.785714285714286,17.928450448172434,2.642857142857143
2013-09-06,21:59:20,4.5,16.571358272007533,2.7142857142857144
2013-09-06,22:04:20,7.2666666666666675,18.199844360351562,10.666666666666666
2013-09-06,22:09:20,4.571428571428573,21.428421565464564,2.357142857142857
2013-09-06,22:14:20,4.928571428571427,18.357031685965403,2.7142857142857144
2013-09-06,22:19:20,4.133333333333333,18.19988250732422,2.6666666666666665
2013-09-06,22:24:20,4.8,15.999946594238281,2.8
2013-09-06,22:29:20,4.733333333333333,18.79985809326172,2.466666666666667
2013-09-06,22:34:20,4.666666666666667,17.399864196777344,3.333333333333333
2013-09-06,22:39:20,4.866666666666667,17.799835205078125,3.0
2013-09-06,22:44:20,4.333333333333333,18.466593424479164,2.7333333333333334
2013-09-06,22:49:20,5.266666666666667,18.39984893798828,3.1333333333333333
2013-09-06,22:54:20,4.133333333333333,17.066548665364586,2.533333333333333
2013-09-06,22:59:20,4.866666666666667,17.533238728841148,3.066666666666667
2013-09-06,23:04:20,6.666666666666666,17.733205159505207,10.0
2013-09-06,23:09:20,4.533333333333333,17.199885050455727,3.1333333333333333
2013-09-06,23:14:20,5.066666666666666,16.399930318196617,2.933333333333333
2013-09-06,23:19:20,6.2666666666666675,32.26656595865885,3.1333333333333333
2013-09-06,23:24:20,5.066666666666666,30.666542053222656,2.533333333333333
2013-09-06,23:29:20,4.266666666666667,19.333203633626304,2.6
2013-09-06,23:34:20,4.866666666666667,17.9998779296875,2.7333333333333334
2013-09-06,23:39:20,4.466666666666667,17.13319142659505,2.6
2013-09-06,23:44:20,4.466666666666667,20.866572062174477,2.933333333333333
2013-09-06,23:49:20,5.066666666666666,18.333218892415367,3.2
2013-09-06,23:54:20,4.6,17.066548665364586,2.6666666666666665
2013-09-06,23:59:20,5.0,16.866633097330727,2.8
2013-09-07,00:04:20,6.4,19.199918111165367,10.066666666666666
2013-09-07,00:09:20,4.8,17.066561381022133,2.7333333333333334
2013-09-07,00:14:20,4.6,17.266565958658855,2.8
2013-09-07,00:19:20,4.533333333333333,18.999900817871094,3.333333333333333
2013-09-07,00:24:20,4.733333333333333,19.333254496256508,2.7333333333333334
2013-09-07,00:29:20,4.466666666666667,17.933260599772133,2.7333333333333334
2013-09-07,00:34:20,4.866666666666667,18.133214314778645,3.066666666666667
2013-09-07,00:39:20,4.133333333333333,16.466585795084633,2.8666666666666667
2013-09-07,00:44:20,5.066666666666666,17.46657053629557,2.933333333333333
2013-09-07,00:49:20,4.6,18.46654256184896,3.4
2013-09-07,00:54:20,4.266666666666667,18.33319346110026,2.8
2013-09-07,00:59:20,4.933333333333334,17.133267720540367,3.0
2013-09-07,01:04:20,6.933333333333334,19.733238220214844,10.066666666666666
2013-09-07,01:09:20,4.933333333333334,19.333203633626304,2.6666666666666665
2013-09-07,01:14:20,4.266666666666667,17.599881490071613,2.6
2013-09-07,01:19:20,5.333333333333334,19.59991455078125,3.2
2013-09-07,01:24:20,4.933333333333334,16.933263142903645,2.6
2013-09-07,01:29:20,7.0,19.733238220214844,12.533333333333333
2013-09-07,01:34:20,5.6,19.333216349283855,4.8
2013-09-07,01:39:20,5.933333333333334,18.866564432779946,13.0
2013-09-07,01:44:20,5.533333333333334,17.933197021484375,6.2666666666666675
2013-09-07,01:49:21,4.533333333333333,17.533238728841148,3.2
2013-09-07,01:54:21,5.066666666666666,16.199913024902344,2.6
2013-09-07,01:59:21,5.2,15.999870300292967,4.4
2013-09-07,02:04:21,7.333333333333334,17.799911499023438,10.866666666666667
2013-09-07,02:09:21,5.066666666666666,19.39990997314453,2.933333333333333
2013-09-07,02:14:21,5.066666666666666,17.79987335205078,2.933333333333333
2013-09-07,02:19:21,5.066666666666666,19.399871826171875,2.8
2013-09-07,02:24:21,4.333333333333333,16.999880472819008,3.0
2013-09-07,02:29:21,5.133333333333334,17.46657053629557,3.1333333333333333
2013-09-07,02:34:21,4.8,18.79993438720703,2.933333333333333
2013-09-07,02:39:21,4.666666666666667,17.39990234375,2.6666666666666665
2013-09-07,02:44:21,5.133333333333334,17.399864196777344,2.8666666666666667
2013-09-07,02:49:21,4.866666666666667,17.79987335205078,3.4
2013-09-07,02:54:21,5.0,14.599914550781252,2.533333333333333
2013-09-07,02:59:21,4.333333333333333,16.199874877929688,2.8
2013-09-07,03:04:21,7.666666666666666,18.399887084960938,10.933333333333335
2013-09-07,03:09:21,4.933333333333334,16.599884033203125,4.8
2013-09-07,03:14:21,5.0,15.999946594238281,3.6
2013-09-07,03:19:21,5.266666666666667,18.66655985514323,3.6
2013-09-07,03:24:21,4.6,17.33325958251953,3.933333333333333
2013-09-07,03:29:21,5.7333333333333325,17.733243306477863,4.533333333333333
2013-09-07,03:34:21,4.533333333333333,22.333272298177086,4.8
2013-09-07,03:39:21,5.2,18.599929809570312,5.0
2013-09-07,03:44:21,5.0,17.133229573567707,4.4
2013-09-07,03:49:21,5.0,19.99988555908203,4.666666666666667
2013-09-07,03:54:21,5.333333333333334,20.333226521809898,4.733333333333333
2013-09-07,03:59:21,4.6,19.53320821126302,5.7333333333333325
2013-09-07,04:04:21,7.866666666666666,17.93320973714193,10.866666666666667
2013-09-07,04:09:21,4.533333333333333,17.866617838541668,5.066666666666666
2013-09-07,04:14:21,5.266666666666667,18.733189900716148,4.4
2013-09-07,04:19:21,4.733333333333333,17.199846903483074,5.0
2013-09-07,04:24:21,4.8,18.266563415527344,5.333333333333333
2013-09-07,04:29:21,5.2,18.399887084960938,4.733333333333333
2013-09-07,04:34:21,4.4,16.933250427246094,6.0
2013-09-07,04:39:21,5.7333333333333325,17.333246866861977,6.466666666666668
2013-09-07,04:44:21,4.333333333333333,20.666567484537758,5.133333333333334
2013-09-07,04:49:21,5.4,19.46654001871745,6.133333333333334
2013-09-07,04:54:21,4.6,17.799886067708336,3.8
2013-09-07,04:59:21,4.533333333333333,16.66656494140625,3.333333333333333
2013-09-07,05:04:21,18.733333333333334,25.199966430664062,100.0
2013-09-07,05:09:21,4.266666666666667,21.59992218017578,3.533333333333333
2013-09-07,05:14:21,5.8,19.799880981445312,3.8666666666666663
2013-09-07,05:19:21,4.6,20.26655832926432,4.666666666666667
2013-09-07,05:24:22,5.133333333333334,18.466517130533855,4.933333333333334
2013-09-07,05:29:22,4.733333333333333,20.466562906901043,3.8666666666666663
2013-09-07,05:34:22,4.6,16.999893188476562,3.8
2013-09-07,05:39:22,5.0,17.999839782714844,3.8666666666666663
2013-09-07,05:44:22,4.2,15.599937438964846,4.066666666666666
2013-09-07,05:49:22,5.6,18.66652170817057,4.066666666666666
2013-09-07,05:54:22,4.066666666666666,18.999862670898438,3.8666666666666663
2013-09-07,05:59:22,5.066666666666666,17.799911499023438,4.333333333333333
2013-09-07,06:04:22,7.0,19.99988555908203,11.2
2013-09-07,06:09:22,4.8,18.999862670898438,3.6
2013-09-07,06:14:22,5.0,17.79987335205078,3.0
2013-09-07,06:19:22,4.4,16.7999267578125,3.6
2013-09-07,06:24:22,5.333333333333334,18.26657613118489,3.066666666666667
2013-09-07,06:29:22,4.266666666666667,19.399871826171875,3.0
2013-09-07,06:34:22,5.0,16.399879455566406,3.466666666666667
2013-09-07,06:39:22,4.466666666666667,18.999900817871094,3.1333333333333333
2013-09-07,06:44:22,4.8,19.39990997314453,2.8
2013-09-07,06:49:22,4.866666666666667,17.066574096679688,3.1333333333333333
2013-09-07,06:54:22,4.266666666666667,18.133252461751297,2.7333333333333334
2013-09-07,06:59:22,5.0,16.533241271972656,3.066666666666667
2013-09-07,07:04:22,6.2666666666666675,17.39995320638021,9.933333333333334
2013-09-07,07:24:22,4.533333333333333,18.733189900716148,2.8
2013-09-07,07:39:22,4.0,16.666577657063804,2.7333333333333334
2013-09-07,07:44:22,5.066666666666666,16.33326212565104,2.533333333333333
2013-09-07,07:49:22,4.4,20.866572062174477,2.8
2013-09-07,07:54:22,4.666666666666667,17.133229573567707,2.2666666666666666
2013-09-07,07:59:23,4.533333333333333,16.533203125,2.933333333333333
2013-09-07,08:04:23,7.0,16.733258565266926,9.733333333333333
2013-09-07,08:09:23,4.666666666666667,18.533236185709637,2.333333333333333
2013-09-07,08:14:23,4.2,16.86658223470052,2.2
2013-09-07,08:19:23,5.133333333333334,20.933240254720047,2.466666666666667
2013-09-07,08:24:23,4.133333333333333,18.93319447835286,2.2
2013-09-07,08:29:23,5.0,18.99987538655599,2.2
2013-09-07,08:34:23,4.533333333333333,18.999849955240883,2.2666666666666666
2013-09-07,08:39:23,4.4,17.666536966959637,2.2666666666666666
2013-09-07,08:44:23,5.0,19.266535441080727,2.6
2013-09-07,08:49:23,4.4,18.53322347005208,2.533333333333333
2013-09-07,08:54:23,4.666666666666667,19.133211771647133,2.6
2013-09-07,08:59:23,4.533333333333333,18.133252461751297,2.7333333333333334
2013-09-07,09:04:23,7.2,19.799868265787758,9.533333333333333
2013-09-07,09:09:23,4.333333333333333,17.866554260253906,2.1333333333333333
2013-09-07,09:14:23,4.733333333333333,15.999972025553383,2.933333333333333
2013-09-07,09:19:23,4.866666666666667,18.33325703938802,2.4
2013-09-07,09:24:23,4.2,18.399887084960938,2.533333333333333
2013-09-07,09:29:23,4.8,19.66655731201172,2.2666666666666666
2013-09-07,09:34:23,4.533333333333333,16.133244832356773,2.8
2013-09-07,09:39:23,4.733333333333333,16.73320770263672,2.533333333333333
2013-09-07,09:44:23,4.466666666666667,18.999900817871094,2.8
2013-09-07,09:49:23,4.666666666666667,17.79987335205078,2.466666666666667
2013-09-07,09:54:23,4.933333333333334,18.399887084960938,2.466666666666667
2013-09-07,09:59:23,4.066666666666666,16.99993133544922,2.4
2013-09-07,10:04:23,7.4,17.999839782714844,9.666666666666666
2013-09-07,10:09:23,4.666666666666667,20.999908447265625,2.2666666666666666
2013-09-07,10:14:23,5.133333333333334,18.199844360351562,2.2
2013-09-07,10:19:23,4.466666666666667,17.799911499023438,2.6666666666666665
2013-09-07,10:24:23,4.533333333333333,17.59990692138672,2.6
2013-09-07,10:29:23,4.8,17.999916076660156,2.466666666666667
2013-09-07,10:34:23,3.933333333333333,17.199859619140625,2.4
2013-09-07,10:39:23,5.0,17.199935913085938,2.7333333333333334
2013-09-07,10:44:23,4.333333333333333,20.999908447265625,2.2
2013-09-07,10:49:23,4.933333333333334,20.466562906901043,2.466666666666667
2013-09-07,10:54:23,4.333333333333333,18.199844360351562,2.8
2013-09-07,10:59:23,4.733333333333333,18.66655985514323,2.6
2013-09-07,11:04:23,7.066666666666666,19.266535441080727,9.733333333333333
2013-09-07,11:09:23,4.066666666666666,18.93319447835286,2.466666666666667
2013-09-07,11:14:23,5.066666666666666,20.666567484537758,2.066666666666667
2013-09-07,11:19:23,4.466666666666667,19.666544596354164,2.6
2013-09-07,11:24:23,5.0,17.733167012532554,3.0
2013-09-07,11:29:23,4.466666666666667,17.13319142659505,2.333333333333333
2013-09-07,11:34:23,4.533333333333333,18.733189900716148,2.466666666666667
2013-09-07,11:39:23,4.666666666666667,19.866549173990883,2.333333333333333
2013-09-07,11:44:23,4.0,19.53320821126302,2.1333333333333333
2013-09-07,11:49:23,5.2,18.79985809326172,2.6666666666666665
2013-09-07,11:54:23,4.2,17.46657053629557,2.1333333333333333
2013-09-07,11:59:24,5.0,19.199867248535156,2.6
2013-09-07,12:04:24,6.7333333333333325,18.599891662597656,9.933333333333334
2013-09-07,12:09:24,4.6,19.933217366536454,2.466666666666667
2013-09-07,12:14:24,4.933333333333334,16.26659393310547,2.466666666666667
2013-09-07,12:19:24,4.266666666666667,17.99994150797526,2.6
2013-09-07,12:24:24,5.0,15.933252970377602,2.2666666666666666
2013-09-07,12:29:24,4.2,16.266530354817707,2.466666666666667
2013-09-07,12:34:24,4.666666666666667,19.199867248535156,2.533333333333333
2013-09-07,12:39:24,4.333333333333333,18.733189900716148,2.533333333333333
2013-09-07,12:44:24,4.466666666666667,19.666544596354164,2.533333333333333
2013-09-07,12:49:24,4.933333333333334,18.266525268554688,2.8
2013-09-07,12:54:24,4.066666666666666,17.13329315185547,2.1333333333333333
2013-09-07,12:59:24,6.933333333333334,27.666613260904942,2.6666666666666665
2013-09-07,13:04:24,6.6,30.333251953125,10.0
2013-09-07,13:09:24,4.8,19.933217366536454,2.466666666666667
2013-09-07,13:14:24,4.866666666666667,17.9998779296875,2.7333333333333334
2013-09-07,13:19:24,4.4,18.39984893798828,2.6
2013-09-07,13:24:24,4.8,18.26655069986979,2.2
2013-09-07,13:29:24,4.066666666666666,19.399871826171875,2.4
2013-09-07,13:34:24,5.133333333333334,17.999954223632812,2.333333333333333
2013-09-07,13:39:24,4.2,18.599891662597656,2.6
2013-09-07,13:44:24,4.866666666666667,18.199844360351562,2.466666666666667
2013-09-07,13:49:24,4.6,17.19989776611328,2.466666666666667
2013-09-07,13:54:24,4.4,17.999916076660156,2.333333333333333
2013-09-07,13:59:24,4.6,17.599945068359375,2.8
2013-09-07,14:04:24,6.333333333333334,17.799911499023438,9.466666666666667
2013-09-07,14:09:24,5.4,15.399932861328125,2.533333333333333
2013-09-07,14:14:24,4.333333333333333,17.39990234375,2.2
2013-09-07,14:19:24,4.933333333333334,19.599876403808594,2.533333333333333
2013-09-07,14:24:24,4.333333333333333,16.99993133544922,2.2666666666666666
2013-09-07,14:29:24,4.466666666666667,16.999855041503906,2.6666666666666665
2013-09-07,14:34:24,5.133333333333334,19.733212788899742,2.4
2013-09-07,14:39:24,4.066666666666666,16.666577657063804,2.8
2013-09-07,14:44:24,5.333333333333334,15.399971008300781,2.533333333333333
2013-09-07,14:49:24,4.133333333333333,15.866546630859373,2.6666666666666665
2013-09-07,14:54:25,4.733333333333333,17.199923197428383,2.333333333333333
2013-09-07,14:59:25,4.4,15.266609191894531,2.466666666666667
2013-09-07,15:04:25,6.8,19.399871826171875,9.733333333333333
2013-09-07,15:09:25,4.866666666666667,18.93319447835286,2.533333333333333
2013-09-07,15:14:25,4.2,16.933212280273438,2.333333333333333
2013-09-07,15:19:25,5.266666666666667,18.866615295410156,2.466666666666667
2013-09-07,15:24:25,4.066666666666666,18.066546122233074,2.4
2013-09-07,15:29:25,4.8,14.199930826822918,2.2
2013-09-07,15:34:25,4.466666666666667,15.066591898600256,3.0
2013-09-07,15:39:25,4.6,15.733235677083332,2.333333333333333
2013-09-07,15:44:25,4.866666666666667,15.933214823404946,2.2
2013-09-07,15:49:25,4.266666666666667,20.26660919189453,2.466666666666667
2013-09-07,15:54:25,5.0,20.39989471435547,2.466666666666667
2013-09-07,15:59:25,4.0,15.866584777832033,2.533333333333333
2013-09-07,16:04:25,7.0,18.333206176757812,9.733333333333333
2013-09-07,16:09:25,4.533333333333333,18.79985809326172,2.533333333333333
2013-09-07,16:14:25,5.333333333333334,19.53322092692057,2.4
2013-09-07,16:19:25,4.8,18.599878946940102,2.6
2013-09-07,16:24:25,4.266666666666667,20.866572062174477,2.8
2013-09-07,16:29:25,5.4,21.266543070475258,2.4
2013-09-07,16:34:25,4.2,22.59990692138672,2.466666666666667
2013-09-07,16:39:25,4.8,16.266581217447914,2.466666666666667
2013-09-07,16:44:25,4.533333333333333,17.266578674316406,2.2666666666666666
2013-09-07,16:49:25,4.733333333333333,16.266606648763023,2.533333333333333
2013-09-07,16:54:25,4.733333333333333,20.466562906901043,2.333333333333333
2013-09-07,16:59:26,4.0,17.93320973714193,2.533333333333333
2013-09-07,17:04:26,7.466666666666666,19.933217366536454,9.866666666666667
2013-09-07,17:09:26,4.133333333333333,19.399871826171875,2.466666666666667
2013-09-07,17:14:26,5.0,17.79987335205078,2.6
2013-09-07,17:19:26,4.6,17.39990234375,2.466666666666667
2013-09-07,17:24:26,4.533333333333333,16.999855041503906,2.333333333333333
2013-09-07,17:29:26,4.733333333333333,16.13323211669922,2.4
2013-09-07,17:34:26,4.066666666666666,17.199935913085938,2.4
2013-09-07,17:39:26,5.266666666666667,18.79993438720703,2.533333333333333
2013-09-07,17:44:26,3.933333333333333,18.599853515625,2.2
2013-09-07,17:49:26,5.066666666666666,18.999862670898438,2.7333333333333334
2013-09-07,17:54:26,4.2,16.399917602539062,2.2
2013-09-07,17:59:26,4.6,14.999961853027344,2.533333333333333
2013-09-07,18:04:26,7.2666666666666675,16.7999267578125,9.8
2013-09-07,18:09:26,4.066666666666666,18.599891662597656,2.6
2013-09-07,18:14:26,5.466666666666666,18.066546122233074,2.6666666666666665
2013-09-07,18:19:26,4.2,19.199867248535156,2.2
2013-09-07,18:24:26,4.8,19.99988555908203,2.6
2013-09-07,18:29:26,4.6,19.733250935872395,2.6666666666666665
2013-09-07,18:34:26,4.6,18.06657155354818,2.6666666666666665
2013-09-07,18:39:26,4.933333333333334,15.799878438313804,2.7333333333333334
2013-09-07,18:44:26,4.0,15.999933878580727,2.6666666666666665
2013-09-07,18:49:26,5.4,15.199966430664064,3.333333333333333
2013-09-07,18:54:26,4.066666666666666,15.533243815104164,2.466666666666667
2013-09-07,18:59:26,5.066666666666666,18.26655069986979,2.8
2013-09-07,19:04:26,6.7333333333333325,17.866541544596352,9.6
2013-09-07,19:09:26,4.4,18.33318074544271,2.333333333333333
2013-09-07,19:14:26,5.066666666666666,18.866564432779946,2.466666666666667
2013-09-07,19:19:26,4.133333333333333,17.46657053629557,2.466666666666667
2013-09-07,19:24:26,5.333333333333334,15.466588338216145,2.333333333333333
2013-09-07,19:29:26,4.0,16.599896748860676,2.2666666666666666
2013-09-07,19:34:26,5.0,16.999893188476562,2.466666666666667
2013-09-07,19:39:26,4.333333333333333,19.466578165690102,2.6
2013-09-07,19:44:26,4.333333333333333,14.999923706054688,2.6666666666666665
2013-09-07,19:49:26,5.133333333333334,16.19990030924479,2.4
2013-09-07,19:54:26,3.8666666666666663,17.066574096679688,2.4
2013-09-07,19:59:26,5.333333333333334,16.733258565266926,2.4
2013-09-07,20:04:26,6.466666666666666,16.53325398763021,9.6
2013-09-07,20:09:26,5.0,18.199933369954426,2.2666666666666666
2013-09-07,20:14:26,4.466666666666667,19.999898274739582,2.333333333333333
2013-09-07,20:19:27,4.333333333333333,16.599947611490887,2.7333333333333334
2013-09-07,20:24:27,4.866666666666667,18.866602579752602,2.933333333333333
2013-09-07,20:29:27,4.0,20.866572062174477,2.333333333333333
2013-09-07,20:34:27,5.133333333333334,17.9998779296875,2.7333333333333334
2013-09-07,20:39:27,4.2,19.733212788899742,2.533333333333333
2013-09-07,20:44:27,4.8,16.33326212565104,2.0
2013-09-07,20:49:27,4.666666666666667,16.933250427246094,2.6666666666666665
2013-09-07,20:54:27,4.466666666666667,17.733256022135414,2.2666666666666666
2013-09-07,20:59:27,5.0,15.799929300944008,2.6666666666666665
2013-09-07,21:04:27,6.6,16.399904886881508,9.4
2013-09-07,21:09:27,5.133333333333334,15.999908447265627,2.4
2013-09-07,21:14:27,4.266666666666667,15.599899291992186,2.066666666666667
2013-09-07,21:19:27,4.666666666666667,19.39990997314453,2.4
2013-09-07,21:24:27,4.266666666666667,15.799942016601562,3.0
2013-09-07,21:29:27,4.533333333333333,18.799896240234375,2.933333333333333
2013-09-07,21:34:27,4.6,17.19989776611328,3.0
2013-09-07,21:39:27,4.2,17.999916076660156,3.066666666666667
2013-09-07,21:44:27,5.333333333333334,18.999862670898438,3.066666666666667
2013-09-07,21:49:27,4.333333333333333,17.066561381022133,3.333333333333333
2013-09-07,21:54:27,4.733333333333333,17.9998779296875,3.0
2013-09-07,21:59:27,4.666666666666667,19.199905395507812,3.2666666666666666
2013-09-07,22:04:27,6.8,21.399917602539062,10.0
2013-09-07,22:09:27,4.933333333333334,18.53321075439453,3.2
2013-09-07,22:14:27,4.266666666666667,15.333239237467444,3.4
2013-09-07,22:19:27,5.533333333333334,18.866551717122395,3.0
2013-09-07,22:24:27,4.066666666666666,18.733202616373696,3.6
2013-09-07,22:29:27,4.933333333333334,17.79987335205078,3.066666666666667
2013-09-07,22:34:27,4.466666666666667,16.533279418945312,3.1333333333333333
2013-09-07,22:39:27,4.4,19.466552734375,2.933333333333333
2013-09-07,22:44:27,4.8,18.13323974609375,2.933333333333333
2013-09-07,22:49:28,4.2,16.66656494140625,3.466666666666667
2013-09-07,22:54:28,5.133333333333334,17.133267720540367,2.7333333333333334
2013-09-07,22:59:28,4.0,20.133221944173176,3.2
2013-09-07,23:04:28,7.0,18.599853515625,10.4
2013-09-07,23:09:28,4.533333333333333,16.866594950358074,3.0
2013-09-07,23:14:28,4.4,17.533200581868485,2.7333333333333334
2013-09-07,23:19:28,4.933333333333334,17.666549682617188,3.2666666666666666
2013-09-07,23:24:28,4.066666666666666,16.666615804036457,3.066666666666667
2013-09-07,23:29:28,5.4,19.199905395507812,3.066666666666667
2013-09-07,23:34:28,4.066666666666666,17.999916076660156,2.8666666666666667
2013-09-07,23:39:28,5.066666666666666,17.399864196777344,3.333333333333333
2013-09-07,23:44:28,4.466666666666667,17.399915059407554,3.066666666666667
2013-09-07,23:49:28,4.8,15.399894714355469,3.466666666666667
2013-09-07,23:54:28,4.733333333333333,14.86658732096354,3.4
2013-09-07,23:59:28,4.133333333333333,16.0666020711263,3.6666666666666665
2013-09-08,00:04:28,7.6,18.999862670898438,10.133333333333333
2013-09-08,00:09:28,4.2,19.799880981445312,3.066666666666667
2013-09-08,00:14:28,4.933333333333334,20.99987030029297,3.0
2013-09-08,00:19:28,4.6,18.133227030436196,3.4
2013-09-08,00:24:28,4.466666666666667,17.39988962809245,2.933333333333333
2013-09-08,00:29:28,5.0,18.26653798421224,3.1333333333333333
2013-09-08,00:34:28,4.066666666666666,18.266512552897133,3.2
2013-09-08,00:39:28,5.2,18.466580708821613,3.2666666666666666
2013-09-08,00:44:28,4.133333333333333,16.7999267578125,3.533333333333333
2013-09-08,00:49:28,4.933333333333334,18.399925231933594,3.333333333333333
2013-09-08,00:54:28,4.333333333333333,17.39990234375,2.7333333333333334
2013-09-08,00:59:28,4.6,17.59990692138672,3.2666666666666666
2013-09-08,01:04:28,7.4,17.19989776611328,10.4
2013-09-08,01:09:28,4.4,17.799835205078125,3.066666666666667
2013-09-08,01:14:28,5.8,17.59990692138672,3.066666666666667
2013-09-08,01:19:28,4.2,17.733205159505207,3.466666666666667
2013-09-08,01:24:28,4.933333333333334,17.59990692138672,3.333333333333333
2013-09-08,01:29:28,4.733333333333333,17.999954223632812,4.133333333333334
2013-09-08,01:34:29,4.666666666666667,16.199913024902344,3.6
2013-09-08,01:39:29,5.266666666666667,16.399917602539062,10.733333333333333
2013-09-08,01:44:29,4.533333333333333,20.19989013671875,8.8
2013-09-08,01:49:29,5.666666666666666,22.19989776611328,2.933333333333333
2013-09-08,01:54:29,4.2,16.799977620442707,3.066666666666667
2013-09-08,01:59:29,4.933333333333334,19.666544596354164,3.0
2013-09-08,02:04:29,7.2,17.79987335205078,11.066666666666665
2013-09-08,02:09:29,4.733333333333333,16.933250427246094,3.4
2013-09-08,02:14:29,5.533333333333334,15.466601053873699,3.333333333333333
2013-09-08,02:19:29,4.533333333333333,18.26655069986979,3.2
2013-09-08,02:24:29,5.6,18.266525268554688,3.2666666666666666
2013-09-08,02:29:29,4.266666666666667,17.666613260904946,3.0
2013-09-08,02:34:29,5.2,18.999900817871094,2.933333333333333
2013-09-08,02:39:29,4.866666666666667,18.13323974609375,3.2
2013-09-08,02:44:29,4.8,18.999900817871094,3.2
2013-09-08,02:49:29,5.333333333333334,19.399871826171875,3.0
2013-09-08,02:54:29,4.4,18.73321533203125,2.933333333333333
2013-09-08,02:59:29,5.666666666666666,17.93323516845703,3.2
2013-09-08,03:04:29,6.8,18.599891662597656,11.2
2013-09-08,03:09:29,5.333333333333334,18.466567993164062,4.466666666666667
2013-09-08,03:14:29,5.133333333333334,18.799870808919266,4.0
2013-09-08,03:19:29,5.0,19.933204650878906,3.6666666666666665
2013-09-08,03:24:29,5.4,16.266581217447914,4.333333333333333
2013-09-08,03:29:29,4.666666666666667,17.466519673665367,4.466666666666667
2013-09-08,03:34:29,5.8,17.133204142252602,5.0
2013-09-08,03:39:29,4.466666666666667,19.933242797851562,4.933333333333334
2013-09-08,03:44:29,5.4,16.53319040934245,4.8
2013-09-08,03:49:29,4.8,15.933278401692707,4.266666666666667
2013-09-08,03:54:29,5.0,19.733238220214844,5.8
2013-09-08,03:59:30,5.333333333333334,18.26653798421224,5.7333333333333325
2013-09-08,04:04:29,7.0,19.466578165690102,13.4
2013-09-08,04:09:29,5.933333333333334,17.999839782714844,5.933333333333334
2013-09-08,04:14:29,4.8,20.26655832926432,5.0
2013-09-08,04:19:29,5.333333333333334,20.533231099446613,4.0
2013-09-08,04:24:29,5.0,16.866531372070312,5.266666666666667
2013-09-08,04:29:29,4.933333333333334,18.8665771484375,3.4
2013-09-08,04:34:29,5.333333333333334,20.533231099446613,6.2666666666666675
2013-09-08,04:39:29,4.533333333333333,18.66652170817057,4.466666666666667
2013-09-08,04:44:29,5.666666666666666,18.466555277506508,4.533333333333333
2013-09-08,04:49:29,4.8,21.666552225748696,6.4
2013-09-08,04:54:29,7.066666666666666,19.933204650878906,4.733333333333333
2013-09-08,04:59:29,5.066666666666666,36.13325754801433,5.533333333333332
2013-09-08,05:04:29,17.066666666666666,26.066563924153645,100.0
2013-09-08,05:09:29,5.4,22.199935913085938,3.8666666666666663
2013-09-08,05:14:29,4.8,19.599876403808594,4.733333333333333
2013-09-08,05:19:29,5.933333333333334,18.599853515625,4.2
2013-09-08,05:24:29,4.533333333333333,19.599876403808594,4.533333333333333
2013-09-08,05:29:29,5.133333333333334,20.599899291992188,3.6666666666666665
2013-09-08,05:34:29,4.8,18.999862670898438,3.6666666666666665
2013-09-08,05:39:30,4.8,17.59990692138672,3.6
2013-09-08,05:44:30,5.266666666666667,17.39988962809245,3.8
2013-09-08,05:49:30,4.6,18.79993438720703,3.933333333333333
2013-09-08,05:54:30,5.666666666666666,18.19988250732422,3.533333333333333
2013-09-08,05:59:30,4.4,16.599960327148438,3.466666666666667
2013-09-08,06:04:30,7.6,16.99993133544922,10.533333333333333
2013-09-08,06:09:30,4.933333333333334,20.33323923746745,3.333333333333333
2013-09-08,06:14:30,5.066666666666666,20.399856567382812,3.333333333333333
2013-09-08,06:19:30,5.333333333333334,17.53326416015625,3.733333333333333
2013-09-08,06:24:30,4.4,19.199905395507812,3.8666666666666663
2013-09-08,06:29:30,5.7333333333333325,17.933171590169266,3.6666666666666665
2013-09-08,06:34:30,4.533333333333333,18.86652628580729,3.733333333333333
2013-09-08,06:39:30,5.333333333333334,16.33324940999349,3.333333333333333
2013-09-08,06:44:30,4.8,16.266530354817707,3.466666666666667
2013-09-08,06:49:30,4.933333333333334,20.13319651285807,3.333333333333333
2013-09-08,06:54:30,5.333333333333334,18.333206176757812,3.533333333333333
2013-09-08,06:59:30,4.333333333333333,16.53319040934245,3.2
2013-09-08,07:04:30,7.8,17.866503397623696,10.533333333333333
2013-09-08,07:09:30,4.4,19.599876403808594,3.0
2013-09-08,07:14:30,5.466666666666666,16.266568501790367,3.0
2013-09-08,07:19:30,4.866666666666667,19.066543579101562,3.066666666666667
2013-09-08,07:24:30,4.866666666666667,21.533215840657547,3.2666666666666666
2013-09-08,07:29:30,5.333333333333334,16.333236694335938,4.133333333333334
2013-09-08,07:34:30,4.6,19.799931844075523,4.733333333333333
2013-09-08,07:39:30,5.7333333333333325,18.26653798421224,4.8
2013-09-08,07:44:30,4.466666666666667,18.533236185709637,4.266666666666667
2013-09-08,07:49:30,5.4,16.399917602539062,4.533333333333333
2013-09-08,07:54:30,4.8,17.866592407226562,4.666666666666667
2013-09-08,07:59:30,5.0,17.19994862874349,4.666666666666667
2013-09-08,08:04:30,7.666666666666666,15.933240254720053,11.933333333333335
2013-09-08,08:09:30,4.6,17.06658681233724,5.066666666666666
2013-09-08,08:14:30,5.866666666666666,18.7332280476888,4.666666666666667
2013-09-08,08:19:30,4.6,18.133214314778645,4.866666666666666
2013-09-08,08:24:31,5.333333333333334,19.733212788899742,4.333333333333333
2013-09-08,08:29:31,4.933333333333334,19.733212788899742,4.533333333333333
2013-09-08,08:34:31,4.933333333333334,17.79987335205078,5.0
2013-09-08,08:39:31,5.266666666666667,19.133199055989582,4.333333333333333
2013-09-08,08:44:31,4.4,16.66656494140625,4.666666666666667
2013-09-08,08:49:31,5.7333333333333325,17.59990692138672,4.733333333333333
2013-09-08,08:54:31,4.533333333333333,18.46654256184896,4.666666666666667
2013-09-08,08:59:31,5.333333333333334,16.933263142903645,4.6
2013-09-08,09:04:31,7.2,18.733266194661457,12.066666666666665
2013-09-08,09:09:31,4.866666666666667,16.666552225748696,4.666666666666667
2013-09-08,09:14:31,5.533333333333334,19.199905395507812,4.733333333333333
2013-09-08,09:19:31,4.533333333333333,20.19989013671875,4.533333333333333
2013-09-08,09:24:31,5.7333333333333325,20.133221944173176,4.6
2013-09-08,09:29:31,4.6,18.13317616780599,4.533333333333333
2013-09-08,09:34:31,5.333333333333334,20.599899291992188,4.933333333333334
2013-09-08,09:39:31,4.933333333333334,19.599876403808594,5.2
2013-09-08,09:44:31,4.866666666666667,20.19989013671875,4.866666666666666
2013-09-08,09:49:31,5.266666666666667,17.399864196777344,4.6
2013-09-08,09:54:31,4.266666666666667,17.19989776611328,4.8
2013-09-08,09:59:31,5.6,15.999870300292967,4.933333333333334
2013-09-08,10:04:31,6.866666666666666,19.39990997314453,11.866666666666667
2013-09-08,10:09:31,5.266666666666667,20.599899291992188,4.466666666666667
2013-09-08,10:14:32,5.133333333333334,20.199928283691406,4.6
2013-09-08,10:19:32,4.8,19.199867248535156,4.666666666666667
2013-09-08,10:24:32,5.266666666666667,17.199935913085938,4.666666666666667
2013-09-08,10:29:32,4.533333333333333,18.599891662597656,4.4
2013-09-08,10:34:32,5.533333333333334,17.59990692138672,4.933333333333334
2013-09-08,10:39:32,4.466666666666667,16.599884033203125,4.8
2013-09-08,10:44:32,5.2,16.7999267578125,5.066666666666666
2013-09-08,10:49:32,4.933333333333334,15.799903869628906,4.466666666666667
2013-09-08,10:54:32,4.866666666666667,17.399864196777344,4.8
2013-09-08,10:59:32,5.333333333333334,17.79987335205078,4.4
2013-09-08,11:04:32,6.666666666666666,18.599891662597656,11.866666666666667
2013-09-08,11:09:32,5.7333333333333325,17.799949645996094,4.733333333333333
2013-09-08,11:14:32,4.733333333333333,16.733258565266926,4.4
2013-09-08,11:19:32,5.2,17.39985148111979,4.8
2013-09-08,11:24:32,4.933333333333334,16.73322041829427,4.8
2013-09-08,11:29:32,4.8,16.133244832356773,4.733333333333333
2013-09-08,11:34:32,5.266666666666667,19.933268229166668,4.666666666666667
2013-09-08,11:39:32,4.466666666666667,19.199867248535156,5.2
2013-09-08,11:44:32,5.666666666666666,15.866597493489587,4.333333333333333
2013-09-08,11:49:32,4.4,16.133244832356773,4.733333333333333
2013-09-08,11:54:32,5.266666666666667,16.79993947347005,4.6
2013-09-08,11:59:32,5.0,17.333234151204426,4.666666666666667
2013-09-08,12:04:33,7.2,19.86658732096354,11.733333333333333
2013-09-08,12:09:33,5.333333333333334,17.33325958251953,4.866666666666666
2013-09-08,12:14:33,4.666666666666667,18.66657257080078,4.8
2013-09-08,12:19:33,5.666666666666666,20.26655832926432,4.6
2013-09-08,12:24:33,4.4,18.999862670898438,4.866666666666666
2013-09-08,12:29:33,5.333333333333334,15.733299255371094,4.333333333333333
2013-09-08,12:34:33,4.733333333333333,17.26654052734375,4.733333333333333
2013-09-08,12:39:33,4.8,19.199867248535156,4.533333333333333
2013-09-08,12:44:33,5.4,18.666534423828125,4.466666666666667
2013-09-08,12:49:33,4.533333333333333,16.19988759358724,4.733333333333333
2013-09-08,12:54:33,5.7333333333333325,17.93323516845703,4.8
2013-09-08,12:59:33,4.466666666666667,17.666549682617188,5.0
2013-09-08,13:04:33,7.6,15.399932861328125,12.066666666666665
2013-09-08,13:09:33,4.666666666666667,16.933212280273438,4.6
2013-09-08,13:14:33,5.0,20.933240254720047,4.733333333333333
2013-09-08,13:19:33,5.066666666666666,19.799880981445312,4.6
2013-09-08,13:24:33,4.266666666666667,17.999839782714844,4.866666666666666
2013-09-08,13:29:33,5.466666666666666,17.93320973714193,4.533333333333333
2013-09-08,13:34:33,4.466666666666667,17.59991963704427,4.666666666666667
2013-09-08,13:39:33,5.0,16.933263142903645,4.466666666666667
2013-09-08,13:44:33,4.733333333333333,16.066576639811196,4.466666666666667
2013-09-08,13:49:33,4.933333333333334,17.133255004882812,4.866666666666666
2013-09-08,13:54:33,5.133333333333334,17.533238728841148,4.6
2013-09-08,13:59:33,4.333333333333333,17.46654510498047,4.933333333333334
2013-09-08,14:04:33,7.8,17.333246866861977,11.8
2013-09-08,14:09:33,4.333333333333333,16.86656951904297,4.6
2013-09-08,14:14:33,5.333333333333334,20.399856567382812,4.333333333333333
2013-09-08,14:19:33,4.733333333333333,18.93319447835286,4.666666666666667
2013-09-08,14:24:33,4.666666666666667,16.59992218017578,4.866666666666666
2013-09-08,14:29:33,4.933333333333334,16.333223978678383,4.466666666666667
2013-09-08,14:34:33,4.333333333333333,17.399864196777344,4.533333333333333
2013-09-08,14:39:33,5.266666666666667,16.133244832356773,4.533333333333333
2013-09-08,14:44:33,4.266666666666667,18.19988250732422,5.266666666666667
2013-09-08,14:49:33,5.2,13.999900817871094,4.866666666666666
2013-09-08,14:54:33,4.733333333333333,14.599952697753906,4.8
2013-09-08,14:59:33,4.8,16.7999267578125,4.466666666666667
2013-09-08,15:04:33,7.533333333333334,20.799903869628906,12.066666666666665
2013-09-08,15:09:33,4.333333333333333,16.399917602539062,4.533333333333333
2013-09-08,15:14:33,5.666666666666666,17.9998779296875,4.6
2013-09-08,15:19:34,4.4,17.399940490722656,4.6
2013-09-08,15:24:34,4.733333333333333,16.99993133544922,4.533333333333333
2013-09-08,15:29:34,4.866666666666667,17.19989776611328,4.933333333333334
2013-09-08,15:34:34,4.866666666666667,17.9998779296875,4.933333333333334
2013-09-08,15:39:34,5.133333333333334,20.19989013671875,4.8
2013-09-08,15:44:34,4.4,18.199844360351562,4.933333333333334
2013-09-08,15:49:34,5.666666666666666,19.46654001871745,4.933333333333334
2013-09-08,15:54:34,4.4,17.266578674316406,4.733333333333333
2013-09-08,15:59:34,5.2,18.399874369303383,4.466666666666667
2013-09-08,16:04:34,6.933333333333334,20.266571044921875,12.066666666666665
2013-09-08,16:09:34,4.8,16.666577657063804,4.266666666666667
2013-09-08,16:14:34,5.466666666666666,19.466565450032554,4.533333333333333
2013-09-08,16:19:34,4.466666666666667,20.99987030029297,5.066666666666666
2013-09-08,16:24:34,5.533333333333334,17.59990692138672,5.0
2013-09-08,16:29:34,4.333333333333333,19.399871826171875,5.066666666666666
2013-09-08,16:34:34,5.266666666666667,18.266525268554688,4.933333333333334
2013-09-08,16:39:34,4.666666666666667,20.133221944173176,4.8
2013-09-08,16:44:34,4.733333333333333,17.133216857910156,4.6
2013-09-08,16:49:34,5.066666666666666,18.199933369954426,4.733333333333333
2013-09-08,16:54:34,4.466666666666667,18.133201599121094,4.333333333333333
2013-09-08,16:59:34,5.666666666666666,16.466598510742188,4.866666666666666
2013-09-08,17:04:34,6.7333333333333325,18.733189900716148,12.133333333333333
2013-09-08,17:09:34,5.2,17.46655782063802,4.533333333333333
2013-09-08,17:14:34,4.866666666666667,17.466583251953125,4.533333333333333
2013-09-08,17:19:34,4.866666666666667,18.866564432779946,5.2
2013-09-08,17:24:34,5.2,19.13323720296224,4.866666666666666
2013-09-08,17:29:34,4.466666666666667,19.46654001871745,4.8
2013-09-08,17:34:34,5.466666666666666,19.46654001871745,4.733333333333333
2013-09-08,17:39:34,4.4,17.39990234375,4.733333333333333
2013-09-08,17:44:34,5.133333333333334,16.46656036376953,4.8
2013-09-08,17:49:35,4.866666666666667,15.799903869628906,4.533333333333333
2013-09-08,17:54:35,4.866666666666667,18.199920654296875,4.2
2013-09-08,17:59:35,5.2,16.199913024902344,5.066666666666666
2013-09-08,18:04:35,7.0,17.199885050455727,12.466666666666667
2013-09-08,18:09:35,6.8,21.199862162272133,4.933333333333334
2013-09-08,18:14:35,5.2,38.599904378255204,4.8
2013-09-08,18:19:35,4.933333333333334,24.066619873046875,4.733333333333333
2013-09-08,18:24:35,4.666666666666667,17.133229573567707,4.733333333333333
2013-09-08,18:29:35,4.6,18.666534423828125,4.266666666666667
2013-09-08,18:34:35,4.933333333333334,18.99988810221354,4.866666666666666
2013-09-08,18:39:35,4.2,19.599889119466148,4.666666666666667
2013-09-08,18:44:35,5.266666666666667,19.266586303710938,4.666666666666667
2013-09-08,18:49:35,4.266666666666667,18.66655985514323,4.666666666666667
2013-09-08,18:54:35,4.933333333333334,17.13319142659505,4.466666666666667
2013-09-08,18:59:35,4.733333333333333,18.599891662597656,5.266666666666667
2013-09-08,19:04:35,6.933333333333334,16.199913024902344,11.933333333333335
2013-09-08,19:09:35,5.0,17.799911499023438,4.866666666666666
2013-09-08,19:14:35,4.466666666666667,19.599876403808594,4.6
2013-09-08,19:19:35,5.533333333333334,17.599830627441406,4.4
2013-09-08,19:24:35,4.133333333333333,16.799888610839844,4.733333333333333
2013-09-08,19:29:35,5.0,18.53321075439453,4.6
2013-09-08,19:34:36,4.6,18.599891662597656,5.2
2013-09-08,19:39:36,4.666666666666667,15.599937438964846,4.6
2013-09-08,19:44:36,4.933333333333334,16.19990030924479,4.8
2013-09-08,19:49:36,4.333333333333333,20.199928283691406,5.0
2013-09-08,19:54:36,5.533333333333334,18.199844360351562,4.866666666666666
2013-09-08,19:59:36,4.4,17.999839782714844,4.8
2013-09-08,20:04:36,7.2666666666666675,18.39984893798828,11.466666666666667
2013-09-08,20:09:36,4.466666666666667,17.599881490071613,4.933333333333334
2013-09-08,20:14:36,4.866666666666667,20.999908447265625,4.333333333333333
2013-09-08,20:19:36,4.866666666666667,18.79985809326172,4.6
2013-09-08,20:24:36,4.4,18.599853515625,4.6
2013-09-08,20:29:36,5.333333333333334,18.33325703938802,4.6
2013-09-08,20:34:36,4.133333333333333,15.866610209147133,4.866666666666666
2013-09-08,20:39:36,5.066666666666666,15.866533915201819,5.0
2013-09-08,20:44:36,4.533333333333333,20.39989471435547,5.133333333333334
2013-09-08,20:49:36,4.733333333333333,22.266604105631508,4.933333333333334
2013-09-08,20:54:36,4.866666666666667,20.466562906901043,4.466666666666667
2013-09-08,20:59:36,4.266666666666667,19.333203633626304,4.933333333333334
2013-09-08,21:04:36,7.666666666666666,19.866549173990883,12.133333333333333
2013-09-08,21:09:36,4.333333333333333,19.866549173990883,4.866666666666666
2013-09-08,21:14:36,5.066666666666666,17.666575113932293,4.6
2013-09-08,21:19:36,4.6,20.666567484537758,5.266666666666667
2013-09-08,21:24:36,4.6,18.533248901367188,4.6
2013-09-08,21:29:36,4.933333333333334,20.799903869628906,4.466666666666667
2013-09-08,21:34:36,4.266666666666667,20.933240254720047,4.866666666666666
2013-09-08,21:39:36,5.333333333333334,18.599853515625,4.733333333333333
2013-09-08,21:44:36,4.266666666666667,18.399899800618485,4.466666666666667
2013-09-08,21:49:36,4.666666666666667,16.599909464518227,4.666666666666667
2013-09-08,21:54:36,4.6,21.266581217447914,4.533333333333333
2013-09-08,21:59:36,4.4,16.999905904134113,4.533333333333333
2013-09-08,22:04:36,7.333333333333334,15.666592915852865,11.933333333333335
2013-09-08,22:09:37,4.133333333333333,16.399879455566406,4.666666666666667
2013-09-08,22:14:37,5.533333333333334,19.333203633626304,4.733333333333333
2013-09-08,22:19:36,4.266666666666667,19.666506449381508,4.866666666666666
2013-09-08,22:24:36,5.0,16.46656036376953,5.2
2013-09-08,22:29:36,4.666666666666667,14.599952697753906,4.533333333333333
2013-09-08,22:34:36,4.6,18.866551717122395,4.933333333333334
2013-09-08,22:39:36,4.933333333333334,17.999916076660156,4.266666666666667
2013-09-08,22:44:36,3.933333333333333,16.599960327148438,4.6
2013-09-08,22:49:36,5.4,16.199951171875,4.733333333333333
2013-09-08,22:54:36,4.133333333333333,17.599868774414062,4.8
2013-09-08,22:59:36,5.0,19.399871826171875,5.066666666666666
2013-09-08,23:04:36,7.0,16.39995574951172,12.266666666666667
2013-09-08,23:09:36,4.533333333333333,17.79987335205078,4.733333333333333
2013-09-08,23:14:36,5.333333333333334,16.7999267578125,4.533333333333333
2013-09-08,23:19:36,4.2,16.99993133544922,4.8
2013-09-08,23:24:36,5.333333333333334,19.599876403808594,4.666666666666667
2013-09-08,23:29:36,4.133333333333333,20.39989471435547,4.533333333333333
2013-09-08,23:34:37,4.866666666666667,19.53320821126302,4.866666666666666
2013-09-08,23:39:37,4.466666666666667,18.79985809326172,4.8
2013-09-08,23:44:37,4.533333333333333,18.399925231933594,4.666666666666667
2013-09-08,23:49:37,4.866666666666667,16.73322041829427,4.8
2013-09-08,23:54:37,4.133333333333333,18.533236185709637,4.6
2013-09-08,23:59:37,5.266666666666667,17.333234151204426,4.933333333333334
2013-09-09,00:04:37,6.466666666666666,17.533276875813804,12.333333333333336
2013-09-09,00:09:37,5.0,19.266535441080727,4.666666666666667
2013-09-09,00:14:37,4.733333333333333,17.266565958658855,4.6
2013-09-09,00:19:37,4.6,21.666552225748696,4.6
2013-09-09,00:24:37,4.933333333333334,19.266535441080727,4.733333333333333
2013-09-09,00:29:37,3.933333333333333,16.466585795084633,4.266666666666667
2013-09-09,00:34:37,5.466666666666666,18.466593424479164,5.333333333333333
2013-09-09,00:39:37,4.2,19.399871826171875,4.933333333333334
2013-09-09,00:44:37,5.066666666666666,19.199905395507812,4.866666666666666
2013-09-09,00:49:37,4.533333333333333,16.399917602539062,5.0
2013-09-09,00:54:37,4.733333333333333,18.733189900716148,4.466666666666667
2013-09-09,00:59:37,5.066666666666666,17.866541544596352,4.4
2013-09-09,01:04:37,6.6,18.66657257080078,12.133333333333333
2013-09-09,01:09:37,5.4,15.799929300944008,4.4
2013-09-09,01:14:37,4.4,19.466590881347656,5.066666666666666
2013-09-09,01:19:37,4.933333333333334,16.933263142903645,4.8
2013-09-09,01:24:37,4.666666666666667,19.33319091796875,4.8
2013-09-09,01:29:37,4.533333333333333,21.33321126302083,4.666666666666667
2013-09-09,01:34:37,5.266666666666667,18.13317616780599,9.0
2013-09-09,01:39:37,5.333333333333334,18.466529846191406,10.666666666666666
2013-09-09,01:44:37,6.4,20.133221944173176,17.133333333333333
2013-09-09,01:49:37,4.533333333333333,17.866541544596352,5.066666666666666
2013-09-09,01:54:37,5.0,17.266565958658855,4.733333333333333
2013-09-09,01:59:38,4.6,21.13324483235677,4.6
2013-09-09,02:04:38,6.866666666666666,18.999926249186196,12.866666666666667
2013-09-09,02:09:38,5.133333333333334,17.13319142659505,5.0
2013-09-09,02:14:38,4.333333333333333,18.199844360351562,4.8
2013-09-09,02:19:38,5.266666666666667,16.799888610839844,5.533333333333332
2013-09-09,02:24:38,4.266666666666667,16.399917602539062,5.066666666666666
2013-09-09,02:29:38,4.933333333333334,16.399879455566406,4.8
2013-09-09,02:34:38,4.8,18.999900817871094,5.133333333333334
2013-09-09,02:39:38,4.466666666666667,18.999900817871094,4.8
2013-09-09,02:44:38,5.066666666666666,16.7999267578125,5.0
2013-09-09,02:49:38,4.266666666666667,18.599891662597656,4.666666666666667
2013-09-09,02:54:38,5.4,16.199913024902344,4.466666666666667
2013-09-09,02:59:38,4.266666666666667,14.799919128417969,5.0
2013-09-09,03:04:38,7.333333333333334,19.46654001871745,11.933333333333335
2013-09-09,03:09:38,4.533333333333333,22.19989776611328,5.0
2013-09-09,03:14:38,4.8,16.399917602539062,4.933333333333334
2013-09-09,03:19:38,5.2,18.19988250732422,5.2
2013-09-09,03:24:38,4.2,17.933197021484375,5.0
2013-09-09,03:29:38,5.6,16.666590372721352,4.8
2013-09-09,03:34:38,4.2,15.666567484537758,4.733333333333333
2013-09-09,03:39:38,4.933333333333334,17.99989064534505,4.6
2013-09-09,03:44:38,4.6,19.333203633626304,4.6
2013-09-09,03:49:38,4.666666666666667,20.866572062174477,5.0
2013-09-09,03:54:38,4.933333333333334,18.86652628580729,4.266666666666667
2013-09-09,03:59:38,4.2,18.399887084960938,4.933333333333334
2013-09-09,04:04:38,7.642857142857142,18.714141845703125,12.785714285714285
2013-09-09,04:09:38,4.2,16.733245849609375,5.8
2013-09-09,04:14:38,5.4,17.59991963704427,5.066666666666666
2013-09-09,04:19:38,4.733333333333333,17.599894205729164,5.2
2013-09-09,04:24:38,4.533333333333333,18.399937947591148,4.466666666666667
2013-09-09,04:29:38,4.933333333333334,18.99988810221354,4.733333333333333
2013-09-09,04:34:38,4.266666666666667,17.9998779296875,4.8
2013-09-09,04:39:38,5.333333333333334,15.333264668782551,4.733333333333333
2013-09-09,04:44:39,4.133333333333333,16.13323211669922,4.666666666666667
2013-09-09,04:49:39,5.066666666666666,16.799901326497398,5.266666666666667
2013-09-09,04:54:39,4.533333333333333,14.26659901936849,4.733333333333333
2013-09-09,04:59:39,4.733333333333333,15.399907430013023,5.133333333333334
2013-09-09,05:04:39,18.6,20.13324737548828,100.0
2013-09-09,05:09:39,4.333333333333333,17.533213297526043,5.4
2013-09-09,05:14:39,5.7333333333333325,16.599960327148438,5.333333333333333
2013-09-09,05:19:39,4.6,18.199869791666668,5.866666666666666
2013-09-09,05:24:39,5.2,19.53320821126302,5.7333333333333325
2013-09-09,05:29:39,4.466666666666667,20.866533915201824,4.933333333333334
2013-09-09,05:34:39,4.666666666666667,16.799888610839844,5.2
2013-09-09,05:39:39,4.866666666666667,20.39989471435547,5.0
2013-09-09,05:44:39,4.266666666666667,19.666544596354164,4.933333333333334
2013-09-09,05:49:39,5.533333333333334,17.19987233479818,4.866666666666666
2013-09-09,05:54:39,4.2,18.999862670898438,4.733333333333333
2013-09-09,05:59:39,5.133333333333334,19.59991455078125,4.866666666666666
2013-09-09,06:04:39,6.6,18.733189900716148,12.866666666666667
2013-09-09,06:09:39,4.8,16.39995574951172,5.266666666666667
2013-09-09,06:14:39,5.2,16.399879455566406,4.533333333333333
2013-09-09,06:19:39,4.2,19.99988555908203,4.866666666666666
2013-09-09,06:24:39,5.266666666666667,16.7999267578125,4.466666666666667
2013-09-09,06:29:39,4.266666666666667,17.39990234375,5.066666666666666
2013-09-09,06:34:39,5.0,19.599952697753906,5.0
2013-09-09,06:39:39,4.8,16.7999267578125,5.2
2013-09-09,06:44:39,5.066666666666666,16.86656951904297,5.466666666666668
2013-09-09,06:49:39,5.066666666666666,20.799903869628906,5.333333333333333
2013-09-09,06:54:39,4.333333333333333,17.133229573567707,4.733333333333333
2013-09-09,06:59:40,5.333333333333334,17.333234151204426,4.866666666666666
2013-09-09,07:04:40,6.666666666666666,17.399864196777344,12.066666666666665
2013-09-09,07:09:40,4.8,19.933217366536454,4.6
2013-09-09,07:14:40,4.8,20.19989013671875,4.733333333333333
2013-09-09,07:19:40,4.533333333333333,22.266565958658852,5.133333333333334
2013-09-09,07:24:39,5.066666666666666,17.933197021484375,4.933333333333334
2013-09-09,07:29:39,4.2,19.333216349283855,4.733333333333333
2013-09-09,07:34:39,5.066666666666666,16.7999267578125,5.4
2013-09-09,07:39:39,4.4,18.99987538655599,4.8
2013-09-09,07:44:39,6.666666666666666,37.133191426595054,4.533333333333333
2013-09-09,07:49:39,4.733333333333333,23.533248901367188,5.133333333333334
2013-09-09,07:54:39,4.666666666666667,20.39989471435547,4.866666666666666
2013-09-09,07:59:39,4.933333333333334,18.73321533203125,5.133333333333334
2013-09-09,08:04:39,6.466666666666666,17.19989776611328,12.4
2013-09-09,08:09:39,5.133333333333334,17.666575113932293,5.0
2013-09-09,08:14:40,4.733333333333333,16.73322041829427,4.866666666666666
2013-09-09,08:19:40,5.066666666666666,17.06658681233724,5.2
2013-09-09,08:24:40,4.133333333333333,15.333264668782551,5.0
2013-09-09,08:29:40,4.933333333333334,17.066574096679688,4.733333333333333
2013-09-09,08:34:40,4.733333333333333,18.7332280476888,5.466666666666668
2013-09-09,08:39:40,4.533333333333333,16.666577657063804,4.8
2013-09-09,08:44:40,5.0,16.06653849283854,4.6
2013-09-09,08:49:40,4.666666666666667,16.799901326497398,5.2
2013-09-09,08:54:40,4.866666666666667,20.333226521809898,4.6
2013-09-09,08:59:40,4.133333333333333,18.333218892415367,5.133333333333334
2013-09-09,09:04:40,7.2666666666666675,16.666628519694008,12.2
2013-09-09,09:09:40,4.6,17.666600545247398,4.533333333333333
2013-09-09,09:14:40,4.933333333333334,18.8665771484375,5.066666666666666
2013-09-09,09:19:40,5.133333333333334,20.333226521809898,5.466666666666668
2013-09-09,09:24:40,4.733333333333333,21.333249409993492,4.8
2013-09-09,09:29:40,4.933333333333334,18.733240763346352,4.6
2013-09-09,09:34:40,4.333333333333333,16.399930318196617,5.0
2013-09-09,09:39:40,5.066666666666666,17.733243306477863,4.666666666666667
2013-09-09,09:44:40,4.6,17.066561381022133,5.2
2013-09-09,09:49:40,4.733333333333333,16.86658223470052,5.333333333333333
2013-09-09,09:54:40,5.2,19.666544596354164,4.666666666666667
2013-09-09,09:59:40,4.533333333333333,18.266512552897133,5.333333333333333
2013-09-09,10:04:40,7.4,17.46657053629557,12.266666666666667
2013-09-09,10:09:40,4.133333333333333,19.799880981445312,5.133333333333334
2013-09-09,10:14:40,5.2,15.999921162923181,4.933333333333334
2013-09-09,10:19:40,4.6,16.733258565266926,5.2
2013-09-09,10:24:41,4.6,17.866566975911457,4.933333333333334
2013-09-09,10:29:41,4.866666666666667,18.999862670898438,4.733333333333333
2013-09-09,10:34:41,4.466666666666667,18.33318074544271,5.066666666666666
2013-09-09,10:39:41,4.933333333333334,17.26659138997396,5.266666666666667
2013-09-09,10:44:41,4.133333333333333,16.399917602539062,4.933333333333334
2013-09-09,10:49:41,5.0,19.199905395507812,5.4
2013-09-09,10:54:41,5.266666666666667,19.79991912841797,17.066666666666666
2013-09-09,10:59:41,5.066666666666666,18.999862670898438,16.4
2013-09-09,11:04:41,7.2,21.199913024902344,12.266666666666667
2013-09-09,11:09:41,4.6,18.599853515625,4.733333333333333
2013-09-09,11:14:41,5.266666666666667,18.199844360351562,6.666666666666668
2013-09-09,11:19:41,4.266666666666667,17.19989776611328,5.666666666666668
2013-09-09,11:24:41,5.066666666666666,19.99988555908203,5.0
2013-09-09,11:29:41,4.466666666666667,18.19988250732422,5.4
2013-09-09,11:34:41,5.0,16.7999267578125,5.2
2013-09-09,11:39:41,4.866666666666667,18.79993438720703,4.866666666666666
2013-09-09,11:44:41,4.866666666666667,16.199913024902344,5.6
2013-09-09,11:49:41,4.933333333333334,18.19988250732422,9.4
2013-09-09,11:54:41,4.333333333333333,18.599904378255207,4.866666666666666
2013-09-09,11:59:41,5.0,17.39987691243489,4.933333333333334
2013-09-09,12:04:41,6.866666666666666,17.999839782714844,11.933333333333335
2013-09-09,12:09:42,4.6,16.0666020711263,4.066666666666666
2013-09-09,12:14:42,5.133333333333334,16.066551208496094,3.933333333333333
2013-09-09,12:19:42,4.066666666666666,16.199938456217446,4.266666666666667
2013-09-09,12:24:42,5.466666666666666,18.26655069986979,4.133333333333334
2013-09-09,12:29:42,4.266666666666667,20.066553751627605,3.533333333333333
2013-09-09,12:34:42,4.933333333333334,17.533276875813804,8.133333333333333
2013-09-09,12:39:42,4.733333333333333,17.99994150797526,3.6666666666666665
2013-09-09,12:44:42,4.466666666666667,18.53322347005208,5.066666666666666
2013-09-09,12:49:42,5.133333333333334,18.599878946940102,4.133333333333334
2013-09-09,12:54:42,4.333333333333333,18.13323974609375,3.2666666666666666
2013-09-09,12:59:42,5.333333333333334,18.79990895589193,4.133333333333334
2013-09-09,13:04:42,6.6,17.39988962809245,11.2
2013-09-09,13:09:42,5.066666666666666,20.733235677083336,4.133333333333334
2013-09-09,13:14:42,4.933333333333334,19.933217366536454,3.533333333333333
2013-09-09,13:19:42,4.533333333333333,20.26655832926432,3.933333333333333
2013-09-09,13:24:42,4.933333333333334,16.733194986979164,3.533333333333333
2013-09-09,13:29:42,4.333333333333333,17.46657053629557,3.6666666666666665
2013-09-09,13:34:42,5.4,14.933255513509113,7.333333333333332
2013-09-09,13:39:42,4.2,15.666605631510414,3.533333333333333
2013-09-09,13:44:42,5.0,15.733273824055994,3.6
2013-09-09,13:49:42,4.533333333333333,16.066525777180992,3.733333333333333
2013-09-09,13:54:42,4.733333333333333,16.533266703287758,3.2
2013-09-09,13:59:42,4.933333333333334,17.13319142659505,4.2
2013-09-09,14:04:42,6.6,19.266573588053383,10.733333333333333
2013-09-09,14:09:42,4.866666666666667,17.733230590820312,3.533333333333333
2013-09-09,14:14:42,4.466666666666667,18.19988250732422,3.733333333333333
2013-09-09,14:19:42,5.2,18.399887084960938,3.333333333333333
2013-09-09,14:24:42,4.466666666666667,18.599853515625,3.8
2013-09-09,14:29:42,4.8,20.066553751627605,4.0
2013-09-09,14:34:42,4.8,18.39984893798828,4.0
2013-09-09,14:39:42,4.533333333333333,17.79987335205078,4.333333333333333
2013-09-09,14:44:42,5.2,17.599868774414062,4.4
2013-09-09,14:49:42,4.333333333333333,14.999923706054688,3.8666666666666663
2013-09-09,14:54:42,5.066666666666666,14.999923706054688,3.533333333333333
2013-09-09,14:59:43,4.4,17.59990692138672,3.8
2013-09-09,15:04:43,7.2666666666666675,21.999893188476562,11.333333333333336
2013-09-09,15:09:43,4.6,18.199844360351562,3.6
2013-09-09,15:14:43,4.666666666666667,17.199935913085938,3.466666666666667
2013-09-09,15:19:43,5.0,21.7999267578125,3.533333333333333
2013-09-09,15:24:43,4.333333333333333,20.599899291992188,3.6666666666666665
2013-09-09,15:29:43,5.133333333333334,22.39990234375,3.2
2013-09-09,15:34:43,4.333333333333333,17.999839782714844,3.466666666666667
2013-09-09,15:39:43,4.933333333333334,17.199935913085938,3.6
2013-09-09,15:44:43,4.666666666666667,15.866622924804688,3.733333333333333
2013-09-09,15:49:43,4.333333333333333,15.933278401692707,3.6
2013-09-09,15:54:43,4.866666666666667,18.799896240234375,3.1333333333333333
2013-09-09,15:59:43,4.4,18.66652170817057,4.066666666666666
2013-09-09,16:04:43,7.4,16.199951171875,10.933333333333335
2013-09-09,16:09:43,4.466666666666667,16.866594950358074,4.2
2013-09-09,16:14:43,5.4,18.7332280476888,8.466666666666667
2013-09-09,16:19:43,4.733333333333333,18.79985809326172,4.0
2013-09-09,16:24:43,4.666666666666667,18.19988250732422,4.266666666666667
2013-09-09,16:29:43,4.933333333333334,17.06658681233724,3.466666666666667
2013-09-09,16:34:43,4.333333333333333,20.266571044921875,3.8
2013-09-09,16:39:43,5.333333333333334,19.33319091796875,4.933333333333334
2013-09-09,16:44:43,4.6,18.733189900716148,6.0
2013-09-09,16:49:43,5.2,19.266535441080727,6.466666666666668
2013-09-09,16:54:43,5.0,17.333234151204426,6.666666666666668
2013-09-09,16:59:43,4.866666666666667,18.999862670898438,5.8
2013-09-09,17:04:43,7.8,17.733256022135414,16.0
2013-09-09,17:09:43,4.333333333333333,19.399948120117188,3.733333333333333
2013-09-09,17:14:43,5.066666666666666,21.7999267578125,4.866666666666666
2013-09-09,17:19:43,4.733333333333333,20.599899291992188,4.733333333333333
2013-09-09,17:24:43,5.133333333333334,19.99988555908203,3.933333333333333
2013-09-09,17:29:43,4.666666666666667,18.733189900716148,3.8
2013-09-09,17:34:43,4.6,17.533175150553383,4.266666666666667
2013-09-09,17:39:43,5.0,14.666608174641926,3.933333333333333
2013-09-09,17:44:43,4.333333333333333,18.53322347005208,3.8
2013-09-09,17:49:43,5.0,20.666542053222656,3.8666666666666663
2013-09-09,17:54:43,4.533333333333333,15.73326110839844,3.6666666666666665
2013-09-09,17:59:43,4.866666666666667,18.066558837890625,3.8
2013-09-09,18:04:43,7.0,16.93317413330078,12.066666666666665
2013-09-09,18:09:43,4.666666666666667,15.799903869628906,4.066666666666666
2013-09-09,18:14:43,5.333333333333334,18.26655069986979,4.2
2013-09-09,18:19:43,4.2,20.733235677083336,4.466666666666667
2013-09-09,18:24:43,5.0,20.066553751627605,5.7333333333333325
2013-09-09,18:29:43,4.466666666666667,17.866592407226562,3.466666666666667
2013-09-09,18:34:43,4.933333333333334,17.79987335205078,3.6
2013-09-09,18:39:43,4.466666666666667,18.999862670898438,3.933333333333333
2013-09-09,18:44:43,4.533333333333333,16.666552225748696,3.6
2013-09-09,18:49:43,5.133333333333334,20.799903869628906,4.066666666666666
2013-09-09,18:54:44,4.133333333333333,16.999893188476562,3.2666666666666666
2013-09-09,18:59:44,5.066666666666666,19.799880981445312,4.133333333333334
2013-09-09,19:04:44,7.0,16.399917602539062,11.133333333333333
2013-09-09,19:09:44,5.066666666666666,15.399932861328125,3.466666666666667
2013-09-09,19:14:44,4.866666666666667,15.999908447265627,3.6666666666666665
2013-09-09,19:19:44,4.6,20.999908447265625,3.933333333333333
2013-09-09,19:24:44,4.866666666666667,20.599899291992188,3.333333333333333
2013-09-09,19:29:44,4.133333333333333,16.999855041503906,3.1333333333333333
2013-09-09,19:34:44,4.866666666666667,20.933240254720047,3.8
2013-09-09,19:39:44,4.466666666666667,17.799886067708336,3.333333333333333
2013-09-09,19:44:44,5.133333333333334,16.86658223470052,3.2666666666666666
2013-09-09,19:49:44,4.533333333333333,19.99988555908203,3.8
2013-09-09,19:54:44,4.6,19.733212788899742,3.1333333333333333
2013-09-09,19:59:44,5.066666666666666,20.133221944173176,3.8
2013-09-09,20:04:44,6.4,17.866541544596352,10.866666666666667
2013-09-09,20:09:44,4.733333333333333,16.933263142903645,3.466666666666667
2013-09-09,20:14:44,4.733333333333333,18.599853515625,3.733333333333333
2013-09-09,20:19:44,4.933333333333334,18.999862670898438,3.733333333333333
2013-09-09,20:24:44,4.533333333333333,16.666590372721352,3.6
2013-09-09,20:29:44,4.466666666666667,19.99988555908203,3.466666666666667
2013-09-09,20:34:44,5.0,17.133216857910156,3.6
2013-09-09,20:39:44,4.2,16.46656036376953,3.8666666666666663
2013-09-09,20:44:44,4.8,18.533185323079426,3.6
2013-09-09,20:49:44,4.733333333333333,18.73321533203125,4.066666666666666
2013-09-09,20:54:44,5.066666666666666,16.666590372721352,3.466666666666667
2013-09-09,20:59:44,4.533333333333333,16.7999267578125,4.0
2013-09-09,21:04:44,6.933333333333334,17.866579691569008,10.533333333333333
2013-09-09,21:09:44,4.933333333333334,18.13323974609375,3.6666666666666665
2013-09-09,21:14:44,4.533333333333333,16.933224995930992,3.8
2013-09-09,21:19:44,5.066666666666666,18.533236185709637,3.533333333333333
2013-09-09,21:24:44,4.466666666666667,17.866566975911457,3.6666666666666665
2013-09-09,21:29:44,4.866666666666667,17.9998779296875,4.333333333333333
2013-09-09,21:34:44,4.6,17.333196004231773,3.733333333333333
2013-09-09,21:39:44,4.666666666666667,16.73322041829427,3.733333333333333
2013-09-09,21:44:44,5.066666666666666,17.999916076660156,4.0
2013-09-09,21:49:45,4.266666666666667,17.533213297526043,4.0
2013-09-09,21:54:45,5.0,18.466529846191406,3.466666666666667
2013-09-09,21:59:45,4.4,17.733256022135414,3.6666666666666665
2013-09-09,22:04:45,7.2666666666666675,20.26655832926432,11.4
2013-09-09,22:09:45,4.533333333333333,15.73328653971354,3.6666666666666665
2013-09-09,22:14:45,4.8,16.99993133544922,3.8666666666666663
2013-09-09,22:19:45,5.0,18.599929809570312,3.933333333333333
2013-09-09,22:24:45,4.266666666666667,15.799903869628906,3.733333333333333
2013-09-09,22:29:45,5.133333333333334,16.59992218017578,3.6
2013-09-09,22:34:45,4.666666666666667,17.79987335205078,8.2
2013-09-09,22:39:45,5.066666666666666,18.39984893798828,4.533333333333333
2013-09-09,22:44:45,4.333333333333333,18.599929809570312,3.466666666666667
2013-09-09,22:49:45,4.533333333333333,18.199920654296875,3.6666666666666665
2013-09-09,22:54:45,5.133333333333334,17.59990692138672,3.8
2013-09-09,22:59:45,4.066666666666666,18.399887084960938,3.8666666666666663
2013-09-09,23:04:45,7.6,18.799896240234375,11.2
2013-09-09,23:09:45,4.333333333333333,18.399887084960938,3.733333333333333
2013-09-09,23:14:45,5.2,17.866579691569008,3.533333333333333
2013-09-09,23:19:45,4.533333333333333,21.399879455566406,3.8
2013-09-09,23:24:45,4.6,16.599884033203125,4.066666666666666
2013-09-09,23:29:45,4.733333333333333,17.799911499023438,3.733333333333333
2013-09-09,23:34:45,4.266666666666667,18.133252461751297,3.8
2013-09-09,23:39:45,6.933333333333334,31.533203124999996,3.6
2013-09-09,23:44:45,4.466666666666667,30.066591898600258,3.733333333333333
2013-09-09,23:49:45,4.933333333333334,21.73325856526693,4.133333333333334
2013-09-09,23:54:45,4.733333333333333,19.46654001871745,3.466666666666667
2013-09-09,23:59:45,4.733333333333333,18.199869791666668,4.066666666666666
2013-09-10,00:04:45,7.2666666666666675,18.199895222981773,11.133333333333333
2013-09-10,00:09:45,4.333333333333333,19.46654001871745,3.533333333333333
2013-09-10,00:14:45,5.4,18.999900817871094,3.8666666666666663
2013-09-10,00:19:45,4.333333333333333,18.799883524576824,3.933333333333333
2013-09-10,00:24:45,4.666666666666667,16.066576639811196,3.533333333333333
2013-09-10,00:29:45,4.533333333333333,18.466567993164062,3.4
2013-09-10,00:34:45,4.6,17.333221435546875,4.066666666666666
2013-09-10,00:39:45,4.733333333333333,16.199913024902344,3.6
2013-09-10,00:44:46,4.2,17.799924214680992,3.6
2013-09-10,00:49:46,5.2,18.133214314778645,4.4
2013-09-10,00:54:46,4.466666666666667,19.133199055989582,3.533333333333333
2013-09-10,00:59:46,4.933333333333334,17.33318328857422,3.933333333333333
2013-09-10,01:04:46,7.2,22.19989776611328,11.2
2013-09-10,01:09:46,4.6,17.33320871988932,3.8
2013-09-10,01:14:46,5.0,18.133214314778645,3.533333333333333
2013-09-10,01:19:46,4.266666666666667,20.866572062174477,4.066666666666666
2013-09-10,01:24:46,5.4,17.799911499023438,3.533333333333333
2013-09-10,01:29:46,4.666666666666667,17.133204142252602,5.666666666666668
2013-09-10,01:34:46,7.066666666666666,18.333206176757812,14.6
2013-09-10,01:39:45,4.933333333333334,17.533200581868485,8.333333333333334
2013-09-10,01:44:45,5.2,20.733235677083336,13.0
2013-09-10,01:49:45,5.0,19.99988555908203,4.0
2013-09-10,01:54:45,4.266666666666667,17.866579691569008,3.6
2013-09-10,01:59:45,5.4,19.866549173990883,3.933333333333333
2013-09-10,02:04:45,6.6,21.333249409993492,11.466666666666667
2013-09-10,02:09:45,4.666666666666667,16.799888610839844,4.0
2013-09-10,02:14:46,5.2,18.599891662597656,3.8
2013-09-10,02:19:46,4.4,17.999839782714844,3.8
2013-09-10,02:24:46,4.866666666666667,18.79993438720703,3.6
2013-09-10,02:29:46,4.066666666666666,14.999961853027344,3.6666666666666665
2013-09-10,02:34:46,5.133333333333334,18.599891662597656,3.733333333333333
2013-09-10,02:39:46,4.4,18.999900817871094,4.0
2013-09-10,02:44:46,4.733333333333333,18.599891662597656,3.6666666666666665
2013-09-10,02:49:46,4.733333333333333,15.199928283691404,4.6
2013-09-10,02:54:46,4.466666666666667,16.19990030924479,3.2666666666666666
2013-09-10,02:59:46,5.133333333333334,20.599899291992188,4.133333333333334
2013-09-10,03:04:46,6.533333333333334,18.199920654296875,11.266666666666667
2013-09-10,03:09:46,5.333333333333334,17.533238728841148,5.4
2013-09-10,03:14:46,4.533333333333333,20.599937438964844,3.8
2013-09-10,03:19:46,4.8,21.46654764811198,4.266666666666667
2013-09-10,03:24:46,4.8,18.533185323079426,5.466666666666668
2013-09-10,03:29:46,4.666666666666667,17.666536966959637,4.333333333333333
2013-09-10,03:34:46,5.266666666666667,19.06653086344401,5.7333333333333325
2013-09-10,03:39:46,4.4,18.66652170817057,6.8
2013-09-10,03:44:46,5.4,17.733205159505207,6.066666666666666
2013-09-10,03:49:46,4.666666666666667,18.333218892415367,6.933333333333334
2013-09-10,03:54:46,5.133333333333334,17.93323516845703,6.133333333333334
2013-09-10,03:59:46,4.666666666666667,16.733245849609375,5.6
2013-09-10,04:04:46,7.2,18.666623433430992,13.066666666666665
2013-09-10,04:09:46,5.2,14.999961853027344,4.933333333333334
2013-09-10,04:14:46,4.8,19.13327534993489,6.8
2013-09-10,04:19:46,5.6,19.46654001871745,5.533333333333332
2013-09-10,04:24:46,4.533333333333333,17.066612243652344,7.333333333333332
2013-09-10,04:29:46,5.266666666666667,16.666590372721352,7.333333333333332
2013-09-10,04:34:46,4.866666666666667,16.066576639811196,5.533333333333332
2013-09-10,04:39:46,4.8,18.466555277506508,7.8
2013-09-10,04:44:46,5.2,17.33320871988932,5.933333333333334
2013-09-10,04:49:47,4.533333333333333,18.133252461751297,5.133333333333334
2013-09-10,04:54:47,5.333333333333334,17.533200581868485,4.2
2013-09-10,04:59:47,4.4,17.866554260253906,4.666666666666667
2013-09-10,05:04:47,17.933333333333334,21.733245849609375,100.0
2013-09-10,05:09:47,5.666666666666666,22.333234151204422,4.666666666666667
2013-09-10,05:14:47,4.6,17.933247884114586,4.866666666666666
2013-09-10,05:19:47,5.4,20.866533915201824,4.933333333333334
2013-09-10,05:24:47,4.8,17.399864196777344,4.933333333333334
2013-09-10,05:29:47,4.6,19.399871826171875,4.0
2013-09-10,05:34:47,5.2,18.999900817871094,4.266666666666667
2013-09-10,05:39:47,4.2,14.799957275390623,4.6
2013-09-10,05:44:47,5.333333333333334,20.999908447265625,3.733333333333333
2013-09-10,05:49:47,4.333333333333333,18.19988250732422,4.533333333333333
2013-09-10,05:54:47,5.0,16.999893188476562,4.066666666666666
2013-09-10,05:59:47,4.733333333333333,18.399887084960938,4.466666666666667
2013-09-10,06:04:47,7.066666666666666,18.599891662597656,11.466666666666667
2013-09-10,06:09:47,5.133333333333334,20.39989471435547,4.466666666666667
2013-09-10,06:14:47,4.466666666666667,16.99993133544922,4.133333333333334
2013-09-10,06:19:47,5.6,21.199913024902344,4.8
2013-09-10,06:24:47,4.2,19.199867248535156,4.066666666666666
2013-09-10,06:29:47,5.0,18.599904378255207,3.8666666666666663
2013-09-10,06:34:47,4.466666666666667,17.999954223632812,4.266666666666667
2013-09-10,06:39:47,4.666666666666667,16.266581217447914,4.4
2013-09-10,06:44:47,5.0,17.266565958658855,4.533333333333333
2013-09-10,06:49:47,4.333333333333333,16.999893188476562,4.6
2013-09-10,06:54:47,5.4,17.666587829589844,3.8
2013-09-10,06:59:47,4.066666666666666,17.733230590820312,3.733333333333333
2013-09-10,07:04:47,7.2666666666666675,18.799870808919266,10.666666666666666
2013-09-10,07:09:47,4.466666666666667,18.799883524576824,3.6666666666666665
2013-09-10,07:14:47,4.733333333333333,17.999928792317704,3.6
2013-09-10,07:19:47,4.8,20.39989471435547,3.733333333333333
2013-09-10,07:24:48,4.2,18.066507975260418,3.466666666666667
2013-09-10,07:29:48,5.2,16.0666020711263,3.533333333333333
2013-09-10,07:34:48,4.266666666666667,20.39990743001302,3.6666666666666665
2013-09-10,07:39:48,5.0,19.733212788899742,4.0
2013-09-10,07:44:48,4.666666666666667,18.066507975260418,3.8
2013-09-10,07:49:48,4.733333333333333,17.399927775065105,4.133333333333334
2013-09-10,07:54:48,5.0,17.999928792317704,3.333333333333333
2013-09-10,07:59:48,4.2,16.86662038167318,3.533333333333333
2013-09-10,08:04:48,7.533333333333334,17.93320973714193,11.066666666666665
2013-09-10,08:09:48,4.4,17.26648966471354,3.333333333333333
2013-09-10,08:14:48,5.133333333333334,16.399917602539062,3.2666666666666666
2013-09-10,08:19:48,4.666666666666667,21.799850463867188,3.933333333333333
2013-09-10,08:24:48,4.666666666666667,18.333218892415367,3.6666666666666665
2013-09-10,08:29:48,4.8,20.533231099446613,3.4
2013-09-10,08:34:48,4.266666666666667,18.86652628580729,3.8
2013-09-10,08:39:48,5.333333333333334,20.666567484537758,3.6
2013-09-10,08:44:48,4.133333333333333,16.73323313395182,3.2666666666666666
2013-09-10,08:49:48,5.0,15.266596476236977,3.6666666666666665
2013-09-10,08:54:48,4.466666666666667,13.199920654296877,3.066666666666667
2013-09-10,08:59:48,4.533333333333333,19.466565450032554,3.6
2013-09-10,09:04:48,7.2,18.866564432779946,10.666666666666666
2013-09-10,09:09:48,4.133333333333333,18.79985809326172,3.733333333333333
2013-09-10,09:14:48,5.866666666666666,19.79991912841797,3.4
2013-09-10,09:19:48,4.266666666666667,19.99988555908203,3.8666666666666663
2013-09-10,09:24:48,5.066666666666666,18.79985809326172,3.733333333333333
2013-09-10,09:29:48,4.6,17.599868774414062,3.533333333333333
2013-09-10,09:34:49,4.466666666666667,18.199844360351562,3.533333333333333
2013-09-10,09:39:49,4.933333333333334,19.999847412109375,3.466666666666667
2013-09-10,09:44:49,4.2,19.799880981445312,3.733333333333333
2013-09-10,09:49:49,5.533333333333334,21.59992218017578,3.8
2013-09-10,09:54:49,4.333333333333333,17.19989776611328,3.2666666666666666
2013-09-10,09:59:49,5.066666666666666,18.599891662597656,4.0
2013-09-10,10:04:49,7.0,20.799903869628906,11.266666666666667
2013-09-10,10:09:49,4.666666666666667,19.599876403808594,3.733333333333333
2013-09-10,10:14:49,5.266666666666667,17.9998779296875,4.4
2013-09-10,10:19:49,4.2,20.799903869628906,3.8666666666666663
2013-09-10,10:24:49,5.533333333333334,17.19987233479818,3.8666666666666663
2013-09-10,10:29:49,4.2,18.86652628580729,3.733333333333333
2013-09-10,10:34:49,5.0,19.199867248535156,3.8666666666666663
2013-09-10,10:39:49,4.533333333333333,17.133267720540367,3.533333333333333
2013-09-10,10:44:49,4.666666666666667,18.999900817871094,3.8666666666666663
2013-09-10,10:49:48,4.8,17.933197021484375,4.266666666666667
2013-09-10,10:54:48,4.2,17.79987335205078,4.8
2013-09-10,10:59:48,5.6,18.66657257080078,5.333333333333333
2013-09-10,11:04:49,6.7333333333333325,20.733235677083336,11.533333333333333
2013-09-10,11:09:49,5.0,19.333203633626304,4.066666666666666
2013-09-10,11:14:49,4.933333333333334,18.599891662597656,4.533333333333333
2013-09-10,11:19:49,4.666666666666667,21.7999267578125,3.6666666666666665
2013-09-10,11:24:49,5.0,19.399871826171875,3.8666666666666663
2013-09-10,11:29:49,4.266666666666667,19.53320821126302,4.933333333333334
2013-09-10,11:34:49,5.666666666666666,17.666498819986977,4.0
2013-09-10,11:39:49,4.533333333333333,15.599886576334631,3.933333333333333
2013-09-10,11:44:49,5.333333333333334,18.999926249186196,3.933333333333333
2013-09-10,11:49:49,5.133333333333334,18.399912516276043,4.666666666666667
2013-09-10,11:54:49,5.0,19.733212788899742,3.333333333333333
2013-09-10,11:59:49,5.4,17.13324228922526,4.133333333333334
2013-09-10,12:04:49,7.0,17.666600545247398,10.733333333333333
2013-09-10,12:09:49,5.7333333333333325,15.466562906901038,4.066666666666666
2013-09-10,12:14:49,4.733333333333333,19.666544596354164,3.4
2013-09-10,12:19:49,5.333333333333334,18.133227030436196,3.8
2013-09-10,12:24:49,5.0,16.599909464518227,3.333333333333333
2013-09-10,12:29:49,4.933333333333334,17.5332514444987,4.0
2013-09-10,12:34:49,5.4,15.933278401692707,3.6666666666666665
2013-09-10,12:39:49,4.6,18.133201599121094,4.066666666666666
2013-09-10,12:44:49,5.8,18.66652170817057,4.4
2013-09-10,12:49:49,4.6,20.133221944173176,4.266666666666667
2013-09-10,12:54:49,5.266666666666667,18.333206176757812,3.466666666666667
2013-09-10,12:59:49,5.0,19.599876403808594,3.8
2013-09-10,13:04:49,7.2,21.199913024902344,11.6
2013-09-10,13:09:49,5.4,20.466562906901043,3.6
2013-09-10,13:14:49,4.666666666666667,17.333285013834633,3.333333333333333
2013-09-10,13:19:49,5.7333333333333325,20.26655832926432,4.066666666666666
2013-09-10,13:24:49,4.6,21.99993133544922,4.2
2013-09-10,13:29:50,5.4,18.39984893798828,3.8
2013-09-10,13:34:50,4.933333333333334,20.799903869628906,3.933333333333333
2013-09-10,13:39:50,4.933333333333334,20.19989013671875,3.4
2013-09-10,13:44:50,5.333333333333334,19.199867248535156,4.4
2013-09-10,13:49:50,6.4,27.799911499023438,3.6
2013-09-10,13:54:50,5.466666666666666,33.199920654296875,3.933333333333333
2013-09-10,13:59:50,4.933333333333334,20.599899291992188,3.933333333333333
2013-09-10,14:04:50,7.8,18.39984893798828,11.266666666666667
2013-09-10,14:09:50,4.933333333333334,20.399856567382812,3.8666666666666663
2013-09-10,14:14:50,5.2,19.199867248535156,3.6
2013-09-10,14:19:50,5.333333333333334,19.399871826171875,3.8666666666666663
2013-09-10,14:24:50,4.666666666666667,16.99993133544922,3.933333333333333
2013-09-10,14:29:50,5.4,17.399864196777344,3.8666666666666663
2013-09-10,14:34:50,5.066666666666666,17.266578674316406,4.0
2013-09-10,14:39:50,5.333333333333334,20.333226521809898,3.533333333333333
2013-09-10,14:44:50,4.866666666666667,17.333221435546875,3.533333333333333
2013-09-10,14:49:50,5.066666666666666,18.19988250732422,3.933333333333333
2013-09-10,14:54:50,5.4,16.599909464518227,3.1333333333333333
2013-09-10,14:59:50,4.6,15.599924723307293,3.733333333333333
2013-09-10,15:04:50,7.7333333333333325,20.39990743001302,10.8
2013-09-10,15:09:50,5.0,19.199867248535156,3.933333333333333
2013-09-10,15:14:50,5.533333333333334,20.799903869628906,3.933333333333333
2013-09-10,15:19:50,5.066666666666666,20.133221944173176,4.4
2013-09-10,15:24:50,4.8,18.466517130533855,4.533333333333333
2013-09-10,15:29:50,5.4,19.666544596354164,3.333333333333333
2013-09-10,15:34:50,4.6,19.799906412760418,3.533333333333333
2013-09-10,15:39:50,5.266666666666667,16.59992218017578,3.933333333333333
2013-09-10,15:44:50,4.866666666666667,19.26654815673828,3.533333333333333
2013-09-10,15:49:50,5.133333333333334,17.19989776611328,3.8666666666666663
2013-09-10,15:54:50,5.266666666666667,19.266573588053383,4.066666666666666
2013-09-10,15:59:50,4.666666666666667,17.533238728841148,4.266666666666667
2013-09-10,16:04:50,8.0,18.53321075439453,11.733333333333333
2013-09-10,16:09:50,4.6,19.399871826171875,3.733333333333333
2013-09-10,16:14:50,5.6,20.533231099446613,3.466666666666667
2013-09-10,16:19:50,4.866666666666667,18.86652628580729,3.733333333333333
2013-09-10,16:24:50,4.933333333333334,18.26655069986979,3.8666666666666663
2013-09-10,16:29:51,5.2,20.066566467285156,3.4
2013-09-10,16:34:51,4.466666666666667,15.599937438964846,3.6666666666666665
2013-09-10,16:39:51,5.7333333333333325,18.26657613118489,3.4
2013-09-10,16:44:51,4.533333333333333,15.73326110839844,3.6666666666666665
2013-09-10,16:49:51,5.4,20.73319753011068,4.066666666666666
2013-09-10,16:54:51,4.933333333333334,17.733167012532554,4.4
2013-09-10,16:59:51,4.933333333333334,19.599876403808594,3.733333333333333
2013-09-10,17:04:51,7.6,21.93326314290364,11.666666666666664
2013-09-10,17:09:51,4.533333333333333,17.13319142659505,3.8
2013-09-10,17:14:51,5.933333333333334,19.933217366536454,3.933333333333333
2013-09-10,17:19:51,4.6,23.933270772298172,4.066666666666666
2013-09-10,17:24:51,5.4,20.599899291992188,3.733333333333333
2013-09-10,17:29:51,4.866666666666667,18.733202616373696,3.6666666666666665
2013-09-10,17:34:51,5.066666666666666,18.866551717122395,4.133333333333334
2013-09-10,17:39:51,5.4,17.066574096679688,3.733333333333333
2013-09-10,17:44:51,4.533333333333333,17.599868774414062,4.133333333333334
2013-09-10,17:49:51,5.666666666666666,18.199920654296875,3.8666666666666663
2013-09-10,17:54:51,4.533333333333333,16.59992218017578,4.533333333333333
2013-09-10,17:59:51,5.4,15.599899291992186,3.533333333333333
2013-09-10,18:04:51,7.466666666666666,18.199844360351562,11.466666666666667
2013-09-10,18:09:51,5.066666666666666,17.666549682617188,3.6666666666666665
2013-09-10,18:14:51,5.6,16.999893188476562,3.733333333333333
2013-09-10,18:19:51,4.533333333333333,19.599876403808594,3.733333333333333
2013-09-10,18:24:51,5.7333333333333325,19.799880981445312,3.6666666666666665
2013-09-10,18:29:51,4.466666666666667,16.066614786783852,4.133333333333334
2013-09-10,18:34:51,5.333333333333334,18.79985809326172,4.2
2013-09-10,18:39:51,5.0,16.399879455566406,3.6666666666666665
2013-09-10,18:44:51,5.0,18.79985809326172,3.533333333333333
2013-09-10,18:49:51,5.4,18.19988250732422,3.733333333333333
2013-09-10,18:54:51,4.466666666666667,18.79993438720703,3.333333333333333
2013-09-10,18:59:51,5.7333333333333325,18.599853515625,3.6666666666666665
2013-09-10,19:04:51,6.866666666666666,18.599891662597656,11.0
2013-09-10,19:09:51,5.266666666666667,20.99987030029297,4.0
2013-09-10,19:14:51,5.066666666666666,17.666536966959637,3.2666666666666666
2013-09-10,19:19:51,4.8,16.399917602539062,3.8666666666666663
2013-09-10,19:24:51,5.333333333333334,19.733200073242188,3.8666666666666663
2013-09-10,19:29:51,4.533333333333333,20.1998774210612,3.466666666666667
2013-09-10,19:34:52,5.7333333333333325,18.999900817871094,3.933333333333333
2013-09-10,19:39:52,4.4,17.73326873779297,3.4
2013-09-10,19:44:52,5.4,17.199935913085938,3.733333333333333
2013-09-10,19:49:51,4.933333333333334,17.466506958007812,3.733333333333333
2013-09-10,19:54:51,4.866666666666667,17.666536966959637,3.333333333333333
2013-09-10,19:59:51,5.266666666666667,21.13324483235677,3.466666666666667
2013-09-10,20:04:51,6.866666666666666,18.93319447835286,10.666666666666666
2013-09-10,20:09:51,5.6,17.99994150797526,3.6666666666666665
2013-09-10,20:14:51,4.733333333333333,16.466598510742188,3.733333333333333
2013-09-10,20:19:51,5.333333333333334,18.79992167154948,4.066666666666666
2013-09-10,20:24:51,4.866666666666667,16.39989217122396,3.466666666666667
2013-09-10,20:29:51,5.0,18.066546122233074,3.0
2013-09-10,20:34:52,5.4,18.266512552897133,3.733333333333333
2013-09-10,20:39:52,4.533333333333333,18.99988810221354,3.466666666666667
2013-09-10,20:44:52,5.466666666666666,19.66655731201172,3.466666666666667
2013-09-10,20:49:52,4.866666666666667,18.866551717122395,3.8666666666666663
2013-09-10,20:54:52,5.0,16.999905904134113,3.4
2013-09-10,20:59:52,5.266666666666667,17.133255004882812,3.8666666666666663
2013-09-10,21:04:52,7.2666666666666675,17.533238728841148,11.266666666666667
2013-09-10,21:09:52,5.4,17.26654052734375,3.333333333333333
2013-09-10,21:14:52,4.733333333333333,16.999918619791668,3.4
2013-09-10,21:19:52,5.4,17.399864196777344,3.6666666666666665
2013-09-10,21:24:52,5.0,17.79987335205078,3.4
2013-09-10,21:29:52,5.0,16.533241271972656,3.1333333333333333
2013-09-10,21:34:52,5.4,17.999916076660156,3.533333333333333
2013-09-10,21:39:52,4.866666666666667,14.599927266438806,3.466666666666667
2013-09-10,21:44:52,5.266666666666667,18.06657155354818,3.6666666666666665
2013-09-10,21:49:52,4.6,17.733217875162758,3.6
2013-09-10,21:54:52,5.333333333333334,17.533226013183594,3.4
2013-09-10,21:59:52,4.933333333333334,18.999900817871094,3.733333333333333
2013-09-10,22:04:52,7.6,20.666567484537758,11.266666666666667
2013-09-10,22:09:52,5.4,20.599899291992188,3.8
2013-09-10,22:14:52,5.2,17.9998779296875,3.466666666666667
2013-09-10,22:19:52,5.4,20.999908447265625,3.533333333333333
2013-09-10,22:24:52,4.466666666666667,20.19989013671875,3.6666666666666665
2013-09-10,22:29:52,5.333333333333334,17.9998779296875,3.2666666666666666
2013-09-10,22:34:52,5.0,17.999916076660156,4.333333333333333
2013-09-10,22:39:52,4.933333333333334,18.399887084960938,3.8666666666666663
2013-09-10,22:44:53,5.266666666666667,16.466585795084633,3.733333333333333
2013-09-10,22:49:53,4.866666666666667,16.999855041503906,3.8666666666666663
2013-09-10,22:54:53,5.533333333333334,17.799911499023438,3.466666666666667
2013-09-10,22:59:53,4.533333333333333,18.399887084960938,3.4
2013-09-10,23:04:53,7.866666666666666,14.66658274332682,10.933333333333335
2013-09-10,23:09:53,5.0,18.39984893798828,3.4
2013-09-10,23:14:53,5.0,18.99987538655599,3.6666666666666665
2013-09-10,23:19:53,5.4,23.79993438720703,3.533333333333333
2013-09-10,23:24:53,4.466666666666667,16.399917602539062,3.6
2013-09-10,23:29:53,5.7333333333333325,16.399917602539062,3.1333333333333333
2013-09-10,23:34:53,4.6,17.599945068359375,3.733333333333333
2013-09-10,23:39:53,5.266666666666667,16.59984588623047,3.533333333333333
2013-09-10,23:44:53,4.866666666666667,15.266571044921875,3.533333333333333
2013-09-10,23:49:53,4.933333333333334,18.399925231933594,3.533333333333333
2013-09-10,23:54:53,5.4,17.733243306477863,4.066666666666666
2013-09-10,23:59:53,4.533333333333333,17.933247884114586,3.933333333333333
2013-09-11,00:04:53,8.066666666666666,20.999908447265625,11.0
2013-09-11,00:09:53,4.533333333333333,21.266543070475258,3.6666666666666665
2013-09-11,00:14:53,5.533333333333334,17.26648966471354,3.6
2013-09-11,00:19:53,5.0,18.799896240234375,3.8
2013-09-11,00:24:53,4.933333333333334,16.466585795084633,3.733333333333333
2013-09-11,00:29:53,5.333333333333334,16.666615804036457,3.8666666666666663
2013-09-11,00:34:53,4.6,17.866554260253906,3.733333333333333
2013-09-11,00:39:53,5.7333333333333325,18.599891662597656,3.2
2013-09-11,00:44:53,4.6,19.533170064290363,3.6
2013-09-11,00:49:53,5.4,18.466517130533855,3.733333333333333
2013-09-11,00:54:53,4.933333333333334,19.466578165690102,3.733333333333333
2013-09-11,00:59:53,4.933333333333334,19.46654001871745,3.8
2013-09-11,01:04:53,7.7333333333333325,17.33325958251953,11.133333333333333
2013-09-11,01:09:53,5.066666666666666,18.799947102864586,3.333333333333333
2013-09-11,01:14:53,6.0,24.533208211263023,3.6
2013-09-11,01:19:53,4.6,21.466585795084637,3.6666666666666665
2013-09-11,01:24:53,5.4,16.666577657063804,3.466666666666667
2013-09-11,01:29:53,4.933333333333334,17.39988962809245,3.6
2013-09-11,01:34:53,6.066666666666666,21.13324483235677,10.466666666666667
2013-09-11,01:39:54,6.333333333333334,17.733167012532554,14.4
2013-09-11,01:44:54,4.933333333333334,19.799880981445312,7.2666666666666675
2013-09-11,01:49:54,5.866666666666666,16.73322041829427,3.8
2013-09-11,01:54:54,4.666666666666667,17.39983876546224,4.333333333333333
2013-09-11,01:59:54,5.4,17.26654052734375,3.733333333333333
2013-09-11,02:04:54,7.466666666666666,20.199851989746094,12.266666666666667
2013-09-11,02:09:54,5.0,18.79985809326172,3.6
2013-09-11,02:14:54,5.466666666666666,19.066594441731773,3.6666666666666665
2013-09-11,02:19:54,4.6,21.199887593587235,3.466666666666667
2013-09-11,02:24:54,5.7333333333333325,15.5999501546224,3.466666666666667
2013-09-11,02:29:54,4.466666666666667,16.666603088378906,3.2666666666666666
2013-09-11,02:34:54,5.4,21.59992218017578,3.733333333333333
2013-09-11,02:39:54,5.0,18.86652628580729,3.6
2013-09-11,02:44:54,4.933333333333334,15.73328653971354,3.733333333333333
2013-09-11,02:49:54,5.266666666666667,16.866556803385414,3.466666666666667
2013-09-11,02:54:54,4.6,19.466590881347656,3.733333333333333
2013-09-11,02:59:54,5.666666666666666,19.13323720296224,3.933333333333333
2013-09-11,03:04:54,7.066666666666666,19.19989267985026,11.533333333333333
2013-09-11,03:09:54,5.066666666666666,16.73323313395182,4.733333333333333
2013-09-11,03:14:54,5.666666666666666,19.19989267985026,5.066666666666666
2013-09-11,03:19:54,4.933333333333334,19.99988555908203,3.8
2013-09-11,03:24:54,5.4,20.39989471435547,4.333333333333333
2013-09-11,03:29:54,4.6,17.799911499023438,5.0
2013-09-11,03:34:54,5.4,15.999946594238281,5.7333333333333325
2013-09-11,03:39:54,5.066666666666666,18.199844360351562,5.666666666666668
2013-09-11,03:44:54,5.2,18.066533406575523,6.133333333333334
2013-09-11,03:49:54,5.6,18.799896240234375,5.533333333333332
2013-09-11,03:54:54,5.0,17.199935913085938,4.8
2013-09-11,03:59:54,5.466666666666666,16.599960327148438,4.733333333333333
2013-09-11,04:04:54,7.0,16.599884033203125,11.8
2013-09-11,04:09:54,5.4,17.79987335205078,4.933333333333334
2013-09-11,04:14:54,5.2,15.999946594238281,4.733333333333333
2013-09-11,04:19:54,5.066666666666666,18.79985809326172,4.866666666666666
2013-09-11,04:24:54,6.6,21.533228556315102,6.0
2013-09-11,04:29:54,5.666666666666666,38.599891662597656,5.666666666666668
2013-09-11,04:34:54,5.6,24.999961853027344,5.533333333333332
2013-09-11,04:39:55,4.866666666666667,21.59992218017578,5.066666666666666
2013-09-11,04:44:55,5.4,20.999908447265625,5.2
2013-09-11,04:49:55,5.533333333333334,18.26653798421224,7.2
2013-09-11,04:54:54,5.133333333333334,16.26659393310547,6.0
2013-09-11,04:59:54,5.533333333333334,17.266565958658855,4.866666666666666
2013-09-11,05:04:54,17.0,23.133265177408852,100.0
2013-09-11,05:09:54,5.933333333333334,19.333203633626304,5.466666666666668
2013-09-11,05:14:54,4.8,16.666577657063804,4.2
2013-09-11,05:19:54,5.6,18.399937947591148,4.466666666666667
2013-09-11,05:24:54,5.0,19.866549173990883,6.133333333333334
2013-09-11,05:29:54,4.933333333333334,16.933186848958336,3.733333333333333
2013-09-11,05:34:54,5.266666666666667,17.26654052734375,4.6
2013-09-11,05:39:54,4.533333333333333,19.933217366536454,3.4
2013-09-11,05:44:54,5.8,17.666575113932293,3.933333333333333
2013-09-11,05:49:54,4.533333333333333,18.599891662597656,3.6
2013-09-11,05:54:54,5.4,17.333196004231773,3.6
2013-09-11,05:59:54,5.066666666666666,19.66660817464193,3.8666666666666663
2013-09-11,06:04:54,7.2666666666666675,19.666544596354164,11.266666666666667
2013-09-11,06:09:54,5.2,17.533200581868485,3.6666666666666665
2013-09-11,06:14:54,4.8,19.399897257486977,3.733333333333333
2013-09-11,06:19:54,5.8,21.333249409993492,3.8
2013-09-11,06:24:54,4.6,16.73322041829427,3.8
2013-09-11,06:29:54,5.4,20.733235677083336,3.533333333333333
2013-09-11,06:34:54,4.933333333333334,20.133221944173176,4.066666666666666
2013-09-11,06:39:54,4.933333333333334,17.133229573567707,3.533333333333333
2013-09-11,06:44:54,5.333333333333334,18.53322347005208,3.333333333333333
2013-09-11,06:49:54,4.6,17.866541544596352,4.4
2013-09-11,06:54:55,5.7333333333333325,16.199925740559895,3.8
2013-09-11,06:59:55,4.6,16.599896748860676,4.2
2013-09-11,07:04:55,7.8,18.399887084960938,11.666666666666664
2013-09-11,07:09:55,4.933333333333334,16.7999267578125,3.6
2013-09-11,07:14:55,5.133333333333334,18.399887084960938,3.466666666666667
2013-09-11,07:19:55,5.4,19.266535441080727,3.8666666666666663
2013-09-11,07:24:55,4.4,17.799886067708336,3.466666666666667
2013-09-11,07:29:55,5.7333333333333325,17.39987691243489,2.933333333333333
2013-09-11,07:34:55,4.533333333333333,18.79985809326172,3.333333333333333
2013-09-11,07:39:55,5.4,19.199867248535156,3.533333333333333
2013-09-11,07:44:55,5.0,17.59990692138672,3.933333333333333
2013-09-11,07:49:55,5.0,20.733261108398438,3.6
2013-09-11,07:54:55,5.333333333333334,18.599891662597656,3.4
2013-09-11,07:59:55,4.466666666666667,17.39990234375,3.4
2013-09-11,08:04:55,8.066666666666666,17.333234151204426,10.6
2013-09-11,08:09:55,4.4,17.39990234375,3.4
2013-09-11,08:14:55,5.466666666666666,15.933265686035156,3.466666666666667
2013-09-11,08:19:55,5.0,17.79987335205078,3.6
2013-09-11,08:24:55,5.0,17.79987335205078,3.8
2013-09-11,08:29:55,5.4,19.799880981445312,3.466666666666667
2013-09-11,08:34:55,4.6,19.79991912841797,3.6666666666666665
2013-09-11,08:39:55,5.8,17.46657053629557,4.266666666666667
2013-09-11,08:44:55,4.533333333333333,18.199844360351562,4.2
2013-09-11,08:49:55,5.4,17.599868774414062,3.733333333333333
2013-09-11,08:54:55,4.866666666666667,19.999910990397133,3.6666666666666665
2013-09-11,08:59:55,4.866666666666667,16.93328857421875,3.4
2013-09-11,09:04:55,7.6,17.599868774414062,10.933333333333335
2013-09-11,09:09:55,4.666666666666667,20.066553751627605,3.533333333333333
2013-09-11,09:14:55,5.8,18.733189900716148,3.733333333333333
2013-09-11,09:19:56,4.6,18.199920654296875,3.8666666666666663
2013-09-11,09:24:56,5.333333333333334,18.333218892415367,3.8666666666666663
2013-09-11,09:29:56,5.0,17.46657053629557,3.4
2013-09-11,09:34:56,4.866666666666667,19.133199055989582,3.8666666666666663
2013-09-11,09:39:56,5.4,18.266512552897133,3.4
2013-09-11,09:44:56,4.6,18.93319447835286,3.333333333333333
2013-09-11,09:49:56,5.666666666666666,17.9998779296875,3.533333333333333
2013-09-11,09:54:56,4.6,18.79985809326172,3.2666666666666666
2013-09-11,09:59:56,5.2,19.266535441080727,3.4
2013-09-11,10:04:56,7.533333333333334,17.9998779296875,11.0
2013-09-11,10:09:56,4.866666666666667,20.26655832926432,3.466666666666667
2013-09-11,10:14:56,5.7333333333333325,18.066533406575523,3.8
2013-09-11,10:19:56,4.6,20.733235677083336,4.266666666666667
2013-09-11,10:24:56,5.4,19.733212788899742,4.2
2013-09-11,10:29:56,4.8,16.99993133544922,4.4
2013-09-11,10:34:56,5.133333333333334,17.86660512288411,4.133333333333334
2013-09-11,10:39:56,5.133333333333334,16.866607666015625,3.466666666666667
2013-09-11,10:44:56,4.733333333333333,19.799880981445312,4.266666666666667
2013-09-11,10:49:56,5.6,18.066584269205727,3.6
2013-09-11,10:54:56,5.0,18.93319447835286,6.4
2013-09-11,10:59:56,5.866666666666666,19.599876403808594,6.4
2013-09-11,11:04:56,7.4,16.333211263020832,13.666666666666664
2013-09-11,11:09:56,5.0,17.733256022135414,3.4
2013-09-11,11:14:56,5.6,16.86658223470052,3.533333333333333
2013-09-11,11:19:56,4.6,19.733212788899742,3.6
2013-09-11,11:24:56,5.7333333333333325,18.66652170817057,3.533333333333333
2013-09-11,11:29:56,4.466666666666667,17.39987691243489,3.2
2013-09-11,11:34:56,5.266666666666667,20.666567484537758,4.266666666666667
2013-09-11,11:39:56,5.066666666666666,19.266535441080727,4.333333333333333
2013-09-11,11:44:56,4.866666666666667,18.533198038736977,3.466666666666667
2013-09-11,11:49:56,5.4,19.333229064941406,4.933333333333334
2013-09-11,11:54:56,4.533333333333333,20.733235677083336,5.333333333333333
2013-09-11,11:59:57,5.8,18.333231608072914,3.4
2013-09-11,12:04:57,6.866666666666666,16.26659393310547,11.866666666666667
2013-09-11,12:09:57,5.333333333333334,17.39990234375,4.2
2013-09-11,12:14:57,5.2,18.999862670898438,4.0
2013-09-11,12:19:57,5.0,19.999923706054688,3.8
2013-09-11,12:24:57,5.4,17.399864196777344,4.333333333333333
2013-09-11,12:29:57,4.666666666666667,17.999916076660156,4.866666666666666
2013-09-11,12:34:57,5.866666666666666,20.39989471435547,5.7333333333333325
2013-09-11,12:39:57,4.8,20.399932861328125,6.066666666666666
2013-09-11,12:44:57,5.466666666666666,22.59990692138672,5.933333333333334
2013-09-11,12:49:57,5.066666666666666,15.799903869628906,4.4
2013-09-11,12:54:57,4.933333333333334,13.73326619466146,3.6666666666666665
2013-09-11,12:59:57,5.4,16.533215840657554,4.4
2013-09-11,13:04:57,7.0,18.999862670898438,10.866666666666667
2013-09-11,13:09:57,5.7333333333333325,16.199951171875,3.4
2013-09-11,13:14:57,4.666666666666667,18.999862670898438,3.533333333333333
2013-09-11,13:19:57,5.333333333333334,18.39984893798828,3.933333333333333
2013-09-11,13:24:57,4.866666666666667,16.199951171875,3.533333333333333
2013-09-11,13:29:57,4.8,18.399925231933594,3.6
2013-09-11,13:34:57,5.333333333333334,18.399925231933594,3.8666666666666663
2013-09-11,13:39:57,5.2,16.999893188476562,27.13333333333333
2013-09-11,13:44:57,6.666666666666666,15.666580200195312,33.4
2013-09-11,13:49:57,5.466666666666666,16.399943033854164,34.333333333333336
2013-09-11,13:54:57,6.066666666666666,19.13324991861979,35.46666666666667
2013-09-11,13:59:57,5.333333333333334,19.99988555908203,19.133333333333333
2013-09-11,14:04:57,7.333333333333334,19.266535441080727,11.266666666666667
2013-09-11,14:09:57,5.2,17.266565958658855,3.6
2013-09-11,14:14:57,4.666666666666667,16.999855041503906,4.266666666666667
2013-09-11,14:19:57,5.8,19.733212788899742,3.8666666666666663
2013-09-11,14:24:57,4.533333333333333,16.19990030924479,3.933333333333333
2013-09-11,14:29:57,5.333333333333334,18.399899800618485,3.466666666666667
2013-09-11,14:34:57,4.866666666666667,19.666570027669266,4.933333333333334
2013-09-11,14:39:57,5.0,17.266578674316406,5.2
2013-09-11,14:44:57,5.4,17.666600545247398,3.8666666666666663
2013-09-11,14:49:57,4.533333333333333,14.79993184407552,3.333333333333333
2013-09-11,14:54:57,5.7333333333333325,16.599884033203125,3.8
2013-09-11,14:59:57,4.6,17.799911499023438,3.4
2013-09-11,15:04:57,7.7333333333333325,18.599853515625,11.066666666666665
2013-09-11,15:09:57,5.0,18.46654256184896,3.733333333333333
2013-09-11,15:14:57,5.2,17.06658681233724,4.2
2013-09-11,15:19:57,5.6,18.13317616780599,4.333333333333333
2013-09-11,15:24:57,4.666666666666667,16.266581217447914,4.333333333333333
2013-09-11,15:29:58,5.8,17.93322245279948,3.333333333333333
2013-09-11,15:34:58,4.666666666666667,19.266560872395832,3.8
2013-09-11,15:39:58,5.466666666666666,19.199905395507812,4.266666666666667
2013-09-11,15:44:58,5.0,20.19989013671875,4.266666666666667
2013-09-11,15:49:58,4.933333333333334,16.666552225748696,3.733333333333333
2013-09-11,15:54:58,5.266666666666667,17.199935913085938,3.6666666666666665
2013-09-11,15:59:58,4.533333333333333,18.86652628580729,4.4
2013-09-11,16:04:58,8.066666666666666,17.733205159505207,11.4
2013-09-11,16:09:58,4.533333333333333,18.79985809326172,3.8
2013-09-11,16:14:58,5.533333333333334,18.466555277506508,3.733333333333333
2013-09-11,16:19:58,4.933333333333334,19.866549173990883,3.466666666666667
2013-09-11,16:24:58,4.866666666666667,18.399861653645832,3.533333333333333
2013-09-11,16:29:58,5.4,17.533238728841148,3.6666666666666665
2013-09-11,16:34:58,4.6,17.733230590820312,4.0
2013-09-11,16:39:58,5.7333333333333325,18.19988250732422,3.333333333333333
